Copyright 1986-2022 Xilinx, Inc. All Rights Reserved. Copyright 2022-2025 Advanced Micro Devices, Inc. All Rights Reserved.
------------------------------------------------------------------------------------------------------------------------------------------------------------------------------------------
| Tool Version : Vivado v.2025.2 (win64) Build 6299465 Fri Nov 14 19:35:11 GMT 2025
| Date         : Fri Jul 31 04:21:04 2026
| Host         : MM的ThinkBook16p running 64-bit major release  (build 9200)
| Command      : report_timing_summary -delay_type max -max_paths 20 -file D:/NSCSCC2026/WeBattle-Core/reports/WB-N10-DEV/implementation_n10i_postwake/timing_route_post_physopt_10ns.rpt
| Design       : core_top
| Device       : 7a200t-fbg676
| Speed File   : -2  PRODUCTION 1.23 2018-06-13
| Design State : Routed
------------------------------------------------------------------------------------------------------------------------------------------------------------------------------------------

Timing Summary Report

------------------------------------------------------------------------------------------------
| Timer Settings
| --------------
------------------------------------------------------------------------------------------------

  Enable Multi Corner Analysis               :  Yes
  Enable Pessimism Removal                   :  Yes
  Pessimism Removal Resolution               :  Nearest Common Node
  Enable Input Delay Default Clock           :  No
  Enable Preset / Clear Arcs                 :  No
  Disable Flight Delays                      :  No
  Ignore I/O Paths                           :  No
  Timing Early Launch at Borrowing Latches   :  No
  Borrow Time for Max Delay Exceptions       :  Yes
  Merge Timing Exceptions                    :  Yes
  Inter-SLR Compensation                     :  Conservative

  Corner  Analyze    Analyze    
  Name    Max Paths  Min Paths  
  ------  ---------  ---------  
  Slow    Yes        Yes        
  Fast    Yes        Yes        


------------------------------------------------------------------------------------------------
| Report Methodology
| ------------------
------------------------------------------------------------------------------------------------

No report available as report_methodology has not been run prior. Run report_methodology on the current design for the summary of methodology violations.



check_timing report

Table of Contents
-----------------
1. checking no_clock (0)
2. checking constant_clock (0)
3. checking pulse_width_clock (0)
4. checking unconstrained_internal_endpoints (0)
5. checking no_input_delay (47)
6. checking no_output_delay (234)
7. checking multiple_clock (0)
8. checking generated_clocks (0)
9. checking loops (0)
10. checking partial_input_delay (0)
11. checking partial_output_delay (0)
12. checking latch_loops (0)

1. checking no_clock (0)
------------------------
 There are 0 register/latch pins with no clock.


2. checking constant_clock (0)
------------------------------
 There are 0 register/latch pins with constant_clock.


3. checking pulse_width_clock (0)
---------------------------------
 There are 0 register/latch pins which need pulse_width check


4. checking unconstrained_internal_endpoints (0)
------------------------------------------------
 There are 0 pins that are not constrained for maximum delay.

 There are 0 pins that are not constrained for maximum delay due to constant clock.


5. checking no_input_delay (47)
-------------------------------
 There are 47 input ports with no input delay specified. (HIGH)

 There are 0 input ports with no input delay but user has a false path constraint.


6. checking no_output_delay (234)
---------------------------------
 There are 234 ports with no output delay specified. (HIGH)

 There are 0 ports with no output delay but user has a false path constraint

 There are 0 ports with no output delay but with a timing clock defined on it or propagating through it


7. checking multiple_clock (0)
------------------------------
 There are 0 register/latch pins with multiple clocks.


8. checking generated_clocks (0)
--------------------------------
 There are 0 generated clocks that are not connected to a clock source.


9. checking loops (0)
---------------------
 There are 0 combinational loops in the design.


10. checking partial_input_delay (0)
------------------------------------
 There are 0 input ports with partial input delay specified.


11. checking partial_output_delay (0)
-------------------------------------
 There are 0 ports with partial output delay specified.


12. checking latch_loops (0)
----------------------------
 There are 0 combinational latch loops in the design through latch input



------------------------------------------------------------------------------------------------
| Design Timing Summary
| ---------------------
------------------------------------------------------------------------------------------------

    WNS(ns)      TNS(ns)  TNS Failing Endpoints  TNS Total Endpoints     WPWS(ns)     TPWS(ns)  TPWS Failing Endpoints  TPWS Total Endpoints  
    -------      -------  ---------------------  -------------------     --------     --------  ----------------------  --------------------  
      0.036        0.000                      0                39550        4.146        0.000                       0                 20451  


All user specified timing constraints are met.


------------------------------------------------------------------------------------------------
| Clock Summary
| -------------
------------------------------------------------------------------------------------------------

Clock  Waveform(ns)       Period(ns)      Frequency(MHz)
-----  ------------       ----------      --------------
aclk   {0.000 5.000}      10.000          100.000         


------------------------------------------------------------------------------------------------
| Intra Clock Table
| -----------------
------------------------------------------------------------------------------------------------

Clock             WNS(ns)      TNS(ns)  TNS Failing Endpoints  TNS Total Endpoints     WPWS(ns)     TPWS(ns)  TPWS Failing Endpoints  TPWS Total Endpoints  
-----             -------      -------  ---------------------  -------------------     --------     --------  ----------------------  --------------------  
aclk                0.036        0.000                      0                39550        4.146        0.000                       0                 20451  


------------------------------------------------------------------------------------------------
| Inter Clock Table
| -----------------
------------------------------------------------------------------------------------------------

From Clock    To Clock          WNS(ns)      TNS(ns)  TNS Failing Endpoints  TNS Total Endpoints  
----------    --------          -------      -------  ---------------------  -------------------  


------------------------------------------------------------------------------------------------
| Other Path Groups Table
| -----------------------
------------------------------------------------------------------------------------------------

Path Group    From Clock    To Clock          WNS(ns)      TNS(ns)  TNS Failing Endpoints  TNS Total Endpoints  
----------    ----------    --------          -------      -------  ---------------------  -------------------  


------------------------------------------------------------------------------------------------
| Timing Details
| --------------
------------------------------------------------------------------------------------------------


---------------------------------------------------------------------------------------------------
From Clock:  aclk
  To Clock:  aclk

Setup :            0  Failing Endpoints,  Worst Slack        0.036ns,  Total Violation        0.000ns
Hold  :           NA  Failing Endpoints,  Worst Slack           NA  ,  Total Violation           NA
PW    :            0  Failing Endpoints,  Worst Slack        4.146ns,  Total Violation        0.000ns
---------------------------------------------------------------------------------------------------


Max Delay Paths
--------------------------------------------------------------------------------------
Slack (MET) :             0.036ns  (required time - arrival time)
  Source:                 u_wb/defaultClockArea_cpu/INT1_WB_arbitration_isValid_reg/C
                            (rising edge-triggered cell FDCE clocked by aclk  {rise@0.000ns fall@5.000ns period=10.000ns})
  Destination:            u_wb/defaultClockArea_cpu/INT0_EXE_to_INT0_WB_MISPREDICT_reg/D
                            (rising edge-triggered cell FDRE clocked by aclk  {rise@0.000ns fall@5.000ns period=10.000ns})
  Path Group:             aclk
  Path Type:              Setup (Max at Slow Process Corner)
  Requirement:            10.000ns  (aclk rise@10.000ns - aclk rise@0.000ns)
  Data Path Delay:        9.923ns  (logic 3.607ns (36.351%)  route 6.316ns (63.649%))
  Logic Levels:           19  (CARRY4=9 LUT2=1 LUT3=2 LUT4=2 LUT5=1 LUT6=4)
  Clock Path Skew:        -0.038ns (DCD - SCD + CPR)
    Destination Clock Delay (DCD):    4.250ns = ( 14.250 - 10.000 ) 
    Source Clock Delay      (SCD):    4.601ns
    Clock Pessimism Removal (CPR):    0.314ns
  Clock Uncertainty:      0.035ns  ((TSJ^2 + TIJ^2)^1/2 + DJ) / 2 + PE
    Total System Jitter     (TSJ):    0.071ns
    Total Input Jitter      (TIJ):    0.000ns
    Discrete Jitter          (DJ):    0.000ns
    Phase Error              (PE):    0.000ns

    Location             Delay type                Incr(ns)  Path(ns)    Netlist Resource(s)
  -------------------------------------------------------------------    -------------------
                         (clock aclk rise edge)       0.000     0.000 r  
    L22                                               0.000     0.000 r  aclk (IN)
                         net (fo=0)                   0.000     0.000    aclk
    L22                  IBUF (Prop_ibuf_I_O)         0.893     0.893 r  aclk_IBUF_inst/O
                         net (fo=1, routed)           1.827     2.720    aclk_IBUF
    BUFGCTRL_X0Y2        BUFG (Prop_bufg_I_O)         0.081     2.801 r  aclk_IBUF_BUFG_inst_replica_1/O
                         net (fo=6, routed)           0.118     2.919    aclk_IBUF_BUFG_repN_1
    BUFGCTRL_X0Y1        BUFG (Prop_bufg_I_O)         0.081     3.000 r  aclk_IBUF_BUFG_inst_replica/O
                         net (fo=4, routed)           0.118     3.118    aclk_IBUF_BUFG_repN
    BUFGCTRL_X0Y0        BUFG (Prop_bufg_I_O)         0.081     3.199 r  aclk_IBUF_BUFG_inst/O
                         net (fo=20443, routed)       1.403     4.601    u_wb/defaultClockArea_cpu/aclk_IBUF_BUFG
    SLICE_X103Y120       FDCE                                         r  u_wb/defaultClockArea_cpu/INT1_WB_arbitration_isValid_reg/C
  -------------------------------------------------------------------    -------------------
    SLICE_X103Y120       FDCE (Prop_fdce_C_Q)         0.348     4.949 r  u_wb/defaultClockArea_cpu/INT1_WB_arbitration_isValid_reg/Q
                         net (fo=24, routed)          1.350     6.299    u_wb/defaultClockArea_cpu/INT1_WB_arbitration_isValid
    SLICE_X114Y140       LUT6 (Prop_lut6_I5_O)        0.242     6.541 f  u_wb/defaultClockArea_cpu/INT0_EXE_to_INT0_WB_ACTUAL_TARGET[9]_i_17/O
                         net (fo=1, routed)           0.313     6.854    u_wb/defaultClockArea_cpu/INT0_EXE_to_INT0_WB_ACTUAL_TARGET[9]_i_17_n_0
    SLICE_X115Y140       LUT3 (Prop_lut3_I2_O)        0.105     6.959 r  u_wb/defaultClockArea_cpu/INT0_EXE_to_INT0_WB_ACTUAL_TARGET[9]_i_8/O
                         net (fo=33, routed)          0.601     7.560    u_wb/defaultClockArea_cpu/_zz_IntExecutePlugin_bypassRsp_0_payload_2_2[0]
    SLICE_X115Y140       LUT6 (Prop_lut6_I4_O)        0.105     7.665 r  u_wb/defaultClockArea_cpu/INT0_EXE_to_INT0_WB_ACTUAL_TARGET[9]_i_5/O
                         net (fo=64, routed)          0.877     8.543    u_wb/defaultClockArea_cpu/when_BypassNetworkPlugin_l36_4
    SLICE_X123Y134       LUT3 (Prop_lut3_I1_O)        0.105     8.648 r  u_wb/defaultClockArea_cpu/INT0_EXE_to_INT0_WB_ACTUAL_TARGET[1]_i_2/O
                         net (fo=9, routed)           0.628     9.276    u_wb/defaultClockArea_cpu/INT0_EXE_IntExecutePlugin_regData_0[1]
    SLICE_X116Y133       LUT4 (Prop_lut4_I1_O)        0.105     9.381 r  u_wb/defaultClockArea_cpu/INT0_EXE_to_INT0_WB_ACTUAL_TARGET[3]_i_11/O
                         net (fo=1, routed)           0.000     9.381    u_wb/defaultClockArea_cpu/INT0_EXE_to_INT0_WB_ACTUAL_TARGET[3]_i_11_n_0
    SLICE_X116Y133       CARRY4 (Prop_carry4_S[1]_CO[3])
                                                      0.444     9.825 r  u_wb/defaultClockArea_cpu/INT0_EXE_to_INT0_WB_ACTUAL_TARGET_reg[3]_i_2/CO[3]
                         net (fo=1, routed)           0.000     9.825    u_wb/defaultClockArea_cpu/INT0_EXE_to_INT0_WB_ACTUAL_TARGET_reg[3]_i_2_n_0
    SLICE_X116Y134       CARRY4 (Prop_carry4_CI_CO[3])
                                                      0.100     9.925 r  u_wb/defaultClockArea_cpu/INT0_EXE_to_INT0_WB_ACTUAL_TARGET_reg[7]_i_2/CO[3]
                         net (fo=1, routed)           0.000     9.925    u_wb/defaultClockArea_cpu/INT0_EXE_to_INT0_WB_ACTUAL_TARGET_reg[7]_i_2_n_0
    SLICE_X116Y135       CARRY4 (Prop_carry4_CI_CO[3])
                                                      0.100    10.025 r  u_wb/defaultClockArea_cpu/INT0_EXE_to_INT0_WB_ACTUAL_TARGET_reg[11]_i_2/CO[3]
                         net (fo=1, routed)           0.000    10.025    u_wb/defaultClockArea_cpu/INT0_EXE_to_INT0_WB_ACTUAL_TARGET_reg[11]_i_2_n_0
    SLICE_X116Y136       CARRY4 (Prop_carry4_CI_CO[3])
                                                      0.100    10.125 r  u_wb/defaultClockArea_cpu/INT0_EXE_to_INT0_WB_ACTUAL_TARGET_reg[15]_i_2/CO[3]
                         net (fo=1, routed)           0.000    10.125    u_wb/defaultClockArea_cpu/INT0_EXE_to_INT0_WB_ACTUAL_TARGET_reg[15]_i_2_n_0
    SLICE_X116Y137       CARRY4 (Prop_carry4_CI_CO[3])
                                                      0.100    10.225 r  u_wb/defaultClockArea_cpu/INT0_EXE_to_INT0_WB_ACTUAL_TARGET_reg[19]_i_2/CO[3]
                         net (fo=1, routed)           0.000    10.225    u_wb/defaultClockArea_cpu/INT0_EXE_to_INT0_WB_ACTUAL_TARGET_reg[19]_i_2_n_0
    SLICE_X116Y138       CARRY4 (Prop_carry4_CI_CO[3])
                                                      0.100    10.325 r  u_wb/defaultClockArea_cpu/INT0_EXE_to_INT0_WB_ACTUAL_TARGET_reg[23]_i_2/CO[3]
                         net (fo=1, routed)           0.000    10.325    u_wb/defaultClockArea_cpu/INT0_EXE_to_INT0_WB_ACTUAL_TARGET_reg[23]_i_2_n_0
    SLICE_X116Y139       CARRY4 (Prop_carry4_CI_CO[3])
                                                      0.100    10.425 r  u_wb/defaultClockArea_cpu/INT0_EXE_to_INT0_WB_ACTUAL_TARGET_reg[27]_i_2/CO[3]
                         net (fo=1, routed)           0.000    10.425    u_wb/defaultClockArea_cpu/INT0_EXE_to_INT0_WB_ACTUAL_TARGET_reg[27]_i_2_n_0
    SLICE_X116Y140       CARRY4 (Prop_carry4_CI_O[1])
                                                      0.257    10.682 r  u_wb/defaultClockArea_cpu/INT0_EXE_to_INT0_WB_ACTUAL_TARGET_reg[31]_i_3/O[1]
                         net (fo=2, routed)           0.656    11.337    u_wb/defaultClockArea_cpu/weBattleBranchExecute_1_io_actualTarget[29]
    SLICE_X110Y135       LUT6 (Prop_lut6_I0_O)        0.245    11.582 r  u_wb/defaultClockArea_cpu/INT0_EXE_to_INT0_WB_MISPREDICT_i_50/O
                         net (fo=1, routed)           0.000    11.582    u_wb/defaultClockArea_cpu/INT0_EXE_to_INT0_WB_MISPREDICT_i_50_n_0
    SLICE_X110Y135       CARRY4 (Prop_carry4_S[1]_CO[2])
                                                      0.475    12.057 r  u_wb/defaultClockArea_cpu/INT0_EXE_to_INT0_WB_MISPREDICT_reg_i_19/CO[2]
                         net (fo=4, routed)           0.514    12.571    u_wb/defaultClockArea_cpu/weBattleBranchExecute_1/targetWrong0
    SLICE_X104Y133       LUT2 (Prop_lut2_I0_O)        0.261    12.832 r  u_wb/defaultClockArea_cpu/INT0_EXE_to_INT0_WB_MISPREDICT_i_39/O
                         net (fo=2, routed)           0.342    13.174    u_wb/defaultClockArea_cpu/INT0_EXE_to_INT0_WB_MISPREDICT_i_39_n_0
    SLICE_X104Y132       LUT4 (Prop_lut4_I1_O)        0.105    13.279 r  u_wb/defaultClockArea_cpu/INT0_EXE_to_INT0_WB_MISPREDICT_i_9/O
                         net (fo=1, routed)           0.499    13.778    u_wb/defaultClockArea_cpu/INT0_EXE_to_INT0_WB_MISPREDICT_i_9_n_0
    SLICE_X104Y132       LUT6 (Prop_lut6_I4_O)        0.105    13.883 r  u_wb/defaultClockArea_cpu/INT0_EXE_to_INT0_WB_MISPREDICT_i_2/O
                         net (fo=1, routed)           0.536    14.419    u_wb/defaultClockArea_cpu/INT0_EXE_to_INT0_WB_MISPREDICT_i_2_n_0
    SLICE_X103Y132       LUT5 (Prop_lut5_I0_O)        0.105    14.524 r  u_wb/defaultClockArea_cpu/INT0_EXE_to_INT0_WB_MISPREDICT_i_1/O
                         net (fo=1, routed)           0.000    14.524    u_wb/defaultClockArea_cpu/weBattleBranchExecute_1_io_mispredict
    SLICE_X103Y132       FDRE                                         r  u_wb/defaultClockArea_cpu/INT0_EXE_to_INT0_WB_MISPREDICT_reg/D
  -------------------------------------------------------------------    -------------------

                         (clock aclk rise edge)      10.000    10.000 r  
    L22                                               0.000    10.000 r  aclk (IN)
                         net (fo=0)                   0.000    10.000    aclk
    L22                  IBUF (Prop_ibuf_I_O)         0.762    10.762 r  aclk_IBUF_inst/O
                         net (fo=1, routed)           1.734    12.496    aclk_IBUF
    BUFGCTRL_X0Y2        BUFG (Prop_bufg_I_O)         0.077    12.573 r  aclk_IBUF_BUFG_inst_replica_1/O
                         net (fo=6, routed)           0.112    12.685    aclk_IBUF_BUFG_repN_1
    BUFGCTRL_X0Y1        BUFG (Prop_bufg_I_O)         0.077    12.762 r  aclk_IBUF_BUFG_inst_replica/O
                         net (fo=4, routed)           0.112    12.874    aclk_IBUF_BUFG_repN
    BUFGCTRL_X0Y0        BUFG (Prop_bufg_I_O)         0.077    12.951 r  aclk_IBUF_BUFG_inst/O
                         net (fo=20443, routed)       1.299    14.250    u_wb/defaultClockArea_cpu/aclk_IBUF_BUFG
    SLICE_X103Y132       FDRE                                         r  u_wb/defaultClockArea_cpu/INT0_EXE_to_INT0_WB_MISPREDICT_reg/C
                         clock pessimism              0.314    14.563    
                         clock uncertainty           -0.035    14.528    
    SLICE_X103Y132       FDRE (Setup_fdre_C_D)        0.032    14.560    u_wb/defaultClockArea_cpu/INT0_EXE_to_INT0_WB_MISPREDICT_reg
  -------------------------------------------------------------------
                         required time                         14.560    
                         arrival time                         -14.524    
  -------------------------------------------------------------------
                         slack                                  0.036    

Slack (MET) :             0.049ns  (required time - arrival time)
  Source:                 u_wb/defaultClockArea_cpu/IntIssueQueuePlugin_queue_4_valid_reg/C
                            (rising edge-triggered cell FDCE clocked by aclk  {rise@0.000ns fall@5.000ns period=10.000ns})
  Destination:            u_wb/defaultClockArea_cpu/IntIssueQueuePlugin_queue_1_payload_rRegs_0_valid_reg/D
                            (rising edge-triggered cell FDRE clocked by aclk  {rise@0.000ns fall@5.000ns period=10.000ns})
  Path Group:             aclk
  Path Type:              Setup (Max at Slow Process Corner)
  Requirement:            10.000ns  (aclk rise@10.000ns - aclk rise@0.000ns)
  Data Path Delay:        10.036ns  (logic 1.954ns (19.469%)  route 8.082ns (80.531%))
  Logic Levels:           15  (LUT2=2 LUT3=2 LUT4=2 LUT5=3 LUT6=6)
  Clock Path Skew:        0.089ns (DCD - SCD + CPR)
    Destination Clock Delay (DCD):    4.250ns = ( 14.250 - 10.000 ) 
    Source Clock Delay      (SCD):    4.398ns
    Clock Pessimism Removal (CPR):    0.238ns
  Clock Uncertainty:      0.035ns  ((TSJ^2 + TIJ^2)^1/2 + DJ) / 2 + PE
    Total System Jitter     (TSJ):    0.071ns
    Total Input Jitter      (TIJ):    0.000ns
    Discrete Jitter          (DJ):    0.000ns
    Phase Error              (PE):    0.000ns

    Location             Delay type                Incr(ns)  Path(ns)    Netlist Resource(s)
  -------------------------------------------------------------------    -------------------
                         (clock aclk rise edge)       0.000     0.000 r  
    L22                                               0.000     0.000 r  aclk (IN)
                         net (fo=0)                   0.000     0.000    aclk
    L22                  IBUF (Prop_ibuf_I_O)         0.893     0.893 r  aclk_IBUF_inst/O
                         net (fo=1, routed)           1.827     2.720    aclk_IBUF
    BUFGCTRL_X0Y2        BUFG (Prop_bufg_I_O)         0.081     2.801 r  aclk_IBUF_BUFG_inst_replica_1/O
                         net (fo=6, routed)           0.118     2.919    aclk_IBUF_BUFG_repN_1
    BUFGCTRL_X0Y1        BUFG (Prop_bufg_I_O)         0.081     3.000 r  aclk_IBUF_BUFG_inst_replica/O
                         net (fo=4, routed)           1.399     4.398    u_wb/defaultClockArea_cpu/aclk_IBUF_BUFG_repN_alias
    SLICE_X71Y140        FDCE                                         r  u_wb/defaultClockArea_cpu/IntIssueQueuePlugin_queue_4_valid_reg/C
  -------------------------------------------------------------------    -------------------
    SLICE_X71Y140        FDCE (Prop_fdce_C_Q)         0.379     4.777 r  u_wb/defaultClockArea_cpu/IntIssueQueuePlugin_queue_4_valid_reg/Q
                         net (fo=8, routed)           0.353     5.130    u_wb/defaultClockArea_cpu/weBattleFetchQueue_1/IntIssueQueuePlugin_queue_0_payload_robIdx[4]_i_35
    SLICE_X71Y138        LUT3 (Prop_lut3_I2_O)        0.105     5.235 r  u_wb/defaultClockArea_cpu/weBattleFetchQueue_1/IntIssueQueuePlugin_queue_0_payload_robIdx[4]_i_22/O
                         net (fo=22, routed)          0.505     5.741    u_wb/defaultClockArea_cpu/weBattleFetchQueue_1/_zz__zz_IntIssueQueuePlugin_queueIO_pushPorts_0_ready_9_3[0]
    SLICE_X69Y139        LUT3 (Prop_lut3_I2_O)        0.105     5.846 r  u_wb/defaultClockArea_cpu/weBattleFetchQueue_1/RENAME_to_DISPATCH_DECODE_PACKET_2_payload_tlbOp[3]_i_10/O
                         net (fo=6, routed)           0.392     6.238    u_wb/defaultClockArea_cpu/weBattleFetchQueue_1/IntIssueQueuePlugin_queue_6_valid_reg_0
    SLICE_X70Y138        LUT6 (Prop_lut6_I1_O)        0.105     6.343 r  u_wb/defaultClockArea_cpu/weBattleFetchQueue_1/RENAME_to_DISPATCH_DECODE_PACKET_2_payload_tlbOp[3]_i_3/O
                         net (fo=2, routed)           0.666     7.009    u_wb/defaultClockArea_cpu/weBattleFetchQueue_1_n_212
    SLICE_X71Y137        LUT6 (Prop_lut6_I3_O)        0.105     7.114 r  u_wb/defaultClockArea_cpu/MemIssueQueuePlugin_queue_0_payload_robIdx[4]_i_10/O
                         net (fo=95, routed)          0.543     7.656    u_wb/defaultClockArea_cpu/MemIssueQueuePlugin_queue_0_payload_robIdx[4]_i_10_n_0
    SLICE_X72Y139        LUT2 (Prop_lut2_I0_O)        0.105     7.761 r  u_wb/defaultClockArea_cpu/IntIssueQueuePlugin_queue_0_payload_robIdx[4]_i_16/O
                         net (fo=9, routed)           1.009     8.770    u_wb/defaultClockArea_cpu/IntIssueQueuePlugin_queue_0_payload_robIdx[4]_i_16_n_0
    SLICE_X67Y143        LUT6 (Prop_lut6_I2_O)        0.105     8.875 f  u_wb/defaultClockArea_cpu/IntIssueQueuePlugin_queue_2_payload_rRegs_1_payload[1]_i_11/O
                         net (fo=49, routed)          0.574     9.449    u_wb/defaultClockArea_cpu/IntIssueQueuePlugin_queue_2_payload_rRegs_1_payload[1]_i_11_n_0
    SLICE_X66Y144        LUT6 (Prop_lut6_I5_O)        0.105     9.554 f  u_wb/defaultClockArea_cpu/IntIssueQueuePlugin_queue_3_payload_rRegs_0_payload[4]_i_3/O
                         net (fo=3, routed)           0.409     9.963    u_wb/defaultClockArea_cpu/IntIssueQueuePlugin_queue_3_payload_rRegs_0_payload[4]_i_3_n_0
    SLICE_X64Y144        LUT5 (Prop_lut5_I0_O)        0.105    10.068 f  u_wb/defaultClockArea_cpu/IntIssueQueuePlugin_queue_1_payload_rRegs_0_payload[4]_i_2/O
                         net (fo=3, routed)           0.648    10.716    u_wb/defaultClockArea_cpu/IntIssueQueuePlugin_queue_1_payload_rRegs_0_payload[4]_i_2_n_0
    SLICE_X63Y144        LUT5 (Prop_lut5_I0_O)        0.105    10.821 f  u_wb/defaultClockArea_cpu/IntIssueQueuePlugin_queue_1_payload_rRegs_0_valid_i_39/O
                         net (fo=1, routed)           0.254    11.075    u_wb/defaultClockArea_cpu/IntIssueQueuePlugin_queue_1_payload_rRegs_0_valid_i_39_n_0
    SLICE_X63Y144        LUT5 (Prop_lut5_I4_O)        0.105    11.180 r  u_wb/defaultClockArea_cpu/IntIssueQueuePlugin_queue_1_payload_rRegs_0_valid_i_29/O
                         net (fo=5, routed)           0.892    12.072    u_wb/defaultClockArea_cpu/IntIssueQueuePlugin_queue_1_payload_rRegs_0_valid_i_29_n_0
    SLICE_X61Y147        LUT6 (Prop_lut6_I3_O)        0.105    12.177 r  u_wb/defaultClockArea_cpu/IntIssueQueuePlugin_queue_1_payload_rRegs_0_valid_i_36/O
                         net (fo=1, routed)           0.346    12.524    u_wb/defaultClockArea_cpu/IntIssueQueuePlugin_queue_1_payload_rRegs_0_valid_i_36_n_0
    SLICE_X61Y147        LUT2 (Prop_lut2_I0_O)        0.105    12.629 r  u_wb/defaultClockArea_cpu/IntIssueQueuePlugin_queue_1_payload_rRegs_0_valid_i_20/O
                         net (fo=1, routed)           0.421    13.050    u_wb/defaultClockArea_cpu/when_WeBattleDenseIssueQueueState_l129_210
    SLICE_X60Y147        LUT6 (Prop_lut6_I1_O)        0.105    13.155 r  u_wb/defaultClockArea_cpu/IntIssueQueuePlugin_queue_1_payload_rRegs_0_valid_i_8/O
                         net (fo=1, routed)           0.755    13.909    u_wb/defaultClockArea_cpu/unsignedDivider_3/IntIssueQueuePlugin_queue_1_payload_rRegs_0_valid_reg_1
    SLICE_X60Y144        LUT4 (Prop_lut4_I3_O)        0.105    14.014 r  u_wb/defaultClockArea_cpu/unsignedDivider_3/IntIssueQueuePlugin_queue_1_payload_rRegs_0_valid_i_2/O
                         net (fo=1, routed)           0.315    14.330    u_wb/defaultClockArea_cpu/unsignedDivider_3/IntIssueQueuePlugin_queue_1_payload_rRegs_0_valid_i_2_n_0
    SLICE_X61Y144        LUT4 (Prop_lut4_I0_O)        0.105    14.435 r  u_wb/defaultClockArea_cpu/unsignedDivider_3/IntIssueQueuePlugin_queue_1_payload_rRegs_0_valid_i_1/O
                         net (fo=1, routed)           0.000    14.435    u_wb/defaultClockArea_cpu/unsignedDivider_3_n_150
    SLICE_X61Y144        FDRE                                         r  u_wb/defaultClockArea_cpu/IntIssueQueuePlugin_queue_1_payload_rRegs_0_valid_reg/D
  -------------------------------------------------------------------    -------------------

                         (clock aclk rise edge)      10.000    10.000 r  
    L22                                               0.000    10.000 r  aclk (IN)
                         net (fo=0)                   0.000    10.000    aclk
    L22                  IBUF (Prop_ibuf_I_O)         0.762    10.762 r  aclk_IBUF_inst/O
                         net (fo=1, routed)           1.734    12.496    aclk_IBUF
    BUFGCTRL_X0Y2        BUFG (Prop_bufg_I_O)         0.077    12.573 r  aclk_IBUF_BUFG_inst_replica_1/O
                         net (fo=6, routed)           0.112    12.685    aclk_IBUF_BUFG_repN_1
    BUFGCTRL_X0Y1        BUFG (Prop_bufg_I_O)         0.077    12.762 r  aclk_IBUF_BUFG_inst_replica/O
                         net (fo=4, routed)           0.112    12.874    aclk_IBUF_BUFG_repN
    BUFGCTRL_X0Y0        BUFG (Prop_bufg_I_O)         0.077    12.951 r  aclk_IBUF_BUFG_inst/O
                         net (fo=20443, routed)       1.299    14.250    u_wb/defaultClockArea_cpu/aclk_IBUF_BUFG
    SLICE_X61Y144        FDRE                                         r  u_wb/defaultClockArea_cpu/IntIssueQueuePlugin_queue_1_payload_rRegs_0_valid_reg/C
                         clock pessimism              0.238    14.487    
                         clock uncertainty           -0.035    14.452    
    SLICE_X61Y144        FDRE (Setup_fdre_C_D)        0.032    14.484    u_wb/defaultClockArea_cpu/IntIssueQueuePlugin_queue_1_payload_rRegs_0_valid_reg
  -------------------------------------------------------------------
                         required time                         14.484    
                         arrival time                         -14.435    
  -------------------------------------------------------------------
                         slack                                  0.049    

Slack (MET) :             0.057ns  (required time - arrival time)
  Source:                 u_wb/defaultClockArea_cpu/IntIssueQueuePlugin_queue_0_payload_rRegs_0_valid_reg/C
                            (rising edge-triggered cell FDRE clocked by aclk  {rise@0.000ns fall@5.000ns period=10.000ns})
  Destination:            u_wb/defaultClockArea_cpu/IntIssueQueuePlugin_queue_2_payload_rRegs_0_valid_reg/D
                            (rising edge-triggered cell FDRE clocked by aclk  {rise@0.000ns fall@5.000ns period=10.000ns})
  Path Group:             aclk
  Path Type:              Setup (Max at Slow Process Corner)
  Requirement:            10.000ns  (aclk rise@10.000ns - aclk rise@0.000ns)
  Data Path Delay:        10.017ns  (logic 1.798ns (17.949%)  route 8.219ns (82.051%))
  Logic Levels:           13  (LUT2=3 LUT3=2 LUT4=2 LUT5=3 LUT6=3)
  Clock Path Skew:        0.080ns (DCD - SCD + CPR)
    Destination Clock Delay (DCD):    4.247ns = ( 14.247 - 10.000 ) 
    Source Clock Delay      (SCD):    4.404ns
    Clock Pessimism Removal (CPR):    0.238ns
  Clock Uncertainty:      0.035ns  ((TSJ^2 + TIJ^2)^1/2 + DJ) / 2 + PE
    Total System Jitter     (TSJ):    0.071ns
    Total Input Jitter      (TIJ):    0.000ns
    Discrete Jitter          (DJ):    0.000ns
    Phase Error              (PE):    0.000ns

    Location             Delay type                Incr(ns)  Path(ns)    Netlist Resource(s)
  -------------------------------------------------------------------    -------------------
                         (clock aclk rise edge)       0.000     0.000 r  
    L22                                               0.000     0.000 r  aclk (IN)
                         net (fo=0)                   0.000     0.000    aclk
    L22                  IBUF (Prop_ibuf_I_O)         0.893     0.893 r  aclk_IBUF_inst/O
                         net (fo=1, routed)           1.827     2.720    aclk_IBUF
    BUFGCTRL_X0Y2        BUFG (Prop_bufg_I_O)         0.081     2.801 r  aclk_IBUF_BUFG_inst_replica_1/O
                         net (fo=6, routed)           0.118     2.919    aclk_IBUF_BUFG_repN_1
    BUFGCTRL_X0Y1        BUFG (Prop_bufg_I_O)         0.081     3.000 r  aclk_IBUF_BUFG_inst_replica/O
                         net (fo=4, routed)           1.405     4.404    u_wb/defaultClockArea_cpu/aclk_IBUF_BUFG_repN_alias
    SLICE_X62Y142        FDRE                                         r  u_wb/defaultClockArea_cpu/IntIssueQueuePlugin_queue_0_payload_rRegs_0_valid_reg/C
  -------------------------------------------------------------------    -------------------
    SLICE_X62Y142        FDRE (Prop_fdre_C_Q)         0.433     4.837 f  u_wb/defaultClockArea_cpu/IntIssueQueuePlugin_queue_0_payload_rRegs_0_valid_reg/Q
                         net (fo=2, routed)           0.357     5.194    u_wb/defaultClockArea_cpu/IntIssueQueuePlugin_queue_0_payload_rRegs_0_valid
    SLICE_X63Y142        LUT2 (Prop_lut2_I0_O)        0.105     5.299 f  u_wb/defaultClockArea_cpu/IntIssueQueuePlugin_queue_0_payload_robIdx[4]_i_5/O
                         net (fo=14, routed)          0.704     6.003    u_wb/defaultClockArea_cpu/p_7862_in
    SLICE_X65Y142        LUT5 (Prop_lut5_I0_O)        0.105     6.108 r  u_wb/defaultClockArea_cpu/IntIssueQueuePlugin_queue_1_payload_robIdx[4]_i_24/O
                         net (fo=8, routed)           0.576     6.684    u_wb/defaultClockArea_cpu/IntIssueQueuePlugin_queue_1_payload_robIdx[4]_i_24_n_0
    SLICE_X64Y142        LUT5 (Prop_lut5_I0_O)        0.105     6.789 f  u_wb/defaultClockArea_cpu/INT2_ISS_to_INT2_RRD_ISSUE_SLOT_robIdx[4]_i_11/O
                         net (fo=13, routed)          0.529     7.319    u_wb/defaultClockArea_cpu/INT2_ISS_to_INT2_RRD_ISSUE_SLOT_robIdx[4]_i_11_n_0
    SLICE_X70Y141        LUT6 (Prop_lut6_I3_O)        0.105     7.424 f  u_wb/defaultClockArea_cpu/INT1_ISS_to_INT1_RRD_ISSUE_SLOT_robIdx[4]_i_10/O
                         net (fo=4, routed)           0.625     8.049    u_wb/defaultClockArea_cpu/INT1_ISS_to_INT1_RRD_ISSUE_SLOT_robIdx[4]_i_10_n_0
    SLICE_X75Y142        LUT3 (Prop_lut3_I1_O)        0.105     8.154 r  u_wb/defaultClockArea_cpu/IntIssueQueuePlugin_queue_3_payload_robIdx[4]_i_12/O
                         net (fo=3, routed)           0.754     8.908    u_wb/defaultClockArea_cpu/IntIssueQueuePlugin_queue_3_payload_robIdx[4]_i_12_n_0
    SLICE_X77Y145        LUT2 (Prop_lut2_I1_O)        0.105     9.013 r  u_wb/defaultClockArea_cpu/INT1_ISS_to_INT1_RRD_ISSUE_SLOT_robIdx[4]_i_6/O
                         net (fo=5, routed)           0.804     9.817    u_wb/defaultClockArea_cpu/INT1_ISS_to_INT1_RRD_ISSUE_SLOT_robIdx[4]_i_6_n_0
    SLICE_X74Y149        LUT3 (Prop_lut3_I1_O)        0.105     9.922 r  u_wb/defaultClockArea_cpu/INT1_ISS_to_INT1_RRD_ISSUE_SLOT_robIdx[4]_i_2/O
                         net (fo=58, routed)          0.792    10.715    u_wb/defaultClockArea_cpu/INT1_ISS_to_INT1_RRD_ISSUE_SLOT_robIdx[4]_i_2_n_0
    SLICE_X71Y152        LUT6 (Prop_lut6_I2_O)        0.105    10.820 r  u_wb/defaultClockArea_cpu/INT1_ISS_to_INT1_RRD_ISSUE_SLOT_uop_doRegWrite_i_1/O
                         net (fo=2, routed)           0.326    11.146    u_wb/defaultClockArea_cpu/_zz_INT1_ISS_IntExecutePlugin_issSlot_uop_doRegWrite
    SLICE_X71Y152        LUT4 (Prop_lut4_I2_O)        0.105    11.251 r  u_wb/defaultClockArea_cpu/IntIssueQueuePlugin_queue_4_payload_rRegs_1_valid_i_14/O
                         net (fo=9, routed)           0.962    12.213    u_wb/defaultClockArea_cpu/p_7403_in
    SLICE_X66Y150        LUT2 (Prop_lut2_I0_O)        0.105    12.318 r  u_wb/defaultClockArea_cpu/IntIssueQueuePlugin_queue_2_payload_rRegs_0_valid_i_26/O
                         net (fo=1, routed)           0.818    13.136    u_wb/defaultClockArea_cpu/IntIssueQueuePlugin_queue_2_payload_rRegs_0_valid_i_26_n_0
    SLICE_X64Y148        LUT6 (Prop_lut6_I2_O)        0.105    13.241 r  u_wb/defaultClockArea_cpu/IntIssueQueuePlugin_queue_2_payload_rRegs_0_valid_i_8/O
                         net (fo=1, routed)           0.485    13.726    u_wb/defaultClockArea_cpu/unsignedDivider_3/IntIssueQueuePlugin_queue_2_payload_rRegs_0_valid_reg_2
    SLICE_X63Y146        LUT5 (Prop_lut5_I4_O)        0.105    13.831 r  u_wb/defaultClockArea_cpu/unsignedDivider_3/IntIssueQueuePlugin_queue_2_payload_rRegs_0_valid_i_2/O
                         net (fo=1, routed)           0.486    14.317    u_wb/defaultClockArea_cpu/unsignedDivider_3/IntIssueQueuePlugin_queue_2_payload_rRegs_0_valid_i_2_n_0
    SLICE_X63Y143        LUT4 (Prop_lut4_I0_O)        0.105    14.422 r  u_wb/defaultClockArea_cpu/unsignedDivider_3/IntIssueQueuePlugin_queue_2_payload_rRegs_0_valid_i_1/O
                         net (fo=1, routed)           0.000    14.422    u_wb/defaultClockArea_cpu/unsignedDivider_3_n_151
    SLICE_X63Y143        FDRE                                         r  u_wb/defaultClockArea_cpu/IntIssueQueuePlugin_queue_2_payload_rRegs_0_valid_reg/D
  -------------------------------------------------------------------    -------------------

                         (clock aclk rise edge)      10.000    10.000 r  
    L22                                               0.000    10.000 r  aclk (IN)
                         net (fo=0)                   0.000    10.000    aclk
    L22                  IBUF (Prop_ibuf_I_O)         0.762    10.762 r  aclk_IBUF_inst/O
                         net (fo=1, routed)           1.734    12.496    aclk_IBUF
    BUFGCTRL_X0Y2        BUFG (Prop_bufg_I_O)         0.077    12.573 r  aclk_IBUF_BUFG_inst_replica_1/O
                         net (fo=6, routed)           0.112    12.685    aclk_IBUF_BUFG_repN_1
    BUFGCTRL_X0Y1        BUFG (Prop_bufg_I_O)         0.077    12.762 r  aclk_IBUF_BUFG_inst_replica/O
                         net (fo=4, routed)           0.112    12.874    aclk_IBUF_BUFG_repN
    BUFGCTRL_X0Y0        BUFG (Prop_bufg_I_O)         0.077    12.951 r  aclk_IBUF_BUFG_inst/O
                         net (fo=20443, routed)       1.296    14.247    u_wb/defaultClockArea_cpu/aclk_IBUF_BUFG
    SLICE_X63Y143        FDRE                                         r  u_wb/defaultClockArea_cpu/IntIssueQueuePlugin_queue_2_payload_rRegs_0_valid_reg/C
                         clock pessimism              0.238    14.484    
                         clock uncertainty           -0.035    14.449    
    SLICE_X63Y143        FDRE (Setup_fdre_C_D)        0.030    14.479    u_wb/defaultClockArea_cpu/IntIssueQueuePlugin_queue_2_payload_rRegs_0_valid_reg
  -------------------------------------------------------------------
                         required time                         14.479    
                         arrival time                         -14.422    
  -------------------------------------------------------------------
                         slack                                  0.057    

Slack (MET) :             0.082ns  (required time - arrival time)
  Source:                 u_wb/defaultClockArea_cpu/IntIssueQueuePlugin_queue_0_payload_rRegs_1_valid_reg/C
                            (rising edge-triggered cell FDRE clocked by aclk  {rise@0.000ns fall@5.000ns period=10.000ns})
  Destination:            u_wb/defaultClockArea_cpu/IntIssueQueuePlugin_queue_0_payload_rRegs_0_valid_reg/D
                            (rising edge-triggered cell FDRE clocked by aclk  {rise@0.000ns fall@5.000ns period=10.000ns})
  Path Group:             aclk
  Path Type:              Setup (Max at Slow Process Corner)
  Requirement:            10.000ns  (aclk rise@10.000ns - aclk rise@0.000ns)
  Data Path Delay:        9.652ns  (logic 1.744ns (18.069%)  route 7.908ns (81.931%))
  Logic Levels:           13  (LUT2=3 LUT3=3 LUT4=1 LUT5=2 LUT6=4)
  Clock Path Skew:        -0.307ns (DCD - SCD + CPR)
    Destination Clock Delay (DCD):    4.058ns = ( 14.058 - 10.000 ) 
    Source Clock Delay      (SCD):    4.602ns
    Clock Pessimism Removal (CPR):    0.238ns
  Clock Uncertainty:      0.035ns  ((TSJ^2 + TIJ^2)^1/2 + DJ) / 2 + PE
    Total System Jitter     (TSJ):    0.071ns
    Total Input Jitter      (TIJ):    0.000ns
    Discrete Jitter          (DJ):    0.000ns
    Phase Error              (PE):    0.000ns

    Location             Delay type                Incr(ns)  Path(ns)    Netlist Resource(s)
  -------------------------------------------------------------------    -------------------
                         (clock aclk rise edge)       0.000     0.000 r  
    L22                                               0.000     0.000 r  aclk (IN)
                         net (fo=0)                   0.000     0.000    aclk
    L22                  IBUF (Prop_ibuf_I_O)         0.893     0.893 r  aclk_IBUF_inst/O
                         net (fo=1, routed)           1.827     2.720    aclk_IBUF
    BUFGCTRL_X0Y2        BUFG (Prop_bufg_I_O)         0.081     2.801 r  aclk_IBUF_BUFG_inst_replica_1/O
                         net (fo=6, routed)           0.118     2.919    aclk_IBUF_BUFG_repN_1
    BUFGCTRL_X0Y1        BUFG (Prop_bufg_I_O)         0.081     3.000 r  aclk_IBUF_BUFG_inst_replica/O
                         net (fo=4, routed)           0.118     3.118    aclk_IBUF_BUFG_repN
    BUFGCTRL_X0Y0        BUFG (Prop_bufg_I_O)         0.081     3.199 r  aclk_IBUF_BUFG_inst/O
                         net (fo=20443, routed)       1.404     4.602    u_wb/defaultClockArea_cpu/aclk_IBUF_BUFG
    SLICE_X65Y143        FDRE                                         r  u_wb/defaultClockArea_cpu/IntIssueQueuePlugin_queue_0_payload_rRegs_1_valid_reg/C
  -------------------------------------------------------------------    -------------------
    SLICE_X65Y143        FDRE (Prop_fdre_C_Q)         0.379     4.981 f  u_wb/defaultClockArea_cpu/IntIssueQueuePlugin_queue_0_payload_rRegs_1_valid_reg/Q
                         net (fo=2, routed)           0.265     5.247    u_wb/defaultClockArea_cpu/IntIssueQueuePlugin_queue_0_payload_rRegs_1_valid
    SLICE_X63Y142        LUT2 (Prop_lut2_I1_O)        0.105     5.352 f  u_wb/defaultClockArea_cpu/IntIssueQueuePlugin_queue_0_payload_robIdx[4]_i_5/O
                         net (fo=14, routed)          0.704     6.056    u_wb/defaultClockArea_cpu/p_7862_in
    SLICE_X65Y142        LUT5 (Prop_lut5_I0_O)        0.105     6.161 r  u_wb/defaultClockArea_cpu/IntIssueQueuePlugin_queue_1_payload_robIdx[4]_i_24/O
                         net (fo=8, routed)           0.576     6.737    u_wb/defaultClockArea_cpu/IntIssueQueuePlugin_queue_1_payload_robIdx[4]_i_24_n_0
    SLICE_X64Y142        LUT5 (Prop_lut5_I0_O)        0.105     6.842 f  u_wb/defaultClockArea_cpu/INT2_ISS_to_INT2_RRD_ISSUE_SLOT_robIdx[4]_i_11/O
                         net (fo=13, routed)          0.529     7.371    u_wb/defaultClockArea_cpu/INT2_ISS_to_INT2_RRD_ISSUE_SLOT_robIdx[4]_i_11_n_0
    SLICE_X70Y141        LUT6 (Prop_lut6_I3_O)        0.105     7.476 f  u_wb/defaultClockArea_cpu/INT1_ISS_to_INT1_RRD_ISSUE_SLOT_robIdx[4]_i_10/O
                         net (fo=4, routed)           0.625     8.102    u_wb/defaultClockArea_cpu/INT1_ISS_to_INT1_RRD_ISSUE_SLOT_robIdx[4]_i_10_n_0
    SLICE_X75Y142        LUT3 (Prop_lut3_I1_O)        0.105     8.207 r  u_wb/defaultClockArea_cpu/IntIssueQueuePlugin_queue_3_payload_robIdx[4]_i_12/O
                         net (fo=3, routed)           0.754     8.961    u_wb/defaultClockArea_cpu/IntIssueQueuePlugin_queue_3_payload_robIdx[4]_i_12_n_0
    SLICE_X77Y145        LUT2 (Prop_lut2_I1_O)        0.105     9.066 r  u_wb/defaultClockArea_cpu/INT1_ISS_to_INT1_RRD_ISSUE_SLOT_robIdx[4]_i_6/O
                         net (fo=5, routed)           0.804     9.870    u_wb/defaultClockArea_cpu/INT1_ISS_to_INT1_RRD_ISSUE_SLOT_robIdx[4]_i_6_n_0
    SLICE_X74Y149        LUT3 (Prop_lut3_I1_O)        0.105     9.975 r  u_wb/defaultClockArea_cpu/INT1_ISS_to_INT1_RRD_ISSUE_SLOT_robIdx[4]_i_2/O
                         net (fo=58, routed)          0.792    10.767    u_wb/defaultClockArea_cpu/INT1_ISS_to_INT1_RRD_ISSUE_SLOT_robIdx[4]_i_2_n_0
    SLICE_X71Y152        LUT6 (Prop_lut6_I2_O)        0.105    10.872 r  u_wb/defaultClockArea_cpu/INT1_ISS_to_INT1_RRD_ISSUE_SLOT_uop_doRegWrite_i_1/O
                         net (fo=2, routed)           0.326    11.198    u_wb/defaultClockArea_cpu/_zz_INT1_ISS_IntExecutePlugin_issSlot_uop_doRegWrite
    SLICE_X71Y152        LUT4 (Prop_lut4_I2_O)        0.105    11.303 r  u_wb/defaultClockArea_cpu/IntIssueQueuePlugin_queue_4_payload_rRegs_1_valid_i_14/O
                         net (fo=9, routed)           0.915    12.218    u_wb/defaultClockArea_cpu/p_7403_in
    SLICE_X58Y152        LUT2 (Prop_lut2_I1_O)        0.105    12.323 r  u_wb/defaultClockArea_cpu/IntIssueQueuePlugin_queue_0_payload_rRegs_1_valid_i_32/O
                         net (fo=2, routed)           0.792    13.115    u_wb/defaultClockArea_cpu/IntIssueQueuePlugin_queue_0_payload_rRegs_1_valid_i_32_n_0
    SLICE_X59Y148        LUT6 (Prop_lut6_I2_O)        0.105    13.220 r  u_wb/defaultClockArea_cpu/IntIssueQueuePlugin_queue_0_payload_rRegs_0_valid_i_3/O
                         net (fo=1, routed)           0.400    13.619    u_wb/defaultClockArea_cpu/unsignedDivider_3/IntIssueQueuePlugin_queue_0_payload_rRegs_0_valid_reg_0
    SLICE_X59Y142        LUT3 (Prop_lut3_I2_O)        0.105    13.724 r  u_wb/defaultClockArea_cpu/unsignedDivider_3/IntIssueQueuePlugin_queue_0_payload_rRegs_0_valid_i_2_comp/O
                         net (fo=1, routed)           0.425    14.149    u_wb/defaultClockArea_cpu/unsignedDivider_3/IntIssueQueuePlugin_queue_0_payload_rRegs_0_valid_i_2_n_0
    SLICE_X62Y142        LUT6 (Prop_lut6_I4_O)        0.105    14.254 r  u_wb/defaultClockArea_cpu/unsignedDivider_3/IntIssueQueuePlugin_queue_0_payload_rRegs_0_valid_i_1_comp/O
                         net (fo=1, routed)           0.000    14.254    u_wb/defaultClockArea_cpu/unsignedDivider_3_n_103
    SLICE_X62Y142        FDRE                                         r  u_wb/defaultClockArea_cpu/IntIssueQueuePlugin_queue_0_payload_rRegs_0_valid_reg/D
  -------------------------------------------------------------------    -------------------

                         (clock aclk rise edge)      10.000    10.000 r  
    L22                                               0.000    10.000 r  aclk (IN)
                         net (fo=0)                   0.000    10.000    aclk
    L22                  IBUF (Prop_ibuf_I_O)         0.762    10.762 r  aclk_IBUF_inst/O
                         net (fo=1, routed)           1.734    12.496    aclk_IBUF
    BUFGCTRL_X0Y2        BUFG (Prop_bufg_I_O)         0.077    12.573 r  aclk_IBUF_BUFG_inst_replica_1/O
                         net (fo=6, routed)           0.112    12.685    aclk_IBUF_BUFG_repN_1
    BUFGCTRL_X0Y1        BUFG (Prop_bufg_I_O)         0.077    12.762 r  aclk_IBUF_BUFG_inst_replica/O
                         net (fo=4, routed)           1.296    14.058    u_wb/defaultClockArea_cpu/aclk_IBUF_BUFG_repN_alias
    SLICE_X62Y142        FDRE                                         r  u_wb/defaultClockArea_cpu/IntIssueQueuePlugin_queue_0_payload_rRegs_0_valid_reg/C
                         clock pessimism              0.238    14.295    
                         clock uncertainty           -0.035    14.260    
    SLICE_X62Y142        FDRE (Setup_fdre_C_D)        0.076    14.336    u_wb/defaultClockArea_cpu/IntIssueQueuePlugin_queue_0_payload_rRegs_0_valid_reg
  -------------------------------------------------------------------
                         required time                         14.336    
                         arrival time                         -14.254    
  -------------------------------------------------------------------
                         slack                                  0.082    

Slack (MET) :             0.086ns  (required time - arrival time)
  Source:                 u_wb/defaultClockArea_cpu/MEM_MEM2_to_MEM_WB_ROB_IDX_reg[2]/C
                            (rising edge-triggered cell FDRE clocked by aclk  {rise@0.000ns fall@5.000ns period=10.000ns})
  Destination:            u_wb/defaultClockArea_cpu/GlobalPredictorBTBPlugin_btb/rams_0/mem/xpm_memory_base_inst/gen_wr_a.gen_word_narrow.mem_reg/ADDRARDADDR[12]
                            (rising edge-triggered cell RAMB36E1 clocked by aclk  {rise@0.000ns fall@5.000ns period=10.000ns})
  Path Group:             aclk
  Path Type:              Setup (Max at Slow Process Corner)
  Requirement:            10.000ns  (aclk rise@10.000ns - aclk rise@0.000ns)
  Data Path Delay:        9.286ns  (logic 1.766ns (19.017%)  route 7.520ns (80.983%))
  Logic Levels:           11  (LUT2=2 LUT3=1 LUT5=4 LUT6=4)
  Clock Path Skew:        0.061ns (DCD - SCD + CPR)
    Destination Clock Delay (DCD):    4.417ns = ( 14.417 - 10.000 ) 
    Source Clock Delay      (SCD):    4.609ns
    Clock Pessimism Removal (CPR):    0.254ns
  Clock Uncertainty:      0.035ns  ((TSJ^2 + TIJ^2)^1/2 + DJ) / 2 + PE
    Total System Jitter     (TSJ):    0.071ns
    Total Input Jitter      (TIJ):    0.000ns
    Discrete Jitter          (DJ):    0.000ns
    Phase Error              (PE):    0.000ns

    Location             Delay type                Incr(ns)  Path(ns)    Netlist Resource(s)
  -------------------------------------------------------------------    -------------------
                         (clock aclk rise edge)       0.000     0.000 r  
    L22                                               0.000     0.000 r  aclk (IN)
                         net (fo=0)                   0.000     0.000    aclk
    L22                  IBUF (Prop_ibuf_I_O)         0.893     0.893 r  aclk_IBUF_inst/O
                         net (fo=1, routed)           1.827     2.720    aclk_IBUF
    BUFGCTRL_X0Y2        BUFG (Prop_bufg_I_O)         0.081     2.801 r  aclk_IBUF_BUFG_inst_replica_1/O
                         net (fo=6, routed)           0.118     2.919    aclk_IBUF_BUFG_repN_1
    BUFGCTRL_X0Y1        BUFG (Prop_bufg_I_O)         0.081     3.000 r  aclk_IBUF_BUFG_inst_replica/O
                         net (fo=4, routed)           0.118     3.118    aclk_IBUF_BUFG_repN
    BUFGCTRL_X0Y0        BUFG (Prop_bufg_I_O)         0.081     3.199 r  aclk_IBUF_BUFG_inst/O
                         net (fo=20443, routed)       1.411     4.609    u_wb/defaultClockArea_cpu/aclk_IBUF_BUFG
    SLICE_X98Y103        FDRE                                         r  u_wb/defaultClockArea_cpu/MEM_MEM2_to_MEM_WB_ROB_IDX_reg[2]/C
  -------------------------------------------------------------------    -------------------
    SLICE_X98Y103        FDRE (Prop_fdre_C_Q)         0.433     5.042 r  u_wb/defaultClockArea_cpu/MEM_MEM2_to_MEM_WB_ROB_IDX_reg[2]/Q
                         net (fo=55, routed)          0.692     5.734    u_wb/defaultClockArea_cpu/GlobalPredictorBTBPlugin_btb/rams_1/ExceptionHandlerPlugin_BADV_VADDR[31]_i_7_0[2]
    SLICE_X98Y103        LUT6 (Prop_lut6_I2_O)        0.105     5.839 r  u_wb/defaultClockArea_cpu/GlobalPredictorBTBPlugin_btb/rams_1/ExceptionHandlerPlugin_EENTRY_VA[25]_i_21/O
                         net (fo=1, routed)           0.225     6.065    u_wb/defaultClockArea_cpu/GlobalPredictorBTBPlugin_btb/rams_1/ExceptionHandlerPlugin_EENTRY_VA[25]_i_21_n_0
    SLICE_X97Y103        LUT5 (Prop_lut5_I2_O)        0.105     6.170 f  u_wb/defaultClockArea_cpu/GlobalPredictorBTBPlugin_btb/rams_1/ExceptionHandlerPlugin_EENTRY_VA[25]_i_14/O
                         net (fo=33, routed)          0.516     6.686    u_wb/defaultClockArea_cpu/GlobalPredictorBTBPlugin_btb/rams_1/when_WeBattleROBStorage_l1740
    SLICE_X97Y104        LUT2 (Prop_lut2_I1_O)        0.105     6.791 f  u_wb/defaultClockArea_cpu/GlobalPredictorBTBPlugin_btb/rams_1/ExceptionHandlerPlugin_EENTRY_VA[25]_i_7/O
                         net (fo=51, routed)          0.566     7.357    u_wb/defaultClockArea_cpu/GlobalPredictorBTBPlugin_predictor/pht/rams_0/when_WeBattleROBStorage_l174
    SLICE_X96Y107        LUT3 (Prop_lut3_I0_O)        0.105     7.462 f  u_wb/defaultClockArea_cpu/GlobalPredictorBTBPlugin_predictor/pht/rams_0/ExceptionHandlerPlugin_ESTAT_ECODE[5]_i_8/O
                         net (fo=2, routed)           0.356     7.818    u_wb/defaultClockArea_cpu/GlobalPredictorBTBPlugin_predictor/pht/rams_0/MEM_MEM2_to_MEM_WB_EXCEPTION_OCCURRED_reg
    SLICE_X95Y106        LUT6 (Prop_lut6_I2_O)        0.105     7.923 f  u_wb/defaultClockArea_cpu/GlobalPredictorBTBPlugin_predictor/pht/rams_0/ExceptionHandlerPlugin_ESTAT_ECODE[5]_i_3/O
                         net (fo=31, routed)          0.934     8.856    u_wb/defaultClockArea_cpu/GlobalPredictorBTBPlugin_predictor/pht/rams_0/WeBattleCommitPlugin_uncachedExecuting_reg_2
    SLICE_X95Y94         LUT6 (Prop_lut6_I1_O)        0.105     8.961 r  u_wb/defaultClockArea_cpu/GlobalPredictorBTBPlugin_predictor/pht/rams_0/ExceptionHandlerPlugin_LLBCTL_LLBIT_i_2/O
                         net (fo=118, routed)         0.714     9.675    u_wb/defaultClockArea_cpu/GlobalPredictorBTBPlugin_predictor/pht/rams_0/WeBattleCommitPlugin_uncachedExecuting_reg
    SLICE_X95Y88         LUT2 (Prop_lut2_I1_O)        0.105     9.780 r  u_wb/defaultClockArea_cpu/GlobalPredictorBTBPlugin_predictor/pht/rams_0/ProgramCounterPlugin_backendJumpInterface_rData[5]_i_4/O
                         net (fo=10, routed)          0.589    10.369    u_wb/defaultClockArea_cpu/GlobalPredictorBTBPlugin_btb/rams_1/ProgramCounterPlugin_backendJumpInterface_rData_reg[4]_0
    SLICE_X95Y88         LUT6 (Prop_lut6_I3_O)        0.105    10.474 r  u_wb/defaultClockArea_cpu/GlobalPredictorBTBPlugin_btb/rams_1/ProgramCounterPlugin_backendJumpInterface_rData[4]_i_1/O
                         net (fo=2, routed)           0.630    11.104    u_wb/defaultClockArea_cpu/weBattleCheckpointRAS_1/D[2]
    SLICE_X93Y79         LUT5 (Prop_lut5_I4_O)        0.105    11.209 r  u_wb/defaultClockArea_cpu/weBattleCheckpointRAS_1/mem_i_25__11/O
                         net (fo=36, routed)          0.990    12.199    u_wb/defaultClockArea_cpu/weBattleCheckpointRAS_1/GlobalPredictorBTBPlugin_index[2]
    SLICE_X92Y83         LUT5 (Prop_lut5_I2_O)        0.119    12.318 r  u_wb/defaultClockArea_cpu/weBattleCheckpointRAS_1/mem_i_73__1/O
                         net (fo=5, routed)           0.561    12.879    u_wb/defaultClockArea_cpu/weBattleCheckpointRAS_1/mem_i_73__1_n_0
    SLICE_X88Y85         LUT5 (Prop_lut5_I1_O)        0.269    13.148 r  u_wb/defaultClockArea_cpu/weBattleCheckpointRAS_1/mem_i_62__6/O
                         net (fo=1, routed)           0.748    13.896    u_wb/defaultClockArea_cpu/GlobalPredictorBTBPlugin_btb/rams_0/mem/xpm_memory_base_inst/addrb[6]
    RAMB36_X5Y18         RAMB36E1                                     r  u_wb/defaultClockArea_cpu/GlobalPredictorBTBPlugin_btb/rams_0/mem/xpm_memory_base_inst/gen_wr_a.gen_word_narrow.mem_reg/ADDRARDADDR[12]
  -------------------------------------------------------------------    -------------------

                         (clock aclk rise edge)      10.000    10.000 r  
    L22                                               0.000    10.000 r  aclk (IN)
                         net (fo=0)                   0.000    10.000    aclk
    L22                  IBUF (Prop_ibuf_I_O)         0.762    10.762 r  aclk_IBUF_inst/O
                         net (fo=1, routed)           1.734    12.496    aclk_IBUF
    BUFGCTRL_X0Y2        BUFG (Prop_bufg_I_O)         0.077    12.573 r  aclk_IBUF_BUFG_inst_replica_1/O
                         net (fo=6, routed)           0.112    12.685    aclk_IBUF_BUFG_repN_1
    BUFGCTRL_X0Y1        BUFG (Prop_bufg_I_O)         0.077    12.762 r  aclk_IBUF_BUFG_inst_replica/O
                         net (fo=4, routed)           0.112    12.874    aclk_IBUF_BUFG_repN
    BUFGCTRL_X0Y0        BUFG (Prop_bufg_I_O)         0.077    12.951 r  aclk_IBUF_BUFG_inst/O
                         net (fo=20443, routed)       1.466    14.417    u_wb/defaultClockArea_cpu/GlobalPredictorBTBPlugin_btb/rams_0/mem/xpm_memory_base_inst/clka
    RAMB36_X5Y18         RAMB36E1                                     r  u_wb/defaultClockArea_cpu/GlobalPredictorBTBPlugin_btb/rams_0/mem/xpm_memory_base_inst/gen_wr_a.gen_word_narrow.mem_reg/CLKARDCLK
                         clock pessimism              0.254    14.670    
                         clock uncertainty           -0.035    14.635    
    RAMB36_X5Y18         RAMB36E1 (Setup_ramb36e1_CLKARDCLK_ADDRARDADDR[12])
                                                     -0.653    13.982    u_wb/defaultClockArea_cpu/GlobalPredictorBTBPlugin_btb/rams_0/mem/xpm_memory_base_inst/gen_wr_a.gen_word_narrow.mem_reg
  -------------------------------------------------------------------
                         required time                         13.982    
                         arrival time                         -13.896    
  -------------------------------------------------------------------
                         slack                                  0.086    

Slack (MET) :             0.132ns  (required time - arrival time)
  Source:                 u_wb/defaultClockArea_cpu/MEM_MEM2_to_MEM_WB_ROB_IDX_reg[2]/C
                            (rising edge-triggered cell FDRE clocked by aclk  {rise@0.000ns fall@5.000ns period=10.000ns})
  Destination:            u_wb/defaultClockArea_cpu/GlobalPredictorBTBPlugin_btb/rams_0/mem/xpm_memory_base_inst/gen_wr_a.gen_word_narrow.mem_reg/ADDRARDADDR[11]
                            (rising edge-triggered cell RAMB36E1 clocked by aclk  {rise@0.000ns fall@5.000ns period=10.000ns})
  Path Group:             aclk
  Path Type:              Setup (Max at Slow Process Corner)
  Requirement:            10.000ns  (aclk rise@10.000ns - aclk rise@0.000ns)
  Data Path Delay:        9.223ns  (logic 1.768ns (19.170%)  route 7.455ns (80.830%))
  Logic Levels:           11  (LUT2=2 LUT3=1 LUT4=1 LUT5=3 LUT6=4)
  Clock Path Skew:        0.061ns (DCD - SCD + CPR)
    Destination Clock Delay (DCD):    4.417ns = ( 14.417 - 10.000 ) 
    Source Clock Delay      (SCD):    4.609ns
    Clock Pessimism Removal (CPR):    0.254ns
  Clock Uncertainty:      0.035ns  ((TSJ^2 + TIJ^2)^1/2 + DJ) / 2 + PE
    Total System Jitter     (TSJ):    0.071ns
    Total Input Jitter      (TIJ):    0.000ns
    Discrete Jitter          (DJ):    0.000ns
    Phase Error              (PE):    0.000ns

    Location             Delay type                Incr(ns)  Path(ns)    Netlist Resource(s)
  -------------------------------------------------------------------    -------------------
                         (clock aclk rise edge)       0.000     0.000 r  
    L22                                               0.000     0.000 r  aclk (IN)
                         net (fo=0)                   0.000     0.000    aclk
    L22                  IBUF (Prop_ibuf_I_O)         0.893     0.893 r  aclk_IBUF_inst/O
                         net (fo=1, routed)           1.827     2.720    aclk_IBUF
    BUFGCTRL_X0Y2        BUFG (Prop_bufg_I_O)         0.081     2.801 r  aclk_IBUF_BUFG_inst_replica_1/O
                         net (fo=6, routed)           0.118     2.919    aclk_IBUF_BUFG_repN_1
    BUFGCTRL_X0Y1        BUFG (Prop_bufg_I_O)         0.081     3.000 r  aclk_IBUF_BUFG_inst_replica/O
                         net (fo=4, routed)           0.118     3.118    aclk_IBUF_BUFG_repN
    BUFGCTRL_X0Y0        BUFG (Prop_bufg_I_O)         0.081     3.199 r  aclk_IBUF_BUFG_inst/O
                         net (fo=20443, routed)       1.411     4.609    u_wb/defaultClockArea_cpu/aclk_IBUF_BUFG
    SLICE_X98Y103        FDRE                                         r  u_wb/defaultClockArea_cpu/MEM_MEM2_to_MEM_WB_ROB_IDX_reg[2]/C
  -------------------------------------------------------------------    -------------------
    SLICE_X98Y103        FDRE (Prop_fdre_C_Q)         0.433     5.042 r  u_wb/defaultClockArea_cpu/MEM_MEM2_to_MEM_WB_ROB_IDX_reg[2]/Q
                         net (fo=55, routed)          0.692     5.734    u_wb/defaultClockArea_cpu/GlobalPredictorBTBPlugin_btb/rams_1/ExceptionHandlerPlugin_BADV_VADDR[31]_i_7_0[2]
    SLICE_X98Y103        LUT6 (Prop_lut6_I2_O)        0.105     5.839 r  u_wb/defaultClockArea_cpu/GlobalPredictorBTBPlugin_btb/rams_1/ExceptionHandlerPlugin_EENTRY_VA[25]_i_21/O
                         net (fo=1, routed)           0.225     6.065    u_wb/defaultClockArea_cpu/GlobalPredictorBTBPlugin_btb/rams_1/ExceptionHandlerPlugin_EENTRY_VA[25]_i_21_n_0
    SLICE_X97Y103        LUT5 (Prop_lut5_I2_O)        0.105     6.170 f  u_wb/defaultClockArea_cpu/GlobalPredictorBTBPlugin_btb/rams_1/ExceptionHandlerPlugin_EENTRY_VA[25]_i_14/O
                         net (fo=33, routed)          0.516     6.686    u_wb/defaultClockArea_cpu/GlobalPredictorBTBPlugin_btb/rams_1/when_WeBattleROBStorage_l1740
    SLICE_X97Y104        LUT2 (Prop_lut2_I1_O)        0.105     6.791 f  u_wb/defaultClockArea_cpu/GlobalPredictorBTBPlugin_btb/rams_1/ExceptionHandlerPlugin_EENTRY_VA[25]_i_7/O
                         net (fo=51, routed)          0.566     7.357    u_wb/defaultClockArea_cpu/GlobalPredictorBTBPlugin_predictor/pht/rams_0/when_WeBattleROBStorage_l174
    SLICE_X96Y107        LUT3 (Prop_lut3_I0_O)        0.105     7.462 f  u_wb/defaultClockArea_cpu/GlobalPredictorBTBPlugin_predictor/pht/rams_0/ExceptionHandlerPlugin_ESTAT_ECODE[5]_i_8/O
                         net (fo=2, routed)           0.356     7.818    u_wb/defaultClockArea_cpu/GlobalPredictorBTBPlugin_predictor/pht/rams_0/MEM_MEM2_to_MEM_WB_EXCEPTION_OCCURRED_reg
    SLICE_X95Y106        LUT6 (Prop_lut6_I2_O)        0.105     7.923 f  u_wb/defaultClockArea_cpu/GlobalPredictorBTBPlugin_predictor/pht/rams_0/ExceptionHandlerPlugin_ESTAT_ECODE[5]_i_3/O
                         net (fo=31, routed)          0.934     8.856    u_wb/defaultClockArea_cpu/GlobalPredictorBTBPlugin_predictor/pht/rams_0/WeBattleCommitPlugin_uncachedExecuting_reg_2
    SLICE_X95Y94         LUT6 (Prop_lut6_I1_O)        0.105     8.961 r  u_wb/defaultClockArea_cpu/GlobalPredictorBTBPlugin_predictor/pht/rams_0/ExceptionHandlerPlugin_LLBCTL_LLBIT_i_2/O
                         net (fo=118, routed)         0.714     9.675    u_wb/defaultClockArea_cpu/GlobalPredictorBTBPlugin_predictor/pht/rams_0/WeBattleCommitPlugin_uncachedExecuting_reg
    SLICE_X95Y88         LUT2 (Prop_lut2_I1_O)        0.105     9.780 r  u_wb/defaultClockArea_cpu/GlobalPredictorBTBPlugin_predictor/pht/rams_0/ProgramCounterPlugin_backendJumpInterface_rData[5]_i_4/O
                         net (fo=10, routed)          0.589    10.369    u_wb/defaultClockArea_cpu/GlobalPredictorBTBPlugin_btb/rams_1/ProgramCounterPlugin_backendJumpInterface_rData_reg[4]_0
    SLICE_X95Y88         LUT6 (Prop_lut6_I3_O)        0.105    10.474 r  u_wb/defaultClockArea_cpu/GlobalPredictorBTBPlugin_btb/rams_1/ProgramCounterPlugin_backendJumpInterface_rData[4]_i_1/O
                         net (fo=2, routed)           0.630    11.104    u_wb/defaultClockArea_cpu/weBattleCheckpointRAS_1/D[2]
    SLICE_X93Y79         LUT5 (Prop_lut5_I4_O)        0.105    11.209 r  u_wb/defaultClockArea_cpu/weBattleCheckpointRAS_1/mem_i_25__11/O
                         net (fo=36, routed)          0.990    12.199    u_wb/defaultClockArea_cpu/weBattleCheckpointRAS_1/GlobalPredictorBTBPlugin_index[2]
    SLICE_X92Y83         LUT5 (Prop_lut5_I2_O)        0.119    12.318 r  u_wb/defaultClockArea_cpu/weBattleCheckpointRAS_1/mem_i_73__1/O
                         net (fo=5, routed)           0.507    12.824    u_wb/defaultClockArea_cpu/weBattleCheckpointRAS_1/mem_i_73__1_n_0
    SLICE_X90Y84         LUT4 (Prop_lut4_I1_O)        0.271    13.095 r  u_wb/defaultClockArea_cpu/weBattleCheckpointRAS_1/mem_i_63__6/O
                         net (fo=1, routed)           0.737    13.832    u_wb/defaultClockArea_cpu/GlobalPredictorBTBPlugin_btb/rams_0/mem/xpm_memory_base_inst/addrb[5]
    RAMB36_X5Y18         RAMB36E1                                     r  u_wb/defaultClockArea_cpu/GlobalPredictorBTBPlugin_btb/rams_0/mem/xpm_memory_base_inst/gen_wr_a.gen_word_narrow.mem_reg/ADDRARDADDR[11]
  -------------------------------------------------------------------    -------------------

                         (clock aclk rise edge)      10.000    10.000 r  
    L22                                               0.000    10.000 r  aclk (IN)
                         net (fo=0)                   0.000    10.000    aclk
    L22                  IBUF (Prop_ibuf_I_O)         0.762    10.762 r  aclk_IBUF_inst/O
                         net (fo=1, routed)           1.734    12.496    aclk_IBUF
    BUFGCTRL_X0Y2        BUFG (Prop_bufg_I_O)         0.077    12.573 r  aclk_IBUF_BUFG_inst_replica_1/O
                         net (fo=6, routed)           0.112    12.685    aclk_IBUF_BUFG_repN_1
    BUFGCTRL_X0Y1        BUFG (Prop_bufg_I_O)         0.077    12.762 r  aclk_IBUF_BUFG_inst_replica/O
                         net (fo=4, routed)           0.112    12.874    aclk_IBUF_BUFG_repN
    BUFGCTRL_X0Y0        BUFG (Prop_bufg_I_O)         0.077    12.951 r  aclk_IBUF_BUFG_inst/O
                         net (fo=20443, routed)       1.466    14.417    u_wb/defaultClockArea_cpu/GlobalPredictorBTBPlugin_btb/rams_0/mem/xpm_memory_base_inst/clka
    RAMB36_X5Y18         RAMB36E1                                     r  u_wb/defaultClockArea_cpu/GlobalPredictorBTBPlugin_btb/rams_0/mem/xpm_memory_base_inst/gen_wr_a.gen_word_narrow.mem_reg/CLKARDCLK
                         clock pessimism              0.254    14.670    
                         clock uncertainty           -0.035    14.635    
    RAMB36_X5Y18         RAMB36E1 (Setup_ramb36e1_CLKARDCLK_ADDRARDADDR[11])
                                                     -0.671    13.964    u_wb/defaultClockArea_cpu/GlobalPredictorBTBPlugin_btb/rams_0/mem/xpm_memory_base_inst/gen_wr_a.gen_word_narrow.mem_reg
  -------------------------------------------------------------------
                         required time                         13.964    
                         arrival time                         -13.832    
  -------------------------------------------------------------------
                         slack                                  0.132    

Slack (MET) :             0.156ns  (required time - arrival time)
  Source:                 u_wb/defaultClockArea_cpu/IntIssueQueuePlugin_queue_0_payload_rRegs_0_valid_reg/C
                            (rising edge-triggered cell FDRE clocked by aclk  {rise@0.000ns fall@5.000ns period=10.000ns})
  Destination:            u_wb/defaultClockArea_cpu/IntIssueQueuePlugin_queue_3_payload_rRegs_0_valid_reg/D
                            (rising edge-triggered cell FDRE clocked by aclk  {rise@0.000ns fall@5.000ns period=10.000ns})
  Path Group:             aclk
  Path Type:              Setup (Max at Slow Process Corner)
  Requirement:            10.000ns  (aclk rise@10.000ns - aclk rise@0.000ns)
  Data Path Delay:        9.916ns  (logic 1.798ns (18.132%)  route 8.118ns (81.868%))
  Logic Levels:           13  (LUT2=3 LUT3=2 LUT4=2 LUT5=3 LUT6=3)
  Clock Path Skew:        0.076ns (DCD - SCD + CPR)
    Destination Clock Delay (DCD):    4.243ns = ( 14.243 - 10.000 ) 
    Source Clock Delay      (SCD):    4.404ns
    Clock Pessimism Removal (CPR):    0.238ns
  Clock Uncertainty:      0.035ns  ((TSJ^2 + TIJ^2)^1/2 + DJ) / 2 + PE
    Total System Jitter     (TSJ):    0.071ns
    Total Input Jitter      (TIJ):    0.000ns
    Discrete Jitter          (DJ):    0.000ns
    Phase Error              (PE):    0.000ns

    Location             Delay type                Incr(ns)  Path(ns)    Netlist Resource(s)
  -------------------------------------------------------------------    -------------------
                         (clock aclk rise edge)       0.000     0.000 r  
    L22                                               0.000     0.000 r  aclk (IN)
                         net (fo=0)                   0.000     0.000    aclk
    L22                  IBUF (Prop_ibuf_I_O)         0.893     0.893 r  aclk_IBUF_inst/O
                         net (fo=1, routed)           1.827     2.720    aclk_IBUF
    BUFGCTRL_X0Y2        BUFG (Prop_bufg_I_O)         0.081     2.801 r  aclk_IBUF_BUFG_inst_replica_1/O
                         net (fo=6, routed)           0.118     2.919    aclk_IBUF_BUFG_repN_1
    BUFGCTRL_X0Y1        BUFG (Prop_bufg_I_O)         0.081     3.000 r  aclk_IBUF_BUFG_inst_replica/O
                         net (fo=4, routed)           1.405     4.404    u_wb/defaultClockArea_cpu/aclk_IBUF_BUFG_repN_alias
    SLICE_X62Y142        FDRE                                         r  u_wb/defaultClockArea_cpu/IntIssueQueuePlugin_queue_0_payload_rRegs_0_valid_reg/C
  -------------------------------------------------------------------    -------------------
    SLICE_X62Y142        FDRE (Prop_fdre_C_Q)         0.433     4.837 f  u_wb/defaultClockArea_cpu/IntIssueQueuePlugin_queue_0_payload_rRegs_0_valid_reg/Q
                         net (fo=2, routed)           0.357     5.194    u_wb/defaultClockArea_cpu/IntIssueQueuePlugin_queue_0_payload_rRegs_0_valid
    SLICE_X63Y142        LUT2 (Prop_lut2_I0_O)        0.105     5.299 f  u_wb/defaultClockArea_cpu/IntIssueQueuePlugin_queue_0_payload_robIdx[4]_i_5/O
                         net (fo=14, routed)          0.704     6.003    u_wb/defaultClockArea_cpu/p_7862_in
    SLICE_X65Y142        LUT5 (Prop_lut5_I0_O)        0.105     6.108 r  u_wb/defaultClockArea_cpu/IntIssueQueuePlugin_queue_1_payload_robIdx[4]_i_24/O
                         net (fo=8, routed)           0.576     6.684    u_wb/defaultClockArea_cpu/IntIssueQueuePlugin_queue_1_payload_robIdx[4]_i_24_n_0
    SLICE_X64Y142        LUT5 (Prop_lut5_I0_O)        0.105     6.789 f  u_wb/defaultClockArea_cpu/INT2_ISS_to_INT2_RRD_ISSUE_SLOT_robIdx[4]_i_11/O
                         net (fo=13, routed)          0.529     7.319    u_wb/defaultClockArea_cpu/INT2_ISS_to_INT2_RRD_ISSUE_SLOT_robIdx[4]_i_11_n_0
    SLICE_X70Y141        LUT6 (Prop_lut6_I3_O)        0.105     7.424 f  u_wb/defaultClockArea_cpu/INT1_ISS_to_INT1_RRD_ISSUE_SLOT_robIdx[4]_i_10/O
                         net (fo=4, routed)           0.625     8.049    u_wb/defaultClockArea_cpu/INT1_ISS_to_INT1_RRD_ISSUE_SLOT_robIdx[4]_i_10_n_0
    SLICE_X75Y142        LUT3 (Prop_lut3_I1_O)        0.105     8.154 r  u_wb/defaultClockArea_cpu/IntIssueQueuePlugin_queue_3_payload_robIdx[4]_i_12/O
                         net (fo=3, routed)           0.754     8.908    u_wb/defaultClockArea_cpu/IntIssueQueuePlugin_queue_3_payload_robIdx[4]_i_12_n_0
    SLICE_X77Y145        LUT2 (Prop_lut2_I1_O)        0.105     9.013 r  u_wb/defaultClockArea_cpu/INT1_ISS_to_INT1_RRD_ISSUE_SLOT_robIdx[4]_i_6/O
                         net (fo=5, routed)           0.804     9.817    u_wb/defaultClockArea_cpu/INT1_ISS_to_INT1_RRD_ISSUE_SLOT_robIdx[4]_i_6_n_0
    SLICE_X74Y149        LUT3 (Prop_lut3_I1_O)        0.105     9.922 r  u_wb/defaultClockArea_cpu/INT1_ISS_to_INT1_RRD_ISSUE_SLOT_robIdx[4]_i_2/O
                         net (fo=58, routed)          0.792    10.715    u_wb/defaultClockArea_cpu/INT1_ISS_to_INT1_RRD_ISSUE_SLOT_robIdx[4]_i_2_n_0
    SLICE_X71Y152        LUT6 (Prop_lut6_I2_O)        0.105    10.820 r  u_wb/defaultClockArea_cpu/INT1_ISS_to_INT1_RRD_ISSUE_SLOT_uop_doRegWrite_i_1/O
                         net (fo=2, routed)           0.326    11.146    u_wb/defaultClockArea_cpu/_zz_INT1_ISS_IntExecutePlugin_issSlot_uop_doRegWrite
    SLICE_X71Y152        LUT4 (Prop_lut4_I2_O)        0.105    11.251 r  u_wb/defaultClockArea_cpu/IntIssueQueuePlugin_queue_4_payload_rRegs_1_valid_i_14/O
                         net (fo=9, routed)           0.810    12.061    u_wb/defaultClockArea_cpu/p_7403_in
    SLICE_X70Y149        LUT2 (Prop_lut2_I0_O)        0.105    12.166 r  u_wb/defaultClockArea_cpu/IntIssueQueuePlugin_queue_3_payload_rRegs_1_valid_i_31/O
                         net (fo=2, routed)           0.787    12.953    u_wb/defaultClockArea_cpu/IntIssueQueuePlugin_queue_3_payload_rRegs_1_valid_i_31_n_0
    SLICE_X70Y146        LUT6 (Prop_lut6_I2_O)        0.105    13.058 r  u_wb/defaultClockArea_cpu/IntIssueQueuePlugin_queue_3_payload_rRegs_0_valid_i_8/O
                         net (fo=1, routed)           0.481    13.539    u_wb/defaultClockArea_cpu/unsignedDivider_3/IntIssueQueuePlugin_queue_3_payload_rRegs_0_valid_reg_2
    SLICE_X69Y145        LUT5 (Prop_lut5_I4_O)        0.105    13.644 r  u_wb/defaultClockArea_cpu/unsignedDivider_3/IntIssueQueuePlugin_queue_3_payload_rRegs_0_valid_i_2/O
                         net (fo=1, routed)           0.572    14.216    u_wb/defaultClockArea_cpu/unsignedDivider_3/IntIssueQueuePlugin_queue_3_payload_rRegs_0_valid_i_2_n_0
    SLICE_X67Y143        LUT4 (Prop_lut4_I0_O)        0.105    14.321 r  u_wb/defaultClockArea_cpu/unsignedDivider_3/IntIssueQueuePlugin_queue_3_payload_rRegs_0_valid_i_1/O
                         net (fo=1, routed)           0.000    14.321    u_wb/defaultClockArea_cpu/unsignedDivider_3_n_152
    SLICE_X67Y143        FDRE                                         r  u_wb/defaultClockArea_cpu/IntIssueQueuePlugin_queue_3_payload_rRegs_0_valid_reg/D
  -------------------------------------------------------------------    -------------------

                         (clock aclk rise edge)      10.000    10.000 r  
    L22                                               0.000    10.000 r  aclk (IN)
                         net (fo=0)                   0.000    10.000    aclk
    L22                  IBUF (Prop_ibuf_I_O)         0.762    10.762 r  aclk_IBUF_inst/O
                         net (fo=1, routed)           1.734    12.496    aclk_IBUF
    BUFGCTRL_X0Y2        BUFG (Prop_bufg_I_O)         0.077    12.573 r  aclk_IBUF_BUFG_inst_replica_1/O
                         net (fo=6, routed)           0.112    12.685    aclk_IBUF_BUFG_repN_1
    BUFGCTRL_X0Y1        BUFG (Prop_bufg_I_O)         0.077    12.762 r  aclk_IBUF_BUFG_inst_replica/O
                         net (fo=4, routed)           0.112    12.874    aclk_IBUF_BUFG_repN
    BUFGCTRL_X0Y0        BUFG (Prop_bufg_I_O)         0.077    12.951 r  aclk_IBUF_BUFG_inst/O
                         net (fo=20443, routed)       1.292    14.243    u_wb/defaultClockArea_cpu/aclk_IBUF_BUFG
    SLICE_X67Y143        FDRE                                         r  u_wb/defaultClockArea_cpu/IntIssueQueuePlugin_queue_3_payload_rRegs_0_valid_reg/C
                         clock pessimism              0.238    14.480    
                         clock uncertainty           -0.035    14.445    
    SLICE_X67Y143        FDRE (Setup_fdre_C_D)        0.032    14.477    u_wb/defaultClockArea_cpu/IntIssueQueuePlugin_queue_3_payload_rRegs_0_valid_reg
  -------------------------------------------------------------------
                         required time                         14.477    
                         arrival time                         -14.321    
  -------------------------------------------------------------------
                         slack                                  0.156    

Slack (MET) :             0.188ns  (required time - arrival time)
  Source:                 u_wb/defaultClockArea_cpu/IntIssueQueuePlugin_queue_0_payload_rRegs_0_valid_reg/C
                            (rising edge-triggered cell FDRE clocked by aclk  {rise@0.000ns fall@5.000ns period=10.000ns})
  Destination:            u_wb/defaultClockArea_cpu/IntIssueQueuePlugin_queue_3_payload_rRegs_1_valid_reg/D
                            (rising edge-triggered cell FDRE clocked by aclk  {rise@0.000ns fall@5.000ns period=10.000ns})
  Path Group:             aclk
  Path Type:              Setup (Max at Slow Process Corner)
  Requirement:            10.000ns  (aclk rise@10.000ns - aclk rise@0.000ns)
  Data Path Delay:        9.887ns  (logic 1.798ns (18.186%)  route 8.089ns (81.814%))
  Logic Levels:           13  (LUT2=3 LUT3=2 LUT4=2 LUT5=2 LUT6=4)
  Clock Path Skew:        0.080ns (DCD - SCD + CPR)
    Destination Clock Delay (DCD):    4.247ns = ( 14.247 - 10.000 ) 
    Source Clock Delay      (SCD):    4.404ns
    Clock Pessimism Removal (CPR):    0.238ns
  Clock Uncertainty:      0.035ns  ((TSJ^2 + TIJ^2)^1/2 + DJ) / 2 + PE
    Total System Jitter     (TSJ):    0.071ns
    Total Input Jitter      (TIJ):    0.000ns
    Discrete Jitter          (DJ):    0.000ns
    Phase Error              (PE):    0.000ns

    Location             Delay type                Incr(ns)  Path(ns)    Netlist Resource(s)
  -------------------------------------------------------------------    -------------------
                         (clock aclk rise edge)       0.000     0.000 r  
    L22                                               0.000     0.000 r  aclk (IN)
                         net (fo=0)                   0.000     0.000    aclk
    L22                  IBUF (Prop_ibuf_I_O)         0.893     0.893 r  aclk_IBUF_inst/O
                         net (fo=1, routed)           1.827     2.720    aclk_IBUF
    BUFGCTRL_X0Y2        BUFG (Prop_bufg_I_O)         0.081     2.801 r  aclk_IBUF_BUFG_inst_replica_1/O
                         net (fo=6, routed)           0.118     2.919    aclk_IBUF_BUFG_repN_1
    BUFGCTRL_X0Y1        BUFG (Prop_bufg_I_O)         0.081     3.000 r  aclk_IBUF_BUFG_inst_replica/O
                         net (fo=4, routed)           1.405     4.404    u_wb/defaultClockArea_cpu/aclk_IBUF_BUFG_repN_alias
    SLICE_X62Y142        FDRE                                         r  u_wb/defaultClockArea_cpu/IntIssueQueuePlugin_queue_0_payload_rRegs_0_valid_reg/C
  -------------------------------------------------------------------    -------------------
    SLICE_X62Y142        FDRE (Prop_fdre_C_Q)         0.433     4.837 f  u_wb/defaultClockArea_cpu/IntIssueQueuePlugin_queue_0_payload_rRegs_0_valid_reg/Q
                         net (fo=2, routed)           0.357     5.194    u_wb/defaultClockArea_cpu/IntIssueQueuePlugin_queue_0_payload_rRegs_0_valid
    SLICE_X63Y142        LUT2 (Prop_lut2_I0_O)        0.105     5.299 f  u_wb/defaultClockArea_cpu/IntIssueQueuePlugin_queue_0_payload_robIdx[4]_i_5/O
                         net (fo=14, routed)          0.704     6.003    u_wb/defaultClockArea_cpu/p_7862_in
    SLICE_X65Y142        LUT5 (Prop_lut5_I0_O)        0.105     6.108 r  u_wb/defaultClockArea_cpu/IntIssueQueuePlugin_queue_1_payload_robIdx[4]_i_24/O
                         net (fo=8, routed)           0.576     6.684    u_wb/defaultClockArea_cpu/IntIssueQueuePlugin_queue_1_payload_robIdx[4]_i_24_n_0
    SLICE_X64Y142        LUT5 (Prop_lut5_I0_O)        0.105     6.789 f  u_wb/defaultClockArea_cpu/INT2_ISS_to_INT2_RRD_ISSUE_SLOT_robIdx[4]_i_11/O
                         net (fo=13, routed)          0.529     7.319    u_wb/defaultClockArea_cpu/INT2_ISS_to_INT2_RRD_ISSUE_SLOT_robIdx[4]_i_11_n_0
    SLICE_X70Y141        LUT6 (Prop_lut6_I3_O)        0.105     7.424 f  u_wb/defaultClockArea_cpu/INT1_ISS_to_INT1_RRD_ISSUE_SLOT_robIdx[4]_i_10/O
                         net (fo=4, routed)           0.625     8.049    u_wb/defaultClockArea_cpu/INT1_ISS_to_INT1_RRD_ISSUE_SLOT_robIdx[4]_i_10_n_0
    SLICE_X75Y142        LUT3 (Prop_lut3_I1_O)        0.105     8.154 r  u_wb/defaultClockArea_cpu/IntIssueQueuePlugin_queue_3_payload_robIdx[4]_i_12/O
                         net (fo=3, routed)           0.754     8.908    u_wb/defaultClockArea_cpu/IntIssueQueuePlugin_queue_3_payload_robIdx[4]_i_12_n_0
    SLICE_X77Y145        LUT2 (Prop_lut2_I1_O)        0.105     9.013 r  u_wb/defaultClockArea_cpu/INT1_ISS_to_INT1_RRD_ISSUE_SLOT_robIdx[4]_i_6/O
                         net (fo=5, routed)           0.804     9.817    u_wb/defaultClockArea_cpu/INT1_ISS_to_INT1_RRD_ISSUE_SLOT_robIdx[4]_i_6_n_0
    SLICE_X74Y149        LUT3 (Prop_lut3_I1_O)        0.105     9.922 r  u_wb/defaultClockArea_cpu/INT1_ISS_to_INT1_RRD_ISSUE_SLOT_robIdx[4]_i_2/O
                         net (fo=58, routed)          0.792    10.715    u_wb/defaultClockArea_cpu/INT1_ISS_to_INT1_RRD_ISSUE_SLOT_robIdx[4]_i_2_n_0
    SLICE_X71Y152        LUT6 (Prop_lut6_I2_O)        0.105    10.820 r  u_wb/defaultClockArea_cpu/INT1_ISS_to_INT1_RRD_ISSUE_SLOT_uop_doRegWrite_i_1/O
                         net (fo=2, routed)           0.326    11.146    u_wb/defaultClockArea_cpu/_zz_INT1_ISS_IntExecutePlugin_issSlot_uop_doRegWrite
    SLICE_X71Y152        LUT4 (Prop_lut4_I2_O)        0.105    11.251 r  u_wb/defaultClockArea_cpu/IntIssueQueuePlugin_queue_4_payload_rRegs_1_valid_i_14/O
                         net (fo=9, routed)           0.810    12.061    u_wb/defaultClockArea_cpu/p_7403_in
    SLICE_X70Y149        LUT2 (Prop_lut2_I0_O)        0.105    12.166 r  u_wb/defaultClockArea_cpu/IntIssueQueuePlugin_queue_3_payload_rRegs_1_valid_i_31/O
                         net (fo=2, routed)           0.932    13.098    u_wb/defaultClockArea_cpu/IntIssueQueuePlugin_queue_3_payload_rRegs_1_valid_i_31_n_0
    SLICE_X71Y146        LUT6 (Prop_lut6_I5_O)        0.105    13.203 r  u_wb/defaultClockArea_cpu/IntIssueQueuePlugin_queue_3_payload_rRegs_1_valid_i_9/O
                         net (fo=1, routed)           0.495    13.698    u_wb/defaultClockArea_cpu/unsignedDivider_3/IntIssueQueuePlugin_queue_3_payload_rRegs_1_valid_reg_3
    SLICE_X66Y145        LUT6 (Prop_lut6_I5_O)        0.105    13.803 r  u_wb/defaultClockArea_cpu/unsignedDivider_3/IntIssueQueuePlugin_queue_3_payload_rRegs_1_valid_i_2/O
                         net (fo=1, routed)           0.384    14.186    u_wb/defaultClockArea_cpu/unsignedDivider_3/IntIssueQueuePlugin_queue_3_payload_rRegs_1_valid_i_2_n_0
    SLICE_X63Y145        LUT4 (Prop_lut4_I0_O)        0.105    14.291 r  u_wb/defaultClockArea_cpu/unsignedDivider_3/IntIssueQueuePlugin_queue_3_payload_rRegs_1_valid_i_1/O
                         net (fo=1, routed)           0.000    14.291    u_wb/defaultClockArea_cpu/unsignedDivider_3_n_161
    SLICE_X63Y145        FDRE                                         r  u_wb/defaultClockArea_cpu/IntIssueQueuePlugin_queue_3_payload_rRegs_1_valid_reg/D
  -------------------------------------------------------------------    -------------------

                         (clock aclk rise edge)      10.000    10.000 r  
    L22                                               0.000    10.000 r  aclk (IN)
                         net (fo=0)                   0.000    10.000    aclk
    L22                  IBUF (Prop_ibuf_I_O)         0.762    10.762 r  aclk_IBUF_inst/O
                         net (fo=1, routed)           1.734    12.496    aclk_IBUF
    BUFGCTRL_X0Y2        BUFG (Prop_bufg_I_O)         0.077    12.573 r  aclk_IBUF_BUFG_inst_replica_1/O
                         net (fo=6, routed)           0.112    12.685    aclk_IBUF_BUFG_repN_1
    BUFGCTRL_X0Y1        BUFG (Prop_bufg_I_O)         0.077    12.762 r  aclk_IBUF_BUFG_inst_replica/O
                         net (fo=4, routed)           0.112    12.874    aclk_IBUF_BUFG_repN
    BUFGCTRL_X0Y0        BUFG (Prop_bufg_I_O)         0.077    12.951 r  aclk_IBUF_BUFG_inst/O
                         net (fo=20443, routed)       1.296    14.247    u_wb/defaultClockArea_cpu/aclk_IBUF_BUFG
    SLICE_X63Y145        FDRE                                         r  u_wb/defaultClockArea_cpu/IntIssueQueuePlugin_queue_3_payload_rRegs_1_valid_reg/C
                         clock pessimism              0.238    14.484    
                         clock uncertainty           -0.035    14.449    
    SLICE_X63Y145        FDRE (Setup_fdre_C_D)        0.030    14.479    u_wb/defaultClockArea_cpu/IntIssueQueuePlugin_queue_3_payload_rRegs_1_valid_reg
  -------------------------------------------------------------------
                         required time                         14.479    
                         arrival time                         -14.291    
  -------------------------------------------------------------------
                         slack                                  0.188    

Slack (MET) :             0.204ns  (required time - arrival time)
  Source:                 u_wb/defaultClockArea_cpu/IntIssueQueuePlugin_queue_4_valid_reg/C
                            (rising edge-triggered cell FDCE clocked by aclk  {rise@0.000ns fall@5.000ns period=10.000ns})
  Destination:            u_wb/defaultClockArea_cpu/IntIssueQueuePlugin_queue_0_payload_rRegs_1_valid_reg/D
                            (rising edge-triggered cell FDRE clocked by aclk  {rise@0.000ns fall@5.000ns period=10.000ns})
  Path Group:             aclk
  Path Type:              Setup (Max at Slow Process Corner)
  Requirement:            10.000ns  (aclk rise@10.000ns - aclk rise@0.000ns)
  Data Path Delay:        9.877ns  (logic 2.075ns (21.009%)  route 7.802ns (78.991%))
  Logic Levels:           13  (LUT3=2 LUT4=2 LUT5=1 LUT6=8)
  Clock Path Skew:        0.084ns (DCD - SCD + CPR)
    Destination Clock Delay (DCD):    4.245ns = ( 14.245 - 10.000 ) 
    Source Clock Delay      (SCD):    4.398ns
    Clock Pessimism Removal (CPR):    0.238ns
  Clock Uncertainty:      0.035ns  ((TSJ^2 + TIJ^2)^1/2 + DJ) / 2 + PE
    Total System Jitter     (TSJ):    0.071ns
    Total Input Jitter      (TIJ):    0.000ns
    Discrete Jitter          (DJ):    0.000ns
    Phase Error              (PE):    0.000ns

    Location             Delay type                Incr(ns)  Path(ns)    Netlist Resource(s)
  -------------------------------------------------------------------    -------------------
                         (clock aclk rise edge)       0.000     0.000 r  
    L22                                               0.000     0.000 r  aclk (IN)
                         net (fo=0)                   0.000     0.000    aclk
    L22                  IBUF (Prop_ibuf_I_O)         0.893     0.893 r  aclk_IBUF_inst/O
                         net (fo=1, routed)           1.827     2.720    aclk_IBUF
    BUFGCTRL_X0Y2        BUFG (Prop_bufg_I_O)         0.081     2.801 r  aclk_IBUF_BUFG_inst_replica_1/O
                         net (fo=6, routed)           0.118     2.919    aclk_IBUF_BUFG_repN_1
    BUFGCTRL_X0Y1        BUFG (Prop_bufg_I_O)         0.081     3.000 r  aclk_IBUF_BUFG_inst_replica/O
                         net (fo=4, routed)           1.399     4.398    u_wb/defaultClockArea_cpu/aclk_IBUF_BUFG_repN_alias
    SLICE_X71Y140        FDCE                                         r  u_wb/defaultClockArea_cpu/IntIssueQueuePlugin_queue_4_valid_reg/C
  -------------------------------------------------------------------    -------------------
    SLICE_X71Y140        FDCE (Prop_fdce_C_Q)         0.379     4.777 r  u_wb/defaultClockArea_cpu/IntIssueQueuePlugin_queue_4_valid_reg/Q
                         net (fo=8, routed)           0.353     5.130    u_wb/defaultClockArea_cpu/weBattleFetchQueue_1/IntIssueQueuePlugin_queue_0_payload_robIdx[4]_i_35
    SLICE_X71Y138        LUT3 (Prop_lut3_I2_O)        0.105     5.235 r  u_wb/defaultClockArea_cpu/weBattleFetchQueue_1/IntIssueQueuePlugin_queue_0_payload_robIdx[4]_i_22/O
                         net (fo=22, routed)          0.505     5.741    u_wb/defaultClockArea_cpu/weBattleFetchQueue_1/_zz__zz_IntIssueQueuePlugin_queueIO_pushPorts_0_ready_9_3[0]
    SLICE_X69Y139        LUT3 (Prop_lut3_I2_O)        0.105     5.846 r  u_wb/defaultClockArea_cpu/weBattleFetchQueue_1/RENAME_to_DISPATCH_DECODE_PACKET_2_payload_tlbOp[3]_i_10/O
                         net (fo=6, routed)           0.392     6.238    u_wb/defaultClockArea_cpu/weBattleFetchQueue_1/IntIssueQueuePlugin_queue_6_valid_reg_0
    SLICE_X70Y138        LUT6 (Prop_lut6_I1_O)        0.105     6.343 r  u_wb/defaultClockArea_cpu/weBattleFetchQueue_1/RENAME_to_DISPATCH_DECODE_PACKET_2_payload_tlbOp[3]_i_3/O
                         net (fo=2, routed)           0.666     7.009    u_wb/defaultClockArea_cpu/weBattleFetchQueue_1_n_212
    SLICE_X71Y137        LUT6 (Prop_lut6_I3_O)        0.105     7.114 r  u_wb/defaultClockArea_cpu/MemIssueQueuePlugin_queue_0_payload_robIdx[4]_i_10/O
                         net (fo=95, routed)          0.644     7.757    u_wb/defaultClockArea_cpu/MemIssueQueuePlugin_queue_0_payload_robIdx[4]_i_10_n_0
    SLICE_X70Y137        LUT4 (Prop_lut4_I3_O)        0.105     7.862 r  u_wb/defaultClockArea_cpu/IntIssueQueuePlugin_queue_0_payload_robIdx[4]_i_15/O
                         net (fo=7, routed)           0.597     8.459    u_wb/defaultClockArea_cpu/IntIssueQueuePlugin_queue_0_payload_robIdx[4]_i_15_n_0
    SLICE_X70Y140        LUT6 (Prop_lut6_I2_O)        0.105     8.564 r  u_wb/defaultClockArea_cpu/IntIssueQueuePlugin_queue_0_payload_robIdx[4]_i_24/O
                         net (fo=157, routed)         0.741     9.305    u_wb/defaultClockArea_cpu/when_WeBattleDenseIssueQueueState_l80_7
    SLICE_X65Y143        LUT6 (Prop_lut6_I5_O)        0.105     9.410 r  u_wb/defaultClockArea_cpu/IntIssueQueuePlugin_queue_2_payload_rRegs_1_payload[3]_i_8/O
                         net (fo=1, routed)           0.504     9.914    u_wb/defaultClockArea_cpu/IntIssueQueuePlugin_queue_2_payload_rRegs_1_payload[3]_i_8_n_0
    SLICE_X65Y148        LUT6 (Prop_lut6_I0_O)        0.105    10.019 f  u_wb/defaultClockArea_cpu/IntIssueQueuePlugin_queue_2_payload_rRegs_1_payload[3]_i_5/O
                         net (fo=3, routed)           0.520    10.539    u_wb/defaultClockArea_cpu/IntIssueQueuePlugin_queue_2_payload_rRegs_1_payload[3]_i_5_n_0
    SLICE_X62Y150        LUT5 (Prop_lut5_I2_O)        0.105    10.644 r  u_wb/defaultClockArea_cpu/IntIssueQueuePlugin_queue_0_payload_rRegs_1_payload[3]_i_3/O
                         net (fo=1, routed)           0.359    11.003    u_wb/defaultClockArea_cpu/IntIssueQueuePlugin_queue_0_payload_rRegs_1_payload[3]_i_3_n_0
    SLICE_X62Y150        LUT6 (Prop_lut6_I0_O)        0.264    11.267 r  u_wb/defaultClockArea_cpu/IntIssueQueuePlugin_queue_0_payload_rRegs_1_payload[3]_i_2/O
                         net (fo=9, routed)           0.824    12.092    u_wb/defaultClockArea_cpu/_zz_IntIssueQueuePlugin_queue_0_payload_rRegs_1_payload_7[3]
    SLICE_X59Y149        LUT6 (Prop_lut6_I2_O)        0.105    12.197 f  u_wb/defaultClockArea_cpu/IntIssueQueuePlugin_queue_0_payload_rRegs_1_valid_i_26/O
                         net (fo=1, routed)           0.651    12.848    u_wb/defaultClockArea_cpu/IntIssueQueuePlugin_queue_0_payload_rRegs_1_valid_i_26_n_0
    SLICE_X59Y148        LUT4 (Prop_lut4_I3_O)        0.115    12.963 r  u_wb/defaultClockArea_cpu/IntIssueQueuePlugin_queue_0_payload_rRegs_1_valid_i_6/O
                         net (fo=1, routed)           1.045    14.008    u_wb/defaultClockArea_cpu/unsignedDivider_3/IntIssueQueuePlugin_queue_0_payload_rRegs_1_valid_reg_2
    SLICE_X65Y143        LUT6 (Prop_lut6_I4_O)        0.267    14.275 r  u_wb/defaultClockArea_cpu/unsignedDivider_3/IntIssueQueuePlugin_queue_0_payload_rRegs_1_valid_i_1/O
                         net (fo=1, routed)           0.000    14.275    u_wb/defaultClockArea_cpu/unsignedDivider_3_n_102
    SLICE_X65Y143        FDRE                                         r  u_wb/defaultClockArea_cpu/IntIssueQueuePlugin_queue_0_payload_rRegs_1_valid_reg/D
  -------------------------------------------------------------------    -------------------

                         (clock aclk rise edge)      10.000    10.000 r  
    L22                                               0.000    10.000 r  aclk (IN)
                         net (fo=0)                   0.000    10.000    aclk
    L22                  IBUF (Prop_ibuf_I_O)         0.762    10.762 r  aclk_IBUF_inst/O
                         net (fo=1, routed)           1.734    12.496    aclk_IBUF
    BUFGCTRL_X0Y2        BUFG (Prop_bufg_I_O)         0.077    12.573 r  aclk_IBUF_BUFG_inst_replica_1/O
                         net (fo=6, routed)           0.112    12.685    aclk_IBUF_BUFG_repN_1
    BUFGCTRL_X0Y1        BUFG (Prop_bufg_I_O)         0.077    12.762 r  aclk_IBUF_BUFG_inst_replica/O
                         net (fo=4, routed)           0.112    12.874    aclk_IBUF_BUFG_repN
    BUFGCTRL_X0Y0        BUFG (Prop_bufg_I_O)         0.077    12.951 r  aclk_IBUF_BUFG_inst/O
                         net (fo=20443, routed)       1.294    14.245    u_wb/defaultClockArea_cpu/aclk_IBUF_BUFG
    SLICE_X65Y143        FDRE                                         r  u_wb/defaultClockArea_cpu/IntIssueQueuePlugin_queue_0_payload_rRegs_1_valid_reg/C
                         clock pessimism              0.238    14.482    
                         clock uncertainty           -0.035    14.447    
    SLICE_X65Y143        FDRE (Setup_fdre_C_D)        0.032    14.479    u_wb/defaultClockArea_cpu/IntIssueQueuePlugin_queue_0_payload_rRegs_1_valid_reg
  -------------------------------------------------------------------
                         required time                         14.479    
                         arrival time                         -14.275    
  -------------------------------------------------------------------
                         slack                                  0.204    

Slack (MET) :             0.257ns  (required time - arrival time)
  Source:                 u_wb/defaultClockArea_cpu/MEM_MEM2_to_MEM_WB_ROB_IDX_reg[2]/C
                            (rising edge-triggered cell FDRE clocked by aclk  {rise@0.000ns fall@5.000ns period=10.000ns})
  Destination:            u_wb/defaultClockArea_cpu/GlobalPredictorBTBPlugin_btb/rams_2/mem/xpm_memory_base_inst/gen_wr_a.gen_word_narrow.mem_reg/ADDRARDADDR[12]
                            (rising edge-triggered cell RAMB36E1 clocked by aclk  {rise@0.000ns fall@5.000ns period=10.000ns})
  Path Group:             aclk
  Path Type:              Setup (Max at Slow Process Corner)
  Requirement:            10.000ns  (aclk rise@10.000ns - aclk rise@0.000ns)
  Data Path Delay:        9.120ns  (logic 1.590ns (17.435%)  route 7.530ns (82.565%))
  Logic Levels:           11  (LUT2=2 LUT3=1 LUT5=4 LUT6=4)
  Clock Path Skew:        0.071ns (DCD - SCD + CPR)
    Destination Clock Delay (DCD):    4.427ns = ( 14.427 - 10.000 ) 
    Source Clock Delay      (SCD):    4.609ns
    Clock Pessimism Removal (CPR):    0.254ns
  Clock Uncertainty:      0.035ns  ((TSJ^2 + TIJ^2)^1/2 + DJ) / 2 + PE
    Total System Jitter     (TSJ):    0.071ns
    Total Input Jitter      (TIJ):    0.000ns
    Discrete Jitter          (DJ):    0.000ns
    Phase Error              (PE):    0.000ns

    Location             Delay type                Incr(ns)  Path(ns)    Netlist Resource(s)
  -------------------------------------------------------------------    -------------------
                         (clock aclk rise edge)       0.000     0.000 r  
    L22                                               0.000     0.000 r  aclk (IN)
                         net (fo=0)                   0.000     0.000    aclk
    L22                  IBUF (Prop_ibuf_I_O)         0.893     0.893 r  aclk_IBUF_inst/O
                         net (fo=1, routed)           1.827     2.720    aclk_IBUF
    BUFGCTRL_X0Y2        BUFG (Prop_bufg_I_O)         0.081     2.801 r  aclk_IBUF_BUFG_inst_replica_1/O
                         net (fo=6, routed)           0.118     2.919    aclk_IBUF_BUFG_repN_1
    BUFGCTRL_X0Y1        BUFG (Prop_bufg_I_O)         0.081     3.000 r  aclk_IBUF_BUFG_inst_replica/O
                         net (fo=4, routed)           0.118     3.118    aclk_IBUF_BUFG_repN
    BUFGCTRL_X0Y0        BUFG (Prop_bufg_I_O)         0.081     3.199 r  aclk_IBUF_BUFG_inst/O
                         net (fo=20443, routed)       1.411     4.609    u_wb/defaultClockArea_cpu/aclk_IBUF_BUFG
    SLICE_X98Y103        FDRE                                         r  u_wb/defaultClockArea_cpu/MEM_MEM2_to_MEM_WB_ROB_IDX_reg[2]/C
  -------------------------------------------------------------------    -------------------
    SLICE_X98Y103        FDRE (Prop_fdre_C_Q)         0.433     5.042 r  u_wb/defaultClockArea_cpu/MEM_MEM2_to_MEM_WB_ROB_IDX_reg[2]/Q
                         net (fo=55, routed)          0.692     5.734    u_wb/defaultClockArea_cpu/GlobalPredictorBTBPlugin_btb/rams_1/ExceptionHandlerPlugin_BADV_VADDR[31]_i_7_0[2]
    SLICE_X98Y103        LUT6 (Prop_lut6_I2_O)        0.105     5.839 r  u_wb/defaultClockArea_cpu/GlobalPredictorBTBPlugin_btb/rams_1/ExceptionHandlerPlugin_EENTRY_VA[25]_i_21/O
                         net (fo=1, routed)           0.225     6.065    u_wb/defaultClockArea_cpu/GlobalPredictorBTBPlugin_btb/rams_1/ExceptionHandlerPlugin_EENTRY_VA[25]_i_21_n_0
    SLICE_X97Y103        LUT5 (Prop_lut5_I2_O)        0.105     6.170 f  u_wb/defaultClockArea_cpu/GlobalPredictorBTBPlugin_btb/rams_1/ExceptionHandlerPlugin_EENTRY_VA[25]_i_14/O
                         net (fo=33, routed)          0.516     6.686    u_wb/defaultClockArea_cpu/GlobalPredictorBTBPlugin_btb/rams_1/when_WeBattleROBStorage_l1740
    SLICE_X97Y104        LUT2 (Prop_lut2_I1_O)        0.105     6.791 f  u_wb/defaultClockArea_cpu/GlobalPredictorBTBPlugin_btb/rams_1/ExceptionHandlerPlugin_EENTRY_VA[25]_i_7/O
                         net (fo=51, routed)          0.566     7.357    u_wb/defaultClockArea_cpu/GlobalPredictorBTBPlugin_predictor/pht/rams_0/when_WeBattleROBStorage_l174
    SLICE_X96Y107        LUT3 (Prop_lut3_I0_O)        0.105     7.462 f  u_wb/defaultClockArea_cpu/GlobalPredictorBTBPlugin_predictor/pht/rams_0/ExceptionHandlerPlugin_ESTAT_ECODE[5]_i_8/O
                         net (fo=2, routed)           0.356     7.818    u_wb/defaultClockArea_cpu/GlobalPredictorBTBPlugin_predictor/pht/rams_0/MEM_MEM2_to_MEM_WB_EXCEPTION_OCCURRED_reg
    SLICE_X95Y106        LUT6 (Prop_lut6_I2_O)        0.105     7.923 f  u_wb/defaultClockArea_cpu/GlobalPredictorBTBPlugin_predictor/pht/rams_0/ExceptionHandlerPlugin_ESTAT_ECODE[5]_i_3/O
                         net (fo=31, routed)          0.934     8.856    u_wb/defaultClockArea_cpu/GlobalPredictorBTBPlugin_predictor/pht/rams_0/WeBattleCommitPlugin_uncachedExecuting_reg_2
    SLICE_X95Y94         LUT6 (Prop_lut6_I1_O)        0.105     8.961 r  u_wb/defaultClockArea_cpu/GlobalPredictorBTBPlugin_predictor/pht/rams_0/ExceptionHandlerPlugin_LLBCTL_LLBIT_i_2/O
                         net (fo=118, routed)         0.714     9.675    u_wb/defaultClockArea_cpu/GlobalPredictorBTBPlugin_predictor/pht/rams_0/WeBattleCommitPlugin_uncachedExecuting_reg
    SLICE_X95Y88         LUT2 (Prop_lut2_I1_O)        0.105     9.780 r  u_wb/defaultClockArea_cpu/GlobalPredictorBTBPlugin_predictor/pht/rams_0/ProgramCounterPlugin_backendJumpInterface_rData[5]_i_4/O
                         net (fo=10, routed)          0.589    10.369    u_wb/defaultClockArea_cpu/GlobalPredictorBTBPlugin_btb/rams_1/ProgramCounterPlugin_backendJumpInterface_rData_reg[4]_0
    SLICE_X95Y88         LUT6 (Prop_lut6_I3_O)        0.105    10.474 r  u_wb/defaultClockArea_cpu/GlobalPredictorBTBPlugin_btb/rams_1/ProgramCounterPlugin_backendJumpInterface_rData[4]_i_1/O
                         net (fo=2, routed)           0.630    11.104    u_wb/defaultClockArea_cpu/weBattleCheckpointRAS_1/D[2]
    SLICE_X93Y79         LUT5 (Prop_lut5_I4_O)        0.105    11.209 r  u_wb/defaultClockArea_cpu/weBattleCheckpointRAS_1/mem_i_25__11/O
                         net (fo=36, routed)          0.990    12.199    u_wb/defaultClockArea_cpu/weBattleCheckpointRAS_1/GlobalPredictorBTBPlugin_index[2]
    SLICE_X92Y83         LUT5 (Prop_lut5_I2_O)        0.105    12.304 r  u_wb/defaultClockArea_cpu/weBattleCheckpointRAS_1/mem_i_72__3/O
                         net (fo=5, routed)           0.731    13.035    u_wb/defaultClockArea_cpu/weBattleCheckpointRAS_1/mem_i_72__3_n_0
    SLICE_X103Y80        LUT5 (Prop_lut5_I1_O)        0.107    13.142 r  u_wb/defaultClockArea_cpu/weBattleCheckpointRAS_1/mem_i_63__7/O
                         net (fo=1, routed)           0.587    13.729    u_wb/defaultClockArea_cpu/GlobalPredictorBTBPlugin_btb/rams_2/mem/xpm_memory_base_inst/addrb[6]
    RAMB36_X6Y16         RAMB36E1                                     r  u_wb/defaultClockArea_cpu/GlobalPredictorBTBPlugin_btb/rams_2/mem/xpm_memory_base_inst/gen_wr_a.gen_word_narrow.mem_reg/ADDRARDADDR[12]
  -------------------------------------------------------------------    -------------------

                         (clock aclk rise edge)      10.000    10.000 r  
    L22                                               0.000    10.000 r  aclk (IN)
                         net (fo=0)                   0.000    10.000    aclk
    L22                  IBUF (Prop_ibuf_I_O)         0.762    10.762 r  aclk_IBUF_inst/O
                         net (fo=1, routed)           1.734    12.496    aclk_IBUF
    BUFGCTRL_X0Y2        BUFG (Prop_bufg_I_O)         0.077    12.573 r  aclk_IBUF_BUFG_inst_replica_1/O
                         net (fo=6, routed)           0.112    12.685    aclk_IBUF_BUFG_repN_1
    BUFGCTRL_X0Y1        BUFG (Prop_bufg_I_O)         0.077    12.762 r  aclk_IBUF_BUFG_inst_replica/O
                         net (fo=4, routed)           0.112    12.874    aclk_IBUF_BUFG_repN
    BUFGCTRL_X0Y0        BUFG (Prop_bufg_I_O)         0.077    12.951 r  aclk_IBUF_BUFG_inst/O
                         net (fo=20443, routed)       1.476    14.427    u_wb/defaultClockArea_cpu/GlobalPredictorBTBPlugin_btb/rams_2/mem/xpm_memory_base_inst/clka
    RAMB36_X6Y16         RAMB36E1                                     r  u_wb/defaultClockArea_cpu/GlobalPredictorBTBPlugin_btb/rams_2/mem/xpm_memory_base_inst/gen_wr_a.gen_word_narrow.mem_reg/CLKARDCLK
                         clock pessimism              0.254    14.680    
                         clock uncertainty           -0.035    14.645    
    RAMB36_X6Y16         RAMB36E1 (Setup_ramb36e1_CLKARDCLK_ADDRARDADDR[12])
                                                     -0.659    13.986    u_wb/defaultClockArea_cpu/GlobalPredictorBTBPlugin_btb/rams_2/mem/xpm_memory_base_inst/gen_wr_a.gen_word_narrow.mem_reg
  -------------------------------------------------------------------
                         required time                         13.986    
                         arrival time                         -13.729    
  -------------------------------------------------------------------
                         slack                                  0.257    

Slack (MET) :             0.264ns  (required time - arrival time)
  Source:                 u_wb/defaultClockArea_cpu/MEM_MEM2_to_MEM_WB_ROB_IDX_reg[2]/C
                            (rising edge-triggered cell FDRE clocked by aclk  {rise@0.000ns fall@5.000ns period=10.000ns})
  Destination:            u_wb/defaultClockArea_cpu/GlobalPredictorBTBPlugin_btb/rams_2/mem/xpm_memory_base_inst/gen_wr_a.gen_word_narrow.mem_reg/ADDRARDADDR[10]
                            (rising edge-triggered cell RAMB36E1 clocked by aclk  {rise@0.000ns fall@5.000ns period=10.000ns})
  Path Group:             aclk
  Path Type:              Setup (Max at Slow Process Corner)
  Requirement:            10.000ns  (aclk rise@10.000ns - aclk rise@0.000ns)
  Data Path Delay:        9.118ns  (logic 1.593ns (17.471%)  route 7.525ns (82.529%))
  Logic Levels:           11  (LUT2=2 LUT3=2 LUT5=3 LUT6=4)
  Clock Path Skew:        0.071ns (DCD - SCD + CPR)
    Destination Clock Delay (DCD):    4.427ns = ( 14.427 - 10.000 ) 
    Source Clock Delay      (SCD):    4.609ns
    Clock Pessimism Removal (CPR):    0.254ns
  Clock Uncertainty:      0.035ns  ((TSJ^2 + TIJ^2)^1/2 + DJ) / 2 + PE
    Total System Jitter     (TSJ):    0.071ns
    Total Input Jitter      (TIJ):    0.000ns
    Discrete Jitter          (DJ):    0.000ns
    Phase Error              (PE):    0.000ns

    Location             Delay type                Incr(ns)  Path(ns)    Netlist Resource(s)
  -------------------------------------------------------------------    -------------------
                         (clock aclk rise edge)       0.000     0.000 r  
    L22                                               0.000     0.000 r  aclk (IN)
                         net (fo=0)                   0.000     0.000    aclk
    L22                  IBUF (Prop_ibuf_I_O)         0.893     0.893 r  aclk_IBUF_inst/O
                         net (fo=1, routed)           1.827     2.720    aclk_IBUF
    BUFGCTRL_X0Y2        BUFG (Prop_bufg_I_O)         0.081     2.801 r  aclk_IBUF_BUFG_inst_replica_1/O
                         net (fo=6, routed)           0.118     2.919    aclk_IBUF_BUFG_repN_1
    BUFGCTRL_X0Y1        BUFG (Prop_bufg_I_O)         0.081     3.000 r  aclk_IBUF_BUFG_inst_replica/O
                         net (fo=4, routed)           0.118     3.118    aclk_IBUF_BUFG_repN
    BUFGCTRL_X0Y0        BUFG (Prop_bufg_I_O)         0.081     3.199 r  aclk_IBUF_BUFG_inst/O
                         net (fo=20443, routed)       1.411     4.609    u_wb/defaultClockArea_cpu/aclk_IBUF_BUFG
    SLICE_X98Y103        FDRE                                         r  u_wb/defaultClockArea_cpu/MEM_MEM2_to_MEM_WB_ROB_IDX_reg[2]/C
  -------------------------------------------------------------------    -------------------
    SLICE_X98Y103        FDRE (Prop_fdre_C_Q)         0.433     5.042 r  u_wb/defaultClockArea_cpu/MEM_MEM2_to_MEM_WB_ROB_IDX_reg[2]/Q
                         net (fo=55, routed)          0.692     5.734    u_wb/defaultClockArea_cpu/GlobalPredictorBTBPlugin_btb/rams_1/ExceptionHandlerPlugin_BADV_VADDR[31]_i_7_0[2]
    SLICE_X98Y103        LUT6 (Prop_lut6_I2_O)        0.105     5.839 r  u_wb/defaultClockArea_cpu/GlobalPredictorBTBPlugin_btb/rams_1/ExceptionHandlerPlugin_EENTRY_VA[25]_i_21/O
                         net (fo=1, routed)           0.225     6.065    u_wb/defaultClockArea_cpu/GlobalPredictorBTBPlugin_btb/rams_1/ExceptionHandlerPlugin_EENTRY_VA[25]_i_21_n_0
    SLICE_X97Y103        LUT5 (Prop_lut5_I2_O)        0.105     6.170 f  u_wb/defaultClockArea_cpu/GlobalPredictorBTBPlugin_btb/rams_1/ExceptionHandlerPlugin_EENTRY_VA[25]_i_14/O
                         net (fo=33, routed)          0.516     6.686    u_wb/defaultClockArea_cpu/GlobalPredictorBTBPlugin_btb/rams_1/when_WeBattleROBStorage_l1740
    SLICE_X97Y104        LUT2 (Prop_lut2_I1_O)        0.105     6.791 f  u_wb/defaultClockArea_cpu/GlobalPredictorBTBPlugin_btb/rams_1/ExceptionHandlerPlugin_EENTRY_VA[25]_i_7/O
                         net (fo=51, routed)          0.566     7.357    u_wb/defaultClockArea_cpu/GlobalPredictorBTBPlugin_predictor/pht/rams_0/when_WeBattleROBStorage_l174
    SLICE_X96Y107        LUT3 (Prop_lut3_I0_O)        0.105     7.462 f  u_wb/defaultClockArea_cpu/GlobalPredictorBTBPlugin_predictor/pht/rams_0/ExceptionHandlerPlugin_ESTAT_ECODE[5]_i_8/O
                         net (fo=2, routed)           0.356     7.818    u_wb/defaultClockArea_cpu/GlobalPredictorBTBPlugin_predictor/pht/rams_0/MEM_MEM2_to_MEM_WB_EXCEPTION_OCCURRED_reg
    SLICE_X95Y106        LUT6 (Prop_lut6_I2_O)        0.105     7.923 f  u_wb/defaultClockArea_cpu/GlobalPredictorBTBPlugin_predictor/pht/rams_0/ExceptionHandlerPlugin_ESTAT_ECODE[5]_i_3/O
                         net (fo=31, routed)          0.934     8.856    u_wb/defaultClockArea_cpu/GlobalPredictorBTBPlugin_predictor/pht/rams_0/WeBattleCommitPlugin_uncachedExecuting_reg_2
    SLICE_X95Y94         LUT6 (Prop_lut6_I1_O)        0.105     8.961 r  u_wb/defaultClockArea_cpu/GlobalPredictorBTBPlugin_predictor/pht/rams_0/ExceptionHandlerPlugin_LLBCTL_LLBIT_i_2/O
                         net (fo=118, routed)         0.714     9.675    u_wb/defaultClockArea_cpu/GlobalPredictorBTBPlugin_predictor/pht/rams_0/WeBattleCommitPlugin_uncachedExecuting_reg
    SLICE_X95Y88         LUT2 (Prop_lut2_I1_O)        0.105     9.780 r  u_wb/defaultClockArea_cpu/GlobalPredictorBTBPlugin_predictor/pht/rams_0/ProgramCounterPlugin_backendJumpInterface_rData[5]_i_4/O
                         net (fo=10, routed)          0.589    10.369    u_wb/defaultClockArea_cpu/GlobalPredictorBTBPlugin_btb/rams_1/ProgramCounterPlugin_backendJumpInterface_rData_reg[4]_0
    SLICE_X95Y88         LUT6 (Prop_lut6_I3_O)        0.105    10.474 r  u_wb/defaultClockArea_cpu/GlobalPredictorBTBPlugin_btb/rams_1/ProgramCounterPlugin_backendJumpInterface_rData[4]_i_1/O
                         net (fo=2, routed)           0.630    11.104    u_wb/defaultClockArea_cpu/weBattleCheckpointRAS_1/D[2]
    SLICE_X93Y79         LUT5 (Prop_lut5_I4_O)        0.105    11.209 r  u_wb/defaultClockArea_cpu/weBattleCheckpointRAS_1/mem_i_25__11/O
                         net (fo=36, routed)          0.990    12.199    u_wb/defaultClockArea_cpu/weBattleCheckpointRAS_1/GlobalPredictorBTBPlugin_index[2]
    SLICE_X92Y83         LUT5 (Prop_lut5_I2_O)        0.105    12.304 r  u_wb/defaultClockArea_cpu/weBattleCheckpointRAS_1/mem_i_72__3/O
                         net (fo=5, routed)           0.732    13.036    u_wb/defaultClockArea_cpu/weBattleCheckpointRAS_1/mem_i_72__3_n_0
    SLICE_X103Y80        LUT3 (Prop_lut3_I1_O)        0.110    13.146 r  u_wb/defaultClockArea_cpu/weBattleCheckpointRAS_1/mem_i_65__6/O
                         net (fo=1, routed)           0.582    13.727    u_wb/defaultClockArea_cpu/GlobalPredictorBTBPlugin_btb/rams_2/mem/xpm_memory_base_inst/addrb[4]
    RAMB36_X6Y16         RAMB36E1                                     r  u_wb/defaultClockArea_cpu/GlobalPredictorBTBPlugin_btb/rams_2/mem/xpm_memory_base_inst/gen_wr_a.gen_word_narrow.mem_reg/ADDRARDADDR[10]
  -------------------------------------------------------------------    -------------------

                         (clock aclk rise edge)      10.000    10.000 r  
    L22                                               0.000    10.000 r  aclk (IN)
                         net (fo=0)                   0.000    10.000    aclk
    L22                  IBUF (Prop_ibuf_I_O)         0.762    10.762 r  aclk_IBUF_inst/O
                         net (fo=1, routed)           1.734    12.496    aclk_IBUF
    BUFGCTRL_X0Y2        BUFG (Prop_bufg_I_O)         0.077    12.573 r  aclk_IBUF_BUFG_inst_replica_1/O
                         net (fo=6, routed)           0.112    12.685    aclk_IBUF_BUFG_repN_1
    BUFGCTRL_X0Y1        BUFG (Prop_bufg_I_O)         0.077    12.762 r  aclk_IBUF_BUFG_inst_replica/O
                         net (fo=4, routed)           0.112    12.874    aclk_IBUF_BUFG_repN
    BUFGCTRL_X0Y0        BUFG (Prop_bufg_I_O)         0.077    12.951 r  aclk_IBUF_BUFG_inst/O
                         net (fo=20443, routed)       1.476    14.427    u_wb/defaultClockArea_cpu/GlobalPredictorBTBPlugin_btb/rams_2/mem/xpm_memory_base_inst/clka
    RAMB36_X6Y16         RAMB36E1                                     r  u_wb/defaultClockArea_cpu/GlobalPredictorBTBPlugin_btb/rams_2/mem/xpm_memory_base_inst/gen_wr_a.gen_word_narrow.mem_reg/CLKARDCLK
                         clock pessimism              0.254    14.680    
                         clock uncertainty           -0.035    14.645    
    RAMB36_X6Y16         RAMB36E1 (Setup_ramb36e1_CLKARDCLK_ADDRARDADDR[10])
                                                     -0.653    13.992    u_wb/defaultClockArea_cpu/GlobalPredictorBTBPlugin_btb/rams_2/mem/xpm_memory_base_inst/gen_wr_a.gen_word_narrow.mem_reg
  -------------------------------------------------------------------
                         required time                         13.992    
                         arrival time                         -13.727    
  -------------------------------------------------------------------
                         slack                                  0.264    

Slack (MET) :             0.267ns  (required time - arrival time)
  Source:                 u_wb/defaultClockArea_cpu/_zz_ROBFIFOPlugin_popPtr_reg[1]/C
                            (rising edge-triggered cell FDCE clocked by aclk  {rise@0.000ns fall@5.000ns period=10.000ns})
  Destination:            u_wb/defaultClockArea_cpu/ICachePlugin_dataRAMs_1/mem/xpm_memory_base_inst/gen_wr_a.gen_byte_narrow.for_mem_cols[1].mem_reg_1/ADDRARDADDR[11]
                            (rising edge-triggered cell RAMB36E1 clocked by aclk  {rise@0.000ns fall@5.000ns period=10.000ns})
  Path Group:             aclk
  Path Type:              Setup (Max at Slow Process Corner)
  Requirement:            10.000ns  (aclk rise@10.000ns - aclk rise@0.000ns)
  Data Path Delay:        9.256ns  (logic 1.544ns (16.680%)  route 7.712ns (83.320%))
  Logic Levels:           9  (LUT4=1 LUT5=1 LUT6=6 MUXF7=1)
  Clock Path Skew:        0.049ns (DCD - SCD + CPR)
    Destination Clock Delay (DCD):    4.415ns = ( 14.415 - 10.000 ) 
    Source Clock Delay      (SCD):    4.619ns
    Clock Pessimism Removal (CPR):    0.254ns
  Clock Uncertainty:      0.035ns  ((TSJ^2 + TIJ^2)^1/2 + DJ) / 2 + PE
    Total System Jitter     (TSJ):    0.071ns
    Total Input Jitter      (TIJ):    0.000ns
    Discrete Jitter          (DJ):    0.000ns
    Phase Error              (PE):    0.000ns

    Location             Delay type                Incr(ns)  Path(ns)    Netlist Resource(s)
  -------------------------------------------------------------------    -------------------
                         (clock aclk rise edge)       0.000     0.000 r  
    L22                                               0.000     0.000 r  aclk (IN)
                         net (fo=0)                   0.000     0.000    aclk
    L22                  IBUF (Prop_ibuf_I_O)         0.893     0.893 r  aclk_IBUF_inst/O
                         net (fo=1, routed)           1.827     2.720    aclk_IBUF
    BUFGCTRL_X0Y2        BUFG (Prop_bufg_I_O)         0.081     2.801 r  aclk_IBUF_BUFG_inst_replica_1/O
                         net (fo=6, routed)           0.118     2.919    aclk_IBUF_BUFG_repN_1
    BUFGCTRL_X0Y1        BUFG (Prop_bufg_I_O)         0.081     3.000 r  aclk_IBUF_BUFG_inst_replica/O
                         net (fo=4, routed)           0.118     3.118    aclk_IBUF_BUFG_repN
    BUFGCTRL_X0Y0        BUFG (Prop_bufg_I_O)         0.081     3.199 r  aclk_IBUF_BUFG_inst/O
                         net (fo=20443, routed)       1.421     4.619    u_wb/defaultClockArea_cpu/aclk_IBUF_BUFG
    SLICE_X111Y109       FDCE                                         r  u_wb/defaultClockArea_cpu/_zz_ROBFIFOPlugin_popPtr_reg[1]/C
  -------------------------------------------------------------------    -------------------
    SLICE_X111Y109       FDCE (Prop_fdce_C_Q)         0.379     4.998 r  u_wb/defaultClockArea_cpu/_zz_ROBFIFOPlugin_popPtr_reg[1]/Q
                         net (fo=126, routed)         0.981     5.979    u_wb/defaultClockArea_cpu/GlobalPredictorBTBPlugin_btb/rams_1/MMUPlugin_PGDH_BASE_reg[19][0]
    SLICE_X111Y104       LUT6 (Prop_lut6_I2_O)        0.105     6.084 r  u_wb/defaultClockArea_cpu/GlobalPredictorBTBPlugin_btb/rams_1/ExceptionHandlerPlugin_EENTRY_VA[5]_i_8/O
                         net (fo=1, routed)           0.000     6.084    u_wb/defaultClockArea_cpu/GlobalPredictorBTBPlugin_btb/rams_1/ExceptionHandlerPlugin_EENTRY_VA[5]_i_8_n_0
    SLICE_X111Y104       MUXF7 (Prop_muxf7_I0_O)      0.178     6.262 r  u_wb/defaultClockArea_cpu/GlobalPredictorBTBPlugin_btb/rams_1/ExceptionHandlerPlugin_EENTRY_VA_reg[5]_i_4/O
                         net (fo=1, routed)           0.924     7.186    u_wb/defaultClockArea_cpu/GlobalPredictorBTBPlugin_btb/rams_1/ExceptionHandlerPlugin_EENTRY_VA_reg[5]_i_4_n_0
    SLICE_X110Y110       LUT6 (Prop_lut6_I0_O)        0.252     7.438 r  u_wb/defaultClockArea_cpu/GlobalPredictorBTBPlugin_btb/rams_1/ExceptionHandlerPlugin_EENTRY_VA[5]_i_3/O
                         net (fo=1, routed)           0.697     8.135    u_wb/defaultClockArea_cpu/GlobalPredictorBTBPlugin_btb/rams_1/_zz_ROBFIFOPlugin_fifoIO_pop_0_payload_state_intResult_36[11]
    SLICE_X103Y105       LUT6 (Prop_lut6_I2_O)        0.105     8.240 r  u_wb/defaultClockArea_cpu/GlobalPredictorBTBPlugin_btb/rams_1/ExceptionHandlerPlugin_EENTRY_VA[5]_i_2/O
                         net (fo=1, routed)           0.452     8.692    u_wb/defaultClockArea_cpu/GlobalPredictorBTBPlugin_btb/rams_1/ExceptionHandlerPlugin_EENTRY_VA[5]_i_2_n_0
    SLICE_X101Y102       LUT6 (Prop_lut6_I1_O)        0.105     8.797 r  u_wb/defaultClockArea_cpu/GlobalPredictorBTBPlugin_btb/rams_1/ExceptionHandlerPlugin_EENTRY_VA[5]_i_1/O
                         net (fo=20, routed)          1.017     9.814    u_wb/defaultClockArea_cpu/GlobalPredictorBTBPlugin_predictor/tournamentPht/rams_1/ProgramCounterPlugin_backendJumpInterface_rData_reg[11]
    SLICE_X95Y91         LUT6 (Prop_lut6_I3_O)        0.105     9.919 r  u_wb/defaultClockArea_cpu/GlobalPredictorBTBPlugin_predictor/tournamentPht/rams_1/ProgramCounterPlugin_backendJumpInterface_rData[11]_i_2/O
                         net (fo=1, routed)           0.616    10.536    u_wb/defaultClockArea_cpu/GlobalPredictorBTBPlugin_predictor/tournamentPht/rams_1/ProgramCounterPlugin_backendJumpInterface_rData[11]_i_2_n_0
    SLICE_X91Y89         LUT6 (Prop_lut6_I5_O)        0.105    10.641 r  u_wb/defaultClockArea_cpu/GlobalPredictorBTBPlugin_predictor/tournamentPht/rams_1/ProgramCounterPlugin_backendJumpInterface_rData[11]_i_1/O
                         net (fo=2, routed)           0.862    11.503    u_wb/defaultClockArea_cpu/weBattleCheckpointRAS_1/D[9]
    SLICE_X91Y79         LUT5 (Prop_lut5_I4_O)        0.105    11.608 r  u_wb/defaultClockArea_cpu/weBattleCheckpointRAS_1/mem_i_11__14/O
                         net (fo=16, routed)          0.815    12.423    u_wb/defaultClockArea_cpu/weBattleFetchQueue_1/GlobalPredictorBTBPlugin_index[5]
    SLICE_X84Y73         LUT4 (Prop_lut4_I3_O)        0.105    12.528 r  u_wb/defaultClockArea_cpu/weBattleFetchQueue_1/mem_i_19__11/O
                         net (fo=17, routed)          1.348    13.876    u_wb/defaultClockArea_cpu/ICachePlugin_dataRAMs_1/mem/xpm_memory_base_inst/addrb[5]
    RAMB36_X3Y13         RAMB36E1                                     r  u_wb/defaultClockArea_cpu/ICachePlugin_dataRAMs_1/mem/xpm_memory_base_inst/gen_wr_a.gen_byte_narrow.for_mem_cols[1].mem_reg_1/ADDRARDADDR[11]
  -------------------------------------------------------------------    -------------------

                         (clock aclk rise edge)      10.000    10.000 r  
    L22                                               0.000    10.000 r  aclk (IN)
                         net (fo=0)                   0.000    10.000    aclk
    L22                  IBUF (Prop_ibuf_I_O)         0.762    10.762 r  aclk_IBUF_inst/O
                         net (fo=1, routed)           1.734    12.496    aclk_IBUF
    BUFGCTRL_X0Y2        BUFG (Prop_bufg_I_O)         0.077    12.573 r  aclk_IBUF_BUFG_inst_replica_1/O
                         net (fo=6, routed)           0.112    12.685    aclk_IBUF_BUFG_repN_1
    BUFGCTRL_X0Y1        BUFG (Prop_bufg_I_O)         0.077    12.762 r  aclk_IBUF_BUFG_inst_replica/O
                         net (fo=4, routed)           0.112    12.874    aclk_IBUF_BUFG_repN
    BUFGCTRL_X0Y0        BUFG (Prop_bufg_I_O)         0.077    12.951 r  aclk_IBUF_BUFG_inst/O
                         net (fo=20443, routed)       1.464    14.415    u_wb/defaultClockArea_cpu/ICachePlugin_dataRAMs_1/mem/xpm_memory_base_inst/clka
    RAMB36_X3Y13         RAMB36E1                                     r  u_wb/defaultClockArea_cpu/ICachePlugin_dataRAMs_1/mem/xpm_memory_base_inst/gen_wr_a.gen_byte_narrow.for_mem_cols[1].mem_reg_1/CLKARDCLK
                         clock pessimism              0.254    14.668    
                         clock uncertainty           -0.035    14.633    
    RAMB36_X3Y13         RAMB36E1 (Setup_ramb36e1_CLKARDCLK_ADDRARDADDR[11])
                                                     -0.490    14.143    u_wb/defaultClockArea_cpu/ICachePlugin_dataRAMs_1/mem/xpm_memory_base_inst/gen_wr_a.gen_byte_narrow.for_mem_cols[1].mem_reg_1
  -------------------------------------------------------------------
                         required time                         14.143    
                         arrival time                         -13.876    
  -------------------------------------------------------------------
                         slack                                  0.267    

Slack (MET) :             0.292ns  (required time - arrival time)
  Source:                 u_wb/defaultClockArea_cpu/_zz_ROBFIFOPlugin_popPtr_reg[1]_rep__17/C
                            (rising edge-triggered cell FDCE clocked by aclk  {rise@0.000ns fall@5.000ns period=10.000ns})
  Destination:            u_wb/defaultClockArea_cpu/GlobalPredictorBTBPlugin_predictor/pht/rams_0/mem/xpm_memory_base_inst/gen_wr_a.gen_word_narrow.mem_reg/ADDRBWRADDR[13]
                            (rising edge-triggered cell RAMB18E1 clocked by aclk  {rise@0.000ns fall@5.000ns period=10.000ns})
  Path Group:             aclk
  Path Type:              Setup (Max at Slow Process Corner)
  Requirement:            10.000ns  (aclk rise@10.000ns - aclk rise@0.000ns)
  Data Path Delay:        9.097ns  (logic 2.485ns (27.318%)  route 6.612ns (72.682%))
  Logic Levels:           12  (CARRY4=3 LUT2=3 LUT4=1 LUT5=1 LUT6=3 MUXF7=1)
  Clock Path Skew:        0.062ns (DCD - SCD + CPR)
    Destination Clock Delay (DCD):    4.413ns = ( 14.413 - 10.000 ) 
    Source Clock Delay      (SCD):    4.604ns
    Clock Pessimism Removal (CPR):    0.254ns
  Clock Uncertainty:      0.035ns  ((TSJ^2 + TIJ^2)^1/2 + DJ) / 2 + PE
    Total System Jitter     (TSJ):    0.071ns
    Total Input Jitter      (TIJ):    0.000ns
    Discrete Jitter          (DJ):    0.000ns
    Phase Error              (PE):    0.000ns

    Location             Delay type                Incr(ns)  Path(ns)    Netlist Resource(s)
  -------------------------------------------------------------------    -------------------
                         (clock aclk rise edge)       0.000     0.000 r  
    L22                                               0.000     0.000 r  aclk (IN)
                         net (fo=0)                   0.000     0.000    aclk
    L22                  IBUF (Prop_ibuf_I_O)         0.893     0.893 r  aclk_IBUF_inst/O
                         net (fo=1, routed)           1.827     2.720    aclk_IBUF
    BUFGCTRL_X0Y2        BUFG (Prop_bufg_I_O)         0.081     2.801 r  aclk_IBUF_BUFG_inst_replica_1/O
                         net (fo=6, routed)           0.118     2.919    aclk_IBUF_BUFG_repN_1
    BUFGCTRL_X0Y1        BUFG (Prop_bufg_I_O)         0.081     3.000 r  aclk_IBUF_BUFG_inst_replica/O
                         net (fo=4, routed)           0.118     3.118    aclk_IBUF_BUFG_repN
    BUFGCTRL_X0Y0        BUFG (Prop_bufg_I_O)         0.081     3.199 r  aclk_IBUF_BUFG_inst/O
                         net (fo=20443, routed)       1.406     4.604    u_wb/defaultClockArea_cpu/aclk_IBUF_BUFG
    SLICE_X93Y106        FDCE                                         r  u_wb/defaultClockArea_cpu/_zz_ROBFIFOPlugin_popPtr_reg[1]_rep__17/C
  -------------------------------------------------------------------    -------------------
    SLICE_X93Y106        FDCE (Prop_fdce_C_Q)         0.379     4.983 r  u_wb/defaultClockArea_cpu/_zz_ROBFIFOPlugin_popPtr_reg[1]_rep__17/Q
                         net (fo=130, routed)         1.134     6.118    u_wb/defaultClockArea_cpu/weBattleCheckpointRAS_1/mem_i_197_0
    SLICE_X83Y110        LUT6 (Prop_lut6_I2_O)        0.105     6.223 r  u_wb/defaultClockArea_cpu/weBattleCheckpointRAS_1/mem_i_227/O
                         net (fo=1, routed)           0.000     6.223    u_wb/defaultClockArea_cpu/weBattleCheckpointRAS_1/mem_i_227_n_0
    SLICE_X83Y110        MUXF7 (Prop_muxf7_I1_O)      0.182     6.405 r  u_wb/defaultClockArea_cpu/weBattleCheckpointRAS_1/mem_i_198/O
                         net (fo=1, routed)           0.786     7.191    u_wb/defaultClockArea_cpu/weBattleCheckpointRAS_1/mem_i_198_n_0
    SLICE_X87Y107        LUT6 (Prop_lut6_I5_O)        0.252     7.443 r  u_wb/defaultClockArea_cpu/weBattleCheckpointRAS_1/mem_i_183/O
                         net (fo=3, routed)           0.732     8.175    u_wb/defaultClockArea_cpu/GlobalPredictorBTBPlugin_btb/rams_0/GlobalPredictorBTBPlugin_valid_768_i_4_0
    SLICE_X88Y99         LUT2 (Prop_lut2_I1_O)        0.105     8.280 r  u_wb/defaultClockArea_cpu/GlobalPredictorBTBPlugin_btb/rams_0/nextFree[2]_i_10/O
                         net (fo=20, routed)          0.899     9.179    u_wb/defaultClockArea_cpu/GlobalPredictorBTBPlugin_predictor/pht/rams_0/when_WeBattleCommitPlugin_l231
    SLICE_X97Y92         LUT4 (Prop_lut4_I3_O)        0.105     9.284 r  u_wb/defaultClockArea_cpu/GlobalPredictorBTBPlugin_predictor/pht/rams_0/ProgramCounterPlugin_backendJumpInterface_rData[5]_i_2/O
                         net (fo=32, routed)          0.854    10.138    u_wb/defaultClockArea_cpu/GlobalPredictorBTBPlugin_predictor/tournamentPht/rams_1/ProgramCounterPlugin_backendJumpInterface_rData_reg[3]_0
    SLICE_X95Y88         LUT6 (Prop_lut6_I1_O)        0.105    10.243 r  u_wb/defaultClockArea_cpu/GlobalPredictorBTBPlugin_predictor/tournamentPht/rams_1/ProgramCounterPlugin_backendJumpInterface_rData[3]_i_1/O
                         net (fo=2, routed)           0.513    10.755    u_wb/defaultClockArea_cpu/weBattleCheckpointRAS_1/D[1]
    SLICE_X94Y81         LUT5 (Prop_lut5_I4_O)        0.105    10.860 r  u_wb/defaultClockArea_cpu/weBattleCheckpointRAS_1/IF1_ProgramCounterPlugin_regPC[3]_i_1/O
                         net (fo=46, routed)          0.667    11.527    u_wb/defaultClockArea_cpu/weBattleCheckpointRAS_1/GlobalPredictorBTBPlugin_index[1]
    SLICE_X92Y83         LUT2 (Prop_lut2_I1_O)        0.126    11.653 r  u_wb/defaultClockArea_cpu/weBattleCheckpointRAS_1/mem_i_32__5/O
                         net (fo=11, routed)          0.396    12.049    u_wb/defaultClockArea_cpu/weBattleCheckpointRAS_1/mem_i_32__5_n_0
    SLICE_X91Y83         LUT2 (Prop_lut2_I1_O)        0.283    12.332 r  u_wb/defaultClockArea_cpu/weBattleCheckpointRAS_1/mem_i_37__6/O
                         net (fo=1, routed)           0.000    12.332    u_wb/defaultClockArea_cpu/weBattleCheckpointRAS_1/mem_i_37__6_n_0
    SLICE_X91Y83         CARRY4 (Prop_carry4_S[0]_CO[3])
                                                      0.440    12.772 r  u_wb/defaultClockArea_cpu/weBattleCheckpointRAS_1/mem_i_10__9/CO[3]
                         net (fo=1, routed)           0.000    12.772    u_wb/defaultClockArea_cpu/weBattleCheckpointRAS_1/mem_i_10__9_n_0
    SLICE_X91Y84         CARRY4 (Prop_carry4_CI_CO[3])
                                                      0.098    12.870 r  u_wb/defaultClockArea_cpu/weBattleCheckpointRAS_1/mem_i_9__10/CO[3]
                         net (fo=1, routed)           0.000    12.870    u_wb/defaultClockArea_cpu/weBattleFetchQueue_1/gen_wr_a.gen_word_narrow.mem_reg_13[0]
    SLICE_X91Y85         CARRY4 (Prop_carry4_CI_O[2])
                                                      0.200    13.070 r  u_wb/defaultClockArea_cpu/weBattleFetchQueue_1/mem_i_8__10/O[2]
                         net (fo=1, routed)           0.631    13.701    u_wb/defaultClockArea_cpu/GlobalPredictorBTBPlugin_predictor/pht/rams_0/mem/xpm_memory_base_inst/addrb[10]
    RAMB18_X5Y34         RAMB18E1                                     r  u_wb/defaultClockArea_cpu/GlobalPredictorBTBPlugin_predictor/pht/rams_0/mem/xpm_memory_base_inst/gen_wr_a.gen_word_narrow.mem_reg/ADDRBWRADDR[13]
  -------------------------------------------------------------------    -------------------

                         (clock aclk rise edge)      10.000    10.000 r  
    L22                                               0.000    10.000 r  aclk (IN)
                         net (fo=0)                   0.000    10.000    aclk
    L22                  IBUF (Prop_ibuf_I_O)         0.762    10.762 r  aclk_IBUF_inst/O
                         net (fo=1, routed)           1.734    12.496    aclk_IBUF
    BUFGCTRL_X0Y2        BUFG (Prop_bufg_I_O)         0.077    12.573 r  aclk_IBUF_BUFG_inst_replica_1/O
                         net (fo=6, routed)           0.112    12.685    aclk_IBUF_BUFG_repN_1
    BUFGCTRL_X0Y1        BUFG (Prop_bufg_I_O)         0.077    12.762 r  aclk_IBUF_BUFG_inst_replica/O
                         net (fo=4, routed)           0.112    12.874    aclk_IBUF_BUFG_repN
    BUFGCTRL_X0Y0        BUFG (Prop_bufg_I_O)         0.077    12.951 r  aclk_IBUF_BUFG_inst/O
                         net (fo=20443, routed)       1.462    14.413    u_wb/defaultClockArea_cpu/GlobalPredictorBTBPlugin_predictor/pht/rams_0/mem/xpm_memory_base_inst/clka
    RAMB18_X5Y34         RAMB18E1                                     r  u_wb/defaultClockArea_cpu/GlobalPredictorBTBPlugin_predictor/pht/rams_0/mem/xpm_memory_base_inst/gen_wr_a.gen_word_narrow.mem_reg/CLKBWRCLK
                         clock pessimism              0.254    14.666    
                         clock uncertainty           -0.035    14.631    
    RAMB18_X5Y34         RAMB18E1 (Setup_ramb18e1_CLKBWRCLK_ADDRBWRADDR[13])
                                                     -0.638    13.993    u_wb/defaultClockArea_cpu/GlobalPredictorBTBPlugin_predictor/pht/rams_0/mem/xpm_memory_base_inst/gen_wr_a.gen_word_narrow.mem_reg
  -------------------------------------------------------------------
                         required time                         13.993    
                         arrival time                         -13.701    
  -------------------------------------------------------------------
                         slack                                  0.292    

Slack (MET) :             0.298ns  (required time - arrival time)
  Source:                 u_wb/defaultClockArea_cpu/MEM_MEM2_to_MEM_WB_ROB_IDX_reg[2]/C
                            (rising edge-triggered cell FDRE clocked by aclk  {rise@0.000ns fall@5.000ns period=10.000ns})
  Destination:            u_wb/defaultClockArea_cpu/GlobalPredictorBTBPlugin_btb/rams_0/mem/xpm_memory_base_inst/gen_wr_a.gen_word_narrow.mem_reg/ADDRARDADDR[9]
                            (rising edge-triggered cell RAMB36E1 clocked by aclk  {rise@0.000ns fall@5.000ns period=10.000ns})
  Path Group:             aclk
  Path Type:              Setup (Max at Slow Process Corner)
  Requirement:            10.000ns  (aclk rise@10.000ns - aclk rise@0.000ns)
  Data Path Delay:        9.237ns  (logic 1.765ns (19.107%)  route 7.472ns (80.893%))
  Logic Levels:           11  (LUT2=3 LUT3=1 LUT5=3 LUT6=4)
  Clock Path Skew:        0.061ns (DCD - SCD + CPR)
    Destination Clock Delay (DCD):    4.417ns = ( 14.417 - 10.000 ) 
    Source Clock Delay      (SCD):    4.609ns
    Clock Pessimism Removal (CPR):    0.254ns
  Clock Uncertainty:      0.035ns  ((TSJ^2 + TIJ^2)^1/2 + DJ) / 2 + PE
    Total System Jitter     (TSJ):    0.071ns
    Total Input Jitter      (TIJ):    0.000ns
    Discrete Jitter          (DJ):    0.000ns
    Phase Error              (PE):    0.000ns

    Location             Delay type                Incr(ns)  Path(ns)    Netlist Resource(s)
  -------------------------------------------------------------------    -------------------
                         (clock aclk rise edge)       0.000     0.000 r  
    L22                                               0.000     0.000 r  aclk (IN)
                         net (fo=0)                   0.000     0.000    aclk
    L22                  IBUF (Prop_ibuf_I_O)         0.893     0.893 r  aclk_IBUF_inst/O
                         net (fo=1, routed)           1.827     2.720    aclk_IBUF
    BUFGCTRL_X0Y2        BUFG (Prop_bufg_I_O)         0.081     2.801 r  aclk_IBUF_BUFG_inst_replica_1/O
                         net (fo=6, routed)           0.118     2.919    aclk_IBUF_BUFG_repN_1
    BUFGCTRL_X0Y1        BUFG (Prop_bufg_I_O)         0.081     3.000 r  aclk_IBUF_BUFG_inst_replica/O
                         net (fo=4, routed)           0.118     3.118    aclk_IBUF_BUFG_repN
    BUFGCTRL_X0Y0        BUFG (Prop_bufg_I_O)         0.081     3.199 r  aclk_IBUF_BUFG_inst/O
                         net (fo=20443, routed)       1.411     4.609    u_wb/defaultClockArea_cpu/aclk_IBUF_BUFG
    SLICE_X98Y103        FDRE                                         r  u_wb/defaultClockArea_cpu/MEM_MEM2_to_MEM_WB_ROB_IDX_reg[2]/C
  -------------------------------------------------------------------    -------------------
    SLICE_X98Y103        FDRE (Prop_fdre_C_Q)         0.433     5.042 r  u_wb/defaultClockArea_cpu/MEM_MEM2_to_MEM_WB_ROB_IDX_reg[2]/Q
                         net (fo=55, routed)          0.692     5.734    u_wb/defaultClockArea_cpu/GlobalPredictorBTBPlugin_btb/rams_1/ExceptionHandlerPlugin_BADV_VADDR[31]_i_7_0[2]
    SLICE_X98Y103        LUT6 (Prop_lut6_I2_O)        0.105     5.839 r  u_wb/defaultClockArea_cpu/GlobalPredictorBTBPlugin_btb/rams_1/ExceptionHandlerPlugin_EENTRY_VA[25]_i_21/O
                         net (fo=1, routed)           0.225     6.065    u_wb/defaultClockArea_cpu/GlobalPredictorBTBPlugin_btb/rams_1/ExceptionHandlerPlugin_EENTRY_VA[25]_i_21_n_0
    SLICE_X97Y103        LUT5 (Prop_lut5_I2_O)        0.105     6.170 f  u_wb/defaultClockArea_cpu/GlobalPredictorBTBPlugin_btb/rams_1/ExceptionHandlerPlugin_EENTRY_VA[25]_i_14/O
                         net (fo=33, routed)          0.516     6.686    u_wb/defaultClockArea_cpu/GlobalPredictorBTBPlugin_btb/rams_1/when_WeBattleROBStorage_l1740
    SLICE_X97Y104        LUT2 (Prop_lut2_I1_O)        0.105     6.791 f  u_wb/defaultClockArea_cpu/GlobalPredictorBTBPlugin_btb/rams_1/ExceptionHandlerPlugin_EENTRY_VA[25]_i_7/O
                         net (fo=51, routed)          0.566     7.357    u_wb/defaultClockArea_cpu/GlobalPredictorBTBPlugin_predictor/pht/rams_0/when_WeBattleROBStorage_l174
    SLICE_X96Y107        LUT3 (Prop_lut3_I0_O)        0.105     7.462 f  u_wb/defaultClockArea_cpu/GlobalPredictorBTBPlugin_predictor/pht/rams_0/ExceptionHandlerPlugin_ESTAT_ECODE[5]_i_8/O
                         net (fo=2, routed)           0.356     7.818    u_wb/defaultClockArea_cpu/GlobalPredictorBTBPlugin_predictor/pht/rams_0/MEM_MEM2_to_MEM_WB_EXCEPTION_OCCURRED_reg
    SLICE_X95Y106        LUT6 (Prop_lut6_I2_O)        0.105     7.923 f  u_wb/defaultClockArea_cpu/GlobalPredictorBTBPlugin_predictor/pht/rams_0/ExceptionHandlerPlugin_ESTAT_ECODE[5]_i_3/O
                         net (fo=31, routed)          0.934     8.856    u_wb/defaultClockArea_cpu/GlobalPredictorBTBPlugin_predictor/pht/rams_0/WeBattleCommitPlugin_uncachedExecuting_reg_2
    SLICE_X95Y94         LUT6 (Prop_lut6_I1_O)        0.105     8.961 r  u_wb/defaultClockArea_cpu/GlobalPredictorBTBPlugin_predictor/pht/rams_0/ExceptionHandlerPlugin_LLBCTL_LLBIT_i_2/O
                         net (fo=118, routed)         0.714     9.675    u_wb/defaultClockArea_cpu/GlobalPredictorBTBPlugin_predictor/pht/rams_0/WeBattleCommitPlugin_uncachedExecuting_reg
    SLICE_X95Y88         LUT2 (Prop_lut2_I1_O)        0.105     9.780 r  u_wb/defaultClockArea_cpu/GlobalPredictorBTBPlugin_predictor/pht/rams_0/ProgramCounterPlugin_backendJumpInterface_rData[5]_i_4/O
                         net (fo=10, routed)          0.589    10.369    u_wb/defaultClockArea_cpu/GlobalPredictorBTBPlugin_btb/rams_1/ProgramCounterPlugin_backendJumpInterface_rData_reg[4]_0
    SLICE_X95Y88         LUT6 (Prop_lut6_I3_O)        0.105    10.474 r  u_wb/defaultClockArea_cpu/GlobalPredictorBTBPlugin_btb/rams_1/ProgramCounterPlugin_backendJumpInterface_rData[4]_i_1/O
                         net (fo=2, routed)           0.630    11.104    u_wb/defaultClockArea_cpu/weBattleCheckpointRAS_1/D[2]
    SLICE_X93Y79         LUT5 (Prop_lut5_I4_O)        0.105    11.209 r  u_wb/defaultClockArea_cpu/weBattleCheckpointRAS_1/mem_i_25__11/O
                         net (fo=36, routed)          0.990    12.199    u_wb/defaultClockArea_cpu/weBattleCheckpointRAS_1/GlobalPredictorBTBPlugin_index[2]
    SLICE_X92Y83         LUT5 (Prop_lut5_I2_O)        0.119    12.318 r  u_wb/defaultClockArea_cpu/weBattleCheckpointRAS_1/mem_i_73__1/O
                         net (fo=5, routed)           0.507    12.824    u_wb/defaultClockArea_cpu/weBattleCheckpointRAS_1/mem_i_73__1_n_0
    SLICE_X90Y84         LUT2 (Prop_lut2_I0_O)        0.268    13.092 r  u_wb/defaultClockArea_cpu/weBattleCheckpointRAS_1/mem_i_65__4/O
                         net (fo=1, routed)           0.754    13.847    u_wb/defaultClockArea_cpu/GlobalPredictorBTBPlugin_btb/rams_0/mem/xpm_memory_base_inst/addrb[3]
    RAMB36_X5Y18         RAMB36E1                                     r  u_wb/defaultClockArea_cpu/GlobalPredictorBTBPlugin_btb/rams_0/mem/xpm_memory_base_inst/gen_wr_a.gen_word_narrow.mem_reg/ADDRARDADDR[9]
  -------------------------------------------------------------------    -------------------

                         (clock aclk rise edge)      10.000    10.000 r  
    L22                                               0.000    10.000 r  aclk (IN)
                         net (fo=0)                   0.000    10.000    aclk
    L22                  IBUF (Prop_ibuf_I_O)         0.762    10.762 r  aclk_IBUF_inst/O
                         net (fo=1, routed)           1.734    12.496    aclk_IBUF
    BUFGCTRL_X0Y2        BUFG (Prop_bufg_I_O)         0.077    12.573 r  aclk_IBUF_BUFG_inst_replica_1/O
                         net (fo=6, routed)           0.112    12.685    aclk_IBUF_BUFG_repN_1
    BUFGCTRL_X0Y1        BUFG (Prop_bufg_I_O)         0.077    12.762 r  aclk_IBUF_BUFG_inst_replica/O
                         net (fo=4, routed)           0.112    12.874    aclk_IBUF_BUFG_repN
    BUFGCTRL_X0Y0        BUFG (Prop_bufg_I_O)         0.077    12.951 r  aclk_IBUF_BUFG_inst/O
                         net (fo=20443, routed)       1.466    14.417    u_wb/defaultClockArea_cpu/GlobalPredictorBTBPlugin_btb/rams_0/mem/xpm_memory_base_inst/clka
    RAMB36_X5Y18         RAMB36E1                                     r  u_wb/defaultClockArea_cpu/GlobalPredictorBTBPlugin_btb/rams_0/mem/xpm_memory_base_inst/gen_wr_a.gen_word_narrow.mem_reg/CLKARDCLK
                         clock pessimism              0.254    14.670    
                         clock uncertainty           -0.035    14.635    
    RAMB36_X5Y18         RAMB36E1 (Setup_ramb36e1_CLKARDCLK_ADDRARDADDR[9])
                                                     -0.490    14.145    u_wb/defaultClockArea_cpu/GlobalPredictorBTBPlugin_btb/rams_0/mem/xpm_memory_base_inst/gen_wr_a.gen_word_narrow.mem_reg
  -------------------------------------------------------------------
                         required time                         14.145    
                         arrival time                         -13.847    
  -------------------------------------------------------------------
                         slack                                  0.298    

Slack (MET) :             0.304ns  (required time - arrival time)
  Source:                 u_wb/defaultClockArea_cpu/_zz_ROBFIFOPlugin_popPtr_reg[1]_rep__17/C
                            (rising edge-triggered cell FDCE clocked by aclk  {rise@0.000ns fall@5.000ns period=10.000ns})
  Destination:            u_wb/defaultClockArea_cpu/GlobalPredictorBTBPlugin_predictor/pht/rams_0/mem/xpm_memory_base_inst/gen_wr_a.gen_word_narrow.mem_reg/ADDRBWRADDR[8]
                            (rising edge-triggered cell RAMB18E1 clocked by aclk  {rise@0.000ns fall@5.000ns period=10.000ns})
  Path Group:             aclk
  Path Type:              Setup (Max at Slow Process Corner)
  Requirement:            10.000ns  (aclk rise@10.000ns - aclk rise@0.000ns)
  Data Path Delay:        9.088ns  (logic 2.452ns (26.981%)  route 6.636ns (73.019%))
  Logic Levels:           11  (CARRY4=2 LUT2=3 LUT4=1 LUT5=1 LUT6=3 MUXF7=1)
  Clock Path Skew:        0.062ns (DCD - SCD + CPR)
    Destination Clock Delay (DCD):    4.413ns = ( 14.413 - 10.000 ) 
    Source Clock Delay      (SCD):    4.604ns
    Clock Pessimism Removal (CPR):    0.254ns
  Clock Uncertainty:      0.035ns  ((TSJ^2 + TIJ^2)^1/2 + DJ) / 2 + PE
    Total System Jitter     (TSJ):    0.071ns
    Total Input Jitter      (TIJ):    0.000ns
    Discrete Jitter          (DJ):    0.000ns
    Phase Error              (PE):    0.000ns

    Location             Delay type                Incr(ns)  Path(ns)    Netlist Resource(s)
  -------------------------------------------------------------------    -------------------
                         (clock aclk rise edge)       0.000     0.000 r  
    L22                                               0.000     0.000 r  aclk (IN)
                         net (fo=0)                   0.000     0.000    aclk
    L22                  IBUF (Prop_ibuf_I_O)         0.893     0.893 r  aclk_IBUF_inst/O
                         net (fo=1, routed)           1.827     2.720    aclk_IBUF
    BUFGCTRL_X0Y2        BUFG (Prop_bufg_I_O)         0.081     2.801 r  aclk_IBUF_BUFG_inst_replica_1/O
                         net (fo=6, routed)           0.118     2.919    aclk_IBUF_BUFG_repN_1
    BUFGCTRL_X0Y1        BUFG (Prop_bufg_I_O)         0.081     3.000 r  aclk_IBUF_BUFG_inst_replica/O
                         net (fo=4, routed)           0.118     3.118    aclk_IBUF_BUFG_repN
    BUFGCTRL_X0Y0        BUFG (Prop_bufg_I_O)         0.081     3.199 r  aclk_IBUF_BUFG_inst/O
                         net (fo=20443, routed)       1.406     4.604    u_wb/defaultClockArea_cpu/aclk_IBUF_BUFG
    SLICE_X93Y106        FDCE                                         r  u_wb/defaultClockArea_cpu/_zz_ROBFIFOPlugin_popPtr_reg[1]_rep__17/C
  -------------------------------------------------------------------    -------------------
    SLICE_X93Y106        FDCE (Prop_fdce_C_Q)         0.379     4.983 r  u_wb/defaultClockArea_cpu/_zz_ROBFIFOPlugin_popPtr_reg[1]_rep__17/Q
                         net (fo=130, routed)         1.134     6.118    u_wb/defaultClockArea_cpu/weBattleCheckpointRAS_1/mem_i_197_0
    SLICE_X83Y110        LUT6 (Prop_lut6_I2_O)        0.105     6.223 r  u_wb/defaultClockArea_cpu/weBattleCheckpointRAS_1/mem_i_227/O
                         net (fo=1, routed)           0.000     6.223    u_wb/defaultClockArea_cpu/weBattleCheckpointRAS_1/mem_i_227_n_0
    SLICE_X83Y110        MUXF7 (Prop_muxf7_I1_O)      0.182     6.405 r  u_wb/defaultClockArea_cpu/weBattleCheckpointRAS_1/mem_i_198/O
                         net (fo=1, routed)           0.786     7.191    u_wb/defaultClockArea_cpu/weBattleCheckpointRAS_1/mem_i_198_n_0
    SLICE_X87Y107        LUT6 (Prop_lut6_I5_O)        0.252     7.443 r  u_wb/defaultClockArea_cpu/weBattleCheckpointRAS_1/mem_i_183/O
                         net (fo=3, routed)           0.732     8.175    u_wb/defaultClockArea_cpu/GlobalPredictorBTBPlugin_btb/rams_0/GlobalPredictorBTBPlugin_valid_768_i_4_0
    SLICE_X88Y99         LUT2 (Prop_lut2_I1_O)        0.105     8.280 r  u_wb/defaultClockArea_cpu/GlobalPredictorBTBPlugin_btb/rams_0/nextFree[2]_i_10/O
                         net (fo=20, routed)          0.899     9.179    u_wb/defaultClockArea_cpu/GlobalPredictorBTBPlugin_predictor/pht/rams_0/when_WeBattleCommitPlugin_l231
    SLICE_X97Y92         LUT4 (Prop_lut4_I3_O)        0.105     9.284 r  u_wb/defaultClockArea_cpu/GlobalPredictorBTBPlugin_predictor/pht/rams_0/ProgramCounterPlugin_backendJumpInterface_rData[5]_i_2/O
                         net (fo=32, routed)          0.854    10.138    u_wb/defaultClockArea_cpu/GlobalPredictorBTBPlugin_predictor/tournamentPht/rams_1/ProgramCounterPlugin_backendJumpInterface_rData_reg[3]_0
    SLICE_X95Y88         LUT6 (Prop_lut6_I1_O)        0.105    10.243 r  u_wb/defaultClockArea_cpu/GlobalPredictorBTBPlugin_predictor/tournamentPht/rams_1/ProgramCounterPlugin_backendJumpInterface_rData[3]_i_1/O
                         net (fo=2, routed)           0.513    10.755    u_wb/defaultClockArea_cpu/weBattleCheckpointRAS_1/D[1]
    SLICE_X94Y81         LUT5 (Prop_lut5_I4_O)        0.105    10.860 r  u_wb/defaultClockArea_cpu/weBattleCheckpointRAS_1/IF1_ProgramCounterPlugin_regPC[3]_i_1/O
                         net (fo=46, routed)          0.667    11.527    u_wb/defaultClockArea_cpu/weBattleCheckpointRAS_1/GlobalPredictorBTBPlugin_index[1]
    SLICE_X92Y83         LUT2 (Prop_lut2_I1_O)        0.126    11.653 r  u_wb/defaultClockArea_cpu/weBattleCheckpointRAS_1/mem_i_32__5/O
                         net (fo=11, routed)          0.396    12.049    u_wb/defaultClockArea_cpu/weBattleCheckpointRAS_1/mem_i_32__5_n_0
    SLICE_X91Y83         LUT2 (Prop_lut2_I1_O)        0.283    12.332 r  u_wb/defaultClockArea_cpu/weBattleCheckpointRAS_1/mem_i_37__6/O
                         net (fo=1, routed)           0.000    12.332    u_wb/defaultClockArea_cpu/weBattleCheckpointRAS_1/mem_i_37__6_n_0
    SLICE_X91Y83         CARRY4 (Prop_carry4_S[0]_CO[3])
                                                      0.440    12.772 r  u_wb/defaultClockArea_cpu/weBattleCheckpointRAS_1/mem_i_10__9/CO[3]
                         net (fo=1, routed)           0.000    12.772    u_wb/defaultClockArea_cpu/weBattleCheckpointRAS_1/mem_i_10__9_n_0
    SLICE_X91Y84         CARRY4 (Prop_carry4_CI_O[1])
                                                      0.265    13.037 r  u_wb/defaultClockArea_cpu/weBattleCheckpointRAS_1/mem_i_9__10/O[1]
                         net (fo=1, routed)           0.656    13.692    u_wb/defaultClockArea_cpu/GlobalPredictorBTBPlugin_predictor/pht/rams_0/mem/xpm_memory_base_inst/addrb[5]
    RAMB18_X5Y34         RAMB18E1                                     r  u_wb/defaultClockArea_cpu/GlobalPredictorBTBPlugin_predictor/pht/rams_0/mem/xpm_memory_base_inst/gen_wr_a.gen_word_narrow.mem_reg/ADDRBWRADDR[8]
  -------------------------------------------------------------------    -------------------

                         (clock aclk rise edge)      10.000    10.000 r  
    L22                                               0.000    10.000 r  aclk (IN)
                         net (fo=0)                   0.000    10.000    aclk
    L22                  IBUF (Prop_ibuf_I_O)         0.762    10.762 r  aclk_IBUF_inst/O
                         net (fo=1, routed)           1.734    12.496    aclk_IBUF
    BUFGCTRL_X0Y2        BUFG (Prop_bufg_I_O)         0.077    12.573 r  aclk_IBUF_BUFG_inst_replica_1/O
                         net (fo=6, routed)           0.112    12.685    aclk_IBUF_BUFG_repN_1
    BUFGCTRL_X0Y1        BUFG (Prop_bufg_I_O)         0.077    12.762 r  aclk_IBUF_BUFG_inst_replica/O
                         net (fo=4, routed)           0.112    12.874    aclk_IBUF_BUFG_repN
    BUFGCTRL_X0Y0        BUFG (Prop_bufg_I_O)         0.077    12.951 r  aclk_IBUF_BUFG_inst/O
                         net (fo=20443, routed)       1.462    14.413    u_wb/defaultClockArea_cpu/GlobalPredictorBTBPlugin_predictor/pht/rams_0/mem/xpm_memory_base_inst/clka
    RAMB18_X5Y34         RAMB18E1                                     r  u_wb/defaultClockArea_cpu/GlobalPredictorBTBPlugin_predictor/pht/rams_0/mem/xpm_memory_base_inst/gen_wr_a.gen_word_narrow.mem_reg/CLKBWRCLK
                         clock pessimism              0.254    14.666    
                         clock uncertainty           -0.035    14.631    
    RAMB18_X5Y34         RAMB18E1 (Setup_ramb18e1_CLKBWRCLK_ADDRBWRADDR[8])
                                                     -0.635    13.996    u_wb/defaultClockArea_cpu/GlobalPredictorBTBPlugin_predictor/pht/rams_0/mem/xpm_memory_base_inst/gen_wr_a.gen_word_narrow.mem_reg
  -------------------------------------------------------------------
                         required time                         13.996    
                         arrival time                         -13.692    
  -------------------------------------------------------------------
                         slack                                  0.304    

Slack (MET) :             0.305ns  (required time - arrival time)
  Source:                 u_wb/defaultClockArea_cpu/MEM_MEM2_to_MEM_WB_ROB_IDX_reg[2]/C
                            (rising edge-triggered cell FDRE clocked by aclk  {rise@0.000ns fall@5.000ns period=10.000ns})
  Destination:            u_wb/defaultClockArea_cpu/MMUPlugin_TLBTable_3_PPN1_reg[7]/CE
                            (rising edge-triggered cell FDCE clocked by aclk  {rise@0.000ns fall@5.000ns period=10.000ns})
  Path Group:             aclk
  Path Type:              Setup (Max at Slow Process Corner)
  Requirement:            10.000ns  (aclk rise@10.000ns - aclk rise@0.000ns)
  Data Path Delay:        9.528ns  (logic 2.032ns (21.326%)  route 7.496ns (78.674%))
  Logic Levels:           10  (LUT2=2 LUT3=1 LUT4=1 LUT5=2 LUT6=4)
  Clock Path Skew:        0.036ns (DCD - SCD + CPR)
    Destination Clock Delay (DCD):    4.392ns = ( 14.392 - 10.000 ) 
    Source Clock Delay      (SCD):    4.609ns
    Clock Pessimism Removal (CPR):    0.254ns
  Clock Uncertainty:      0.035ns  ((TSJ^2 + TIJ^2)^1/2 + DJ) / 2 + PE
    Total System Jitter     (TSJ):    0.071ns
    Total Input Jitter      (TIJ):    0.000ns
    Discrete Jitter          (DJ):    0.000ns
    Phase Error              (PE):    0.000ns

    Location             Delay type                Incr(ns)  Path(ns)    Netlist Resource(s)
  -------------------------------------------------------------------    -------------------
                         (clock aclk rise edge)       0.000     0.000 r  
    L22                                               0.000     0.000 r  aclk (IN)
                         net (fo=0)                   0.000     0.000    aclk
    L22                  IBUF (Prop_ibuf_I_O)         0.893     0.893 r  aclk_IBUF_inst/O
                         net (fo=1, routed)           1.827     2.720    aclk_IBUF
    BUFGCTRL_X0Y2        BUFG (Prop_bufg_I_O)         0.081     2.801 r  aclk_IBUF_BUFG_inst_replica_1/O
                         net (fo=6, routed)           0.118     2.919    aclk_IBUF_BUFG_repN_1
    BUFGCTRL_X0Y1        BUFG (Prop_bufg_I_O)         0.081     3.000 r  aclk_IBUF_BUFG_inst_replica/O
                         net (fo=4, routed)           0.118     3.118    aclk_IBUF_BUFG_repN
    BUFGCTRL_X0Y0        BUFG (Prop_bufg_I_O)         0.081     3.199 r  aclk_IBUF_BUFG_inst/O
                         net (fo=20443, routed)       1.411     4.609    u_wb/defaultClockArea_cpu/aclk_IBUF_BUFG
    SLICE_X98Y103        FDRE                                         r  u_wb/defaultClockArea_cpu/MEM_MEM2_to_MEM_WB_ROB_IDX_reg[2]/C
  -------------------------------------------------------------------    -------------------
    SLICE_X98Y103        FDRE (Prop_fdre_C_Q)         0.433     5.042 r  u_wb/defaultClockArea_cpu/MEM_MEM2_to_MEM_WB_ROB_IDX_reg[2]/Q
                         net (fo=55, routed)          0.692     5.734    u_wb/defaultClockArea_cpu/GlobalPredictorBTBPlugin_btb/rams_1/ExceptionHandlerPlugin_BADV_VADDR[31]_i_7_0[2]
    SLICE_X98Y103        LUT6 (Prop_lut6_I2_O)        0.105     5.839 f  u_wb/defaultClockArea_cpu/GlobalPredictorBTBPlugin_btb/rams_1/ExceptionHandlerPlugin_EENTRY_VA[25]_i_21/O
                         net (fo=1, routed)           0.225     6.065    u_wb/defaultClockArea_cpu/GlobalPredictorBTBPlugin_btb/rams_1/ExceptionHandlerPlugin_EENTRY_VA[25]_i_21_n_0
    SLICE_X97Y103        LUT5 (Prop_lut5_I2_O)        0.105     6.170 r  u_wb/defaultClockArea_cpu/GlobalPredictorBTBPlugin_btb/rams_1/ExceptionHandlerPlugin_EENTRY_VA[25]_i_14/O
                         net (fo=33, routed)          0.516     6.686    u_wb/defaultClockArea_cpu/GlobalPredictorBTBPlugin_btb/rams_1/when_WeBattleROBStorage_l1740
    SLICE_X97Y104        LUT2 (Prop_lut2_I1_O)        0.105     6.791 r  u_wb/defaultClockArea_cpu/GlobalPredictorBTBPlugin_btb/rams_1/ExceptionHandlerPlugin_EENTRY_VA[25]_i_7/O
                         net (fo=51, routed)          0.566     7.357    u_wb/defaultClockArea_cpu/GlobalPredictorBTBPlugin_predictor/pht/rams_0/when_WeBattleROBStorage_l174
    SLICE_X96Y107        LUT3 (Prop_lut3_I0_O)        0.105     7.462 r  u_wb/defaultClockArea_cpu/GlobalPredictorBTBPlugin_predictor/pht/rams_0/ExceptionHandlerPlugin_ESTAT_ECODE[5]_i_8/O
                         net (fo=2, routed)           0.356     7.818    u_wb/defaultClockArea_cpu/GlobalPredictorBTBPlugin_predictor/pht/rams_0/MEM_MEM2_to_MEM_WB_EXCEPTION_OCCURRED_reg
    SLICE_X95Y106        LUT6 (Prop_lut6_I2_O)        0.105     7.923 r  u_wb/defaultClockArea_cpu/GlobalPredictorBTBPlugin_predictor/pht/rams_0/ExceptionHandlerPlugin_ESTAT_ECODE[5]_i_3/O
                         net (fo=31, routed)          0.934     8.856    u_wb/defaultClockArea_cpu/GlobalPredictorBTBPlugin_predictor/pht/rams_0/WeBattleCommitPlugin_uncachedExecuting_reg_2
    SLICE_X95Y94         LUT6 (Prop_lut6_I1_O)        0.105     8.961 f  u_wb/defaultClockArea_cpu/GlobalPredictorBTBPlugin_predictor/pht/rams_0/ExceptionHandlerPlugin_LLBCTL_LLBIT_i_2/O
                         net (fo=118, routed)         1.089    10.050    u_wb/defaultClockArea_cpu/when_WeBattleCommitPlugin_l169
    SLICE_X108Y94        LUT2 (Prop_lut2_I0_O)        0.127    10.177 f  u_wb/defaultClockArea_cpu/MMUPlugin_TLBELO1_PPN[19]_i_6/O
                         net (fo=69, routed)          0.898    11.075    u_wb/defaultClockArea_cpu/WeBattleCommitPlugin_tlbOp[2]
    SLICE_X115Y93        LUT4 (Prop_lut4_I0_O)        0.305    11.380 r  u_wb/defaultClockArea_cpu/MMUPlugin_TLBTable_0_PPN1[19]_i_3/O
                         net (fo=16, routed)          0.743    12.123    u_wb/defaultClockArea_cpu/MMUPlugin_TLBTable_0_PPN1[19]_i_3_n_0
    SLICE_X119Y89        LUT5 (Prop_lut5_I0_O)        0.270    12.393 r  u_wb/defaultClockArea_cpu/MMUPlugin_TLBTable_3_PPN1[19]_i_2/O
                         net (fo=2, routed)           0.549    12.942    u_wb/defaultClockArea_cpu/MMUPlugin_TLBTable_3_PPN1[19]_i_2_n_0
    SLICE_X119Y83        LUT6 (Prop_lut6_I0_O)        0.267    13.209 r  u_wb/defaultClockArea_cpu/MMUPlugin_TLBTable_3_PPN1[19]_i_1/O
                         net (fo=88, routed)          0.929    14.138    u_wb/defaultClockArea_cpu/MMUPlugin_TLBTable_3_PPN1[19]_i_1_n_0
    SLICE_X126Y75        FDCE                                         r  u_wb/defaultClockArea_cpu/MMUPlugin_TLBTable_3_PPN1_reg[7]/CE
  -------------------------------------------------------------------    -------------------

                         (clock aclk rise edge)      10.000    10.000 r  
    L22                                               0.000    10.000 r  aclk (IN)
                         net (fo=0)                   0.000    10.000    aclk
    L22                  IBUF (Prop_ibuf_I_O)         0.762    10.762 r  aclk_IBUF_inst/O
                         net (fo=1, routed)           1.734    12.496    aclk_IBUF
    BUFGCTRL_X0Y2        BUFG (Prop_bufg_I_O)         0.077    12.573 r  aclk_IBUF_BUFG_inst_replica_1/O
                         net (fo=6, routed)           0.112    12.685    aclk_IBUF_BUFG_repN_1
    BUFGCTRL_X0Y1        BUFG (Prop_bufg_I_O)         0.077    12.762 r  aclk_IBUF_BUFG_inst_replica/O
                         net (fo=4, routed)           0.112    12.874    aclk_IBUF_BUFG_repN
    BUFGCTRL_X0Y0        BUFG (Prop_bufg_I_O)         0.077    12.951 r  aclk_IBUF_BUFG_inst/O
                         net (fo=20443, routed)       1.441    14.392    u_wb/defaultClockArea_cpu/aclk_IBUF_BUFG
    SLICE_X126Y75        FDCE                                         r  u_wb/defaultClockArea_cpu/MMUPlugin_TLBTable_3_PPN1_reg[7]/C
                         clock pessimism              0.254    14.646    
                         clock uncertainty           -0.035    14.610    
    SLICE_X126Y75        FDCE (Setup_fdce_C_CE)      -0.168    14.442    u_wb/defaultClockArea_cpu/MMUPlugin_TLBTable_3_PPN1_reg[7]
  -------------------------------------------------------------------
                         required time                         14.442    
                         arrival time                         -14.138    
  -------------------------------------------------------------------
                         slack                                  0.305    

Slack (MET) :             0.306ns  (required time - arrival time)
  Source:                 u_wb/defaultClockArea_cpu/_zz_ROBFIFOPlugin_popPtr_reg[1]/C
                            (rising edge-triggered cell FDCE clocked by aclk  {rise@0.000ns fall@5.000ns period=10.000ns})
  Destination:            u_wb/defaultClockArea_cpu/ICachePlugin_dataRAMs_1/mem/xpm_memory_base_inst/gen_wr_a.gen_byte_narrow.for_mem_cols[1].mem_reg_4/ADDRARDADDR[11]
                            (rising edge-triggered cell RAMB36E1 clocked by aclk  {rise@0.000ns fall@5.000ns period=10.000ns})
  Path Group:             aclk
  Path Type:              Setup (Max at Slow Process Corner)
  Requirement:            10.000ns  (aclk rise@10.000ns - aclk rise@0.000ns)
  Data Path Delay:        9.226ns  (logic 1.544ns (16.735%)  route 7.682ns (83.265%))
  Logic Levels:           9  (LUT4=1 LUT5=1 LUT6=6 MUXF7=1)
  Clock Path Skew:        0.057ns (DCD - SCD + CPR)
    Destination Clock Delay (DCD):    4.423ns = ( 14.423 - 10.000 ) 
    Source Clock Delay      (SCD):    4.619ns
    Clock Pessimism Removal (CPR):    0.254ns
  Clock Uncertainty:      0.035ns  ((TSJ^2 + TIJ^2)^1/2 + DJ) / 2 + PE
    Total System Jitter     (TSJ):    0.071ns
    Total Input Jitter      (TIJ):    0.000ns
    Discrete Jitter          (DJ):    0.000ns
    Phase Error              (PE):    0.000ns

    Location             Delay type                Incr(ns)  Path(ns)    Netlist Resource(s)
  -------------------------------------------------------------------    -------------------
                         (clock aclk rise edge)       0.000     0.000 r  
    L22                                               0.000     0.000 r  aclk (IN)
                         net (fo=0)                   0.000     0.000    aclk
    L22                  IBUF (Prop_ibuf_I_O)         0.893     0.893 r  aclk_IBUF_inst/O
                         net (fo=1, routed)           1.827     2.720    aclk_IBUF
    BUFGCTRL_X0Y2        BUFG (Prop_bufg_I_O)         0.081     2.801 r  aclk_IBUF_BUFG_inst_replica_1/O
                         net (fo=6, routed)           0.118     2.919    aclk_IBUF_BUFG_repN_1
    BUFGCTRL_X0Y1        BUFG (Prop_bufg_I_O)         0.081     3.000 r  aclk_IBUF_BUFG_inst_replica/O
                         net (fo=4, routed)           0.118     3.118    aclk_IBUF_BUFG_repN
    BUFGCTRL_X0Y0        BUFG (Prop_bufg_I_O)         0.081     3.199 r  aclk_IBUF_BUFG_inst/O
                         net (fo=20443, routed)       1.421     4.619    u_wb/defaultClockArea_cpu/aclk_IBUF_BUFG
    SLICE_X111Y109       FDCE                                         r  u_wb/defaultClockArea_cpu/_zz_ROBFIFOPlugin_popPtr_reg[1]/C
  -------------------------------------------------------------------    -------------------
    SLICE_X111Y109       FDCE (Prop_fdce_C_Q)         0.379     4.998 r  u_wb/defaultClockArea_cpu/_zz_ROBFIFOPlugin_popPtr_reg[1]/Q
                         net (fo=126, routed)         0.981     5.979    u_wb/defaultClockArea_cpu/GlobalPredictorBTBPlugin_btb/rams_1/MMUPlugin_PGDH_BASE_reg[19][0]
    SLICE_X111Y104       LUT6 (Prop_lut6_I2_O)        0.105     6.084 r  u_wb/defaultClockArea_cpu/GlobalPredictorBTBPlugin_btb/rams_1/ExceptionHandlerPlugin_EENTRY_VA[5]_i_8/O
                         net (fo=1, routed)           0.000     6.084    u_wb/defaultClockArea_cpu/GlobalPredictorBTBPlugin_btb/rams_1/ExceptionHandlerPlugin_EENTRY_VA[5]_i_8_n_0
    SLICE_X111Y104       MUXF7 (Prop_muxf7_I0_O)      0.178     6.262 r  u_wb/defaultClockArea_cpu/GlobalPredictorBTBPlugin_btb/rams_1/ExceptionHandlerPlugin_EENTRY_VA_reg[5]_i_4/O
                         net (fo=1, routed)           0.924     7.186    u_wb/defaultClockArea_cpu/GlobalPredictorBTBPlugin_btb/rams_1/ExceptionHandlerPlugin_EENTRY_VA_reg[5]_i_4_n_0
    SLICE_X110Y110       LUT6 (Prop_lut6_I0_O)        0.252     7.438 r  u_wb/defaultClockArea_cpu/GlobalPredictorBTBPlugin_btb/rams_1/ExceptionHandlerPlugin_EENTRY_VA[5]_i_3/O
                         net (fo=1, routed)           0.697     8.135    u_wb/defaultClockArea_cpu/GlobalPredictorBTBPlugin_btb/rams_1/_zz_ROBFIFOPlugin_fifoIO_pop_0_payload_state_intResult_36[11]
    SLICE_X103Y105       LUT6 (Prop_lut6_I2_O)        0.105     8.240 r  u_wb/defaultClockArea_cpu/GlobalPredictorBTBPlugin_btb/rams_1/ExceptionHandlerPlugin_EENTRY_VA[5]_i_2/O
                         net (fo=1, routed)           0.452     8.692    u_wb/defaultClockArea_cpu/GlobalPredictorBTBPlugin_btb/rams_1/ExceptionHandlerPlugin_EENTRY_VA[5]_i_2_n_0
    SLICE_X101Y102       LUT6 (Prop_lut6_I1_O)        0.105     8.797 r  u_wb/defaultClockArea_cpu/GlobalPredictorBTBPlugin_btb/rams_1/ExceptionHandlerPlugin_EENTRY_VA[5]_i_1/O
                         net (fo=20, routed)          1.017     9.814    u_wb/defaultClockArea_cpu/GlobalPredictorBTBPlugin_predictor/tournamentPht/rams_1/ProgramCounterPlugin_backendJumpInterface_rData_reg[11]
    SLICE_X95Y91         LUT6 (Prop_lut6_I3_O)        0.105     9.919 r  u_wb/defaultClockArea_cpu/GlobalPredictorBTBPlugin_predictor/tournamentPht/rams_1/ProgramCounterPlugin_backendJumpInterface_rData[11]_i_2/O
                         net (fo=1, routed)           0.616    10.536    u_wb/defaultClockArea_cpu/GlobalPredictorBTBPlugin_predictor/tournamentPht/rams_1/ProgramCounterPlugin_backendJumpInterface_rData[11]_i_2_n_0
    SLICE_X91Y89         LUT6 (Prop_lut6_I5_O)        0.105    10.641 r  u_wb/defaultClockArea_cpu/GlobalPredictorBTBPlugin_predictor/tournamentPht/rams_1/ProgramCounterPlugin_backendJumpInterface_rData[11]_i_1/O
                         net (fo=2, routed)           0.862    11.503    u_wb/defaultClockArea_cpu/weBattleCheckpointRAS_1/D[9]
    SLICE_X91Y79         LUT5 (Prop_lut5_I4_O)        0.105    11.608 r  u_wb/defaultClockArea_cpu/weBattleCheckpointRAS_1/mem_i_11__14/O
                         net (fo=16, routed)          0.815    12.423    u_wb/defaultClockArea_cpu/weBattleFetchQueue_1/GlobalPredictorBTBPlugin_index[5]
    SLICE_X84Y73         LUT4 (Prop_lut4_I3_O)        0.105    12.528 r  u_wb/defaultClockArea_cpu/weBattleFetchQueue_1/mem_i_19__11/O
                         net (fo=17, routed)          1.317    13.845    u_wb/defaultClockArea_cpu/ICachePlugin_dataRAMs_1/mem/xpm_memory_base_inst/addrb[5]
    RAMB36_X3Y10         RAMB36E1                                     r  u_wb/defaultClockArea_cpu/ICachePlugin_dataRAMs_1/mem/xpm_memory_base_inst/gen_wr_a.gen_byte_narrow.for_mem_cols[1].mem_reg_4/ADDRARDADDR[11]
  -------------------------------------------------------------------    -------------------

                         (clock aclk rise edge)      10.000    10.000 r  
    L22                                               0.000    10.000 r  aclk (IN)
                         net (fo=0)                   0.000    10.000    aclk
    L22                  IBUF (Prop_ibuf_I_O)         0.762    10.762 r  aclk_IBUF_inst/O
                         net (fo=1, routed)           1.734    12.496    aclk_IBUF
    BUFGCTRL_X0Y2        BUFG (Prop_bufg_I_O)         0.077    12.573 r  aclk_IBUF_BUFG_inst_replica_1/O
                         net (fo=6, routed)           0.112    12.685    aclk_IBUF_BUFG_repN_1
    BUFGCTRL_X0Y1        BUFG (Prop_bufg_I_O)         0.077    12.762 r  aclk_IBUF_BUFG_inst_replica/O
                         net (fo=4, routed)           0.112    12.874    aclk_IBUF_BUFG_repN
    BUFGCTRL_X0Y0        BUFG (Prop_bufg_I_O)         0.077    12.951 r  aclk_IBUF_BUFG_inst/O
                         net (fo=20443, routed)       1.472    14.423    u_wb/defaultClockArea_cpu/ICachePlugin_dataRAMs_1/mem/xpm_memory_base_inst/clka
    RAMB36_X3Y10         RAMB36E1                                     r  u_wb/defaultClockArea_cpu/ICachePlugin_dataRAMs_1/mem/xpm_memory_base_inst/gen_wr_a.gen_byte_narrow.for_mem_cols[1].mem_reg_4/CLKARDCLK
                         clock pessimism              0.254    14.676    
                         clock uncertainty           -0.035    14.641    
    RAMB36_X3Y10         RAMB36E1 (Setup_ramb36e1_CLKARDCLK_ADDRARDADDR[11])
                                                     -0.490    14.151    u_wb/defaultClockArea_cpu/ICachePlugin_dataRAMs_1/mem/xpm_memory_base_inst/gen_wr_a.gen_byte_narrow.for_mem_cols[1].mem_reg_4
  -------------------------------------------------------------------
                         required time                         14.151    
                         arrival time                         -13.845    
  -------------------------------------------------------------------
                         slack                                  0.306    

Slack (MET) :             0.309ns  (required time - arrival time)
  Source:                 u_wb/defaultClockArea_cpu/_zz_ROBFIFOPlugin_popPtr_reg[1]/C
                            (rising edge-triggered cell FDCE clocked by aclk  {rise@0.000ns fall@5.000ns period=10.000ns})
  Destination:            u_wb/defaultClockArea_cpu/ICachePlugin_dataRAMs_1/mem/xpm_memory_base_inst/gen_wr_a.gen_byte_narrow.for_mem_cols[1].mem_reg_3/ADDRARDADDR[11]
                            (rising edge-triggered cell RAMB36E1 clocked by aclk  {rise@0.000ns fall@5.000ns period=10.000ns})
  Path Group:             aclk
  Path Type:              Setup (Max at Slow Process Corner)
  Requirement:            10.000ns  (aclk rise@10.000ns - aclk rise@0.000ns)
  Data Path Delay:        9.219ns  (logic 1.544ns (16.748%)  route 7.675ns (83.252%))
  Logic Levels:           9  (LUT4=1 LUT5=1 LUT6=6 MUXF7=1)
  Clock Path Skew:        0.053ns (DCD - SCD + CPR)
    Destination Clock Delay (DCD):    4.419ns = ( 14.419 - 10.000 ) 
    Source Clock Delay      (SCD):    4.619ns
    Clock Pessimism Removal (CPR):    0.254ns
  Clock Uncertainty:      0.035ns  ((TSJ^2 + TIJ^2)^1/2 + DJ) / 2 + PE
    Total System Jitter     (TSJ):    0.071ns
    Total Input Jitter      (TIJ):    0.000ns
    Discrete Jitter          (DJ):    0.000ns
    Phase Error              (PE):    0.000ns

    Location             Delay type                Incr(ns)  Path(ns)    Netlist Resource(s)
  -------------------------------------------------------------------    -------------------
                         (clock aclk rise edge)       0.000     0.000 r  
    L22                                               0.000     0.000 r  aclk (IN)
                         net (fo=0)                   0.000     0.000    aclk
    L22                  IBUF (Prop_ibuf_I_O)         0.893     0.893 r  aclk_IBUF_inst/O
                         net (fo=1, routed)           1.827     2.720    aclk_IBUF
    BUFGCTRL_X0Y2        BUFG (Prop_bufg_I_O)         0.081     2.801 r  aclk_IBUF_BUFG_inst_replica_1/O
                         net (fo=6, routed)           0.118     2.919    aclk_IBUF_BUFG_repN_1
    BUFGCTRL_X0Y1        BUFG (Prop_bufg_I_O)         0.081     3.000 r  aclk_IBUF_BUFG_inst_replica/O
                         net (fo=4, routed)           0.118     3.118    aclk_IBUF_BUFG_repN
    BUFGCTRL_X0Y0        BUFG (Prop_bufg_I_O)         0.081     3.199 r  aclk_IBUF_BUFG_inst/O
                         net (fo=20443, routed)       1.421     4.619    u_wb/defaultClockArea_cpu/aclk_IBUF_BUFG
    SLICE_X111Y109       FDCE                                         r  u_wb/defaultClockArea_cpu/_zz_ROBFIFOPlugin_popPtr_reg[1]/C
  -------------------------------------------------------------------    -------------------
    SLICE_X111Y109       FDCE (Prop_fdce_C_Q)         0.379     4.998 r  u_wb/defaultClockArea_cpu/_zz_ROBFIFOPlugin_popPtr_reg[1]/Q
                         net (fo=126, routed)         0.981     5.979    u_wb/defaultClockArea_cpu/GlobalPredictorBTBPlugin_btb/rams_1/MMUPlugin_PGDH_BASE_reg[19][0]
    SLICE_X111Y104       LUT6 (Prop_lut6_I2_O)        0.105     6.084 r  u_wb/defaultClockArea_cpu/GlobalPredictorBTBPlugin_btb/rams_1/ExceptionHandlerPlugin_EENTRY_VA[5]_i_8/O
                         net (fo=1, routed)           0.000     6.084    u_wb/defaultClockArea_cpu/GlobalPredictorBTBPlugin_btb/rams_1/ExceptionHandlerPlugin_EENTRY_VA[5]_i_8_n_0
    SLICE_X111Y104       MUXF7 (Prop_muxf7_I0_O)      0.178     6.262 r  u_wb/defaultClockArea_cpu/GlobalPredictorBTBPlugin_btb/rams_1/ExceptionHandlerPlugin_EENTRY_VA_reg[5]_i_4/O
                         net (fo=1, routed)           0.924     7.186    u_wb/defaultClockArea_cpu/GlobalPredictorBTBPlugin_btb/rams_1/ExceptionHandlerPlugin_EENTRY_VA_reg[5]_i_4_n_0
    SLICE_X110Y110       LUT6 (Prop_lut6_I0_O)        0.252     7.438 r  u_wb/defaultClockArea_cpu/GlobalPredictorBTBPlugin_btb/rams_1/ExceptionHandlerPlugin_EENTRY_VA[5]_i_3/O
                         net (fo=1, routed)           0.697     8.135    u_wb/defaultClockArea_cpu/GlobalPredictorBTBPlugin_btb/rams_1/_zz_ROBFIFOPlugin_fifoIO_pop_0_payload_state_intResult_36[11]
    SLICE_X103Y105       LUT6 (Prop_lut6_I2_O)        0.105     8.240 r  u_wb/defaultClockArea_cpu/GlobalPredictorBTBPlugin_btb/rams_1/ExceptionHandlerPlugin_EENTRY_VA[5]_i_2/O
                         net (fo=1, routed)           0.452     8.692    u_wb/defaultClockArea_cpu/GlobalPredictorBTBPlugin_btb/rams_1/ExceptionHandlerPlugin_EENTRY_VA[5]_i_2_n_0
    SLICE_X101Y102       LUT6 (Prop_lut6_I1_O)        0.105     8.797 r  u_wb/defaultClockArea_cpu/GlobalPredictorBTBPlugin_btb/rams_1/ExceptionHandlerPlugin_EENTRY_VA[5]_i_1/O
                         net (fo=20, routed)          1.017     9.814    u_wb/defaultClockArea_cpu/GlobalPredictorBTBPlugin_predictor/tournamentPht/rams_1/ProgramCounterPlugin_backendJumpInterface_rData_reg[11]
    SLICE_X95Y91         LUT6 (Prop_lut6_I3_O)        0.105     9.919 r  u_wb/defaultClockArea_cpu/GlobalPredictorBTBPlugin_predictor/tournamentPht/rams_1/ProgramCounterPlugin_backendJumpInterface_rData[11]_i_2/O
                         net (fo=1, routed)           0.616    10.536    u_wb/defaultClockArea_cpu/GlobalPredictorBTBPlugin_predictor/tournamentPht/rams_1/ProgramCounterPlugin_backendJumpInterface_rData[11]_i_2_n_0
    SLICE_X91Y89         LUT6 (Prop_lut6_I5_O)        0.105    10.641 r  u_wb/defaultClockArea_cpu/GlobalPredictorBTBPlugin_predictor/tournamentPht/rams_1/ProgramCounterPlugin_backendJumpInterface_rData[11]_i_1/O
                         net (fo=2, routed)           0.862    11.503    u_wb/defaultClockArea_cpu/weBattleCheckpointRAS_1/D[9]
    SLICE_X91Y79         LUT5 (Prop_lut5_I4_O)        0.105    11.608 r  u_wb/defaultClockArea_cpu/weBattleCheckpointRAS_1/mem_i_11__14/O
                         net (fo=16, routed)          0.815    12.423    u_wb/defaultClockArea_cpu/weBattleFetchQueue_1/GlobalPredictorBTBPlugin_index[5]
    SLICE_X84Y73         LUT4 (Prop_lut4_I3_O)        0.105    12.528 r  u_wb/defaultClockArea_cpu/weBattleFetchQueue_1/mem_i_19__11/O
                         net (fo=17, routed)          1.310    13.838    u_wb/defaultClockArea_cpu/ICachePlugin_dataRAMs_1/mem/xpm_memory_base_inst/addrb[5]
    RAMB36_X3Y12         RAMB36E1                                     r  u_wb/defaultClockArea_cpu/ICachePlugin_dataRAMs_1/mem/xpm_memory_base_inst/gen_wr_a.gen_byte_narrow.for_mem_cols[1].mem_reg_3/ADDRARDADDR[11]
  -------------------------------------------------------------------    -------------------

                         (clock aclk rise edge)      10.000    10.000 r  
    L22                                               0.000    10.000 r  aclk (IN)
                         net (fo=0)                   0.000    10.000    aclk
    L22                  IBUF (Prop_ibuf_I_O)         0.762    10.762 r  aclk_IBUF_inst/O
                         net (fo=1, routed)           1.734    12.496    aclk_IBUF
    BUFGCTRL_X0Y2        BUFG (Prop_bufg_I_O)         0.077    12.573 r  aclk_IBUF_BUFG_inst_replica_1/O
                         net (fo=6, routed)           0.112    12.685    aclk_IBUF_BUFG_repN_1
    BUFGCTRL_X0Y1        BUFG (Prop_bufg_I_O)         0.077    12.762 r  aclk_IBUF_BUFG_inst_replica/O
                         net (fo=4, routed)           0.112    12.874    aclk_IBUF_BUFG_repN
    BUFGCTRL_X0Y0        BUFG (Prop_bufg_I_O)         0.077    12.951 r  aclk_IBUF_BUFG_inst/O
                         net (fo=20443, routed)       1.468    14.419    u_wb/defaultClockArea_cpu/ICachePlugin_dataRAMs_1/mem/xpm_memory_base_inst/clka
    RAMB36_X3Y12         RAMB36E1                                     r  u_wb/defaultClockArea_cpu/ICachePlugin_dataRAMs_1/mem/xpm_memory_base_inst/gen_wr_a.gen_byte_narrow.for_mem_cols[1].mem_reg_3/CLKARDCLK
                         clock pessimism              0.254    14.672    
                         clock uncertainty           -0.035    14.637    
    RAMB36_X3Y12         RAMB36E1 (Setup_ramb36e1_CLKARDCLK_ADDRARDADDR[11])
                                                     -0.490    14.147    u_wb/defaultClockArea_cpu/ICachePlugin_dataRAMs_1/mem/xpm_memory_base_inst/gen_wr_a.gen_byte_narrow.for_mem_cols[1].mem_reg_3
  -------------------------------------------------------------------
                         required time                         14.147    
                         arrival time                         -13.838    
  -------------------------------------------------------------------
                         slack                                  0.309    

Slack (MET) :             0.311ns  (required time - arrival time)
  Source:                 u_wb/defaultClockArea_cpu/IntIssueQueuePlugin_queue_4_valid_reg/C
                            (rising edge-triggered cell FDCE clocked by aclk  {rise@0.000ns fall@5.000ns period=10.000ns})
  Destination:            u_wb/defaultClockArea_cpu/IntIssueQueuePlugin_queue_2_payload_rRegs_1_valid_reg/D
                            (rising edge-triggered cell FDRE clocked by aclk  {rise@0.000ns fall@5.000ns period=10.000ns})
  Path Group:             aclk
  Path Type:              Setup (Max at Slow Process Corner)
  Requirement:            10.000ns  (aclk rise@10.000ns - aclk rise@0.000ns)
  Data Path Delay:        9.769ns  (logic 2.181ns (22.325%)  route 7.588ns (77.675%))
  Logic Levels:           14  (LUT3=4 LUT4=2 LUT6=8)
  Clock Path Skew:        0.086ns (DCD - SCD + CPR)
    Destination Clock Delay (DCD):    4.247ns = ( 14.247 - 10.000 ) 
    Source Clock Delay      (SCD):    4.398ns
    Clock Pessimism Removal (CPR):    0.238ns
  Clock Uncertainty:      0.035ns  ((TSJ^2 + TIJ^2)^1/2 + DJ) / 2 + PE
    Total System Jitter     (TSJ):    0.071ns
    Total Input Jitter      (TIJ):    0.000ns
    Discrete Jitter          (DJ):    0.000ns
    Phase Error              (PE):    0.000ns

    Location             Delay type                Incr(ns)  Path(ns)    Netlist Resource(s)
  -------------------------------------------------------------------    -------------------
                         (clock aclk rise edge)       0.000     0.000 r  
    L22                                               0.000     0.000 r  aclk (IN)
                         net (fo=0)                   0.000     0.000    aclk
    L22                  IBUF (Prop_ibuf_I_O)         0.893     0.893 r  aclk_IBUF_inst/O
                         net (fo=1, routed)           1.827     2.720    aclk_IBUF
    BUFGCTRL_X0Y2        BUFG (Prop_bufg_I_O)         0.081     2.801 r  aclk_IBUF_BUFG_inst_replica_1/O
                         net (fo=6, routed)           0.118     2.919    aclk_IBUF_BUFG_repN_1
    BUFGCTRL_X0Y1        BUFG (Prop_bufg_I_O)         0.081     3.000 r  aclk_IBUF_BUFG_inst_replica/O
                         net (fo=4, routed)           1.399     4.398    u_wb/defaultClockArea_cpu/aclk_IBUF_BUFG_repN_alias
    SLICE_X71Y140        FDCE                                         r  u_wb/defaultClockArea_cpu/IntIssueQueuePlugin_queue_4_valid_reg/C
  -------------------------------------------------------------------    -------------------
    SLICE_X71Y140        FDCE (Prop_fdce_C_Q)         0.379     4.777 r  u_wb/defaultClockArea_cpu/IntIssueQueuePlugin_queue_4_valid_reg/Q
                         net (fo=8, routed)           0.353     5.130    u_wb/defaultClockArea_cpu/weBattleFetchQueue_1/IntIssueQueuePlugin_queue_0_payload_robIdx[4]_i_35
    SLICE_X71Y138        LUT3 (Prop_lut3_I2_O)        0.105     5.235 r  u_wb/defaultClockArea_cpu/weBattleFetchQueue_1/IntIssueQueuePlugin_queue_0_payload_robIdx[4]_i_22/O
                         net (fo=22, routed)          0.505     5.741    u_wb/defaultClockArea_cpu/weBattleFetchQueue_1/_zz__zz_IntIssueQueuePlugin_queueIO_pushPorts_0_ready_9_3[0]
    SLICE_X69Y139        LUT3 (Prop_lut3_I2_O)        0.105     5.846 r  u_wb/defaultClockArea_cpu/weBattleFetchQueue_1/RENAME_to_DISPATCH_DECODE_PACKET_2_payload_tlbOp[3]_i_10/O
                         net (fo=6, routed)           0.392     6.238    u_wb/defaultClockArea_cpu/weBattleFetchQueue_1/IntIssueQueuePlugin_queue_6_valid_reg_0
    SLICE_X70Y138        LUT6 (Prop_lut6_I1_O)        0.105     6.343 r  u_wb/defaultClockArea_cpu/weBattleFetchQueue_1/RENAME_to_DISPATCH_DECODE_PACKET_2_payload_tlbOp[3]_i_3/O
                         net (fo=2, routed)           0.666     7.009    u_wb/defaultClockArea_cpu/weBattleFetchQueue_1_n_212
    SLICE_X71Y137        LUT6 (Prop_lut6_I3_O)        0.105     7.114 r  u_wb/defaultClockArea_cpu/MemIssueQueuePlugin_queue_0_payload_robIdx[4]_i_10/O
                         net (fo=95, routed)          0.644     7.757    u_wb/defaultClockArea_cpu/MemIssueQueuePlugin_queue_0_payload_robIdx[4]_i_10_n_0
    SLICE_X70Y137        LUT4 (Prop_lut4_I3_O)        0.105     7.862 r  u_wb/defaultClockArea_cpu/IntIssueQueuePlugin_queue_0_payload_robIdx[4]_i_15/O
                         net (fo=7, routed)           0.649     8.511    u_wb/defaultClockArea_cpu/IntIssueQueuePlugin_queue_0_payload_robIdx[4]_i_15_n_0
    SLICE_X67Y144        LUT6 (Prop_lut6_I3_O)        0.105     8.616 r  u_wb/defaultClockArea_cpu/IntIssueQueuePlugin_queue_0_payload_robIdx[4]_i_33/O
                         net (fo=151, routed)         0.736     9.352    u_wb/defaultClockArea_cpu/when_WeBattleDenseIssueQueueState_l80_107772_out
    SLICE_X66Y153        LUT3 (Prop_lut3_I0_O)        0.105     9.457 r  u_wb/defaultClockArea_cpu/IntIssueQueuePlugin_queue_1_payload_rRegs_1_payload[3]_i_9/O
                         net (fo=1, routed)           0.538     9.995    u_wb/defaultClockArea_cpu/IntIssueQueuePlugin_queue_1_payload_rRegs_1_payload[3]_i_9_n_0
    SLICE_X66Y149        LUT6 (Prop_lut6_I3_O)        0.264    10.259 r  u_wb/defaultClockArea_cpu/IntIssueQueuePlugin_queue_1_payload_rRegs_1_payload[3]_i_4/O
                         net (fo=4, routed)           0.382    10.640    u_wb/defaultClockArea_cpu/IntIssueQueuePlugin_queue_1_payload_rRegs_1_payload[3]_i_4_n_0
    SLICE_X67Y148        LUT6 (Prop_lut6_I1_O)        0.105    10.745 f  u_wb/defaultClockArea_cpu/IntIssueQueuePlugin_queue_2_payload_rRegs_1_payload[3]_i_3/O
                         net (fo=2, routed)           0.348    11.094    u_wb/defaultClockArea_cpu/IntIssueQueuePlugin_queue_2_payload_rRegs_1_payload[3]_i_3_n_0
    SLICE_X67Y148        LUT3 (Prop_lut3_I2_O)        0.108    11.202 r  u_wb/defaultClockArea_cpu/IntIssueQueuePlugin_queue_2_payload_rRegs_1_valid_i_33/O
                         net (fo=5, routed)           0.518    11.720    u_wb/defaultClockArea_cpu/IntIssueQueuePlugin_queue_2_payload_rRegs_1_valid_i_33_n_0
    SLICE_X66Y151        LUT6 (Prop_lut6_I0_O)        0.275    11.995 f  u_wb/defaultClockArea_cpu/IntIssueQueuePlugin_queue_2_payload_rRegs_1_valid_i_26/O
                         net (fo=1, routed)           0.552    12.547    u_wb/defaultClockArea_cpu/IntIssueQueuePlugin_queue_2_payload_rRegs_1_valid_i_26_n_0
    SLICE_X66Y151        LUT6 (Prop_lut6_I0_O)        0.105    12.652 r  u_wb/defaultClockArea_cpu/IntIssueQueuePlugin_queue_2_payload_rRegs_1_valid_i_9/O
                         net (fo=1, routed)           0.807    13.459    u_wb/defaultClockArea_cpu/unsignedDivider_3/IntIssueQueuePlugin_queue_2_payload_rRegs_1_valid_reg_4
    SLICE_X65Y151        LUT6 (Prop_lut6_I5_O)        0.105    13.564 r  u_wb/defaultClockArea_cpu/unsignedDivider_3/IntIssueQueuePlugin_queue_2_payload_rRegs_1_valid_i_2/O
                         net (fo=1, routed)           0.499    14.063    u_wb/defaultClockArea_cpu/unsignedDivider_3/IntIssueQueuePlugin_queue_2_payload_rRegs_1_valid_i_2_n_0
    SLICE_X63Y146        LUT4 (Prop_lut4_I0_O)        0.105    14.168 r  u_wb/defaultClockArea_cpu/unsignedDivider_3/IntIssueQueuePlugin_queue_2_payload_rRegs_1_valid_i_1/O
                         net (fo=1, routed)           0.000    14.168    u_wb/defaultClockArea_cpu/unsignedDivider_3_n_163
    SLICE_X63Y146        FDRE                                         r  u_wb/defaultClockArea_cpu/IntIssueQueuePlugin_queue_2_payload_rRegs_1_valid_reg/D
  -------------------------------------------------------------------    -------------------

                         (clock aclk rise edge)      10.000    10.000 r  
    L22                                               0.000    10.000 r  aclk (IN)
                         net (fo=0)                   0.000    10.000    aclk
    L22                  IBUF (Prop_ibuf_I_O)         0.762    10.762 r  aclk_IBUF_inst/O
                         net (fo=1, routed)           1.734    12.496    aclk_IBUF
    BUFGCTRL_X0Y2        BUFG (Prop_bufg_I_O)         0.077    12.573 r  aclk_IBUF_BUFG_inst_replica_1/O
                         net (fo=6, routed)           0.112    12.685    aclk_IBUF_BUFG_repN_1
    BUFGCTRL_X0Y1        BUFG (Prop_bufg_I_O)         0.077    12.762 r  aclk_IBUF_BUFG_inst_replica/O
                         net (fo=4, routed)           0.112    12.874    aclk_IBUF_BUFG_repN
    BUFGCTRL_X0Y0        BUFG (Prop_bufg_I_O)         0.077    12.951 r  aclk_IBUF_BUFG_inst/O
                         net (fo=20443, routed)       1.296    14.247    u_wb/defaultClockArea_cpu/aclk_IBUF_BUFG
    SLICE_X63Y146        FDRE                                         r  u_wb/defaultClockArea_cpu/IntIssueQueuePlugin_queue_2_payload_rRegs_1_valid_reg/C
                         clock pessimism              0.238    14.484    
                         clock uncertainty           -0.035    14.449    
    SLICE_X63Y146        FDRE (Setup_fdre_C_D)        0.030    14.479    u_wb/defaultClockArea_cpu/IntIssueQueuePlugin_queue_2_payload_rRegs_1_valid_reg
  -------------------------------------------------------------------
                         required time                         14.479    
                         arrival time                         -14.168    
  -------------------------------------------------------------------
                         slack                                  0.311    

Slack (MET) :             0.315ns  (required time - arrival time)
  Source:                 u_wb/defaultClockArea_cpu/MEM_MEM2_to_MEM_WB_ROB_IDX_reg[2]/C
                            (rising edge-triggered cell FDRE clocked by aclk  {rise@0.000ns fall@5.000ns period=10.000ns})
  Destination:            u_wb/defaultClockArea_cpu/MMUPlugin_TLBTable_3_PPN0_reg[11]/CE
                            (rising edge-triggered cell FDCE clocked by aclk  {rise@0.000ns fall@5.000ns period=10.000ns})
  Path Group:             aclk
  Path Type:              Setup (Max at Slow Process Corner)
  Requirement:            10.000ns  (aclk rise@10.000ns - aclk rise@0.000ns)
  Data Path Delay:        9.522ns  (logic 2.032ns (21.340%)  route 7.490ns (78.660%))
  Logic Levels:           10  (LUT2=2 LUT3=1 LUT4=1 LUT5=2 LUT6=4)
  Clock Path Skew:        0.040ns (DCD - SCD + CPR)
    Destination Clock Delay (DCD):    4.396ns = ( 14.396 - 10.000 ) 
    Source Clock Delay      (SCD):    4.609ns
    Clock Pessimism Removal (CPR):    0.254ns
  Clock Uncertainty:      0.035ns  ((TSJ^2 + TIJ^2)^1/2 + DJ) / 2 + PE
    Total System Jitter     (TSJ):    0.071ns
    Total Input Jitter      (TIJ):    0.000ns
    Discrete Jitter          (DJ):    0.000ns
    Phase Error              (PE):    0.000ns

    Location             Delay type                Incr(ns)  Path(ns)    Netlist Resource(s)
  -------------------------------------------------------------------    -------------------
                         (clock aclk rise edge)       0.000     0.000 r  
    L22                                               0.000     0.000 r  aclk (IN)
                         net (fo=0)                   0.000     0.000    aclk
    L22                  IBUF (Prop_ibuf_I_O)         0.893     0.893 r  aclk_IBUF_inst/O
                         net (fo=1, routed)           1.827     2.720    aclk_IBUF
    BUFGCTRL_X0Y2        BUFG (Prop_bufg_I_O)         0.081     2.801 r  aclk_IBUF_BUFG_inst_replica_1/O
                         net (fo=6, routed)           0.118     2.919    aclk_IBUF_BUFG_repN_1
    BUFGCTRL_X0Y1        BUFG (Prop_bufg_I_O)         0.081     3.000 r  aclk_IBUF_BUFG_inst_replica/O
                         net (fo=4, routed)           0.118     3.118    aclk_IBUF_BUFG_repN
    BUFGCTRL_X0Y0        BUFG (Prop_bufg_I_O)         0.081     3.199 r  aclk_IBUF_BUFG_inst/O
                         net (fo=20443, routed)       1.411     4.609    u_wb/defaultClockArea_cpu/aclk_IBUF_BUFG
    SLICE_X98Y103        FDRE                                         r  u_wb/defaultClockArea_cpu/MEM_MEM2_to_MEM_WB_ROB_IDX_reg[2]/C
  -------------------------------------------------------------------    -------------------
    SLICE_X98Y103        FDRE (Prop_fdre_C_Q)         0.433     5.042 r  u_wb/defaultClockArea_cpu/MEM_MEM2_to_MEM_WB_ROB_IDX_reg[2]/Q
                         net (fo=55, routed)          0.692     5.734    u_wb/defaultClockArea_cpu/GlobalPredictorBTBPlugin_btb/rams_1/ExceptionHandlerPlugin_BADV_VADDR[31]_i_7_0[2]
    SLICE_X98Y103        LUT6 (Prop_lut6_I2_O)        0.105     5.839 f  u_wb/defaultClockArea_cpu/GlobalPredictorBTBPlugin_btb/rams_1/ExceptionHandlerPlugin_EENTRY_VA[25]_i_21/O
                         net (fo=1, routed)           0.225     6.065    u_wb/defaultClockArea_cpu/GlobalPredictorBTBPlugin_btb/rams_1/ExceptionHandlerPlugin_EENTRY_VA[25]_i_21_n_0
    SLICE_X97Y103        LUT5 (Prop_lut5_I2_O)        0.105     6.170 r  u_wb/defaultClockArea_cpu/GlobalPredictorBTBPlugin_btb/rams_1/ExceptionHandlerPlugin_EENTRY_VA[25]_i_14/O
                         net (fo=33, routed)          0.516     6.686    u_wb/defaultClockArea_cpu/GlobalPredictorBTBPlugin_btb/rams_1/when_WeBattleROBStorage_l1740
    SLICE_X97Y104        LUT2 (Prop_lut2_I1_O)        0.105     6.791 r  u_wb/defaultClockArea_cpu/GlobalPredictorBTBPlugin_btb/rams_1/ExceptionHandlerPlugin_EENTRY_VA[25]_i_7/O
                         net (fo=51, routed)          0.566     7.357    u_wb/defaultClockArea_cpu/GlobalPredictorBTBPlugin_predictor/pht/rams_0/when_WeBattleROBStorage_l174
    SLICE_X96Y107        LUT3 (Prop_lut3_I0_O)        0.105     7.462 r  u_wb/defaultClockArea_cpu/GlobalPredictorBTBPlugin_predictor/pht/rams_0/ExceptionHandlerPlugin_ESTAT_ECODE[5]_i_8/O
                         net (fo=2, routed)           0.356     7.818    u_wb/defaultClockArea_cpu/GlobalPredictorBTBPlugin_predictor/pht/rams_0/MEM_MEM2_to_MEM_WB_EXCEPTION_OCCURRED_reg
    SLICE_X95Y106        LUT6 (Prop_lut6_I2_O)        0.105     7.923 r  u_wb/defaultClockArea_cpu/GlobalPredictorBTBPlugin_predictor/pht/rams_0/ExceptionHandlerPlugin_ESTAT_ECODE[5]_i_3/O
                         net (fo=31, routed)          0.934     8.856    u_wb/defaultClockArea_cpu/GlobalPredictorBTBPlugin_predictor/pht/rams_0/WeBattleCommitPlugin_uncachedExecuting_reg_2
    SLICE_X95Y94         LUT6 (Prop_lut6_I1_O)        0.105     8.961 f  u_wb/defaultClockArea_cpu/GlobalPredictorBTBPlugin_predictor/pht/rams_0/ExceptionHandlerPlugin_LLBCTL_LLBIT_i_2/O
                         net (fo=118, routed)         1.089    10.050    u_wb/defaultClockArea_cpu/when_WeBattleCommitPlugin_l169
    SLICE_X108Y94        LUT2 (Prop_lut2_I0_O)        0.127    10.177 f  u_wb/defaultClockArea_cpu/MMUPlugin_TLBELO1_PPN[19]_i_6/O
                         net (fo=69, routed)          0.898    11.075    u_wb/defaultClockArea_cpu/WeBattleCommitPlugin_tlbOp[2]
    SLICE_X115Y93        LUT4 (Prop_lut4_I0_O)        0.305    11.380 r  u_wb/defaultClockArea_cpu/MMUPlugin_TLBTable_0_PPN1[19]_i_3/O
                         net (fo=16, routed)          0.743    12.123    u_wb/defaultClockArea_cpu/MMUPlugin_TLBTable_0_PPN1[19]_i_3_n_0
    SLICE_X119Y89        LUT5 (Prop_lut5_I0_O)        0.270    12.393 r  u_wb/defaultClockArea_cpu/MMUPlugin_TLBTable_3_PPN1[19]_i_2/O
                         net (fo=2, routed)           0.549    12.942    u_wb/defaultClockArea_cpu/MMUPlugin_TLBTable_3_PPN1[19]_i_2_n_0
    SLICE_X119Y83        LUT6 (Prop_lut6_I0_O)        0.267    13.209 r  u_wb/defaultClockArea_cpu/MMUPlugin_TLBTable_3_PPN1[19]_i_1/O
                         net (fo=88, routed)          0.922    14.131    u_wb/defaultClockArea_cpu/MMUPlugin_TLBTable_3_PPN1[19]_i_1_n_0
    SLICE_X129Y77        FDCE                                         r  u_wb/defaultClockArea_cpu/MMUPlugin_TLBTable_3_PPN0_reg[11]/CE
  -------------------------------------------------------------------    -------------------

                         (clock aclk rise edge)      10.000    10.000 r  
    L22                                               0.000    10.000 r  aclk (IN)
                         net (fo=0)                   0.000    10.000    aclk
    L22                  IBUF (Prop_ibuf_I_O)         0.762    10.762 r  aclk_IBUF_inst/O
                         net (fo=1, routed)           1.734    12.496    aclk_IBUF
    BUFGCTRL_X0Y2        BUFG (Prop_bufg_I_O)         0.077    12.573 r  aclk_IBUF_BUFG_inst_replica_1/O
                         net (fo=6, routed)           0.112    12.685    aclk_IBUF_BUFG_repN_1
    BUFGCTRL_X0Y1        BUFG (Prop_bufg_I_O)         0.077    12.762 r  aclk_IBUF_BUFG_inst_replica/O
                         net (fo=4, routed)           0.112    12.874    aclk_IBUF_BUFG_repN
    BUFGCTRL_X0Y0        BUFG (Prop_bufg_I_O)         0.077    12.951 r  aclk_IBUF_BUFG_inst/O
                         net (fo=20443, routed)       1.445    14.396    u_wb/defaultClockArea_cpu/aclk_IBUF_BUFG
    SLICE_X129Y77        FDCE                                         r  u_wb/defaultClockArea_cpu/MMUPlugin_TLBTable_3_PPN0_reg[11]/C
                         clock pessimism              0.254    14.650    
                         clock uncertainty           -0.035    14.614    
    SLICE_X129Y77        FDCE (Setup_fdce_C_CE)      -0.168    14.446    u_wb/defaultClockArea_cpu/MMUPlugin_TLBTable_3_PPN0_reg[11]
  -------------------------------------------------------------------
                         required time                         14.446    
                         arrival time                         -14.131    
  -------------------------------------------------------------------
                         slack                                  0.315    





Pulse Width Checks
--------------------------------------------------------------------------------------
Clock Name:         aclk
Waveform(ns):       { 0.000 5.000 }
Period(ns):         10.000
Sources:            { aclk }

Check Type        Corner  Lib Pin             Reference Pin  Required(ns)  Actual(ns)  Slack(ns)  Location       Pin
Min Period        n/a     DSP48E1/CLK         n/a            3.109         10.000      6.891      DSP48_X4Y65    core_top/wb_raw_top/MyCPUCore/multiplier/<hidden>/<hidden>/<hidden>
Min Period        n/a     RAMB36E1/CLKARDCLK  n/a            2.472         10.000      7.528      RAMB36_X1Y17   u_wb/defaultClockArea_axiBuffer/fifo/xpm_fifo_base_inst/gen_sdpram.xpm_memory_base_inst/gen_wr_a.gen_word_narrow.mem_reg_0/CLKARDCLK
Min Period        n/a     RAMB36E1/CLKARDCLK  n/a            2.472         10.000      7.528      RAMB36_X1Y16   u_wb/defaultClockArea_axiBuffer/fifo/xpm_fifo_base_inst/gen_sdpram.xpm_memory_base_inst/gen_wr_a.gen_word_narrow.mem_reg_1/CLKARDCLK
Min Period        n/a     RAMB18E1/CLKARDCLK  n/a            2.472         10.000      7.528      RAMB18_X1Y30   u_wb/defaultClockArea_axiBuffer/fifo/xpm_fifo_base_inst/gen_sdpram.xpm_memory_base_inst/gen_wr_a.gen_word_narrow.mem_reg_2/CLKARDCLK
Min Period        n/a     RAMB36E1/CLKARDCLK  n/a            2.472         10.000      7.528      RAMB36_X2Y16   u_wb/defaultClockArea_cpu/DCachePlugin_dataRAMs_0/mem/xpm_memory_base_inst/gen_wr_a.gen_byte_narrow.for_mem_cols[1].mem_reg/CLKARDCLK
Min Period        n/a     RAMB36E1/CLKARDCLK  n/a            2.472         10.000      7.528      RAMB36_X2Y17   u_wb/defaultClockArea_cpu/DCachePlugin_dataRAMs_1/mem/xpm_memory_base_inst/gen_wr_a.gen_byte_narrow.for_mem_cols[1].mem_reg/CLKARDCLK
Min Period        n/a     RAMB36E1/CLKARDCLK  n/a            2.472         10.000      7.528      RAMB36_X1Y20   u_wb/defaultClockArea_cpu/DCachePlugin_infoRAM/mem/xpm_memory_base_inst/gen_wr_a.gen_word_narrow.mem_reg/CLKARDCLK
Min Period        n/a     RAMB36E1/CLKBWRCLK  n/a            2.472         10.000      7.528      RAMB36_X1Y20   u_wb/defaultClockArea_cpu/DCachePlugin_infoRAM/mem/xpm_memory_base_inst/gen_wr_a.gen_word_narrow.mem_reg/CLKBWRCLK
Min Period        n/a     RAMB36E1/CLKARDCLK  n/a            2.472         10.000      7.528      RAMB36_X5Y18   u_wb/defaultClockArea_cpu/GlobalPredictorBTBPlugin_btb/rams_0/mem/xpm_memory_base_inst/gen_wr_a.gen_word_narrow.mem_reg/CLKARDCLK
Min Period        n/a     RAMB36E1/CLKBWRCLK  n/a            2.472         10.000      7.528      RAMB36_X5Y18   u_wb/defaultClockArea_cpu/GlobalPredictorBTBPlugin_btb/rams_0/mem/xpm_memory_base_inst/gen_wr_a.gen_word_narrow.mem_reg/CLKBWRCLK
Min Period        n/a     RAMB36E1/CLKARDCLK  n/a            2.472         10.000      7.528      RAMB36_X5Y16   u_wb/defaultClockArea_cpu/GlobalPredictorBTBPlugin_btb/rams_1/mem/xpm_memory_base_inst/gen_wr_a.gen_word_narrow.mem_reg/CLKARDCLK
Min Period        n/a     RAMB36E1/CLKBWRCLK  n/a            2.472         10.000      7.528      RAMB36_X5Y16   u_wb/defaultClockArea_cpu/GlobalPredictorBTBPlugin_btb/rams_1/mem/xpm_memory_base_inst/gen_wr_a.gen_word_narrow.mem_reg/CLKBWRCLK
Min Period        n/a     RAMB36E1/CLKARDCLK  n/a            2.472         10.000      7.528      RAMB36_X6Y16   u_wb/defaultClockArea_cpu/GlobalPredictorBTBPlugin_btb/rams_2/mem/xpm_memory_base_inst/gen_wr_a.gen_word_narrow.mem_reg/CLKARDCLK
Min Period        n/a     RAMB36E1/CLKBWRCLK  n/a            2.472         10.000      7.528      RAMB36_X6Y16   u_wb/defaultClockArea_cpu/GlobalPredictorBTBPlugin_btb/rams_2/mem/xpm_memory_base_inst/gen_wr_a.gen_word_narrow.mem_reg/CLKBWRCLK
Min Period        n/a     RAMB36E1/CLKARDCLK  n/a            2.472         10.000      7.528      RAMB36_X6Y15   u_wb/defaultClockArea_cpu/GlobalPredictorBTBPlugin_btb/rams_3/mem/xpm_memory_base_inst/gen_wr_a.gen_word_narrow.mem_reg/CLKARDCLK
Min Period        n/a     RAMB36E1/CLKBWRCLK  n/a            2.472         10.000      7.528      RAMB36_X6Y15   u_wb/defaultClockArea_cpu/GlobalPredictorBTBPlugin_btb/rams_3/mem/xpm_memory_base_inst/gen_wr_a.gen_word_narrow.mem_reg/CLKBWRCLK
Min Period        n/a     RAMB18E1/CLKARDCLK  n/a            2.472         10.000      7.528      RAMB18_X5Y34   u_wb/defaultClockArea_cpu/GlobalPredictorBTBPlugin_predictor/pht/rams_0/mem/xpm_memory_base_inst/gen_wr_a.gen_word_narrow.mem_reg/CLKARDCLK
Min Period        n/a     RAMB18E1/CLKARDCLK  n/a            2.472         10.000      7.528      RAMB18_X6Y36   u_wb/defaultClockArea_cpu/GlobalPredictorBTBPlugin_predictor/pht/rams_1/mem/xpm_memory_base_inst/gen_wr_a.gen_word_narrow.mem_reg/CLKARDCLK
Min Period        n/a     RAMB18E1/CLKARDCLK  n/a            2.472         10.000      7.528      RAMB18_X6Y34   u_wb/defaultClockArea_cpu/GlobalPredictorBTBPlugin_predictor/pht/rams_2/mem/xpm_memory_base_inst/gen_wr_a.gen_word_narrow.mem_reg/CLKARDCLK
Min Period        n/a     RAMB18E1/CLKARDCLK  n/a            2.472         10.000      7.528      RAMB18_X4Y34   u_wb/defaultClockArea_cpu/GlobalPredictorBTBPlugin_predictor/pht/rams_3/mem/xpm_memory_base_inst/gen_wr_a.gen_word_narrow.mem_reg/CLKARDCLK
Low Pulse Width   Slow    SRL16E/CLK          n/a            0.854         5.000       4.146      SLICE_X60Y123  u_wb/defaultClockArea_cpu/MEM_ADDR_to_MEM_MEM1_ISSUE_SLOT_robIdx_reg[0]_srl3/CLK
Low Pulse Width   Fast    SRL16E/CLK          n/a            0.854         5.000       4.146      SLICE_X60Y123  u_wb/defaultClockArea_cpu/MEM_ADDR_to_MEM_MEM1_ISSUE_SLOT_robIdx_reg[0]_srl3/CLK
Low Pulse Width   Slow    SRL16E/CLK          n/a            0.854         5.000       4.146      SLICE_X60Y123  u_wb/defaultClockArea_cpu/MEM_ADDR_to_MEM_MEM1_ISSUE_SLOT_robIdx_reg[1]_srl3/CLK
Low Pulse Width   Fast    SRL16E/CLK          n/a            0.854         5.000       4.146      SLICE_X60Y123  u_wb/defaultClockArea_cpu/MEM_ADDR_to_MEM_MEM1_ISSUE_SLOT_robIdx_reg[1]_srl3/CLK
Low Pulse Width   Slow    SRL16E/CLK          n/a            0.854         5.000       4.146      SLICE_X60Y123  u_wb/defaultClockArea_cpu/MEM_ADDR_to_MEM_MEM1_ISSUE_SLOT_robIdx_reg[2]_srl3/CLK
Low Pulse Width   Fast    SRL16E/CLK          n/a            0.854         5.000       4.146      SLICE_X60Y123  u_wb/defaultClockArea_cpu/MEM_ADDR_to_MEM_MEM1_ISSUE_SLOT_robIdx_reg[2]_srl3/CLK
Low Pulse Width   Slow    SRL16E/CLK          n/a            0.854         5.000       4.146      SLICE_X60Y123  u_wb/defaultClockArea_cpu/MEM_ADDR_to_MEM_MEM1_ISSUE_SLOT_robIdx_reg[3]_srl3/CLK
Low Pulse Width   Fast    SRL16E/CLK          n/a            0.854         5.000       4.146      SLICE_X60Y123  u_wb/defaultClockArea_cpu/MEM_ADDR_to_MEM_MEM1_ISSUE_SLOT_robIdx_reg[3]_srl3/CLK
Low Pulse Width   Slow    SRL16E/CLK          n/a            0.854         5.000       4.146      SLICE_X60Y123  u_wb/defaultClockArea_cpu/MEM_ADDR_to_MEM_MEM1_ISSUE_SLOT_robIdx_reg[4]_srl3/CLK
Low Pulse Width   Fast    SRL16E/CLK          n/a            0.854         5.000       4.146      SLICE_X60Y123  u_wb/defaultClockArea_cpu/MEM_ADDR_to_MEM_MEM1_ISSUE_SLOT_robIdx_reg[4]_srl3/CLK
Low Pulse Width   Slow    SRL16E/CLK          n/a            0.854         5.000       4.146      SLICE_X44Y125  u_wb/defaultClockArea_cpu/MEM_ADDR_to_MEM_MEM1_ISSUE_SLOT_uop_cacheOp_reg[0]_srl3/CLK
Low Pulse Width   Fast    SRL16E/CLK          n/a            0.854         5.000       4.146      SLICE_X44Y125  u_wb/defaultClockArea_cpu/MEM_ADDR_to_MEM_MEM1_ISSUE_SLOT_uop_cacheOp_reg[0]_srl3/CLK
Low Pulse Width   Slow    SRL16E/CLK          n/a            0.854         5.000       4.146      SLICE_X44Y125  u_wb/defaultClockArea_cpu/MEM_ADDR_to_MEM_MEM1_ISSUE_SLOT_uop_cacheOp_reg[1]_srl3/CLK
Low Pulse Width   Fast    SRL16E/CLK          n/a            0.854         5.000       4.146      SLICE_X44Y125  u_wb/defaultClockArea_cpu/MEM_ADDR_to_MEM_MEM1_ISSUE_SLOT_uop_cacheOp_reg[1]_srl3/CLK
Low Pulse Width   Slow    SRL16E/CLK          n/a            0.854         5.000       4.146      SLICE_X44Y125  u_wb/defaultClockArea_cpu/MEM_ADDR_to_MEM_MEM1_ISSUE_SLOT_uop_cacheSel_reg[0]_srl3/CLK
Low Pulse Width   Fast    SRL16E/CLK          n/a            0.854         5.000       4.146      SLICE_X44Y125  u_wb/defaultClockArea_cpu/MEM_ADDR_to_MEM_MEM1_ISSUE_SLOT_uop_cacheSel_reg[0]_srl3/CLK
Low Pulse Width   Slow    SRL16E/CLK          n/a            0.854         5.000       4.146      SLICE_X44Y125  u_wb/defaultClockArea_cpu/MEM_ADDR_to_MEM_MEM1_ISSUE_SLOT_uop_cacheSel_reg[1]_srl3/CLK
Low Pulse Width   Fast    SRL16E/CLK          n/a            0.854         5.000       4.146      SLICE_X44Y125  u_wb/defaultClockArea_cpu/MEM_ADDR_to_MEM_MEM1_ISSUE_SLOT_uop_cacheSel_reg[1]_srl3/CLK
Low Pulse Width   Slow    SRL16E/CLK          n/a            0.854         5.000       4.146      SLICE_X40Y128  u_wb/defaultClockArea_cpu/MEM_ADDR_to_MEM_MEM1_ISSUE_SLOT_uop_isStore_reg_srl3/CLK
Low Pulse Width   Fast    SRL16E/CLK          n/a            0.854         5.000       4.146      SLICE_X40Y128  u_wb/defaultClockArea_cpu/MEM_ADDR_to_MEM_MEM1_ISSUE_SLOT_uop_isStore_reg_srl3/CLK
High Pulse Width  Slow    SRL16E/CLK          n/a            0.854         5.000       4.146      SLICE_X60Y123  u_wb/defaultClockArea_cpu/MEM_ADDR_to_MEM_MEM1_ISSUE_SLOT_robIdx_reg[0]_srl3/CLK
High Pulse Width  Fast    SRL16E/CLK          n/a            0.854         5.000       4.146      SLICE_X60Y123  u_wb/defaultClockArea_cpu/MEM_ADDR_to_MEM_MEM1_ISSUE_SLOT_robIdx_reg[0]_srl3/CLK
High Pulse Width  Slow    SRL16E/CLK          n/a            0.854         5.000       4.146      SLICE_X60Y123  u_wb/defaultClockArea_cpu/MEM_ADDR_to_MEM_MEM1_ISSUE_SLOT_robIdx_reg[1]_srl3/CLK
High Pulse Width  Fast    SRL16E/CLK          n/a            0.854         5.000       4.146      SLICE_X60Y123  u_wb/defaultClockArea_cpu/MEM_ADDR_to_MEM_MEM1_ISSUE_SLOT_robIdx_reg[1]_srl3/CLK
High Pulse Width  Slow    SRL16E/CLK          n/a            0.854         5.000       4.146      SLICE_X60Y123  u_wb/defaultClockArea_cpu/MEM_ADDR_to_MEM_MEM1_ISSUE_SLOT_robIdx_reg[2]_srl3/CLK
High Pulse Width  Fast    SRL16E/CLK          n/a            0.854         5.000       4.146      SLICE_X60Y123  u_wb/defaultClockArea_cpu/MEM_ADDR_to_MEM_MEM1_ISSUE_SLOT_robIdx_reg[2]_srl3/CLK
High Pulse Width  Slow    SRL16E/CLK          n/a            0.854         5.000       4.146      SLICE_X60Y123  u_wb/defaultClockArea_cpu/MEM_ADDR_to_MEM_MEM1_ISSUE_SLOT_robIdx_reg[3]_srl3/CLK
High Pulse Width  Fast    SRL16E/CLK          n/a            0.854         5.000       4.146      SLICE_X60Y123  u_wb/defaultClockArea_cpu/MEM_ADDR_to_MEM_MEM1_ISSUE_SLOT_robIdx_reg[3]_srl3/CLK
High Pulse Width  Slow    SRL16E/CLK          n/a            0.854         5.000       4.146      SLICE_X60Y123  u_wb/defaultClockArea_cpu/MEM_ADDR_to_MEM_MEM1_ISSUE_SLOT_robIdx_reg[4]_srl3/CLK
High Pulse Width  Fast    SRL16E/CLK          n/a            0.854         5.000       4.146      SLICE_X60Y123  u_wb/defaultClockArea_cpu/MEM_ADDR_to_MEM_MEM1_ISSUE_SLOT_robIdx_reg[4]_srl3/CLK
High Pulse Width  Slow    SRL16E/CLK          n/a            0.854         5.000       4.146      SLICE_X44Y125  u_wb/defaultClockArea_cpu/MEM_ADDR_to_MEM_MEM1_ISSUE_SLOT_uop_cacheOp_reg[0]_srl3/CLK
High Pulse Width  Fast    SRL16E/CLK          n/a            0.854         5.000       4.146      SLICE_X44Y125  u_wb/defaultClockArea_cpu/MEM_ADDR_to_MEM_MEM1_ISSUE_SLOT_uop_cacheOp_reg[0]_srl3/CLK
High Pulse Width  Slow    SRL16E/CLK          n/a            0.854         5.000       4.146      SLICE_X44Y125  u_wb/defaultClockArea_cpu/MEM_ADDR_to_MEM_MEM1_ISSUE_SLOT_uop_cacheOp_reg[1]_srl3/CLK
High Pulse Width  Fast    SRL16E/CLK          n/a            0.854         5.000       4.146      SLICE_X44Y125  u_wb/defaultClockArea_cpu/MEM_ADDR_to_MEM_MEM1_ISSUE_SLOT_uop_cacheOp_reg[1]_srl3/CLK
High Pulse Width  Slow    SRL16E/CLK          n/a            0.854         5.000       4.146      SLICE_X44Y125  u_wb/defaultClockArea_cpu/MEM_ADDR_to_MEM_MEM1_ISSUE_SLOT_uop_cacheSel_reg[0]_srl3/CLK
High Pulse Width  Fast    SRL16E/CLK          n/a            0.854         5.000       4.146      SLICE_X44Y125  u_wb/defaultClockArea_cpu/MEM_ADDR_to_MEM_MEM1_ISSUE_SLOT_uop_cacheSel_reg[0]_srl3/CLK
High Pulse Width  Slow    SRL16E/CLK          n/a            0.854         5.000       4.146      SLICE_X44Y125  u_wb/defaultClockArea_cpu/MEM_ADDR_to_MEM_MEM1_ISSUE_SLOT_uop_cacheSel_reg[1]_srl3/CLK
High Pulse Width  Fast    SRL16E/CLK          n/a            0.854         5.000       4.146      SLICE_X44Y125  u_wb/defaultClockArea_cpu/MEM_ADDR_to_MEM_MEM1_ISSUE_SLOT_uop_cacheSel_reg[1]_srl3/CLK
High Pulse Width  Slow    SRL16E/CLK          n/a            0.854         5.000       4.146      SLICE_X40Y128  u_wb/defaultClockArea_cpu/MEM_ADDR_to_MEM_MEM1_ISSUE_SLOT_uop_isStore_reg_srl3/CLK
High Pulse Width  Fast    SRL16E/CLK          n/a            0.854         5.000       4.146      SLICE_X40Y128  u_wb/defaultClockArea_cpu/MEM_ADDR_to_MEM_MEM1_ISSUE_SLOT_uop_isStore_reg_srl3/CLK



