Copyright 1986-2022 Xilinx, Inc. All Rights Reserved. Copyright 2022-2025 Advanced Micro Devices, Inc. All Rights Reserved.
-------------------------------------------------------------------------------------------------------------------------------------------------------------------------------------
| Tool Version : Vivado v.2025.2 (win64) Build 6299465 Fri Nov 14 19:35:11 GMT 2025
| Date         : Fri Jul 31 15:46:42 2026
| Host         : MM的ThinkBook16p running 64-bit major release  (build 9200)
| Command      : report_timing_summary -delay_type max -max_paths 20 -file D:/NSCSCC2026/WeBattle-Core/reports/WB-N12-DEV/implementation_d_resume/timing_route_post_physopt_10ns.rpt
| Design       : core_top
| Device       : 7a200t-fbg676
| Speed File   : -2  PRODUCTION 1.23 2018-06-13
| Design State : Routed
-------------------------------------------------------------------------------------------------------------------------------------------------------------------------------------

Timing Summary Report

------------------------------------------------------------------------------------------------
| Timer Settings
| --------------
------------------------------------------------------------------------------------------------

  Enable Multi Corner Analysis               :  Yes
  Enable Pessimism Removal                   :  Yes
  Pessimism Removal Resolution               :  Nearest Common Node
  Enable Input Delay Default Clock           :  No
  Enable Preset / Clear Arcs                 :  No
  Disable Flight Delays                      :  No
  Ignore I/O Paths                           :  No
  Timing Early Launch at Borrowing Latches   :  No
  Borrow Time for Max Delay Exceptions       :  Yes
  Merge Timing Exceptions                    :  Yes
  Inter-SLR Compensation                     :  Conservative

  Corner  Analyze    Analyze    
  Name    Max Paths  Min Paths  
  ------  ---------  ---------  
  Slow    Yes        Yes        
  Fast    Yes        Yes        


------------------------------------------------------------------------------------------------
| Report Methodology
| ------------------
------------------------------------------------------------------------------------------------

No report available as report_methodology has not been run prior. Run report_methodology on the current design for the summary of methodology violations.



check_timing report

Table of Contents
-----------------
1. checking no_clock (0)
2. checking constant_clock (0)
3. checking pulse_width_clock (0)
4. checking unconstrained_internal_endpoints (0)
5. checking no_input_delay (47)
6. checking no_output_delay (234)
7. checking multiple_clock (0)
8. checking generated_clocks (0)
9. checking loops (0)
10. checking partial_input_delay (0)
11. checking partial_output_delay (0)
12. checking latch_loops (0)

1. checking no_clock (0)
------------------------
 There are 0 register/latch pins with no clock.


2. checking constant_clock (0)
------------------------------
 There are 0 register/latch pins with constant_clock.


3. checking pulse_width_clock (0)
---------------------------------
 There are 0 register/latch pins which need pulse_width check


4. checking unconstrained_internal_endpoints (0)
------------------------------------------------
 There are 0 pins that are not constrained for maximum delay.

 There are 0 pins that are not constrained for maximum delay due to constant clock.


5. checking no_input_delay (47)
-------------------------------
 There are 47 input ports with no input delay specified. (HIGH)

 There are 0 input ports with no input delay but user has a false path constraint.


6. checking no_output_delay (234)
---------------------------------
 There are 234 ports with no output delay specified. (HIGH)

 There are 0 ports with no output delay but user has a false path constraint

 There are 0 ports with no output delay but with a timing clock defined on it or propagating through it


7. checking multiple_clock (0)
------------------------------
 There are 0 register/latch pins with multiple clocks.


8. checking generated_clocks (0)
--------------------------------
 There are 0 generated clocks that are not connected to a clock source.


9. checking loops (0)
---------------------
 There are 0 combinational loops in the design.


10. checking partial_input_delay (0)
------------------------------------
 There are 0 input ports with partial input delay specified.


11. checking partial_output_delay (0)
-------------------------------------
 There are 0 ports with partial output delay specified.


12. checking latch_loops (0)
----------------------------
 There are 0 combinational latch loops in the design through latch input



------------------------------------------------------------------------------------------------
| Design Timing Summary
| ---------------------
------------------------------------------------------------------------------------------------

    WNS(ns)      TNS(ns)  TNS Failing Endpoints  TNS Total Endpoints     WPWS(ns)     TPWS(ns)  TPWS Failing Endpoints  TPWS Total Endpoints  
    -------      -------  ---------------------  -------------------     --------     --------  ----------------------  --------------------  
      0.010        0.000                      0                39848        4.146        0.000                       0                 20504  


All user specified timing constraints are met.


------------------------------------------------------------------------------------------------
| Clock Summary
| -------------
------------------------------------------------------------------------------------------------

Clock  Waveform(ns)       Period(ns)      Frequency(MHz)
-----  ------------       ----------      --------------
aclk   {0.000 5.000}      10.000          100.000         


------------------------------------------------------------------------------------------------
| Intra Clock Table
| -----------------
------------------------------------------------------------------------------------------------

Clock             WNS(ns)      TNS(ns)  TNS Failing Endpoints  TNS Total Endpoints     WPWS(ns)     TPWS(ns)  TPWS Failing Endpoints  TPWS Total Endpoints  
-----             -------      -------  ---------------------  -------------------     --------     --------  ----------------------  --------------------  
aclk                0.010        0.000                      0                39848        4.146        0.000                       0                 20504  


------------------------------------------------------------------------------------------------
| Inter Clock Table
| -----------------
------------------------------------------------------------------------------------------------

From Clock    To Clock          WNS(ns)      TNS(ns)  TNS Failing Endpoints  TNS Total Endpoints  
----------    --------          -------      -------  ---------------------  -------------------  


------------------------------------------------------------------------------------------------
| Other Path Groups Table
| -----------------------
------------------------------------------------------------------------------------------------

Path Group    From Clock    To Clock          WNS(ns)      TNS(ns)  TNS Failing Endpoints  TNS Total Endpoints  
----------    ----------    --------          -------      -------  ---------------------  -------------------  


------------------------------------------------------------------------------------------------
| Timing Details
| --------------
------------------------------------------------------------------------------------------------


---------------------------------------------------------------------------------------------------
From Clock:  aclk
  To Clock:  aclk

Setup :            0  Failing Endpoints,  Worst Slack        0.010ns,  Total Violation        0.000ns
Hold  :           NA  Failing Endpoints,  Worst Slack           NA  ,  Total Violation           NA
PW    :            0  Failing Endpoints,  Worst Slack        4.146ns,  Total Violation        0.000ns
---------------------------------------------------------------------------------------------------


Max Delay Paths
--------------------------------------------------------------------------------------
Slack (MET) :             0.010ns  (required time - arrival time)
  Source:                 u_wb/defaultClockArea_cpu/ExceptionHandlerPlugin_ECFG_LIE_0_reg[5]/C
                            (rising edge-triggered cell FDCE clocked by aclk  {rise@0.000ns fall@5.000ns period=10.000ns})
  Destination:            u_wb/defaultClockArea_cpu/GlobalPredictorBTBPlugin_btb/rams_2/mem/xpm_memory_base_inst/gen_wr_a.gen_word_narrow.mem_reg/ADDRARDADDR[12]
                            (rising edge-triggered cell RAMB36E1 clocked by aclk  {rise@0.000ns fall@5.000ns period=10.000ns})
  Path Group:             aclk
  Path Type:              Setup (Max at Slow Process Corner)
  Requirement:            10.000ns  (aclk rise@10.000ns - aclk rise@0.000ns)
  Data Path Delay:        9.398ns  (logic 1.324ns (14.088%)  route 8.074ns (85.912%))
  Logic Levels:           9  (LUT2=2 LUT4=2 LUT5=2 LUT6=3)
  Clock Path Skew:        -0.066ns (DCD - SCD + CPR)
    Destination Clock Delay (DCD):    4.410ns = ( 14.410 - 10.000 ) 
    Source Clock Delay      (SCD):    4.737ns
    Clock Pessimism Removal (CPR):    0.261ns
  Clock Uncertainty:      0.035ns  ((TSJ^2 + TIJ^2)^1/2 + DJ) / 2 + PE
    Total System Jitter     (TSJ):    0.071ns
    Total Input Jitter      (TIJ):    0.000ns
    Discrete Jitter          (DJ):    0.000ns
    Phase Error              (PE):    0.000ns

    Location             Delay type                Incr(ns)  Path(ns)    Netlist Resource(s)
  -------------------------------------------------------------------    -------------------
                         (clock aclk rise edge)       0.000     0.000 r  
    L22                                               0.000     0.000 r  aclk (IN)
                         net (fo=0)                   0.000     0.000    aclk
    L22                  IBUF (Prop_ibuf_I_O)         0.893     0.893 r  aclk_IBUF_inst/O
                         net (fo=1, routed)           1.827     2.720    aclk_IBUF
    BUFGCTRL_X0Y2        BUFG (Prop_bufg_I_O)         0.081     2.801 r  aclk_IBUF_BUFG_inst_replica_1/O
                         net (fo=8, routed)           0.118     2.919    aclk_IBUF_BUFG_repN_1
    BUFGCTRL_X0Y1        BUFG (Prop_bufg_I_O)         0.081     3.000 r  aclk_IBUF_BUFG_inst_replica/O
                         net (fo=25, routed)          0.118     3.118    aclk_IBUF_BUFG_repN
    BUFGCTRL_X0Y0        BUFG (Prop_bufg_I_O)         0.081     3.199 r  aclk_IBUF_BUFG_inst/O
                         net (fo=20473, routed)       1.538     4.737    u_wb/defaultClockArea_cpu/aclk_IBUF_BUFG
    SLICE_X93Y70         FDCE                                         r  u_wb/defaultClockArea_cpu/ExceptionHandlerPlugin_ECFG_LIE_0_reg[5]/C
  -------------------------------------------------------------------    -------------------
    SLICE_X93Y70         FDCE (Prop_fdce_C_Q)         0.379     5.116 r  u_wb/defaultClockArea_cpu/ExceptionHandlerPlugin_ECFG_LIE_0_reg[5]/Q
                         net (fo=2, routed)           0.546     5.661    u_wb/defaultClockArea_cpu/GlobalPredictorBTBPlugin_predictor/tournamentPht/rams_1/ExceptionHandlerPlugin_ESTAT_ECODE[4]_i_9_2[5]
    SLICE_X91Y70         LUT4 (Prop_lut4_I2_O)        0.105     5.766 r  u_wb/defaultClockArea_cpu/GlobalPredictorBTBPlugin_predictor/tournamentPht/rams_1/ExceptionHandlerPlugin_ESTAT_ECODE[4]_i_25/O
                         net (fo=1, routed)           0.800     6.567    u_wb/defaultClockArea_cpu/GlobalPredictorBTBPlugin_predictor/tournamentPht/rams_1/ExceptionHandlerPlugin_ESTAT_ECODE[4]_i_25_n_0
    SLICE_X88Y72         LUT6 (Prop_lut6_I3_O)        0.105     6.672 r  u_wb/defaultClockArea_cpu/GlobalPredictorBTBPlugin_predictor/tournamentPht/rams_1/ExceptionHandlerPlugin_ESTAT_ECODE[4]_i_9/O
                         net (fo=12, routed)          0.781     7.453    u_wb/defaultClockArea_cpu/GlobalPredictorBTBPlugin_predictor/tournamentPht/rams_1/ExceptionHandlerPlugin_ECFG_LIE_0_reg[1]
    SLICE_X84Y79         LUT2 (Prop_lut2_I0_O)        0.105     7.558 r  u_wb/defaultClockArea_cpu/GlobalPredictorBTBPlugin_predictor/tournamentPht/rams_1/ExceptionHandlerPlugin_ESTAT_ECODE[4]_i_5/O
                         net (fo=4, routed)           0.791     8.349    u_wb/defaultClockArea_cpu/GlobalPredictorBTBPlugin_predictor/pht/rams_0/WaitHandlerPlugin_inLowPowerMode_reg_3
    SLICE_X87Y81         LUT6 (Prop_lut6_I4_O)        0.105     8.454 f  u_wb/defaultClockArea_cpu/GlobalPredictorBTBPlugin_predictor/pht/rams_0/WaitHandlerPlugin_inLowPowerMode_i_3/O
                         net (fo=87, routed)          0.800     9.253    u_wb/defaultClockArea_cpu/GlobalPredictorBTBPlugin_predictor/pht/rams_0/WeBattleCommitPlugin_uncachedExecuting_reg
    SLICE_X87Y68         LUT2 (Prop_lut2_I0_O)        0.105     9.358 f  u_wb/defaultClockArea_cpu/GlobalPredictorBTBPlugin_predictor/pht/rams_0/ProgramCounterPlugin_backendJumpInterface_rData[9]_i_3/O
                         net (fo=37, routed)          0.978    10.337    u_wb/defaultClockArea_cpu/GlobalPredictorBTBPlugin_predictor/pht/rams_0/_zz_ROBFIFOPlugin_popPtr_reg[4]_rep__0
    SLICE_X73Y63         LUT5 (Prop_lut5_I3_O)        0.105    10.442 r  u_wb/defaultClockArea_cpu/GlobalPredictorBTBPlugin_predictor/pht/rams_0/mem_i_79__1/O
                         net (fo=47, routed)          0.885    11.327    u_wb/defaultClockArea_cpu/weBattleCheckpointRAS_1/readLogic_regAddr_reg[0]_rep__0
    SLICE_X65Y59         LUT5 (Prop_lut5_I1_O)        0.105    11.432 r  u_wb/defaultClockArea_cpu/weBattleCheckpointRAS_1/mem_i_25__8/O
                         net (fo=47, routed)          1.166    12.598    u_wb/defaultClockArea_cpu/weBattleCheckpointRAS_1/GlobalPredictorBTBPlugin_index[2]
    SLICE_X71Y57         LUT6 (Prop_lut6_I2_O)        0.105    12.703 r  u_wb/defaultClockArea_cpu/weBattleCheckpointRAS_1/mem_i_70__1/O
                         net (fo=4, routed)           0.592    13.294    u_wb/defaultClockArea_cpu/weBattleCheckpointRAS_1/mem_i_70__1_n_0
    SLICE_X71Y56         LUT4 (Prop_lut4_I1_O)        0.105    13.399 r  u_wb/defaultClockArea_cpu/weBattleCheckpointRAS_1/mem_i_62__3/O
                         net (fo=1, routed)           0.736    14.135    u_wb/defaultClockArea_cpu/GlobalPredictorBTBPlugin_btb/rams_2/mem/xpm_memory_base_inst/addrb[6]
    RAMB36_X4Y11         RAMB36E1                                     r  u_wb/defaultClockArea_cpu/GlobalPredictorBTBPlugin_btb/rams_2/mem/xpm_memory_base_inst/gen_wr_a.gen_word_narrow.mem_reg/ADDRARDADDR[12]
  -------------------------------------------------------------------    -------------------

                         (clock aclk rise edge)      10.000    10.000 r  
    L22                                               0.000    10.000 r  aclk (IN)
                         net (fo=0)                   0.000    10.000    aclk
    L22                  IBUF (Prop_ibuf_I_O)         0.762    10.762 r  aclk_IBUF_inst/O
                         net (fo=1, routed)           1.734    12.496    aclk_IBUF
    BUFGCTRL_X0Y2        BUFG (Prop_bufg_I_O)         0.077    12.573 r  aclk_IBUF_BUFG_inst_replica_1/O
                         net (fo=8, routed)           0.112    12.685    aclk_IBUF_BUFG_repN_1
    BUFGCTRL_X0Y1        BUFG (Prop_bufg_I_O)         0.077    12.762 r  aclk_IBUF_BUFG_inst_replica/O
                         net (fo=25, routed)          0.112    12.874    aclk_IBUF_BUFG_repN
    BUFGCTRL_X0Y0        BUFG (Prop_bufg_I_O)         0.077    12.951 r  aclk_IBUF_BUFG_inst/O
                         net (fo=20473, routed)       1.459    14.410    u_wb/defaultClockArea_cpu/GlobalPredictorBTBPlugin_btb/rams_2/mem/xpm_memory_base_inst/clka
    RAMB36_X4Y11         RAMB36E1                                     r  u_wb/defaultClockArea_cpu/GlobalPredictorBTBPlugin_btb/rams_2/mem/xpm_memory_base_inst/gen_wr_a.gen_word_narrow.mem_reg/CLKARDCLK
                         clock pessimism              0.261    14.670    
                         clock uncertainty           -0.035    14.635    
    RAMB36_X4Y11         RAMB36E1 (Setup_ramb36e1_CLKARDCLK_ADDRARDADDR[12])
                                                     -0.490    14.145    u_wb/defaultClockArea_cpu/GlobalPredictorBTBPlugin_btb/rams_2/mem/xpm_memory_base_inst/gen_wr_a.gen_word_narrow.mem_reg
  -------------------------------------------------------------------
                         required time                         14.145    
                         arrival time                         -14.135    
  -------------------------------------------------------------------
                         slack                                  0.010    

Slack (MET) :             0.090ns  (required time - arrival time)
  Source:                 u_wb/defaultClockArea_cpu/ExceptionHandlerPlugin_ECFG_LIE_0_reg[5]/C
                            (rising edge-triggered cell FDCE clocked by aclk  {rise@0.000ns fall@5.000ns period=10.000ns})
  Destination:            u_wb/defaultClockArea_cpu/GlobalPredictorBTBPlugin_btb/rams_2/mem/xpm_memory_base_inst/gen_wr_a.gen_word_narrow.mem_reg/ADDRARDADDR[11]
                            (rising edge-triggered cell RAMB36E1 clocked by aclk  {rise@0.000ns fall@5.000ns period=10.000ns})
  Path Group:             aclk
  Path Type:              Setup (Max at Slow Process Corner)
  Requirement:            10.000ns  (aclk rise@10.000ns - aclk rise@0.000ns)
  Data Path Delay:        9.155ns  (logic 1.325ns (14.472%)  route 7.830ns (85.528%))
  Logic Levels:           9  (LUT2=2 LUT3=1 LUT4=1 LUT5=2 LUT6=3)
  Clock Path Skew:        -0.066ns (DCD - SCD + CPR)
    Destination Clock Delay (DCD):    4.410ns = ( 14.410 - 10.000 ) 
    Source Clock Delay      (SCD):    4.737ns
    Clock Pessimism Removal (CPR):    0.261ns
  Clock Uncertainty:      0.035ns  ((TSJ^2 + TIJ^2)^1/2 + DJ) / 2 + PE
    Total System Jitter     (TSJ):    0.071ns
    Total Input Jitter      (TIJ):    0.000ns
    Discrete Jitter          (DJ):    0.000ns
    Phase Error              (PE):    0.000ns

    Location             Delay type                Incr(ns)  Path(ns)    Netlist Resource(s)
  -------------------------------------------------------------------    -------------------
                         (clock aclk rise edge)       0.000     0.000 r  
    L22                                               0.000     0.000 r  aclk (IN)
                         net (fo=0)                   0.000     0.000    aclk
    L22                  IBUF (Prop_ibuf_I_O)         0.893     0.893 r  aclk_IBUF_inst/O
                         net (fo=1, routed)           1.827     2.720    aclk_IBUF
    BUFGCTRL_X0Y2        BUFG (Prop_bufg_I_O)         0.081     2.801 r  aclk_IBUF_BUFG_inst_replica_1/O
                         net (fo=8, routed)           0.118     2.919    aclk_IBUF_BUFG_repN_1
    BUFGCTRL_X0Y1        BUFG (Prop_bufg_I_O)         0.081     3.000 r  aclk_IBUF_BUFG_inst_replica/O
                         net (fo=25, routed)          0.118     3.118    aclk_IBUF_BUFG_repN
    BUFGCTRL_X0Y0        BUFG (Prop_bufg_I_O)         0.081     3.199 r  aclk_IBUF_BUFG_inst/O
                         net (fo=20473, routed)       1.538     4.737    u_wb/defaultClockArea_cpu/aclk_IBUF_BUFG
    SLICE_X93Y70         FDCE                                         r  u_wb/defaultClockArea_cpu/ExceptionHandlerPlugin_ECFG_LIE_0_reg[5]/C
  -------------------------------------------------------------------    -------------------
    SLICE_X93Y70         FDCE (Prop_fdce_C_Q)         0.379     5.116 r  u_wb/defaultClockArea_cpu/ExceptionHandlerPlugin_ECFG_LIE_0_reg[5]/Q
                         net (fo=2, routed)           0.546     5.661    u_wb/defaultClockArea_cpu/GlobalPredictorBTBPlugin_predictor/tournamentPht/rams_1/ExceptionHandlerPlugin_ESTAT_ECODE[4]_i_9_2[5]
    SLICE_X91Y70         LUT4 (Prop_lut4_I2_O)        0.105     5.766 r  u_wb/defaultClockArea_cpu/GlobalPredictorBTBPlugin_predictor/tournamentPht/rams_1/ExceptionHandlerPlugin_ESTAT_ECODE[4]_i_25/O
                         net (fo=1, routed)           0.800     6.567    u_wb/defaultClockArea_cpu/GlobalPredictorBTBPlugin_predictor/tournamentPht/rams_1/ExceptionHandlerPlugin_ESTAT_ECODE[4]_i_25_n_0
    SLICE_X88Y72         LUT6 (Prop_lut6_I3_O)        0.105     6.672 r  u_wb/defaultClockArea_cpu/GlobalPredictorBTBPlugin_predictor/tournamentPht/rams_1/ExceptionHandlerPlugin_ESTAT_ECODE[4]_i_9/O
                         net (fo=12, routed)          0.781     7.453    u_wb/defaultClockArea_cpu/GlobalPredictorBTBPlugin_predictor/tournamentPht/rams_1/ExceptionHandlerPlugin_ECFG_LIE_0_reg[1]
    SLICE_X84Y79         LUT2 (Prop_lut2_I0_O)        0.105     7.558 r  u_wb/defaultClockArea_cpu/GlobalPredictorBTBPlugin_predictor/tournamentPht/rams_1/ExceptionHandlerPlugin_ESTAT_ECODE[4]_i_5/O
                         net (fo=4, routed)           0.791     8.349    u_wb/defaultClockArea_cpu/GlobalPredictorBTBPlugin_predictor/pht/rams_0/WaitHandlerPlugin_inLowPowerMode_reg_3
    SLICE_X87Y81         LUT6 (Prop_lut6_I4_O)        0.105     8.454 f  u_wb/defaultClockArea_cpu/GlobalPredictorBTBPlugin_predictor/pht/rams_0/WaitHandlerPlugin_inLowPowerMode_i_3/O
                         net (fo=87, routed)          0.800     9.253    u_wb/defaultClockArea_cpu/GlobalPredictorBTBPlugin_predictor/pht/rams_0/WeBattleCommitPlugin_uncachedExecuting_reg
    SLICE_X87Y68         LUT2 (Prop_lut2_I0_O)        0.105     9.358 f  u_wb/defaultClockArea_cpu/GlobalPredictorBTBPlugin_predictor/pht/rams_0/ProgramCounterPlugin_backendJumpInterface_rData[9]_i_3/O
                         net (fo=37, routed)          0.978    10.337    u_wb/defaultClockArea_cpu/GlobalPredictorBTBPlugin_predictor/pht/rams_0/_zz_ROBFIFOPlugin_popPtr_reg[4]_rep__0
    SLICE_X73Y63         LUT5 (Prop_lut5_I3_O)        0.105    10.442 r  u_wb/defaultClockArea_cpu/GlobalPredictorBTBPlugin_predictor/pht/rams_0/mem_i_79__1/O
                         net (fo=47, routed)          0.885    11.327    u_wb/defaultClockArea_cpu/weBattleCheckpointRAS_1/readLogic_regAddr_reg[0]_rep__0
    SLICE_X65Y59         LUT5 (Prop_lut5_I1_O)        0.105    11.432 r  u_wb/defaultClockArea_cpu/weBattleCheckpointRAS_1/mem_i_25__8/O
                         net (fo=47, routed)          1.166    12.598    u_wb/defaultClockArea_cpu/weBattleCheckpointRAS_1/GlobalPredictorBTBPlugin_index[2]
    SLICE_X71Y57         LUT6 (Prop_lut6_I2_O)        0.105    12.703 r  u_wb/defaultClockArea_cpu/weBattleCheckpointRAS_1/mem_i_70__1/O
                         net (fo=4, routed)           0.612    13.314    u_wb/defaultClockArea_cpu/weBattleCheckpointRAS_1/mem_i_70__1_n_0
    SLICE_X76Y55         LUT3 (Prop_lut3_I0_O)        0.106    13.420 r  u_wb/defaultClockArea_cpu/weBattleCheckpointRAS_1/mem_i_63__3/O
                         net (fo=1, routed)           0.472    13.892    u_wb/defaultClockArea_cpu/GlobalPredictorBTBPlugin_btb/rams_2/mem/xpm_memory_base_inst/addrb[5]
    RAMB36_X4Y11         RAMB36E1                                     r  u_wb/defaultClockArea_cpu/GlobalPredictorBTBPlugin_btb/rams_2/mem/xpm_memory_base_inst/gen_wr_a.gen_word_narrow.mem_reg/ADDRARDADDR[11]
  -------------------------------------------------------------------    -------------------

                         (clock aclk rise edge)      10.000    10.000 r  
    L22                                               0.000    10.000 r  aclk (IN)
                         net (fo=0)                   0.000    10.000    aclk
    L22                  IBUF (Prop_ibuf_I_O)         0.762    10.762 r  aclk_IBUF_inst/O
                         net (fo=1, routed)           1.734    12.496    aclk_IBUF
    BUFGCTRL_X0Y2        BUFG (Prop_bufg_I_O)         0.077    12.573 r  aclk_IBUF_BUFG_inst_replica_1/O
                         net (fo=8, routed)           0.112    12.685    aclk_IBUF_BUFG_repN_1
    BUFGCTRL_X0Y1        BUFG (Prop_bufg_I_O)         0.077    12.762 r  aclk_IBUF_BUFG_inst_replica/O
                         net (fo=25, routed)          0.112    12.874    aclk_IBUF_BUFG_repN
    BUFGCTRL_X0Y0        BUFG (Prop_bufg_I_O)         0.077    12.951 r  aclk_IBUF_BUFG_inst/O
                         net (fo=20473, routed)       1.459    14.410    u_wb/defaultClockArea_cpu/GlobalPredictorBTBPlugin_btb/rams_2/mem/xpm_memory_base_inst/clka
    RAMB36_X4Y11         RAMB36E1                                     r  u_wb/defaultClockArea_cpu/GlobalPredictorBTBPlugin_btb/rams_2/mem/xpm_memory_base_inst/gen_wr_a.gen_word_narrow.mem_reg/CLKARDCLK
                         clock pessimism              0.261    14.670    
                         clock uncertainty           -0.035    14.635    
    RAMB36_X4Y11         RAMB36E1 (Setup_ramb36e1_CLKARDCLK_ADDRARDADDR[11])
                                                     -0.653    13.982    u_wb/defaultClockArea_cpu/GlobalPredictorBTBPlugin_btb/rams_2/mem/xpm_memory_base_inst/gen_wr_a.gen_word_narrow.mem_reg
  -------------------------------------------------------------------
                         required time                         13.982    
                         arrival time                         -13.892    
  -------------------------------------------------------------------
                         slack                                  0.090    

Slack (MET) :             0.105ns  (required time - arrival time)
  Source:                 u_wb/defaultClockArea_cpu/IntIssueQueuePlugin_queue_5_valid_reg/C
                            (rising edge-triggered cell FDCE clocked by aclk  {rise@0.000ns fall@5.000ns period=10.000ns})
  Destination:            u_wb/defaultClockArea_cpu/IntIssueQueuePlugin_queue_5_payload_rRegs_0_valid_reg/D
                            (rising edge-triggered cell FDRE clocked by aclk  {rise@0.000ns fall@5.000ns period=10.000ns})
  Path Group:             aclk
  Path Type:              Setup (Max at Slow Process Corner)
  Requirement:            10.000ns  (aclk rise@10.000ns - aclk rise@0.000ns)
  Data Path Delay:        9.864ns  (logic 2.030ns (20.580%)  route 7.834ns (79.420%))
  Logic Levels:           11  (LUT3=1 LUT5=4 LUT6=6)
  Clock Path Skew:        -0.028ns (DCD - SCD + CPR)
    Destination Clock Delay (DCD):    4.243ns = ( 14.243 - 10.000 ) 
    Source Clock Delay      (SCD):    4.584ns
    Clock Pessimism Removal (CPR):    0.314ns
  Clock Uncertainty:      0.035ns  ((TSJ^2 + TIJ^2)^1/2 + DJ) / 2 + PE
    Total System Jitter     (TSJ):    0.071ns
    Total Input Jitter      (TIJ):    0.000ns
    Discrete Jitter          (DJ):    0.000ns
    Phase Error              (PE):    0.000ns

    Location             Delay type                Incr(ns)  Path(ns)    Netlist Resource(s)
  -------------------------------------------------------------------    -------------------
                         (clock aclk rise edge)       0.000     0.000 r  
    L22                                               0.000     0.000 r  aclk (IN)
                         net (fo=0)                   0.000     0.000    aclk
    L22                  IBUF (Prop_ibuf_I_O)         0.893     0.893 r  aclk_IBUF_inst/O
                         net (fo=1, routed)           1.827     2.720    aclk_IBUF
    BUFGCTRL_X0Y2        BUFG (Prop_bufg_I_O)         0.081     2.801 r  aclk_IBUF_BUFG_inst_replica_1/O
                         net (fo=8, routed)           0.118     2.919    aclk_IBUF_BUFG_repN_1
    BUFGCTRL_X0Y1        BUFG (Prop_bufg_I_O)         0.081     3.000 r  aclk_IBUF_BUFG_inst_replica/O
                         net (fo=25, routed)          0.118     3.118    aclk_IBUF_BUFG_repN
    BUFGCTRL_X0Y0        BUFG (Prop_bufg_I_O)         0.081     3.199 r  aclk_IBUF_BUFG_inst/O
                         net (fo=20473, routed)       1.386     4.584    u_wb/defaultClockArea_cpu/aclk_IBUF_BUFG
    SLICE_X67Y122        FDCE                                         r  u_wb/defaultClockArea_cpu/IntIssueQueuePlugin_queue_5_valid_reg/C
  -------------------------------------------------------------------    -------------------
    SLICE_X67Y122        FDCE (Prop_fdce_C_Q)         0.348     4.932 f  u_wb/defaultClockArea_cpu/IntIssueQueuePlugin_queue_5_valid_reg/Q
                         net (fo=21, routed)          0.767     5.700    u_wb/defaultClockArea_cpu/weBattleFetchQueue_1/RENAME_to_DISPATCH_DECODE_PACKET_2_payload_predInfo_predictAddr_reg[2]_0
    SLICE_X67Y120        LUT6 (Prop_lut6_I1_O)        0.240     5.940 r  u_wb/defaultClockArea_cpu/weBattleFetchQueue_1/RENAME_to_DISPATCH_DECODE_PACKET_1_payload_inst[25]_i_6/O
                         net (fo=5, routed)           0.807     6.746    u_wb/defaultClockArea_cpu/weBattleFetchQueue_1/IntIssueQueuePlugin_queue_3_valid_reg_2
    SLICE_X68Y120        LUT6 (Prop_lut6_I0_O)        0.105     6.851 r  u_wb/defaultClockArea_cpu/weBattleFetchQueue_1/RENAME_to_DISPATCH_DECODE_PACKET_1_payload_inst[25]_i_2/O
                         net (fo=7, routed)           0.509     7.360    u_wb/defaultClockArea_cpu/weBattleFetchQueue_1/IntIssueQueuePlugin_queue_3_valid_reg_0
    SLICE_X67Y119        LUT5 (Prop_lut5_I4_O)        0.105     7.465 f  u_wb/defaultClockArea_cpu/weBattleFetchQueue_1/RENAME_to_DISPATCH_DECODE_PACKET_1_payload_inst[25]_i_5/O
                         net (fo=7, routed)           0.467     7.933    u_wb/defaultClockArea_cpu/weBattleFetchQueue_1_n_164
    SLICE_X69Y119        LUT6 (Prop_lut6_I0_O)        0.105     8.038 f  u_wb/defaultClockArea_cpu/IntIssueQueuePlugin_queue_0_payload_uop_inst[25]_i_14/O
                         net (fo=28, routed)          0.600     8.638    u_wb/defaultClockArea_cpu/IntIssueQueuePlugin_queue_0_payload_uop_inst[25]_i_14_n_0
    SLICE_X71Y119        LUT5 (Prop_lut5_I2_O)        0.125     8.763 r  u_wb/defaultClockArea_cpu/IntIssueQueuePlugin_queue_5_payload_uop_doRegWrite_i_4/O
                         net (fo=144, routed)         1.118     9.881    u_wb/defaultClockArea_cpu/when_WeBattleDenseIssueQueueState_l80_24
    SLICE_X75Y141        LUT5 (Prop_lut5_I3_O)        0.275    10.156 r  u_wb/defaultClockArea_cpu/IntIssueQueuePlugin_queue_2_payload_rRegs_0_payload[1]_i_4/O
                         net (fo=1, routed)           0.346    10.502    u_wb/defaultClockArea_cpu/IntIssueQueuePlugin_queue_2_payload_rRegs_0_payload[1]_i_4_n_0
    SLICE_X75Y141        LUT5 (Prop_lut5_I4_O)        0.105    10.607 r  u_wb/defaultClockArea_cpu/IntIssueQueuePlugin_queue_2_payload_rRegs_0_payload[1]_i_2/O
                         net (fo=7, routed)           0.968    11.574    u_wb/defaultClockArea_cpu/IntIssueQueuePlugin_queue_2_payload_rRegs_0_payload[1]_i_2_n_0
    SLICE_X65Y136        LUT3 (Prop_lut3_I2_O)        0.126    11.700 r  u_wb/defaultClockArea_cpu/IntIssueQueuePlugin_queue_5_payload_rRegs_0_payload[1]_i_2/O
                         net (fo=9, routed)           0.760    12.461    u_wb/defaultClockArea_cpu/IntIssueQueuePlugin_queue_5_payload_rRegs_0_payload[1]_i_1_n_0
    SLICE_X63Y135        LUT6 (Prop_lut6_I3_O)        0.286    12.747 f  u_wb/defaultClockArea_cpu/IntIssueQueuePlugin_queue_5_payload_rRegs_0_valid_i_16/O
                         net (fo=1, routed)           0.655    13.402    u_wb/defaultClockArea_cpu/IntIssueQueuePlugin_queue_5_payload_rRegs_0_valid_i_16_n_0
    SLICE_X63Y134        LUT6 (Prop_lut6_I4_O)        0.105    13.507 r  u_wb/defaultClockArea_cpu/IntIssueQueuePlugin_queue_5_payload_rRegs_0_valid_i_4/O
                         net (fo=1, routed)           0.837    14.343    u_wb/defaultClockArea_cpu/weBattleMulDivUnit_1/divider/IntIssueQueuePlugin_queue_5_payload_rRegs_0_valid_reg_0
    SLICE_X61Y132        LUT6 (Prop_lut6_I2_O)        0.105    14.448 r  u_wb/defaultClockArea_cpu/weBattleMulDivUnit_1/divider/IntIssueQueuePlugin_queue_5_payload_rRegs_0_valid_i_1/O
                         net (fo=1, routed)           0.000    14.448    u_wb/defaultClockArea_cpu/weBattleMulDivUnit_1_n_154
    SLICE_X61Y132        FDRE                                         r  u_wb/defaultClockArea_cpu/IntIssueQueuePlugin_queue_5_payload_rRegs_0_valid_reg/D
  -------------------------------------------------------------------    -------------------

                         (clock aclk rise edge)      10.000    10.000 r  
    L22                                               0.000    10.000 r  aclk (IN)
                         net (fo=0)                   0.000    10.000    aclk
    L22                  IBUF (Prop_ibuf_I_O)         0.762    10.762 r  aclk_IBUF_inst/O
                         net (fo=1, routed)           1.734    12.496    aclk_IBUF
    BUFGCTRL_X0Y2        BUFG (Prop_bufg_I_O)         0.077    12.573 r  aclk_IBUF_BUFG_inst_replica_1/O
                         net (fo=8, routed)           0.112    12.685    aclk_IBUF_BUFG_repN_1
    BUFGCTRL_X0Y1        BUFG (Prop_bufg_I_O)         0.077    12.762 r  aclk_IBUF_BUFG_inst_replica/O
                         net (fo=25, routed)          0.112    12.874    aclk_IBUF_BUFG_repN
    BUFGCTRL_X0Y0        BUFG (Prop_bufg_I_O)         0.077    12.951 r  aclk_IBUF_BUFG_inst/O
                         net (fo=20473, routed)       1.292    14.243    u_wb/defaultClockArea_cpu/aclk_IBUF_BUFG
    SLICE_X61Y132        FDRE                                         r  u_wb/defaultClockArea_cpu/IntIssueQueuePlugin_queue_5_payload_rRegs_0_valid_reg/C
                         clock pessimism              0.314    14.556    
                         clock uncertainty           -0.035    14.521    
    SLICE_X61Y132        FDRE (Setup_fdre_C_D)        0.032    14.553    u_wb/defaultClockArea_cpu/IntIssueQueuePlugin_queue_5_payload_rRegs_0_valid_reg
  -------------------------------------------------------------------
                         required time                         14.553    
                         arrival time                         -14.448    
  -------------------------------------------------------------------
                         slack                                  0.105    

Slack (MET) :             0.155ns  (required time - arrival time)
  Source:                 u_wb/defaultClockArea_cpu/ExceptionHandlerPlugin_ECFG_LIE_0_reg[5]/C
                            (rising edge-triggered cell FDCE clocked by aclk  {rise@0.000ns fall@5.000ns period=10.000ns})
  Destination:            u_wb/defaultClockArea_cpu/GlobalPredictorBTBPlugin_predictor/tournamentPht/rams_1/mem/xpm_memory_base_inst/gen_wr_a.gen_word_narrow.mem_reg/ADDRBWRADDR[9]
                            (rising edge-triggered cell RAMB18E1 clocked by aclk  {rise@0.000ns fall@5.000ns period=10.000ns})
  Path Group:             aclk
  Path Type:              Setup (Max at Slow Process Corner)
  Requirement:            10.000ns  (aclk rise@10.000ns - aclk rise@0.000ns)
  Data Path Delay:        9.090ns  (logic 1.344ns (14.786%)  route 7.746ns (85.214%))
  Logic Levels:           9  (LUT2=2 LUT3=1 LUT4=1 LUT5=3 LUT6=2)
  Clock Path Skew:        -0.059ns (DCD - SCD + CPR)
    Destination Clock Delay (DCD):    4.417ns = ( 14.417 - 10.000 ) 
    Source Clock Delay      (SCD):    4.737ns
    Clock Pessimism Removal (CPR):    0.261ns
  Clock Uncertainty:      0.035ns  ((TSJ^2 + TIJ^2)^1/2 + DJ) / 2 + PE
    Total System Jitter     (TSJ):    0.071ns
    Total Input Jitter      (TIJ):    0.000ns
    Discrete Jitter          (DJ):    0.000ns
    Phase Error              (PE):    0.000ns

    Location             Delay type                Incr(ns)  Path(ns)    Netlist Resource(s)
  -------------------------------------------------------------------    -------------------
                         (clock aclk rise edge)       0.000     0.000 r  
    L22                                               0.000     0.000 r  aclk (IN)
                         net (fo=0)                   0.000     0.000    aclk
    L22                  IBUF (Prop_ibuf_I_O)         0.893     0.893 r  aclk_IBUF_inst/O
                         net (fo=1, routed)           1.827     2.720    aclk_IBUF
    BUFGCTRL_X0Y2        BUFG (Prop_bufg_I_O)         0.081     2.801 r  aclk_IBUF_BUFG_inst_replica_1/O
                         net (fo=8, routed)           0.118     2.919    aclk_IBUF_BUFG_repN_1
    BUFGCTRL_X0Y1        BUFG (Prop_bufg_I_O)         0.081     3.000 r  aclk_IBUF_BUFG_inst_replica/O
                         net (fo=25, routed)          0.118     3.118    aclk_IBUF_BUFG_repN
    BUFGCTRL_X0Y0        BUFG (Prop_bufg_I_O)         0.081     3.199 r  aclk_IBUF_BUFG_inst/O
                         net (fo=20473, routed)       1.538     4.737    u_wb/defaultClockArea_cpu/aclk_IBUF_BUFG
    SLICE_X93Y70         FDCE                                         r  u_wb/defaultClockArea_cpu/ExceptionHandlerPlugin_ECFG_LIE_0_reg[5]/C
  -------------------------------------------------------------------    -------------------
    SLICE_X93Y70         FDCE (Prop_fdce_C_Q)         0.379     5.116 r  u_wb/defaultClockArea_cpu/ExceptionHandlerPlugin_ECFG_LIE_0_reg[5]/Q
                         net (fo=2, routed)           0.546     5.661    u_wb/defaultClockArea_cpu/GlobalPredictorBTBPlugin_predictor/tournamentPht/rams_1/ExceptionHandlerPlugin_ESTAT_ECODE[4]_i_9_2[5]
    SLICE_X91Y70         LUT4 (Prop_lut4_I2_O)        0.105     5.766 r  u_wb/defaultClockArea_cpu/GlobalPredictorBTBPlugin_predictor/tournamentPht/rams_1/ExceptionHandlerPlugin_ESTAT_ECODE[4]_i_25/O
                         net (fo=1, routed)           0.800     6.567    u_wb/defaultClockArea_cpu/GlobalPredictorBTBPlugin_predictor/tournamentPht/rams_1/ExceptionHandlerPlugin_ESTAT_ECODE[4]_i_25_n_0
    SLICE_X88Y72         LUT6 (Prop_lut6_I3_O)        0.105     6.672 r  u_wb/defaultClockArea_cpu/GlobalPredictorBTBPlugin_predictor/tournamentPht/rams_1/ExceptionHandlerPlugin_ESTAT_ECODE[4]_i_9/O
                         net (fo=12, routed)          0.781     7.453    u_wb/defaultClockArea_cpu/GlobalPredictorBTBPlugin_predictor/tournamentPht/rams_1/ExceptionHandlerPlugin_ECFG_LIE_0_reg[1]
    SLICE_X84Y79         LUT2 (Prop_lut2_I0_O)        0.105     7.558 r  u_wb/defaultClockArea_cpu/GlobalPredictorBTBPlugin_predictor/tournamentPht/rams_1/ExceptionHandlerPlugin_ESTAT_ECODE[4]_i_5/O
                         net (fo=4, routed)           0.791     8.349    u_wb/defaultClockArea_cpu/GlobalPredictorBTBPlugin_predictor/pht/rams_0/WaitHandlerPlugin_inLowPowerMode_reg_3
    SLICE_X87Y81         LUT6 (Prop_lut6_I4_O)        0.105     8.454 f  u_wb/defaultClockArea_cpu/GlobalPredictorBTBPlugin_predictor/pht/rams_0/WaitHandlerPlugin_inLowPowerMode_i_3/O
                         net (fo=87, routed)          0.800     9.253    u_wb/defaultClockArea_cpu/GlobalPredictorBTBPlugin_predictor/pht/rams_0/WeBattleCommitPlugin_uncachedExecuting_reg
    SLICE_X87Y68         LUT2 (Prop_lut2_I0_O)        0.105     9.358 f  u_wb/defaultClockArea_cpu/GlobalPredictorBTBPlugin_predictor/pht/rams_0/ProgramCounterPlugin_backendJumpInterface_rData[9]_i_3/O
                         net (fo=37, routed)          0.978    10.337    u_wb/defaultClockArea_cpu/GlobalPredictorBTBPlugin_predictor/pht/rams_0/_zz_ROBFIFOPlugin_popPtr_reg[4]_rep__0
    SLICE_X73Y63         LUT5 (Prop_lut5_I3_O)        0.105    10.442 r  u_wb/defaultClockArea_cpu/GlobalPredictorBTBPlugin_predictor/pht/rams_0/mem_i_79__1/O
                         net (fo=47, routed)          0.885    11.327    u_wb/defaultClockArea_cpu/weBattleCheckpointRAS_1/readLogic_regAddr_reg[0]_rep__0
    SLICE_X65Y59         LUT5 (Prop_lut5_I1_O)        0.105    11.432 f  u_wb/defaultClockArea_cpu/weBattleCheckpointRAS_1/mem_i_25__8/O
                         net (fo=47, routed)          0.856    12.288    u_wb/defaultClockArea_cpu/weBattleCheckpointRAS_1/GlobalPredictorBTBPlugin_index[2]
    SLICE_X67Y59         LUT5 (Prop_lut5_I2_O)        0.105    12.393 r  u_wb/defaultClockArea_cpu/weBattleCheckpointRAS_1/mem_i_34__0/O
                         net (fo=3, routed)           0.671    13.064    u_wb/defaultClockArea_cpu/weBattleCheckpointRAS_1/mem_i_34__0_n_0
    SLICE_X63Y59         LUT3 (Prop_lut3_I1_O)        0.125    13.189 r  u_wb/defaultClockArea_cpu/weBattleCheckpointRAS_1/mem_i_19__4/O
                         net (fo=1, routed)           0.637    13.826    u_wb/defaultClockArea_cpu/GlobalPredictorBTBPlugin_predictor/tournamentPht/rams_1/mem/xpm_memory_base_inst/addrb[5]
    RAMB18_X3Y26         RAMB18E1                                     r  u_wb/defaultClockArea_cpu/GlobalPredictorBTBPlugin_predictor/tournamentPht/rams_1/mem/xpm_memory_base_inst/gen_wr_a.gen_word_narrow.mem_reg/ADDRBWRADDR[9]
  -------------------------------------------------------------------    -------------------

                         (clock aclk rise edge)      10.000    10.000 r  
    L22                                               0.000    10.000 r  aclk (IN)
                         net (fo=0)                   0.000    10.000    aclk
    L22                  IBUF (Prop_ibuf_I_O)         0.762    10.762 r  aclk_IBUF_inst/O
                         net (fo=1, routed)           1.734    12.496    aclk_IBUF
    BUFGCTRL_X0Y2        BUFG (Prop_bufg_I_O)         0.077    12.573 r  aclk_IBUF_BUFG_inst_replica_1/O
                         net (fo=8, routed)           0.112    12.685    aclk_IBUF_BUFG_repN_1
    BUFGCTRL_X0Y1        BUFG (Prop_bufg_I_O)         0.077    12.762 r  aclk_IBUF_BUFG_inst_replica/O
                         net (fo=25, routed)          0.112    12.874    aclk_IBUF_BUFG_repN
    BUFGCTRL_X0Y0        BUFG (Prop_bufg_I_O)         0.077    12.951 r  aclk_IBUF_BUFG_inst/O
                         net (fo=20473, routed)       1.466    14.417    u_wb/defaultClockArea_cpu/GlobalPredictorBTBPlugin_predictor/tournamentPht/rams_1/mem/xpm_memory_base_inst/clka
    RAMB18_X3Y26         RAMB18E1                                     r  u_wb/defaultClockArea_cpu/GlobalPredictorBTBPlugin_predictor/tournamentPht/rams_1/mem/xpm_memory_base_inst/gen_wr_a.gen_word_narrow.mem_reg/CLKBWRCLK
                         clock pessimism              0.261    14.677    
                         clock uncertainty           -0.035    14.642    
    RAMB18_X3Y26         RAMB18E1 (Setup_ramb18e1_CLKBWRCLK_ADDRBWRADDR[9])
                                                     -0.660    13.982    u_wb/defaultClockArea_cpu/GlobalPredictorBTBPlugin_predictor/tournamentPht/rams_1/mem/xpm_memory_base_inst/gen_wr_a.gen_word_narrow.mem_reg
  -------------------------------------------------------------------
                         required time                         13.982    
                         arrival time                         -13.826    
  -------------------------------------------------------------------
                         slack                                  0.155    

Slack (MET) :             0.157ns  (required time - arrival time)
  Source:                 u_wb/defaultClockArea_cpu/IntIssueQueuePlugin_queue_5_valid_reg/C
                            (rising edge-triggered cell FDCE clocked by aclk  {rise@0.000ns fall@5.000ns period=10.000ns})
  Destination:            u_wb/defaultClockArea_cpu/IntIssueQueuePlugin_queue_2_payload_rRegs_1_valid_reg/D
                            (rising edge-triggered cell FDRE clocked by aclk  {rise@0.000ns fall@5.000ns period=10.000ns})
  Path Group:             aclk
  Path Type:              Setup (Max at Slow Process Corner)
  Requirement:            10.000ns  (aclk rise@10.000ns - aclk rise@0.000ns)
  Data Path Delay:        9.849ns  (logic 1.638ns (16.631%)  route 8.211ns (83.369%))
  Logic Levels:           11  (LUT5=3 LUT6=8)
  Clock Path Skew:        -0.034ns (DCD - SCD + CPR)
    Destination Clock Delay (DCD):    4.237ns = ( 14.237 - 10.000 ) 
    Source Clock Delay      (SCD):    4.584ns
    Clock Pessimism Removal (CPR):    0.314ns
  Clock Uncertainty:      0.035ns  ((TSJ^2 + TIJ^2)^1/2 + DJ) / 2 + PE
    Total System Jitter     (TSJ):    0.071ns
    Total Input Jitter      (TIJ):    0.000ns
    Discrete Jitter          (DJ):    0.000ns
    Phase Error              (PE):    0.000ns

    Location             Delay type                Incr(ns)  Path(ns)    Netlist Resource(s)
  -------------------------------------------------------------------    -------------------
                         (clock aclk rise edge)       0.000     0.000 r  
    L22                                               0.000     0.000 r  aclk (IN)
                         net (fo=0)                   0.000     0.000    aclk
    L22                  IBUF (Prop_ibuf_I_O)         0.893     0.893 r  aclk_IBUF_inst/O
                         net (fo=1, routed)           1.827     2.720    aclk_IBUF
    BUFGCTRL_X0Y2        BUFG (Prop_bufg_I_O)         0.081     2.801 r  aclk_IBUF_BUFG_inst_replica_1/O
                         net (fo=8, routed)           0.118     2.919    aclk_IBUF_BUFG_repN_1
    BUFGCTRL_X0Y1        BUFG (Prop_bufg_I_O)         0.081     3.000 r  aclk_IBUF_BUFG_inst_replica/O
                         net (fo=25, routed)          0.118     3.118    aclk_IBUF_BUFG_repN
    BUFGCTRL_X0Y0        BUFG (Prop_bufg_I_O)         0.081     3.199 r  aclk_IBUF_BUFG_inst/O
                         net (fo=20473, routed)       1.386     4.584    u_wb/defaultClockArea_cpu/aclk_IBUF_BUFG
    SLICE_X67Y122        FDCE                                         r  u_wb/defaultClockArea_cpu/IntIssueQueuePlugin_queue_5_valid_reg/C
  -------------------------------------------------------------------    -------------------
    SLICE_X67Y122        FDCE (Prop_fdce_C_Q)         0.348     4.932 r  u_wb/defaultClockArea_cpu/IntIssueQueuePlugin_queue_5_valid_reg/Q
                         net (fo=21, routed)          0.767     5.700    u_wb/defaultClockArea_cpu/weBattleFetchQueue_1/RENAME_to_DISPATCH_DECODE_PACKET_2_payload_predInfo_predictAddr_reg[2]_0
    SLICE_X67Y120        LUT6 (Prop_lut6_I1_O)        0.240     5.940 f  u_wb/defaultClockArea_cpu/weBattleFetchQueue_1/RENAME_to_DISPATCH_DECODE_PACKET_1_payload_inst[25]_i_6/O
                         net (fo=5, routed)           0.807     6.746    u_wb/defaultClockArea_cpu/weBattleFetchQueue_1/IntIssueQueuePlugin_queue_3_valid_reg_2
    SLICE_X68Y120        LUT6 (Prop_lut6_I0_O)        0.105     6.851 f  u_wb/defaultClockArea_cpu/weBattleFetchQueue_1/RENAME_to_DISPATCH_DECODE_PACKET_1_payload_inst[25]_i_2/O
                         net (fo=7, routed)           0.509     7.360    u_wb/defaultClockArea_cpu/weBattleFetchQueue_1/IntIssueQueuePlugin_queue_3_valid_reg_0
    SLICE_X67Y119        LUT5 (Prop_lut5_I4_O)        0.105     7.465 r  u_wb/defaultClockArea_cpu/weBattleFetchQueue_1/RENAME_to_DISPATCH_DECODE_PACKET_1_payload_inst[25]_i_5/O
                         net (fo=7, routed)           0.467     7.933    u_wb/defaultClockArea_cpu/weBattleFetchQueue_1_n_164
    SLICE_X69Y119        LUT6 (Prop_lut6_I0_O)        0.105     8.038 r  u_wb/defaultClockArea_cpu/IntIssueQueuePlugin_queue_0_payload_uop_inst[25]_i_14/O
                         net (fo=28, routed)          0.345     8.382    u_wb/defaultClockArea_cpu/IntIssueQueuePlugin_queue_0_payload_uop_inst[25]_i_14_n_0
    SLICE_X71Y120        LUT5 (Prop_lut5_I0_O)        0.105     8.487 r  u_wb/defaultClockArea_cpu/IntIssueQueuePlugin_queue_6_payload_uop_inst[25]_i_7/O
                         net (fo=8, routed)           0.915     9.402    u_wb/defaultClockArea_cpu/IntIssueQueuePlugin_queue_6_payload_uop_inst[25]_i_7_n_0
    SLICE_X74Y123        LUT6 (Prop_lut6_I4_O)        0.105     9.507 r  u_wb/defaultClockArea_cpu/IntIssueQueuePlugin_queue_4_payload_uop_inst[25]_i_8/O
                         net (fo=191, routed)         1.190    10.698    u_wb/defaultClockArea_cpu/when_WeBattleDenseIssueQueueState_l80_23
    SLICE_X73Y142        LUT5 (Prop_lut5_I3_O)        0.105    10.803 r  u_wb/defaultClockArea_cpu/IntIssueQueuePlugin_queue_1_payload_rRegs_1_payload[2]_i_2/O
                         net (fo=6, routed)           0.869    11.672    u_wb/defaultClockArea_cpu/IntIssueQueuePlugin_queue_1_payload_rRegs_1_payload[2]_i_2_n_0
    SLICE_X73Y137        LUT6 (Prop_lut6_I4_O)        0.105    11.777 r  u_wb/defaultClockArea_cpu/IntIssueQueuePlugin_queue_2_payload_rRegs_1_payload[2]_i_1/O
                         net (fo=9, routed)           0.899    12.676    u_wb/defaultClockArea_cpu/IntIssueQueuePlugin_queue_2_payload_rRegs_1_payload[2]_i_1_n_0
    SLICE_X66Y133        LUT6 (Prop_lut6_I3_O)        0.105    12.781 f  u_wb/defaultClockArea_cpu/IntIssueQueuePlugin_queue_2_payload_rRegs_1_valid_i_13/O
                         net (fo=1, routed)           0.797    13.577    u_wb/defaultClockArea_cpu/IntIssueQueuePlugin_queue_2_payload_rRegs_1_valid_i_13_n_0
    SLICE_X62Y132        LUT6 (Prop_lut6_I4_O)        0.105    13.682 r  u_wb/defaultClockArea_cpu/IntIssueQueuePlugin_queue_2_payload_rRegs_1_valid_i_3/O
                         net (fo=1, routed)           0.646    14.329    u_wb/defaultClockArea_cpu/weBattleMulDivUnit_1/divider/IntIssueQueuePlugin_queue_2_payload_rRegs_1_valid_reg_0
    SLICE_X62Y129        LUT6 (Prop_lut6_I1_O)        0.105    14.434 r  u_wb/defaultClockArea_cpu/weBattleMulDivUnit_1/divider/IntIssueQueuePlugin_queue_2_payload_rRegs_1_valid_i_1/O
                         net (fo=1, routed)           0.000    14.434    u_wb/defaultClockArea_cpu/weBattleMulDivUnit_1_n_149
    SLICE_X62Y129        FDRE                                         r  u_wb/defaultClockArea_cpu/IntIssueQueuePlugin_queue_2_payload_rRegs_1_valid_reg/D
  -------------------------------------------------------------------    -------------------

                         (clock aclk rise edge)      10.000    10.000 r  
    L22                                               0.000    10.000 r  aclk (IN)
                         net (fo=0)                   0.000    10.000    aclk
    L22                  IBUF (Prop_ibuf_I_O)         0.762    10.762 r  aclk_IBUF_inst/O
                         net (fo=1, routed)           1.734    12.496    aclk_IBUF
    BUFGCTRL_X0Y2        BUFG (Prop_bufg_I_O)         0.077    12.573 r  aclk_IBUF_BUFG_inst_replica_1/O
                         net (fo=8, routed)           0.112    12.685    aclk_IBUF_BUFG_repN_1
    BUFGCTRL_X0Y1        BUFG (Prop_bufg_I_O)         0.077    12.762 r  aclk_IBUF_BUFG_inst_replica/O
                         net (fo=25, routed)          0.112    12.874    aclk_IBUF_BUFG_repN
    BUFGCTRL_X0Y0        BUFG (Prop_bufg_I_O)         0.077    12.951 r  aclk_IBUF_BUFG_inst/O
                         net (fo=20473, routed)       1.286    14.237    u_wb/defaultClockArea_cpu/aclk_IBUF_BUFG
    SLICE_X62Y129        FDRE                                         r  u_wb/defaultClockArea_cpu/IntIssueQueuePlugin_queue_2_payload_rRegs_1_valid_reg/C
                         clock pessimism              0.314    14.550    
                         clock uncertainty           -0.035    14.515    
    SLICE_X62Y129        FDRE (Setup_fdre_C_D)        0.076    14.591    u_wb/defaultClockArea_cpu/IntIssueQueuePlugin_queue_2_payload_rRegs_1_valid_reg
  -------------------------------------------------------------------
                         required time                         14.591    
                         arrival time                         -14.434    
  -------------------------------------------------------------------
                         slack                                  0.157    

Slack (MET) :             0.164ns  (required time - arrival time)
  Source:                 u_wb/defaultClockArea_cpu/IntIssueQueuePlugin_queue_5_valid_reg/C
                            (rising edge-triggered cell FDCE clocked by aclk  {rise@0.000ns fall@5.000ns period=10.000ns})
  Destination:            u_wb/defaultClockArea_cpu/_zz_ROBFIFOPlugin_fifoIO_pop_0_payload_state_intResult_17_reg[22]/CE
                            (rising edge-triggered cell FDRE clocked by aclk  {rise@0.000ns fall@5.000ns period=10.000ns})
  Path Group:             aclk
  Path Type:              Setup (Max at Slow Process Corner)
  Requirement:            10.000ns  (aclk rise@10.000ns - aclk rise@0.000ns)
  Data Path Delay:        9.566ns  (logic 1.718ns (17.960%)  route 7.848ns (82.040%))
  Logic Levels:           10  (LUT2=2 LUT4=1 LUT5=2 LUT6=5)
  Clock Path Skew:        -0.067ns (DCD - SCD + CPR)
    Destination Clock Delay (DCD):    4.264ns = ( 14.264 - 10.000 ) 
    Source Clock Delay      (SCD):    4.584ns
    Clock Pessimism Removal (CPR):    0.254ns
  Clock Uncertainty:      0.035ns  ((TSJ^2 + TIJ^2)^1/2 + DJ) / 2 + PE
    Total System Jitter     (TSJ):    0.071ns
    Total Input Jitter      (TIJ):    0.000ns
    Discrete Jitter          (DJ):    0.000ns
    Phase Error              (PE):    0.000ns

    Location             Delay type                Incr(ns)  Path(ns)    Netlist Resource(s)
  -------------------------------------------------------------------    -------------------
                         (clock aclk rise edge)       0.000     0.000 r  
    L22                                               0.000     0.000 r  aclk (IN)
                         net (fo=0)                   0.000     0.000    aclk
    L22                  IBUF (Prop_ibuf_I_O)         0.893     0.893 r  aclk_IBUF_inst/O
                         net (fo=1, routed)           1.827     2.720    aclk_IBUF
    BUFGCTRL_X0Y2        BUFG (Prop_bufg_I_O)         0.081     2.801 r  aclk_IBUF_BUFG_inst_replica_1/O
                         net (fo=8, routed)           0.118     2.919    aclk_IBUF_BUFG_repN_1
    BUFGCTRL_X0Y1        BUFG (Prop_bufg_I_O)         0.081     3.000 r  aclk_IBUF_BUFG_inst_replica/O
                         net (fo=25, routed)          0.118     3.118    aclk_IBUF_BUFG_repN
    BUFGCTRL_X0Y0        BUFG (Prop_bufg_I_O)         0.081     3.199 r  aclk_IBUF_BUFG_inst/O
                         net (fo=20473, routed)       1.386     4.584    u_wb/defaultClockArea_cpu/aclk_IBUF_BUFG
    SLICE_X67Y122        FDCE                                         r  u_wb/defaultClockArea_cpu/IntIssueQueuePlugin_queue_5_valid_reg/C
  -------------------------------------------------------------------    -------------------
    SLICE_X67Y122        FDCE (Prop_fdce_C_Q)         0.348     4.932 f  u_wb/defaultClockArea_cpu/IntIssueQueuePlugin_queue_5_valid_reg/Q
                         net (fo=21, routed)          0.767     5.700    u_wb/defaultClockArea_cpu/weBattleFetchQueue_1/RENAME_to_DISPATCH_DECODE_PACKET_2_payload_predInfo_predictAddr_reg[2]_0
    SLICE_X67Y120        LUT6 (Prop_lut6_I1_O)        0.240     5.940 r  u_wb/defaultClockArea_cpu/weBattleFetchQueue_1/RENAME_to_DISPATCH_DECODE_PACKET_1_payload_inst[25]_i_6/O
                         net (fo=5, routed)           0.807     6.746    u_wb/defaultClockArea_cpu/weBattleFetchQueue_1/IntIssueQueuePlugin_queue_3_valid_reg_2
    SLICE_X68Y120        LUT6 (Prop_lut6_I0_O)        0.105     6.851 r  u_wb/defaultClockArea_cpu/weBattleFetchQueue_1/RENAME_to_DISPATCH_DECODE_PACKET_1_payload_inst[25]_i_2/O
                         net (fo=7, routed)           0.509     7.360    u_wb/defaultClockArea_cpu/weBattleFetchQueue_1/IntIssueQueuePlugin_queue_3_valid_reg_0
    SLICE_X67Y119        LUT5 (Prop_lut5_I4_O)        0.105     7.465 f  u_wb/defaultClockArea_cpu/weBattleFetchQueue_1/RENAME_to_DISPATCH_DECODE_PACKET_1_payload_inst[25]_i_5/O
                         net (fo=7, routed)           0.273     7.739    u_wb/defaultClockArea_cpu/weBattleFetchQueue_1/RENAME_to_DISPATCH_PUSH_INDEXES_1_valid_reg
    SLICE_X68Y119        LUT6 (Prop_lut6_I4_O)        0.105     7.844 r  u_wb/defaultClockArea_cpu/weBattleFetchQueue_1/RENAME_to_DISPATCH_DECODE_PACKET_1_payload_inst[25]_i_1/O
                         net (fo=471, routed)         1.161     9.005    u_wb/defaultClockArea_cpu/weBattleFetchQueue_1/when_Pipeline_l158_20
    SLICE_X72Y99         LUT4 (Prop_lut4_I0_O)        0.105     9.110 r  u_wb/defaultClockArea_cpu/weBattleFetchQueue_1/ID_to_RENAME_DECODE_PACKET_2_payload_isWait_i_1/O
                         net (fo=510, routed)         0.236     9.346    u_wb/defaultClockArea_cpu/when_Pipeline_l198_1
    SLICE_X73Y99         LUT2 (Prop_lut2_I1_O)        0.105     9.451 r  u_wb/defaultClockArea_cpu/_zz_ROBFIFOPlugin_fifoIO_pop_0_payload_info_uop_inst[31]_i_3/O
                         net (fo=116, routed)         0.705    10.157    u_wb/defaultClockArea_cpu/_zz_ROBFIFOPlugin_fifoIO_pop_0_payload_info_uop_inst[31]_i_3_n_0
    SLICE_X74Y93         LUT2 (Prop_lut2_I0_O)        0.127    10.284 r  u_wb/defaultClockArea_cpu/_zz_ROBFIFOPlugin_fifoIO_pop_0_payload_info_uop_inst_3[2]_i_2/O
                         net (fo=116, routed)         0.652    10.936    u_wb/defaultClockArea_cpu/_zz_ROBFIFOPlugin_fifoIO_pop_0_payload_info_uop_inst_3[2]_i_2_n_0
    SLICE_X80Y93         LUT6 (Prop_lut6_I5_O)        0.268    11.204 r  u_wb/defaultClockArea_cpu/_zz_ROBFIFOPlugin_fifoIO_pop_0_payload_info_uop_inst_17[31]_i_4/O
                         net (fo=22, routed)          0.549    11.753    u_wb/defaultClockArea_cpu/_zz_ROBFIFOPlugin_fifoIO_pop_0_payload_info_uop_inst_17[31]_i_4_n_0
    SLICE_X77Y93         LUT5 (Prop_lut5_I3_O)        0.105    11.858 r  u_wb/defaultClockArea_cpu/_zz_ROBFIFOPlugin_fifoIO_pop_0_payload_info_uop_inst_17[31]_i_1/O
                         net (fo=121, routed)         1.103    12.961    u_wb/defaultClockArea_cpu/_zz_ROBFIFOPlugin_fifoIO_pop_0_payload_state_myPC_17[0]
    SLICE_X99Y98         LUT6 (Prop_lut6_I3_O)        0.105    13.066 r  u_wb/defaultClockArea_cpu/_zz_ROBFIFOPlugin_fifoIO_pop_0_payload_state_intResult_17[31]_i_2/O
                         net (fo=37, routed)          1.084    14.150    u_wb/defaultClockArea_cpu/_zz_ROBFIFOPlugin_fifoIO_pop_0_payload_state_intResult_17[31]_i_2_n_0
    SLICE_X110Y105       FDRE                                         r  u_wb/defaultClockArea_cpu/_zz_ROBFIFOPlugin_fifoIO_pop_0_payload_state_intResult_17_reg[22]/CE
  -------------------------------------------------------------------    -------------------

                         (clock aclk rise edge)      10.000    10.000 r  
    L22                                               0.000    10.000 r  aclk (IN)
                         net (fo=0)                   0.000    10.000    aclk
    L22                  IBUF (Prop_ibuf_I_O)         0.762    10.762 r  aclk_IBUF_inst/O
                         net (fo=1, routed)           1.734    12.496    aclk_IBUF
    BUFGCTRL_X0Y2        BUFG (Prop_bufg_I_O)         0.077    12.573 r  aclk_IBUF_BUFG_inst_replica_1/O
                         net (fo=8, routed)           0.112    12.685    aclk_IBUF_BUFG_repN_1
    BUFGCTRL_X0Y1        BUFG (Prop_bufg_I_O)         0.077    12.762 r  aclk_IBUF_BUFG_inst_replica/O
                         net (fo=25, routed)          0.112    12.874    aclk_IBUF_BUFG_repN
    BUFGCTRL_X0Y0        BUFG (Prop_bufg_I_O)         0.077    12.951 r  aclk_IBUF_BUFG_inst/O
                         net (fo=20473, routed)       1.313    14.264    u_wb/defaultClockArea_cpu/aclk_IBUF_BUFG
    SLICE_X110Y105       FDRE                                         r  u_wb/defaultClockArea_cpu/_zz_ROBFIFOPlugin_fifoIO_pop_0_payload_state_intResult_17_reg[22]/C
                         clock pessimism              0.254    14.517    
                         clock uncertainty           -0.035    14.482    
    SLICE_X110Y105       FDRE (Setup_fdre_C_CE)      -0.168    14.314    u_wb/defaultClockArea_cpu/_zz_ROBFIFOPlugin_fifoIO_pop_0_payload_state_intResult_17_reg[22]
  -------------------------------------------------------------------
                         required time                         14.314    
                         arrival time                         -14.150    
  -------------------------------------------------------------------
                         slack                                  0.164    

Slack (MET) :             0.164ns  (required time - arrival time)
  Source:                 u_wb/defaultClockArea_cpu/IntIssueQueuePlugin_queue_5_valid_reg/C
                            (rising edge-triggered cell FDCE clocked by aclk  {rise@0.000ns fall@5.000ns period=10.000ns})
  Destination:            u_wb/defaultClockArea_cpu/_zz_ROBFIFOPlugin_fifoIO_pop_0_payload_state_intResult_17_reg[28]/CE
                            (rising edge-triggered cell FDRE clocked by aclk  {rise@0.000ns fall@5.000ns period=10.000ns})
  Path Group:             aclk
  Path Type:              Setup (Max at Slow Process Corner)
  Requirement:            10.000ns  (aclk rise@10.000ns - aclk rise@0.000ns)
  Data Path Delay:        9.566ns  (logic 1.718ns (17.960%)  route 7.848ns (82.040%))
  Logic Levels:           10  (LUT2=2 LUT4=1 LUT5=2 LUT6=5)
  Clock Path Skew:        -0.067ns (DCD - SCD + CPR)
    Destination Clock Delay (DCD):    4.264ns = ( 14.264 - 10.000 ) 
    Source Clock Delay      (SCD):    4.584ns
    Clock Pessimism Removal (CPR):    0.254ns
  Clock Uncertainty:      0.035ns  ((TSJ^2 + TIJ^2)^1/2 + DJ) / 2 + PE
    Total System Jitter     (TSJ):    0.071ns
    Total Input Jitter      (TIJ):    0.000ns
    Discrete Jitter          (DJ):    0.000ns
    Phase Error              (PE):    0.000ns

    Location             Delay type                Incr(ns)  Path(ns)    Netlist Resource(s)
  -------------------------------------------------------------------    -------------------
                         (clock aclk rise edge)       0.000     0.000 r  
    L22                                               0.000     0.000 r  aclk (IN)
                         net (fo=0)                   0.000     0.000    aclk
    L22                  IBUF (Prop_ibuf_I_O)         0.893     0.893 r  aclk_IBUF_inst/O
                         net (fo=1, routed)           1.827     2.720    aclk_IBUF
    BUFGCTRL_X0Y2        BUFG (Prop_bufg_I_O)         0.081     2.801 r  aclk_IBUF_BUFG_inst_replica_1/O
                         net (fo=8, routed)           0.118     2.919    aclk_IBUF_BUFG_repN_1
    BUFGCTRL_X0Y1        BUFG (Prop_bufg_I_O)         0.081     3.000 r  aclk_IBUF_BUFG_inst_replica/O
                         net (fo=25, routed)          0.118     3.118    aclk_IBUF_BUFG_repN
    BUFGCTRL_X0Y0        BUFG (Prop_bufg_I_O)         0.081     3.199 r  aclk_IBUF_BUFG_inst/O
                         net (fo=20473, routed)       1.386     4.584    u_wb/defaultClockArea_cpu/aclk_IBUF_BUFG
    SLICE_X67Y122        FDCE                                         r  u_wb/defaultClockArea_cpu/IntIssueQueuePlugin_queue_5_valid_reg/C
  -------------------------------------------------------------------    -------------------
    SLICE_X67Y122        FDCE (Prop_fdce_C_Q)         0.348     4.932 f  u_wb/defaultClockArea_cpu/IntIssueQueuePlugin_queue_5_valid_reg/Q
                         net (fo=21, routed)          0.767     5.700    u_wb/defaultClockArea_cpu/weBattleFetchQueue_1/RENAME_to_DISPATCH_DECODE_PACKET_2_payload_predInfo_predictAddr_reg[2]_0
    SLICE_X67Y120        LUT6 (Prop_lut6_I1_O)        0.240     5.940 r  u_wb/defaultClockArea_cpu/weBattleFetchQueue_1/RENAME_to_DISPATCH_DECODE_PACKET_1_payload_inst[25]_i_6/O
                         net (fo=5, routed)           0.807     6.746    u_wb/defaultClockArea_cpu/weBattleFetchQueue_1/IntIssueQueuePlugin_queue_3_valid_reg_2
    SLICE_X68Y120        LUT6 (Prop_lut6_I0_O)        0.105     6.851 r  u_wb/defaultClockArea_cpu/weBattleFetchQueue_1/RENAME_to_DISPATCH_DECODE_PACKET_1_payload_inst[25]_i_2/O
                         net (fo=7, routed)           0.509     7.360    u_wb/defaultClockArea_cpu/weBattleFetchQueue_1/IntIssueQueuePlugin_queue_3_valid_reg_0
    SLICE_X67Y119        LUT5 (Prop_lut5_I4_O)        0.105     7.465 f  u_wb/defaultClockArea_cpu/weBattleFetchQueue_1/RENAME_to_DISPATCH_DECODE_PACKET_1_payload_inst[25]_i_5/O
                         net (fo=7, routed)           0.273     7.739    u_wb/defaultClockArea_cpu/weBattleFetchQueue_1/RENAME_to_DISPATCH_PUSH_INDEXES_1_valid_reg
    SLICE_X68Y119        LUT6 (Prop_lut6_I4_O)        0.105     7.844 r  u_wb/defaultClockArea_cpu/weBattleFetchQueue_1/RENAME_to_DISPATCH_DECODE_PACKET_1_payload_inst[25]_i_1/O
                         net (fo=471, routed)         1.161     9.005    u_wb/defaultClockArea_cpu/weBattleFetchQueue_1/when_Pipeline_l158_20
    SLICE_X72Y99         LUT4 (Prop_lut4_I0_O)        0.105     9.110 r  u_wb/defaultClockArea_cpu/weBattleFetchQueue_1/ID_to_RENAME_DECODE_PACKET_2_payload_isWait_i_1/O
                         net (fo=510, routed)         0.236     9.346    u_wb/defaultClockArea_cpu/when_Pipeline_l198_1
    SLICE_X73Y99         LUT2 (Prop_lut2_I1_O)        0.105     9.451 r  u_wb/defaultClockArea_cpu/_zz_ROBFIFOPlugin_fifoIO_pop_0_payload_info_uop_inst[31]_i_3/O
                         net (fo=116, routed)         0.705    10.157    u_wb/defaultClockArea_cpu/_zz_ROBFIFOPlugin_fifoIO_pop_0_payload_info_uop_inst[31]_i_3_n_0
    SLICE_X74Y93         LUT2 (Prop_lut2_I0_O)        0.127    10.284 r  u_wb/defaultClockArea_cpu/_zz_ROBFIFOPlugin_fifoIO_pop_0_payload_info_uop_inst_3[2]_i_2/O
                         net (fo=116, routed)         0.652    10.936    u_wb/defaultClockArea_cpu/_zz_ROBFIFOPlugin_fifoIO_pop_0_payload_info_uop_inst_3[2]_i_2_n_0
    SLICE_X80Y93         LUT6 (Prop_lut6_I5_O)        0.268    11.204 r  u_wb/defaultClockArea_cpu/_zz_ROBFIFOPlugin_fifoIO_pop_0_payload_info_uop_inst_17[31]_i_4/O
                         net (fo=22, routed)          0.549    11.753    u_wb/defaultClockArea_cpu/_zz_ROBFIFOPlugin_fifoIO_pop_0_payload_info_uop_inst_17[31]_i_4_n_0
    SLICE_X77Y93         LUT5 (Prop_lut5_I3_O)        0.105    11.858 r  u_wb/defaultClockArea_cpu/_zz_ROBFIFOPlugin_fifoIO_pop_0_payload_info_uop_inst_17[31]_i_1/O
                         net (fo=121, routed)         1.103    12.961    u_wb/defaultClockArea_cpu/_zz_ROBFIFOPlugin_fifoIO_pop_0_payload_state_myPC_17[0]
    SLICE_X99Y98         LUT6 (Prop_lut6_I3_O)        0.105    13.066 r  u_wb/defaultClockArea_cpu/_zz_ROBFIFOPlugin_fifoIO_pop_0_payload_state_intResult_17[31]_i_2/O
                         net (fo=37, routed)          1.084    14.150    u_wb/defaultClockArea_cpu/_zz_ROBFIFOPlugin_fifoIO_pop_0_payload_state_intResult_17[31]_i_2_n_0
    SLICE_X110Y105       FDRE                                         r  u_wb/defaultClockArea_cpu/_zz_ROBFIFOPlugin_fifoIO_pop_0_payload_state_intResult_17_reg[28]/CE
  -------------------------------------------------------------------    -------------------

                         (clock aclk rise edge)      10.000    10.000 r  
    L22                                               0.000    10.000 r  aclk (IN)
                         net (fo=0)                   0.000    10.000    aclk
    L22                  IBUF (Prop_ibuf_I_O)         0.762    10.762 r  aclk_IBUF_inst/O
                         net (fo=1, routed)           1.734    12.496    aclk_IBUF
    BUFGCTRL_X0Y2        BUFG (Prop_bufg_I_O)         0.077    12.573 r  aclk_IBUF_BUFG_inst_replica_1/O
                         net (fo=8, routed)           0.112    12.685    aclk_IBUF_BUFG_repN_1
    BUFGCTRL_X0Y1        BUFG (Prop_bufg_I_O)         0.077    12.762 r  aclk_IBUF_BUFG_inst_replica/O
                         net (fo=25, routed)          0.112    12.874    aclk_IBUF_BUFG_repN
    BUFGCTRL_X0Y0        BUFG (Prop_bufg_I_O)         0.077    12.951 r  aclk_IBUF_BUFG_inst/O
                         net (fo=20473, routed)       1.313    14.264    u_wb/defaultClockArea_cpu/aclk_IBUF_BUFG
    SLICE_X110Y105       FDRE                                         r  u_wb/defaultClockArea_cpu/_zz_ROBFIFOPlugin_fifoIO_pop_0_payload_state_intResult_17_reg[28]/C
                         clock pessimism              0.254    14.517    
                         clock uncertainty           -0.035    14.482    
    SLICE_X110Y105       FDRE (Setup_fdre_C_CE)      -0.168    14.314    u_wb/defaultClockArea_cpu/_zz_ROBFIFOPlugin_fifoIO_pop_0_payload_state_intResult_17_reg[28]
  -------------------------------------------------------------------
                         required time                         14.314    
                         arrival time                         -14.150    
  -------------------------------------------------------------------
                         slack                                  0.164    

Slack (MET) :             0.169ns  (required time - arrival time)
  Source:                 u_wb/defaultClockArea_cpu/IntIssueQueuePlugin_queue_5_valid_reg/C
                            (rising edge-triggered cell FDCE clocked by aclk  {rise@0.000ns fall@5.000ns period=10.000ns})
  Destination:            u_wb/defaultClockArea_cpu/IntIssueQueuePlugin_queue_5_payload_rRegs_1_valid_reg/D
                            (rising edge-triggered cell FDRE clocked by aclk  {rise@0.000ns fall@5.000ns period=10.000ns})
  Path Group:             aclk
  Path Type:              Setup (Max at Slow Process Corner)
  Requirement:            10.000ns  (aclk rise@10.000ns - aclk rise@0.000ns)
  Data Path Delay:        9.845ns  (logic 1.810ns (18.385%)  route 8.035ns (81.615%))
  Logic Levels:           11  (LUT3=1 LUT5=3 LUT6=7)
  Clock Path Skew:        -0.027ns (DCD - SCD + CPR)
    Destination Clock Delay (DCD):    4.244ns = ( 14.244 - 10.000 ) 
    Source Clock Delay      (SCD):    4.584ns
    Clock Pessimism Removal (CPR):    0.314ns
  Clock Uncertainty:      0.035ns  ((TSJ^2 + TIJ^2)^1/2 + DJ) / 2 + PE
    Total System Jitter     (TSJ):    0.071ns
    Total Input Jitter      (TIJ):    0.000ns
    Discrete Jitter          (DJ):    0.000ns
    Phase Error              (PE):    0.000ns

    Location             Delay type                Incr(ns)  Path(ns)    Netlist Resource(s)
  -------------------------------------------------------------------    -------------------
                         (clock aclk rise edge)       0.000     0.000 r  
    L22                                               0.000     0.000 r  aclk (IN)
                         net (fo=0)                   0.000     0.000    aclk
    L22                  IBUF (Prop_ibuf_I_O)         0.893     0.893 r  aclk_IBUF_inst/O
                         net (fo=1, routed)           1.827     2.720    aclk_IBUF
    BUFGCTRL_X0Y2        BUFG (Prop_bufg_I_O)         0.081     2.801 r  aclk_IBUF_BUFG_inst_replica_1/O
                         net (fo=8, routed)           0.118     2.919    aclk_IBUF_BUFG_repN_1
    BUFGCTRL_X0Y1        BUFG (Prop_bufg_I_O)         0.081     3.000 r  aclk_IBUF_BUFG_inst_replica/O
                         net (fo=25, routed)          0.118     3.118    aclk_IBUF_BUFG_repN
    BUFGCTRL_X0Y0        BUFG (Prop_bufg_I_O)         0.081     3.199 r  aclk_IBUF_BUFG_inst/O
                         net (fo=20473, routed)       1.386     4.584    u_wb/defaultClockArea_cpu/aclk_IBUF_BUFG
    SLICE_X67Y122        FDCE                                         r  u_wb/defaultClockArea_cpu/IntIssueQueuePlugin_queue_5_valid_reg/C
  -------------------------------------------------------------------    -------------------
    SLICE_X67Y122        FDCE (Prop_fdce_C_Q)         0.348     4.932 r  u_wb/defaultClockArea_cpu/IntIssueQueuePlugin_queue_5_valid_reg/Q
                         net (fo=21, routed)          0.767     5.700    u_wb/defaultClockArea_cpu/weBattleFetchQueue_1/RENAME_to_DISPATCH_DECODE_PACKET_2_payload_predInfo_predictAddr_reg[2]_0
    SLICE_X67Y120        LUT6 (Prop_lut6_I1_O)        0.240     5.940 f  u_wb/defaultClockArea_cpu/weBattleFetchQueue_1/RENAME_to_DISPATCH_DECODE_PACKET_1_payload_inst[25]_i_6/O
                         net (fo=5, routed)           0.807     6.746    u_wb/defaultClockArea_cpu/weBattleFetchQueue_1/IntIssueQueuePlugin_queue_3_valid_reg_2
    SLICE_X68Y120        LUT6 (Prop_lut6_I0_O)        0.105     6.851 f  u_wb/defaultClockArea_cpu/weBattleFetchQueue_1/RENAME_to_DISPATCH_DECODE_PACKET_1_payload_inst[25]_i_2/O
                         net (fo=7, routed)           0.509     7.360    u_wb/defaultClockArea_cpu/weBattleFetchQueue_1/IntIssueQueuePlugin_queue_3_valid_reg_0
    SLICE_X67Y119        LUT5 (Prop_lut5_I4_O)        0.105     7.465 r  u_wb/defaultClockArea_cpu/weBattleFetchQueue_1/RENAME_to_DISPATCH_DECODE_PACKET_1_payload_inst[25]_i_5/O
                         net (fo=7, routed)           0.650     8.115    u_wb/defaultClockArea_cpu/weBattleFetchQueue_1_n_164
    SLICE_X74Y121        LUT6 (Prop_lut6_I2_O)        0.105     8.220 r  u_wb/defaultClockArea_cpu/IntIssueQueuePlugin_queue_6_payload_uop_doRegWrite_i_6/O
                         net (fo=6, routed)           0.530     8.750    u_wb/defaultClockArea_cpu/IntIssueQueuePlugin_queue_6_payload_uop_doRegWrite_i_6_n_0
    SLICE_X74Y122        LUT6 (Prop_lut6_I2_O)        0.105     8.855 r  u_wb/defaultClockArea_cpu/IntIssueQueuePlugin_queue_5_payload_uop_doRegWrite_i_5/O
                         net (fo=150, routed)         0.808     9.663    u_wb/defaultClockArea_cpu/when_WeBattleDenseIssueQueueState_l80_25
    SLICE_X71Y119        LUT5 (Prop_lut5_I1_O)        0.105     9.768 r  u_wb/defaultClockArea_cpu/IntIssueQueuePlugin_queue_2_payload_rRegs_1_payload[4]_i_4/O
                         net (fo=1, routed)           0.979    10.746    u_wb/defaultClockArea_cpu/IntIssueQueuePlugin_queue_2_payload_rRegs_1_payload[4]_i_4_n_0
    SLICE_X80Y134        LUT5 (Prop_lut5_I4_O)        0.105    10.851 r  u_wb/defaultClockArea_cpu/IntIssueQueuePlugin_queue_2_payload_rRegs_1_payload[4]_i_2/O
                         net (fo=7, routed)           0.947    11.799    u_wb/defaultClockArea_cpu/IntIssueQueuePlugin_queue_2_payload_rRegs_1_payload[4]_i_2_n_0
    SLICE_X76Y134        LUT3 (Prop_lut3_I2_O)        0.118    11.917 r  u_wb/defaultClockArea_cpu/IntIssueQueuePlugin_queue_5_payload_rRegs_1_payload[4]_i_2/O
                         net (fo=9, routed)           0.829    12.745    u_wb/defaultClockArea_cpu/IntIssueQueuePlugin_queue_5_payload_rRegs_1_payload[4]_i_1_n_0
    SLICE_X65Y136        LUT6 (Prop_lut6_I5_O)        0.264    13.009 f  u_wb/defaultClockArea_cpu/IntIssueQueuePlugin_queue_5_payload_rRegs_1_valid_i_28/O
                         net (fo=1, routed)           0.413    13.422    u_wb/defaultClockArea_cpu/weBattleMulDivUnit_1/divider/IntIssueQueuePlugin_queue_5_payload_rRegs_1_valid_reg_6
    SLICE_X64Y136        LUT6 (Prop_lut6_I3_O)        0.105    13.527 r  u_wb/defaultClockArea_cpu/weBattleMulDivUnit_1/divider/IntIssueQueuePlugin_queue_5_payload_rRegs_1_valid_i_7/O
                         net (fo=1, routed)           0.797    14.324    u_wb/defaultClockArea_cpu/weBattleMulDivUnit_1/divider/IntIssueQueuePlugin_queue_5_payload_rRegs_1_valid_i_7_n_0
    SLICE_X60Y134        LUT6 (Prop_lut6_I5_O)        0.105    14.429 r  u_wb/defaultClockArea_cpu/weBattleMulDivUnit_1/divider/IntIssueQueuePlugin_queue_5_payload_rRegs_1_valid_i_1/O
                         net (fo=1, routed)           0.000    14.429    u_wb/defaultClockArea_cpu/weBattleMulDivUnit_1_n_155
    SLICE_X60Y134        FDRE                                         r  u_wb/defaultClockArea_cpu/IntIssueQueuePlugin_queue_5_payload_rRegs_1_valid_reg/D
  -------------------------------------------------------------------    -------------------

                         (clock aclk rise edge)      10.000    10.000 r  
    L22                                               0.000    10.000 r  aclk (IN)
                         net (fo=0)                   0.000    10.000    aclk
    L22                  IBUF (Prop_ibuf_I_O)         0.762    10.762 r  aclk_IBUF_inst/O
                         net (fo=1, routed)           1.734    12.496    aclk_IBUF
    BUFGCTRL_X0Y2        BUFG (Prop_bufg_I_O)         0.077    12.573 r  aclk_IBUF_BUFG_inst_replica_1/O
                         net (fo=8, routed)           0.112    12.685    aclk_IBUF_BUFG_repN_1
    BUFGCTRL_X0Y1        BUFG (Prop_bufg_I_O)         0.077    12.762 r  aclk_IBUF_BUFG_inst_replica/O
                         net (fo=25, routed)          0.112    12.874    aclk_IBUF_BUFG_repN
    BUFGCTRL_X0Y0        BUFG (Prop_bufg_I_O)         0.077    12.951 r  aclk_IBUF_BUFG_inst/O
                         net (fo=20473, routed)       1.293    14.244    u_wb/defaultClockArea_cpu/aclk_IBUF_BUFG
    SLICE_X60Y134        FDRE                                         r  u_wb/defaultClockArea_cpu/IntIssueQueuePlugin_queue_5_payload_rRegs_1_valid_reg/C
                         clock pessimism              0.314    14.557    
                         clock uncertainty           -0.035    14.522    
    SLICE_X60Y134        FDRE (Setup_fdre_C_D)        0.076    14.598    u_wb/defaultClockArea_cpu/IntIssueQueuePlugin_queue_5_payload_rRegs_1_valid_reg
  -------------------------------------------------------------------
                         required time                         14.598    
                         arrival time                         -14.429    
  -------------------------------------------------------------------
                         slack                                  0.169    

Slack (MET) :             0.174ns  (required time - arrival time)
  Source:                 u_wb/defaultClockArea_cpu/IntIssueQueuePlugin_queue_5_valid_reg/C
                            (rising edge-triggered cell FDCE clocked by aclk  {rise@0.000ns fall@5.000ns period=10.000ns})
  Destination:            u_wb/defaultClockArea_cpu/IntIssueQueuePlugin_queue_3_payload_rRegs_0_valid_reg/D
                            (rising edge-triggered cell FDRE clocked by aclk  {rise@0.000ns fall@5.000ns period=10.000ns})
  Path Group:             aclk
  Path Type:              Setup (Max at Slow Process Corner)
  Requirement:            10.000ns  (aclk rise@10.000ns - aclk rise@0.000ns)
  Data Path Delay:        9.784ns  (logic 1.638ns (16.741%)  route 8.146ns (83.259%))
  Logic Levels:           11  (LUT5=4 LUT6=7)
  Clock Path Skew:        -0.036ns (DCD - SCD + CPR)
    Destination Clock Delay (DCD):    4.235ns = ( 14.235 - 10.000 ) 
    Source Clock Delay      (SCD):    4.584ns
    Clock Pessimism Removal (CPR):    0.314ns
  Clock Uncertainty:      0.035ns  ((TSJ^2 + TIJ^2)^1/2 + DJ) / 2 + PE
    Total System Jitter     (TSJ):    0.071ns
    Total Input Jitter      (TIJ):    0.000ns
    Discrete Jitter          (DJ):    0.000ns
    Phase Error              (PE):    0.000ns

    Location             Delay type                Incr(ns)  Path(ns)    Netlist Resource(s)
  -------------------------------------------------------------------    -------------------
                         (clock aclk rise edge)       0.000     0.000 r  
    L22                                               0.000     0.000 r  aclk (IN)
                         net (fo=0)                   0.000     0.000    aclk
    L22                  IBUF (Prop_ibuf_I_O)         0.893     0.893 r  aclk_IBUF_inst/O
                         net (fo=1, routed)           1.827     2.720    aclk_IBUF
    BUFGCTRL_X0Y2        BUFG (Prop_bufg_I_O)         0.081     2.801 r  aclk_IBUF_BUFG_inst_replica_1/O
                         net (fo=8, routed)           0.118     2.919    aclk_IBUF_BUFG_repN_1
    BUFGCTRL_X0Y1        BUFG (Prop_bufg_I_O)         0.081     3.000 r  aclk_IBUF_BUFG_inst_replica/O
                         net (fo=25, routed)          0.118     3.118    aclk_IBUF_BUFG_repN
    BUFGCTRL_X0Y0        BUFG (Prop_bufg_I_O)         0.081     3.199 r  aclk_IBUF_BUFG_inst/O
                         net (fo=20473, routed)       1.386     4.584    u_wb/defaultClockArea_cpu/aclk_IBUF_BUFG
    SLICE_X67Y122        FDCE                                         r  u_wb/defaultClockArea_cpu/IntIssueQueuePlugin_queue_5_valid_reg/C
  -------------------------------------------------------------------    -------------------
    SLICE_X67Y122        FDCE (Prop_fdce_C_Q)         0.348     4.932 r  u_wb/defaultClockArea_cpu/IntIssueQueuePlugin_queue_5_valid_reg/Q
                         net (fo=21, routed)          0.767     5.700    u_wb/defaultClockArea_cpu/weBattleFetchQueue_1/RENAME_to_DISPATCH_DECODE_PACKET_2_payload_predInfo_predictAddr_reg[2]_0
    SLICE_X67Y120        LUT6 (Prop_lut6_I1_O)        0.240     5.940 f  u_wb/defaultClockArea_cpu/weBattleFetchQueue_1/RENAME_to_DISPATCH_DECODE_PACKET_1_payload_inst[25]_i_6/O
                         net (fo=5, routed)           0.807     6.746    u_wb/defaultClockArea_cpu/weBattleFetchQueue_1/IntIssueQueuePlugin_queue_3_valid_reg_2
    SLICE_X68Y120        LUT6 (Prop_lut6_I0_O)        0.105     6.851 f  u_wb/defaultClockArea_cpu/weBattleFetchQueue_1/RENAME_to_DISPATCH_DECODE_PACKET_1_payload_inst[25]_i_2/O
                         net (fo=7, routed)           0.509     7.360    u_wb/defaultClockArea_cpu/weBattleFetchQueue_1/IntIssueQueuePlugin_queue_3_valid_reg_0
    SLICE_X67Y119        LUT5 (Prop_lut5_I4_O)        0.105     7.465 r  u_wb/defaultClockArea_cpu/weBattleFetchQueue_1/RENAME_to_DISPATCH_DECODE_PACKET_1_payload_inst[25]_i_5/O
                         net (fo=7, routed)           0.467     7.933    u_wb/defaultClockArea_cpu/weBattleFetchQueue_1_n_164
    SLICE_X69Y119        LUT6 (Prop_lut6_I0_O)        0.105     8.038 r  u_wb/defaultClockArea_cpu/IntIssueQueuePlugin_queue_0_payload_uop_inst[25]_i_14/O
                         net (fo=28, routed)          0.345     8.382    u_wb/defaultClockArea_cpu/IntIssueQueuePlugin_queue_0_payload_uop_inst[25]_i_14_n_0
    SLICE_X71Y120        LUT5 (Prop_lut5_I0_O)        0.105     8.487 r  u_wb/defaultClockArea_cpu/IntIssueQueuePlugin_queue_6_payload_uop_inst[25]_i_7/O
                         net (fo=8, routed)           0.915     9.402    u_wb/defaultClockArea_cpu/IntIssueQueuePlugin_queue_6_payload_uop_inst[25]_i_7_n_0
    SLICE_X74Y123        LUT6 (Prop_lut6_I4_O)        0.105     9.507 r  u_wb/defaultClockArea_cpu/IntIssueQueuePlugin_queue_4_payload_uop_inst[25]_i_8/O
                         net (fo=191, routed)         1.203    10.710    u_wb/defaultClockArea_cpu/when_WeBattleDenseIssueQueueState_l80_23
    SLICE_X79Y133        LUT5 (Prop_lut5_I1_O)        0.105    10.815 r  u_wb/defaultClockArea_cpu/IntIssueQueuePlugin_queue_3_payload_rRegs_0_payload[0]_i_2/O
                         net (fo=1, routed)           0.695    11.510    u_wb/defaultClockArea_cpu/IntIssueQueuePlugin_queue_3_payload_rRegs_0_payload[0]_i_2_n_0
    SLICE_X74Y133        LUT5 (Prop_lut5_I4_O)        0.105    11.615 r  u_wb/defaultClockArea_cpu/IntIssueQueuePlugin_queue_3_payload_rRegs_0_payload[0]_i_1/O
                         net (fo=9, routed)           1.035    12.651    u_wb/defaultClockArea_cpu/IntIssueQueuePlugin_queue_3_payload_rRegs_0_payload[0]_i_1_n_0
    SLICE_X68Y134        LUT6 (Prop_lut6_I0_O)        0.105    12.756 f  u_wb/defaultClockArea_cpu/IntIssueQueuePlugin_queue_3_payload_rRegs_0_valid_i_12/O
                         net (fo=1, routed)           0.557    13.313    u_wb/defaultClockArea_cpu/IntIssueQueuePlugin_queue_3_payload_rRegs_0_valid_i_12_n_0
    SLICE_X68Y133        LUT6 (Prop_lut6_I4_O)        0.105    13.418 r  u_wb/defaultClockArea_cpu/IntIssueQueuePlugin_queue_3_payload_rRegs_0_valid_i_3/O
                         net (fo=1, routed)           0.846    14.264    u_wb/defaultClockArea_cpu/weBattleMulDivUnit_1/divider/IntIssueQueuePlugin_queue_3_payload_rRegs_0_valid_reg
    SLICE_X65Y129        LUT6 (Prop_lut6_I1_O)        0.105    14.369 r  u_wb/defaultClockArea_cpu/weBattleMulDivUnit_1/divider/IntIssueQueuePlugin_queue_3_payload_rRegs_0_valid_i_1/O
                         net (fo=1, routed)           0.000    14.369    u_wb/defaultClockArea_cpu/weBattleMulDivUnit_1_n_150
    SLICE_X65Y129        FDRE                                         r  u_wb/defaultClockArea_cpu/IntIssueQueuePlugin_queue_3_payload_rRegs_0_valid_reg/D
  -------------------------------------------------------------------    -------------------

                         (clock aclk rise edge)      10.000    10.000 r  
    L22                                               0.000    10.000 r  aclk (IN)
                         net (fo=0)                   0.000    10.000    aclk
    L22                  IBUF (Prop_ibuf_I_O)         0.762    10.762 r  aclk_IBUF_inst/O
                         net (fo=1, routed)           1.734    12.496    aclk_IBUF
    BUFGCTRL_X0Y2        BUFG (Prop_bufg_I_O)         0.077    12.573 r  aclk_IBUF_BUFG_inst_replica_1/O
                         net (fo=8, routed)           0.112    12.685    aclk_IBUF_BUFG_repN_1
    BUFGCTRL_X0Y1        BUFG (Prop_bufg_I_O)         0.077    12.762 r  aclk_IBUF_BUFG_inst_replica/O
                         net (fo=25, routed)          0.112    12.874    aclk_IBUF_BUFG_repN
    BUFGCTRL_X0Y0        BUFG (Prop_bufg_I_O)         0.077    12.951 r  aclk_IBUF_BUFG_inst/O
                         net (fo=20473, routed)       1.284    14.235    u_wb/defaultClockArea_cpu/aclk_IBUF_BUFG
    SLICE_X65Y129        FDRE                                         r  u_wb/defaultClockArea_cpu/IntIssueQueuePlugin_queue_3_payload_rRegs_0_valid_reg/C
                         clock pessimism              0.314    14.548    
                         clock uncertainty           -0.035    14.513    
    SLICE_X65Y129        FDRE (Setup_fdre_C_D)        0.030    14.543    u_wb/defaultClockArea_cpu/IntIssueQueuePlugin_queue_3_payload_rRegs_0_valid_reg
  -------------------------------------------------------------------
                         required time                         14.543    
                         arrival time                         -14.369    
  -------------------------------------------------------------------
                         slack                                  0.174    

Slack (MET) :             0.185ns  (required time - arrival time)
  Source:                 u_wb/defaultClockArea_cpu/IntIssueQueuePlugin_queue_5_valid_reg/C
                            (rising edge-triggered cell FDCE clocked by aclk  {rise@0.000ns fall@5.000ns period=10.000ns})
  Destination:            u_wb/defaultClockArea_cpu/_zz_ROBFIFOPlugin_fifoIO_pop_0_payload_state_intResult_17_reg[0]/CE
                            (rising edge-triggered cell FDRE clocked by aclk  {rise@0.000ns fall@5.000ns period=10.000ns})
  Path Group:             aclk
  Path Type:              Setup (Max at Slow Process Corner)
  Requirement:            10.000ns  (aclk rise@10.000ns - aclk rise@0.000ns)
  Data Path Delay:        9.547ns  (logic 1.718ns (17.996%)  route 7.829ns (82.004%))
  Logic Levels:           10  (LUT2=2 LUT4=1 LUT5=2 LUT6=5)
  Clock Path Skew:        -0.065ns (DCD - SCD + CPR)
    Destination Clock Delay (DCD):    4.266ns = ( 14.266 - 10.000 ) 
    Source Clock Delay      (SCD):    4.584ns
    Clock Pessimism Removal (CPR):    0.254ns
  Clock Uncertainty:      0.035ns  ((TSJ^2 + TIJ^2)^1/2 + DJ) / 2 + PE
    Total System Jitter     (TSJ):    0.071ns
    Total Input Jitter      (TIJ):    0.000ns
    Discrete Jitter          (DJ):    0.000ns
    Phase Error              (PE):    0.000ns

    Location             Delay type                Incr(ns)  Path(ns)    Netlist Resource(s)
  -------------------------------------------------------------------    -------------------
                         (clock aclk rise edge)       0.000     0.000 r  
    L22                                               0.000     0.000 r  aclk (IN)
                         net (fo=0)                   0.000     0.000    aclk
    L22                  IBUF (Prop_ibuf_I_O)         0.893     0.893 r  aclk_IBUF_inst/O
                         net (fo=1, routed)           1.827     2.720    aclk_IBUF
    BUFGCTRL_X0Y2        BUFG (Prop_bufg_I_O)         0.081     2.801 r  aclk_IBUF_BUFG_inst_replica_1/O
                         net (fo=8, routed)           0.118     2.919    aclk_IBUF_BUFG_repN_1
    BUFGCTRL_X0Y1        BUFG (Prop_bufg_I_O)         0.081     3.000 r  aclk_IBUF_BUFG_inst_replica/O
                         net (fo=25, routed)          0.118     3.118    aclk_IBUF_BUFG_repN
    BUFGCTRL_X0Y0        BUFG (Prop_bufg_I_O)         0.081     3.199 r  aclk_IBUF_BUFG_inst/O
                         net (fo=20473, routed)       1.386     4.584    u_wb/defaultClockArea_cpu/aclk_IBUF_BUFG
    SLICE_X67Y122        FDCE                                         r  u_wb/defaultClockArea_cpu/IntIssueQueuePlugin_queue_5_valid_reg/C
  -------------------------------------------------------------------    -------------------
    SLICE_X67Y122        FDCE (Prop_fdce_C_Q)         0.348     4.932 f  u_wb/defaultClockArea_cpu/IntIssueQueuePlugin_queue_5_valid_reg/Q
                         net (fo=21, routed)          0.767     5.700    u_wb/defaultClockArea_cpu/weBattleFetchQueue_1/RENAME_to_DISPATCH_DECODE_PACKET_2_payload_predInfo_predictAddr_reg[2]_0
    SLICE_X67Y120        LUT6 (Prop_lut6_I1_O)        0.240     5.940 r  u_wb/defaultClockArea_cpu/weBattleFetchQueue_1/RENAME_to_DISPATCH_DECODE_PACKET_1_payload_inst[25]_i_6/O
                         net (fo=5, routed)           0.807     6.746    u_wb/defaultClockArea_cpu/weBattleFetchQueue_1/IntIssueQueuePlugin_queue_3_valid_reg_2
    SLICE_X68Y120        LUT6 (Prop_lut6_I0_O)        0.105     6.851 r  u_wb/defaultClockArea_cpu/weBattleFetchQueue_1/RENAME_to_DISPATCH_DECODE_PACKET_1_payload_inst[25]_i_2/O
                         net (fo=7, routed)           0.509     7.360    u_wb/defaultClockArea_cpu/weBattleFetchQueue_1/IntIssueQueuePlugin_queue_3_valid_reg_0
    SLICE_X67Y119        LUT5 (Prop_lut5_I4_O)        0.105     7.465 f  u_wb/defaultClockArea_cpu/weBattleFetchQueue_1/RENAME_to_DISPATCH_DECODE_PACKET_1_payload_inst[25]_i_5/O
                         net (fo=7, routed)           0.273     7.739    u_wb/defaultClockArea_cpu/weBattleFetchQueue_1/RENAME_to_DISPATCH_PUSH_INDEXES_1_valid_reg
    SLICE_X68Y119        LUT6 (Prop_lut6_I4_O)        0.105     7.844 r  u_wb/defaultClockArea_cpu/weBattleFetchQueue_1/RENAME_to_DISPATCH_DECODE_PACKET_1_payload_inst[25]_i_1/O
                         net (fo=471, routed)         1.161     9.005    u_wb/defaultClockArea_cpu/weBattleFetchQueue_1/when_Pipeline_l158_20
    SLICE_X72Y99         LUT4 (Prop_lut4_I0_O)        0.105     9.110 r  u_wb/defaultClockArea_cpu/weBattleFetchQueue_1/ID_to_RENAME_DECODE_PACKET_2_payload_isWait_i_1/O
                         net (fo=510, routed)         0.236     9.346    u_wb/defaultClockArea_cpu/when_Pipeline_l198_1
    SLICE_X73Y99         LUT2 (Prop_lut2_I1_O)        0.105     9.451 r  u_wb/defaultClockArea_cpu/_zz_ROBFIFOPlugin_fifoIO_pop_0_payload_info_uop_inst[31]_i_3/O
                         net (fo=116, routed)         0.705    10.157    u_wb/defaultClockArea_cpu/_zz_ROBFIFOPlugin_fifoIO_pop_0_payload_info_uop_inst[31]_i_3_n_0
    SLICE_X74Y93         LUT2 (Prop_lut2_I0_O)        0.127    10.284 r  u_wb/defaultClockArea_cpu/_zz_ROBFIFOPlugin_fifoIO_pop_0_payload_info_uop_inst_3[2]_i_2/O
                         net (fo=116, routed)         0.652    10.936    u_wb/defaultClockArea_cpu/_zz_ROBFIFOPlugin_fifoIO_pop_0_payload_info_uop_inst_3[2]_i_2_n_0
    SLICE_X80Y93         LUT6 (Prop_lut6_I5_O)        0.268    11.204 r  u_wb/defaultClockArea_cpu/_zz_ROBFIFOPlugin_fifoIO_pop_0_payload_info_uop_inst_17[31]_i_4/O
                         net (fo=22, routed)          0.549    11.753    u_wb/defaultClockArea_cpu/_zz_ROBFIFOPlugin_fifoIO_pop_0_payload_info_uop_inst_17[31]_i_4_n_0
    SLICE_X77Y93         LUT5 (Prop_lut5_I3_O)        0.105    11.858 r  u_wb/defaultClockArea_cpu/_zz_ROBFIFOPlugin_fifoIO_pop_0_payload_info_uop_inst_17[31]_i_1/O
                         net (fo=121, routed)         1.103    12.961    u_wb/defaultClockArea_cpu/_zz_ROBFIFOPlugin_fifoIO_pop_0_payload_state_myPC_17[0]
    SLICE_X99Y98         LUT6 (Prop_lut6_I3_O)        0.105    13.066 r  u_wb/defaultClockArea_cpu/_zz_ROBFIFOPlugin_fifoIO_pop_0_payload_state_intResult_17[31]_i_2/O
                         net (fo=37, routed)          1.065    14.131    u_wb/defaultClockArea_cpu/_zz_ROBFIFOPlugin_fifoIO_pop_0_payload_state_intResult_17[31]_i_2_n_0
    SLICE_X113Y104       FDRE                                         r  u_wb/defaultClockArea_cpu/_zz_ROBFIFOPlugin_fifoIO_pop_0_payload_state_intResult_17_reg[0]/CE
  -------------------------------------------------------------------    -------------------

                         (clock aclk rise edge)      10.000    10.000 r  
    L22                                               0.000    10.000 r  aclk (IN)
                         net (fo=0)                   0.000    10.000    aclk
    L22                  IBUF (Prop_ibuf_I_O)         0.762    10.762 r  aclk_IBUF_inst/O
                         net (fo=1, routed)           1.734    12.496    aclk_IBUF
    BUFGCTRL_X0Y2        BUFG (Prop_bufg_I_O)         0.077    12.573 r  aclk_IBUF_BUFG_inst_replica_1/O
                         net (fo=8, routed)           0.112    12.685    aclk_IBUF_BUFG_repN_1
    BUFGCTRL_X0Y1        BUFG (Prop_bufg_I_O)         0.077    12.762 r  aclk_IBUF_BUFG_inst_replica/O
                         net (fo=25, routed)          0.112    12.874    aclk_IBUF_BUFG_repN
    BUFGCTRL_X0Y0        BUFG (Prop_bufg_I_O)         0.077    12.951 r  aclk_IBUF_BUFG_inst/O
                         net (fo=20473, routed)       1.315    14.266    u_wb/defaultClockArea_cpu/aclk_IBUF_BUFG
    SLICE_X113Y104       FDRE                                         r  u_wb/defaultClockArea_cpu/_zz_ROBFIFOPlugin_fifoIO_pop_0_payload_state_intResult_17_reg[0]/C
                         clock pessimism              0.254    14.519    
                         clock uncertainty           -0.035    14.484    
    SLICE_X113Y104       FDRE (Setup_fdre_C_CE)      -0.168    14.316    u_wb/defaultClockArea_cpu/_zz_ROBFIFOPlugin_fifoIO_pop_0_payload_state_intResult_17_reg[0]
  -------------------------------------------------------------------
                         required time                         14.316    
                         arrival time                         -14.131    
  -------------------------------------------------------------------
                         slack                                  0.185    

Slack (MET) :             0.185ns  (required time - arrival time)
  Source:                 u_wb/defaultClockArea_cpu/IntIssueQueuePlugin_queue_5_valid_reg/C
                            (rising edge-triggered cell FDCE clocked by aclk  {rise@0.000ns fall@5.000ns period=10.000ns})
  Destination:            u_wb/defaultClockArea_cpu/_zz_ROBFIFOPlugin_fifoIO_pop_0_payload_state_intResult_17_reg[15]/CE
                            (rising edge-triggered cell FDRE clocked by aclk  {rise@0.000ns fall@5.000ns period=10.000ns})
  Path Group:             aclk
  Path Type:              Setup (Max at Slow Process Corner)
  Requirement:            10.000ns  (aclk rise@10.000ns - aclk rise@0.000ns)
  Data Path Delay:        9.547ns  (logic 1.718ns (17.996%)  route 7.829ns (82.004%))
  Logic Levels:           10  (LUT2=2 LUT4=1 LUT5=2 LUT6=5)
  Clock Path Skew:        -0.065ns (DCD - SCD + CPR)
    Destination Clock Delay (DCD):    4.266ns = ( 14.266 - 10.000 ) 
    Source Clock Delay      (SCD):    4.584ns
    Clock Pessimism Removal (CPR):    0.254ns
  Clock Uncertainty:      0.035ns  ((TSJ^2 + TIJ^2)^1/2 + DJ) / 2 + PE
    Total System Jitter     (TSJ):    0.071ns
    Total Input Jitter      (TIJ):    0.000ns
    Discrete Jitter          (DJ):    0.000ns
    Phase Error              (PE):    0.000ns

    Location             Delay type                Incr(ns)  Path(ns)    Netlist Resource(s)
  -------------------------------------------------------------------    -------------------
                         (clock aclk rise edge)       0.000     0.000 r  
    L22                                               0.000     0.000 r  aclk (IN)
                         net (fo=0)                   0.000     0.000    aclk
    L22                  IBUF (Prop_ibuf_I_O)         0.893     0.893 r  aclk_IBUF_inst/O
                         net (fo=1, routed)           1.827     2.720    aclk_IBUF
    BUFGCTRL_X0Y2        BUFG (Prop_bufg_I_O)         0.081     2.801 r  aclk_IBUF_BUFG_inst_replica_1/O
                         net (fo=8, routed)           0.118     2.919    aclk_IBUF_BUFG_repN_1
    BUFGCTRL_X0Y1        BUFG (Prop_bufg_I_O)         0.081     3.000 r  aclk_IBUF_BUFG_inst_replica/O
                         net (fo=25, routed)          0.118     3.118    aclk_IBUF_BUFG_repN
    BUFGCTRL_X0Y0        BUFG (Prop_bufg_I_O)         0.081     3.199 r  aclk_IBUF_BUFG_inst/O
                         net (fo=20473, routed)       1.386     4.584    u_wb/defaultClockArea_cpu/aclk_IBUF_BUFG
    SLICE_X67Y122        FDCE                                         r  u_wb/defaultClockArea_cpu/IntIssueQueuePlugin_queue_5_valid_reg/C
  -------------------------------------------------------------------    -------------------
    SLICE_X67Y122        FDCE (Prop_fdce_C_Q)         0.348     4.932 f  u_wb/defaultClockArea_cpu/IntIssueQueuePlugin_queue_5_valid_reg/Q
                         net (fo=21, routed)          0.767     5.700    u_wb/defaultClockArea_cpu/weBattleFetchQueue_1/RENAME_to_DISPATCH_DECODE_PACKET_2_payload_predInfo_predictAddr_reg[2]_0
    SLICE_X67Y120        LUT6 (Prop_lut6_I1_O)        0.240     5.940 r  u_wb/defaultClockArea_cpu/weBattleFetchQueue_1/RENAME_to_DISPATCH_DECODE_PACKET_1_payload_inst[25]_i_6/O
                         net (fo=5, routed)           0.807     6.746    u_wb/defaultClockArea_cpu/weBattleFetchQueue_1/IntIssueQueuePlugin_queue_3_valid_reg_2
    SLICE_X68Y120        LUT6 (Prop_lut6_I0_O)        0.105     6.851 r  u_wb/defaultClockArea_cpu/weBattleFetchQueue_1/RENAME_to_DISPATCH_DECODE_PACKET_1_payload_inst[25]_i_2/O
                         net (fo=7, routed)           0.509     7.360    u_wb/defaultClockArea_cpu/weBattleFetchQueue_1/IntIssueQueuePlugin_queue_3_valid_reg_0
    SLICE_X67Y119        LUT5 (Prop_lut5_I4_O)        0.105     7.465 f  u_wb/defaultClockArea_cpu/weBattleFetchQueue_1/RENAME_to_DISPATCH_DECODE_PACKET_1_payload_inst[25]_i_5/O
                         net (fo=7, routed)           0.273     7.739    u_wb/defaultClockArea_cpu/weBattleFetchQueue_1/RENAME_to_DISPATCH_PUSH_INDEXES_1_valid_reg
    SLICE_X68Y119        LUT6 (Prop_lut6_I4_O)        0.105     7.844 r  u_wb/defaultClockArea_cpu/weBattleFetchQueue_1/RENAME_to_DISPATCH_DECODE_PACKET_1_payload_inst[25]_i_1/O
                         net (fo=471, routed)         1.161     9.005    u_wb/defaultClockArea_cpu/weBattleFetchQueue_1/when_Pipeline_l158_20
    SLICE_X72Y99         LUT4 (Prop_lut4_I0_O)        0.105     9.110 r  u_wb/defaultClockArea_cpu/weBattleFetchQueue_1/ID_to_RENAME_DECODE_PACKET_2_payload_isWait_i_1/O
                         net (fo=510, routed)         0.236     9.346    u_wb/defaultClockArea_cpu/when_Pipeline_l198_1
    SLICE_X73Y99         LUT2 (Prop_lut2_I1_O)        0.105     9.451 r  u_wb/defaultClockArea_cpu/_zz_ROBFIFOPlugin_fifoIO_pop_0_payload_info_uop_inst[31]_i_3/O
                         net (fo=116, routed)         0.705    10.157    u_wb/defaultClockArea_cpu/_zz_ROBFIFOPlugin_fifoIO_pop_0_payload_info_uop_inst[31]_i_3_n_0
    SLICE_X74Y93         LUT2 (Prop_lut2_I0_O)        0.127    10.284 r  u_wb/defaultClockArea_cpu/_zz_ROBFIFOPlugin_fifoIO_pop_0_payload_info_uop_inst_3[2]_i_2/O
                         net (fo=116, routed)         0.652    10.936    u_wb/defaultClockArea_cpu/_zz_ROBFIFOPlugin_fifoIO_pop_0_payload_info_uop_inst_3[2]_i_2_n_0
    SLICE_X80Y93         LUT6 (Prop_lut6_I5_O)        0.268    11.204 r  u_wb/defaultClockArea_cpu/_zz_ROBFIFOPlugin_fifoIO_pop_0_payload_info_uop_inst_17[31]_i_4/O
                         net (fo=22, routed)          0.549    11.753    u_wb/defaultClockArea_cpu/_zz_ROBFIFOPlugin_fifoIO_pop_0_payload_info_uop_inst_17[31]_i_4_n_0
    SLICE_X77Y93         LUT5 (Prop_lut5_I3_O)        0.105    11.858 r  u_wb/defaultClockArea_cpu/_zz_ROBFIFOPlugin_fifoIO_pop_0_payload_info_uop_inst_17[31]_i_1/O
                         net (fo=121, routed)         1.103    12.961    u_wb/defaultClockArea_cpu/_zz_ROBFIFOPlugin_fifoIO_pop_0_payload_state_myPC_17[0]
    SLICE_X99Y98         LUT6 (Prop_lut6_I3_O)        0.105    13.066 r  u_wb/defaultClockArea_cpu/_zz_ROBFIFOPlugin_fifoIO_pop_0_payload_state_intResult_17[31]_i_2/O
                         net (fo=37, routed)          1.065    14.131    u_wb/defaultClockArea_cpu/_zz_ROBFIFOPlugin_fifoIO_pop_0_payload_state_intResult_17[31]_i_2_n_0
    SLICE_X113Y104       FDRE                                         r  u_wb/defaultClockArea_cpu/_zz_ROBFIFOPlugin_fifoIO_pop_0_payload_state_intResult_17_reg[15]/CE
  -------------------------------------------------------------------    -------------------

                         (clock aclk rise edge)      10.000    10.000 r  
    L22                                               0.000    10.000 r  aclk (IN)
                         net (fo=0)                   0.000    10.000    aclk
    L22                  IBUF (Prop_ibuf_I_O)         0.762    10.762 r  aclk_IBUF_inst/O
                         net (fo=1, routed)           1.734    12.496    aclk_IBUF
    BUFGCTRL_X0Y2        BUFG (Prop_bufg_I_O)         0.077    12.573 r  aclk_IBUF_BUFG_inst_replica_1/O
                         net (fo=8, routed)           0.112    12.685    aclk_IBUF_BUFG_repN_1
    BUFGCTRL_X0Y1        BUFG (Prop_bufg_I_O)         0.077    12.762 r  aclk_IBUF_BUFG_inst_replica/O
                         net (fo=25, routed)          0.112    12.874    aclk_IBUF_BUFG_repN
    BUFGCTRL_X0Y0        BUFG (Prop_bufg_I_O)         0.077    12.951 r  aclk_IBUF_BUFG_inst/O
                         net (fo=20473, routed)       1.315    14.266    u_wb/defaultClockArea_cpu/aclk_IBUF_BUFG
    SLICE_X113Y104       FDRE                                         r  u_wb/defaultClockArea_cpu/_zz_ROBFIFOPlugin_fifoIO_pop_0_payload_state_intResult_17_reg[15]/C
                         clock pessimism              0.254    14.519    
                         clock uncertainty           -0.035    14.484    
    SLICE_X113Y104       FDRE (Setup_fdre_C_CE)      -0.168    14.316    u_wb/defaultClockArea_cpu/_zz_ROBFIFOPlugin_fifoIO_pop_0_payload_state_intResult_17_reg[15]
  -------------------------------------------------------------------
                         required time                         14.316    
                         arrival time                         -14.131    
  -------------------------------------------------------------------
                         slack                                  0.185    

Slack (MET) :             0.185ns  (required time - arrival time)
  Source:                 u_wb/defaultClockArea_cpu/IntIssueQueuePlugin_queue_5_valid_reg/C
                            (rising edge-triggered cell FDCE clocked by aclk  {rise@0.000ns fall@5.000ns period=10.000ns})
  Destination:            u_wb/defaultClockArea_cpu/_zz_ROBFIFOPlugin_fifoIO_pop_0_payload_state_intResult_17_reg[18]/CE
                            (rising edge-triggered cell FDRE clocked by aclk  {rise@0.000ns fall@5.000ns period=10.000ns})
  Path Group:             aclk
  Path Type:              Setup (Max at Slow Process Corner)
  Requirement:            10.000ns  (aclk rise@10.000ns - aclk rise@0.000ns)
  Data Path Delay:        9.547ns  (logic 1.718ns (17.996%)  route 7.829ns (82.004%))
  Logic Levels:           10  (LUT2=2 LUT4=1 LUT5=2 LUT6=5)
  Clock Path Skew:        -0.065ns (DCD - SCD + CPR)
    Destination Clock Delay (DCD):    4.266ns = ( 14.266 - 10.000 ) 
    Source Clock Delay      (SCD):    4.584ns
    Clock Pessimism Removal (CPR):    0.254ns
  Clock Uncertainty:      0.035ns  ((TSJ^2 + TIJ^2)^1/2 + DJ) / 2 + PE
    Total System Jitter     (TSJ):    0.071ns
    Total Input Jitter      (TIJ):    0.000ns
    Discrete Jitter          (DJ):    0.000ns
    Phase Error              (PE):    0.000ns

    Location             Delay type                Incr(ns)  Path(ns)    Netlist Resource(s)
  -------------------------------------------------------------------    -------------------
                         (clock aclk rise edge)       0.000     0.000 r  
    L22                                               0.000     0.000 r  aclk (IN)
                         net (fo=0)                   0.000     0.000    aclk
    L22                  IBUF (Prop_ibuf_I_O)         0.893     0.893 r  aclk_IBUF_inst/O
                         net (fo=1, routed)           1.827     2.720    aclk_IBUF
    BUFGCTRL_X0Y2        BUFG (Prop_bufg_I_O)         0.081     2.801 r  aclk_IBUF_BUFG_inst_replica_1/O
                         net (fo=8, routed)           0.118     2.919    aclk_IBUF_BUFG_repN_1
    BUFGCTRL_X0Y1        BUFG (Prop_bufg_I_O)         0.081     3.000 r  aclk_IBUF_BUFG_inst_replica/O
                         net (fo=25, routed)          0.118     3.118    aclk_IBUF_BUFG_repN
    BUFGCTRL_X0Y0        BUFG (Prop_bufg_I_O)         0.081     3.199 r  aclk_IBUF_BUFG_inst/O
                         net (fo=20473, routed)       1.386     4.584    u_wb/defaultClockArea_cpu/aclk_IBUF_BUFG
    SLICE_X67Y122        FDCE                                         r  u_wb/defaultClockArea_cpu/IntIssueQueuePlugin_queue_5_valid_reg/C
  -------------------------------------------------------------------    -------------------
    SLICE_X67Y122        FDCE (Prop_fdce_C_Q)         0.348     4.932 f  u_wb/defaultClockArea_cpu/IntIssueQueuePlugin_queue_5_valid_reg/Q
                         net (fo=21, routed)          0.767     5.700    u_wb/defaultClockArea_cpu/weBattleFetchQueue_1/RENAME_to_DISPATCH_DECODE_PACKET_2_payload_predInfo_predictAddr_reg[2]_0
    SLICE_X67Y120        LUT6 (Prop_lut6_I1_O)        0.240     5.940 r  u_wb/defaultClockArea_cpu/weBattleFetchQueue_1/RENAME_to_DISPATCH_DECODE_PACKET_1_payload_inst[25]_i_6/O
                         net (fo=5, routed)           0.807     6.746    u_wb/defaultClockArea_cpu/weBattleFetchQueue_1/IntIssueQueuePlugin_queue_3_valid_reg_2
    SLICE_X68Y120        LUT6 (Prop_lut6_I0_O)        0.105     6.851 r  u_wb/defaultClockArea_cpu/weBattleFetchQueue_1/RENAME_to_DISPATCH_DECODE_PACKET_1_payload_inst[25]_i_2/O
                         net (fo=7, routed)           0.509     7.360    u_wb/defaultClockArea_cpu/weBattleFetchQueue_1/IntIssueQueuePlugin_queue_3_valid_reg_0
    SLICE_X67Y119        LUT5 (Prop_lut5_I4_O)        0.105     7.465 f  u_wb/defaultClockArea_cpu/weBattleFetchQueue_1/RENAME_to_DISPATCH_DECODE_PACKET_1_payload_inst[25]_i_5/O
                         net (fo=7, routed)           0.273     7.739    u_wb/defaultClockArea_cpu/weBattleFetchQueue_1/RENAME_to_DISPATCH_PUSH_INDEXES_1_valid_reg
    SLICE_X68Y119        LUT6 (Prop_lut6_I4_O)        0.105     7.844 r  u_wb/defaultClockArea_cpu/weBattleFetchQueue_1/RENAME_to_DISPATCH_DECODE_PACKET_1_payload_inst[25]_i_1/O
                         net (fo=471, routed)         1.161     9.005    u_wb/defaultClockArea_cpu/weBattleFetchQueue_1/when_Pipeline_l158_20
    SLICE_X72Y99         LUT4 (Prop_lut4_I0_O)        0.105     9.110 r  u_wb/defaultClockArea_cpu/weBattleFetchQueue_1/ID_to_RENAME_DECODE_PACKET_2_payload_isWait_i_1/O
                         net (fo=510, routed)         0.236     9.346    u_wb/defaultClockArea_cpu/when_Pipeline_l198_1
    SLICE_X73Y99         LUT2 (Prop_lut2_I1_O)        0.105     9.451 r  u_wb/defaultClockArea_cpu/_zz_ROBFIFOPlugin_fifoIO_pop_0_payload_info_uop_inst[31]_i_3/O
                         net (fo=116, routed)         0.705    10.157    u_wb/defaultClockArea_cpu/_zz_ROBFIFOPlugin_fifoIO_pop_0_payload_info_uop_inst[31]_i_3_n_0
    SLICE_X74Y93         LUT2 (Prop_lut2_I0_O)        0.127    10.284 r  u_wb/defaultClockArea_cpu/_zz_ROBFIFOPlugin_fifoIO_pop_0_payload_info_uop_inst_3[2]_i_2/O
                         net (fo=116, routed)         0.652    10.936    u_wb/defaultClockArea_cpu/_zz_ROBFIFOPlugin_fifoIO_pop_0_payload_info_uop_inst_3[2]_i_2_n_0
    SLICE_X80Y93         LUT6 (Prop_lut6_I5_O)        0.268    11.204 r  u_wb/defaultClockArea_cpu/_zz_ROBFIFOPlugin_fifoIO_pop_0_payload_info_uop_inst_17[31]_i_4/O
                         net (fo=22, routed)          0.549    11.753    u_wb/defaultClockArea_cpu/_zz_ROBFIFOPlugin_fifoIO_pop_0_payload_info_uop_inst_17[31]_i_4_n_0
    SLICE_X77Y93         LUT5 (Prop_lut5_I3_O)        0.105    11.858 r  u_wb/defaultClockArea_cpu/_zz_ROBFIFOPlugin_fifoIO_pop_0_payload_info_uop_inst_17[31]_i_1/O
                         net (fo=121, routed)         1.103    12.961    u_wb/defaultClockArea_cpu/_zz_ROBFIFOPlugin_fifoIO_pop_0_payload_state_myPC_17[0]
    SLICE_X99Y98         LUT6 (Prop_lut6_I3_O)        0.105    13.066 r  u_wb/defaultClockArea_cpu/_zz_ROBFIFOPlugin_fifoIO_pop_0_payload_state_intResult_17[31]_i_2/O
                         net (fo=37, routed)          1.065    14.131    u_wb/defaultClockArea_cpu/_zz_ROBFIFOPlugin_fifoIO_pop_0_payload_state_intResult_17[31]_i_2_n_0
    SLICE_X113Y104       FDRE                                         r  u_wb/defaultClockArea_cpu/_zz_ROBFIFOPlugin_fifoIO_pop_0_payload_state_intResult_17_reg[18]/CE
  -------------------------------------------------------------------    -------------------

                         (clock aclk rise edge)      10.000    10.000 r  
    L22                                               0.000    10.000 r  aclk (IN)
                         net (fo=0)                   0.000    10.000    aclk
    L22                  IBUF (Prop_ibuf_I_O)         0.762    10.762 r  aclk_IBUF_inst/O
                         net (fo=1, routed)           1.734    12.496    aclk_IBUF
    BUFGCTRL_X0Y2        BUFG (Prop_bufg_I_O)         0.077    12.573 r  aclk_IBUF_BUFG_inst_replica_1/O
                         net (fo=8, routed)           0.112    12.685    aclk_IBUF_BUFG_repN_1
    BUFGCTRL_X0Y1        BUFG (Prop_bufg_I_O)         0.077    12.762 r  aclk_IBUF_BUFG_inst_replica/O
                         net (fo=25, routed)          0.112    12.874    aclk_IBUF_BUFG_repN
    BUFGCTRL_X0Y0        BUFG (Prop_bufg_I_O)         0.077    12.951 r  aclk_IBUF_BUFG_inst/O
                         net (fo=20473, routed)       1.315    14.266    u_wb/defaultClockArea_cpu/aclk_IBUF_BUFG
    SLICE_X113Y104       FDRE                                         r  u_wb/defaultClockArea_cpu/_zz_ROBFIFOPlugin_fifoIO_pop_0_payload_state_intResult_17_reg[18]/C
                         clock pessimism              0.254    14.519    
                         clock uncertainty           -0.035    14.484    
    SLICE_X113Y104       FDRE (Setup_fdre_C_CE)      -0.168    14.316    u_wb/defaultClockArea_cpu/_zz_ROBFIFOPlugin_fifoIO_pop_0_payload_state_intResult_17_reg[18]
  -------------------------------------------------------------------
                         required time                         14.316    
                         arrival time                         -14.131    
  -------------------------------------------------------------------
                         slack                                  0.185    

Slack (MET) :             0.185ns  (required time - arrival time)
  Source:                 u_wb/defaultClockArea_cpu/IntIssueQueuePlugin_queue_5_valid_reg/C
                            (rising edge-triggered cell FDCE clocked by aclk  {rise@0.000ns fall@5.000ns period=10.000ns})
  Destination:            u_wb/defaultClockArea_cpu/_zz_ROBFIFOPlugin_fifoIO_pop_0_payload_state_intResult_17_reg[31]/CE
                            (rising edge-triggered cell FDRE clocked by aclk  {rise@0.000ns fall@5.000ns period=10.000ns})
  Path Group:             aclk
  Path Type:              Setup (Max at Slow Process Corner)
  Requirement:            10.000ns  (aclk rise@10.000ns - aclk rise@0.000ns)
  Data Path Delay:        9.547ns  (logic 1.718ns (17.996%)  route 7.829ns (82.004%))
  Logic Levels:           10  (LUT2=2 LUT4=1 LUT5=2 LUT6=5)
  Clock Path Skew:        -0.065ns (DCD - SCD + CPR)
    Destination Clock Delay (DCD):    4.266ns = ( 14.266 - 10.000 ) 
    Source Clock Delay      (SCD):    4.584ns
    Clock Pessimism Removal (CPR):    0.254ns
  Clock Uncertainty:      0.035ns  ((TSJ^2 + TIJ^2)^1/2 + DJ) / 2 + PE
    Total System Jitter     (TSJ):    0.071ns
    Total Input Jitter      (TIJ):    0.000ns
    Discrete Jitter          (DJ):    0.000ns
    Phase Error              (PE):    0.000ns

    Location             Delay type                Incr(ns)  Path(ns)    Netlist Resource(s)
  -------------------------------------------------------------------    -------------------
                         (clock aclk rise edge)       0.000     0.000 r  
    L22                                               0.000     0.000 r  aclk (IN)
                         net (fo=0)                   0.000     0.000    aclk
    L22                  IBUF (Prop_ibuf_I_O)         0.893     0.893 r  aclk_IBUF_inst/O
                         net (fo=1, routed)           1.827     2.720    aclk_IBUF
    BUFGCTRL_X0Y2        BUFG (Prop_bufg_I_O)         0.081     2.801 r  aclk_IBUF_BUFG_inst_replica_1/O
                         net (fo=8, routed)           0.118     2.919    aclk_IBUF_BUFG_repN_1
    BUFGCTRL_X0Y1        BUFG (Prop_bufg_I_O)         0.081     3.000 r  aclk_IBUF_BUFG_inst_replica/O
                         net (fo=25, routed)          0.118     3.118    aclk_IBUF_BUFG_repN
    BUFGCTRL_X0Y0        BUFG (Prop_bufg_I_O)         0.081     3.199 r  aclk_IBUF_BUFG_inst/O
                         net (fo=20473, routed)       1.386     4.584    u_wb/defaultClockArea_cpu/aclk_IBUF_BUFG
    SLICE_X67Y122        FDCE                                         r  u_wb/defaultClockArea_cpu/IntIssueQueuePlugin_queue_5_valid_reg/C
  -------------------------------------------------------------------    -------------------
    SLICE_X67Y122        FDCE (Prop_fdce_C_Q)         0.348     4.932 f  u_wb/defaultClockArea_cpu/IntIssueQueuePlugin_queue_5_valid_reg/Q
                         net (fo=21, routed)          0.767     5.700    u_wb/defaultClockArea_cpu/weBattleFetchQueue_1/RENAME_to_DISPATCH_DECODE_PACKET_2_payload_predInfo_predictAddr_reg[2]_0
    SLICE_X67Y120        LUT6 (Prop_lut6_I1_O)        0.240     5.940 r  u_wb/defaultClockArea_cpu/weBattleFetchQueue_1/RENAME_to_DISPATCH_DECODE_PACKET_1_payload_inst[25]_i_6/O
                         net (fo=5, routed)           0.807     6.746    u_wb/defaultClockArea_cpu/weBattleFetchQueue_1/IntIssueQueuePlugin_queue_3_valid_reg_2
    SLICE_X68Y120        LUT6 (Prop_lut6_I0_O)        0.105     6.851 r  u_wb/defaultClockArea_cpu/weBattleFetchQueue_1/RENAME_to_DISPATCH_DECODE_PACKET_1_payload_inst[25]_i_2/O
                         net (fo=7, routed)           0.509     7.360    u_wb/defaultClockArea_cpu/weBattleFetchQueue_1/IntIssueQueuePlugin_queue_3_valid_reg_0
    SLICE_X67Y119        LUT5 (Prop_lut5_I4_O)        0.105     7.465 f  u_wb/defaultClockArea_cpu/weBattleFetchQueue_1/RENAME_to_DISPATCH_DECODE_PACKET_1_payload_inst[25]_i_5/O
                         net (fo=7, routed)           0.273     7.739    u_wb/defaultClockArea_cpu/weBattleFetchQueue_1/RENAME_to_DISPATCH_PUSH_INDEXES_1_valid_reg
    SLICE_X68Y119        LUT6 (Prop_lut6_I4_O)        0.105     7.844 r  u_wb/defaultClockArea_cpu/weBattleFetchQueue_1/RENAME_to_DISPATCH_DECODE_PACKET_1_payload_inst[25]_i_1/O
                         net (fo=471, routed)         1.161     9.005    u_wb/defaultClockArea_cpu/weBattleFetchQueue_1/when_Pipeline_l158_20
    SLICE_X72Y99         LUT4 (Prop_lut4_I0_O)        0.105     9.110 r  u_wb/defaultClockArea_cpu/weBattleFetchQueue_1/ID_to_RENAME_DECODE_PACKET_2_payload_isWait_i_1/O
                         net (fo=510, routed)         0.236     9.346    u_wb/defaultClockArea_cpu/when_Pipeline_l198_1
    SLICE_X73Y99         LUT2 (Prop_lut2_I1_O)        0.105     9.451 r  u_wb/defaultClockArea_cpu/_zz_ROBFIFOPlugin_fifoIO_pop_0_payload_info_uop_inst[31]_i_3/O
                         net (fo=116, routed)         0.705    10.157    u_wb/defaultClockArea_cpu/_zz_ROBFIFOPlugin_fifoIO_pop_0_payload_info_uop_inst[31]_i_3_n_0
    SLICE_X74Y93         LUT2 (Prop_lut2_I0_O)        0.127    10.284 r  u_wb/defaultClockArea_cpu/_zz_ROBFIFOPlugin_fifoIO_pop_0_payload_info_uop_inst_3[2]_i_2/O
                         net (fo=116, routed)         0.652    10.936    u_wb/defaultClockArea_cpu/_zz_ROBFIFOPlugin_fifoIO_pop_0_payload_info_uop_inst_3[2]_i_2_n_0
    SLICE_X80Y93         LUT6 (Prop_lut6_I5_O)        0.268    11.204 r  u_wb/defaultClockArea_cpu/_zz_ROBFIFOPlugin_fifoIO_pop_0_payload_info_uop_inst_17[31]_i_4/O
                         net (fo=22, routed)          0.549    11.753    u_wb/defaultClockArea_cpu/_zz_ROBFIFOPlugin_fifoIO_pop_0_payload_info_uop_inst_17[31]_i_4_n_0
    SLICE_X77Y93         LUT5 (Prop_lut5_I3_O)        0.105    11.858 r  u_wb/defaultClockArea_cpu/_zz_ROBFIFOPlugin_fifoIO_pop_0_payload_info_uop_inst_17[31]_i_1/O
                         net (fo=121, routed)         1.103    12.961    u_wb/defaultClockArea_cpu/_zz_ROBFIFOPlugin_fifoIO_pop_0_payload_state_myPC_17[0]
    SLICE_X99Y98         LUT6 (Prop_lut6_I3_O)        0.105    13.066 r  u_wb/defaultClockArea_cpu/_zz_ROBFIFOPlugin_fifoIO_pop_0_payload_state_intResult_17[31]_i_2/O
                         net (fo=37, routed)          1.065    14.131    u_wb/defaultClockArea_cpu/_zz_ROBFIFOPlugin_fifoIO_pop_0_payload_state_intResult_17[31]_i_2_n_0
    SLICE_X113Y104       FDRE                                         r  u_wb/defaultClockArea_cpu/_zz_ROBFIFOPlugin_fifoIO_pop_0_payload_state_intResult_17_reg[31]/CE
  -------------------------------------------------------------------    -------------------

                         (clock aclk rise edge)      10.000    10.000 r  
    L22                                               0.000    10.000 r  aclk (IN)
                         net (fo=0)                   0.000    10.000    aclk
    L22                  IBUF (Prop_ibuf_I_O)         0.762    10.762 r  aclk_IBUF_inst/O
                         net (fo=1, routed)           1.734    12.496    aclk_IBUF
    BUFGCTRL_X0Y2        BUFG (Prop_bufg_I_O)         0.077    12.573 r  aclk_IBUF_BUFG_inst_replica_1/O
                         net (fo=8, routed)           0.112    12.685    aclk_IBUF_BUFG_repN_1
    BUFGCTRL_X0Y1        BUFG (Prop_bufg_I_O)         0.077    12.762 r  aclk_IBUF_BUFG_inst_replica/O
                         net (fo=25, routed)          0.112    12.874    aclk_IBUF_BUFG_repN
    BUFGCTRL_X0Y0        BUFG (Prop_bufg_I_O)         0.077    12.951 r  aclk_IBUF_BUFG_inst/O
                         net (fo=20473, routed)       1.315    14.266    u_wb/defaultClockArea_cpu/aclk_IBUF_BUFG
    SLICE_X113Y104       FDRE                                         r  u_wb/defaultClockArea_cpu/_zz_ROBFIFOPlugin_fifoIO_pop_0_payload_state_intResult_17_reg[31]/C
                         clock pessimism              0.254    14.519    
                         clock uncertainty           -0.035    14.484    
    SLICE_X113Y104       FDRE (Setup_fdre_C_CE)      -0.168    14.316    u_wb/defaultClockArea_cpu/_zz_ROBFIFOPlugin_fifoIO_pop_0_payload_state_intResult_17_reg[31]
  -------------------------------------------------------------------
                         required time                         14.316    
                         arrival time                         -14.131    
  -------------------------------------------------------------------
                         slack                                  0.185    

Slack (MET) :             0.203ns  (required time - arrival time)
  Source:                 u_wb/defaultClockArea_cpu/ExceptionHandlerPlugin_ECFG_LIE_0_reg[5]/C
                            (rising edge-triggered cell FDCE clocked by aclk  {rise@0.000ns fall@5.000ns period=10.000ns})
  Destination:            u_wb/defaultClockArea_cpu/GlobalPredictorBTBPlugin_predictor/pht/rams_2/mem/xpm_memory_base_inst/gen_wr_a.gen_word_narrow.mem_reg/ADDRBWRADDR[13]
                            (rising edge-triggered cell RAMB18E1 clocked by aclk  {rise@0.000ns fall@5.000ns period=10.000ns})
  Path Group:             aclk
  Path Type:              Setup (Max at Slow Process Corner)
  Requirement:            10.000ns  (aclk rise@10.000ns - aclk rise@0.000ns)
  Data Path Delay:        9.073ns  (logic 1.941ns (21.392%)  route 7.132ns (78.608%))
  Logic Levels:           11  (CARRY4=3 LUT2=3 LUT4=1 LUT5=2 LUT6=2)
  Clock Path Skew:        -0.059ns (DCD - SCD + CPR)
    Destination Clock Delay (DCD):    4.417ns = ( 14.417 - 10.000 ) 
    Source Clock Delay      (SCD):    4.737ns
    Clock Pessimism Removal (CPR):    0.261ns
  Clock Uncertainty:      0.035ns  ((TSJ^2 + TIJ^2)^1/2 + DJ) / 2 + PE
    Total System Jitter     (TSJ):    0.071ns
    Total Input Jitter      (TIJ):    0.000ns
    Discrete Jitter          (DJ):    0.000ns
    Phase Error              (PE):    0.000ns

    Location             Delay type                Incr(ns)  Path(ns)    Netlist Resource(s)
  -------------------------------------------------------------------    -------------------
                         (clock aclk rise edge)       0.000     0.000 r  
    L22                                               0.000     0.000 r  aclk (IN)
                         net (fo=0)                   0.000     0.000    aclk
    L22                  IBUF (Prop_ibuf_I_O)         0.893     0.893 r  aclk_IBUF_inst/O
                         net (fo=1, routed)           1.827     2.720    aclk_IBUF
    BUFGCTRL_X0Y2        BUFG (Prop_bufg_I_O)         0.081     2.801 r  aclk_IBUF_BUFG_inst_replica_1/O
                         net (fo=8, routed)           0.118     2.919    aclk_IBUF_BUFG_repN_1
    BUFGCTRL_X0Y1        BUFG (Prop_bufg_I_O)         0.081     3.000 r  aclk_IBUF_BUFG_inst_replica/O
                         net (fo=25, routed)          0.118     3.118    aclk_IBUF_BUFG_repN
    BUFGCTRL_X0Y0        BUFG (Prop_bufg_I_O)         0.081     3.199 r  aclk_IBUF_BUFG_inst/O
                         net (fo=20473, routed)       1.538     4.737    u_wb/defaultClockArea_cpu/aclk_IBUF_BUFG
    SLICE_X93Y70         FDCE                                         r  u_wb/defaultClockArea_cpu/ExceptionHandlerPlugin_ECFG_LIE_0_reg[5]/C
  -------------------------------------------------------------------    -------------------
    SLICE_X93Y70         FDCE (Prop_fdce_C_Q)         0.379     5.116 r  u_wb/defaultClockArea_cpu/ExceptionHandlerPlugin_ECFG_LIE_0_reg[5]/Q
                         net (fo=2, routed)           0.546     5.661    u_wb/defaultClockArea_cpu/GlobalPredictorBTBPlugin_predictor/tournamentPht/rams_1/ExceptionHandlerPlugin_ESTAT_ECODE[4]_i_9_2[5]
    SLICE_X91Y70         LUT4 (Prop_lut4_I2_O)        0.105     5.766 r  u_wb/defaultClockArea_cpu/GlobalPredictorBTBPlugin_predictor/tournamentPht/rams_1/ExceptionHandlerPlugin_ESTAT_ECODE[4]_i_25/O
                         net (fo=1, routed)           0.800     6.567    u_wb/defaultClockArea_cpu/GlobalPredictorBTBPlugin_predictor/tournamentPht/rams_1/ExceptionHandlerPlugin_ESTAT_ECODE[4]_i_25_n_0
    SLICE_X88Y72         LUT6 (Prop_lut6_I3_O)        0.105     6.672 r  u_wb/defaultClockArea_cpu/GlobalPredictorBTBPlugin_predictor/tournamentPht/rams_1/ExceptionHandlerPlugin_ESTAT_ECODE[4]_i_9/O
                         net (fo=12, routed)          0.781     7.453    u_wb/defaultClockArea_cpu/GlobalPredictorBTBPlugin_predictor/tournamentPht/rams_1/ExceptionHandlerPlugin_ECFG_LIE_0_reg[1]
    SLICE_X84Y79         LUT2 (Prop_lut2_I0_O)        0.105     7.558 r  u_wb/defaultClockArea_cpu/GlobalPredictorBTBPlugin_predictor/tournamentPht/rams_1/ExceptionHandlerPlugin_ESTAT_ECODE[4]_i_5/O
                         net (fo=4, routed)           0.791     8.349    u_wb/defaultClockArea_cpu/GlobalPredictorBTBPlugin_predictor/pht/rams_0/WaitHandlerPlugin_inLowPowerMode_reg_3
    SLICE_X87Y81         LUT6 (Prop_lut6_I4_O)        0.105     8.454 f  u_wb/defaultClockArea_cpu/GlobalPredictorBTBPlugin_predictor/pht/rams_0/WaitHandlerPlugin_inLowPowerMode_i_3/O
                         net (fo=87, routed)          0.800     9.253    u_wb/defaultClockArea_cpu/GlobalPredictorBTBPlugin_predictor/pht/rams_0/WeBattleCommitPlugin_uncachedExecuting_reg
    SLICE_X87Y68         LUT2 (Prop_lut2_I0_O)        0.105     9.358 f  u_wb/defaultClockArea_cpu/GlobalPredictorBTBPlugin_predictor/pht/rams_0/ProgramCounterPlugin_backendJumpInterface_rData[9]_i_3/O
                         net (fo=37, routed)          0.978    10.337    u_wb/defaultClockArea_cpu/GlobalPredictorBTBPlugin_predictor/pht/rams_0/_zz_ROBFIFOPlugin_popPtr_reg[4]_rep__0
    SLICE_X73Y63         LUT5 (Prop_lut5_I3_O)        0.105    10.442 r  u_wb/defaultClockArea_cpu/GlobalPredictorBTBPlugin_predictor/pht/rams_0/mem_i_79__1/O
                         net (fo=47, routed)          0.885    11.327    u_wb/defaultClockArea_cpu/weBattleCheckpointRAS_1/readLogic_regAddr_reg[0]_rep__0
    SLICE_X65Y59         LUT5 (Prop_lut5_I1_O)        0.105    11.432 r  u_wb/defaultClockArea_cpu/weBattleCheckpointRAS_1/mem_i_25__8/O
                         net (fo=47, routed)          0.920    12.352    u_wb/defaultClockArea_cpu/weBattleCheckpointRAS_1/GlobalPredictorBTBPlugin_index[2]
    SLICE_X64Y63         LUT2 (Prop_lut2_I0_O)        0.105    12.457 r  u_wb/defaultClockArea_cpu/weBattleCheckpointRAS_1/mem_i_32__12/O
                         net (fo=1, routed)           0.000    12.457    u_wb/defaultClockArea_cpu/weBattleCheckpointRAS_1/mem_i_32__12_n_0
    SLICE_X64Y63         CARRY4 (Prop_carry4_S[0]_CO[3])
                                                      0.423    12.880 r  u_wb/defaultClockArea_cpu/weBattleCheckpointRAS_1/mem_i_9__2/CO[3]
                         net (fo=1, routed)           0.000    12.880    u_wb/defaultClockArea_cpu/weBattleCheckpointRAS_1/mem_i_9__2_n_0
    SLICE_X64Y64         CARRY4 (Prop_carry4_CI_CO[3])
                                                      0.100    12.980 r  u_wb/defaultClockArea_cpu/weBattleCheckpointRAS_1/mem_i_8__2/CO[3]
                         net (fo=1, routed)           0.000    12.980    u_wb/defaultClockArea_cpu/weBattleFetchQueue_1/gen_wr_a.gen_word_narrow.mem_reg_13[0]
    SLICE_X64Y65         CARRY4 (Prop_carry4_CI_O[2])
                                                      0.199    13.179 r  u_wb/defaultClockArea_cpu/weBattleFetchQueue_1/mem_i_7__4/O[2]
                         net (fo=1, routed)           0.631    13.810    u_wb/defaultClockArea_cpu/GlobalPredictorBTBPlugin_predictor/pht/rams_2/mem/xpm_memory_base_inst/addrb[10]
    RAMB18_X3Y27         RAMB18E1                                     r  u_wb/defaultClockArea_cpu/GlobalPredictorBTBPlugin_predictor/pht/rams_2/mem/xpm_memory_base_inst/gen_wr_a.gen_word_narrow.mem_reg/ADDRBWRADDR[13]
  -------------------------------------------------------------------    -------------------

                         (clock aclk rise edge)      10.000    10.000 r  
    L22                                               0.000    10.000 r  aclk (IN)
                         net (fo=0)                   0.000    10.000    aclk
    L22                  IBUF (Prop_ibuf_I_O)         0.762    10.762 r  aclk_IBUF_inst/O
                         net (fo=1, routed)           1.734    12.496    aclk_IBUF
    BUFGCTRL_X0Y2        BUFG (Prop_bufg_I_O)         0.077    12.573 r  aclk_IBUF_BUFG_inst_replica_1/O
                         net (fo=8, routed)           0.112    12.685    aclk_IBUF_BUFG_repN_1
    BUFGCTRL_X0Y1        BUFG (Prop_bufg_I_O)         0.077    12.762 r  aclk_IBUF_BUFG_inst_replica/O
                         net (fo=25, routed)          0.112    12.874    aclk_IBUF_BUFG_repN
    BUFGCTRL_X0Y0        BUFG (Prop_bufg_I_O)         0.077    12.951 r  aclk_IBUF_BUFG_inst/O
                         net (fo=20473, routed)       1.466    14.417    u_wb/defaultClockArea_cpu/GlobalPredictorBTBPlugin_predictor/pht/rams_2/mem/xpm_memory_base_inst/clka
    RAMB18_X3Y27         RAMB18E1                                     r  u_wb/defaultClockArea_cpu/GlobalPredictorBTBPlugin_predictor/pht/rams_2/mem/xpm_memory_base_inst/gen_wr_a.gen_word_narrow.mem_reg/CLKBWRCLK
                         clock pessimism              0.261    14.677    
                         clock uncertainty           -0.035    14.642    
    RAMB18_X3Y27         RAMB18E1 (Setup_ramb18e1_CLKBWRCLK_ADDRBWRADDR[13])
                                                     -0.629    14.013    u_wb/defaultClockArea_cpu/GlobalPredictorBTBPlugin_predictor/pht/rams_2/mem/xpm_memory_base_inst/gen_wr_a.gen_word_narrow.mem_reg
  -------------------------------------------------------------------
                         required time                         14.013    
                         arrival time                         -13.810    
  -------------------------------------------------------------------
                         slack                                  0.203    

Slack (MET) :             0.205ns  (required time - arrival time)
  Source:                 u_wb/defaultClockArea_cpu/_zz_ROBFIFOPlugin_popPtr_reg[1]_rep/C
                            (rising edge-triggered cell FDCE clocked by aclk  {rise@0.000ns fall@5.000ns period=10.000ns})
  Destination:            u_wb/defaultClockArea_cpu/MMUPlugin_TLBTable_10_E_reg/D
                            (rising edge-triggered cell FDCE clocked by aclk  {rise@0.000ns fall@5.000ns period=10.000ns})
  Path Group:             aclk
  Path Type:              Setup (Max at Slow Process Corner)
  Requirement:            10.000ns  (aclk rise@10.000ns - aclk rise@0.000ns)
  Data Path Delay:        9.795ns  (logic 2.490ns (25.422%)  route 7.305ns (74.578%))
  Logic Levels:           11  (CARRY4=1 LUT2=2 LUT5=1 LUT6=6 MUXF7=1)
  Clock Path Skew:        -0.037ns (DCD - SCD + CPR)
    Destination Clock Delay (DCD):    4.394ns = ( 14.394 - 10.000 ) 
    Source Clock Delay      (SCD):    4.752ns
    Clock Pessimism Removal (CPR):    0.321ns
  Clock Uncertainty:      0.035ns  ((TSJ^2 + TIJ^2)^1/2 + DJ) / 2 + PE
    Total System Jitter     (TSJ):    0.071ns
    Total Input Jitter      (TIJ):    0.000ns
    Discrete Jitter          (DJ):    0.000ns
    Phase Error              (PE):    0.000ns

    Location             Delay type                Incr(ns)  Path(ns)    Netlist Resource(s)
  -------------------------------------------------------------------    -------------------
                         (clock aclk rise edge)       0.000     0.000 r  
    L22                                               0.000     0.000 r  aclk (IN)
                         net (fo=0)                   0.000     0.000    aclk
    L22                  IBUF (Prop_ibuf_I_O)         0.893     0.893 r  aclk_IBUF_inst/O
                         net (fo=1, routed)           1.827     2.720    aclk_IBUF
    BUFGCTRL_X0Y2        BUFG (Prop_bufg_I_O)         0.081     2.801 r  aclk_IBUF_BUFG_inst_replica_1/O
                         net (fo=8, routed)           0.118     2.919    aclk_IBUF_BUFG_repN_1
    BUFGCTRL_X0Y1        BUFG (Prop_bufg_I_O)         0.081     3.000 r  aclk_IBUF_BUFG_inst_replica/O
                         net (fo=25, routed)          0.118     3.118    aclk_IBUF_BUFG_repN
    BUFGCTRL_X0Y0        BUFG (Prop_bufg_I_O)         0.081     3.199 r  aclk_IBUF_BUFG_inst/O
                         net (fo=20473, routed)       1.553     4.752    u_wb/defaultClockArea_cpu/aclk_IBUF_BUFG
    SLICE_X98Y90         FDCE                                         r  u_wb/defaultClockArea_cpu/_zz_ROBFIFOPlugin_popPtr_reg[1]_rep/C
  -------------------------------------------------------------------    -------------------
    SLICE_X98Y90         FDCE (Prop_fdce_C_Q)         0.433     5.185 r  u_wb/defaultClockArea_cpu/_zz_ROBFIFOPlugin_popPtr_reg[1]_rep/Q
                         net (fo=126, routed)         1.579     6.764    u_wb/defaultClockArea_cpu/GlobalPredictorBTBPlugin_btb/rams_1/mem_i_278_0
    SLICE_X114Y86        LUT6 (Prop_lut6_I2_O)        0.105     6.869 r  u_wb/defaultClockArea_cpu/GlobalPredictorBTBPlugin_btb/rams_1/mem_i_394/O
                         net (fo=1, routed)           0.000     6.869    u_wb/defaultClockArea_cpu/GlobalPredictorBTBPlugin_btb/rams_1/mem_i_394_n_0
    SLICE_X114Y86        MUXF7 (Prop_muxf7_I1_O)      0.182     7.051 r  u_wb/defaultClockArea_cpu/GlobalPredictorBTBPlugin_btb/rams_1/mem_i_235/O
                         net (fo=1, routed)           0.911     7.962    u_wb/defaultClockArea_cpu/GlobalPredictorBTBPlugin_btb/rams_1/mem_i_235_n_0
    SLICE_X111Y97        LUT6 (Prop_lut6_I3_O)        0.252     8.214 r  u_wb/defaultClockArea_cpu/GlobalPredictorBTBPlugin_btb/rams_1/mem_i_131/O
                         net (fo=1, routed)           0.928     9.142    u_wb/defaultClockArea_cpu/GlobalPredictorBTBPlugin_btb/rams_1/mem_i_131_n_0
    SLICE_X106Y83        LUT6 (Prop_lut6_I1_O)        0.105     9.247 r  u_wb/defaultClockArea_cpu/GlobalPredictorBTBPlugin_btb/rams_1/mem_i_79/O
                         net (fo=10, routed)          0.790    10.037    u_wb/defaultClockArea_cpu/GlobalPredictorBTBPlugin_btb_n_72
    SLICE_X104Y73        LUT2 (Prop_lut2_I0_O)        0.105    10.142 r  u_wb/defaultClockArea_cpu/InterruptHandlerPlugin_TID_TID[26]_i_1/O
                         net (fo=16, routed)          0.877    11.018    u_wb/defaultClockArea_cpu/InterruptHandlerPlugin_TID_TID[26]_i_1_n_0
    SLICE_X109Y75        LUT2 (Prop_lut2_I1_O)        0.264    11.282 r  u_wb/defaultClockArea_cpu/MMUPlugin_TLBTable_12_E_i_24/O
                         net (fo=32, routed)          0.770    12.052    u_wb/defaultClockArea_cpu/MMUPlugin_TLBTable_12_E_i_24_n_0
    SLICE_X112Y70        LUT6 (Prop_lut6_I1_O)        0.105    12.157 r  u_wb/defaultClockArea_cpu/MMUPlugin_TLBTable_10_E_i_16/O
                         net (fo=1, routed)           0.000    12.157    u_wb/defaultClockArea_cpu/MMUPlugin_TLBTable_10_E_i_16_n_0
    SLICE_X112Y70        CARRY4 (Prop_carry4_S[1]_CO[2])
                                                      0.477    12.634 r  u_wb/defaultClockArea_cpu/MMUPlugin_TLBTable_10_E_reg_i_8/CO[2]
                         net (fo=1, routed)           0.652    13.286    u_wb/defaultClockArea_cpu/MMUPlugin_TLBTable_10_E_reg_i_8_n_1
    SLICE_X116Y77        LUT5 (Prop_lut5_I0_O)        0.252    13.538 f  u_wb/defaultClockArea_cpu/MMUPlugin_TLBTable_10_E_i_6/O
                         net (fo=1, routed)           0.437    13.976    u_wb/defaultClockArea_cpu/MMUPlugin_TLBTable_10_E_i_6_n_0
    SLICE_X116Y79        LUT6 (Prop_lut6_I1_O)        0.105    14.081 r  u_wb/defaultClockArea_cpu/MMUPlugin_TLBTable_10_E_i_3/O
                         net (fo=1, routed)           0.361    14.441    u_wb/defaultClockArea_cpu/MMUPlugin_TLBTable_10_E_i_3_n_0
    SLICE_X116Y79        LUT6 (Prop_lut6_I1_O)        0.105    14.546 r  u_wb/defaultClockArea_cpu/MMUPlugin_TLBTable_10_E_i_1/O
                         net (fo=1, routed)           0.000    14.546    u_wb/defaultClockArea_cpu/MMUPlugin_TLBTable_10_E_i_1_n_0
    SLICE_X116Y79        FDCE                                         r  u_wb/defaultClockArea_cpu/MMUPlugin_TLBTable_10_E_reg/D
  -------------------------------------------------------------------    -------------------

                         (clock aclk rise edge)      10.000    10.000 r  
    L22                                               0.000    10.000 r  aclk (IN)
                         net (fo=0)                   0.000    10.000    aclk
    L22                  IBUF (Prop_ibuf_I_O)         0.762    10.762 r  aclk_IBUF_inst/O
                         net (fo=1, routed)           1.734    12.496    aclk_IBUF
    BUFGCTRL_X0Y2        BUFG (Prop_bufg_I_O)         0.077    12.573 r  aclk_IBUF_BUFG_inst_replica_1/O
                         net (fo=8, routed)           0.112    12.685    aclk_IBUF_BUFG_repN_1
    BUFGCTRL_X0Y1        BUFG (Prop_bufg_I_O)         0.077    12.762 r  aclk_IBUF_BUFG_inst_replica/O
                         net (fo=25, routed)          0.112    12.874    aclk_IBUF_BUFG_repN
    BUFGCTRL_X0Y0        BUFG (Prop_bufg_I_O)         0.077    12.951 r  aclk_IBUF_BUFG_inst/O
                         net (fo=20473, routed)       1.443    14.394    u_wb/defaultClockArea_cpu/aclk_IBUF_BUFG
    SLICE_X116Y79        FDCE                                         r  u_wb/defaultClockArea_cpu/MMUPlugin_TLBTable_10_E_reg/C
                         clock pessimism              0.321    14.715    
                         clock uncertainty           -0.035    14.679    
    SLICE_X116Y79        FDCE (Setup_fdce_C_D)        0.072    14.751    u_wb/defaultClockArea_cpu/MMUPlugin_TLBTable_10_E_reg
  -------------------------------------------------------------------
                         required time                         14.751    
                         arrival time                         -14.546    
  -------------------------------------------------------------------
                         slack                                  0.205    

Slack (MET) :             0.207ns  (required time - arrival time)
  Source:                 u_wb/defaultClockArea_cpu/IntIssueQueuePlugin_queue_5_valid_reg/C
                            (rising edge-triggered cell FDCE clocked by aclk  {rise@0.000ns fall@5.000ns period=10.000ns})
  Destination:            u_wb/defaultClockArea_cpu/_zz_ROBFIFOPlugin_fifoIO_pop_0_payload_state_intResult_17_reg[19]/CE
                            (rising edge-triggered cell FDRE clocked by aclk  {rise@0.000ns fall@5.000ns period=10.000ns})
  Path Group:             aclk
  Path Type:              Setup (Max at Slow Process Corner)
  Requirement:            10.000ns  (aclk rise@10.000ns - aclk rise@0.000ns)
  Data Path Delay:        9.524ns  (logic 1.718ns (18.038%)  route 7.806ns (81.962%))
  Logic Levels:           10  (LUT2=2 LUT4=1 LUT5=2 LUT6=5)
  Clock Path Skew:        -0.065ns (DCD - SCD + CPR)
    Destination Clock Delay (DCD):    4.266ns = ( 14.266 - 10.000 ) 
    Source Clock Delay      (SCD):    4.584ns
    Clock Pessimism Removal (CPR):    0.254ns
  Clock Uncertainty:      0.035ns  ((TSJ^2 + TIJ^2)^1/2 + DJ) / 2 + PE
    Total System Jitter     (TSJ):    0.071ns
    Total Input Jitter      (TIJ):    0.000ns
    Discrete Jitter          (DJ):    0.000ns
    Phase Error              (PE):    0.000ns

    Location             Delay type                Incr(ns)  Path(ns)    Netlist Resource(s)
  -------------------------------------------------------------------    -------------------
                         (clock aclk rise edge)       0.000     0.000 r  
    L22                                               0.000     0.000 r  aclk (IN)
                         net (fo=0)                   0.000     0.000    aclk
    L22                  IBUF (Prop_ibuf_I_O)         0.893     0.893 r  aclk_IBUF_inst/O
                         net (fo=1, routed)           1.827     2.720    aclk_IBUF
    BUFGCTRL_X0Y2        BUFG (Prop_bufg_I_O)         0.081     2.801 r  aclk_IBUF_BUFG_inst_replica_1/O
                         net (fo=8, routed)           0.118     2.919    aclk_IBUF_BUFG_repN_1
    BUFGCTRL_X0Y1        BUFG (Prop_bufg_I_O)         0.081     3.000 r  aclk_IBUF_BUFG_inst_replica/O
                         net (fo=25, routed)          0.118     3.118    aclk_IBUF_BUFG_repN
    BUFGCTRL_X0Y0        BUFG (Prop_bufg_I_O)         0.081     3.199 r  aclk_IBUF_BUFG_inst/O
                         net (fo=20473, routed)       1.386     4.584    u_wb/defaultClockArea_cpu/aclk_IBUF_BUFG
    SLICE_X67Y122        FDCE                                         r  u_wb/defaultClockArea_cpu/IntIssueQueuePlugin_queue_5_valid_reg/C
  -------------------------------------------------------------------    -------------------
    SLICE_X67Y122        FDCE (Prop_fdce_C_Q)         0.348     4.932 f  u_wb/defaultClockArea_cpu/IntIssueQueuePlugin_queue_5_valid_reg/Q
                         net (fo=21, routed)          0.767     5.700    u_wb/defaultClockArea_cpu/weBattleFetchQueue_1/RENAME_to_DISPATCH_DECODE_PACKET_2_payload_predInfo_predictAddr_reg[2]_0
    SLICE_X67Y120        LUT6 (Prop_lut6_I1_O)        0.240     5.940 r  u_wb/defaultClockArea_cpu/weBattleFetchQueue_1/RENAME_to_DISPATCH_DECODE_PACKET_1_payload_inst[25]_i_6/O
                         net (fo=5, routed)           0.807     6.746    u_wb/defaultClockArea_cpu/weBattleFetchQueue_1/IntIssueQueuePlugin_queue_3_valid_reg_2
    SLICE_X68Y120        LUT6 (Prop_lut6_I0_O)        0.105     6.851 r  u_wb/defaultClockArea_cpu/weBattleFetchQueue_1/RENAME_to_DISPATCH_DECODE_PACKET_1_payload_inst[25]_i_2/O
                         net (fo=7, routed)           0.509     7.360    u_wb/defaultClockArea_cpu/weBattleFetchQueue_1/IntIssueQueuePlugin_queue_3_valid_reg_0
    SLICE_X67Y119        LUT5 (Prop_lut5_I4_O)        0.105     7.465 f  u_wb/defaultClockArea_cpu/weBattleFetchQueue_1/RENAME_to_DISPATCH_DECODE_PACKET_1_payload_inst[25]_i_5/O
                         net (fo=7, routed)           0.273     7.739    u_wb/defaultClockArea_cpu/weBattleFetchQueue_1/RENAME_to_DISPATCH_PUSH_INDEXES_1_valid_reg
    SLICE_X68Y119        LUT6 (Prop_lut6_I4_O)        0.105     7.844 r  u_wb/defaultClockArea_cpu/weBattleFetchQueue_1/RENAME_to_DISPATCH_DECODE_PACKET_1_payload_inst[25]_i_1/O
                         net (fo=471, routed)         1.161     9.005    u_wb/defaultClockArea_cpu/weBattleFetchQueue_1/when_Pipeline_l158_20
    SLICE_X72Y99         LUT4 (Prop_lut4_I0_O)        0.105     9.110 r  u_wb/defaultClockArea_cpu/weBattleFetchQueue_1/ID_to_RENAME_DECODE_PACKET_2_payload_isWait_i_1/O
                         net (fo=510, routed)         0.236     9.346    u_wb/defaultClockArea_cpu/when_Pipeline_l198_1
    SLICE_X73Y99         LUT2 (Prop_lut2_I1_O)        0.105     9.451 r  u_wb/defaultClockArea_cpu/_zz_ROBFIFOPlugin_fifoIO_pop_0_payload_info_uop_inst[31]_i_3/O
                         net (fo=116, routed)         0.705    10.157    u_wb/defaultClockArea_cpu/_zz_ROBFIFOPlugin_fifoIO_pop_0_payload_info_uop_inst[31]_i_3_n_0
    SLICE_X74Y93         LUT2 (Prop_lut2_I0_O)        0.127    10.284 r  u_wb/defaultClockArea_cpu/_zz_ROBFIFOPlugin_fifoIO_pop_0_payload_info_uop_inst_3[2]_i_2/O
                         net (fo=116, routed)         0.652    10.936    u_wb/defaultClockArea_cpu/_zz_ROBFIFOPlugin_fifoIO_pop_0_payload_info_uop_inst_3[2]_i_2_n_0
    SLICE_X80Y93         LUT6 (Prop_lut6_I5_O)        0.268    11.204 r  u_wb/defaultClockArea_cpu/_zz_ROBFIFOPlugin_fifoIO_pop_0_payload_info_uop_inst_17[31]_i_4/O
                         net (fo=22, routed)          0.549    11.753    u_wb/defaultClockArea_cpu/_zz_ROBFIFOPlugin_fifoIO_pop_0_payload_info_uop_inst_17[31]_i_4_n_0
    SLICE_X77Y93         LUT5 (Prop_lut5_I3_O)        0.105    11.858 r  u_wb/defaultClockArea_cpu/_zz_ROBFIFOPlugin_fifoIO_pop_0_payload_info_uop_inst_17[31]_i_1/O
                         net (fo=121, routed)         1.103    12.961    u_wb/defaultClockArea_cpu/_zz_ROBFIFOPlugin_fifoIO_pop_0_payload_state_myPC_17[0]
    SLICE_X99Y98         LUT6 (Prop_lut6_I3_O)        0.105    13.066 r  u_wb/defaultClockArea_cpu/_zz_ROBFIFOPlugin_fifoIO_pop_0_payload_state_intResult_17[31]_i_2/O
                         net (fo=37, routed)          1.043    14.109    u_wb/defaultClockArea_cpu/_zz_ROBFIFOPlugin_fifoIO_pop_0_payload_state_intResult_17[31]_i_2_n_0
    SLICE_X114Y107       FDRE                                         r  u_wb/defaultClockArea_cpu/_zz_ROBFIFOPlugin_fifoIO_pop_0_payload_state_intResult_17_reg[19]/CE
  -------------------------------------------------------------------    -------------------

                         (clock aclk rise edge)      10.000    10.000 r  
    L22                                               0.000    10.000 r  aclk (IN)
                         net (fo=0)                   0.000    10.000    aclk
    L22                  IBUF (Prop_ibuf_I_O)         0.762    10.762 r  aclk_IBUF_inst/O
                         net (fo=1, routed)           1.734    12.496    aclk_IBUF
    BUFGCTRL_X0Y2        BUFG (Prop_bufg_I_O)         0.077    12.573 r  aclk_IBUF_BUFG_inst_replica_1/O
                         net (fo=8, routed)           0.112    12.685    aclk_IBUF_BUFG_repN_1
    BUFGCTRL_X0Y1        BUFG (Prop_bufg_I_O)         0.077    12.762 r  aclk_IBUF_BUFG_inst_replica/O
                         net (fo=25, routed)          0.112    12.874    aclk_IBUF_BUFG_repN
    BUFGCTRL_X0Y0        BUFG (Prop_bufg_I_O)         0.077    12.951 r  aclk_IBUF_BUFG_inst/O
                         net (fo=20473, routed)       1.315    14.266    u_wb/defaultClockArea_cpu/aclk_IBUF_BUFG
    SLICE_X114Y107       FDRE                                         r  u_wb/defaultClockArea_cpu/_zz_ROBFIFOPlugin_fifoIO_pop_0_payload_state_intResult_17_reg[19]/C
                         clock pessimism              0.254    14.519    
                         clock uncertainty           -0.035    14.484    
    SLICE_X114Y107       FDRE (Setup_fdre_C_CE)      -0.168    14.316    u_wb/defaultClockArea_cpu/_zz_ROBFIFOPlugin_fifoIO_pop_0_payload_state_intResult_17_reg[19]
  -------------------------------------------------------------------
                         required time                         14.316    
                         arrival time                         -14.109    
  -------------------------------------------------------------------
                         slack                                  0.207    

Slack (MET) :             0.208ns  (required time - arrival time)
  Source:                 u_wb/defaultClockArea_cpu/INT1_WB_arbitration_isValid_reg/C
                            (rising edge-triggered cell FDCE clocked by aclk  {rise@0.000ns fall@5.000ns period=10.000ns})
  Destination:            u_wb/defaultClockArea_cpu/INT1_EXE_to_INT1_WB_EXE_RESULT_reg[0]/D
                            (rising edge-triggered cell FDRE clocked by aclk  {rise@0.000ns fall@5.000ns period=10.000ns})
  Path Group:             aclk
  Path Type:              Setup (Max at Slow Process Corner)
  Requirement:            10.000ns  (aclk rise@10.000ns - aclk rise@0.000ns)
  Data Path Delay:        9.593ns  (logic 2.216ns (23.099%)  route 7.377ns (76.901%))
  Logic Levels:           14  (CARRY4=2 LUT2=2 LUT3=3 LUT4=1 LUT5=2 LUT6=4)
  Clock Path Skew:        -0.235ns (DCD - SCD + CPR)
    Destination Clock Delay (DCD):    4.257ns = ( 14.257 - 10.000 ) 
    Source Clock Delay      (SCD):    4.746ns
    Clock Pessimism Removal (CPR):    0.254ns
  Clock Uncertainty:      0.035ns  ((TSJ^2 + TIJ^2)^1/2 + DJ) / 2 + PE
    Total System Jitter     (TSJ):    0.071ns
    Total Input Jitter      (TIJ):    0.000ns
    Discrete Jitter          (DJ):    0.000ns
    Phase Error              (PE):    0.000ns

    Location             Delay type                Incr(ns)  Path(ns)    Netlist Resource(s)
  -------------------------------------------------------------------    -------------------
                         (clock aclk rise edge)       0.000     0.000 r  
    L22                                               0.000     0.000 r  aclk (IN)
                         net (fo=0)                   0.000     0.000    aclk
    L22                  IBUF (Prop_ibuf_I_O)         0.893     0.893 r  aclk_IBUF_inst/O
                         net (fo=1, routed)           1.827     2.720    aclk_IBUF
    BUFGCTRL_X0Y2        BUFG (Prop_bufg_I_O)         0.081     2.801 r  aclk_IBUF_BUFG_inst_replica_1/O
                         net (fo=8, routed)           0.118     2.919    aclk_IBUF_BUFG_repN_1
    BUFGCTRL_X0Y1        BUFG (Prop_bufg_I_O)         0.081     3.000 r  aclk_IBUF_BUFG_inst_replica/O
                         net (fo=25, routed)          0.118     3.118    aclk_IBUF_BUFG_repN
    BUFGCTRL_X0Y0        BUFG (Prop_bufg_I_O)         0.081     3.199 r  aclk_IBUF_BUFG_inst/O
                         net (fo=20473, routed)       1.547     4.746    u_wb/defaultClockArea_cpu/aclk_IBUF_BUFG
    SLICE_X92Y88         FDCE                                         r  u_wb/defaultClockArea_cpu/INT1_WB_arbitration_isValid_reg/C
  -------------------------------------------------------------------    -------------------
    SLICE_X92Y88         FDCE (Prop_fdce_C_Q)         0.433     5.179 r  u_wb/defaultClockArea_cpu/INT1_WB_arbitration_isValid_reg/Q
                         net (fo=40, routed)          0.970     6.148    u_wb/defaultClockArea_cpu/INT1_WB_arbitration_isValid
    SLICE_X95Y112        LUT2 (Prop_lut2_I0_O)        0.105     6.253 r  u_wb/defaultClockArea_cpu/INT0_RRD_to_INT0_EXE_REG_READ_RSP_0[31]_i_18/O
                         net (fo=49, routed)          0.656     6.909    u_wb/defaultClockArea_cpu/p_8340_in
    SLICE_X99Y118        LUT3 (Prop_lut3_I0_O)        0.105     7.014 r  u_wb/defaultClockArea_cpu/INT1_EXE_to_INT1_WB_EXE_RESULT[31]_i_52/O
                         net (fo=33, routed)          0.869     7.883    u_wb/defaultClockArea_cpu/_zz_IntExecutePlugin_bypassRsp_1_payload_1_2[0]
    SLICE_X103Y124       LUT5 (Prop_lut5_I3_O)        0.105     7.988 r  u_wb/defaultClockArea_cpu/INT1_EXE_to_INT1_WB_EXE_RESULT[31]_i_29/O
                         net (fo=31, routed)          0.697     8.685    u_wb/defaultClockArea_cpu/when_BypassNetworkPlugin_l36_3
    SLICE_X110Y124       LUT2 (Prop_lut2_I1_O)        0.105     8.790 r  u_wb/defaultClockArea_cpu/INT1_EXE_to_INT1_WB_EXE_RESULT[20]_i_20/O
                         net (fo=8, routed)           0.549     9.340    u_wb/defaultClockArea_cpu/INT1_EXE_to_INT1_WB_EXE_RESULT[20]_i_20_n_0
    SLICE_X112Y128       LUT6 (Prop_lut6_I0_O)        0.105     9.445 r  u_wb/defaultClockArea_cpu/INT1_EXE_to_INT1_WB_EXE_RESULT[17]_i_13/O
                         net (fo=1, routed)           0.371     9.816    u_wb/defaultClockArea_cpu/INT1_EXE_to_INT1_WB_EXE_RESULT[17]_i_13_n_0
    SLICE_X112Y128       LUT6 (Prop_lut6_I2_O)        0.105     9.921 r  u_wb/defaultClockArea_cpu/INT1_EXE_to_INT1_WB_EXE_RESULT[17]_i_8/O
                         net (fo=6, routed)           0.712    10.633    u_wb/defaultClockArea_cpu/INT1_EXE_IntExecutePlugin_aluSrc2[17]
    SLICE_X108Y128       LUT4 (Prop_lut4_I0_O)        0.105    10.738 r  u_wb/defaultClockArea_cpu/INT1_EXE_to_INT1_WB_EXE_RESULT[0]_i_47/O
                         net (fo=1, routed)           0.000    10.738    u_wb/defaultClockArea_cpu/INT1_EXE_to_INT1_WB_EXE_RESULT[0]_i_47_n_0
    SLICE_X108Y128       CARRY4 (Prop_carry4_S[0]_CO[3])
                                                      0.423    11.161 r  u_wb/defaultClockArea_cpu/INT1_EXE_to_INT1_WB_EXE_RESULT_reg[0]_i_21/CO[3]
                         net (fo=1, routed)           0.000    11.161    u_wb/defaultClockArea_cpu/INT1_EXE_to_INT1_WB_EXE_RESULT_reg[0]_i_21_n_0
    SLICE_X108Y129       CARRY4 (Prop_carry4_CI_CO[3])
                                                      0.100    11.261 r  u_wb/defaultClockArea_cpu/INT1_EXE_to_INT1_WB_EXE_RESULT_reg[0]_i_18/CO[3]
                         net (fo=1, routed)           0.711    11.972    u_wb/defaultClockArea_cpu/INT1_EXE_to_INT1_WB_EXE_RESULT_reg[0]_i_18_n_0
    SLICE_X110Y129       LUT3 (Prop_lut3_I0_O)        0.105    12.077 r  u_wb/defaultClockArea_cpu/INT1_EXE_to_INT1_WB_EXE_RESULT[0]_i_11/O
                         net (fo=1, routed)           0.518    12.594    u_wb/defaultClockArea_cpu/INT1_EXE_to_INT1_WB_EXE_RESULT[0]_i_11_n_0
    SLICE_X110Y125       LUT6 (Prop_lut6_I0_O)        0.105    12.699 r  u_wb/defaultClockArea_cpu/INT1_EXE_to_INT1_WB_EXE_RESULT[0]_i_6/O
                         net (fo=1, routed)           0.429    13.128    u_wb/defaultClockArea_cpu/INT1_EXE_to_INT1_WB_EXE_RESULT[0]_i_6_n_0
    SLICE_X109Y121       LUT6 (Prop_lut6_I3_O)        0.105    13.233 r  u_wb/defaultClockArea_cpu/INT1_EXE_to_INT1_WB_EXE_RESULT[0]_i_3/O
                         net (fo=1, routed)           0.535    13.768    u_wb/defaultClockArea_cpu/weBattleIntegerALU_4_io_result[0]
    SLICE_X104Y116       LUT5 (Prop_lut5_I4_O)        0.105    13.873 r  u_wb/defaultClockArea_cpu/INT1_EXE_to_INT1_WB_EXE_RESULT[0]_i_2/O
                         net (fo=1, routed)           0.361    14.234    u_wb/defaultClockArea_cpu/INT1_EXE_to_INT1_WB_EXE_RESULT[0]_i_2_n_0
    SLICE_X104Y116       LUT3 (Prop_lut3_I2_O)        0.105    14.339 r  u_wb/defaultClockArea_cpu/INT1_EXE_to_INT1_WB_EXE_RESULT[0]_i_1/O
                         net (fo=1, routed)           0.000    14.339    u_wb/defaultClockArea_cpu/INT1_EXE_to_INT1_WB_EXE_RESULT[0]_i_1_n_0
    SLICE_X104Y116       FDRE                                         r  u_wb/defaultClockArea_cpu/INT1_EXE_to_INT1_WB_EXE_RESULT_reg[0]/D
  -------------------------------------------------------------------    -------------------

                         (clock aclk rise edge)      10.000    10.000 r  
    L22                                               0.000    10.000 r  aclk (IN)
                         net (fo=0)                   0.000    10.000    aclk
    L22                  IBUF (Prop_ibuf_I_O)         0.762    10.762 r  aclk_IBUF_inst/O
                         net (fo=1, routed)           1.734    12.496    aclk_IBUF
    BUFGCTRL_X0Y2        BUFG (Prop_bufg_I_O)         0.077    12.573 r  aclk_IBUF_BUFG_inst_replica_1/O
                         net (fo=8, routed)           0.112    12.685    aclk_IBUF_BUFG_repN_1
    BUFGCTRL_X0Y1        BUFG (Prop_bufg_I_O)         0.077    12.762 r  aclk_IBUF_BUFG_inst_replica/O
                         net (fo=25, routed)          0.112    12.874    aclk_IBUF_BUFG_repN
    BUFGCTRL_X0Y0        BUFG (Prop_bufg_I_O)         0.077    12.951 r  aclk_IBUF_BUFG_inst/O
                         net (fo=20473, routed)       1.306    14.257    u_wb/defaultClockArea_cpu/aclk_IBUF_BUFG
    SLICE_X104Y116       FDRE                                         r  u_wb/defaultClockArea_cpu/INT1_EXE_to_INT1_WB_EXE_RESULT_reg[0]/C
                         clock pessimism              0.254    14.510    
                         clock uncertainty           -0.035    14.475    
    SLICE_X104Y116       FDRE (Setup_fdre_C_D)        0.072    14.547    u_wb/defaultClockArea_cpu/INT1_EXE_to_INT1_WB_EXE_RESULT_reg[0]
  -------------------------------------------------------------------
                         required time                         14.547    
                         arrival time                         -14.339    
  -------------------------------------------------------------------
                         slack                                  0.208    

Slack (MET) :             0.209ns  (required time - arrival time)
  Source:                 u_wb/defaultClockArea_cpu/ExceptionHandlerPlugin_ECFG_LIE_0_reg[5]/C
                            (rising edge-triggered cell FDCE clocked by aclk  {rise@0.000ns fall@5.000ns period=10.000ns})
  Destination:            u_wb/defaultClockArea_cpu/GlobalPredictorBTBPlugin_predictor/pht/rams_1/mem/xpm_memory_base_inst/gen_wr_a.gen_word_narrow.mem_reg/ADDRBWRADDR[13]
                            (rising edge-triggered cell RAMB18E1 clocked by aclk  {rise@0.000ns fall@5.000ns period=10.000ns})
  Path Group:             aclk
  Path Type:              Setup (Max at Slow Process Corner)
  Requirement:            10.000ns  (aclk rise@10.000ns - aclk rise@0.000ns)
  Data Path Delay:        9.052ns  (logic 1.957ns (21.619%)  route 7.095ns (78.381%))
  Logic Levels:           11  (CARRY4=3 LUT2=3 LUT4=1 LUT5=2 LUT6=2)
  Clock Path Skew:        -0.065ns (DCD - SCD + CPR)
    Destination Clock Delay (DCD):    4.411ns = ( 14.411 - 10.000 ) 
    Source Clock Delay      (SCD):    4.737ns
    Clock Pessimism Removal (CPR):    0.261ns
  Clock Uncertainty:      0.035ns  ((TSJ^2 + TIJ^2)^1/2 + DJ) / 2 + PE
    Total System Jitter     (TSJ):    0.071ns
    Total Input Jitter      (TIJ):    0.000ns
    Discrete Jitter          (DJ):    0.000ns
    Phase Error              (PE):    0.000ns

    Location             Delay type                Incr(ns)  Path(ns)    Netlist Resource(s)
  -------------------------------------------------------------------    -------------------
                         (clock aclk rise edge)       0.000     0.000 r  
    L22                                               0.000     0.000 r  aclk (IN)
                         net (fo=0)                   0.000     0.000    aclk
    L22                  IBUF (Prop_ibuf_I_O)         0.893     0.893 r  aclk_IBUF_inst/O
                         net (fo=1, routed)           1.827     2.720    aclk_IBUF
    BUFGCTRL_X0Y2        BUFG (Prop_bufg_I_O)         0.081     2.801 r  aclk_IBUF_BUFG_inst_replica_1/O
                         net (fo=8, routed)           0.118     2.919    aclk_IBUF_BUFG_repN_1
    BUFGCTRL_X0Y1        BUFG (Prop_bufg_I_O)         0.081     3.000 r  aclk_IBUF_BUFG_inst_replica/O
                         net (fo=25, routed)          0.118     3.118    aclk_IBUF_BUFG_repN
    BUFGCTRL_X0Y0        BUFG (Prop_bufg_I_O)         0.081     3.199 r  aclk_IBUF_BUFG_inst/O
                         net (fo=20473, routed)       1.538     4.737    u_wb/defaultClockArea_cpu/aclk_IBUF_BUFG
    SLICE_X93Y70         FDCE                                         r  u_wb/defaultClockArea_cpu/ExceptionHandlerPlugin_ECFG_LIE_0_reg[5]/C
  -------------------------------------------------------------------    -------------------
    SLICE_X93Y70         FDCE (Prop_fdce_C_Q)         0.379     5.116 r  u_wb/defaultClockArea_cpu/ExceptionHandlerPlugin_ECFG_LIE_0_reg[5]/Q
                         net (fo=2, routed)           0.546     5.661    u_wb/defaultClockArea_cpu/GlobalPredictorBTBPlugin_predictor/tournamentPht/rams_1/ExceptionHandlerPlugin_ESTAT_ECODE[4]_i_9_2[5]
    SLICE_X91Y70         LUT4 (Prop_lut4_I2_O)        0.105     5.766 r  u_wb/defaultClockArea_cpu/GlobalPredictorBTBPlugin_predictor/tournamentPht/rams_1/ExceptionHandlerPlugin_ESTAT_ECODE[4]_i_25/O
                         net (fo=1, routed)           0.800     6.567    u_wb/defaultClockArea_cpu/GlobalPredictorBTBPlugin_predictor/tournamentPht/rams_1/ExceptionHandlerPlugin_ESTAT_ECODE[4]_i_25_n_0
    SLICE_X88Y72         LUT6 (Prop_lut6_I3_O)        0.105     6.672 r  u_wb/defaultClockArea_cpu/GlobalPredictorBTBPlugin_predictor/tournamentPht/rams_1/ExceptionHandlerPlugin_ESTAT_ECODE[4]_i_9/O
                         net (fo=12, routed)          0.781     7.453    u_wb/defaultClockArea_cpu/GlobalPredictorBTBPlugin_predictor/tournamentPht/rams_1/ExceptionHandlerPlugin_ECFG_LIE_0_reg[1]
    SLICE_X84Y79         LUT2 (Prop_lut2_I0_O)        0.105     7.558 r  u_wb/defaultClockArea_cpu/GlobalPredictorBTBPlugin_predictor/tournamentPht/rams_1/ExceptionHandlerPlugin_ESTAT_ECODE[4]_i_5/O
                         net (fo=4, routed)           0.791     8.349    u_wb/defaultClockArea_cpu/GlobalPredictorBTBPlugin_predictor/pht/rams_0/WaitHandlerPlugin_inLowPowerMode_reg_3
    SLICE_X87Y81         LUT6 (Prop_lut6_I4_O)        0.105     8.454 f  u_wb/defaultClockArea_cpu/GlobalPredictorBTBPlugin_predictor/pht/rams_0/WaitHandlerPlugin_inLowPowerMode_i_3/O
                         net (fo=87, routed)          0.800     9.253    u_wb/defaultClockArea_cpu/GlobalPredictorBTBPlugin_predictor/pht/rams_0/WeBattleCommitPlugin_uncachedExecuting_reg
    SLICE_X87Y68         LUT2 (Prop_lut2_I0_O)        0.105     9.358 f  u_wb/defaultClockArea_cpu/GlobalPredictorBTBPlugin_predictor/pht/rams_0/ProgramCounterPlugin_backendJumpInterface_rData[9]_i_3/O
                         net (fo=37, routed)          0.978    10.337    u_wb/defaultClockArea_cpu/GlobalPredictorBTBPlugin_predictor/pht/rams_0/_zz_ROBFIFOPlugin_popPtr_reg[4]_rep__0
    SLICE_X73Y63         LUT5 (Prop_lut5_I3_O)        0.105    10.442 r  u_wb/defaultClockArea_cpu/GlobalPredictorBTBPlugin_predictor/pht/rams_0/mem_i_79__1/O
                         net (fo=47, routed)          0.885    11.327    u_wb/defaultClockArea_cpu/weBattleCheckpointRAS_1/readLogic_regAddr_reg[0]_rep__0
    SLICE_X65Y59         LUT5 (Prop_lut5_I1_O)        0.105    11.432 r  u_wb/defaultClockArea_cpu/weBattleCheckpointRAS_1/mem_i_25__8/O
                         net (fo=47, routed)          0.781    12.213    u_wb/defaultClockArea_cpu/weBattleCheckpointRAS_1/GlobalPredictorBTBPlugin_index[2]
    SLICE_X65Y64         LUT2 (Prop_lut2_I0_O)        0.105    12.318 r  u_wb/defaultClockArea_cpu/weBattleCheckpointRAS_1/mem_i_33__11/O
                         net (fo=1, routed)           0.000    12.318    u_wb/defaultClockArea_cpu/weBattleCheckpointRAS_1/mem_i_33__11_n_0
    SLICE_X65Y64         CARRY4 (Prop_carry4_S[0]_CO[3])
                                                      0.440    12.758 r  u_wb/defaultClockArea_cpu/weBattleCheckpointRAS_1/mem_i_9__3/CO[3]
                         net (fo=1, routed)           0.000    12.758    u_wb/defaultClockArea_cpu/weBattleCheckpointRAS_1/mem_i_9__3_n_0
    SLICE_X65Y65         CARRY4 (Prop_carry4_CI_CO[3])
                                                      0.098    12.856 r  u_wb/defaultClockArea_cpu/weBattleCheckpointRAS_1/mem_i_8__3/CO[3]
                         net (fo=1, routed)           0.000    12.856    u_wb/defaultClockArea_cpu/weBattleFetchQueue_1/gen_wr_a.gen_word_narrow.mem_reg_14[0]
    SLICE_X65Y66         CARRY4 (Prop_carry4_CI_O[2])
                                                      0.200    13.056 r  u_wb/defaultClockArea_cpu/weBattleFetchQueue_1/mem_i_7__5/O[2]
                         net (fo=1, routed)           0.733    13.789    u_wb/defaultClockArea_cpu/GlobalPredictorBTBPlugin_predictor/pht/rams_1/mem/xpm_memory_base_inst/addrb[10]
    RAMB18_X3Y28         RAMB18E1                                     r  u_wb/defaultClockArea_cpu/GlobalPredictorBTBPlugin_predictor/pht/rams_1/mem/xpm_memory_base_inst/gen_wr_a.gen_word_narrow.mem_reg/ADDRBWRADDR[13]
  -------------------------------------------------------------------    -------------------

                         (clock aclk rise edge)      10.000    10.000 r  
    L22                                               0.000    10.000 r  aclk (IN)
                         net (fo=0)                   0.000    10.000    aclk
    L22                  IBUF (Prop_ibuf_I_O)         0.762    10.762 r  aclk_IBUF_inst/O
                         net (fo=1, routed)           1.734    12.496    aclk_IBUF
    BUFGCTRL_X0Y2        BUFG (Prop_bufg_I_O)         0.077    12.573 r  aclk_IBUF_BUFG_inst_replica_1/O
                         net (fo=8, routed)           0.112    12.685    aclk_IBUF_BUFG_repN_1
    BUFGCTRL_X0Y1        BUFG (Prop_bufg_I_O)         0.077    12.762 r  aclk_IBUF_BUFG_inst_replica/O
                         net (fo=25, routed)          0.112    12.874    aclk_IBUF_BUFG_repN
    BUFGCTRL_X0Y0        BUFG (Prop_bufg_I_O)         0.077    12.951 r  aclk_IBUF_BUFG_inst/O
                         net (fo=20473, routed)       1.460    14.411    u_wb/defaultClockArea_cpu/GlobalPredictorBTBPlugin_predictor/pht/rams_1/mem/xpm_memory_base_inst/clka
    RAMB18_X3Y28         RAMB18E1                                     r  u_wb/defaultClockArea_cpu/GlobalPredictorBTBPlugin_predictor/pht/rams_1/mem/xpm_memory_base_inst/gen_wr_a.gen_word_narrow.mem_reg/CLKBWRCLK
                         clock pessimism              0.261    14.671    
                         clock uncertainty           -0.035    14.636    
    RAMB18_X3Y28         RAMB18E1 (Setup_ramb18e1_CLKBWRCLK_ADDRBWRADDR[13])
                                                     -0.638    13.998    u_wb/defaultClockArea_cpu/GlobalPredictorBTBPlugin_predictor/pht/rams_1/mem/xpm_memory_base_inst/gen_wr_a.gen_word_narrow.mem_reg
  -------------------------------------------------------------------
                         required time                         13.998    
                         arrival time                         -13.789    
  -------------------------------------------------------------------
                         slack                                  0.209    

Slack (MET) :             0.217ns  (required time - arrival time)
  Source:                 u_wb/defaultClockArea_cpu/IntIssueQueuePlugin_queue_1_valid_reg/C
                            (rising edge-triggered cell FDCE clocked by aclk  {rise@0.000ns fall@5.000ns period=10.000ns})
  Destination:            u_wb/defaultClockArea_cpu/IntIssueQueuePlugin_queue_1_payload_rRegs_0_valid_reg/D
                            (rising edge-triggered cell FDRE clocked by aclk  {rise@0.000ns fall@5.000ns period=10.000ns})
  Path Group:             aclk
  Path Type:              Setup (Max at Slow Process Corner)
  Requirement:            10.000ns  (aclk rise@10.000ns - aclk rise@0.000ns)
  Data Path Delay:        9.789ns  (logic 2.119ns (21.648%)  route 7.670ns (78.352%))
  Logic Levels:           12  (LUT2=1 LUT4=2 LUT5=2 LUT6=7)
  Clock Path Skew:        -0.035ns (DCD - SCD + CPR)
    Destination Clock Delay (DCD):    4.237ns = ( 14.237 - 10.000 ) 
    Source Clock Delay      (SCD):    4.585ns
    Clock Pessimism Removal (CPR):    0.314ns
  Clock Uncertainty:      0.035ns  ((TSJ^2 + TIJ^2)^1/2 + DJ) / 2 + PE
    Total System Jitter     (TSJ):    0.071ns
    Total Input Jitter      (TIJ):    0.000ns
    Discrete Jitter          (DJ):    0.000ns
    Phase Error              (PE):    0.000ns

    Location             Delay type                Incr(ns)  Path(ns)    Netlist Resource(s)
  -------------------------------------------------------------------    -------------------
                         (clock aclk rise edge)       0.000     0.000 r  
    L22                                               0.000     0.000 r  aclk (IN)
                         net (fo=0)                   0.000     0.000    aclk
    L22                  IBUF (Prop_ibuf_I_O)         0.893     0.893 r  aclk_IBUF_inst/O
                         net (fo=1, routed)           1.827     2.720    aclk_IBUF
    BUFGCTRL_X0Y2        BUFG (Prop_bufg_I_O)         0.081     2.801 r  aclk_IBUF_BUFG_inst_replica_1/O
                         net (fo=8, routed)           0.118     2.919    aclk_IBUF_BUFG_repN_1
    BUFGCTRL_X0Y1        BUFG (Prop_bufg_I_O)         0.081     3.000 r  aclk_IBUF_BUFG_inst_replica/O
                         net (fo=25, routed)          0.118     3.118    aclk_IBUF_BUFG_repN
    BUFGCTRL_X0Y0        BUFG (Prop_bufg_I_O)         0.081     3.199 r  aclk_IBUF_BUFG_inst/O
                         net (fo=20473, routed)       1.387     4.585    u_wb/defaultClockArea_cpu/aclk_IBUF_BUFG
    SLICE_X65Y123        FDCE                                         r  u_wb/defaultClockArea_cpu/IntIssueQueuePlugin_queue_1_valid_reg/C
  -------------------------------------------------------------------    -------------------
    SLICE_X65Y123        FDCE (Prop_fdce_C_Q)         0.348     4.933 r  u_wb/defaultClockArea_cpu/IntIssueQueuePlugin_queue_1_valid_reg/Q
                         net (fo=11, routed)          0.940     5.873    u_wb/defaultClockArea_cpu/IntIssueQueuePlugin_queue_1_valid_reg_n_0
    SLICE_X65Y128        LUT6 (Prop_lut6_I0_O)        0.242     6.115 r  u_wb/defaultClockArea_cpu/INT2_ISS_to_INT2_RRD_ISSUE_SLOT_robIdx[4]_i_9/O
                         net (fo=9, routed)           0.658     6.773    u_wb/defaultClockArea_cpu/INT2_ISS_to_INT2_RRD_ISSUE_SLOT_robIdx[4]_i_9_n_0
    SLICE_X67Y131        LUT6 (Prop_lut6_I4_O)        0.105     6.878 f  u_wb/defaultClockArea_cpu/INT2_ISS_to_INT2_RRD_ISSUE_SLOT_uop_useRj_i_5/O
                         net (fo=9, routed)           0.594     7.472    u_wb/defaultClockArea_cpu/INT2_ISS_to_INT2_RRD_ISSUE_SLOT_uop_useRj_i_5_n_0
    SLICE_X64Y133        LUT5 (Prop_lut5_I0_O)        0.105     7.577 f  u_wb/defaultClockArea_cpu/INT1_ISS_to_INT1_RRD_ISSUE_SLOT_robIdx[4]_i_11/O
                         net (fo=4, routed)           0.737     8.314    u_wb/defaultClockArea_cpu/INT1_ISS_to_INT1_RRD_ISSUE_SLOT_robIdx[4]_i_11_n_0
    SLICE_X65Y137        LUT6 (Prop_lut6_I3_O)        0.105     8.419 f  u_wb/defaultClockArea_cpu/INT0_ISS_to_INT0_RRD_ISSUE_SLOT_robIdx[4]_i_12/O
                         net (fo=8, routed)           0.719     9.138    u_wb/defaultClockArea_cpu/INT0_ISS_to_INT0_RRD_ISSUE_SLOT_robIdx[4]_i_12_n_0
    SLICE_X65Y133        LUT4 (Prop_lut4_I3_O)        0.126     9.264 r  u_wb/defaultClockArea_cpu/INT1_ISS_to_INT1_RRD_ISSUE_SLOT_robIdx[4]_i_4/O
                         net (fo=104, routed)         0.795    10.059    u_wb/defaultClockArea_cpu/INT1_ISS_to_INT1_RRD_ISSUE_SLOT_robIdx[4]_i_4_n_0
    SLICE_X74Y140        LUT6 (Prop_lut6_I2_O)        0.267    10.326 r  u_wb/defaultClockArea_cpu/INT1_ISS_to_INT1_RRD_ISSUE_SLOT_uop_doRegWrite_i_3/O
                         net (fo=1, routed)           0.249    10.576    u_wb/defaultClockArea_cpu/INT1_ISS_to_INT1_RRD_ISSUE_SLOT_uop_doRegWrite_i_3_n_0
    SLICE_X73Y140        LUT6 (Prop_lut6_I5_O)        0.105    10.681 r  u_wb/defaultClockArea_cpu/INT1_ISS_to_INT1_RRD_ISSUE_SLOT_uop_doRegWrite_i_2/O
                         net (fo=1, routed)           0.237    10.917    u_wb/defaultClockArea_cpu/INT1_ISS_to_INT1_RRD_ISSUE_SLOT_uop_doRegWrite_i_2_n_0
    SLICE_X70Y140        LUT6 (Prop_lut6_I3_O)        0.105    11.022 r  u_wb/defaultClockArea_cpu/INT1_ISS_to_INT1_RRD_ISSUE_SLOT_uop_doRegWrite_i_1/O
                         net (fo=2, routed)           0.700    11.722    u_wb/defaultClockArea_cpu/_zz_INT1_ISS_IntExecutePlugin_issSlot_uop_doRegWrite
    SLICE_X71Y135        LUT4 (Prop_lut4_I3_O)        0.105    11.827 f  u_wb/defaultClockArea_cpu/IntIssueQueuePlugin_queue_4_payload_rRegs_1_valid_i_13/O
                         net (fo=8, routed)           0.680    12.506    u_wb/defaultClockArea_cpu/IntIssueQueuePlugin_queue_4_payload_rRegs_1_valid_i_13_n_0
    SLICE_X69Y137        LUT2 (Prop_lut2_I1_O)        0.126    12.632 r  u_wb/defaultClockArea_cpu/IntIssueQueuePlugin_queue_1_payload_rRegs_1_valid_i_14/O
                         net (fo=2, routed)           0.525    13.157    u_wb/defaultClockArea_cpu/IntIssueQueuePlugin_queue_1_payload_rRegs_1_valid_i_14_n_0
    SLICE_X69Y136        LUT6 (Prop_lut6_I5_O)        0.275    13.432 r  u_wb/defaultClockArea_cpu/IntIssueQueuePlugin_queue_1_payload_rRegs_0_valid_i_3/O
                         net (fo=1, routed)           0.837    14.269    u_wb/defaultClockArea_cpu/weBattleMulDivUnit_1/divider/IntIssueQueuePlugin_queue_1_payload_rRegs_0_valid_reg
    SLICE_X64Y131        LUT5 (Prop_lut5_I1_O)        0.105    14.374 r  u_wb/defaultClockArea_cpu/weBattleMulDivUnit_1/divider/IntIssueQueuePlugin_queue_1_payload_rRegs_0_valid_i_1/O
                         net (fo=1, routed)           0.000    14.374    u_wb/defaultClockArea_cpu/weBattleMulDivUnit_1_n_146
    SLICE_X64Y131        FDRE                                         r  u_wb/defaultClockArea_cpu/IntIssueQueuePlugin_queue_1_payload_rRegs_0_valid_reg/D
  -------------------------------------------------------------------    -------------------

                         (clock aclk rise edge)      10.000    10.000 r  
    L22                                               0.000    10.000 r  aclk (IN)
                         net (fo=0)                   0.000    10.000    aclk
    L22                  IBUF (Prop_ibuf_I_O)         0.762    10.762 r  aclk_IBUF_inst/O
                         net (fo=1, routed)           1.734    12.496    aclk_IBUF
    BUFGCTRL_X0Y2        BUFG (Prop_bufg_I_O)         0.077    12.573 r  aclk_IBUF_BUFG_inst_replica_1/O
                         net (fo=8, routed)           0.112    12.685    aclk_IBUF_BUFG_repN_1
    BUFGCTRL_X0Y1        BUFG (Prop_bufg_I_O)         0.077    12.762 r  aclk_IBUF_BUFG_inst_replica/O
                         net (fo=25, routed)          0.112    12.874    aclk_IBUF_BUFG_repN
    BUFGCTRL_X0Y0        BUFG (Prop_bufg_I_O)         0.077    12.951 r  aclk_IBUF_BUFG_inst/O
                         net (fo=20473, routed)       1.286    14.237    u_wb/defaultClockArea_cpu/aclk_IBUF_BUFG
    SLICE_X64Y131        FDRE                                         r  u_wb/defaultClockArea_cpu/IntIssueQueuePlugin_queue_1_payload_rRegs_0_valid_reg/C
                         clock pessimism              0.314    14.550    
                         clock uncertainty           -0.035    14.515    
    SLICE_X64Y131        FDRE (Setup_fdre_C_D)        0.076    14.591    u_wb/defaultClockArea_cpu/IntIssueQueuePlugin_queue_1_payload_rRegs_0_valid_reg
  -------------------------------------------------------------------
                         required time                         14.591    
                         arrival time                         -14.374    
  -------------------------------------------------------------------
                         slack                                  0.217    

Slack (MET) :             0.217ns  (required time - arrival time)
  Source:                 u_wb/defaultClockArea_cpu/ExceptionHandlerPlugin_ECFG_LIE_0_reg[5]/C
                            (rising edge-triggered cell FDCE clocked by aclk  {rise@0.000ns fall@5.000ns period=10.000ns})
  Destination:            u_wb/defaultClockArea_cpu/GlobalPredictorBTBPlugin_predictor/pht/rams_0/mem/xpm_memory_base_inst/gen_wr_a.gen_word_narrow.mem_reg/ADDRBWRADDR[13]
                            (rising edge-triggered cell RAMB18E1 clocked by aclk  {rise@0.000ns fall@5.000ns period=10.000ns})
  Path Group:             aclk
  Path Type:              Setup (Max at Slow Process Corner)
  Requirement:            10.000ns  (aclk rise@10.000ns - aclk rise@0.000ns)
  Data Path Delay:        9.047ns  (logic 1.870ns (20.669%)  route 7.177ns (79.331%))
  Logic Levels:           10  (CARRY4=3 LUT2=2 LUT4=1 LUT5=2 LUT6=2)
  Clock Path Skew:        -0.071ns (DCD - SCD + CPR)
    Destination Clock Delay (DCD):    4.405ns = ( 14.405 - 10.000 ) 
    Source Clock Delay      (SCD):    4.737ns
    Clock Pessimism Removal (CPR):    0.261ns
  Clock Uncertainty:      0.035ns  ((TSJ^2 + TIJ^2)^1/2 + DJ) / 2 + PE
    Total System Jitter     (TSJ):    0.071ns
    Total Input Jitter      (TIJ):    0.000ns
    Discrete Jitter          (DJ):    0.000ns
    Phase Error              (PE):    0.000ns

    Location             Delay type                Incr(ns)  Path(ns)    Netlist Resource(s)
  -------------------------------------------------------------------    -------------------
                         (clock aclk rise edge)       0.000     0.000 r  
    L22                                               0.000     0.000 r  aclk (IN)
                         net (fo=0)                   0.000     0.000    aclk
    L22                  IBUF (Prop_ibuf_I_O)         0.893     0.893 r  aclk_IBUF_inst/O
                         net (fo=1, routed)           1.827     2.720    aclk_IBUF
    BUFGCTRL_X0Y2        BUFG (Prop_bufg_I_O)         0.081     2.801 r  aclk_IBUF_BUFG_inst_replica_1/O
                         net (fo=8, routed)           0.118     2.919    aclk_IBUF_BUFG_repN_1
    BUFGCTRL_X0Y1        BUFG (Prop_bufg_I_O)         0.081     3.000 r  aclk_IBUF_BUFG_inst_replica/O
                         net (fo=25, routed)          0.118     3.118    aclk_IBUF_BUFG_repN
    BUFGCTRL_X0Y0        BUFG (Prop_bufg_I_O)         0.081     3.199 r  aclk_IBUF_BUFG_inst/O
                         net (fo=20473, routed)       1.538     4.737    u_wb/defaultClockArea_cpu/aclk_IBUF_BUFG
    SLICE_X93Y70         FDCE                                         r  u_wb/defaultClockArea_cpu/ExceptionHandlerPlugin_ECFG_LIE_0_reg[5]/C
  -------------------------------------------------------------------    -------------------
    SLICE_X93Y70         FDCE (Prop_fdce_C_Q)         0.379     5.116 r  u_wb/defaultClockArea_cpu/ExceptionHandlerPlugin_ECFG_LIE_0_reg[5]/Q
                         net (fo=2, routed)           0.546     5.661    u_wb/defaultClockArea_cpu/GlobalPredictorBTBPlugin_predictor/tournamentPht/rams_1/ExceptionHandlerPlugin_ESTAT_ECODE[4]_i_9_2[5]
    SLICE_X91Y70         LUT4 (Prop_lut4_I2_O)        0.105     5.766 r  u_wb/defaultClockArea_cpu/GlobalPredictorBTBPlugin_predictor/tournamentPht/rams_1/ExceptionHandlerPlugin_ESTAT_ECODE[4]_i_25/O
                         net (fo=1, routed)           0.800     6.567    u_wb/defaultClockArea_cpu/GlobalPredictorBTBPlugin_predictor/tournamentPht/rams_1/ExceptionHandlerPlugin_ESTAT_ECODE[4]_i_25_n_0
    SLICE_X88Y72         LUT6 (Prop_lut6_I3_O)        0.105     6.672 r  u_wb/defaultClockArea_cpu/GlobalPredictorBTBPlugin_predictor/tournamentPht/rams_1/ExceptionHandlerPlugin_ESTAT_ECODE[4]_i_9/O
                         net (fo=12, routed)          0.781     7.453    u_wb/defaultClockArea_cpu/GlobalPredictorBTBPlugin_predictor/tournamentPht/rams_1/ExceptionHandlerPlugin_ECFG_LIE_0_reg[1]
    SLICE_X84Y79         LUT2 (Prop_lut2_I0_O)        0.105     7.558 r  u_wb/defaultClockArea_cpu/GlobalPredictorBTBPlugin_predictor/tournamentPht/rams_1/ExceptionHandlerPlugin_ESTAT_ECODE[4]_i_5/O
                         net (fo=4, routed)           0.791     8.349    u_wb/defaultClockArea_cpu/GlobalPredictorBTBPlugin_predictor/pht/rams_0/WaitHandlerPlugin_inLowPowerMode_reg_3
    SLICE_X87Y81         LUT6 (Prop_lut6_I4_O)        0.105     8.454 f  u_wb/defaultClockArea_cpu/GlobalPredictorBTBPlugin_predictor/pht/rams_0/WaitHandlerPlugin_inLowPowerMode_i_3/O
                         net (fo=87, routed)          0.800     9.253    u_wb/defaultClockArea_cpu/GlobalPredictorBTBPlugin_predictor/pht/rams_0/WeBattleCommitPlugin_uncachedExecuting_reg
    SLICE_X87Y68         LUT2 (Prop_lut2_I0_O)        0.105     9.358 f  u_wb/defaultClockArea_cpu/GlobalPredictorBTBPlugin_predictor/pht/rams_0/ProgramCounterPlugin_backendJumpInterface_rData[9]_i_3/O
                         net (fo=37, routed)          0.978    10.337    u_wb/defaultClockArea_cpu/GlobalPredictorBTBPlugin_predictor/pht/rams_0/_zz_ROBFIFOPlugin_popPtr_reg[4]_rep__0
    SLICE_X73Y63         LUT5 (Prop_lut5_I3_O)        0.105    10.442 r  u_wb/defaultClockArea_cpu/GlobalPredictorBTBPlugin_predictor/pht/rams_0/mem_i_79__1/O
                         net (fo=47, routed)          0.885    11.327    u_wb/defaultClockArea_cpu/weBattleCheckpointRAS_1/readLogic_regAddr_reg[0]_rep__0
    SLICE_X65Y59         LUT5 (Prop_lut5_I1_O)        0.105    11.432 r  u_wb/defaultClockArea_cpu/weBattleCheckpointRAS_1/mem_i_25__8/O
                         net (fo=47, routed)          0.866    12.298    u_wb/defaultClockArea_cpu/weBattleCheckpointRAS_1/GlobalPredictorBTBPlugin_index[2]
    SLICE_X72Y63         CARRY4 (Prop_carry4_DI[0]_CO[3])
                                                      0.457    12.755 r  u_wb/defaultClockArea_cpu/weBattleCheckpointRAS_1/mem_i_10__3/CO[3]
                         net (fo=1, routed)           0.000    12.755    u_wb/defaultClockArea_cpu/weBattleCheckpointRAS_1/mem_i_10__3_n_0
    SLICE_X72Y64         CARRY4 (Prop_carry4_CI_CO[3])
                                                      0.100    12.855 r  u_wb/defaultClockArea_cpu/weBattleCheckpointRAS_1/mem_i_9__4/CO[3]
                         net (fo=1, routed)           0.000    12.855    u_wb/defaultClockArea_cpu/weBattleFetchQueue_1/gen_wr_a.gen_word_narrow.mem_reg_15[0]
    SLICE_X72Y65         CARRY4 (Prop_carry4_CI_O[2])
                                                      0.199    13.054 r  u_wb/defaultClockArea_cpu/weBattleFetchQueue_1/mem_i_8__4/O[2]
                         net (fo=1, routed)           0.730    13.784    u_wb/defaultClockArea_cpu/GlobalPredictorBTBPlugin_predictor/pht/rams_0/mem/xpm_memory_base_inst/addrb[10]
    RAMB18_X4Y26         RAMB18E1                                     r  u_wb/defaultClockArea_cpu/GlobalPredictorBTBPlugin_predictor/pht/rams_0/mem/xpm_memory_base_inst/gen_wr_a.gen_word_narrow.mem_reg/ADDRBWRADDR[13]
  -------------------------------------------------------------------    -------------------

                         (clock aclk rise edge)      10.000    10.000 r  
    L22                                               0.000    10.000 r  aclk (IN)
                         net (fo=0)                   0.000    10.000    aclk
    L22                  IBUF (Prop_ibuf_I_O)         0.762    10.762 r  aclk_IBUF_inst/O
                         net (fo=1, routed)           1.734    12.496    aclk_IBUF
    BUFGCTRL_X0Y2        BUFG (Prop_bufg_I_O)         0.077    12.573 r  aclk_IBUF_BUFG_inst_replica_1/O
                         net (fo=8, routed)           0.112    12.685    aclk_IBUF_BUFG_repN_1
    BUFGCTRL_X0Y1        BUFG (Prop_bufg_I_O)         0.077    12.762 r  aclk_IBUF_BUFG_inst_replica/O
                         net (fo=25, routed)          0.112    12.874    aclk_IBUF_BUFG_repN
    BUFGCTRL_X0Y0        BUFG (Prop_bufg_I_O)         0.077    12.951 r  aclk_IBUF_BUFG_inst/O
                         net (fo=20473, routed)       1.454    14.405    u_wb/defaultClockArea_cpu/GlobalPredictorBTBPlugin_predictor/pht/rams_0/mem/xpm_memory_base_inst/clka
    RAMB18_X4Y26         RAMB18E1                                     r  u_wb/defaultClockArea_cpu/GlobalPredictorBTBPlugin_predictor/pht/rams_0/mem/xpm_memory_base_inst/gen_wr_a.gen_word_narrow.mem_reg/CLKBWRCLK
                         clock pessimism              0.261    14.665    
                         clock uncertainty           -0.035    14.630    
    RAMB18_X4Y26         RAMB18E1 (Setup_ramb18e1_CLKBWRCLK_ADDRBWRADDR[13])
                                                     -0.629    14.001    u_wb/defaultClockArea_cpu/GlobalPredictorBTBPlugin_predictor/pht/rams_0/mem/xpm_memory_base_inst/gen_wr_a.gen_word_narrow.mem_reg
  -------------------------------------------------------------------
                         required time                         14.001    
                         arrival time                         -13.784    
  -------------------------------------------------------------------
                         slack                                  0.217    





Pulse Width Checks
--------------------------------------------------------------------------------------
Clock Name:         aclk
Waveform(ns):       { 0.000 5.000 }
Period(ns):         10.000
Sources:            { aclk }

Check Type        Corner  Lib Pin             Reference Pin  Required(ns)  Actual(ns)  Slack(ns)  Location       Pin
Min Period        n/a     DSP48E1/CLK         n/a            3.109         10.000      6.891      DSP48_X6Y55    core_top/wb_raw_top/MyCPUCore/WeBattleMulDivUnit/multiplier/<hidden>/<hidden>/<hidden>
Min Period        n/a     RAMB36E1/CLKARDCLK  n/a            2.472         10.000      7.528      RAMB36_X0Y14   u_wb/defaultClockArea_axiBuffer/fifo/xpm_fifo_base_inst/gen_sdpram.xpm_memory_base_inst/gen_wr_a.gen_word_narrow.mem_reg_0/CLKARDCLK
Min Period        n/a     RAMB36E1/CLKARDCLK  n/a            2.472         10.000      7.528      RAMB36_X0Y13   u_wb/defaultClockArea_axiBuffer/fifo/xpm_fifo_base_inst/gen_sdpram.xpm_memory_base_inst/gen_wr_a.gen_word_narrow.mem_reg_1/CLKARDCLK
Min Period        n/a     RAMB18E1/CLKARDCLK  n/a            2.472         10.000      7.528      RAMB18_X0Y24   u_wb/defaultClockArea_axiBuffer/fifo/xpm_fifo_base_inst/gen_sdpram.xpm_memory_base_inst/gen_wr_a.gen_word_narrow.mem_reg_2/CLKARDCLK
Min Period        n/a     RAMB36E1/CLKARDCLK  n/a            2.472         10.000      7.528      RAMB36_X1Y16   u_wb/defaultClockArea_cpu/DCachePlugin_dataRAMs_0/mem/xpm_memory_base_inst/gen_wr_a.gen_byte_narrow.for_mem_cols[1].mem_reg/CLKARDCLK
Min Period        n/a     RAMB36E1/CLKARDCLK  n/a            2.472         10.000      7.528      RAMB36_X1Y15   u_wb/defaultClockArea_cpu/DCachePlugin_dataRAMs_1/mem/xpm_memory_base_inst/gen_wr_a.gen_byte_narrow.for_mem_cols[1].mem_reg/CLKARDCLK
Min Period        n/a     RAMB36E1/CLKARDCLK  n/a            2.472         10.000      7.528      RAMB36_X1Y17   u_wb/defaultClockArea_cpu/DCachePlugin_infoRAM/mem/xpm_memory_base_inst/gen_wr_a.gen_word_narrow.mem_reg/CLKARDCLK
Min Period        n/a     RAMB36E1/CLKBWRCLK  n/a            2.472         10.000      7.528      RAMB36_X1Y17   u_wb/defaultClockArea_cpu/DCachePlugin_infoRAM/mem/xpm_memory_base_inst/gen_wr_a.gen_word_narrow.mem_reg/CLKBWRCLK
Min Period        n/a     RAMB36E1/CLKARDCLK  n/a            2.472         10.000      7.528      RAMB36_X4Y14   u_wb/defaultClockArea_cpu/GlobalPredictorBTBPlugin_btb/rams_0/mem/xpm_memory_base_inst/gen_wr_a.gen_word_narrow.mem_reg/CLKARDCLK
Min Period        n/a     RAMB36E1/CLKBWRCLK  n/a            2.472         10.000      7.528      RAMB36_X4Y14   u_wb/defaultClockArea_cpu/GlobalPredictorBTBPlugin_btb/rams_0/mem/xpm_memory_base_inst/gen_wr_a.gen_word_narrow.mem_reg/CLKBWRCLK
Min Period        n/a     RAMB36E1/CLKARDCLK  n/a            2.472         10.000      7.528      RAMB36_X4Y12   u_wb/defaultClockArea_cpu/GlobalPredictorBTBPlugin_btb/rams_1/mem/xpm_memory_base_inst/gen_wr_a.gen_word_narrow.mem_reg/CLKARDCLK
Min Period        n/a     RAMB36E1/CLKBWRCLK  n/a            2.472         10.000      7.528      RAMB36_X4Y12   u_wb/defaultClockArea_cpu/GlobalPredictorBTBPlugin_btb/rams_1/mem/xpm_memory_base_inst/gen_wr_a.gen_word_narrow.mem_reg/CLKBWRCLK
Min Period        n/a     RAMB36E1/CLKARDCLK  n/a            2.472         10.000      7.528      RAMB36_X4Y11   u_wb/defaultClockArea_cpu/GlobalPredictorBTBPlugin_btb/rams_2/mem/xpm_memory_base_inst/gen_wr_a.gen_word_narrow.mem_reg/CLKARDCLK
Min Period        n/a     RAMB36E1/CLKBWRCLK  n/a            2.472         10.000      7.528      RAMB36_X4Y11   u_wb/defaultClockArea_cpu/GlobalPredictorBTBPlugin_btb/rams_2/mem/xpm_memory_base_inst/gen_wr_a.gen_word_narrow.mem_reg/CLKBWRCLK
Min Period        n/a     RAMB36E1/CLKARDCLK  n/a            2.472         10.000      7.528      RAMB36_X4Y10   u_wb/defaultClockArea_cpu/GlobalPredictorBTBPlugin_btb/rams_3/mem/xpm_memory_base_inst/gen_wr_a.gen_word_narrow.mem_reg/CLKARDCLK
Min Period        n/a     RAMB36E1/CLKBWRCLK  n/a            2.472         10.000      7.528      RAMB36_X4Y10   u_wb/defaultClockArea_cpu/GlobalPredictorBTBPlugin_btb/rams_3/mem/xpm_memory_base_inst/gen_wr_a.gen_word_narrow.mem_reg/CLKBWRCLK
Min Period        n/a     RAMB18E1/CLKARDCLK  n/a            2.472         10.000      7.528      RAMB18_X4Y26   u_wb/defaultClockArea_cpu/GlobalPredictorBTBPlugin_predictor/pht/rams_0/mem/xpm_memory_base_inst/gen_wr_a.gen_word_narrow.mem_reg/CLKARDCLK
Min Period        n/a     RAMB18E1/CLKARDCLK  n/a            2.472         10.000      7.528      RAMB18_X3Y28   u_wb/defaultClockArea_cpu/GlobalPredictorBTBPlugin_predictor/pht/rams_1/mem/xpm_memory_base_inst/gen_wr_a.gen_word_narrow.mem_reg/CLKARDCLK
Min Period        n/a     RAMB18E1/CLKARDCLK  n/a            2.472         10.000      7.528      RAMB18_X3Y27   u_wb/defaultClockArea_cpu/GlobalPredictorBTBPlugin_predictor/pht/rams_2/mem/xpm_memory_base_inst/gen_wr_a.gen_word_narrow.mem_reg/CLKARDCLK
Min Period        n/a     RAMB18E1/CLKARDCLK  n/a            2.472         10.000      7.528      RAMB18_X3Y29   u_wb/defaultClockArea_cpu/GlobalPredictorBTBPlugin_predictor/pht/rams_3/mem/xpm_memory_base_inst/gen_wr_a.gen_word_narrow.mem_reg/CLKARDCLK
Low Pulse Width   Slow    SRL16E/CLK          n/a            0.854         5.000       4.146      SLICE_X60Y100  u_wb/defaultClockArea_cpu/MEM_ADDR_to_MEM_MEM1_ISSUE_SLOT_robIdx_reg[0]_srl3/CLK
Low Pulse Width   Fast    SRL16E/CLK          n/a            0.854         5.000       4.146      SLICE_X60Y100  u_wb/defaultClockArea_cpu/MEM_ADDR_to_MEM_MEM1_ISSUE_SLOT_robIdx_reg[0]_srl3/CLK
Low Pulse Width   Slow    SRL16E/CLK          n/a            0.854         5.000       4.146      SLICE_X60Y100  u_wb/defaultClockArea_cpu/MEM_ADDR_to_MEM_MEM1_ISSUE_SLOT_robIdx_reg[1]_srl3/CLK
Low Pulse Width   Fast    SRL16E/CLK          n/a            0.854         5.000       4.146      SLICE_X60Y100  u_wb/defaultClockArea_cpu/MEM_ADDR_to_MEM_MEM1_ISSUE_SLOT_robIdx_reg[1]_srl3/CLK
Low Pulse Width   Slow    SRL16E/CLK          n/a            0.854         5.000       4.146      SLICE_X60Y100  u_wb/defaultClockArea_cpu/MEM_ADDR_to_MEM_MEM1_ISSUE_SLOT_robIdx_reg[2]_srl3/CLK
Low Pulse Width   Fast    SRL16E/CLK          n/a            0.854         5.000       4.146      SLICE_X60Y100  u_wb/defaultClockArea_cpu/MEM_ADDR_to_MEM_MEM1_ISSUE_SLOT_robIdx_reg[2]_srl3/CLK
Low Pulse Width   Slow    SRL16E/CLK          n/a            0.854         5.000       4.146      SLICE_X60Y100  u_wb/defaultClockArea_cpu/MEM_ADDR_to_MEM_MEM1_ISSUE_SLOT_robIdx_reg[3]_srl3/CLK
Low Pulse Width   Fast    SRL16E/CLK          n/a            0.854         5.000       4.146      SLICE_X60Y100  u_wb/defaultClockArea_cpu/MEM_ADDR_to_MEM_MEM1_ISSUE_SLOT_robIdx_reg[3]_srl3/CLK
Low Pulse Width   Slow    SRL16E/CLK          n/a            0.854         5.000       4.146      SLICE_X60Y100  u_wb/defaultClockArea_cpu/MEM_ADDR_to_MEM_MEM1_ISSUE_SLOT_robIdx_reg[4]_srl3/CLK
Low Pulse Width   Fast    SRL16E/CLK          n/a            0.854         5.000       4.146      SLICE_X60Y100  u_wb/defaultClockArea_cpu/MEM_ADDR_to_MEM_MEM1_ISSUE_SLOT_robIdx_reg[4]_srl3/CLK
Low Pulse Width   Slow    SRL16E/CLK          n/a            0.854         5.000       4.146      SLICE_X46Y98   u_wb/defaultClockArea_cpu/MEM_ADDR_to_MEM_MEM1_ISSUE_SLOT_uop_cacheOp_reg[0]_srl3/CLK
Low Pulse Width   Fast    SRL16E/CLK          n/a            0.854         5.000       4.146      SLICE_X46Y98   u_wb/defaultClockArea_cpu/MEM_ADDR_to_MEM_MEM1_ISSUE_SLOT_uop_cacheOp_reg[0]_srl3/CLK
Low Pulse Width   Slow    SRL16E/CLK          n/a            0.854         5.000       4.146      SLICE_X46Y98   u_wb/defaultClockArea_cpu/MEM_ADDR_to_MEM_MEM1_ISSUE_SLOT_uop_cacheOp_reg[1]_srl3/CLK
Low Pulse Width   Fast    SRL16E/CLK          n/a            0.854         5.000       4.146      SLICE_X46Y98   u_wb/defaultClockArea_cpu/MEM_ADDR_to_MEM_MEM1_ISSUE_SLOT_uop_cacheOp_reg[1]_srl3/CLK
Low Pulse Width   Slow    SRL16E/CLK          n/a            0.854         5.000       4.146      SLICE_X46Y98   u_wb/defaultClockArea_cpu/MEM_ADDR_to_MEM_MEM1_ISSUE_SLOT_uop_cacheSel_reg[0]_srl3/CLK
Low Pulse Width   Fast    SRL16E/CLK          n/a            0.854         5.000       4.146      SLICE_X46Y98   u_wb/defaultClockArea_cpu/MEM_ADDR_to_MEM_MEM1_ISSUE_SLOT_uop_cacheSel_reg[0]_srl3/CLK
Low Pulse Width   Slow    SRL16E/CLK          n/a            0.854         5.000       4.146      SLICE_X46Y98   u_wb/defaultClockArea_cpu/MEM_ADDR_to_MEM_MEM1_ISSUE_SLOT_uop_cacheSel_reg[1]_srl3/CLK
Low Pulse Width   Fast    SRL16E/CLK          n/a            0.854         5.000       4.146      SLICE_X46Y98   u_wb/defaultClockArea_cpu/MEM_ADDR_to_MEM_MEM1_ISSUE_SLOT_uop_cacheSel_reg[1]_srl3/CLK
Low Pulse Width   Slow    SRL16E/CLK          n/a            0.854         5.000       4.146      SLICE_X44Y96   u_wb/defaultClockArea_cpu/MEM_ADDR_to_MEM_MEM1_ISSUE_SLOT_uop_isStore_reg_srl3/CLK
Low Pulse Width   Fast    SRL16E/CLK          n/a            0.854         5.000       4.146      SLICE_X44Y96   u_wb/defaultClockArea_cpu/MEM_ADDR_to_MEM_MEM1_ISSUE_SLOT_uop_isStore_reg_srl3/CLK
High Pulse Width  Slow    SRL16E/CLK          n/a            0.854         5.000       4.146      SLICE_X60Y100  u_wb/defaultClockArea_cpu/MEM_ADDR_to_MEM_MEM1_ISSUE_SLOT_robIdx_reg[0]_srl3/CLK
High Pulse Width  Fast    SRL16E/CLK          n/a            0.854         5.000       4.146      SLICE_X60Y100  u_wb/defaultClockArea_cpu/MEM_ADDR_to_MEM_MEM1_ISSUE_SLOT_robIdx_reg[0]_srl3/CLK
High Pulse Width  Slow    SRL16E/CLK          n/a            0.854         5.000       4.146      SLICE_X60Y100  u_wb/defaultClockArea_cpu/MEM_ADDR_to_MEM_MEM1_ISSUE_SLOT_robIdx_reg[1]_srl3/CLK
High Pulse Width  Fast    SRL16E/CLK          n/a            0.854         5.000       4.146      SLICE_X60Y100  u_wb/defaultClockArea_cpu/MEM_ADDR_to_MEM_MEM1_ISSUE_SLOT_robIdx_reg[1]_srl3/CLK
High Pulse Width  Slow    SRL16E/CLK          n/a            0.854         5.000       4.146      SLICE_X60Y100  u_wb/defaultClockArea_cpu/MEM_ADDR_to_MEM_MEM1_ISSUE_SLOT_robIdx_reg[2]_srl3/CLK
High Pulse Width  Fast    SRL16E/CLK          n/a            0.854         5.000       4.146      SLICE_X60Y100  u_wb/defaultClockArea_cpu/MEM_ADDR_to_MEM_MEM1_ISSUE_SLOT_robIdx_reg[2]_srl3/CLK
High Pulse Width  Slow    SRL16E/CLK          n/a            0.854         5.000       4.146      SLICE_X60Y100  u_wb/defaultClockArea_cpu/MEM_ADDR_to_MEM_MEM1_ISSUE_SLOT_robIdx_reg[3]_srl3/CLK
High Pulse Width  Fast    SRL16E/CLK          n/a            0.854         5.000       4.146      SLICE_X60Y100  u_wb/defaultClockArea_cpu/MEM_ADDR_to_MEM_MEM1_ISSUE_SLOT_robIdx_reg[3]_srl3/CLK
High Pulse Width  Slow    SRL16E/CLK          n/a            0.854         5.000       4.146      SLICE_X60Y100  u_wb/defaultClockArea_cpu/MEM_ADDR_to_MEM_MEM1_ISSUE_SLOT_robIdx_reg[4]_srl3/CLK
High Pulse Width  Fast    SRL16E/CLK          n/a            0.854         5.000       4.146      SLICE_X60Y100  u_wb/defaultClockArea_cpu/MEM_ADDR_to_MEM_MEM1_ISSUE_SLOT_robIdx_reg[4]_srl3/CLK
High Pulse Width  Slow    SRL16E/CLK          n/a            0.854         5.000       4.146      SLICE_X46Y98   u_wb/defaultClockArea_cpu/MEM_ADDR_to_MEM_MEM1_ISSUE_SLOT_uop_cacheOp_reg[0]_srl3/CLK
High Pulse Width  Fast    SRL16E/CLK          n/a            0.854         5.000       4.146      SLICE_X46Y98   u_wb/defaultClockArea_cpu/MEM_ADDR_to_MEM_MEM1_ISSUE_SLOT_uop_cacheOp_reg[0]_srl3/CLK
High Pulse Width  Slow    SRL16E/CLK          n/a            0.854         5.000       4.146      SLICE_X46Y98   u_wb/defaultClockArea_cpu/MEM_ADDR_to_MEM_MEM1_ISSUE_SLOT_uop_cacheOp_reg[1]_srl3/CLK
High Pulse Width  Fast    SRL16E/CLK          n/a            0.854         5.000       4.146      SLICE_X46Y98   u_wb/defaultClockArea_cpu/MEM_ADDR_to_MEM_MEM1_ISSUE_SLOT_uop_cacheOp_reg[1]_srl3/CLK
High Pulse Width  Slow    SRL16E/CLK          n/a            0.854         5.000       4.146      SLICE_X46Y98   u_wb/defaultClockArea_cpu/MEM_ADDR_to_MEM_MEM1_ISSUE_SLOT_uop_cacheSel_reg[0]_srl3/CLK
High Pulse Width  Fast    SRL16E/CLK          n/a            0.854         5.000       4.146      SLICE_X46Y98   u_wb/defaultClockArea_cpu/MEM_ADDR_to_MEM_MEM1_ISSUE_SLOT_uop_cacheSel_reg[0]_srl3/CLK
High Pulse Width  Slow    SRL16E/CLK          n/a            0.854         5.000       4.146      SLICE_X46Y98   u_wb/defaultClockArea_cpu/MEM_ADDR_to_MEM_MEM1_ISSUE_SLOT_uop_cacheSel_reg[1]_srl3/CLK
High Pulse Width  Fast    SRL16E/CLK          n/a            0.854         5.000       4.146      SLICE_X46Y98   u_wb/defaultClockArea_cpu/MEM_ADDR_to_MEM_MEM1_ISSUE_SLOT_uop_cacheSel_reg[1]_srl3/CLK
High Pulse Width  Slow    SRL16E/CLK          n/a            0.854         5.000       4.146      SLICE_X44Y96   u_wb/defaultClockArea_cpu/MEM_ADDR_to_MEM_MEM1_ISSUE_SLOT_uop_isStore_reg_srl3/CLK
High Pulse Width  Fast    SRL16E/CLK          n/a            0.854         5.000       4.146      SLICE_X44Y96   u_wb/defaultClockArea_cpu/MEM_ADDR_to_MEM_MEM1_ISSUE_SLOT_uop_isStore_reg_srl3/CLK



