Copyright 1986-2022 Xilinx, Inc. All Rights Reserved. Copyright 2022-2025 Advanced Micro Devices, Inc. All Rights Reserved.
----------------------------------------------------------------------------------------------------------------------------------------------------------
| Tool Version : Vivado v.2025.2 (win64) Build 6299465 Fri Nov 14 19:35:11 GMT 2025
| Date         : Wed Jul 29 20:28:23 2026
| Host         : MM的ThinkBook16p running 64-bit major release  (build 9200)
| Command      : report_timing_summary -delay_type max -max_paths 20 -file D:/NSCSCC2026/WeBattle-Core/reports/WB-N5/implementation/timing_synth_10ns.rpt
| Design       : core_top
| Device       : 7a200t-fbg676
| Speed File   : -2  PRODUCTION 1.23 2018-06-13
| Design State : Synthesized
----------------------------------------------------------------------------------------------------------------------------------------------------------

Timing Summary Report

------------------------------------------------------------------------------------------------
| Timer Settings
| --------------
------------------------------------------------------------------------------------------------

  Enable Multi Corner Analysis               :  Yes
  Enable Pessimism Removal                   :  Yes
  Pessimism Removal Resolution               :  Nearest Common Node
  Enable Input Delay Default Clock           :  No
  Enable Preset / Clear Arcs                 :  No
  Disable Flight Delays                      :  No
  Ignore I/O Paths                           :  No
  Timing Early Launch at Borrowing Latches   :  No
  Borrow Time for Max Delay Exceptions       :  Yes
  Merge Timing Exceptions                    :  Yes
  Inter-SLR Compensation                     :  Conservative

  Corner  Analyze    Analyze    
  Name    Max Paths  Min Paths  
  ------  ---------  ---------  
  Slow    Yes        Yes        
  Fast    Yes        Yes        


------------------------------------------------------------------------------------------------
| Report Methodology
| ------------------
------------------------------------------------------------------------------------------------

No report available as report_methodology has not been run prior. Run report_methodology on the current design for the summary of methodology violations.



check_timing report

Table of Contents
-----------------
1. checking no_clock (0)
2. checking constant_clock (0)
3. checking pulse_width_clock (0)
4. checking unconstrained_internal_endpoints (0)
5. checking no_input_delay (47)
6. checking no_output_delay (234)
7. checking multiple_clock (0)
8. checking generated_clocks (0)
9. checking loops (0)
10. checking partial_input_delay (0)
11. checking partial_output_delay (0)
12. checking latch_loops (0)

1. checking no_clock (0)
------------------------
 There are 0 register/latch pins with no clock.


2. checking constant_clock (0)
------------------------------
 There are 0 register/latch pins with constant_clock.


3. checking pulse_width_clock (0)
---------------------------------
 There are 0 register/latch pins which need pulse_width check


4. checking unconstrained_internal_endpoints (0)
------------------------------------------------
 There are 0 pins that are not constrained for maximum delay.

 There are 0 pins that are not constrained for maximum delay due to constant clock.


5. checking no_input_delay (47)
-------------------------------
 There are 47 input ports with no input delay specified. (HIGH)

 There are 0 input ports with no input delay but user has a false path constraint.


6. checking no_output_delay (234)
---------------------------------
 There are 234 ports with no output delay specified. (HIGH)

 There are 0 ports with no output delay but user has a false path constraint

 There are 0 ports with no output delay but with a timing clock defined on it or propagating through it


7. checking multiple_clock (0)
------------------------------
 There are 0 register/latch pins with multiple clocks.


8. checking generated_clocks (0)
--------------------------------
 There are 0 generated clocks that are not connected to a clock source.


9. checking loops (0)
---------------------
 There are 0 combinational loops in the design.


10. checking partial_input_delay (0)
------------------------------------
 There are 0 input ports with partial input delay specified.


11. checking partial_output_delay (0)
-------------------------------------
 There are 0 ports with partial output delay specified.


12. checking latch_loops (0)
----------------------------
 There are 0 combinational latch loops in the design through latch input



------------------------------------------------------------------------------------------------
| Design Timing Summary
| ---------------------
------------------------------------------------------------------------------------------------

    WNS(ns)      TNS(ns)  TNS Failing Endpoints  TNS Total Endpoints     WPWS(ns)     TPWS(ns)  TPWS Failing Endpoints  TPWS Total Endpoints  
    -------      -------  ---------------------  -------------------     --------     --------  ----------------------  --------------------  
     -0.552       -4.423                     15                35703        3.870        0.000                       0                 17695  


Timing constraints are not met.


------------------------------------------------------------------------------------------------
| Clock Summary
| -------------
------------------------------------------------------------------------------------------------

Clock  Waveform(ns)       Period(ns)      Frequency(MHz)
-----  ------------       ----------      --------------
aclk   {0.000 5.000}      10.000          100.000         


------------------------------------------------------------------------------------------------
| Intra Clock Table
| -----------------
------------------------------------------------------------------------------------------------

Clock             WNS(ns)      TNS(ns)  TNS Failing Endpoints  TNS Total Endpoints     WPWS(ns)     TPWS(ns)  TPWS Failing Endpoints  TPWS Total Endpoints  
-----             -------      -------  ---------------------  -------------------     --------     --------  ----------------------  --------------------  
aclk               -0.552       -4.423                     15                35703        3.870        0.000                       0                 17695  


------------------------------------------------------------------------------------------------
| Inter Clock Table
| -----------------
------------------------------------------------------------------------------------------------

From Clock    To Clock          WNS(ns)      TNS(ns)  TNS Failing Endpoints  TNS Total Endpoints  
----------    --------          -------      -------  ---------------------  -------------------  


------------------------------------------------------------------------------------------------
| Other Path Groups Table
| -----------------------
------------------------------------------------------------------------------------------------

Path Group    From Clock    To Clock          WNS(ns)      TNS(ns)  TNS Failing Endpoints  TNS Total Endpoints  
----------    ----------    --------          -------      -------  ---------------------  -------------------  


------------------------------------------------------------------------------------------------
| Timing Details
| --------------
------------------------------------------------------------------------------------------------


---------------------------------------------------------------------------------------------------
From Clock:  aclk
  To Clock:  aclk

Setup :           15  Failing Endpoints,  Worst Slack       -0.552ns,  Total Violation       -4.423ns
Hold  :           NA  Failing Endpoints,  Worst Slack           NA  ,  Total Violation           NA
PW    :            0  Failing Endpoints,  Worst Slack        3.870ns,  Total Violation        0.000ns
---------------------------------------------------------------------------------------------------


Max Delay Paths
--------------------------------------------------------------------------------------
Slack (VIOLATED) :        -0.552ns  (required time - arrival time)
  Source:                 u_wb/defaultClockArea_axiBuffer/fifo/xpm_fifo_base_inst/xpm_fifo_rst_inst/gen_rst_cc.fifo_wr_rst_cc_reg[2]/C
                            (rising edge-triggered cell FDSE clocked by aclk  {rise@0.000ns fall@5.000ns period=10.000ns})
  Destination:            u_wb/defaultClockArea_cpu/IntIssueQueuePlugin_queue_2_payload_rRegs_0_valid_reg/D
                            (rising edge-triggered cell FDRE clocked by aclk  {rise@0.000ns fall@5.000ns period=10.000ns})
  Path Group:             aclk
  Path Type:              Setup (Max at Slow Process Corner)
  Requirement:            10.000ns  (aclk rise@10.000ns - aclk rise@0.000ns)
  Data Path Delay:        10.401ns  (logic 2.626ns (25.248%)  route 7.775ns (74.752%))
  Logic Levels:           20  (LUT2=4 LUT3=3 LUT4=1 LUT5=5 LUT6=7)
  Clock Path Skew:        -0.145ns (DCD - SCD + CPR)
    Destination Clock Delay (DCD):    1.881ns = ( 11.881 - 10.000 ) 
    Source Clock Delay      (SCD):    2.193ns
    Clock Pessimism Removal (CPR):    0.167ns
  Clock Uncertainty:      0.035ns  ((TSJ^2 + TIJ^2)^1/2 + DJ) / 2 + PE
    Total System Jitter     (TSJ):    0.071ns
    Total Input Jitter      (TIJ):    0.000ns
    Discrete Jitter          (DJ):    0.000ns
    Phase Error              (PE):    0.000ns

    Location             Delay type                Incr(ns)  Path(ns)    Netlist Resource(s)
  -------------------------------------------------------------------    -------------------
                         (clock aclk rise edge)       0.000     0.000 r  
                                                      0.000     0.000 r  aclk (IN)
                         net (fo=0)                   0.000     0.000    aclk
                         IBUF (Prop_ibuf_I_O)         0.882     0.882 r  aclk_IBUF_inst/O
                         net (fo=1, unplaced)         0.646     1.528    aclk_IBUF
                         BUFG (Prop_bufg_I_O)         0.081     1.609 r  aclk_IBUF_BUFG_inst/O
                         net (fo=17697, unplaced)     0.584     2.193    u_wb/defaultClockArea_axiBuffer/fifo/xpm_fifo_base_inst/xpm_fifo_rst_inst/wr_clk
                         FDSE                                         r  u_wb/defaultClockArea_axiBuffer/fifo/xpm_fifo_base_inst/xpm_fifo_rst_inst/gen_rst_cc.fifo_wr_rst_cc_reg[2]/C
  -------------------------------------------------------------------    -------------------
                         FDSE (Prop_fdse_C_Q)         0.379     2.572 f  u_wb/defaultClockArea_axiBuffer/fifo/xpm_fifo_base_inst/xpm_fifo_rst_inst/gen_rst_cc.fifo_wr_rst_cc_reg[2]/Q
                         net (fo=51, unplaced)        0.445     3.017    u_wb/defaultClockArea_axiBuffer/fifo/xpm_fifo_base_inst/xpm_fifo_rst_inst/Q[0]
                         LUT2 (Prop_lut2_I0_O)        0.232     3.249 f  u_wb/defaultClockArea_axiBuffer/fifo/xpm_fifo_base_inst/xpm_fifo_rst_inst/wr_rst_busy_INST_0/O
                         net (fo=144, unplaced)       0.456     3.705    u_wb/defaultClockArea_axiBuffer/fifo_rd_rst_busy
                         LUT2 (Prop_lut2_I0_O)        0.105     3.810 r  u_wb/defaultClockArea_axiBuffer/fifo_i_76/O
                         net (fo=2, unplaced)         0.358     4.168    u_wb/defaultClockArea_axiBuffer/fifo_i_76_n_0
                         LUT6 (Prop_lut6_I0_O)        0.105     4.273 f  u_wb/defaultClockArea_axiBuffer/fifo_i_73/O
                         net (fo=71, unplaced)        0.438     4.711    u_wb/defaultClockArea_axiBuffer/when_AxiBuffer_l81__1
                         LUT4 (Prop_lut4_I0_O)        0.105     4.816 f  u_wb/defaultClockArea_axiBuffer/fifo_i_1/O
                         net (fo=11, unplaced)        0.393     5.209    u_wb/defaultClockArea_cpu/DCachePlugin_dataRAMs_1/wr_en
                         LUT3 (Prop_lut3_I2_O)        0.105     5.314 f  u_wb/defaultClockArea_cpu/DCachePlugin_dataRAMs_1/MEM_MEM1_to_MEM_MEM2_ISSUE_SLOT_wReg[5]_i_11/O
                         net (fo=1, unplaced)         0.347     5.661    u_wb/defaultClockArea_cpu/DCachePlugin_dataRAMs_1/p_8642_in
                         LUT5 (Prop_lut5_I3_O)        0.105     5.766 r  u_wb/defaultClockArea_cpu/DCachePlugin_dataRAMs_1/MEM_MEM1_to_MEM_MEM2_ISSUE_SLOT_wReg[5]_i_8/O
                         net (fo=1, unplaced)         0.347     6.113    u_wb/defaultClockArea_cpu/DCachePlugin_dataRAMs_1/MEM_MEM2_arbitration_haltItself
                         LUT6 (Prop_lut6_I0_O)        0.105     6.218 r  u_wb/defaultClockArea_cpu/DCachePlugin_dataRAMs_1/MEM_MEM1_to_MEM_MEM2_ISSUE_SLOT_wReg[5]_i_4/O
                         net (fo=1, unplaced)         0.347     6.565    u_wb/defaultClockArea_cpu/DCachePlugin_dataRAMs_1/MEM_MEM1_to_MEM_MEM2_ISSUE_SLOT_wReg[5]_i_4_n_0
                         LUT6 (Prop_lut6_I3_O)        0.105     6.670 f  u_wb/defaultClockArea_cpu/DCachePlugin_dataRAMs_1/MEM_MEM1_to_MEM_MEM2_ISSUE_SLOT_wReg[5]_i_1/O
                         net (fo=381, unplaced)       0.480     7.150    u_wb/defaultClockArea_cpu/DCachePlugin_dataRAMs_1/MEM_MEM2_arbitration_notStuck
                         LUT6 (Prop_lut6_I5_O)        0.105     7.255 f  u_wb/defaultClockArea_cpu/DCachePlugin_dataRAMs_1/MEM_ADDR_to_MEM_MEM1_MEMORY_WRITE_DATA[31]_i_3/O
                         net (fo=22, unplaced)        0.409     7.664    u_wb/defaultClockArea_cpu/DCachePlugin_dataRAMs_1_n_14
                         LUT2 (Prop_lut2_I1_O)        0.105     7.769 r  u_wb/defaultClockArea_cpu/MEM_ADDR_to_MEM_MEM1_MEMORY_WRITE_DATA[31]_i_1/O
                         net (fo=454, unplaced)       0.485     8.254    u_wb/defaultClockArea_cpu/MEM_MEM1_arbitration_notStuck
                         LUT5 (Prop_lut5_I4_O)        0.105     8.359 r  u_wb/defaultClockArea_cpu/PhysRegFilePlugin_busys_31_i_3/O
                         net (fo=45, unplaced)        0.427     8.786    u_wb/defaultClockArea_cpu/PhysRegFilePlugin_busys_31_i_3_n_0
                         LUT5 (Prop_lut5_I2_O)        0.105     8.891 r  u_wb/defaultClockArea_cpu/MulDivIssueQueuePlugin_queue_2_payload_rRegs_0_valid_i_54/O
                         net (fo=1, unplaced)         0.328     9.219    u_wb/defaultClockArea_cpu/unsignedDivider_2/MulDivIssueQueuePlugin_queue_2_payload_rRegs_0_valid_i_23_0
                         LUT6 (Prop_lut6_I0_O)        0.105     9.324 r  u_wb/defaultClockArea_cpu/unsignedDivider_2/MulDivIssueQueuePlugin_queue_2_payload_rRegs_0_valid_i_33/O
                         net (fo=1, unplaced)         0.347     9.671    u_wb/defaultClockArea_cpu/unsignedDivider_2/MulDivIssueQueuePlugin_queue_2_payload_rRegs_0_valid_i_33_n_0
                         LUT5 (Prop_lut5_I4_O)        0.105     9.776 r  u_wb/defaultClockArea_cpu/unsignedDivider_2/MulDivIssueQueuePlugin_queue_2_payload_rRegs_0_valid_i_23/O
                         net (fo=1, unplaced)         0.347    10.123    u_wb/defaultClockArea_cpu/unsignedDivider_2/MulDivIssueQueuePlugin_queue_2_payload_rRegs_0_valid_i_23_n_0
                         LUT6 (Prop_lut6_I5_O)        0.105    10.228 f  u_wb/defaultClockArea_cpu/unsignedDivider_2/MulDivIssueQueuePlugin_queue_2_payload_rRegs_0_valid_i_11/O
                         net (fo=15, unplaced)        0.400    10.628    u_wb/defaultClockArea_cpu/unsignedDivider_2/MulDivIssueQueuePlugin_queue_2_payload_rRegs_0_valid_i_11_n_0
                         LUT3 (Prop_lut3_I0_O)        0.105    10.733 r  u_wb/defaultClockArea_cpu/unsignedDivider_2/IntIssueQueuePlugin_queue_6_payload_rRegs_0_valid_i_2/O
                         net (fo=5, unplaced)         0.375    11.108    u_wb/defaultClockArea_cpu/unsignedDivider_2/IntIssueQueuePlugin_queue_6_payload_rRegs_0_valid_i_2_n_0
                         LUT2 (Prop_lut2_I1_O)        0.105    11.213 f  u_wb/defaultClockArea_cpu/unsignedDivider_2/IntIssueQueuePlugin_queue_1_payload_rRegs_0_valid_i_16/O
                         net (fo=1, unplaced)         0.347    11.560    u_wb/defaultClockArea_cpu/unsignedDivider_2/IntIssueQueuePlugin_queue_1_payload_rRegs_0_valid_i_16_n_0
                         LUT6 (Prop_lut6_I5_O)        0.105    11.665 r  u_wb/defaultClockArea_cpu/unsignedDivider_2/IntIssueQueuePlugin_queue_1_payload_rRegs_0_valid_i_3/O
                         net (fo=4, unplaced)         0.352    12.017    u_wb/defaultClockArea_cpu/unsignedDivider_2/IntIssueQueuePlugin_queue_1_payload_rRegs_0_valid_i_3_n_0
                         LUT3 (Prop_lut3_I0_O)        0.125    12.142 f  u_wb/defaultClockArea_cpu/unsignedDivider_2/IntIssueQueuePlugin_queue_2_payload_rRegs_0_valid_i_2/O
                         net (fo=1, unplaced)         0.347    12.489    u_wb/defaultClockArea_cpu/unsignedDivider_2/IntIssueQueuePlugin_queue_2_payload_rRegs_0_valid_i_2_n_0
                         LUT5 (Prop_lut5_I2_O)        0.105    12.594 r  u_wb/defaultClockArea_cpu/unsignedDivider_2/IntIssueQueuePlugin_queue_2_payload_rRegs_0_valid_i_1/O
                         net (fo=1, unplaced)         0.000    12.594    u_wb/defaultClockArea_cpu/unsignedDivider_2_n_45
                         FDRE                                         r  u_wb/defaultClockArea_cpu/IntIssueQueuePlugin_queue_2_payload_rRegs_0_valid_reg/D
  -------------------------------------------------------------------    -------------------

                         (clock aclk rise edge)      10.000    10.000 r  
                                                      0.000    10.000 r  aclk (IN)
                         net (fo=0)                   0.000    10.000    aclk
                         IBUF (Prop_ibuf_I_O)         0.751    10.751 r  aclk_IBUF_inst/O
                         net (fo=1, unplaced)         0.613    11.365    aclk_IBUF
                         BUFG (Prop_bufg_I_O)         0.077    11.442 r  aclk_IBUF_BUFG_inst/O
                         net (fo=17697, unplaced)     0.439    11.881    u_wb/defaultClockArea_cpu/aclk_IBUF_BUFG
                         FDRE                                         r  u_wb/defaultClockArea_cpu/IntIssueQueuePlugin_queue_2_payload_rRegs_0_valid_reg/C
                         clock pessimism              0.167    12.048    
                         clock uncertainty           -0.035    12.012    
                         FDRE (Setup_fdre_C_D)        0.029    12.041    u_wb/defaultClockArea_cpu/IntIssueQueuePlugin_queue_2_payload_rRegs_0_valid_reg
  -------------------------------------------------------------------
                         required time                         12.041    
                         arrival time                         -12.594    
  -------------------------------------------------------------------
                         slack                                 -0.552    

Slack (VIOLATED) :        -0.551ns  (required time - arrival time)
  Source:                 u_wb/defaultClockArea_axiBuffer/fifo/xpm_fifo_base_inst/xpm_fifo_rst_inst/gen_rst_cc.fifo_wr_rst_cc_reg[2]/C
                            (rising edge-triggered cell FDSE clocked by aclk  {rise@0.000ns fall@5.000ns period=10.000ns})
  Destination:            u_wb/defaultClockArea_cpu/IntIssueQueuePlugin_queue_3_payload_rRegs_0_valid_reg/D
                            (rising edge-triggered cell FDRE clocked by aclk  {rise@0.000ns fall@5.000ns period=10.000ns})
  Path Group:             aclk
  Path Type:              Setup (Max at Slow Process Corner)
  Requirement:            10.000ns  (aclk rise@10.000ns - aclk rise@0.000ns)
  Data Path Delay:        10.400ns  (logic 2.606ns (25.058%)  route 7.794ns (74.942%))
  Logic Levels:           20  (LUT2=4 LUT3=3 LUT4=1 LUT5=5 LUT6=7)
  Clock Path Skew:        -0.145ns (DCD - SCD + CPR)
    Destination Clock Delay (DCD):    1.881ns = ( 11.881 - 10.000 ) 
    Source Clock Delay      (SCD):    2.193ns
    Clock Pessimism Removal (CPR):    0.167ns
  Clock Uncertainty:      0.035ns  ((TSJ^2 + TIJ^2)^1/2 + DJ) / 2 + PE
    Total System Jitter     (TSJ):    0.071ns
    Total Input Jitter      (TIJ):    0.000ns
    Discrete Jitter          (DJ):    0.000ns
    Phase Error              (PE):    0.000ns

    Location             Delay type                Incr(ns)  Path(ns)    Netlist Resource(s)
  -------------------------------------------------------------------    -------------------
                         (clock aclk rise edge)       0.000     0.000 r  
                                                      0.000     0.000 r  aclk (IN)
                         net (fo=0)                   0.000     0.000    aclk
                         IBUF (Prop_ibuf_I_O)         0.882     0.882 r  aclk_IBUF_inst/O
                         net (fo=1, unplaced)         0.646     1.528    aclk_IBUF
                         BUFG (Prop_bufg_I_O)         0.081     1.609 r  aclk_IBUF_BUFG_inst/O
                         net (fo=17697, unplaced)     0.584     2.193    u_wb/defaultClockArea_axiBuffer/fifo/xpm_fifo_base_inst/xpm_fifo_rst_inst/wr_clk
                         FDSE                                         r  u_wb/defaultClockArea_axiBuffer/fifo/xpm_fifo_base_inst/xpm_fifo_rst_inst/gen_rst_cc.fifo_wr_rst_cc_reg[2]/C
  -------------------------------------------------------------------    -------------------
                         FDSE (Prop_fdse_C_Q)         0.379     2.572 f  u_wb/defaultClockArea_axiBuffer/fifo/xpm_fifo_base_inst/xpm_fifo_rst_inst/gen_rst_cc.fifo_wr_rst_cc_reg[2]/Q
                         net (fo=51, unplaced)        0.445     3.017    u_wb/defaultClockArea_axiBuffer/fifo/xpm_fifo_base_inst/xpm_fifo_rst_inst/Q[0]
                         LUT2 (Prop_lut2_I0_O)        0.232     3.249 f  u_wb/defaultClockArea_axiBuffer/fifo/xpm_fifo_base_inst/xpm_fifo_rst_inst/wr_rst_busy_INST_0/O
                         net (fo=144, unplaced)       0.456     3.705    u_wb/defaultClockArea_axiBuffer/fifo_rd_rst_busy
                         LUT2 (Prop_lut2_I0_O)        0.105     3.810 r  u_wb/defaultClockArea_axiBuffer/fifo_i_76/O
                         net (fo=2, unplaced)         0.358     4.168    u_wb/defaultClockArea_axiBuffer/fifo_i_76_n_0
                         LUT6 (Prop_lut6_I0_O)        0.105     4.273 f  u_wb/defaultClockArea_axiBuffer/fifo_i_73/O
                         net (fo=71, unplaced)        0.438     4.711    u_wb/defaultClockArea_axiBuffer/when_AxiBuffer_l81__1
                         LUT4 (Prop_lut4_I0_O)        0.105     4.816 f  u_wb/defaultClockArea_axiBuffer/fifo_i_1/O
                         net (fo=11, unplaced)        0.393     5.209    u_wb/defaultClockArea_cpu/DCachePlugin_dataRAMs_1/wr_en
                         LUT3 (Prop_lut3_I2_O)        0.105     5.314 f  u_wb/defaultClockArea_cpu/DCachePlugin_dataRAMs_1/MEM_MEM1_to_MEM_MEM2_ISSUE_SLOT_wReg[5]_i_11/O
                         net (fo=1, unplaced)         0.347     5.661    u_wb/defaultClockArea_cpu/DCachePlugin_dataRAMs_1/p_8642_in
                         LUT5 (Prop_lut5_I3_O)        0.105     5.766 r  u_wb/defaultClockArea_cpu/DCachePlugin_dataRAMs_1/MEM_MEM1_to_MEM_MEM2_ISSUE_SLOT_wReg[5]_i_8/O
                         net (fo=1, unplaced)         0.347     6.113    u_wb/defaultClockArea_cpu/DCachePlugin_dataRAMs_1/MEM_MEM2_arbitration_haltItself
                         LUT6 (Prop_lut6_I0_O)        0.105     6.218 r  u_wb/defaultClockArea_cpu/DCachePlugin_dataRAMs_1/MEM_MEM1_to_MEM_MEM2_ISSUE_SLOT_wReg[5]_i_4/O
                         net (fo=1, unplaced)         0.347     6.565    u_wb/defaultClockArea_cpu/DCachePlugin_dataRAMs_1/MEM_MEM1_to_MEM_MEM2_ISSUE_SLOT_wReg[5]_i_4_n_0
                         LUT6 (Prop_lut6_I3_O)        0.105     6.670 f  u_wb/defaultClockArea_cpu/DCachePlugin_dataRAMs_1/MEM_MEM1_to_MEM_MEM2_ISSUE_SLOT_wReg[5]_i_1/O
                         net (fo=381, unplaced)       0.480     7.150    u_wb/defaultClockArea_cpu/DCachePlugin_dataRAMs_1/MEM_MEM2_arbitration_notStuck
                         LUT6 (Prop_lut6_I5_O)        0.105     7.255 f  u_wb/defaultClockArea_cpu/DCachePlugin_dataRAMs_1/MEM_ADDR_to_MEM_MEM1_MEMORY_WRITE_DATA[31]_i_3/O
                         net (fo=22, unplaced)        0.409     7.664    u_wb/defaultClockArea_cpu/DCachePlugin_dataRAMs_1_n_14
                         LUT2 (Prop_lut2_I1_O)        0.105     7.769 r  u_wb/defaultClockArea_cpu/MEM_ADDR_to_MEM_MEM1_MEMORY_WRITE_DATA[31]_i_1/O
                         net (fo=454, unplaced)       0.485     8.254    u_wb/defaultClockArea_cpu/MEM_MEM1_arbitration_notStuck
                         LUT5 (Prop_lut5_I4_O)        0.105     8.359 r  u_wb/defaultClockArea_cpu/PhysRegFilePlugin_busys_31_i_3/O
                         net (fo=45, unplaced)        0.427     8.786    u_wb/defaultClockArea_cpu/PhysRegFilePlugin_busys_31_i_3_n_0
                         LUT5 (Prop_lut5_I2_O)        0.105     8.891 r  u_wb/defaultClockArea_cpu/MulDivIssueQueuePlugin_queue_2_payload_rRegs_0_valid_i_54/O
                         net (fo=1, unplaced)         0.328     9.219    u_wb/defaultClockArea_cpu/unsignedDivider_2/MulDivIssueQueuePlugin_queue_2_payload_rRegs_0_valid_i_23_0
                         LUT6 (Prop_lut6_I0_O)        0.105     9.324 r  u_wb/defaultClockArea_cpu/unsignedDivider_2/MulDivIssueQueuePlugin_queue_2_payload_rRegs_0_valid_i_33/O
                         net (fo=1, unplaced)         0.347     9.671    u_wb/defaultClockArea_cpu/unsignedDivider_2/MulDivIssueQueuePlugin_queue_2_payload_rRegs_0_valid_i_33_n_0
                         LUT5 (Prop_lut5_I4_O)        0.105     9.776 r  u_wb/defaultClockArea_cpu/unsignedDivider_2/MulDivIssueQueuePlugin_queue_2_payload_rRegs_0_valid_i_23/O
                         net (fo=1, unplaced)         0.347    10.123    u_wb/defaultClockArea_cpu/unsignedDivider_2/MulDivIssueQueuePlugin_queue_2_payload_rRegs_0_valid_i_23_n_0
                         LUT6 (Prop_lut6_I5_O)        0.105    10.228 f  u_wb/defaultClockArea_cpu/unsignedDivider_2/MulDivIssueQueuePlugin_queue_2_payload_rRegs_0_valid_i_11/O
                         net (fo=15, unplaced)        0.400    10.628    u_wb/defaultClockArea_cpu/unsignedDivider_2/MulDivIssueQueuePlugin_queue_2_payload_rRegs_0_valid_i_11_n_0
                         LUT3 (Prop_lut3_I0_O)        0.105    10.733 r  u_wb/defaultClockArea_cpu/unsignedDivider_2/IntIssueQueuePlugin_queue_6_payload_rRegs_0_valid_i_2/O
                         net (fo=5, unplaced)         0.375    11.108    u_wb/defaultClockArea_cpu/unsignedDivider_2/IntIssueQueuePlugin_queue_6_payload_rRegs_0_valid_i_2_n_0
                         LUT2 (Prop_lut2_I1_O)        0.105    11.213 f  u_wb/defaultClockArea_cpu/unsignedDivider_2/IntIssueQueuePlugin_queue_1_payload_rRegs_0_valid_i_16/O
                         net (fo=1, unplaced)         0.347    11.560    u_wb/defaultClockArea_cpu/unsignedDivider_2/IntIssueQueuePlugin_queue_1_payload_rRegs_0_valid_i_16_n_0
                         LUT6 (Prop_lut6_I5_O)        0.105    11.665 r  u_wb/defaultClockArea_cpu/unsignedDivider_2/IntIssueQueuePlugin_queue_1_payload_rRegs_0_valid_i_3/O
                         net (fo=4, unplaced)         0.371    12.036    u_wb/defaultClockArea_cpu/unsignedDivider_2/IntIssueQueuePlugin_queue_1_payload_rRegs_0_valid_i_3_n_0
                         LUT3 (Prop_lut3_I2_O)        0.105    12.141 r  u_wb/defaultClockArea_cpu/unsignedDivider_2/IntIssueQueuePlugin_queue_3_payload_rRegs_0_valid_i_2/O
                         net (fo=1, unplaced)         0.347    12.488    u_wb/defaultClockArea_cpu/unsignedDivider_2/IntIssueQueuePlugin_queue_3_payload_rRegs_0_valid_i_2_n_0
                         LUT5 (Prop_lut5_I2_O)        0.105    12.593 r  u_wb/defaultClockArea_cpu/unsignedDivider_2/IntIssueQueuePlugin_queue_3_payload_rRegs_0_valid_i_1/O
                         net (fo=1, unplaced)         0.000    12.593    u_wb/defaultClockArea_cpu/unsignedDivider_2_n_37
                         FDRE                                         r  u_wb/defaultClockArea_cpu/IntIssueQueuePlugin_queue_3_payload_rRegs_0_valid_reg/D
  -------------------------------------------------------------------    -------------------

                         (clock aclk rise edge)      10.000    10.000 r  
                                                      0.000    10.000 r  aclk (IN)
                         net (fo=0)                   0.000    10.000    aclk
                         IBUF (Prop_ibuf_I_O)         0.751    10.751 r  aclk_IBUF_inst/O
                         net (fo=1, unplaced)         0.613    11.365    aclk_IBUF
                         BUFG (Prop_bufg_I_O)         0.077    11.442 r  aclk_IBUF_BUFG_inst/O
                         net (fo=17697, unplaced)     0.439    11.881    u_wb/defaultClockArea_cpu/aclk_IBUF_BUFG
                         FDRE                                         r  u_wb/defaultClockArea_cpu/IntIssueQueuePlugin_queue_3_payload_rRegs_0_valid_reg/C
                         clock pessimism              0.167    12.048    
                         clock uncertainty           -0.035    12.012    
                         FDRE (Setup_fdre_C_D)        0.029    12.041    u_wb/defaultClockArea_cpu/IntIssueQueuePlugin_queue_3_payload_rRegs_0_valid_reg
  -------------------------------------------------------------------
                         required time                         12.041    
                         arrival time                         -12.593    
  -------------------------------------------------------------------
                         slack                                 -0.551    

Slack (VIOLATED) :        -0.549ns  (required time - arrival time)
  Source:                 u_wb/defaultClockArea_axiBuffer/fifo/xpm_fifo_base_inst/xpm_fifo_rst_inst/gen_rst_cc.fifo_wr_rst_cc_reg[2]/C
                            (rising edge-triggered cell FDSE clocked by aclk  {rise@0.000ns fall@5.000ns period=10.000ns})
  Destination:            u_wb/defaultClockArea_cpu/IntIssueQueuePlugin_queue_0_payload_rRegs_0_valid_reg/D
                            (rising edge-triggered cell FDRE clocked by aclk  {rise@0.000ns fall@5.000ns period=10.000ns})
  Path Group:             aclk
  Path Type:              Setup (Max at Slow Process Corner)
  Requirement:            10.000ns  (aclk rise@10.000ns - aclk rise@0.000ns)
  Data Path Delay:        10.398ns  (logic 2.606ns (25.063%)  route 7.792ns (74.938%))
  Logic Levels:           20  (LUT2=3 LUT3=2 LUT4=2 LUT5=5 LUT6=8)
  Clock Path Skew:        -0.145ns (DCD - SCD + CPR)
    Destination Clock Delay (DCD):    1.881ns = ( 11.881 - 10.000 ) 
    Source Clock Delay      (SCD):    2.193ns
    Clock Pessimism Removal (CPR):    0.167ns
  Clock Uncertainty:      0.035ns  ((TSJ^2 + TIJ^2)^1/2 + DJ) / 2 + PE
    Total System Jitter     (TSJ):    0.071ns
    Total Input Jitter      (TIJ):    0.000ns
    Discrete Jitter          (DJ):    0.000ns
    Phase Error              (PE):    0.000ns

    Location             Delay type                Incr(ns)  Path(ns)    Netlist Resource(s)
  -------------------------------------------------------------------    -------------------
                         (clock aclk rise edge)       0.000     0.000 r  
                                                      0.000     0.000 r  aclk (IN)
                         net (fo=0)                   0.000     0.000    aclk
                         IBUF (Prop_ibuf_I_O)         0.882     0.882 r  aclk_IBUF_inst/O
                         net (fo=1, unplaced)         0.646     1.528    aclk_IBUF
                         BUFG (Prop_bufg_I_O)         0.081     1.609 r  aclk_IBUF_BUFG_inst/O
                         net (fo=17697, unplaced)     0.584     2.193    u_wb/defaultClockArea_axiBuffer/fifo/xpm_fifo_base_inst/xpm_fifo_rst_inst/wr_clk
                         FDSE                                         r  u_wb/defaultClockArea_axiBuffer/fifo/xpm_fifo_base_inst/xpm_fifo_rst_inst/gen_rst_cc.fifo_wr_rst_cc_reg[2]/C
  -------------------------------------------------------------------    -------------------
                         FDSE (Prop_fdse_C_Q)         0.379     2.572 f  u_wb/defaultClockArea_axiBuffer/fifo/xpm_fifo_base_inst/xpm_fifo_rst_inst/gen_rst_cc.fifo_wr_rst_cc_reg[2]/Q
                         net (fo=51, unplaced)        0.445     3.017    u_wb/defaultClockArea_axiBuffer/fifo/xpm_fifo_base_inst/xpm_fifo_rst_inst/Q[0]
                         LUT2 (Prop_lut2_I0_O)        0.232     3.249 f  u_wb/defaultClockArea_axiBuffer/fifo/xpm_fifo_base_inst/xpm_fifo_rst_inst/wr_rst_busy_INST_0/O
                         net (fo=144, unplaced)       0.456     3.705    u_wb/defaultClockArea_axiBuffer/fifo_rd_rst_busy
                         LUT2 (Prop_lut2_I0_O)        0.105     3.810 r  u_wb/defaultClockArea_axiBuffer/fifo_i_76/O
                         net (fo=2, unplaced)         0.358     4.168    u_wb/defaultClockArea_axiBuffer/fifo_i_76_n_0
                         LUT6 (Prop_lut6_I0_O)        0.105     4.273 f  u_wb/defaultClockArea_axiBuffer/fifo_i_73/O
                         net (fo=71, unplaced)        0.438     4.711    u_wb/defaultClockArea_axiBuffer/when_AxiBuffer_l81__1
                         LUT4 (Prop_lut4_I0_O)        0.105     4.816 f  u_wb/defaultClockArea_axiBuffer/fifo_i_1/O
                         net (fo=11, unplaced)        0.393     5.209    u_wb/defaultClockArea_cpu/DCachePlugin_dataRAMs_1/wr_en
                         LUT3 (Prop_lut3_I2_O)        0.105     5.314 f  u_wb/defaultClockArea_cpu/DCachePlugin_dataRAMs_1/MEM_MEM1_to_MEM_MEM2_ISSUE_SLOT_wReg[5]_i_11/O
                         net (fo=1, unplaced)         0.347     5.661    u_wb/defaultClockArea_cpu/DCachePlugin_dataRAMs_1/p_8642_in
                         LUT5 (Prop_lut5_I3_O)        0.105     5.766 r  u_wb/defaultClockArea_cpu/DCachePlugin_dataRAMs_1/MEM_MEM1_to_MEM_MEM2_ISSUE_SLOT_wReg[5]_i_8/O
                         net (fo=1, unplaced)         0.347     6.113    u_wb/defaultClockArea_cpu/DCachePlugin_dataRAMs_1/MEM_MEM2_arbitration_haltItself
                         LUT6 (Prop_lut6_I0_O)        0.105     6.218 r  u_wb/defaultClockArea_cpu/DCachePlugin_dataRAMs_1/MEM_MEM1_to_MEM_MEM2_ISSUE_SLOT_wReg[5]_i_4/O
                         net (fo=1, unplaced)         0.347     6.565    u_wb/defaultClockArea_cpu/DCachePlugin_dataRAMs_1/MEM_MEM1_to_MEM_MEM2_ISSUE_SLOT_wReg[5]_i_4_n_0
                         LUT6 (Prop_lut6_I3_O)        0.105     6.670 f  u_wb/defaultClockArea_cpu/DCachePlugin_dataRAMs_1/MEM_MEM1_to_MEM_MEM2_ISSUE_SLOT_wReg[5]_i_1/O
                         net (fo=381, unplaced)       0.480     7.150    u_wb/defaultClockArea_cpu/DCachePlugin_dataRAMs_1/MEM_MEM2_arbitration_notStuck
                         LUT6 (Prop_lut6_I5_O)        0.105     7.255 f  u_wb/defaultClockArea_cpu/DCachePlugin_dataRAMs_1/MEM_ADDR_to_MEM_MEM1_MEMORY_WRITE_DATA[31]_i_3/O
                         net (fo=22, unplaced)        0.409     7.664    u_wb/defaultClockArea_cpu/DCachePlugin_dataRAMs_1_n_14
                         LUT2 (Prop_lut2_I1_O)        0.105     7.769 r  u_wb/defaultClockArea_cpu/MEM_ADDR_to_MEM_MEM1_MEMORY_WRITE_DATA[31]_i_1/O
                         net (fo=454, unplaced)       0.485     8.254    u_wb/defaultClockArea_cpu/MEM_MEM1_arbitration_notStuck
                         LUT5 (Prop_lut5_I4_O)        0.105     8.359 r  u_wb/defaultClockArea_cpu/PhysRegFilePlugin_busys_31_i_3/O
                         net (fo=45, unplaced)        0.427     8.786    u_wb/defaultClockArea_cpu/PhysRegFilePlugin_busys_31_i_3_n_0
                         LUT5 (Prop_lut5_I2_O)        0.105     8.891 r  u_wb/defaultClockArea_cpu/MulDivIssueQueuePlugin_queue_2_payload_rRegs_0_valid_i_54/O
                         net (fo=1, unplaced)         0.328     9.219    u_wb/defaultClockArea_cpu/unsignedDivider_2/MulDivIssueQueuePlugin_queue_2_payload_rRegs_0_valid_i_23_0
                         LUT6 (Prop_lut6_I0_O)        0.105     9.324 r  u_wb/defaultClockArea_cpu/unsignedDivider_2/MulDivIssueQueuePlugin_queue_2_payload_rRegs_0_valid_i_33/O
                         net (fo=1, unplaced)         0.347     9.671    u_wb/defaultClockArea_cpu/unsignedDivider_2/MulDivIssueQueuePlugin_queue_2_payload_rRegs_0_valid_i_33_n_0
                         LUT5 (Prop_lut5_I4_O)        0.105     9.776 r  u_wb/defaultClockArea_cpu/unsignedDivider_2/MulDivIssueQueuePlugin_queue_2_payload_rRegs_0_valid_i_23/O
                         net (fo=1, unplaced)         0.347    10.123    u_wb/defaultClockArea_cpu/unsignedDivider_2/MulDivIssueQueuePlugin_queue_2_payload_rRegs_0_valid_i_23_n_0
                         LUT6 (Prop_lut6_I5_O)        0.105    10.228 f  u_wb/defaultClockArea_cpu/unsignedDivider_2/MulDivIssueQueuePlugin_queue_2_payload_rRegs_0_valid_i_11/O
                         net (fo=15, unplaced)        0.400    10.628    u_wb/defaultClockArea_cpu/unsignedDivider_2/MulDivIssueQueuePlugin_queue_2_payload_rRegs_0_valid_i_11_n_0
                         LUT5 (Prop_lut5_I0_O)        0.105    10.733 f  u_wb/defaultClockArea_cpu/unsignedDivider_2/IntIssueQueuePlugin_queue_2_payload_rRegs_0_valid_i_6/O
                         net (fo=6, unplaced)         0.379    11.112    u_wb/defaultClockArea_cpu/unsignedDivider_2/IntIssueQueuePlugin_queue_2_payload_rRegs_0_valid_i_6_n_0
                         LUT3 (Prop_lut3_I1_O)        0.105    11.217 r  u_wb/defaultClockArea_cpu/unsignedDivider_2/IntIssueQueuePlugin_queue_1_payload_rRegs_0_valid_i_35/O
                         net (fo=1, unplaced)         0.347    11.564    u_wb/defaultClockArea_cpu/unsignedDivider_2/IntIssueQueuePlugin_queue_1_payload_rRegs_0_valid_i_35_n_0
                         LUT6 (Prop_lut6_I5_O)        0.105    11.669 f  u_wb/defaultClockArea_cpu/unsignedDivider_2/IntIssueQueuePlugin_queue_1_payload_rRegs_0_valid_i_17/O
                         net (fo=3, unplaced)         0.365    12.034    u_wb/defaultClockArea_cpu/unsignedDivider_2/IntIssueQueuePlugin_queue_1_payload_rRegs_0_valid_i_17_n_0
                         LUT4 (Prop_lut4_I3_O)        0.105    12.139 r  u_wb/defaultClockArea_cpu/unsignedDivider_2/IntIssueQueuePlugin_queue_0_payload_rRegs_0_valid_i_2/O
                         net (fo=1, unplaced)         0.347    12.486    u_wb/defaultClockArea_cpu/unsignedDivider_2/IntIssueQueuePlugin_queue_0_payload_rRegs_0_valid_i_2_n_0
                         LUT6 (Prop_lut6_I0_O)        0.105    12.591 r  u_wb/defaultClockArea_cpu/unsignedDivider_2/IntIssueQueuePlugin_queue_0_payload_rRegs_0_valid_i_1/O
                         net (fo=1, unplaced)         0.000    12.591    u_wb/defaultClockArea_cpu/unsignedDivider_2_n_177
                         FDRE                                         r  u_wb/defaultClockArea_cpu/IntIssueQueuePlugin_queue_0_payload_rRegs_0_valid_reg/D
  -------------------------------------------------------------------    -------------------

                         (clock aclk rise edge)      10.000    10.000 r  
                                                      0.000    10.000 r  aclk (IN)
                         net (fo=0)                   0.000    10.000    aclk
                         IBUF (Prop_ibuf_I_O)         0.751    10.751 r  aclk_IBUF_inst/O
                         net (fo=1, unplaced)         0.613    11.365    aclk_IBUF
                         BUFG (Prop_bufg_I_O)         0.077    11.442 r  aclk_IBUF_BUFG_inst/O
                         net (fo=17697, unplaced)     0.439    11.881    u_wb/defaultClockArea_cpu/aclk_IBUF_BUFG
                         FDRE                                         r  u_wb/defaultClockArea_cpu/IntIssueQueuePlugin_queue_0_payload_rRegs_0_valid_reg/C
                         clock pessimism              0.167    12.048    
                         clock uncertainty           -0.035    12.012    
                         FDRE (Setup_fdre_C_D)        0.029    12.041    u_wb/defaultClockArea_cpu/IntIssueQueuePlugin_queue_0_payload_rRegs_0_valid_reg
  -------------------------------------------------------------------
                         required time                         12.041    
                         arrival time                         -12.591    
  -------------------------------------------------------------------
                         slack                                 -0.549    

Slack (VIOLATED) :        -0.549ns  (required time - arrival time)
  Source:                 u_wb/defaultClockArea_axiBuffer/fifo/xpm_fifo_base_inst/xpm_fifo_rst_inst/gen_rst_cc.fifo_wr_rst_cc_reg[2]/C
                            (rising edge-triggered cell FDSE clocked by aclk  {rise@0.000ns fall@5.000ns period=10.000ns})
  Destination:            u_wb/defaultClockArea_cpu/IntIssueQueuePlugin_queue_1_payload_rRegs_0_valid_reg/D
                            (rising edge-triggered cell FDRE clocked by aclk  {rise@0.000ns fall@5.000ns period=10.000ns})
  Path Group:             aclk
  Path Type:              Setup (Max at Slow Process Corner)
  Requirement:            10.000ns  (aclk rise@10.000ns - aclk rise@0.000ns)
  Data Path Delay:        10.398ns  (logic 2.606ns (25.063%)  route 7.792ns (74.938%))
  Logic Levels:           20  (LUT2=3 LUT3=3 LUT4=1 LUT5=6 LUT6=7)
  Clock Path Skew:        -0.145ns (DCD - SCD + CPR)
    Destination Clock Delay (DCD):    1.881ns = ( 11.881 - 10.000 ) 
    Source Clock Delay      (SCD):    2.193ns
    Clock Pessimism Removal (CPR):    0.167ns
  Clock Uncertainty:      0.035ns  ((TSJ^2 + TIJ^2)^1/2 + DJ) / 2 + PE
    Total System Jitter     (TSJ):    0.071ns
    Total Input Jitter      (TIJ):    0.000ns
    Discrete Jitter          (DJ):    0.000ns
    Phase Error              (PE):    0.000ns

    Location             Delay type                Incr(ns)  Path(ns)    Netlist Resource(s)
  -------------------------------------------------------------------    -------------------
                         (clock aclk rise edge)       0.000     0.000 r  
                                                      0.000     0.000 r  aclk (IN)
                         net (fo=0)                   0.000     0.000    aclk
                         IBUF (Prop_ibuf_I_O)         0.882     0.882 r  aclk_IBUF_inst/O
                         net (fo=1, unplaced)         0.646     1.528    aclk_IBUF
                         BUFG (Prop_bufg_I_O)         0.081     1.609 r  aclk_IBUF_BUFG_inst/O
                         net (fo=17697, unplaced)     0.584     2.193    u_wb/defaultClockArea_axiBuffer/fifo/xpm_fifo_base_inst/xpm_fifo_rst_inst/wr_clk
                         FDSE                                         r  u_wb/defaultClockArea_axiBuffer/fifo/xpm_fifo_base_inst/xpm_fifo_rst_inst/gen_rst_cc.fifo_wr_rst_cc_reg[2]/C
  -------------------------------------------------------------------    -------------------
                         FDSE (Prop_fdse_C_Q)         0.379     2.572 f  u_wb/defaultClockArea_axiBuffer/fifo/xpm_fifo_base_inst/xpm_fifo_rst_inst/gen_rst_cc.fifo_wr_rst_cc_reg[2]/Q
                         net (fo=51, unplaced)        0.445     3.017    u_wb/defaultClockArea_axiBuffer/fifo/xpm_fifo_base_inst/xpm_fifo_rst_inst/Q[0]
                         LUT2 (Prop_lut2_I0_O)        0.232     3.249 f  u_wb/defaultClockArea_axiBuffer/fifo/xpm_fifo_base_inst/xpm_fifo_rst_inst/wr_rst_busy_INST_0/O
                         net (fo=144, unplaced)       0.456     3.705    u_wb/defaultClockArea_axiBuffer/fifo_rd_rst_busy
                         LUT2 (Prop_lut2_I0_O)        0.105     3.810 r  u_wb/defaultClockArea_axiBuffer/fifo_i_76/O
                         net (fo=2, unplaced)         0.358     4.168    u_wb/defaultClockArea_axiBuffer/fifo_i_76_n_0
                         LUT6 (Prop_lut6_I0_O)        0.105     4.273 f  u_wb/defaultClockArea_axiBuffer/fifo_i_73/O
                         net (fo=71, unplaced)        0.438     4.711    u_wb/defaultClockArea_axiBuffer/when_AxiBuffer_l81__1
                         LUT4 (Prop_lut4_I0_O)        0.105     4.816 f  u_wb/defaultClockArea_axiBuffer/fifo_i_1/O
                         net (fo=11, unplaced)        0.393     5.209    u_wb/defaultClockArea_cpu/DCachePlugin_dataRAMs_1/wr_en
                         LUT3 (Prop_lut3_I2_O)        0.105     5.314 f  u_wb/defaultClockArea_cpu/DCachePlugin_dataRAMs_1/MEM_MEM1_to_MEM_MEM2_ISSUE_SLOT_wReg[5]_i_11/O
                         net (fo=1, unplaced)         0.347     5.661    u_wb/defaultClockArea_cpu/DCachePlugin_dataRAMs_1/p_8642_in
                         LUT5 (Prop_lut5_I3_O)        0.105     5.766 r  u_wb/defaultClockArea_cpu/DCachePlugin_dataRAMs_1/MEM_MEM1_to_MEM_MEM2_ISSUE_SLOT_wReg[5]_i_8/O
                         net (fo=1, unplaced)         0.347     6.113    u_wb/defaultClockArea_cpu/DCachePlugin_dataRAMs_1/MEM_MEM2_arbitration_haltItself
                         LUT6 (Prop_lut6_I0_O)        0.105     6.218 r  u_wb/defaultClockArea_cpu/DCachePlugin_dataRAMs_1/MEM_MEM1_to_MEM_MEM2_ISSUE_SLOT_wReg[5]_i_4/O
                         net (fo=1, unplaced)         0.347     6.565    u_wb/defaultClockArea_cpu/DCachePlugin_dataRAMs_1/MEM_MEM1_to_MEM_MEM2_ISSUE_SLOT_wReg[5]_i_4_n_0
                         LUT6 (Prop_lut6_I3_O)        0.105     6.670 f  u_wb/defaultClockArea_cpu/DCachePlugin_dataRAMs_1/MEM_MEM1_to_MEM_MEM2_ISSUE_SLOT_wReg[5]_i_1/O
                         net (fo=381, unplaced)       0.480     7.150    u_wb/defaultClockArea_cpu/DCachePlugin_dataRAMs_1/MEM_MEM2_arbitration_notStuck
                         LUT6 (Prop_lut6_I5_O)        0.105     7.255 f  u_wb/defaultClockArea_cpu/DCachePlugin_dataRAMs_1/MEM_ADDR_to_MEM_MEM1_MEMORY_WRITE_DATA[31]_i_3/O
                         net (fo=22, unplaced)        0.409     7.664    u_wb/defaultClockArea_cpu/DCachePlugin_dataRAMs_1_n_14
                         LUT2 (Prop_lut2_I1_O)        0.105     7.769 r  u_wb/defaultClockArea_cpu/MEM_ADDR_to_MEM_MEM1_MEMORY_WRITE_DATA[31]_i_1/O
                         net (fo=454, unplaced)       0.485     8.254    u_wb/defaultClockArea_cpu/MEM_MEM1_arbitration_notStuck
                         LUT5 (Prop_lut5_I4_O)        0.105     8.359 r  u_wb/defaultClockArea_cpu/PhysRegFilePlugin_busys_31_i_3/O
                         net (fo=45, unplaced)        0.427     8.786    u_wb/defaultClockArea_cpu/PhysRegFilePlugin_busys_31_i_3_n_0
                         LUT5 (Prop_lut5_I2_O)        0.105     8.891 r  u_wb/defaultClockArea_cpu/MulDivIssueQueuePlugin_queue_2_payload_rRegs_0_valid_i_54/O
                         net (fo=1, unplaced)         0.328     9.219    u_wb/defaultClockArea_cpu/unsignedDivider_2/MulDivIssueQueuePlugin_queue_2_payload_rRegs_0_valid_i_23_0
                         LUT6 (Prop_lut6_I0_O)        0.105     9.324 r  u_wb/defaultClockArea_cpu/unsignedDivider_2/MulDivIssueQueuePlugin_queue_2_payload_rRegs_0_valid_i_33/O
                         net (fo=1, unplaced)         0.347     9.671    u_wb/defaultClockArea_cpu/unsignedDivider_2/MulDivIssueQueuePlugin_queue_2_payload_rRegs_0_valid_i_33_n_0
                         LUT5 (Prop_lut5_I4_O)        0.105     9.776 r  u_wb/defaultClockArea_cpu/unsignedDivider_2/MulDivIssueQueuePlugin_queue_2_payload_rRegs_0_valid_i_23/O
                         net (fo=1, unplaced)         0.347    10.123    u_wb/defaultClockArea_cpu/unsignedDivider_2/MulDivIssueQueuePlugin_queue_2_payload_rRegs_0_valid_i_23_n_0
                         LUT6 (Prop_lut6_I5_O)        0.105    10.228 f  u_wb/defaultClockArea_cpu/unsignedDivider_2/MulDivIssueQueuePlugin_queue_2_payload_rRegs_0_valid_i_11/O
                         net (fo=15, unplaced)        0.400    10.628    u_wb/defaultClockArea_cpu/unsignedDivider_2/MulDivIssueQueuePlugin_queue_2_payload_rRegs_0_valid_i_11_n_0
                         LUT5 (Prop_lut5_I0_O)        0.105    10.733 f  u_wb/defaultClockArea_cpu/unsignedDivider_2/IntIssueQueuePlugin_queue_2_payload_rRegs_0_valid_i_6/O
                         net (fo=6, unplaced)         0.379    11.112    u_wb/defaultClockArea_cpu/unsignedDivider_2/IntIssueQueuePlugin_queue_2_payload_rRegs_0_valid_i_6_n_0
                         LUT3 (Prop_lut3_I1_O)        0.105    11.217 r  u_wb/defaultClockArea_cpu/unsignedDivider_2/IntIssueQueuePlugin_queue_1_payload_rRegs_0_valid_i_35/O
                         net (fo=1, unplaced)         0.347    11.564    u_wb/defaultClockArea_cpu/unsignedDivider_2/IntIssueQueuePlugin_queue_1_payload_rRegs_0_valid_i_35_n_0
                         LUT6 (Prop_lut6_I5_O)        0.105    11.669 f  u_wb/defaultClockArea_cpu/unsignedDivider_2/IntIssueQueuePlugin_queue_1_payload_rRegs_0_valid_i_17/O
                         net (fo=3, unplaced)         0.365    12.034    u_wb/defaultClockArea_cpu/unsignedDivider_2/IntIssueQueuePlugin_queue_1_payload_rRegs_0_valid_i_17_n_0
                         LUT3 (Prop_lut3_I0_O)        0.105    12.139 f  u_wb/defaultClockArea_cpu/unsignedDivider_2/IntIssueQueuePlugin_queue_1_payload_rRegs_0_valid_i_4/O
                         net (fo=1, unplaced)         0.347    12.486    u_wb/defaultClockArea_cpu/unsignedDivider_2/IntIssueQueuePlugin_queue_1_payload_rRegs_0_valid_i_4_n_0
                         LUT5 (Prop_lut5_I4_O)        0.105    12.591 r  u_wb/defaultClockArea_cpu/unsignedDivider_2/IntIssueQueuePlugin_queue_1_payload_rRegs_0_valid_i_1/O
                         net (fo=1, unplaced)         0.000    12.591    u_wb/defaultClockArea_cpu/unsignedDivider_2_n_43
                         FDRE                                         r  u_wb/defaultClockArea_cpu/IntIssueQueuePlugin_queue_1_payload_rRegs_0_valid_reg/D
  -------------------------------------------------------------------    -------------------

                         (clock aclk rise edge)      10.000    10.000 r  
                                                      0.000    10.000 r  aclk (IN)
                         net (fo=0)                   0.000    10.000    aclk
                         IBUF (Prop_ibuf_I_O)         0.751    10.751 r  aclk_IBUF_inst/O
                         net (fo=1, unplaced)         0.613    11.365    aclk_IBUF
                         BUFG (Prop_bufg_I_O)         0.077    11.442 r  aclk_IBUF_BUFG_inst/O
                         net (fo=17697, unplaced)     0.439    11.881    u_wb/defaultClockArea_cpu/aclk_IBUF_BUFG
                         FDRE                                         r  u_wb/defaultClockArea_cpu/IntIssueQueuePlugin_queue_1_payload_rRegs_0_valid_reg/C
                         clock pessimism              0.167    12.048    
                         clock uncertainty           -0.035    12.012    
                         FDRE (Setup_fdre_C_D)        0.029    12.041    u_wb/defaultClockArea_cpu/IntIssueQueuePlugin_queue_1_payload_rRegs_0_valid_reg
  -------------------------------------------------------------------
                         required time                         12.041    
                         arrival time                         -12.591    
  -------------------------------------------------------------------
                         slack                                 -0.549    

Slack (VIOLATED) :        -0.338ns  (required time - arrival time)
  Source:                 u_wb/defaultClockArea_axiBuffer/fifo/xpm_fifo_base_inst/xpm_fifo_rst_inst/gen_rst_cc.fifo_wr_rst_cc_reg[2]/C
                            (rising edge-triggered cell FDSE clocked by aclk  {rise@0.000ns fall@5.000ns period=10.000ns})
  Destination:            u_wb/defaultClockArea_cpu/IntIssueQueuePlugin_queue_3_payload_rRegs_1_valid_reg/D
                            (rising edge-triggered cell FDRE clocked by aclk  {rise@0.000ns fall@5.000ns period=10.000ns})
  Path Group:             aclk
  Path Type:              Setup (Max at Slow Process Corner)
  Requirement:            10.000ns  (aclk rise@10.000ns - aclk rise@0.000ns)
  Data Path Delay:        10.187ns  (logic 2.521ns (24.747%)  route 7.666ns (75.253%))
  Logic Levels:           19  (LUT2=3 LUT3=4 LUT4=1 LUT5=4 LUT6=7)
  Clock Path Skew:        -0.145ns (DCD - SCD + CPR)
    Destination Clock Delay (DCD):    1.881ns = ( 11.881 - 10.000 ) 
    Source Clock Delay      (SCD):    2.193ns
    Clock Pessimism Removal (CPR):    0.167ns
  Clock Uncertainty:      0.035ns  ((TSJ^2 + TIJ^2)^1/2 + DJ) / 2 + PE
    Total System Jitter     (TSJ):    0.071ns
    Total Input Jitter      (TIJ):    0.000ns
    Discrete Jitter          (DJ):    0.000ns
    Phase Error              (PE):    0.000ns

    Location             Delay type                Incr(ns)  Path(ns)    Netlist Resource(s)
  -------------------------------------------------------------------    -------------------
                         (clock aclk rise edge)       0.000     0.000 r  
                                                      0.000     0.000 r  aclk (IN)
                         net (fo=0)                   0.000     0.000    aclk
                         IBUF (Prop_ibuf_I_O)         0.882     0.882 r  aclk_IBUF_inst/O
                         net (fo=1, unplaced)         0.646     1.528    aclk_IBUF
                         BUFG (Prop_bufg_I_O)         0.081     1.609 r  aclk_IBUF_BUFG_inst/O
                         net (fo=17697, unplaced)     0.584     2.193    u_wb/defaultClockArea_axiBuffer/fifo/xpm_fifo_base_inst/xpm_fifo_rst_inst/wr_clk
                         FDSE                                         r  u_wb/defaultClockArea_axiBuffer/fifo/xpm_fifo_base_inst/xpm_fifo_rst_inst/gen_rst_cc.fifo_wr_rst_cc_reg[2]/C
  -------------------------------------------------------------------    -------------------
                         FDSE (Prop_fdse_C_Q)         0.379     2.572 f  u_wb/defaultClockArea_axiBuffer/fifo/xpm_fifo_base_inst/xpm_fifo_rst_inst/gen_rst_cc.fifo_wr_rst_cc_reg[2]/Q
                         net (fo=51, unplaced)        0.445     3.017    u_wb/defaultClockArea_axiBuffer/fifo/xpm_fifo_base_inst/xpm_fifo_rst_inst/Q[0]
                         LUT2 (Prop_lut2_I0_O)        0.232     3.249 f  u_wb/defaultClockArea_axiBuffer/fifo/xpm_fifo_base_inst/xpm_fifo_rst_inst/wr_rst_busy_INST_0/O
                         net (fo=144, unplaced)       0.456     3.705    u_wb/defaultClockArea_axiBuffer/fifo_rd_rst_busy
                         LUT2 (Prop_lut2_I0_O)        0.105     3.810 r  u_wb/defaultClockArea_axiBuffer/fifo_i_76/O
                         net (fo=2, unplaced)         0.358     4.168    u_wb/defaultClockArea_axiBuffer/fifo_i_76_n_0
                         LUT6 (Prop_lut6_I0_O)        0.105     4.273 f  u_wb/defaultClockArea_axiBuffer/fifo_i_73/O
                         net (fo=71, unplaced)        0.438     4.711    u_wb/defaultClockArea_axiBuffer/when_AxiBuffer_l81__1
                         LUT4 (Prop_lut4_I0_O)        0.105     4.816 f  u_wb/defaultClockArea_axiBuffer/fifo_i_1/O
                         net (fo=11, unplaced)        0.393     5.209    u_wb/defaultClockArea_cpu/DCachePlugin_dataRAMs_1/wr_en
                         LUT3 (Prop_lut3_I2_O)        0.105     5.314 f  u_wb/defaultClockArea_cpu/DCachePlugin_dataRAMs_1/MEM_MEM1_to_MEM_MEM2_ISSUE_SLOT_wReg[5]_i_11/O
                         net (fo=1, unplaced)         0.347     5.661    u_wb/defaultClockArea_cpu/DCachePlugin_dataRAMs_1/p_8642_in
                         LUT5 (Prop_lut5_I3_O)        0.105     5.766 r  u_wb/defaultClockArea_cpu/DCachePlugin_dataRAMs_1/MEM_MEM1_to_MEM_MEM2_ISSUE_SLOT_wReg[5]_i_8/O
                         net (fo=1, unplaced)         0.347     6.113    u_wb/defaultClockArea_cpu/DCachePlugin_dataRAMs_1/MEM_MEM2_arbitration_haltItself
                         LUT6 (Prop_lut6_I0_O)        0.105     6.218 r  u_wb/defaultClockArea_cpu/DCachePlugin_dataRAMs_1/MEM_MEM1_to_MEM_MEM2_ISSUE_SLOT_wReg[5]_i_4/O
                         net (fo=1, unplaced)         0.347     6.565    u_wb/defaultClockArea_cpu/DCachePlugin_dataRAMs_1/MEM_MEM1_to_MEM_MEM2_ISSUE_SLOT_wReg[5]_i_4_n_0
                         LUT6 (Prop_lut6_I3_O)        0.105     6.670 f  u_wb/defaultClockArea_cpu/DCachePlugin_dataRAMs_1/MEM_MEM1_to_MEM_MEM2_ISSUE_SLOT_wReg[5]_i_1/O
                         net (fo=381, unplaced)       0.480     7.150    u_wb/defaultClockArea_cpu/DCachePlugin_dataRAMs_1/MEM_MEM2_arbitration_notStuck
                         LUT6 (Prop_lut6_I5_O)        0.105     7.255 f  u_wb/defaultClockArea_cpu/DCachePlugin_dataRAMs_1/MEM_ADDR_to_MEM_MEM1_MEMORY_WRITE_DATA[31]_i_3/O
                         net (fo=22, unplaced)        0.409     7.664    u_wb/defaultClockArea_cpu/DCachePlugin_dataRAMs_1_n_14
                         LUT2 (Prop_lut2_I1_O)        0.105     7.769 r  u_wb/defaultClockArea_cpu/MEM_ADDR_to_MEM_MEM1_MEMORY_WRITE_DATA[31]_i_1/O
                         net (fo=454, unplaced)       0.485     8.254    u_wb/defaultClockArea_cpu/MEM_MEM1_arbitration_notStuck
                         LUT5 (Prop_lut5_I4_O)        0.105     8.359 r  u_wb/defaultClockArea_cpu/PhysRegFilePlugin_busys_31_i_3/O
                         net (fo=45, unplaced)        0.427     8.786    u_wb/defaultClockArea_cpu/PhysRegFilePlugin_busys_31_i_3_n_0
                         LUT6 (Prop_lut6_I5_O)        0.105     8.891 r  u_wb/defaultClockArea_cpu/MulDivIssueQueuePlugin_queue_2_payload_rRegs_1_valid_i_19/O
                         net (fo=1, unplaced)         0.328     9.219    u_wb/defaultClockArea_cpu/unsignedDivider_2/MemIssueQueuePlugin_queue_4_payload_rRegs_1_valid_i_11_1
                         LUT6 (Prop_lut6_I1_O)        0.105     9.324 r  u_wb/defaultClockArea_cpu/unsignedDivider_2/MulDivIssueQueuePlugin_queue_2_payload_rRegs_1_valid_i_13/O
                         net (fo=2, unplaced)         0.358     9.682    u_wb/defaultClockArea_cpu/unsignedDivider_2/MulDivIssueQueuePlugin_queue_2_payload_rRegs_1_valid_i_13_n_0
                         LUT3 (Prop_lut3_I0_O)        0.105     9.787 r  u_wb/defaultClockArea_cpu/unsignedDivider_2/MemIssueQueuePlugin_queue_4_payload_rRegs_1_valid_i_11/O
                         net (fo=8, unplaced)         0.620    10.407    u_wb/defaultClockArea_cpu/unsignedDivider_2/MemIssueQueuePlugin_queue_4_payload_rRegs_1_valid_i_11_n_0
                         LUT5 (Prop_lut5_I0_O)        0.105    10.512 r  u_wb/defaultClockArea_cpu/unsignedDivider_2/IntIssueQueuePlugin_queue_6_payload_rRegs_1_valid_i_8/O
                         net (fo=7, unplaced)         0.382    10.894    u_wb/defaultClockArea_cpu/unsignedDivider_2/IntIssueQueuePlugin_queue_6_payload_rRegs_1_valid_i_8_n_0
                         LUT3 (Prop_lut3_I1_O)        0.105    10.999 f  u_wb/defaultClockArea_cpu/unsignedDivider_2/IntIssueQueuePlugin_queue_1_payload_rRegs_1_valid_i_10/O
                         net (fo=1, unplaced)         0.347    11.346    u_wb/defaultClockArea_cpu/unsignedDivider_2/IntIssueQueuePlugin_queue_1_payload_rRegs_1_valid_i_10_n_0
                         LUT6 (Prop_lut6_I5_O)        0.105    11.451 r  u_wb/defaultClockArea_cpu/unsignedDivider_2/IntIssueQueuePlugin_queue_1_payload_rRegs_1_valid_i_2/O
                         net (fo=4, unplaced)         0.352    11.803    u_wb/defaultClockArea_cpu/unsignedDivider_2/IntIssueQueuePlugin_queue_1_payload_rRegs_1_valid_i_2_n_0
                         LUT3 (Prop_lut3_I0_O)        0.125    11.928 r  u_wb/defaultClockArea_cpu/unsignedDivider_2/IntIssueQueuePlugin_queue_3_payload_rRegs_1_valid_i_2/O
                         net (fo=1, unplaced)         0.347    12.275    u_wb/defaultClockArea_cpu/unsignedDivider_2/IntIssueQueuePlugin_queue_3_payload_rRegs_1_valid_i_2_n_0
                         LUT5 (Prop_lut5_I2_O)        0.105    12.380 r  u_wb/defaultClockArea_cpu/unsignedDivider_2/IntIssueQueuePlugin_queue_3_payload_rRegs_1_valid_i_1/O
                         net (fo=1, unplaced)         0.000    12.380    u_wb/defaultClockArea_cpu/unsignedDivider_2_n_35
                         FDRE                                         r  u_wb/defaultClockArea_cpu/IntIssueQueuePlugin_queue_3_payload_rRegs_1_valid_reg/D
  -------------------------------------------------------------------    -------------------

                         (clock aclk rise edge)      10.000    10.000 r  
                                                      0.000    10.000 r  aclk (IN)
                         net (fo=0)                   0.000    10.000    aclk
                         IBUF (Prop_ibuf_I_O)         0.751    10.751 r  aclk_IBUF_inst/O
                         net (fo=1, unplaced)         0.613    11.365    aclk_IBUF
                         BUFG (Prop_bufg_I_O)         0.077    11.442 r  aclk_IBUF_BUFG_inst/O
                         net (fo=17697, unplaced)     0.439    11.881    u_wb/defaultClockArea_cpu/aclk_IBUF_BUFG
                         FDRE                                         r  u_wb/defaultClockArea_cpu/IntIssueQueuePlugin_queue_3_payload_rRegs_1_valid_reg/C
                         clock pessimism              0.167    12.048    
                         clock uncertainty           -0.035    12.012    
                         FDRE (Setup_fdre_C_D)        0.029    12.041    u_wb/defaultClockArea_cpu/IntIssueQueuePlugin_queue_3_payload_rRegs_1_valid_reg
  -------------------------------------------------------------------
                         required time                         12.041    
                         arrival time                         -12.380    
  -------------------------------------------------------------------
                         slack                                 -0.338    

Slack (VIOLATED) :        -0.338ns  (required time - arrival time)
  Source:                 u_wb/defaultClockArea_axiBuffer/fifo/xpm_fifo_base_inst/xpm_fifo_rst_inst/gen_rst_cc.fifo_wr_rst_cc_reg[2]/C
                            (rising edge-triggered cell FDSE clocked by aclk  {rise@0.000ns fall@5.000ns period=10.000ns})
  Destination:            u_wb/defaultClockArea_cpu/IntIssueQueuePlugin_queue_4_payload_rRegs_0_valid_reg/D
                            (rising edge-triggered cell FDRE clocked by aclk  {rise@0.000ns fall@5.000ns period=10.000ns})
  Path Group:             aclk
  Path Type:              Setup (Max at Slow Process Corner)
  Requirement:            10.000ns  (aclk rise@10.000ns - aclk rise@0.000ns)
  Data Path Delay:        10.187ns  (logic 2.501ns (24.551%)  route 7.686ns (75.449%))
  Logic Levels:           19  (LUT2=3 LUT3=2 LUT4=1 LUT5=6 LUT6=7)
  Clock Path Skew:        -0.145ns (DCD - SCD + CPR)
    Destination Clock Delay (DCD):    1.881ns = ( 11.881 - 10.000 ) 
    Source Clock Delay      (SCD):    2.193ns
    Clock Pessimism Removal (CPR):    0.167ns
  Clock Uncertainty:      0.035ns  ((TSJ^2 + TIJ^2)^1/2 + DJ) / 2 + PE
    Total System Jitter     (TSJ):    0.071ns
    Total Input Jitter      (TIJ):    0.000ns
    Discrete Jitter          (DJ):    0.000ns
    Phase Error              (PE):    0.000ns

    Location             Delay type                Incr(ns)  Path(ns)    Netlist Resource(s)
  -------------------------------------------------------------------    -------------------
                         (clock aclk rise edge)       0.000     0.000 r  
                                                      0.000     0.000 r  aclk (IN)
                         net (fo=0)                   0.000     0.000    aclk
                         IBUF (Prop_ibuf_I_O)         0.882     0.882 r  aclk_IBUF_inst/O
                         net (fo=1, unplaced)         0.646     1.528    aclk_IBUF
                         BUFG (Prop_bufg_I_O)         0.081     1.609 r  aclk_IBUF_BUFG_inst/O
                         net (fo=17697, unplaced)     0.584     2.193    u_wb/defaultClockArea_axiBuffer/fifo/xpm_fifo_base_inst/xpm_fifo_rst_inst/wr_clk
                         FDSE                                         r  u_wb/defaultClockArea_axiBuffer/fifo/xpm_fifo_base_inst/xpm_fifo_rst_inst/gen_rst_cc.fifo_wr_rst_cc_reg[2]/C
  -------------------------------------------------------------------    -------------------
                         FDSE (Prop_fdse_C_Q)         0.379     2.572 f  u_wb/defaultClockArea_axiBuffer/fifo/xpm_fifo_base_inst/xpm_fifo_rst_inst/gen_rst_cc.fifo_wr_rst_cc_reg[2]/Q
                         net (fo=51, unplaced)        0.445     3.017    u_wb/defaultClockArea_axiBuffer/fifo/xpm_fifo_base_inst/xpm_fifo_rst_inst/Q[0]
                         LUT2 (Prop_lut2_I0_O)        0.232     3.249 f  u_wb/defaultClockArea_axiBuffer/fifo/xpm_fifo_base_inst/xpm_fifo_rst_inst/wr_rst_busy_INST_0/O
                         net (fo=144, unplaced)       0.456     3.705    u_wb/defaultClockArea_axiBuffer/fifo_rd_rst_busy
                         LUT2 (Prop_lut2_I0_O)        0.105     3.810 r  u_wb/defaultClockArea_axiBuffer/fifo_i_76/O
                         net (fo=2, unplaced)         0.358     4.168    u_wb/defaultClockArea_axiBuffer/fifo_i_76_n_0
                         LUT6 (Prop_lut6_I0_O)        0.105     4.273 f  u_wb/defaultClockArea_axiBuffer/fifo_i_73/O
                         net (fo=71, unplaced)        0.438     4.711    u_wb/defaultClockArea_axiBuffer/when_AxiBuffer_l81__1
                         LUT4 (Prop_lut4_I0_O)        0.105     4.816 f  u_wb/defaultClockArea_axiBuffer/fifo_i_1/O
                         net (fo=11, unplaced)        0.393     5.209    u_wb/defaultClockArea_cpu/DCachePlugin_dataRAMs_1/wr_en
                         LUT3 (Prop_lut3_I2_O)        0.105     5.314 f  u_wb/defaultClockArea_cpu/DCachePlugin_dataRAMs_1/MEM_MEM1_to_MEM_MEM2_ISSUE_SLOT_wReg[5]_i_11/O
                         net (fo=1, unplaced)         0.347     5.661    u_wb/defaultClockArea_cpu/DCachePlugin_dataRAMs_1/p_8642_in
                         LUT5 (Prop_lut5_I3_O)        0.105     5.766 r  u_wb/defaultClockArea_cpu/DCachePlugin_dataRAMs_1/MEM_MEM1_to_MEM_MEM2_ISSUE_SLOT_wReg[5]_i_8/O
                         net (fo=1, unplaced)         0.347     6.113    u_wb/defaultClockArea_cpu/DCachePlugin_dataRAMs_1/MEM_MEM2_arbitration_haltItself
                         LUT6 (Prop_lut6_I0_O)        0.105     6.218 r  u_wb/defaultClockArea_cpu/DCachePlugin_dataRAMs_1/MEM_MEM1_to_MEM_MEM2_ISSUE_SLOT_wReg[5]_i_4/O
                         net (fo=1, unplaced)         0.347     6.565    u_wb/defaultClockArea_cpu/DCachePlugin_dataRAMs_1/MEM_MEM1_to_MEM_MEM2_ISSUE_SLOT_wReg[5]_i_4_n_0
                         LUT6 (Prop_lut6_I3_O)        0.105     6.670 f  u_wb/defaultClockArea_cpu/DCachePlugin_dataRAMs_1/MEM_MEM1_to_MEM_MEM2_ISSUE_SLOT_wReg[5]_i_1/O
                         net (fo=381, unplaced)       0.480     7.150    u_wb/defaultClockArea_cpu/DCachePlugin_dataRAMs_1/MEM_MEM2_arbitration_notStuck
                         LUT6 (Prop_lut6_I5_O)        0.105     7.255 f  u_wb/defaultClockArea_cpu/DCachePlugin_dataRAMs_1/MEM_ADDR_to_MEM_MEM1_MEMORY_WRITE_DATA[31]_i_3/O
                         net (fo=22, unplaced)        0.409     7.664    u_wb/defaultClockArea_cpu/DCachePlugin_dataRAMs_1_n_14
                         LUT2 (Prop_lut2_I1_O)        0.105     7.769 r  u_wb/defaultClockArea_cpu/MEM_ADDR_to_MEM_MEM1_MEMORY_WRITE_DATA[31]_i_1/O
                         net (fo=454, unplaced)       0.485     8.254    u_wb/defaultClockArea_cpu/MEM_MEM1_arbitration_notStuck
                         LUT5 (Prop_lut5_I4_O)        0.105     8.359 r  u_wb/defaultClockArea_cpu/PhysRegFilePlugin_busys_31_i_3/O
                         net (fo=45, unplaced)        0.427     8.786    u_wb/defaultClockArea_cpu/PhysRegFilePlugin_busys_31_i_3_n_0
                         LUT5 (Prop_lut5_I2_O)        0.105     8.891 r  u_wb/defaultClockArea_cpu/MulDivIssueQueuePlugin_queue_2_payload_rRegs_0_valid_i_54/O
                         net (fo=1, unplaced)         0.328     9.219    u_wb/defaultClockArea_cpu/unsignedDivider_2/MulDivIssueQueuePlugin_queue_2_payload_rRegs_0_valid_i_23_0
                         LUT6 (Prop_lut6_I0_O)        0.105     9.324 r  u_wb/defaultClockArea_cpu/unsignedDivider_2/MulDivIssueQueuePlugin_queue_2_payload_rRegs_0_valid_i_33/O
                         net (fo=1, unplaced)         0.347     9.671    u_wb/defaultClockArea_cpu/unsignedDivider_2/MulDivIssueQueuePlugin_queue_2_payload_rRegs_0_valid_i_33_n_0
                         LUT5 (Prop_lut5_I4_O)        0.105     9.776 r  u_wb/defaultClockArea_cpu/unsignedDivider_2/MulDivIssueQueuePlugin_queue_2_payload_rRegs_0_valid_i_23/O
                         net (fo=1, unplaced)         0.347    10.123    u_wb/defaultClockArea_cpu/unsignedDivider_2/MulDivIssueQueuePlugin_queue_2_payload_rRegs_0_valid_i_23_n_0
                         LUT6 (Prop_lut6_I5_O)        0.105    10.228 f  u_wb/defaultClockArea_cpu/unsignedDivider_2/MulDivIssueQueuePlugin_queue_2_payload_rRegs_0_valid_i_11/O
                         net (fo=15, unplaced)        0.400    10.628    u_wb/defaultClockArea_cpu/unsignedDivider_2/MulDivIssueQueuePlugin_queue_2_payload_rRegs_0_valid_i_11_n_0
                         LUT5 (Prop_lut5_I0_O)        0.105    10.733 f  u_wb/defaultClockArea_cpu/unsignedDivider_2/IntIssueQueuePlugin_queue_2_payload_rRegs_0_valid_i_6/O
                         net (fo=6, unplaced)         0.379    11.112    u_wb/defaultClockArea_cpu/unsignedDivider_2/IntIssueQueuePlugin_queue_2_payload_rRegs_0_valid_i_6_n_0
                         LUT3 (Prop_lut3_I1_O)        0.105    11.217 r  u_wb/defaultClockArea_cpu/unsignedDivider_2/IntIssueQueuePlugin_queue_1_payload_rRegs_0_valid_i_6/O
                         net (fo=1, unplaced)         0.347    11.564    u_wb/defaultClockArea_cpu/unsignedDivider_2/IntIssueQueuePlugin_queue_1_payload_rRegs_0_valid_i_6_n_0
                         LUT6 (Prop_lut6_I1_O)        0.105    11.669 r  u_wb/defaultClockArea_cpu/unsignedDivider_2/IntIssueQueuePlugin_queue_1_payload_rRegs_0_valid_i_2/O
                         net (fo=4, unplaced)         0.606    12.275    u_wb/defaultClockArea_cpu/unsignedDivider_2/IntIssueQueuePlugin_queue_1_payload_rRegs_0_valid_i_2_n_0
                         LUT5 (Prop_lut5_I1_O)        0.105    12.380 r  u_wb/defaultClockArea_cpu/unsignedDivider_2/IntIssueQueuePlugin_queue_4_payload_rRegs_0_valid_i_1/O
                         net (fo=1, unplaced)         0.000    12.380    u_wb/defaultClockArea_cpu/unsignedDivider_2_n_42
                         FDRE                                         r  u_wb/defaultClockArea_cpu/IntIssueQueuePlugin_queue_4_payload_rRegs_0_valid_reg/D
  -------------------------------------------------------------------    -------------------

                         (clock aclk rise edge)      10.000    10.000 r  
                                                      0.000    10.000 r  aclk (IN)
                         net (fo=0)                   0.000    10.000    aclk
                         IBUF (Prop_ibuf_I_O)         0.751    10.751 r  aclk_IBUF_inst/O
                         net (fo=1, unplaced)         0.613    11.365    aclk_IBUF
                         BUFG (Prop_bufg_I_O)         0.077    11.442 r  aclk_IBUF_BUFG_inst/O
                         net (fo=17697, unplaced)     0.439    11.881    u_wb/defaultClockArea_cpu/aclk_IBUF_BUFG
                         FDRE                                         r  u_wb/defaultClockArea_cpu/IntIssueQueuePlugin_queue_4_payload_rRegs_0_valid_reg/C
                         clock pessimism              0.167    12.048    
                         clock uncertainty           -0.035    12.012    
                         FDRE (Setup_fdre_C_D)        0.029    12.041    u_wb/defaultClockArea_cpu/IntIssueQueuePlugin_queue_4_payload_rRegs_0_valid_reg
  -------------------------------------------------------------------
                         required time                         12.041    
                         arrival time                         -12.380    
  -------------------------------------------------------------------
                         slack                                 -0.338    

Slack (VIOLATED) :        -0.335ns  (required time - arrival time)
  Source:                 u_wb/defaultClockArea_axiBuffer/fifo/xpm_fifo_base_inst/xpm_fifo_rst_inst/gen_rst_cc.fifo_wr_rst_cc_reg[2]/C
                            (rising edge-triggered cell FDSE clocked by aclk  {rise@0.000ns fall@5.000ns period=10.000ns})
  Destination:            u_wb/defaultClockArea_cpu/IntIssueQueuePlugin_queue_2_payload_rRegs_1_valid_reg/D
                            (rising edge-triggered cell FDRE clocked by aclk  {rise@0.000ns fall@5.000ns period=10.000ns})
  Path Group:             aclk
  Path Type:              Setup (Max at Slow Process Corner)
  Requirement:            10.000ns  (aclk rise@10.000ns - aclk rise@0.000ns)
  Data Path Delay:        10.184ns  (logic 2.521ns (24.755%)  route 7.663ns (75.246%))
  Logic Levels:           19  (LUT2=3 LUT3=4 LUT4=1 LUT5=4 LUT6=7)
  Clock Path Skew:        -0.145ns (DCD - SCD + CPR)
    Destination Clock Delay (DCD):    1.881ns = ( 11.881 - 10.000 ) 
    Source Clock Delay      (SCD):    2.193ns
    Clock Pessimism Removal (CPR):    0.167ns
  Clock Uncertainty:      0.035ns  ((TSJ^2 + TIJ^2)^1/2 + DJ) / 2 + PE
    Total System Jitter     (TSJ):    0.071ns
    Total Input Jitter      (TIJ):    0.000ns
    Discrete Jitter          (DJ):    0.000ns
    Phase Error              (PE):    0.000ns

    Location             Delay type                Incr(ns)  Path(ns)    Netlist Resource(s)
  -------------------------------------------------------------------    -------------------
                         (clock aclk rise edge)       0.000     0.000 r  
                                                      0.000     0.000 r  aclk (IN)
                         net (fo=0)                   0.000     0.000    aclk
                         IBUF (Prop_ibuf_I_O)         0.882     0.882 r  aclk_IBUF_inst/O
                         net (fo=1, unplaced)         0.646     1.528    aclk_IBUF
                         BUFG (Prop_bufg_I_O)         0.081     1.609 r  aclk_IBUF_BUFG_inst/O
                         net (fo=17697, unplaced)     0.584     2.193    u_wb/defaultClockArea_axiBuffer/fifo/xpm_fifo_base_inst/xpm_fifo_rst_inst/wr_clk
                         FDSE                                         r  u_wb/defaultClockArea_axiBuffer/fifo/xpm_fifo_base_inst/xpm_fifo_rst_inst/gen_rst_cc.fifo_wr_rst_cc_reg[2]/C
  -------------------------------------------------------------------    -------------------
                         FDSE (Prop_fdse_C_Q)         0.379     2.572 f  u_wb/defaultClockArea_axiBuffer/fifo/xpm_fifo_base_inst/xpm_fifo_rst_inst/gen_rst_cc.fifo_wr_rst_cc_reg[2]/Q
                         net (fo=51, unplaced)        0.445     3.017    u_wb/defaultClockArea_axiBuffer/fifo/xpm_fifo_base_inst/xpm_fifo_rst_inst/Q[0]
                         LUT2 (Prop_lut2_I0_O)        0.232     3.249 f  u_wb/defaultClockArea_axiBuffer/fifo/xpm_fifo_base_inst/xpm_fifo_rst_inst/wr_rst_busy_INST_0/O
                         net (fo=144, unplaced)       0.456     3.705    u_wb/defaultClockArea_axiBuffer/fifo_rd_rst_busy
                         LUT2 (Prop_lut2_I0_O)        0.105     3.810 r  u_wb/defaultClockArea_axiBuffer/fifo_i_76/O
                         net (fo=2, unplaced)         0.358     4.168    u_wb/defaultClockArea_axiBuffer/fifo_i_76_n_0
                         LUT6 (Prop_lut6_I0_O)        0.105     4.273 f  u_wb/defaultClockArea_axiBuffer/fifo_i_73/O
                         net (fo=71, unplaced)        0.438     4.711    u_wb/defaultClockArea_axiBuffer/when_AxiBuffer_l81__1
                         LUT4 (Prop_lut4_I0_O)        0.105     4.816 f  u_wb/defaultClockArea_axiBuffer/fifo_i_1/O
                         net (fo=11, unplaced)        0.393     5.209    u_wb/defaultClockArea_cpu/DCachePlugin_dataRAMs_1/wr_en
                         LUT3 (Prop_lut3_I2_O)        0.105     5.314 f  u_wb/defaultClockArea_cpu/DCachePlugin_dataRAMs_1/MEM_MEM1_to_MEM_MEM2_ISSUE_SLOT_wReg[5]_i_11/O
                         net (fo=1, unplaced)         0.347     5.661    u_wb/defaultClockArea_cpu/DCachePlugin_dataRAMs_1/p_8642_in
                         LUT5 (Prop_lut5_I3_O)        0.105     5.766 r  u_wb/defaultClockArea_cpu/DCachePlugin_dataRAMs_1/MEM_MEM1_to_MEM_MEM2_ISSUE_SLOT_wReg[5]_i_8/O
                         net (fo=1, unplaced)         0.347     6.113    u_wb/defaultClockArea_cpu/DCachePlugin_dataRAMs_1/MEM_MEM2_arbitration_haltItself
                         LUT6 (Prop_lut6_I0_O)        0.105     6.218 r  u_wb/defaultClockArea_cpu/DCachePlugin_dataRAMs_1/MEM_MEM1_to_MEM_MEM2_ISSUE_SLOT_wReg[5]_i_4/O
                         net (fo=1, unplaced)         0.347     6.565    u_wb/defaultClockArea_cpu/DCachePlugin_dataRAMs_1/MEM_MEM1_to_MEM_MEM2_ISSUE_SLOT_wReg[5]_i_4_n_0
                         LUT6 (Prop_lut6_I3_O)        0.105     6.670 f  u_wb/defaultClockArea_cpu/DCachePlugin_dataRAMs_1/MEM_MEM1_to_MEM_MEM2_ISSUE_SLOT_wReg[5]_i_1/O
                         net (fo=381, unplaced)       0.480     7.150    u_wb/defaultClockArea_cpu/DCachePlugin_dataRAMs_1/MEM_MEM2_arbitration_notStuck
                         LUT6 (Prop_lut6_I5_O)        0.105     7.255 f  u_wb/defaultClockArea_cpu/DCachePlugin_dataRAMs_1/MEM_ADDR_to_MEM_MEM1_MEMORY_WRITE_DATA[31]_i_3/O
                         net (fo=22, unplaced)        0.409     7.664    u_wb/defaultClockArea_cpu/DCachePlugin_dataRAMs_1_n_14
                         LUT2 (Prop_lut2_I1_O)        0.105     7.769 r  u_wb/defaultClockArea_cpu/MEM_ADDR_to_MEM_MEM1_MEMORY_WRITE_DATA[31]_i_1/O
                         net (fo=454, unplaced)       0.485     8.254    u_wb/defaultClockArea_cpu/MEM_MEM1_arbitration_notStuck
                         LUT5 (Prop_lut5_I4_O)        0.105     8.359 r  u_wb/defaultClockArea_cpu/PhysRegFilePlugin_busys_31_i_3/O
                         net (fo=45, unplaced)        0.427     8.786    u_wb/defaultClockArea_cpu/PhysRegFilePlugin_busys_31_i_3_n_0
                         LUT6 (Prop_lut6_I5_O)        0.105     8.891 r  u_wb/defaultClockArea_cpu/MulDivIssueQueuePlugin_queue_2_payload_rRegs_1_valid_i_19/O
                         net (fo=1, unplaced)         0.328     9.219    u_wb/defaultClockArea_cpu/unsignedDivider_2/MemIssueQueuePlugin_queue_4_payload_rRegs_1_valid_i_11_1
                         LUT6 (Prop_lut6_I1_O)        0.105     9.324 r  u_wb/defaultClockArea_cpu/unsignedDivider_2/MulDivIssueQueuePlugin_queue_2_payload_rRegs_1_valid_i_13/O
                         net (fo=2, unplaced)         0.358     9.682    u_wb/defaultClockArea_cpu/unsignedDivider_2/MulDivIssueQueuePlugin_queue_2_payload_rRegs_1_valid_i_13_n_0
                         LUT3 (Prop_lut3_I0_O)        0.105     9.787 r  u_wb/defaultClockArea_cpu/unsignedDivider_2/MemIssueQueuePlugin_queue_4_payload_rRegs_1_valid_i_11/O
                         net (fo=8, unplaced)         0.620    10.407    u_wb/defaultClockArea_cpu/unsignedDivider_2/MemIssueQueuePlugin_queue_4_payload_rRegs_1_valid_i_11_n_0
                         LUT5 (Prop_lut5_I0_O)        0.105    10.512 f  u_wb/defaultClockArea_cpu/unsignedDivider_2/IntIssueQueuePlugin_queue_6_payload_rRegs_1_valid_i_3/O
                         net (fo=6, unplaced)         0.379    10.891    u_wb/defaultClockArea_cpu/unsignedDivider_2/IntIssueQueuePlugin_queue_6_payload_rRegs_1_valid_i_3_n_0
                         LUT3 (Prop_lut3_I1_O)        0.105    10.996 r  u_wb/defaultClockArea_cpu/unsignedDivider_2/IntIssueQueuePlugin_queue_1_payload_rRegs_1_valid_i_16/O
                         net (fo=1, unplaced)         0.347    11.343    u_wb/defaultClockArea_cpu/unsignedDivider_2/IntIssueQueuePlugin_queue_1_payload_rRegs_1_valid_i_16_n_0
                         LUT6 (Prop_lut6_I5_O)        0.105    11.448 f  u_wb/defaultClockArea_cpu/unsignedDivider_2/IntIssueQueuePlugin_queue_1_payload_rRegs_1_valid_i_3/O
                         net (fo=4, unplaced)         0.352    11.800    u_wb/defaultClockArea_cpu/unsignedDivider_2/IntIssueQueuePlugin_queue_1_payload_rRegs_1_valid_i_3_n_0
                         LUT3 (Prop_lut3_I0_O)        0.125    11.925 f  u_wb/defaultClockArea_cpu/unsignedDivider_2/IntIssueQueuePlugin_queue_2_payload_rRegs_1_valid_i_2/O
                         net (fo=1, unplaced)         0.347    12.272    u_wb/defaultClockArea_cpu/unsignedDivider_2/IntIssueQueuePlugin_queue_2_payload_rRegs_1_valid_i_2_n_0
                         LUT5 (Prop_lut5_I2_O)        0.105    12.377 r  u_wb/defaultClockArea_cpu/unsignedDivider_2/IntIssueQueuePlugin_queue_2_payload_rRegs_1_valid_i_1/O
                         net (fo=1, unplaced)         0.000    12.377    u_wb/defaultClockArea_cpu/unsignedDivider_2_n_46
                         FDRE                                         r  u_wb/defaultClockArea_cpu/IntIssueQueuePlugin_queue_2_payload_rRegs_1_valid_reg/D
  -------------------------------------------------------------------    -------------------

                         (clock aclk rise edge)      10.000    10.000 r  
                                                      0.000    10.000 r  aclk (IN)
                         net (fo=0)                   0.000    10.000    aclk
                         IBUF (Prop_ibuf_I_O)         0.751    10.751 r  aclk_IBUF_inst/O
                         net (fo=1, unplaced)         0.613    11.365    aclk_IBUF
                         BUFG (Prop_bufg_I_O)         0.077    11.442 r  aclk_IBUF_BUFG_inst/O
                         net (fo=17697, unplaced)     0.439    11.881    u_wb/defaultClockArea_cpu/aclk_IBUF_BUFG
                         FDRE                                         r  u_wb/defaultClockArea_cpu/IntIssueQueuePlugin_queue_2_payload_rRegs_1_valid_reg/C
                         clock pessimism              0.167    12.048    
                         clock uncertainty           -0.035    12.012    
                         FDRE (Setup_fdre_C_D)        0.029    12.041    u_wb/defaultClockArea_cpu/IntIssueQueuePlugin_queue_2_payload_rRegs_1_valid_reg
  -------------------------------------------------------------------
                         required time                         12.041    
                         arrival time                         -12.377    
  -------------------------------------------------------------------
                         slack                                 -0.335    

Slack (VIOLATED) :        -0.334ns  (required time - arrival time)
  Source:                 u_wb/defaultClockArea_axiBuffer/fifo/xpm_fifo_base_inst/xpm_fifo_rst_inst/gen_rst_cc.fifo_wr_rst_cc_reg[2]/C
                            (rising edge-triggered cell FDSE clocked by aclk  {rise@0.000ns fall@5.000ns period=10.000ns})
  Destination:            u_wb/defaultClockArea_cpu/IntIssueQueuePlugin_queue_0_payload_rRegs_1_valid_reg/D
                            (rising edge-triggered cell FDRE clocked by aclk  {rise@0.000ns fall@5.000ns period=10.000ns})
  Path Group:             aclk
  Path Type:              Setup (Max at Slow Process Corner)
  Requirement:            10.000ns  (aclk rise@10.000ns - aclk rise@0.000ns)
  Data Path Delay:        10.183ns  (logic 2.501ns (24.561%)  route 7.682ns (75.439%))
  Logic Levels:           19  (LUT2=3 LUT3=3 LUT4=2 LUT5=3 LUT6=8)
  Clock Path Skew:        -0.145ns (DCD - SCD + CPR)
    Destination Clock Delay (DCD):    1.881ns = ( 11.881 - 10.000 ) 
    Source Clock Delay      (SCD):    2.193ns
    Clock Pessimism Removal (CPR):    0.167ns
  Clock Uncertainty:      0.035ns  ((TSJ^2 + TIJ^2)^1/2 + DJ) / 2 + PE
    Total System Jitter     (TSJ):    0.071ns
    Total Input Jitter      (TIJ):    0.000ns
    Discrete Jitter          (DJ):    0.000ns
    Phase Error              (PE):    0.000ns

    Location             Delay type                Incr(ns)  Path(ns)    Netlist Resource(s)
  -------------------------------------------------------------------    -------------------
                         (clock aclk rise edge)       0.000     0.000 r  
                                                      0.000     0.000 r  aclk (IN)
                         net (fo=0)                   0.000     0.000    aclk
                         IBUF (Prop_ibuf_I_O)         0.882     0.882 r  aclk_IBUF_inst/O
                         net (fo=1, unplaced)         0.646     1.528    aclk_IBUF
                         BUFG (Prop_bufg_I_O)         0.081     1.609 r  aclk_IBUF_BUFG_inst/O
                         net (fo=17697, unplaced)     0.584     2.193    u_wb/defaultClockArea_axiBuffer/fifo/xpm_fifo_base_inst/xpm_fifo_rst_inst/wr_clk
                         FDSE                                         r  u_wb/defaultClockArea_axiBuffer/fifo/xpm_fifo_base_inst/xpm_fifo_rst_inst/gen_rst_cc.fifo_wr_rst_cc_reg[2]/C
  -------------------------------------------------------------------    -------------------
                         FDSE (Prop_fdse_C_Q)         0.379     2.572 f  u_wb/defaultClockArea_axiBuffer/fifo/xpm_fifo_base_inst/xpm_fifo_rst_inst/gen_rst_cc.fifo_wr_rst_cc_reg[2]/Q
                         net (fo=51, unplaced)        0.445     3.017    u_wb/defaultClockArea_axiBuffer/fifo/xpm_fifo_base_inst/xpm_fifo_rst_inst/Q[0]
                         LUT2 (Prop_lut2_I0_O)        0.232     3.249 f  u_wb/defaultClockArea_axiBuffer/fifo/xpm_fifo_base_inst/xpm_fifo_rst_inst/wr_rst_busy_INST_0/O
                         net (fo=144, unplaced)       0.456     3.705    u_wb/defaultClockArea_axiBuffer/fifo_rd_rst_busy
                         LUT2 (Prop_lut2_I0_O)        0.105     3.810 r  u_wb/defaultClockArea_axiBuffer/fifo_i_76/O
                         net (fo=2, unplaced)         0.358     4.168    u_wb/defaultClockArea_axiBuffer/fifo_i_76_n_0
                         LUT6 (Prop_lut6_I0_O)        0.105     4.273 f  u_wb/defaultClockArea_axiBuffer/fifo_i_73/O
                         net (fo=71, unplaced)        0.438     4.711    u_wb/defaultClockArea_axiBuffer/when_AxiBuffer_l81__1
                         LUT4 (Prop_lut4_I0_O)        0.105     4.816 f  u_wb/defaultClockArea_axiBuffer/fifo_i_1/O
                         net (fo=11, unplaced)        0.393     5.209    u_wb/defaultClockArea_cpu/DCachePlugin_dataRAMs_1/wr_en
                         LUT3 (Prop_lut3_I2_O)        0.105     5.314 f  u_wb/defaultClockArea_cpu/DCachePlugin_dataRAMs_1/MEM_MEM1_to_MEM_MEM2_ISSUE_SLOT_wReg[5]_i_11/O
                         net (fo=1, unplaced)         0.347     5.661    u_wb/defaultClockArea_cpu/DCachePlugin_dataRAMs_1/p_8642_in
                         LUT5 (Prop_lut5_I3_O)        0.105     5.766 r  u_wb/defaultClockArea_cpu/DCachePlugin_dataRAMs_1/MEM_MEM1_to_MEM_MEM2_ISSUE_SLOT_wReg[5]_i_8/O
                         net (fo=1, unplaced)         0.347     6.113    u_wb/defaultClockArea_cpu/DCachePlugin_dataRAMs_1/MEM_MEM2_arbitration_haltItself
                         LUT6 (Prop_lut6_I0_O)        0.105     6.218 r  u_wb/defaultClockArea_cpu/DCachePlugin_dataRAMs_1/MEM_MEM1_to_MEM_MEM2_ISSUE_SLOT_wReg[5]_i_4/O
                         net (fo=1, unplaced)         0.347     6.565    u_wb/defaultClockArea_cpu/DCachePlugin_dataRAMs_1/MEM_MEM1_to_MEM_MEM2_ISSUE_SLOT_wReg[5]_i_4_n_0
                         LUT6 (Prop_lut6_I3_O)        0.105     6.670 f  u_wb/defaultClockArea_cpu/DCachePlugin_dataRAMs_1/MEM_MEM1_to_MEM_MEM2_ISSUE_SLOT_wReg[5]_i_1/O
                         net (fo=381, unplaced)       0.480     7.150    u_wb/defaultClockArea_cpu/DCachePlugin_dataRAMs_1/MEM_MEM2_arbitration_notStuck
                         LUT6 (Prop_lut6_I5_O)        0.105     7.255 f  u_wb/defaultClockArea_cpu/DCachePlugin_dataRAMs_1/MEM_ADDR_to_MEM_MEM1_MEMORY_WRITE_DATA[31]_i_3/O
                         net (fo=22, unplaced)        0.409     7.664    u_wb/defaultClockArea_cpu/DCachePlugin_dataRAMs_1_n_14
                         LUT2 (Prop_lut2_I1_O)        0.105     7.769 r  u_wb/defaultClockArea_cpu/MEM_ADDR_to_MEM_MEM1_MEMORY_WRITE_DATA[31]_i_1/O
                         net (fo=454, unplaced)       0.485     8.254    u_wb/defaultClockArea_cpu/MEM_MEM1_arbitration_notStuck
                         LUT5 (Prop_lut5_I4_O)        0.105     8.359 r  u_wb/defaultClockArea_cpu/PhysRegFilePlugin_busys_31_i_3/O
                         net (fo=45, unplaced)        0.427     8.786    u_wb/defaultClockArea_cpu/PhysRegFilePlugin_busys_31_i_3_n_0
                         LUT6 (Prop_lut6_I5_O)        0.105     8.891 r  u_wb/defaultClockArea_cpu/MulDivIssueQueuePlugin_queue_2_payload_rRegs_1_valid_i_19/O
                         net (fo=1, unplaced)         0.328     9.219    u_wb/defaultClockArea_cpu/unsignedDivider_2/MemIssueQueuePlugin_queue_4_payload_rRegs_1_valid_i_11_1
                         LUT6 (Prop_lut6_I1_O)        0.105     9.324 r  u_wb/defaultClockArea_cpu/unsignedDivider_2/MulDivIssueQueuePlugin_queue_2_payload_rRegs_1_valid_i_13/O
                         net (fo=2, unplaced)         0.358     9.682    u_wb/defaultClockArea_cpu/unsignedDivider_2/MulDivIssueQueuePlugin_queue_2_payload_rRegs_1_valid_i_13_n_0
                         LUT3 (Prop_lut3_I0_O)        0.105     9.787 r  u_wb/defaultClockArea_cpu/unsignedDivider_2/MemIssueQueuePlugin_queue_4_payload_rRegs_1_valid_i_11/O
                         net (fo=8, unplaced)         0.620    10.407    u_wb/defaultClockArea_cpu/unsignedDivider_2/MemIssueQueuePlugin_queue_4_payload_rRegs_1_valid_i_11_n_0
                         LUT5 (Prop_lut5_I0_O)        0.105    10.512 f  u_wb/defaultClockArea_cpu/unsignedDivider_2/IntIssueQueuePlugin_queue_6_payload_rRegs_1_valid_i_3/O
                         net (fo=6, unplaced)         0.379    10.891    u_wb/defaultClockArea_cpu/unsignedDivider_2/IntIssueQueuePlugin_queue_6_payload_rRegs_1_valid_i_3_n_0
                         LUT3 (Prop_lut3_I1_O)        0.105    10.996 r  u_wb/defaultClockArea_cpu/unsignedDivider_2/IntIssueQueuePlugin_queue_1_payload_rRegs_1_valid_i_16/O
                         net (fo=1, unplaced)         0.347    11.343    u_wb/defaultClockArea_cpu/unsignedDivider_2/IntIssueQueuePlugin_queue_1_payload_rRegs_1_valid_i_16_n_0
                         LUT6 (Prop_lut6_I5_O)        0.105    11.448 f  u_wb/defaultClockArea_cpu/unsignedDivider_2/IntIssueQueuePlugin_queue_1_payload_rRegs_1_valid_i_3/O
                         net (fo=4, unplaced)         0.371    11.819    u_wb/defaultClockArea_cpu/unsignedDivider_2/IntIssueQueuePlugin_queue_1_payload_rRegs_1_valid_i_3_n_0
                         LUT4 (Prop_lut4_I3_O)        0.105    11.924 f  u_wb/defaultClockArea_cpu/unsignedDivider_2/IntIssueQueuePlugin_queue_0_payload_rRegs_1_valid_i_4/O
                         net (fo=1, unplaced)         0.347    12.271    u_wb/defaultClockArea_cpu/unsignedDivider_2/IntIssueQueuePlugin_queue_0_payload_rRegs_1_valid_i_4_n_0
                         LUT6 (Prop_lut6_I2_O)        0.105    12.376 r  u_wb/defaultClockArea_cpu/unsignedDivider_2/IntIssueQueuePlugin_queue_0_payload_rRegs_1_valid_i_1/O
                         net (fo=1, unplaced)         0.000    12.376    u_wb/defaultClockArea_cpu/unsignedDivider_2_n_176
                         FDRE                                         r  u_wb/defaultClockArea_cpu/IntIssueQueuePlugin_queue_0_payload_rRegs_1_valid_reg/D
  -------------------------------------------------------------------    -------------------

                         (clock aclk rise edge)      10.000    10.000 r  
                                                      0.000    10.000 r  aclk (IN)
                         net (fo=0)                   0.000    10.000    aclk
                         IBUF (Prop_ibuf_I_O)         0.751    10.751 r  aclk_IBUF_inst/O
                         net (fo=1, unplaced)         0.613    11.365    aclk_IBUF
                         BUFG (Prop_bufg_I_O)         0.077    11.442 r  aclk_IBUF_BUFG_inst/O
                         net (fo=17697, unplaced)     0.439    11.881    u_wb/defaultClockArea_cpu/aclk_IBUF_BUFG
                         FDRE                                         r  u_wb/defaultClockArea_cpu/IntIssueQueuePlugin_queue_0_payload_rRegs_1_valid_reg/C
                         clock pessimism              0.167    12.048    
                         clock uncertainty           -0.035    12.012    
                         FDRE (Setup_fdre_C_D)        0.029    12.041    u_wb/defaultClockArea_cpu/IntIssueQueuePlugin_queue_0_payload_rRegs_1_valid_reg
  -------------------------------------------------------------------
                         required time                         12.041    
                         arrival time                         -12.376    
  -------------------------------------------------------------------
                         slack                                 -0.334    

Slack (VIOLATED) :        -0.329ns  (required time - arrival time)
  Source:                 u_wb/defaultClockArea_axiBuffer/fifo/xpm_fifo_base_inst/xpm_fifo_rst_inst/gen_rst_cc.fifo_wr_rst_cc_reg[2]/C
                            (rising edge-triggered cell FDSE clocked by aclk  {rise@0.000ns fall@5.000ns period=10.000ns})
  Destination:            u_wb/defaultClockArea_cpu/IntIssueQueuePlugin_queue_1_payload_rRegs_1_valid_reg/D
                            (rising edge-triggered cell FDRE clocked by aclk  {rise@0.000ns fall@5.000ns period=10.000ns})
  Path Group:             aclk
  Path Type:              Setup (Max at Slow Process Corner)
  Requirement:            10.000ns  (aclk rise@10.000ns - aclk rise@0.000ns)
  Data Path Delay:        10.178ns  (logic 2.521ns (24.769%)  route 7.657ns (75.231%))
  Logic Levels:           19  (LUT2=3 LUT3=4 LUT4=1 LUT5=4 LUT6=7)
  Clock Path Skew:        -0.145ns (DCD - SCD + CPR)
    Destination Clock Delay (DCD):    1.881ns = ( 11.881 - 10.000 ) 
    Source Clock Delay      (SCD):    2.193ns
    Clock Pessimism Removal (CPR):    0.167ns
  Clock Uncertainty:      0.035ns  ((TSJ^2 + TIJ^2)^1/2 + DJ) / 2 + PE
    Total System Jitter     (TSJ):    0.071ns
    Total Input Jitter      (TIJ):    0.000ns
    Discrete Jitter          (DJ):    0.000ns
    Phase Error              (PE):    0.000ns

    Location             Delay type                Incr(ns)  Path(ns)    Netlist Resource(s)
  -------------------------------------------------------------------    -------------------
                         (clock aclk rise edge)       0.000     0.000 r  
                                                      0.000     0.000 r  aclk (IN)
                         net (fo=0)                   0.000     0.000    aclk
                         IBUF (Prop_ibuf_I_O)         0.882     0.882 r  aclk_IBUF_inst/O
                         net (fo=1, unplaced)         0.646     1.528    aclk_IBUF
                         BUFG (Prop_bufg_I_O)         0.081     1.609 r  aclk_IBUF_BUFG_inst/O
                         net (fo=17697, unplaced)     0.584     2.193    u_wb/defaultClockArea_axiBuffer/fifo/xpm_fifo_base_inst/xpm_fifo_rst_inst/wr_clk
                         FDSE                                         r  u_wb/defaultClockArea_axiBuffer/fifo/xpm_fifo_base_inst/xpm_fifo_rst_inst/gen_rst_cc.fifo_wr_rst_cc_reg[2]/C
  -------------------------------------------------------------------    -------------------
                         FDSE (Prop_fdse_C_Q)         0.379     2.572 f  u_wb/defaultClockArea_axiBuffer/fifo/xpm_fifo_base_inst/xpm_fifo_rst_inst/gen_rst_cc.fifo_wr_rst_cc_reg[2]/Q
                         net (fo=51, unplaced)        0.445     3.017    u_wb/defaultClockArea_axiBuffer/fifo/xpm_fifo_base_inst/xpm_fifo_rst_inst/Q[0]
                         LUT2 (Prop_lut2_I0_O)        0.232     3.249 f  u_wb/defaultClockArea_axiBuffer/fifo/xpm_fifo_base_inst/xpm_fifo_rst_inst/wr_rst_busy_INST_0/O
                         net (fo=144, unplaced)       0.456     3.705    u_wb/defaultClockArea_axiBuffer/fifo_rd_rst_busy
                         LUT2 (Prop_lut2_I0_O)        0.105     3.810 r  u_wb/defaultClockArea_axiBuffer/fifo_i_76/O
                         net (fo=2, unplaced)         0.358     4.168    u_wb/defaultClockArea_axiBuffer/fifo_i_76_n_0
                         LUT6 (Prop_lut6_I0_O)        0.105     4.273 f  u_wb/defaultClockArea_axiBuffer/fifo_i_73/O
                         net (fo=71, unplaced)        0.438     4.711    u_wb/defaultClockArea_axiBuffer/when_AxiBuffer_l81__1
                         LUT4 (Prop_lut4_I0_O)        0.105     4.816 f  u_wb/defaultClockArea_axiBuffer/fifo_i_1/O
                         net (fo=11, unplaced)        0.393     5.209    u_wb/defaultClockArea_cpu/DCachePlugin_dataRAMs_1/wr_en
                         LUT3 (Prop_lut3_I2_O)        0.105     5.314 f  u_wb/defaultClockArea_cpu/DCachePlugin_dataRAMs_1/MEM_MEM1_to_MEM_MEM2_ISSUE_SLOT_wReg[5]_i_11/O
                         net (fo=1, unplaced)         0.347     5.661    u_wb/defaultClockArea_cpu/DCachePlugin_dataRAMs_1/p_8642_in
                         LUT5 (Prop_lut5_I3_O)        0.105     5.766 r  u_wb/defaultClockArea_cpu/DCachePlugin_dataRAMs_1/MEM_MEM1_to_MEM_MEM2_ISSUE_SLOT_wReg[5]_i_8/O
                         net (fo=1, unplaced)         0.347     6.113    u_wb/defaultClockArea_cpu/DCachePlugin_dataRAMs_1/MEM_MEM2_arbitration_haltItself
                         LUT6 (Prop_lut6_I0_O)        0.105     6.218 r  u_wb/defaultClockArea_cpu/DCachePlugin_dataRAMs_1/MEM_MEM1_to_MEM_MEM2_ISSUE_SLOT_wReg[5]_i_4/O
                         net (fo=1, unplaced)         0.347     6.565    u_wb/defaultClockArea_cpu/DCachePlugin_dataRAMs_1/MEM_MEM1_to_MEM_MEM2_ISSUE_SLOT_wReg[5]_i_4_n_0
                         LUT6 (Prop_lut6_I3_O)        0.105     6.670 f  u_wb/defaultClockArea_cpu/DCachePlugin_dataRAMs_1/MEM_MEM1_to_MEM_MEM2_ISSUE_SLOT_wReg[5]_i_1/O
                         net (fo=381, unplaced)       0.480     7.150    u_wb/defaultClockArea_cpu/DCachePlugin_dataRAMs_1/MEM_MEM2_arbitration_notStuck
                         LUT6 (Prop_lut6_I5_O)        0.105     7.255 f  u_wb/defaultClockArea_cpu/DCachePlugin_dataRAMs_1/MEM_ADDR_to_MEM_MEM1_MEMORY_WRITE_DATA[31]_i_3/O
                         net (fo=22, unplaced)        0.409     7.664    u_wb/defaultClockArea_cpu/DCachePlugin_dataRAMs_1_n_14
                         LUT2 (Prop_lut2_I1_O)        0.105     7.769 r  u_wb/defaultClockArea_cpu/MEM_ADDR_to_MEM_MEM1_MEMORY_WRITE_DATA[31]_i_1/O
                         net (fo=454, unplaced)       0.485     8.254    u_wb/defaultClockArea_cpu/MEM_MEM1_arbitration_notStuck
                         LUT5 (Prop_lut5_I4_O)        0.105     8.359 r  u_wb/defaultClockArea_cpu/PhysRegFilePlugin_busys_31_i_3/O
                         net (fo=45, unplaced)        0.427     8.786    u_wb/defaultClockArea_cpu/PhysRegFilePlugin_busys_31_i_3_n_0
                         LUT6 (Prop_lut6_I5_O)        0.105     8.891 r  u_wb/defaultClockArea_cpu/MulDivIssueQueuePlugin_queue_2_payload_rRegs_1_valid_i_19/O
                         net (fo=1, unplaced)         0.328     9.219    u_wb/defaultClockArea_cpu/unsignedDivider_2/MemIssueQueuePlugin_queue_4_payload_rRegs_1_valid_i_11_1
                         LUT6 (Prop_lut6_I1_O)        0.105     9.324 r  u_wb/defaultClockArea_cpu/unsignedDivider_2/MulDivIssueQueuePlugin_queue_2_payload_rRegs_1_valid_i_13/O
                         net (fo=2, unplaced)         0.358     9.682    u_wb/defaultClockArea_cpu/unsignedDivider_2/MulDivIssueQueuePlugin_queue_2_payload_rRegs_1_valid_i_13_n_0
                         LUT3 (Prop_lut3_I0_O)        0.105     9.787 r  u_wb/defaultClockArea_cpu/unsignedDivider_2/MemIssueQueuePlugin_queue_4_payload_rRegs_1_valid_i_11/O
                         net (fo=8, unplaced)         0.620    10.407    u_wb/defaultClockArea_cpu/unsignedDivider_2/MemIssueQueuePlugin_queue_4_payload_rRegs_1_valid_i_11_n_0
                         LUT5 (Prop_lut5_I0_O)        0.105    10.512 f  u_wb/defaultClockArea_cpu/unsignedDivider_2/IntIssueQueuePlugin_queue_6_payload_rRegs_1_valid_i_3/O
                         net (fo=6, unplaced)         0.379    10.891    u_wb/defaultClockArea_cpu/unsignedDivider_2/IntIssueQueuePlugin_queue_6_payload_rRegs_1_valid_i_3_n_0
                         LUT3 (Prop_lut3_I1_O)        0.105    10.996 r  u_wb/defaultClockArea_cpu/unsignedDivider_2/IntIssueQueuePlugin_queue_1_payload_rRegs_1_valid_i_37/O
                         net (fo=1, unplaced)         0.347    11.343    u_wb/defaultClockArea_cpu/unsignedDivider_2/IntIssueQueuePlugin_queue_1_payload_rRegs_1_valid_i_37_n_0
                         LUT6 (Prop_lut6_I5_O)        0.105    11.448 f  u_wb/defaultClockArea_cpu/unsignedDivider_2/IntIssueQueuePlugin_queue_1_payload_rRegs_1_valid_i_17/O
                         net (fo=3, unplaced)         0.346    11.794    u_wb/defaultClockArea_cpu/unsignedDivider_2/IntIssueQueuePlugin_queue_1_payload_rRegs_1_valid_i_17_n_0
                         LUT3 (Prop_lut3_I0_O)        0.125    11.919 f  u_wb/defaultClockArea_cpu/unsignedDivider_2/IntIssueQueuePlugin_queue_1_payload_rRegs_1_valid_i_4/O
                         net (fo=1, unplaced)         0.347    12.266    u_wb/defaultClockArea_cpu/unsignedDivider_2/IntIssueQueuePlugin_queue_1_payload_rRegs_1_valid_i_4_n_0
                         LUT5 (Prop_lut5_I4_O)        0.105    12.371 r  u_wb/defaultClockArea_cpu/unsignedDivider_2/IntIssueQueuePlugin_queue_1_payload_rRegs_1_valid_i_1/O
                         net (fo=1, unplaced)         0.000    12.371    u_wb/defaultClockArea_cpu/unsignedDivider_2_n_44
                         FDRE                                         r  u_wb/defaultClockArea_cpu/IntIssueQueuePlugin_queue_1_payload_rRegs_1_valid_reg/D
  -------------------------------------------------------------------    -------------------

                         (clock aclk rise edge)      10.000    10.000 r  
                                                      0.000    10.000 r  aclk (IN)
                         net (fo=0)                   0.000    10.000    aclk
                         IBUF (Prop_ibuf_I_O)         0.751    10.751 r  aclk_IBUF_inst/O
                         net (fo=1, unplaced)         0.613    11.365    aclk_IBUF
                         BUFG (Prop_bufg_I_O)         0.077    11.442 r  aclk_IBUF_BUFG_inst/O
                         net (fo=17697, unplaced)     0.439    11.881    u_wb/defaultClockArea_cpu/aclk_IBUF_BUFG
                         FDRE                                         r  u_wb/defaultClockArea_cpu/IntIssueQueuePlugin_queue_1_payload_rRegs_1_valid_reg/C
                         clock pessimism              0.167    12.048    
                         clock uncertainty           -0.035    12.012    
                         FDRE (Setup_fdre_C_D)        0.029    12.041    u_wb/defaultClockArea_cpu/IntIssueQueuePlugin_queue_1_payload_rRegs_1_valid_reg
  -------------------------------------------------------------------
                         required time                         12.041    
                         arrival time                         -12.371    
  -------------------------------------------------------------------
                         slack                                 -0.329    

Slack (VIOLATED) :        -0.120ns  (required time - arrival time)
  Source:                 u_wb/defaultClockArea_axiBuffer/fifo/xpm_fifo_base_inst/xpm_fifo_rst_inst/gen_rst_cc.fifo_wr_rst_cc_reg[2]/C
                            (rising edge-triggered cell FDSE clocked by aclk  {rise@0.000ns fall@5.000ns period=10.000ns})
  Destination:            u_wb/defaultClockArea_cpu/IntIssueQueuePlugin_queue_4_payload_rRegs_1_valid_reg/D
                            (rising edge-triggered cell FDRE clocked by aclk  {rise@0.000ns fall@5.000ns period=10.000ns})
  Path Group:             aclk
  Path Type:              Setup (Max at Slow Process Corner)
  Requirement:            10.000ns  (aclk rise@10.000ns - aclk rise@0.000ns)
  Data Path Delay:        9.969ns  (logic 2.396ns (24.035%)  route 7.573ns (75.966%))
  Logic Levels:           18  (LUT2=3 LUT3=3 LUT4=1 LUT5=4 LUT6=7)
  Clock Path Skew:        -0.145ns (DCD - SCD + CPR)
    Destination Clock Delay (DCD):    1.881ns = ( 11.881 - 10.000 ) 
    Source Clock Delay      (SCD):    2.193ns
    Clock Pessimism Removal (CPR):    0.167ns
  Clock Uncertainty:      0.035ns  ((TSJ^2 + TIJ^2)^1/2 + DJ) / 2 + PE
    Total System Jitter     (TSJ):    0.071ns
    Total Input Jitter      (TIJ):    0.000ns
    Discrete Jitter          (DJ):    0.000ns
    Phase Error              (PE):    0.000ns

    Location             Delay type                Incr(ns)  Path(ns)    Netlist Resource(s)
  -------------------------------------------------------------------    -------------------
                         (clock aclk rise edge)       0.000     0.000 r  
                                                      0.000     0.000 r  aclk (IN)
                         net (fo=0)                   0.000     0.000    aclk
                         IBUF (Prop_ibuf_I_O)         0.882     0.882 r  aclk_IBUF_inst/O
                         net (fo=1, unplaced)         0.646     1.528    aclk_IBUF
                         BUFG (Prop_bufg_I_O)         0.081     1.609 r  aclk_IBUF_BUFG_inst/O
                         net (fo=17697, unplaced)     0.584     2.193    u_wb/defaultClockArea_axiBuffer/fifo/xpm_fifo_base_inst/xpm_fifo_rst_inst/wr_clk
                         FDSE                                         r  u_wb/defaultClockArea_axiBuffer/fifo/xpm_fifo_base_inst/xpm_fifo_rst_inst/gen_rst_cc.fifo_wr_rst_cc_reg[2]/C
  -------------------------------------------------------------------    -------------------
                         FDSE (Prop_fdse_C_Q)         0.379     2.572 f  u_wb/defaultClockArea_axiBuffer/fifo/xpm_fifo_base_inst/xpm_fifo_rst_inst/gen_rst_cc.fifo_wr_rst_cc_reg[2]/Q
                         net (fo=51, unplaced)        0.445     3.017    u_wb/defaultClockArea_axiBuffer/fifo/xpm_fifo_base_inst/xpm_fifo_rst_inst/Q[0]
                         LUT2 (Prop_lut2_I0_O)        0.232     3.249 f  u_wb/defaultClockArea_axiBuffer/fifo/xpm_fifo_base_inst/xpm_fifo_rst_inst/wr_rst_busy_INST_0/O
                         net (fo=144, unplaced)       0.456     3.705    u_wb/defaultClockArea_axiBuffer/fifo_rd_rst_busy
                         LUT2 (Prop_lut2_I0_O)        0.105     3.810 r  u_wb/defaultClockArea_axiBuffer/fifo_i_76/O
                         net (fo=2, unplaced)         0.358     4.168    u_wb/defaultClockArea_axiBuffer/fifo_i_76_n_0
                         LUT6 (Prop_lut6_I0_O)        0.105     4.273 f  u_wb/defaultClockArea_axiBuffer/fifo_i_73/O
                         net (fo=71, unplaced)        0.438     4.711    u_wb/defaultClockArea_axiBuffer/when_AxiBuffer_l81__1
                         LUT4 (Prop_lut4_I0_O)        0.105     4.816 f  u_wb/defaultClockArea_axiBuffer/fifo_i_1/O
                         net (fo=11, unplaced)        0.393     5.209    u_wb/defaultClockArea_cpu/DCachePlugin_dataRAMs_1/wr_en
                         LUT3 (Prop_lut3_I2_O)        0.105     5.314 f  u_wb/defaultClockArea_cpu/DCachePlugin_dataRAMs_1/MEM_MEM1_to_MEM_MEM2_ISSUE_SLOT_wReg[5]_i_11/O
                         net (fo=1, unplaced)         0.347     5.661    u_wb/defaultClockArea_cpu/DCachePlugin_dataRAMs_1/p_8642_in
                         LUT5 (Prop_lut5_I3_O)        0.105     5.766 r  u_wb/defaultClockArea_cpu/DCachePlugin_dataRAMs_1/MEM_MEM1_to_MEM_MEM2_ISSUE_SLOT_wReg[5]_i_8/O
                         net (fo=1, unplaced)         0.347     6.113    u_wb/defaultClockArea_cpu/DCachePlugin_dataRAMs_1/MEM_MEM2_arbitration_haltItself
                         LUT6 (Prop_lut6_I0_O)        0.105     6.218 r  u_wb/defaultClockArea_cpu/DCachePlugin_dataRAMs_1/MEM_MEM1_to_MEM_MEM2_ISSUE_SLOT_wReg[5]_i_4/O
                         net (fo=1, unplaced)         0.347     6.565    u_wb/defaultClockArea_cpu/DCachePlugin_dataRAMs_1/MEM_MEM1_to_MEM_MEM2_ISSUE_SLOT_wReg[5]_i_4_n_0
                         LUT6 (Prop_lut6_I3_O)        0.105     6.670 f  u_wb/defaultClockArea_cpu/DCachePlugin_dataRAMs_1/MEM_MEM1_to_MEM_MEM2_ISSUE_SLOT_wReg[5]_i_1/O
                         net (fo=381, unplaced)       0.480     7.150    u_wb/defaultClockArea_cpu/DCachePlugin_dataRAMs_1/MEM_MEM2_arbitration_notStuck
                         LUT6 (Prop_lut6_I5_O)        0.105     7.255 f  u_wb/defaultClockArea_cpu/DCachePlugin_dataRAMs_1/MEM_ADDR_to_MEM_MEM1_MEMORY_WRITE_DATA[31]_i_3/O
                         net (fo=22, unplaced)        0.409     7.664    u_wb/defaultClockArea_cpu/DCachePlugin_dataRAMs_1_n_14
                         LUT2 (Prop_lut2_I1_O)        0.105     7.769 r  u_wb/defaultClockArea_cpu/MEM_ADDR_to_MEM_MEM1_MEMORY_WRITE_DATA[31]_i_1/O
                         net (fo=454, unplaced)       0.485     8.254    u_wb/defaultClockArea_cpu/MEM_MEM1_arbitration_notStuck
                         LUT5 (Prop_lut5_I4_O)        0.105     8.359 r  u_wb/defaultClockArea_cpu/PhysRegFilePlugin_busys_31_i_3/O
                         net (fo=45, unplaced)        0.427     8.786    u_wb/defaultClockArea_cpu/PhysRegFilePlugin_busys_31_i_3_n_0
                         LUT6 (Prop_lut6_I5_O)        0.105     8.891 r  u_wb/defaultClockArea_cpu/MulDivIssueQueuePlugin_queue_2_payload_rRegs_1_valid_i_19/O
                         net (fo=1, unplaced)         0.328     9.219    u_wb/defaultClockArea_cpu/unsignedDivider_2/MemIssueQueuePlugin_queue_4_payload_rRegs_1_valid_i_11_1
                         LUT6 (Prop_lut6_I1_O)        0.105     9.324 r  u_wb/defaultClockArea_cpu/unsignedDivider_2/MulDivIssueQueuePlugin_queue_2_payload_rRegs_1_valid_i_13/O
                         net (fo=2, unplaced)         0.358     9.682    u_wb/defaultClockArea_cpu/unsignedDivider_2/MulDivIssueQueuePlugin_queue_2_payload_rRegs_1_valid_i_13_n_0
                         LUT3 (Prop_lut3_I0_O)        0.105     9.787 r  u_wb/defaultClockArea_cpu/unsignedDivider_2/MemIssueQueuePlugin_queue_4_payload_rRegs_1_valid_i_11/O
                         net (fo=8, unplaced)         0.620    10.407    u_wb/defaultClockArea_cpu/unsignedDivider_2/MemIssueQueuePlugin_queue_4_payload_rRegs_1_valid_i_11_n_0
                         LUT5 (Prop_lut5_I0_O)        0.105    10.512 r  u_wb/defaultClockArea_cpu/unsignedDivider_2/IntIssueQueuePlugin_queue_6_payload_rRegs_1_valid_i_8/O
                         net (fo=7, unplaced)         0.382    10.894    u_wb/defaultClockArea_cpu/unsignedDivider_2/IntIssueQueuePlugin_queue_6_payload_rRegs_1_valid_i_8_n_0
                         LUT3 (Prop_lut3_I1_O)        0.105    10.999 f  u_wb/defaultClockArea_cpu/unsignedDivider_2/IntIssueQueuePlugin_queue_1_payload_rRegs_1_valid_i_10/O
                         net (fo=1, unplaced)         0.347    11.346    u_wb/defaultClockArea_cpu/unsignedDivider_2/IntIssueQueuePlugin_queue_1_payload_rRegs_1_valid_i_10_n_0
                         LUT6 (Prop_lut6_I5_O)        0.105    11.451 r  u_wb/defaultClockArea_cpu/unsignedDivider_2/IntIssueQueuePlugin_queue_1_payload_rRegs_1_valid_i_2/O
                         net (fo=4, unplaced)         0.606    12.057    u_wb/defaultClockArea_cpu/unsignedDivider_2/IntIssueQueuePlugin_queue_1_payload_rRegs_1_valid_i_2_n_0
                         LUT5 (Prop_lut5_I1_O)        0.105    12.162 r  u_wb/defaultClockArea_cpu/unsignedDivider_2/IntIssueQueuePlugin_queue_4_payload_rRegs_1_valid_i_1/O
                         net (fo=1, unplaced)         0.000    12.162    u_wb/defaultClockArea_cpu/unsignedDivider_2_n_41
                         FDRE                                         r  u_wb/defaultClockArea_cpu/IntIssueQueuePlugin_queue_4_payload_rRegs_1_valid_reg/D
  -------------------------------------------------------------------    -------------------

                         (clock aclk rise edge)      10.000    10.000 r  
                                                      0.000    10.000 r  aclk (IN)
                         net (fo=0)                   0.000    10.000    aclk
                         IBUF (Prop_ibuf_I_O)         0.751    10.751 r  aclk_IBUF_inst/O
                         net (fo=1, unplaced)         0.613    11.365    aclk_IBUF
                         BUFG (Prop_bufg_I_O)         0.077    11.442 r  aclk_IBUF_BUFG_inst/O
                         net (fo=17697, unplaced)     0.439    11.881    u_wb/defaultClockArea_cpu/aclk_IBUF_BUFG
                         FDRE                                         r  u_wb/defaultClockArea_cpu/IntIssueQueuePlugin_queue_4_payload_rRegs_1_valid_reg/C
                         clock pessimism              0.167    12.048    
                         clock uncertainty           -0.035    12.012    
                         FDRE (Setup_fdre_C_D)        0.029    12.041    u_wb/defaultClockArea_cpu/IntIssueQueuePlugin_queue_4_payload_rRegs_1_valid_reg
  -------------------------------------------------------------------
                         required time                         12.041    
                         arrival time                         -12.162    
  -------------------------------------------------------------------
                         slack                                 -0.120    

Slack (VIOLATED) :        -0.089ns  (required time - arrival time)
  Source:                 u_wb/defaultClockArea_axiBuffer/fifo/xpm_fifo_base_inst/xpm_fifo_rst_inst/gen_rst_cc.fifo_wr_rst_cc_reg[2]/C
                            (rising edge-triggered cell FDSE clocked by aclk  {rise@0.000ns fall@5.000ns period=10.000ns})
  Destination:            u_wb/defaultClockArea_cpu/IntIssueQueuePlugin_queue_5_payload_rRegs_0_valid_reg/D
                            (rising edge-triggered cell FDRE clocked by aclk  {rise@0.000ns fall@5.000ns period=10.000ns})
  Path Group:             aclk
  Path Type:              Setup (Max at Slow Process Corner)
  Requirement:            10.000ns  (aclk rise@10.000ns - aclk rise@0.000ns)
  Data Path Delay:        9.938ns  (logic 2.501ns (25.166%)  route 7.437ns (74.834%))
  Logic Levels:           19  (LUT2=4 LUT3=2 LUT4=1 LUT5=5 LUT6=7)
  Clock Path Skew:        -0.145ns (DCD - SCD + CPR)
    Destination Clock Delay (DCD):    1.881ns = ( 11.881 - 10.000 ) 
    Source Clock Delay      (SCD):    2.193ns
    Clock Pessimism Removal (CPR):    0.167ns
  Clock Uncertainty:      0.035ns  ((TSJ^2 + TIJ^2)^1/2 + DJ) / 2 + PE
    Total System Jitter     (TSJ):    0.071ns
    Total Input Jitter      (TIJ):    0.000ns
    Discrete Jitter          (DJ):    0.000ns
    Phase Error              (PE):    0.000ns

    Location             Delay type                Incr(ns)  Path(ns)    Netlist Resource(s)
  -------------------------------------------------------------------    -------------------
                         (clock aclk rise edge)       0.000     0.000 r  
                                                      0.000     0.000 r  aclk (IN)
                         net (fo=0)                   0.000     0.000    aclk
                         IBUF (Prop_ibuf_I_O)         0.882     0.882 r  aclk_IBUF_inst/O
                         net (fo=1, unplaced)         0.646     1.528    aclk_IBUF
                         BUFG (Prop_bufg_I_O)         0.081     1.609 r  aclk_IBUF_BUFG_inst/O
                         net (fo=17697, unplaced)     0.584     2.193    u_wb/defaultClockArea_axiBuffer/fifo/xpm_fifo_base_inst/xpm_fifo_rst_inst/wr_clk
                         FDSE                                         r  u_wb/defaultClockArea_axiBuffer/fifo/xpm_fifo_base_inst/xpm_fifo_rst_inst/gen_rst_cc.fifo_wr_rst_cc_reg[2]/C
  -------------------------------------------------------------------    -------------------
                         FDSE (Prop_fdse_C_Q)         0.379     2.572 f  u_wb/defaultClockArea_axiBuffer/fifo/xpm_fifo_base_inst/xpm_fifo_rst_inst/gen_rst_cc.fifo_wr_rst_cc_reg[2]/Q
                         net (fo=51, unplaced)        0.445     3.017    u_wb/defaultClockArea_axiBuffer/fifo/xpm_fifo_base_inst/xpm_fifo_rst_inst/Q[0]
                         LUT2 (Prop_lut2_I0_O)        0.232     3.249 f  u_wb/defaultClockArea_axiBuffer/fifo/xpm_fifo_base_inst/xpm_fifo_rst_inst/wr_rst_busy_INST_0/O
                         net (fo=144, unplaced)       0.456     3.705    u_wb/defaultClockArea_axiBuffer/fifo_rd_rst_busy
                         LUT2 (Prop_lut2_I0_O)        0.105     3.810 r  u_wb/defaultClockArea_axiBuffer/fifo_i_76/O
                         net (fo=2, unplaced)         0.358     4.168    u_wb/defaultClockArea_axiBuffer/fifo_i_76_n_0
                         LUT6 (Prop_lut6_I0_O)        0.105     4.273 f  u_wb/defaultClockArea_axiBuffer/fifo_i_73/O
                         net (fo=71, unplaced)        0.438     4.711    u_wb/defaultClockArea_axiBuffer/when_AxiBuffer_l81__1
                         LUT4 (Prop_lut4_I0_O)        0.105     4.816 f  u_wb/defaultClockArea_axiBuffer/fifo_i_1/O
                         net (fo=11, unplaced)        0.393     5.209    u_wb/defaultClockArea_cpu/DCachePlugin_dataRAMs_1/wr_en
                         LUT3 (Prop_lut3_I2_O)        0.105     5.314 f  u_wb/defaultClockArea_cpu/DCachePlugin_dataRAMs_1/MEM_MEM1_to_MEM_MEM2_ISSUE_SLOT_wReg[5]_i_11/O
                         net (fo=1, unplaced)         0.347     5.661    u_wb/defaultClockArea_cpu/DCachePlugin_dataRAMs_1/p_8642_in
                         LUT5 (Prop_lut5_I3_O)        0.105     5.766 r  u_wb/defaultClockArea_cpu/DCachePlugin_dataRAMs_1/MEM_MEM1_to_MEM_MEM2_ISSUE_SLOT_wReg[5]_i_8/O
                         net (fo=1, unplaced)         0.347     6.113    u_wb/defaultClockArea_cpu/DCachePlugin_dataRAMs_1/MEM_MEM2_arbitration_haltItself
                         LUT6 (Prop_lut6_I0_O)        0.105     6.218 r  u_wb/defaultClockArea_cpu/DCachePlugin_dataRAMs_1/MEM_MEM1_to_MEM_MEM2_ISSUE_SLOT_wReg[5]_i_4/O
                         net (fo=1, unplaced)         0.347     6.565    u_wb/defaultClockArea_cpu/DCachePlugin_dataRAMs_1/MEM_MEM1_to_MEM_MEM2_ISSUE_SLOT_wReg[5]_i_4_n_0
                         LUT6 (Prop_lut6_I3_O)        0.105     6.670 f  u_wb/defaultClockArea_cpu/DCachePlugin_dataRAMs_1/MEM_MEM1_to_MEM_MEM2_ISSUE_SLOT_wReg[5]_i_1/O
                         net (fo=381, unplaced)       0.480     7.150    u_wb/defaultClockArea_cpu/DCachePlugin_dataRAMs_1/MEM_MEM2_arbitration_notStuck
                         LUT6 (Prop_lut6_I5_O)        0.105     7.255 f  u_wb/defaultClockArea_cpu/DCachePlugin_dataRAMs_1/MEM_ADDR_to_MEM_MEM1_MEMORY_WRITE_DATA[31]_i_3/O
                         net (fo=22, unplaced)        0.409     7.664    u_wb/defaultClockArea_cpu/DCachePlugin_dataRAMs_1_n_14
                         LUT2 (Prop_lut2_I1_O)        0.105     7.769 r  u_wb/defaultClockArea_cpu/MEM_ADDR_to_MEM_MEM1_MEMORY_WRITE_DATA[31]_i_1/O
                         net (fo=454, unplaced)       0.485     8.254    u_wb/defaultClockArea_cpu/MEM_MEM1_arbitration_notStuck
                         LUT5 (Prop_lut5_I4_O)        0.105     8.359 r  u_wb/defaultClockArea_cpu/PhysRegFilePlugin_busys_31_i_3/O
                         net (fo=45, unplaced)        0.427     8.786    u_wb/defaultClockArea_cpu/PhysRegFilePlugin_busys_31_i_3_n_0
                         LUT5 (Prop_lut5_I2_O)        0.105     8.891 r  u_wb/defaultClockArea_cpu/MulDivIssueQueuePlugin_queue_2_payload_rRegs_0_valid_i_54/O
                         net (fo=1, unplaced)         0.328     9.219    u_wb/defaultClockArea_cpu/unsignedDivider_2/MulDivIssueQueuePlugin_queue_2_payload_rRegs_0_valid_i_23_0
                         LUT6 (Prop_lut6_I0_O)        0.105     9.324 r  u_wb/defaultClockArea_cpu/unsignedDivider_2/MulDivIssueQueuePlugin_queue_2_payload_rRegs_0_valid_i_33/O
                         net (fo=1, unplaced)         0.347     9.671    u_wb/defaultClockArea_cpu/unsignedDivider_2/MulDivIssueQueuePlugin_queue_2_payload_rRegs_0_valid_i_33_n_0
                         LUT5 (Prop_lut5_I4_O)        0.105     9.776 r  u_wb/defaultClockArea_cpu/unsignedDivider_2/MulDivIssueQueuePlugin_queue_2_payload_rRegs_0_valid_i_23/O
                         net (fo=1, unplaced)         0.347    10.123    u_wb/defaultClockArea_cpu/unsignedDivider_2/MulDivIssueQueuePlugin_queue_2_payload_rRegs_0_valid_i_23_n_0
                         LUT6 (Prop_lut6_I5_O)        0.105    10.228 f  u_wb/defaultClockArea_cpu/unsignedDivider_2/MulDivIssueQueuePlugin_queue_2_payload_rRegs_0_valid_i_11/O
                         net (fo=15, unplaced)        0.400    10.628    u_wb/defaultClockArea_cpu/unsignedDivider_2/MulDivIssueQueuePlugin_queue_2_payload_rRegs_0_valid_i_11_n_0
                         LUT5 (Prop_lut5_I0_O)        0.105    10.733 r  u_wb/defaultClockArea_cpu/unsignedDivider_2/IntIssueQueuePlugin_queue_6_payload_rRegs_0_valid_i_8/O
                         net (fo=3, unplaced)         0.365    11.098    u_wb/defaultClockArea_cpu/unsignedDivider_2/IntIssueQueuePlugin_queue_6_payload_rRegs_0_valid_i_8_n_0
                         LUT2 (Prop_lut2_I1_O)        0.105    11.203 f  u_wb/defaultClockArea_cpu/unsignedDivider_2/IntIssueQueuePlugin_queue_2_payload_rRegs_0_valid_i_4/O
                         net (fo=1, unplaced)         0.347    11.550    u_wb/defaultClockArea_cpu/unsignedDivider_2/IntIssueQueuePlugin_queue_2_payload_rRegs_0_valid_i_4_n_0
                         LUT6 (Prop_lut6_I2_O)        0.105    11.655 r  u_wb/defaultClockArea_cpu/unsignedDivider_2/IntIssueQueuePlugin_queue_2_payload_rRegs_0_valid_i_3/O
                         net (fo=4, unplaced)         0.371    12.026    u_wb/defaultClockArea_cpu/unsignedDivider_2/IntIssueQueuePlugin_queue_2_payload_rRegs_0_valid_i_3_n_0
                         LUT3 (Prop_lut3_I2_O)        0.105    12.131 r  u_wb/defaultClockArea_cpu/unsignedDivider_2/IntIssueQueuePlugin_queue_5_payload_rRegs_0_valid_i_1/O
                         net (fo=1, unplaced)         0.000    12.131    u_wb/defaultClockArea_cpu/unsignedDivider_2_n_40
                         FDRE                                         r  u_wb/defaultClockArea_cpu/IntIssueQueuePlugin_queue_5_payload_rRegs_0_valid_reg/D
  -------------------------------------------------------------------    -------------------

                         (clock aclk rise edge)      10.000    10.000 r  
                                                      0.000    10.000 r  aclk (IN)
                         net (fo=0)                   0.000    10.000    aclk
                         IBUF (Prop_ibuf_I_O)         0.751    10.751 r  aclk_IBUF_inst/O
                         net (fo=1, unplaced)         0.613    11.365    aclk_IBUF
                         BUFG (Prop_bufg_I_O)         0.077    11.442 r  aclk_IBUF_BUFG_inst/O
                         net (fo=17697, unplaced)     0.439    11.881    u_wb/defaultClockArea_cpu/aclk_IBUF_BUFG
                         FDRE                                         r  u_wb/defaultClockArea_cpu/IntIssueQueuePlugin_queue_5_payload_rRegs_0_valid_reg/C
                         clock pessimism              0.167    12.048    
                         clock uncertainty           -0.035    12.012    
                         FDRE (Setup_fdre_C_D)        0.029    12.041    u_wb/defaultClockArea_cpu/IntIssueQueuePlugin_queue_5_payload_rRegs_0_valid_reg
  -------------------------------------------------------------------
                         required time                         12.041    
                         arrival time                         -12.131    
  -------------------------------------------------------------------
                         slack                                 -0.089    

Slack (VIOLATED) :        -0.086ns  (required time - arrival time)
  Source:                 u_wb/defaultClockArea_axiBuffer/fifo/xpm_fifo_base_inst/xpm_fifo_rst_inst/gen_rst_cc.fifo_wr_rst_cc_reg[2]/C
                            (rising edge-triggered cell FDSE clocked by aclk  {rise@0.000ns fall@5.000ns period=10.000ns})
  Destination:            u_wb/defaultClockArea_cpu/MemIssueQueuePlugin_queue_1_payload_rRegs_0_valid_reg/D
                            (rising edge-triggered cell FDRE clocked by aclk  {rise@0.000ns fall@5.000ns period=10.000ns})
  Path Group:             aclk
  Path Type:              Setup (Max at Slow Process Corner)
  Requirement:            10.000ns  (aclk rise@10.000ns - aclk rise@0.000ns)
  Data Path Delay:        9.935ns  (logic 2.501ns (25.174%)  route 7.434ns (74.826%))
  Logic Levels:           19  (LUT2=3 LUT3=2 LUT4=1 LUT5=4 LUT6=9)
  Clock Path Skew:        -0.145ns (DCD - SCD + CPR)
    Destination Clock Delay (DCD):    1.881ns = ( 11.881 - 10.000 ) 
    Source Clock Delay      (SCD):    2.193ns
    Clock Pessimism Removal (CPR):    0.167ns
  Clock Uncertainty:      0.035ns  ((TSJ^2 + TIJ^2)^1/2 + DJ) / 2 + PE
    Total System Jitter     (TSJ):    0.071ns
    Total Input Jitter      (TIJ):    0.000ns
    Discrete Jitter          (DJ):    0.000ns
    Phase Error              (PE):    0.000ns

    Location             Delay type                Incr(ns)  Path(ns)    Netlist Resource(s)
  -------------------------------------------------------------------    -------------------
                         (clock aclk rise edge)       0.000     0.000 r  
                                                      0.000     0.000 r  aclk (IN)
                         net (fo=0)                   0.000     0.000    aclk
                         IBUF (Prop_ibuf_I_O)         0.882     0.882 r  aclk_IBUF_inst/O
                         net (fo=1, unplaced)         0.646     1.528    aclk_IBUF
                         BUFG (Prop_bufg_I_O)         0.081     1.609 r  aclk_IBUF_BUFG_inst/O
                         net (fo=17697, unplaced)     0.584     2.193    u_wb/defaultClockArea_axiBuffer/fifo/xpm_fifo_base_inst/xpm_fifo_rst_inst/wr_clk
                         FDSE                                         r  u_wb/defaultClockArea_axiBuffer/fifo/xpm_fifo_base_inst/xpm_fifo_rst_inst/gen_rst_cc.fifo_wr_rst_cc_reg[2]/C
  -------------------------------------------------------------------    -------------------
                         FDSE (Prop_fdse_C_Q)         0.379     2.572 f  u_wb/defaultClockArea_axiBuffer/fifo/xpm_fifo_base_inst/xpm_fifo_rst_inst/gen_rst_cc.fifo_wr_rst_cc_reg[2]/Q
                         net (fo=51, unplaced)        0.445     3.017    u_wb/defaultClockArea_axiBuffer/fifo/xpm_fifo_base_inst/xpm_fifo_rst_inst/Q[0]
                         LUT2 (Prop_lut2_I0_O)        0.232     3.249 f  u_wb/defaultClockArea_axiBuffer/fifo/xpm_fifo_base_inst/xpm_fifo_rst_inst/wr_rst_busy_INST_0/O
                         net (fo=144, unplaced)       0.456     3.705    u_wb/defaultClockArea_axiBuffer/fifo_rd_rst_busy
                         LUT2 (Prop_lut2_I0_O)        0.105     3.810 r  u_wb/defaultClockArea_axiBuffer/fifo_i_76/O
                         net (fo=2, unplaced)         0.358     4.168    u_wb/defaultClockArea_axiBuffer/fifo_i_76_n_0
                         LUT6 (Prop_lut6_I0_O)        0.105     4.273 f  u_wb/defaultClockArea_axiBuffer/fifo_i_73/O
                         net (fo=71, unplaced)        0.438     4.711    u_wb/defaultClockArea_axiBuffer/when_AxiBuffer_l81__1
                         LUT4 (Prop_lut4_I0_O)        0.105     4.816 f  u_wb/defaultClockArea_axiBuffer/fifo_i_1/O
                         net (fo=11, unplaced)        0.393     5.209    u_wb/defaultClockArea_cpu/DCachePlugin_dataRAMs_1/wr_en
                         LUT3 (Prop_lut3_I2_O)        0.105     5.314 f  u_wb/defaultClockArea_cpu/DCachePlugin_dataRAMs_1/MEM_MEM1_to_MEM_MEM2_ISSUE_SLOT_wReg[5]_i_11/O
                         net (fo=1, unplaced)         0.347     5.661    u_wb/defaultClockArea_cpu/DCachePlugin_dataRAMs_1/p_8642_in
                         LUT5 (Prop_lut5_I3_O)        0.105     5.766 r  u_wb/defaultClockArea_cpu/DCachePlugin_dataRAMs_1/MEM_MEM1_to_MEM_MEM2_ISSUE_SLOT_wReg[5]_i_8/O
                         net (fo=1, unplaced)         0.347     6.113    u_wb/defaultClockArea_cpu/DCachePlugin_dataRAMs_1/MEM_MEM2_arbitration_haltItself
                         LUT6 (Prop_lut6_I0_O)        0.105     6.218 r  u_wb/defaultClockArea_cpu/DCachePlugin_dataRAMs_1/MEM_MEM1_to_MEM_MEM2_ISSUE_SLOT_wReg[5]_i_4/O
                         net (fo=1, unplaced)         0.347     6.565    u_wb/defaultClockArea_cpu/DCachePlugin_dataRAMs_1/MEM_MEM1_to_MEM_MEM2_ISSUE_SLOT_wReg[5]_i_4_n_0
                         LUT6 (Prop_lut6_I3_O)        0.105     6.670 f  u_wb/defaultClockArea_cpu/DCachePlugin_dataRAMs_1/MEM_MEM1_to_MEM_MEM2_ISSUE_SLOT_wReg[5]_i_1/O
                         net (fo=381, unplaced)       0.480     7.150    u_wb/defaultClockArea_cpu/DCachePlugin_dataRAMs_1/MEM_MEM2_arbitration_notStuck
                         LUT6 (Prop_lut6_I5_O)        0.105     7.255 f  u_wb/defaultClockArea_cpu/DCachePlugin_dataRAMs_1/MEM_ADDR_to_MEM_MEM1_MEMORY_WRITE_DATA[31]_i_3/O
                         net (fo=22, unplaced)        0.409     7.664    u_wb/defaultClockArea_cpu/DCachePlugin_dataRAMs_1_n_14
                         LUT2 (Prop_lut2_I1_O)        0.105     7.769 r  u_wb/defaultClockArea_cpu/MEM_ADDR_to_MEM_MEM1_MEMORY_WRITE_DATA[31]_i_1/O
                         net (fo=454, unplaced)       0.485     8.254    u_wb/defaultClockArea_cpu/MEM_MEM1_arbitration_notStuck
                         LUT5 (Prop_lut5_I4_O)        0.105     8.359 r  u_wb/defaultClockArea_cpu/PhysRegFilePlugin_busys_31_i_3/O
                         net (fo=45, unplaced)        0.427     8.786    u_wb/defaultClockArea_cpu/PhysRegFilePlugin_busys_31_i_3_n_0
                         LUT5 (Prop_lut5_I2_O)        0.105     8.891 r  u_wb/defaultClockArea_cpu/MulDivIssueQueuePlugin_queue_2_payload_rRegs_0_valid_i_54/O
                         net (fo=1, unplaced)         0.328     9.219    u_wb/defaultClockArea_cpu/unsignedDivider_2/MulDivIssueQueuePlugin_queue_2_payload_rRegs_0_valid_i_23_0
                         LUT6 (Prop_lut6_I0_O)        0.105     9.324 r  u_wb/defaultClockArea_cpu/unsignedDivider_2/MulDivIssueQueuePlugin_queue_2_payload_rRegs_0_valid_i_33/O
                         net (fo=1, unplaced)         0.347     9.671    u_wb/defaultClockArea_cpu/unsignedDivider_2/MulDivIssueQueuePlugin_queue_2_payload_rRegs_0_valid_i_33_n_0
                         LUT5 (Prop_lut5_I4_O)        0.105     9.776 r  u_wb/defaultClockArea_cpu/unsignedDivider_2/MulDivIssueQueuePlugin_queue_2_payload_rRegs_0_valid_i_23/O
                         net (fo=1, unplaced)         0.347    10.123    u_wb/defaultClockArea_cpu/unsignedDivider_2/MulDivIssueQueuePlugin_queue_2_payload_rRegs_0_valid_i_23_n_0
                         LUT6 (Prop_lut6_I5_O)        0.105    10.228 f  u_wb/defaultClockArea_cpu/unsignedDivider_2/MulDivIssueQueuePlugin_queue_2_payload_rRegs_0_valid_i_11/O
                         net (fo=15, unplaced)        0.400    10.628    u_wb/defaultClockArea_cpu/unsignedDivider_2/MulDivIssueQueuePlugin_queue_2_payload_rRegs_0_valid_i_11_n_0
                         LUT6 (Prop_lut6_I5_O)        0.105    10.733 f  u_wb/defaultClockArea_cpu/unsignedDivider_2/MemIssueQueuePlugin_queue_0_payload_rRegs_0_valid_i_2/O
                         net (fo=5, unplaced)         0.375    11.108    u_wb/defaultClockArea_cpu/unsignedDivider_2/MemIssueQueuePlugin_queue_0_payload_rRegs_0_valid_i_2_n_0
                         LUT6 (Prop_lut6_I1_O)        0.105    11.213 r  u_wb/defaultClockArea_cpu/unsignedDivider_2/MemIssueQueuePlugin_queue_2_payload_rRegs_0_valid_i_6/O
                         net (fo=1, unplaced)         0.347    11.560    u_wb/defaultClockArea_cpu/unsignedDivider_2/MemIssueQueuePlugin_queue_2_payload_rRegs_0_valid_i_6_n_0
                         LUT6 (Prop_lut6_I5_O)        0.105    11.665 r  u_wb/defaultClockArea_cpu/unsignedDivider_2/MemIssueQueuePlugin_queue_2_payload_rRegs_0_valid_i_2/O
                         net (fo=2, unplaced)         0.358    12.023    u_wb/defaultClockArea_cpu/unsignedDivider_2/MemIssueQueuePlugin_queue_2_payload_rRegs_0_valid_i_2_n_0
                         LUT3 (Prop_lut3_I0_O)        0.105    12.128 r  u_wb/defaultClockArea_cpu/unsignedDivider_2/MemIssueQueuePlugin_queue_1_payload_rRegs_0_valid_i_1/O
                         net (fo=1, unplaced)         0.000    12.128    u_wb/defaultClockArea_cpu/unsignedDivider_2_n_103
                         FDRE                                         r  u_wb/defaultClockArea_cpu/MemIssueQueuePlugin_queue_1_payload_rRegs_0_valid_reg/D
  -------------------------------------------------------------------    -------------------

                         (clock aclk rise edge)      10.000    10.000 r  
                                                      0.000    10.000 r  aclk (IN)
                         net (fo=0)                   0.000    10.000    aclk
                         IBUF (Prop_ibuf_I_O)         0.751    10.751 r  aclk_IBUF_inst/O
                         net (fo=1, unplaced)         0.613    11.365    aclk_IBUF
                         BUFG (Prop_bufg_I_O)         0.077    11.442 r  aclk_IBUF_BUFG_inst/O
                         net (fo=17697, unplaced)     0.439    11.881    u_wb/defaultClockArea_cpu/aclk_IBUF_BUFG
                         FDRE                                         r  u_wb/defaultClockArea_cpu/MemIssueQueuePlugin_queue_1_payload_rRegs_0_valid_reg/C
                         clock pessimism              0.167    12.048    
                         clock uncertainty           -0.035    12.012    
                         FDRE (Setup_fdre_C_D)        0.029    12.041    u_wb/defaultClockArea_cpu/MemIssueQueuePlugin_queue_1_payload_rRegs_0_valid_reg
  -------------------------------------------------------------------
                         required time                         12.041    
                         arrival time                         -12.128    
  -------------------------------------------------------------------
                         slack                                 -0.086    

Slack (VIOLATED) :        -0.086ns  (required time - arrival time)
  Source:                 u_wb/defaultClockArea_axiBuffer/fifo/xpm_fifo_base_inst/xpm_fifo_rst_inst/gen_rst_cc.fifo_wr_rst_cc_reg[2]/C
                            (rising edge-triggered cell FDSE clocked by aclk  {rise@0.000ns fall@5.000ns period=10.000ns})
  Destination:            u_wb/defaultClockArea_cpu/MemIssueQueuePlugin_queue_2_payload_rRegs_0_valid_reg/D
                            (rising edge-triggered cell FDRE clocked by aclk  {rise@0.000ns fall@5.000ns period=10.000ns})
  Path Group:             aclk
  Path Type:              Setup (Max at Slow Process Corner)
  Requirement:            10.000ns  (aclk rise@10.000ns - aclk rise@0.000ns)
  Data Path Delay:        9.935ns  (logic 2.501ns (25.174%)  route 7.434ns (74.826%))
  Logic Levels:           19  (LUT2=3 LUT3=2 LUT4=1 LUT5=4 LUT6=9)
  Clock Path Skew:        -0.145ns (DCD - SCD + CPR)
    Destination Clock Delay (DCD):    1.881ns = ( 11.881 - 10.000 ) 
    Source Clock Delay      (SCD):    2.193ns
    Clock Pessimism Removal (CPR):    0.167ns
  Clock Uncertainty:      0.035ns  ((TSJ^2 + TIJ^2)^1/2 + DJ) / 2 + PE
    Total System Jitter     (TSJ):    0.071ns
    Total Input Jitter      (TIJ):    0.000ns
    Discrete Jitter          (DJ):    0.000ns
    Phase Error              (PE):    0.000ns

    Location             Delay type                Incr(ns)  Path(ns)    Netlist Resource(s)
  -------------------------------------------------------------------    -------------------
                         (clock aclk rise edge)       0.000     0.000 r  
                                                      0.000     0.000 r  aclk (IN)
                         net (fo=0)                   0.000     0.000    aclk
                         IBUF (Prop_ibuf_I_O)         0.882     0.882 r  aclk_IBUF_inst/O
                         net (fo=1, unplaced)         0.646     1.528    aclk_IBUF
                         BUFG (Prop_bufg_I_O)         0.081     1.609 r  aclk_IBUF_BUFG_inst/O
                         net (fo=17697, unplaced)     0.584     2.193    u_wb/defaultClockArea_axiBuffer/fifo/xpm_fifo_base_inst/xpm_fifo_rst_inst/wr_clk
                         FDSE                                         r  u_wb/defaultClockArea_axiBuffer/fifo/xpm_fifo_base_inst/xpm_fifo_rst_inst/gen_rst_cc.fifo_wr_rst_cc_reg[2]/C
  -------------------------------------------------------------------    -------------------
                         FDSE (Prop_fdse_C_Q)         0.379     2.572 f  u_wb/defaultClockArea_axiBuffer/fifo/xpm_fifo_base_inst/xpm_fifo_rst_inst/gen_rst_cc.fifo_wr_rst_cc_reg[2]/Q
                         net (fo=51, unplaced)        0.445     3.017    u_wb/defaultClockArea_axiBuffer/fifo/xpm_fifo_base_inst/xpm_fifo_rst_inst/Q[0]
                         LUT2 (Prop_lut2_I0_O)        0.232     3.249 f  u_wb/defaultClockArea_axiBuffer/fifo/xpm_fifo_base_inst/xpm_fifo_rst_inst/wr_rst_busy_INST_0/O
                         net (fo=144, unplaced)       0.456     3.705    u_wb/defaultClockArea_axiBuffer/fifo_rd_rst_busy
                         LUT2 (Prop_lut2_I0_O)        0.105     3.810 r  u_wb/defaultClockArea_axiBuffer/fifo_i_76/O
                         net (fo=2, unplaced)         0.358     4.168    u_wb/defaultClockArea_axiBuffer/fifo_i_76_n_0
                         LUT6 (Prop_lut6_I0_O)        0.105     4.273 f  u_wb/defaultClockArea_axiBuffer/fifo_i_73/O
                         net (fo=71, unplaced)        0.438     4.711    u_wb/defaultClockArea_axiBuffer/when_AxiBuffer_l81__1
                         LUT4 (Prop_lut4_I0_O)        0.105     4.816 f  u_wb/defaultClockArea_axiBuffer/fifo_i_1/O
                         net (fo=11, unplaced)        0.393     5.209    u_wb/defaultClockArea_cpu/DCachePlugin_dataRAMs_1/wr_en
                         LUT3 (Prop_lut3_I2_O)        0.105     5.314 f  u_wb/defaultClockArea_cpu/DCachePlugin_dataRAMs_1/MEM_MEM1_to_MEM_MEM2_ISSUE_SLOT_wReg[5]_i_11/O
                         net (fo=1, unplaced)         0.347     5.661    u_wb/defaultClockArea_cpu/DCachePlugin_dataRAMs_1/p_8642_in
                         LUT5 (Prop_lut5_I3_O)        0.105     5.766 r  u_wb/defaultClockArea_cpu/DCachePlugin_dataRAMs_1/MEM_MEM1_to_MEM_MEM2_ISSUE_SLOT_wReg[5]_i_8/O
                         net (fo=1, unplaced)         0.347     6.113    u_wb/defaultClockArea_cpu/DCachePlugin_dataRAMs_1/MEM_MEM2_arbitration_haltItself
                         LUT6 (Prop_lut6_I0_O)        0.105     6.218 r  u_wb/defaultClockArea_cpu/DCachePlugin_dataRAMs_1/MEM_MEM1_to_MEM_MEM2_ISSUE_SLOT_wReg[5]_i_4/O
                         net (fo=1, unplaced)         0.347     6.565    u_wb/defaultClockArea_cpu/DCachePlugin_dataRAMs_1/MEM_MEM1_to_MEM_MEM2_ISSUE_SLOT_wReg[5]_i_4_n_0
                         LUT6 (Prop_lut6_I3_O)        0.105     6.670 f  u_wb/defaultClockArea_cpu/DCachePlugin_dataRAMs_1/MEM_MEM1_to_MEM_MEM2_ISSUE_SLOT_wReg[5]_i_1/O
                         net (fo=381, unplaced)       0.480     7.150    u_wb/defaultClockArea_cpu/DCachePlugin_dataRAMs_1/MEM_MEM2_arbitration_notStuck
                         LUT6 (Prop_lut6_I5_O)        0.105     7.255 f  u_wb/defaultClockArea_cpu/DCachePlugin_dataRAMs_1/MEM_ADDR_to_MEM_MEM1_MEMORY_WRITE_DATA[31]_i_3/O
                         net (fo=22, unplaced)        0.409     7.664    u_wb/defaultClockArea_cpu/DCachePlugin_dataRAMs_1_n_14
                         LUT2 (Prop_lut2_I1_O)        0.105     7.769 r  u_wb/defaultClockArea_cpu/MEM_ADDR_to_MEM_MEM1_MEMORY_WRITE_DATA[31]_i_1/O
                         net (fo=454, unplaced)       0.485     8.254    u_wb/defaultClockArea_cpu/MEM_MEM1_arbitration_notStuck
                         LUT5 (Prop_lut5_I4_O)        0.105     8.359 r  u_wb/defaultClockArea_cpu/PhysRegFilePlugin_busys_31_i_3/O
                         net (fo=45, unplaced)        0.427     8.786    u_wb/defaultClockArea_cpu/PhysRegFilePlugin_busys_31_i_3_n_0
                         LUT5 (Prop_lut5_I2_O)        0.105     8.891 r  u_wb/defaultClockArea_cpu/MulDivIssueQueuePlugin_queue_2_payload_rRegs_0_valid_i_54/O
                         net (fo=1, unplaced)         0.328     9.219    u_wb/defaultClockArea_cpu/unsignedDivider_2/MulDivIssueQueuePlugin_queue_2_payload_rRegs_0_valid_i_23_0
                         LUT6 (Prop_lut6_I0_O)        0.105     9.324 r  u_wb/defaultClockArea_cpu/unsignedDivider_2/MulDivIssueQueuePlugin_queue_2_payload_rRegs_0_valid_i_33/O
                         net (fo=1, unplaced)         0.347     9.671    u_wb/defaultClockArea_cpu/unsignedDivider_2/MulDivIssueQueuePlugin_queue_2_payload_rRegs_0_valid_i_33_n_0
                         LUT5 (Prop_lut5_I4_O)        0.105     9.776 r  u_wb/defaultClockArea_cpu/unsignedDivider_2/MulDivIssueQueuePlugin_queue_2_payload_rRegs_0_valid_i_23/O
                         net (fo=1, unplaced)         0.347    10.123    u_wb/defaultClockArea_cpu/unsignedDivider_2/MulDivIssueQueuePlugin_queue_2_payload_rRegs_0_valid_i_23_n_0
                         LUT6 (Prop_lut6_I5_O)        0.105    10.228 f  u_wb/defaultClockArea_cpu/unsignedDivider_2/MulDivIssueQueuePlugin_queue_2_payload_rRegs_0_valid_i_11/O
                         net (fo=15, unplaced)        0.400    10.628    u_wb/defaultClockArea_cpu/unsignedDivider_2/MulDivIssueQueuePlugin_queue_2_payload_rRegs_0_valid_i_11_n_0
                         LUT6 (Prop_lut6_I5_O)        0.105    10.733 f  u_wb/defaultClockArea_cpu/unsignedDivider_2/MemIssueQueuePlugin_queue_0_payload_rRegs_0_valid_i_2/O
                         net (fo=5, unplaced)         0.375    11.108    u_wb/defaultClockArea_cpu/unsignedDivider_2/MemIssueQueuePlugin_queue_0_payload_rRegs_0_valid_i_2_n_0
                         LUT6 (Prop_lut6_I1_O)        0.105    11.213 r  u_wb/defaultClockArea_cpu/unsignedDivider_2/MemIssueQueuePlugin_queue_2_payload_rRegs_0_valid_i_6/O
                         net (fo=1, unplaced)         0.347    11.560    u_wb/defaultClockArea_cpu/unsignedDivider_2/MemIssueQueuePlugin_queue_2_payload_rRegs_0_valid_i_6_n_0
                         LUT6 (Prop_lut6_I5_O)        0.105    11.665 r  u_wb/defaultClockArea_cpu/unsignedDivider_2/MemIssueQueuePlugin_queue_2_payload_rRegs_0_valid_i_2/O
                         net (fo=2, unplaced)         0.358    12.023    u_wb/defaultClockArea_cpu/unsignedDivider_2/MemIssueQueuePlugin_queue_2_payload_rRegs_0_valid_i_2_n_0
                         LUT3 (Prop_lut3_I2_O)        0.105    12.128 r  u_wb/defaultClockArea_cpu/unsignedDivider_2/MemIssueQueuePlugin_queue_2_payload_rRegs_0_valid_i_1/O
                         net (fo=1, unplaced)         0.000    12.128    u_wb/defaultClockArea_cpu/unsignedDivider_2_n_104
                         FDRE                                         r  u_wb/defaultClockArea_cpu/MemIssueQueuePlugin_queue_2_payload_rRegs_0_valid_reg/D
  -------------------------------------------------------------------    -------------------

                         (clock aclk rise edge)      10.000    10.000 r  
                                                      0.000    10.000 r  aclk (IN)
                         net (fo=0)                   0.000    10.000    aclk
                         IBUF (Prop_ibuf_I_O)         0.751    10.751 r  aclk_IBUF_inst/O
                         net (fo=1, unplaced)         0.613    11.365    aclk_IBUF
                         BUFG (Prop_bufg_I_O)         0.077    11.442 r  aclk_IBUF_BUFG_inst/O
                         net (fo=17697, unplaced)     0.439    11.881    u_wb/defaultClockArea_cpu/aclk_IBUF_BUFG
                         FDRE                                         r  u_wb/defaultClockArea_cpu/MemIssueQueuePlugin_queue_2_payload_rRegs_0_valid_reg/C
                         clock pessimism              0.167    12.048    
                         clock uncertainty           -0.035    12.012    
                         FDRE (Setup_fdre_C_D)        0.029    12.041    u_wb/defaultClockArea_cpu/MemIssueQueuePlugin_queue_2_payload_rRegs_0_valid_reg
  -------------------------------------------------------------------
                         required time                         12.041    
                         arrival time                         -12.128    
  -------------------------------------------------------------------
                         slack                                 -0.086    

Slack (VIOLATED) :        -0.086ns  (required time - arrival time)
  Source:                 u_wb/defaultClockArea_axiBuffer/fifo/xpm_fifo_base_inst/xpm_fifo_rst_inst/gen_rst_cc.fifo_wr_rst_cc_reg[2]/C
                            (rising edge-triggered cell FDSE clocked by aclk  {rise@0.000ns fall@5.000ns period=10.000ns})
  Destination:            u_wb/defaultClockArea_cpu/MemIssueQueuePlugin_queue_3_payload_rRegs_0_valid_reg/D
                            (rising edge-triggered cell FDRE clocked by aclk  {rise@0.000ns fall@5.000ns period=10.000ns})
  Path Group:             aclk
  Path Type:              Setup (Max at Slow Process Corner)
  Requirement:            10.000ns  (aclk rise@10.000ns - aclk rise@0.000ns)
  Data Path Delay:        9.935ns  (logic 2.501ns (25.174%)  route 7.434ns (74.826%))
  Logic Levels:           19  (LUT2=3 LUT3=2 LUT4=1 LUT5=4 LUT6=9)
  Clock Path Skew:        -0.145ns (DCD - SCD + CPR)
    Destination Clock Delay (DCD):    1.881ns = ( 11.881 - 10.000 ) 
    Source Clock Delay      (SCD):    2.193ns
    Clock Pessimism Removal (CPR):    0.167ns
  Clock Uncertainty:      0.035ns  ((TSJ^2 + TIJ^2)^1/2 + DJ) / 2 + PE
    Total System Jitter     (TSJ):    0.071ns
    Total Input Jitter      (TIJ):    0.000ns
    Discrete Jitter          (DJ):    0.000ns
    Phase Error              (PE):    0.000ns

    Location             Delay type                Incr(ns)  Path(ns)    Netlist Resource(s)
  -------------------------------------------------------------------    -------------------
                         (clock aclk rise edge)       0.000     0.000 r  
                                                      0.000     0.000 r  aclk (IN)
                         net (fo=0)                   0.000     0.000    aclk
                         IBUF (Prop_ibuf_I_O)         0.882     0.882 r  aclk_IBUF_inst/O
                         net (fo=1, unplaced)         0.646     1.528    aclk_IBUF
                         BUFG (Prop_bufg_I_O)         0.081     1.609 r  aclk_IBUF_BUFG_inst/O
                         net (fo=17697, unplaced)     0.584     2.193    u_wb/defaultClockArea_axiBuffer/fifo/xpm_fifo_base_inst/xpm_fifo_rst_inst/wr_clk
                         FDSE                                         r  u_wb/defaultClockArea_axiBuffer/fifo/xpm_fifo_base_inst/xpm_fifo_rst_inst/gen_rst_cc.fifo_wr_rst_cc_reg[2]/C
  -------------------------------------------------------------------    -------------------
                         FDSE (Prop_fdse_C_Q)         0.379     2.572 f  u_wb/defaultClockArea_axiBuffer/fifo/xpm_fifo_base_inst/xpm_fifo_rst_inst/gen_rst_cc.fifo_wr_rst_cc_reg[2]/Q
                         net (fo=51, unplaced)        0.445     3.017    u_wb/defaultClockArea_axiBuffer/fifo/xpm_fifo_base_inst/xpm_fifo_rst_inst/Q[0]
                         LUT2 (Prop_lut2_I0_O)        0.232     3.249 f  u_wb/defaultClockArea_axiBuffer/fifo/xpm_fifo_base_inst/xpm_fifo_rst_inst/wr_rst_busy_INST_0/O
                         net (fo=144, unplaced)       0.456     3.705    u_wb/defaultClockArea_axiBuffer/fifo_rd_rst_busy
                         LUT2 (Prop_lut2_I0_O)        0.105     3.810 r  u_wb/defaultClockArea_axiBuffer/fifo_i_76/O
                         net (fo=2, unplaced)         0.358     4.168    u_wb/defaultClockArea_axiBuffer/fifo_i_76_n_0
                         LUT6 (Prop_lut6_I0_O)        0.105     4.273 f  u_wb/defaultClockArea_axiBuffer/fifo_i_73/O
                         net (fo=71, unplaced)        0.438     4.711    u_wb/defaultClockArea_axiBuffer/when_AxiBuffer_l81__1
                         LUT4 (Prop_lut4_I0_O)        0.105     4.816 f  u_wb/defaultClockArea_axiBuffer/fifo_i_1/O
                         net (fo=11, unplaced)        0.393     5.209    u_wb/defaultClockArea_cpu/DCachePlugin_dataRAMs_1/wr_en
                         LUT3 (Prop_lut3_I2_O)        0.105     5.314 f  u_wb/defaultClockArea_cpu/DCachePlugin_dataRAMs_1/MEM_MEM1_to_MEM_MEM2_ISSUE_SLOT_wReg[5]_i_11/O
                         net (fo=1, unplaced)         0.347     5.661    u_wb/defaultClockArea_cpu/DCachePlugin_dataRAMs_1/p_8642_in
                         LUT5 (Prop_lut5_I3_O)        0.105     5.766 r  u_wb/defaultClockArea_cpu/DCachePlugin_dataRAMs_1/MEM_MEM1_to_MEM_MEM2_ISSUE_SLOT_wReg[5]_i_8/O
                         net (fo=1, unplaced)         0.347     6.113    u_wb/defaultClockArea_cpu/DCachePlugin_dataRAMs_1/MEM_MEM2_arbitration_haltItself
                         LUT6 (Prop_lut6_I0_O)        0.105     6.218 r  u_wb/defaultClockArea_cpu/DCachePlugin_dataRAMs_1/MEM_MEM1_to_MEM_MEM2_ISSUE_SLOT_wReg[5]_i_4/O
                         net (fo=1, unplaced)         0.347     6.565    u_wb/defaultClockArea_cpu/DCachePlugin_dataRAMs_1/MEM_MEM1_to_MEM_MEM2_ISSUE_SLOT_wReg[5]_i_4_n_0
                         LUT6 (Prop_lut6_I3_O)        0.105     6.670 f  u_wb/defaultClockArea_cpu/DCachePlugin_dataRAMs_1/MEM_MEM1_to_MEM_MEM2_ISSUE_SLOT_wReg[5]_i_1/O
                         net (fo=381, unplaced)       0.480     7.150    u_wb/defaultClockArea_cpu/DCachePlugin_dataRAMs_1/MEM_MEM2_arbitration_notStuck
                         LUT6 (Prop_lut6_I5_O)        0.105     7.255 f  u_wb/defaultClockArea_cpu/DCachePlugin_dataRAMs_1/MEM_ADDR_to_MEM_MEM1_MEMORY_WRITE_DATA[31]_i_3/O
                         net (fo=22, unplaced)        0.409     7.664    u_wb/defaultClockArea_cpu/DCachePlugin_dataRAMs_1_n_14
                         LUT2 (Prop_lut2_I1_O)        0.105     7.769 r  u_wb/defaultClockArea_cpu/MEM_ADDR_to_MEM_MEM1_MEMORY_WRITE_DATA[31]_i_1/O
                         net (fo=454, unplaced)       0.485     8.254    u_wb/defaultClockArea_cpu/MEM_MEM1_arbitration_notStuck
                         LUT5 (Prop_lut5_I4_O)        0.105     8.359 r  u_wb/defaultClockArea_cpu/PhysRegFilePlugin_busys_31_i_3/O
                         net (fo=45, unplaced)        0.427     8.786    u_wb/defaultClockArea_cpu/PhysRegFilePlugin_busys_31_i_3_n_0
                         LUT5 (Prop_lut5_I2_O)        0.105     8.891 r  u_wb/defaultClockArea_cpu/MulDivIssueQueuePlugin_queue_2_payload_rRegs_0_valid_i_54/O
                         net (fo=1, unplaced)         0.328     9.219    u_wb/defaultClockArea_cpu/unsignedDivider_2/MulDivIssueQueuePlugin_queue_2_payload_rRegs_0_valid_i_23_0
                         LUT6 (Prop_lut6_I0_O)        0.105     9.324 r  u_wb/defaultClockArea_cpu/unsignedDivider_2/MulDivIssueQueuePlugin_queue_2_payload_rRegs_0_valid_i_33/O
                         net (fo=1, unplaced)         0.347     9.671    u_wb/defaultClockArea_cpu/unsignedDivider_2/MulDivIssueQueuePlugin_queue_2_payload_rRegs_0_valid_i_33_n_0
                         LUT5 (Prop_lut5_I4_O)        0.105     9.776 r  u_wb/defaultClockArea_cpu/unsignedDivider_2/MulDivIssueQueuePlugin_queue_2_payload_rRegs_0_valid_i_23/O
                         net (fo=1, unplaced)         0.347    10.123    u_wb/defaultClockArea_cpu/unsignedDivider_2/MulDivIssueQueuePlugin_queue_2_payload_rRegs_0_valid_i_23_n_0
                         LUT6 (Prop_lut6_I5_O)        0.105    10.228 f  u_wb/defaultClockArea_cpu/unsignedDivider_2/MulDivIssueQueuePlugin_queue_2_payload_rRegs_0_valid_i_11/O
                         net (fo=15, unplaced)        0.400    10.628    u_wb/defaultClockArea_cpu/unsignedDivider_2/MulDivIssueQueuePlugin_queue_2_payload_rRegs_0_valid_i_11_n_0
                         LUT6 (Prop_lut6_I5_O)        0.105    10.733 f  u_wb/defaultClockArea_cpu/unsignedDivider_2/MemIssueQueuePlugin_queue_0_payload_rRegs_0_valid_i_2/O
                         net (fo=5, unplaced)         0.375    11.108    u_wb/defaultClockArea_cpu/unsignedDivider_2/MemIssueQueuePlugin_queue_0_payload_rRegs_0_valid_i_2_n_0
                         LUT6 (Prop_lut6_I2_O)        0.105    11.213 r  u_wb/defaultClockArea_cpu/unsignedDivider_2/MemIssueQueuePlugin_queue_3_payload_rRegs_0_valid_i_3/O
                         net (fo=1, unplaced)         0.347    11.560    u_wb/defaultClockArea_cpu/unsignedDivider_2/MemIssueQueuePlugin_queue_3_payload_rRegs_0_valid_i_3_n_0
                         LUT6 (Prop_lut6_I0_O)        0.105    11.665 r  u_wb/defaultClockArea_cpu/unsignedDivider_2/MemIssueQueuePlugin_queue_3_payload_rRegs_0_valid_i_2/O
                         net (fo=2, unplaced)         0.358    12.023    u_wb/defaultClockArea_cpu/unsignedDivider_2/MemIssueQueuePlugin_queue_3_payload_rRegs_0_valid_i_2_n_0
                         LUT3 (Prop_lut3_I2_O)        0.105    12.128 r  u_wb/defaultClockArea_cpu/unsignedDivider_2/MemIssueQueuePlugin_queue_3_payload_rRegs_0_valid_i_1/O
                         net (fo=1, unplaced)         0.000    12.128    u_wb/defaultClockArea_cpu/unsignedDivider_2_n_99
                         FDRE                                         r  u_wb/defaultClockArea_cpu/MemIssueQueuePlugin_queue_3_payload_rRegs_0_valid_reg/D
  -------------------------------------------------------------------    -------------------

                         (clock aclk rise edge)      10.000    10.000 r  
                                                      0.000    10.000 r  aclk (IN)
                         net (fo=0)                   0.000    10.000    aclk
                         IBUF (Prop_ibuf_I_O)         0.751    10.751 r  aclk_IBUF_inst/O
                         net (fo=1, unplaced)         0.613    11.365    aclk_IBUF
                         BUFG (Prop_bufg_I_O)         0.077    11.442 r  aclk_IBUF_BUFG_inst/O
                         net (fo=17697, unplaced)     0.439    11.881    u_wb/defaultClockArea_cpu/aclk_IBUF_BUFG
                         FDRE                                         r  u_wb/defaultClockArea_cpu/MemIssueQueuePlugin_queue_3_payload_rRegs_0_valid_reg/C
                         clock pessimism              0.167    12.048    
                         clock uncertainty           -0.035    12.012    
                         FDRE (Setup_fdre_C_D)        0.029    12.041    u_wb/defaultClockArea_cpu/MemIssueQueuePlugin_queue_3_payload_rRegs_0_valid_reg
  -------------------------------------------------------------------
                         required time                         12.041    
                         arrival time                         -12.128    
  -------------------------------------------------------------------
                         slack                                 -0.086    

Slack (VIOLATED) :        -0.076ns  (required time - arrival time)
  Source:                 u_wb/defaultClockArea_axiBuffer/fifo/xpm_fifo_base_inst/xpm_fifo_rst_inst/gen_rst_cc.fifo_wr_rst_cc_reg[2]/C
                            (rising edge-triggered cell FDSE clocked by aclk  {rise@0.000ns fall@5.000ns period=10.000ns})
  Destination:            u_wb/defaultClockArea_cpu/MulDivIssueQueuePlugin_queue_1_payload_rRegs_0_valid_reg/D
                            (rising edge-triggered cell FDRE clocked by aclk  {rise@0.000ns fall@5.000ns period=10.000ns})
  Path Group:             aclk
  Path Type:              Setup (Max at Slow Process Corner)
  Requirement:            10.000ns  (aclk rise@10.000ns - aclk rise@0.000ns)
  Data Path Delay:        9.925ns  (logic 2.501ns (25.199%)  route 7.424ns (74.801%))
  Logic Levels:           19  (LUT2=3 LUT3=2 LUT4=1 LUT5=5 LUT6=8)
  Clock Path Skew:        -0.145ns (DCD - SCD + CPR)
    Destination Clock Delay (DCD):    1.881ns = ( 11.881 - 10.000 ) 
    Source Clock Delay      (SCD):    2.193ns
    Clock Pessimism Removal (CPR):    0.167ns
  Clock Uncertainty:      0.035ns  ((TSJ^2 + TIJ^2)^1/2 + DJ) / 2 + PE
    Total System Jitter     (TSJ):    0.071ns
    Total Input Jitter      (TIJ):    0.000ns
    Discrete Jitter          (DJ):    0.000ns
    Phase Error              (PE):    0.000ns

    Location             Delay type                Incr(ns)  Path(ns)    Netlist Resource(s)
  -------------------------------------------------------------------    -------------------
                         (clock aclk rise edge)       0.000     0.000 r  
                                                      0.000     0.000 r  aclk (IN)
                         net (fo=0)                   0.000     0.000    aclk
                         IBUF (Prop_ibuf_I_O)         0.882     0.882 r  aclk_IBUF_inst/O
                         net (fo=1, unplaced)         0.646     1.528    aclk_IBUF
                         BUFG (Prop_bufg_I_O)         0.081     1.609 r  aclk_IBUF_BUFG_inst/O
                         net (fo=17697, unplaced)     0.584     2.193    u_wb/defaultClockArea_axiBuffer/fifo/xpm_fifo_base_inst/xpm_fifo_rst_inst/wr_clk
                         FDSE                                         r  u_wb/defaultClockArea_axiBuffer/fifo/xpm_fifo_base_inst/xpm_fifo_rst_inst/gen_rst_cc.fifo_wr_rst_cc_reg[2]/C
  -------------------------------------------------------------------    -------------------
                         FDSE (Prop_fdse_C_Q)         0.379     2.572 f  u_wb/defaultClockArea_axiBuffer/fifo/xpm_fifo_base_inst/xpm_fifo_rst_inst/gen_rst_cc.fifo_wr_rst_cc_reg[2]/Q
                         net (fo=51, unplaced)        0.445     3.017    u_wb/defaultClockArea_axiBuffer/fifo/xpm_fifo_base_inst/xpm_fifo_rst_inst/Q[0]
                         LUT2 (Prop_lut2_I0_O)        0.232     3.249 f  u_wb/defaultClockArea_axiBuffer/fifo/xpm_fifo_base_inst/xpm_fifo_rst_inst/wr_rst_busy_INST_0/O
                         net (fo=144, unplaced)       0.456     3.705    u_wb/defaultClockArea_axiBuffer/fifo_rd_rst_busy
                         LUT2 (Prop_lut2_I0_O)        0.105     3.810 r  u_wb/defaultClockArea_axiBuffer/fifo_i_76/O
                         net (fo=2, unplaced)         0.358     4.168    u_wb/defaultClockArea_axiBuffer/fifo_i_76_n_0
                         LUT6 (Prop_lut6_I0_O)        0.105     4.273 f  u_wb/defaultClockArea_axiBuffer/fifo_i_73/O
                         net (fo=71, unplaced)        0.438     4.711    u_wb/defaultClockArea_axiBuffer/when_AxiBuffer_l81__1
                         LUT4 (Prop_lut4_I0_O)        0.105     4.816 f  u_wb/defaultClockArea_axiBuffer/fifo_i_1/O
                         net (fo=11, unplaced)        0.393     5.209    u_wb/defaultClockArea_cpu/DCachePlugin_dataRAMs_1/wr_en
                         LUT3 (Prop_lut3_I2_O)        0.105     5.314 f  u_wb/defaultClockArea_cpu/DCachePlugin_dataRAMs_1/MEM_MEM1_to_MEM_MEM2_ISSUE_SLOT_wReg[5]_i_11/O
                         net (fo=1, unplaced)         0.347     5.661    u_wb/defaultClockArea_cpu/DCachePlugin_dataRAMs_1/p_8642_in
                         LUT5 (Prop_lut5_I3_O)        0.105     5.766 r  u_wb/defaultClockArea_cpu/DCachePlugin_dataRAMs_1/MEM_MEM1_to_MEM_MEM2_ISSUE_SLOT_wReg[5]_i_8/O
                         net (fo=1, unplaced)         0.347     6.113    u_wb/defaultClockArea_cpu/DCachePlugin_dataRAMs_1/MEM_MEM2_arbitration_haltItself
                         LUT6 (Prop_lut6_I0_O)        0.105     6.218 r  u_wb/defaultClockArea_cpu/DCachePlugin_dataRAMs_1/MEM_MEM1_to_MEM_MEM2_ISSUE_SLOT_wReg[5]_i_4/O
                         net (fo=1, unplaced)         0.347     6.565    u_wb/defaultClockArea_cpu/DCachePlugin_dataRAMs_1/MEM_MEM1_to_MEM_MEM2_ISSUE_SLOT_wReg[5]_i_4_n_0
                         LUT6 (Prop_lut6_I3_O)        0.105     6.670 f  u_wb/defaultClockArea_cpu/DCachePlugin_dataRAMs_1/MEM_MEM1_to_MEM_MEM2_ISSUE_SLOT_wReg[5]_i_1/O
                         net (fo=381, unplaced)       0.480     7.150    u_wb/defaultClockArea_cpu/DCachePlugin_dataRAMs_1/MEM_MEM2_arbitration_notStuck
                         LUT6 (Prop_lut6_I5_O)        0.105     7.255 f  u_wb/defaultClockArea_cpu/DCachePlugin_dataRAMs_1/MEM_ADDR_to_MEM_MEM1_MEMORY_WRITE_DATA[31]_i_3/O
                         net (fo=22, unplaced)        0.409     7.664    u_wb/defaultClockArea_cpu/DCachePlugin_dataRAMs_1_n_14
                         LUT2 (Prop_lut2_I1_O)        0.105     7.769 r  u_wb/defaultClockArea_cpu/MEM_ADDR_to_MEM_MEM1_MEMORY_WRITE_DATA[31]_i_1/O
                         net (fo=454, unplaced)       0.485     8.254    u_wb/defaultClockArea_cpu/MEM_MEM1_arbitration_notStuck
                         LUT5 (Prop_lut5_I4_O)        0.105     8.359 r  u_wb/defaultClockArea_cpu/PhysRegFilePlugin_busys_31_i_3/O
                         net (fo=45, unplaced)        0.427     8.786    u_wb/defaultClockArea_cpu/PhysRegFilePlugin_busys_31_i_3_n_0
                         LUT5 (Prop_lut5_I2_O)        0.105     8.891 r  u_wb/defaultClockArea_cpu/MulDivIssueQueuePlugin_queue_2_payload_rRegs_0_valid_i_54/O
                         net (fo=1, unplaced)         0.328     9.219    u_wb/defaultClockArea_cpu/unsignedDivider_2/MulDivIssueQueuePlugin_queue_2_payload_rRegs_0_valid_i_23_0
                         LUT6 (Prop_lut6_I0_O)        0.105     9.324 r  u_wb/defaultClockArea_cpu/unsignedDivider_2/MulDivIssueQueuePlugin_queue_2_payload_rRegs_0_valid_i_33/O
                         net (fo=1, unplaced)         0.347     9.671    u_wb/defaultClockArea_cpu/unsignedDivider_2/MulDivIssueQueuePlugin_queue_2_payload_rRegs_0_valid_i_33_n_0
                         LUT5 (Prop_lut5_I4_O)        0.105     9.776 r  u_wb/defaultClockArea_cpu/unsignedDivider_2/MulDivIssueQueuePlugin_queue_2_payload_rRegs_0_valid_i_23/O
                         net (fo=1, unplaced)         0.347    10.123    u_wb/defaultClockArea_cpu/unsignedDivider_2/MulDivIssueQueuePlugin_queue_2_payload_rRegs_0_valid_i_23_n_0
                         LUT6 (Prop_lut6_I5_O)        0.105    10.228 f  u_wb/defaultClockArea_cpu/unsignedDivider_2/MulDivIssueQueuePlugin_queue_2_payload_rRegs_0_valid_i_11/O
                         net (fo=15, unplaced)        0.400    10.628    u_wb/defaultClockArea_cpu/unsignedDivider_2/MulDivIssueQueuePlugin_queue_2_payload_rRegs_0_valid_i_11_n_0
                         LUT5 (Prop_lut5_I0_O)        0.105    10.733 f  u_wb/defaultClockArea_cpu/unsignedDivider_2/MulDivIssueQueuePlugin_queue_0_payload_rRegs_0_valid_i_2/O
                         net (fo=3, unplaced)         0.365    11.098    u_wb/defaultClockArea_cpu/unsignedDivider_2/MulDivIssueQueuePlugin_queue_0_payload_rRegs_0_valid_i_2_n_0
                         LUT6 (Prop_lut6_I3_O)        0.105    11.203 r  u_wb/defaultClockArea_cpu/unsignedDivider_2/MulDivIssueQueuePlugin_queue_2_payload_rRegs_0_valid_i_5/O
                         net (fo=1, unplaced)         0.347    11.550    u_wb/defaultClockArea_cpu/unsignedDivider_2/MulDivIssueQueuePlugin_queue_2_payload_rRegs_0_valid_i_5_n_0
                         LUT6 (Prop_lut6_I5_O)        0.105    11.655 r  u_wb/defaultClockArea_cpu/unsignedDivider_2/MulDivIssueQueuePlugin_queue_2_payload_rRegs_0_valid_i_1/O
                         net (fo=2, unplaced)         0.358    12.013    u_wb/defaultClockArea_cpu/unsignedDivider_2/MULDIV_RRD_to_MULDIV_EXE_ISSUE_SLOT_wReg_reg[4]
                         LUT3 (Prop_lut3_I0_O)        0.105    12.118 r  u_wb/defaultClockArea_cpu/unsignedDivider_2/MulDivIssueQueuePlugin_queue_1_payload_rRegs_0_valid_i_1/O
                         net (fo=1, unplaced)         0.000    12.118    u_wb/defaultClockArea_cpu/unsignedDivider_2_n_49
                         FDRE                                         r  u_wb/defaultClockArea_cpu/MulDivIssueQueuePlugin_queue_1_payload_rRegs_0_valid_reg/D
  -------------------------------------------------------------------    -------------------

                         (clock aclk rise edge)      10.000    10.000 r  
                                                      0.000    10.000 r  aclk (IN)
                         net (fo=0)                   0.000    10.000    aclk
                         IBUF (Prop_ibuf_I_O)         0.751    10.751 r  aclk_IBUF_inst/O
                         net (fo=1, unplaced)         0.613    11.365    aclk_IBUF
                         BUFG (Prop_bufg_I_O)         0.077    11.442 r  aclk_IBUF_BUFG_inst/O
                         net (fo=17697, unplaced)     0.439    11.881    u_wb/defaultClockArea_cpu/aclk_IBUF_BUFG
                         FDRE                                         r  u_wb/defaultClockArea_cpu/MulDivIssueQueuePlugin_queue_1_payload_rRegs_0_valid_reg/C
                         clock pessimism              0.167    12.048    
                         clock uncertainty           -0.035    12.012    
                         FDRE (Setup_fdre_C_D)        0.029    12.041    u_wb/defaultClockArea_cpu/MulDivIssueQueuePlugin_queue_1_payload_rRegs_0_valid_reg
  -------------------------------------------------------------------
                         required time                         12.041    
                         arrival time                         -12.118    
  -------------------------------------------------------------------
                         slack                                 -0.076    

Slack (MET) :             0.114ns  (required time - arrival time)
  Source:                 u_wb/defaultClockArea_axiBuffer/fifo/xpm_fifo_base_inst/xpm_fifo_rst_inst/gen_rst_cc.fifo_wr_rst_cc_reg[2]/C
                            (rising edge-triggered cell FDSE clocked by aclk  {rise@0.000ns fall@5.000ns period=10.000ns})
  Destination:            u_wb/defaultClockArea_cpu/IntIssueQueuePlugin_queue_5_payload_rRegs_1_valid_reg/D
                            (rising edge-triggered cell FDRE clocked by aclk  {rise@0.000ns fall@5.000ns period=10.000ns})
  Path Group:             aclk
  Path Type:              Setup (Max at Slow Process Corner)
  Requirement:            10.000ns  (aclk rise@10.000ns - aclk rise@0.000ns)
  Data Path Delay:        9.735ns  (logic 2.416ns (24.818%)  route 7.319ns (75.182%))
  Logic Levels:           18  (LUT2=4 LUT3=3 LUT4=1 LUT5=3 LUT6=7)
  Clock Path Skew:        -0.145ns (DCD - SCD + CPR)
    Destination Clock Delay (DCD):    1.881ns = ( 11.881 - 10.000 ) 
    Source Clock Delay      (SCD):    2.193ns
    Clock Pessimism Removal (CPR):    0.167ns
  Clock Uncertainty:      0.035ns  ((TSJ^2 + TIJ^2)^1/2 + DJ) / 2 + PE
    Total System Jitter     (TSJ):    0.071ns
    Total Input Jitter      (TIJ):    0.000ns
    Discrete Jitter          (DJ):    0.000ns
    Phase Error              (PE):    0.000ns

    Location             Delay type                Incr(ns)  Path(ns)    Netlist Resource(s)
  -------------------------------------------------------------------    -------------------
                         (clock aclk rise edge)       0.000     0.000 r  
                                                      0.000     0.000 r  aclk (IN)
                         net (fo=0)                   0.000     0.000    aclk
                         IBUF (Prop_ibuf_I_O)         0.882     0.882 r  aclk_IBUF_inst/O
                         net (fo=1, unplaced)         0.646     1.528    aclk_IBUF
                         BUFG (Prop_bufg_I_O)         0.081     1.609 r  aclk_IBUF_BUFG_inst/O
                         net (fo=17697, unplaced)     0.584     2.193    u_wb/defaultClockArea_axiBuffer/fifo/xpm_fifo_base_inst/xpm_fifo_rst_inst/wr_clk
                         FDSE                                         r  u_wb/defaultClockArea_axiBuffer/fifo/xpm_fifo_base_inst/xpm_fifo_rst_inst/gen_rst_cc.fifo_wr_rst_cc_reg[2]/C
  -------------------------------------------------------------------    -------------------
                         FDSE (Prop_fdse_C_Q)         0.379     2.572 f  u_wb/defaultClockArea_axiBuffer/fifo/xpm_fifo_base_inst/xpm_fifo_rst_inst/gen_rst_cc.fifo_wr_rst_cc_reg[2]/Q
                         net (fo=51, unplaced)        0.445     3.017    u_wb/defaultClockArea_axiBuffer/fifo/xpm_fifo_base_inst/xpm_fifo_rst_inst/Q[0]
                         LUT2 (Prop_lut2_I0_O)        0.232     3.249 f  u_wb/defaultClockArea_axiBuffer/fifo/xpm_fifo_base_inst/xpm_fifo_rst_inst/wr_rst_busy_INST_0/O
                         net (fo=144, unplaced)       0.456     3.705    u_wb/defaultClockArea_axiBuffer/fifo_rd_rst_busy
                         LUT2 (Prop_lut2_I0_O)        0.105     3.810 r  u_wb/defaultClockArea_axiBuffer/fifo_i_76/O
                         net (fo=2, unplaced)         0.358     4.168    u_wb/defaultClockArea_axiBuffer/fifo_i_76_n_0
                         LUT6 (Prop_lut6_I0_O)        0.105     4.273 f  u_wb/defaultClockArea_axiBuffer/fifo_i_73/O
                         net (fo=71, unplaced)        0.438     4.711    u_wb/defaultClockArea_axiBuffer/when_AxiBuffer_l81__1
                         LUT4 (Prop_lut4_I0_O)        0.105     4.816 f  u_wb/defaultClockArea_axiBuffer/fifo_i_1/O
                         net (fo=11, unplaced)        0.393     5.209    u_wb/defaultClockArea_cpu/DCachePlugin_dataRAMs_1/wr_en
                         LUT3 (Prop_lut3_I2_O)        0.105     5.314 f  u_wb/defaultClockArea_cpu/DCachePlugin_dataRAMs_1/MEM_MEM1_to_MEM_MEM2_ISSUE_SLOT_wReg[5]_i_11/O
                         net (fo=1, unplaced)         0.347     5.661    u_wb/defaultClockArea_cpu/DCachePlugin_dataRAMs_1/p_8642_in
                         LUT5 (Prop_lut5_I3_O)        0.105     5.766 r  u_wb/defaultClockArea_cpu/DCachePlugin_dataRAMs_1/MEM_MEM1_to_MEM_MEM2_ISSUE_SLOT_wReg[5]_i_8/O
                         net (fo=1, unplaced)         0.347     6.113    u_wb/defaultClockArea_cpu/DCachePlugin_dataRAMs_1/MEM_MEM2_arbitration_haltItself
                         LUT6 (Prop_lut6_I0_O)        0.105     6.218 r  u_wb/defaultClockArea_cpu/DCachePlugin_dataRAMs_1/MEM_MEM1_to_MEM_MEM2_ISSUE_SLOT_wReg[5]_i_4/O
                         net (fo=1, unplaced)         0.347     6.565    u_wb/defaultClockArea_cpu/DCachePlugin_dataRAMs_1/MEM_MEM1_to_MEM_MEM2_ISSUE_SLOT_wReg[5]_i_4_n_0
                         LUT6 (Prop_lut6_I3_O)        0.105     6.670 f  u_wb/defaultClockArea_cpu/DCachePlugin_dataRAMs_1/MEM_MEM1_to_MEM_MEM2_ISSUE_SLOT_wReg[5]_i_1/O
                         net (fo=381, unplaced)       0.480     7.150    u_wb/defaultClockArea_cpu/DCachePlugin_dataRAMs_1/MEM_MEM2_arbitration_notStuck
                         LUT6 (Prop_lut6_I5_O)        0.105     7.255 f  u_wb/defaultClockArea_cpu/DCachePlugin_dataRAMs_1/MEM_ADDR_to_MEM_MEM1_MEMORY_WRITE_DATA[31]_i_3/O
                         net (fo=22, unplaced)        0.409     7.664    u_wb/defaultClockArea_cpu/DCachePlugin_dataRAMs_1_n_14
                         LUT2 (Prop_lut2_I1_O)        0.105     7.769 r  u_wb/defaultClockArea_cpu/MEM_ADDR_to_MEM_MEM1_MEMORY_WRITE_DATA[31]_i_1/O
                         net (fo=454, unplaced)       0.485     8.254    u_wb/defaultClockArea_cpu/MEM_MEM1_arbitration_notStuck
                         LUT5 (Prop_lut5_I4_O)        0.105     8.359 r  u_wb/defaultClockArea_cpu/PhysRegFilePlugin_busys_31_i_3/O
                         net (fo=45, unplaced)        0.427     8.786    u_wb/defaultClockArea_cpu/PhysRegFilePlugin_busys_31_i_3_n_0
                         LUT6 (Prop_lut6_I5_O)        0.105     8.891 r  u_wb/defaultClockArea_cpu/MulDivIssueQueuePlugin_queue_2_payload_rRegs_1_valid_i_19/O
                         net (fo=1, unplaced)         0.328     9.219    u_wb/defaultClockArea_cpu/unsignedDivider_2/MemIssueQueuePlugin_queue_4_payload_rRegs_1_valid_i_11_1
                         LUT6 (Prop_lut6_I1_O)        0.105     9.324 r  u_wb/defaultClockArea_cpu/unsignedDivider_2/MulDivIssueQueuePlugin_queue_2_payload_rRegs_1_valid_i_13/O
                         net (fo=2, unplaced)         0.358     9.682    u_wb/defaultClockArea_cpu/unsignedDivider_2/MulDivIssueQueuePlugin_queue_2_payload_rRegs_1_valid_i_13_n_0
                         LUT3 (Prop_lut3_I0_O)        0.105     9.787 r  u_wb/defaultClockArea_cpu/unsignedDivider_2/MemIssueQueuePlugin_queue_4_payload_rRegs_1_valid_i_11/O
                         net (fo=8, unplaced)         0.620    10.407    u_wb/defaultClockArea_cpu/unsignedDivider_2/MemIssueQueuePlugin_queue_4_payload_rRegs_1_valid_i_11_n_0
                         LUT5 (Prop_lut5_I0_O)        0.105    10.512 r  u_wb/defaultClockArea_cpu/unsignedDivider_2/IntIssueQueuePlugin_queue_6_payload_rRegs_1_valid_i_8/O
                         net (fo=7, unplaced)         0.382    10.894    u_wb/defaultClockArea_cpu/unsignedDivider_2/IntIssueQueuePlugin_queue_6_payload_rRegs_1_valid_i_8_n_0
                         LUT2 (Prop_lut2_I1_O)        0.105    10.999 f  u_wb/defaultClockArea_cpu/unsignedDivider_2/IntIssueQueuePlugin_queue_6_payload_rRegs_1_valid_i_4/O
                         net (fo=1, unplaced)         0.347    11.346    u_wb/defaultClockArea_cpu/unsignedDivider_2/IntIssueQueuePlugin_queue_6_payload_rRegs_1_valid_i_4_n_0
                         LUT6 (Prop_lut6_I4_O)        0.105    11.451 r  u_wb/defaultClockArea_cpu/unsignedDivider_2/IntIssueQueuePlugin_queue_6_payload_rRegs_1_valid_i_1/O
                         net (fo=4, unplaced)         0.352    11.803    u_wb/defaultClockArea_cpu/unsignedDivider_2/RENAME_to_DISPATCH_PUSH_INDEXES_2_payload_reg[1]_rep
                         LUT3 (Prop_lut3_I0_O)        0.125    11.928 r  u_wb/defaultClockArea_cpu/unsignedDivider_2/IntIssueQueuePlugin_queue_5_payload_rRegs_1_valid_i_1/O
                         net (fo=1, unplaced)         0.000    11.928    u_wb/defaultClockArea_cpu/unsignedDivider_2_n_39
                         FDRE                                         r  u_wb/defaultClockArea_cpu/IntIssueQueuePlugin_queue_5_payload_rRegs_1_valid_reg/D
  -------------------------------------------------------------------    -------------------

                         (clock aclk rise edge)      10.000    10.000 r  
                                                      0.000    10.000 r  aclk (IN)
                         net (fo=0)                   0.000    10.000    aclk
                         IBUF (Prop_ibuf_I_O)         0.751    10.751 r  aclk_IBUF_inst/O
                         net (fo=1, unplaced)         0.613    11.365    aclk_IBUF
                         BUFG (Prop_bufg_I_O)         0.077    11.442 r  aclk_IBUF_BUFG_inst/O
                         net (fo=17697, unplaced)     0.439    11.881    u_wb/defaultClockArea_cpu/aclk_IBUF_BUFG
                         FDRE                                         r  u_wb/defaultClockArea_cpu/IntIssueQueuePlugin_queue_5_payload_rRegs_1_valid_reg/C
                         clock pessimism              0.167    12.048    
                         clock uncertainty           -0.035    12.012    
                         FDRE (Setup_fdre_C_D)        0.029    12.041    u_wb/defaultClockArea_cpu/IntIssueQueuePlugin_queue_5_payload_rRegs_1_valid_reg
  -------------------------------------------------------------------
                         required time                         12.041    
                         arrival time                         -11.928    
  -------------------------------------------------------------------
                         slack                                  0.114    

Slack (MET) :             0.135ns  (required time - arrival time)
  Source:                 u_wb/defaultClockArea_axiBuffer/fifo/xpm_fifo_base_inst/xpm_fifo_rst_inst/gen_rst_cc.fifo_wr_rst_cc_reg[2]/C
                            (rising edge-triggered cell FDSE clocked by aclk  {rise@0.000ns fall@5.000ns period=10.000ns})
  Destination:            u_wb/defaultClockArea_cpu/MemIssueQueuePlugin_queue_1_payload_rRegs_1_valid_reg/D
                            (rising edge-triggered cell FDRE clocked by aclk  {rise@0.000ns fall@5.000ns period=10.000ns})
  Path Group:             aclk
  Path Type:              Setup (Max at Slow Process Corner)
  Requirement:            10.000ns  (aclk rise@10.000ns - aclk rise@0.000ns)
  Data Path Delay:        9.714ns  (logic 2.396ns (24.665%)  route 7.318ns (75.335%))
  Logic Levels:           18  (LUT2=3 LUT3=3 LUT4=1 LUT5=3 LUT6=8)
  Clock Path Skew:        -0.145ns (DCD - SCD + CPR)
    Destination Clock Delay (DCD):    1.881ns = ( 11.881 - 10.000 ) 
    Source Clock Delay      (SCD):    2.193ns
    Clock Pessimism Removal (CPR):    0.167ns
  Clock Uncertainty:      0.035ns  ((TSJ^2 + TIJ^2)^1/2 + DJ) / 2 + PE
    Total System Jitter     (TSJ):    0.071ns
    Total Input Jitter      (TIJ):    0.000ns
    Discrete Jitter          (DJ):    0.000ns
    Phase Error              (PE):    0.000ns

    Location             Delay type                Incr(ns)  Path(ns)    Netlist Resource(s)
  -------------------------------------------------------------------    -------------------
                         (clock aclk rise edge)       0.000     0.000 r  
                                                      0.000     0.000 r  aclk (IN)
                         net (fo=0)                   0.000     0.000    aclk
                         IBUF (Prop_ibuf_I_O)         0.882     0.882 r  aclk_IBUF_inst/O
                         net (fo=1, unplaced)         0.646     1.528    aclk_IBUF
                         BUFG (Prop_bufg_I_O)         0.081     1.609 r  aclk_IBUF_BUFG_inst/O
                         net (fo=17697, unplaced)     0.584     2.193    u_wb/defaultClockArea_axiBuffer/fifo/xpm_fifo_base_inst/xpm_fifo_rst_inst/wr_clk
                         FDSE                                         r  u_wb/defaultClockArea_axiBuffer/fifo/xpm_fifo_base_inst/xpm_fifo_rst_inst/gen_rst_cc.fifo_wr_rst_cc_reg[2]/C
  -------------------------------------------------------------------    -------------------
                         FDSE (Prop_fdse_C_Q)         0.379     2.572 f  u_wb/defaultClockArea_axiBuffer/fifo/xpm_fifo_base_inst/xpm_fifo_rst_inst/gen_rst_cc.fifo_wr_rst_cc_reg[2]/Q
                         net (fo=51, unplaced)        0.445     3.017    u_wb/defaultClockArea_axiBuffer/fifo/xpm_fifo_base_inst/xpm_fifo_rst_inst/Q[0]
                         LUT2 (Prop_lut2_I0_O)        0.232     3.249 f  u_wb/defaultClockArea_axiBuffer/fifo/xpm_fifo_base_inst/xpm_fifo_rst_inst/wr_rst_busy_INST_0/O
                         net (fo=144, unplaced)       0.456     3.705    u_wb/defaultClockArea_axiBuffer/fifo_rd_rst_busy
                         LUT2 (Prop_lut2_I0_O)        0.105     3.810 r  u_wb/defaultClockArea_axiBuffer/fifo_i_76/O
                         net (fo=2, unplaced)         0.358     4.168    u_wb/defaultClockArea_axiBuffer/fifo_i_76_n_0
                         LUT6 (Prop_lut6_I0_O)        0.105     4.273 f  u_wb/defaultClockArea_axiBuffer/fifo_i_73/O
                         net (fo=71, unplaced)        0.438     4.711    u_wb/defaultClockArea_axiBuffer/when_AxiBuffer_l81__1
                         LUT4 (Prop_lut4_I0_O)        0.105     4.816 f  u_wb/defaultClockArea_axiBuffer/fifo_i_1/O
                         net (fo=11, unplaced)        0.393     5.209    u_wb/defaultClockArea_cpu/DCachePlugin_dataRAMs_1/wr_en
                         LUT3 (Prop_lut3_I2_O)        0.105     5.314 f  u_wb/defaultClockArea_cpu/DCachePlugin_dataRAMs_1/MEM_MEM1_to_MEM_MEM2_ISSUE_SLOT_wReg[5]_i_11/O
                         net (fo=1, unplaced)         0.347     5.661    u_wb/defaultClockArea_cpu/DCachePlugin_dataRAMs_1/p_8642_in
                         LUT5 (Prop_lut5_I3_O)        0.105     5.766 r  u_wb/defaultClockArea_cpu/DCachePlugin_dataRAMs_1/MEM_MEM1_to_MEM_MEM2_ISSUE_SLOT_wReg[5]_i_8/O
                         net (fo=1, unplaced)         0.347     6.113    u_wb/defaultClockArea_cpu/DCachePlugin_dataRAMs_1/MEM_MEM2_arbitration_haltItself
                         LUT6 (Prop_lut6_I0_O)        0.105     6.218 r  u_wb/defaultClockArea_cpu/DCachePlugin_dataRAMs_1/MEM_MEM1_to_MEM_MEM2_ISSUE_SLOT_wReg[5]_i_4/O
                         net (fo=1, unplaced)         0.347     6.565    u_wb/defaultClockArea_cpu/DCachePlugin_dataRAMs_1/MEM_MEM1_to_MEM_MEM2_ISSUE_SLOT_wReg[5]_i_4_n_0
                         LUT6 (Prop_lut6_I3_O)        0.105     6.670 f  u_wb/defaultClockArea_cpu/DCachePlugin_dataRAMs_1/MEM_MEM1_to_MEM_MEM2_ISSUE_SLOT_wReg[5]_i_1/O
                         net (fo=381, unplaced)       0.480     7.150    u_wb/defaultClockArea_cpu/DCachePlugin_dataRAMs_1/MEM_MEM2_arbitration_notStuck
                         LUT6 (Prop_lut6_I5_O)        0.105     7.255 f  u_wb/defaultClockArea_cpu/DCachePlugin_dataRAMs_1/MEM_ADDR_to_MEM_MEM1_MEMORY_WRITE_DATA[31]_i_3/O
                         net (fo=22, unplaced)        0.409     7.664    u_wb/defaultClockArea_cpu/DCachePlugin_dataRAMs_1_n_14
                         LUT2 (Prop_lut2_I1_O)        0.105     7.769 r  u_wb/defaultClockArea_cpu/MEM_ADDR_to_MEM_MEM1_MEMORY_WRITE_DATA[31]_i_1/O
                         net (fo=454, unplaced)       0.485     8.254    u_wb/defaultClockArea_cpu/MEM_MEM1_arbitration_notStuck
                         LUT5 (Prop_lut5_I4_O)        0.105     8.359 r  u_wb/defaultClockArea_cpu/PhysRegFilePlugin_busys_31_i_3/O
                         net (fo=45, unplaced)        0.427     8.786    u_wb/defaultClockArea_cpu/PhysRegFilePlugin_busys_31_i_3_n_0
                         LUT6 (Prop_lut6_I5_O)        0.105     8.891 r  u_wb/defaultClockArea_cpu/MulDivIssueQueuePlugin_queue_2_payload_rRegs_1_valid_i_19/O
                         net (fo=1, unplaced)         0.328     9.219    u_wb/defaultClockArea_cpu/unsignedDivider_2/MemIssueQueuePlugin_queue_4_payload_rRegs_1_valid_i_11_1
                         LUT6 (Prop_lut6_I1_O)        0.105     9.324 r  u_wb/defaultClockArea_cpu/unsignedDivider_2/MulDivIssueQueuePlugin_queue_2_payload_rRegs_1_valid_i_13/O
                         net (fo=2, unplaced)         0.358     9.682    u_wb/defaultClockArea_cpu/unsignedDivider_2/MulDivIssueQueuePlugin_queue_2_payload_rRegs_1_valid_i_13_n_0
                         LUT3 (Prop_lut3_I0_O)        0.105     9.787 r  u_wb/defaultClockArea_cpu/unsignedDivider_2/MemIssueQueuePlugin_queue_4_payload_rRegs_1_valid_i_11/O
                         net (fo=8, unplaced)         0.620    10.407    u_wb/defaultClockArea_cpu/unsignedDivider_2/MemIssueQueuePlugin_queue_4_payload_rRegs_1_valid_i_11_n_0
                         LUT6 (Prop_lut6_I0_O)        0.105    10.512 f  u_wb/defaultClockArea_cpu/unsignedDivider_2/MemIssueQueuePlugin_queue_0_payload_rRegs_1_valid_i_2/O
                         net (fo=5, unplaced)         0.375    10.887    u_wb/defaultClockArea_cpu/unsignedDivider_2/MemIssueQueuePlugin_queue_0_payload_rRegs_1_valid_i_2_n_0
                         LUT6 (Prop_lut6_I2_O)        0.105    10.992 r  u_wb/defaultClockArea_cpu/unsignedDivider_2/MemIssueQueuePlugin_queue_2_payload_rRegs_1_valid_i_4/O
                         net (fo=1, unplaced)         0.347    11.339    u_wb/defaultClockArea_cpu/unsignedDivider_2/MemIssueQueuePlugin_queue_2_payload_rRegs_1_valid_i_4_n_0
                         LUT5 (Prop_lut5_I4_O)        0.105    11.444 r  u_wb/defaultClockArea_cpu/unsignedDivider_2/MemIssueQueuePlugin_queue_2_payload_rRegs_1_valid_i_2/O
                         net (fo=2, unplaced)         0.358    11.802    u_wb/defaultClockArea_cpu/unsignedDivider_2/MemIssueQueuePlugin_queue_2_payload_rRegs_1_valid_i_2_n_0
                         LUT3 (Prop_lut3_I0_O)        0.105    11.907 r  u_wb/defaultClockArea_cpu/unsignedDivider_2/MemIssueQueuePlugin_queue_1_payload_rRegs_1_valid_i_1/O
                         net (fo=1, unplaced)         0.000    11.907    u_wb/defaultClockArea_cpu/unsignedDivider_2_n_105
                         FDRE                                         r  u_wb/defaultClockArea_cpu/MemIssueQueuePlugin_queue_1_payload_rRegs_1_valid_reg/D
  -------------------------------------------------------------------    -------------------

                         (clock aclk rise edge)      10.000    10.000 r  
                                                      0.000    10.000 r  aclk (IN)
                         net (fo=0)                   0.000    10.000    aclk
                         IBUF (Prop_ibuf_I_O)         0.751    10.751 r  aclk_IBUF_inst/O
                         net (fo=1, unplaced)         0.613    11.365    aclk_IBUF
                         BUFG (Prop_bufg_I_O)         0.077    11.442 r  aclk_IBUF_BUFG_inst/O
                         net (fo=17697, unplaced)     0.439    11.881    u_wb/defaultClockArea_cpu/aclk_IBUF_BUFG
                         FDRE                                         r  u_wb/defaultClockArea_cpu/MemIssueQueuePlugin_queue_1_payload_rRegs_1_valid_reg/C
                         clock pessimism              0.167    12.048    
                         clock uncertainty           -0.035    12.012    
                         FDRE (Setup_fdre_C_D)        0.029    12.041    u_wb/defaultClockArea_cpu/MemIssueQueuePlugin_queue_1_payload_rRegs_1_valid_reg
  -------------------------------------------------------------------
                         required time                         12.041    
                         arrival time                         -11.907    
  -------------------------------------------------------------------
                         slack                                  0.135    

Slack (MET) :             0.135ns  (required time - arrival time)
  Source:                 u_wb/defaultClockArea_axiBuffer/fifo/xpm_fifo_base_inst/xpm_fifo_rst_inst/gen_rst_cc.fifo_wr_rst_cc_reg[2]/C
                            (rising edge-triggered cell FDSE clocked by aclk  {rise@0.000ns fall@5.000ns period=10.000ns})
  Destination:            u_wb/defaultClockArea_cpu/MemIssueQueuePlugin_queue_2_payload_rRegs_1_valid_reg/D
                            (rising edge-triggered cell FDRE clocked by aclk  {rise@0.000ns fall@5.000ns period=10.000ns})
  Path Group:             aclk
  Path Type:              Setup (Max at Slow Process Corner)
  Requirement:            10.000ns  (aclk rise@10.000ns - aclk rise@0.000ns)
  Data Path Delay:        9.714ns  (logic 2.396ns (24.665%)  route 7.318ns (75.335%))
  Logic Levels:           18  (LUT2=3 LUT3=3 LUT4=1 LUT5=3 LUT6=8)
  Clock Path Skew:        -0.145ns (DCD - SCD + CPR)
    Destination Clock Delay (DCD):    1.881ns = ( 11.881 - 10.000 ) 
    Source Clock Delay      (SCD):    2.193ns
    Clock Pessimism Removal (CPR):    0.167ns
  Clock Uncertainty:      0.035ns  ((TSJ^2 + TIJ^2)^1/2 + DJ) / 2 + PE
    Total System Jitter     (TSJ):    0.071ns
    Total Input Jitter      (TIJ):    0.000ns
    Discrete Jitter          (DJ):    0.000ns
    Phase Error              (PE):    0.000ns

    Location             Delay type                Incr(ns)  Path(ns)    Netlist Resource(s)
  -------------------------------------------------------------------    -------------------
                         (clock aclk rise edge)       0.000     0.000 r  
                                                      0.000     0.000 r  aclk (IN)
                         net (fo=0)                   0.000     0.000    aclk
                         IBUF (Prop_ibuf_I_O)         0.882     0.882 r  aclk_IBUF_inst/O
                         net (fo=1, unplaced)         0.646     1.528    aclk_IBUF
                         BUFG (Prop_bufg_I_O)         0.081     1.609 r  aclk_IBUF_BUFG_inst/O
                         net (fo=17697, unplaced)     0.584     2.193    u_wb/defaultClockArea_axiBuffer/fifo/xpm_fifo_base_inst/xpm_fifo_rst_inst/wr_clk
                         FDSE                                         r  u_wb/defaultClockArea_axiBuffer/fifo/xpm_fifo_base_inst/xpm_fifo_rst_inst/gen_rst_cc.fifo_wr_rst_cc_reg[2]/C
  -------------------------------------------------------------------    -------------------
                         FDSE (Prop_fdse_C_Q)         0.379     2.572 f  u_wb/defaultClockArea_axiBuffer/fifo/xpm_fifo_base_inst/xpm_fifo_rst_inst/gen_rst_cc.fifo_wr_rst_cc_reg[2]/Q
                         net (fo=51, unplaced)        0.445     3.017    u_wb/defaultClockArea_axiBuffer/fifo/xpm_fifo_base_inst/xpm_fifo_rst_inst/Q[0]
                         LUT2 (Prop_lut2_I0_O)        0.232     3.249 f  u_wb/defaultClockArea_axiBuffer/fifo/xpm_fifo_base_inst/xpm_fifo_rst_inst/wr_rst_busy_INST_0/O
                         net (fo=144, unplaced)       0.456     3.705    u_wb/defaultClockArea_axiBuffer/fifo_rd_rst_busy
                         LUT2 (Prop_lut2_I0_O)        0.105     3.810 r  u_wb/defaultClockArea_axiBuffer/fifo_i_76/O
                         net (fo=2, unplaced)         0.358     4.168    u_wb/defaultClockArea_axiBuffer/fifo_i_76_n_0
                         LUT6 (Prop_lut6_I0_O)        0.105     4.273 f  u_wb/defaultClockArea_axiBuffer/fifo_i_73/O
                         net (fo=71, unplaced)        0.438     4.711    u_wb/defaultClockArea_axiBuffer/when_AxiBuffer_l81__1
                         LUT4 (Prop_lut4_I0_O)        0.105     4.816 f  u_wb/defaultClockArea_axiBuffer/fifo_i_1/O
                         net (fo=11, unplaced)        0.393     5.209    u_wb/defaultClockArea_cpu/DCachePlugin_dataRAMs_1/wr_en
                         LUT3 (Prop_lut3_I2_O)        0.105     5.314 f  u_wb/defaultClockArea_cpu/DCachePlugin_dataRAMs_1/MEM_MEM1_to_MEM_MEM2_ISSUE_SLOT_wReg[5]_i_11/O
                         net (fo=1, unplaced)         0.347     5.661    u_wb/defaultClockArea_cpu/DCachePlugin_dataRAMs_1/p_8642_in
                         LUT5 (Prop_lut5_I3_O)        0.105     5.766 r  u_wb/defaultClockArea_cpu/DCachePlugin_dataRAMs_1/MEM_MEM1_to_MEM_MEM2_ISSUE_SLOT_wReg[5]_i_8/O
                         net (fo=1, unplaced)         0.347     6.113    u_wb/defaultClockArea_cpu/DCachePlugin_dataRAMs_1/MEM_MEM2_arbitration_haltItself
                         LUT6 (Prop_lut6_I0_O)        0.105     6.218 r  u_wb/defaultClockArea_cpu/DCachePlugin_dataRAMs_1/MEM_MEM1_to_MEM_MEM2_ISSUE_SLOT_wReg[5]_i_4/O
                         net (fo=1, unplaced)         0.347     6.565    u_wb/defaultClockArea_cpu/DCachePlugin_dataRAMs_1/MEM_MEM1_to_MEM_MEM2_ISSUE_SLOT_wReg[5]_i_4_n_0
                         LUT6 (Prop_lut6_I3_O)        0.105     6.670 f  u_wb/defaultClockArea_cpu/DCachePlugin_dataRAMs_1/MEM_MEM1_to_MEM_MEM2_ISSUE_SLOT_wReg[5]_i_1/O
                         net (fo=381, unplaced)       0.480     7.150    u_wb/defaultClockArea_cpu/DCachePlugin_dataRAMs_1/MEM_MEM2_arbitration_notStuck
                         LUT6 (Prop_lut6_I5_O)        0.105     7.255 f  u_wb/defaultClockArea_cpu/DCachePlugin_dataRAMs_1/MEM_ADDR_to_MEM_MEM1_MEMORY_WRITE_DATA[31]_i_3/O
                         net (fo=22, unplaced)        0.409     7.664    u_wb/defaultClockArea_cpu/DCachePlugin_dataRAMs_1_n_14
                         LUT2 (Prop_lut2_I1_O)        0.105     7.769 r  u_wb/defaultClockArea_cpu/MEM_ADDR_to_MEM_MEM1_MEMORY_WRITE_DATA[31]_i_1/O
                         net (fo=454, unplaced)       0.485     8.254    u_wb/defaultClockArea_cpu/MEM_MEM1_arbitration_notStuck
                         LUT5 (Prop_lut5_I4_O)        0.105     8.359 r  u_wb/defaultClockArea_cpu/PhysRegFilePlugin_busys_31_i_3/O
                         net (fo=45, unplaced)        0.427     8.786    u_wb/defaultClockArea_cpu/PhysRegFilePlugin_busys_31_i_3_n_0
                         LUT6 (Prop_lut6_I5_O)        0.105     8.891 r  u_wb/defaultClockArea_cpu/MulDivIssueQueuePlugin_queue_2_payload_rRegs_1_valid_i_19/O
                         net (fo=1, unplaced)         0.328     9.219    u_wb/defaultClockArea_cpu/unsignedDivider_2/MemIssueQueuePlugin_queue_4_payload_rRegs_1_valid_i_11_1
                         LUT6 (Prop_lut6_I1_O)        0.105     9.324 r  u_wb/defaultClockArea_cpu/unsignedDivider_2/MulDivIssueQueuePlugin_queue_2_payload_rRegs_1_valid_i_13/O
                         net (fo=2, unplaced)         0.358     9.682    u_wb/defaultClockArea_cpu/unsignedDivider_2/MulDivIssueQueuePlugin_queue_2_payload_rRegs_1_valid_i_13_n_0
                         LUT3 (Prop_lut3_I0_O)        0.105     9.787 r  u_wb/defaultClockArea_cpu/unsignedDivider_2/MemIssueQueuePlugin_queue_4_payload_rRegs_1_valid_i_11/O
                         net (fo=8, unplaced)         0.620    10.407    u_wb/defaultClockArea_cpu/unsignedDivider_2/MemIssueQueuePlugin_queue_4_payload_rRegs_1_valid_i_11_n_0
                         LUT6 (Prop_lut6_I0_O)        0.105    10.512 f  u_wb/defaultClockArea_cpu/unsignedDivider_2/MemIssueQueuePlugin_queue_0_payload_rRegs_1_valid_i_2/O
                         net (fo=5, unplaced)         0.375    10.887    u_wb/defaultClockArea_cpu/unsignedDivider_2/MemIssueQueuePlugin_queue_0_payload_rRegs_1_valid_i_2_n_0
                         LUT6 (Prop_lut6_I2_O)        0.105    10.992 r  u_wb/defaultClockArea_cpu/unsignedDivider_2/MemIssueQueuePlugin_queue_2_payload_rRegs_1_valid_i_4/O
                         net (fo=1, unplaced)         0.347    11.339    u_wb/defaultClockArea_cpu/unsignedDivider_2/MemIssueQueuePlugin_queue_2_payload_rRegs_1_valid_i_4_n_0
                         LUT5 (Prop_lut5_I4_O)        0.105    11.444 r  u_wb/defaultClockArea_cpu/unsignedDivider_2/MemIssueQueuePlugin_queue_2_payload_rRegs_1_valid_i_2/O
                         net (fo=2, unplaced)         0.358    11.802    u_wb/defaultClockArea_cpu/unsignedDivider_2/MemIssueQueuePlugin_queue_2_payload_rRegs_1_valid_i_2_n_0
                         LUT3 (Prop_lut3_I2_O)        0.105    11.907 r  u_wb/defaultClockArea_cpu/unsignedDivider_2/MemIssueQueuePlugin_queue_2_payload_rRegs_1_valid_i_1/O
                         net (fo=1, unplaced)         0.000    11.907    u_wb/defaultClockArea_cpu/unsignedDivider_2_n_106
                         FDRE                                         r  u_wb/defaultClockArea_cpu/MemIssueQueuePlugin_queue_2_payload_rRegs_1_valid_reg/D
  -------------------------------------------------------------------    -------------------

                         (clock aclk rise edge)      10.000    10.000 r  
                                                      0.000    10.000 r  aclk (IN)
                         net (fo=0)                   0.000    10.000    aclk
                         IBUF (Prop_ibuf_I_O)         0.751    10.751 r  aclk_IBUF_inst/O
                         net (fo=1, unplaced)         0.613    11.365    aclk_IBUF
                         BUFG (Prop_bufg_I_O)         0.077    11.442 r  aclk_IBUF_BUFG_inst/O
                         net (fo=17697, unplaced)     0.439    11.881    u_wb/defaultClockArea_cpu/aclk_IBUF_BUFG
                         FDRE                                         r  u_wb/defaultClockArea_cpu/MemIssueQueuePlugin_queue_2_payload_rRegs_1_valid_reg/C
                         clock pessimism              0.167    12.048    
                         clock uncertainty           -0.035    12.012    
                         FDRE (Setup_fdre_C_D)        0.029    12.041    u_wb/defaultClockArea_cpu/MemIssueQueuePlugin_queue_2_payload_rRegs_1_valid_reg
  -------------------------------------------------------------------
                         required time                         12.041    
                         arrival time                         -11.907    
  -------------------------------------------------------------------
                         slack                                  0.135    

Slack (MET) :             0.135ns  (required time - arrival time)
  Source:                 u_wb/defaultClockArea_axiBuffer/fifo/xpm_fifo_base_inst/xpm_fifo_rst_inst/gen_rst_cc.fifo_wr_rst_cc_reg[2]/C
                            (rising edge-triggered cell FDSE clocked by aclk  {rise@0.000ns fall@5.000ns period=10.000ns})
  Destination:            u_wb/defaultClockArea_cpu/MemIssueQueuePlugin_queue_3_payload_rRegs_1_valid_reg/D
                            (rising edge-triggered cell FDRE clocked by aclk  {rise@0.000ns fall@5.000ns period=10.000ns})
  Path Group:             aclk
  Path Type:              Setup (Max at Slow Process Corner)
  Requirement:            10.000ns  (aclk rise@10.000ns - aclk rise@0.000ns)
  Data Path Delay:        9.714ns  (logic 2.396ns (24.665%)  route 7.318ns (75.335%))
  Logic Levels:           18  (LUT2=3 LUT3=3 LUT4=1 LUT5=2 LUT6=9)
  Clock Path Skew:        -0.145ns (DCD - SCD + CPR)
    Destination Clock Delay (DCD):    1.881ns = ( 11.881 - 10.000 ) 
    Source Clock Delay      (SCD):    2.193ns
    Clock Pessimism Removal (CPR):    0.167ns
  Clock Uncertainty:      0.035ns  ((TSJ^2 + TIJ^2)^1/2 + DJ) / 2 + PE
    Total System Jitter     (TSJ):    0.071ns
    Total Input Jitter      (TIJ):    0.000ns
    Discrete Jitter          (DJ):    0.000ns
    Phase Error              (PE):    0.000ns

    Location             Delay type                Incr(ns)  Path(ns)    Netlist Resource(s)
  -------------------------------------------------------------------    -------------------
                         (clock aclk rise edge)       0.000     0.000 r  
                                                      0.000     0.000 r  aclk (IN)
                         net (fo=0)                   0.000     0.000    aclk
                         IBUF (Prop_ibuf_I_O)         0.882     0.882 r  aclk_IBUF_inst/O
                         net (fo=1, unplaced)         0.646     1.528    aclk_IBUF
                         BUFG (Prop_bufg_I_O)         0.081     1.609 r  aclk_IBUF_BUFG_inst/O
                         net (fo=17697, unplaced)     0.584     2.193    u_wb/defaultClockArea_axiBuffer/fifo/xpm_fifo_base_inst/xpm_fifo_rst_inst/wr_clk
                         FDSE                                         r  u_wb/defaultClockArea_axiBuffer/fifo/xpm_fifo_base_inst/xpm_fifo_rst_inst/gen_rst_cc.fifo_wr_rst_cc_reg[2]/C
  -------------------------------------------------------------------    -------------------
                         FDSE (Prop_fdse_C_Q)         0.379     2.572 f  u_wb/defaultClockArea_axiBuffer/fifo/xpm_fifo_base_inst/xpm_fifo_rst_inst/gen_rst_cc.fifo_wr_rst_cc_reg[2]/Q
                         net (fo=51, unplaced)        0.445     3.017    u_wb/defaultClockArea_axiBuffer/fifo/xpm_fifo_base_inst/xpm_fifo_rst_inst/Q[0]
                         LUT2 (Prop_lut2_I0_O)        0.232     3.249 f  u_wb/defaultClockArea_axiBuffer/fifo/xpm_fifo_base_inst/xpm_fifo_rst_inst/wr_rst_busy_INST_0/O
                         net (fo=144, unplaced)       0.456     3.705    u_wb/defaultClockArea_axiBuffer/fifo_rd_rst_busy
                         LUT2 (Prop_lut2_I0_O)        0.105     3.810 r  u_wb/defaultClockArea_axiBuffer/fifo_i_76/O
                         net (fo=2, unplaced)         0.358     4.168    u_wb/defaultClockArea_axiBuffer/fifo_i_76_n_0
                         LUT6 (Prop_lut6_I0_O)        0.105     4.273 f  u_wb/defaultClockArea_axiBuffer/fifo_i_73/O
                         net (fo=71, unplaced)        0.438     4.711    u_wb/defaultClockArea_axiBuffer/when_AxiBuffer_l81__1
                         LUT4 (Prop_lut4_I0_O)        0.105     4.816 f  u_wb/defaultClockArea_axiBuffer/fifo_i_1/O
                         net (fo=11, unplaced)        0.393     5.209    u_wb/defaultClockArea_cpu/DCachePlugin_dataRAMs_1/wr_en
                         LUT3 (Prop_lut3_I2_O)        0.105     5.314 f  u_wb/defaultClockArea_cpu/DCachePlugin_dataRAMs_1/MEM_MEM1_to_MEM_MEM2_ISSUE_SLOT_wReg[5]_i_11/O
                         net (fo=1, unplaced)         0.347     5.661    u_wb/defaultClockArea_cpu/DCachePlugin_dataRAMs_1/p_8642_in
                         LUT5 (Prop_lut5_I3_O)        0.105     5.766 r  u_wb/defaultClockArea_cpu/DCachePlugin_dataRAMs_1/MEM_MEM1_to_MEM_MEM2_ISSUE_SLOT_wReg[5]_i_8/O
                         net (fo=1, unplaced)         0.347     6.113    u_wb/defaultClockArea_cpu/DCachePlugin_dataRAMs_1/MEM_MEM2_arbitration_haltItself
                         LUT6 (Prop_lut6_I0_O)        0.105     6.218 r  u_wb/defaultClockArea_cpu/DCachePlugin_dataRAMs_1/MEM_MEM1_to_MEM_MEM2_ISSUE_SLOT_wReg[5]_i_4/O
                         net (fo=1, unplaced)         0.347     6.565    u_wb/defaultClockArea_cpu/DCachePlugin_dataRAMs_1/MEM_MEM1_to_MEM_MEM2_ISSUE_SLOT_wReg[5]_i_4_n_0
                         LUT6 (Prop_lut6_I3_O)        0.105     6.670 f  u_wb/defaultClockArea_cpu/DCachePlugin_dataRAMs_1/MEM_MEM1_to_MEM_MEM2_ISSUE_SLOT_wReg[5]_i_1/O
                         net (fo=381, unplaced)       0.480     7.150    u_wb/defaultClockArea_cpu/DCachePlugin_dataRAMs_1/MEM_MEM2_arbitration_notStuck
                         LUT6 (Prop_lut6_I5_O)        0.105     7.255 f  u_wb/defaultClockArea_cpu/DCachePlugin_dataRAMs_1/MEM_ADDR_to_MEM_MEM1_MEMORY_WRITE_DATA[31]_i_3/O
                         net (fo=22, unplaced)        0.409     7.664    u_wb/defaultClockArea_cpu/DCachePlugin_dataRAMs_1_n_14
                         LUT2 (Prop_lut2_I1_O)        0.105     7.769 r  u_wb/defaultClockArea_cpu/MEM_ADDR_to_MEM_MEM1_MEMORY_WRITE_DATA[31]_i_1/O
                         net (fo=454, unplaced)       0.485     8.254    u_wb/defaultClockArea_cpu/MEM_MEM1_arbitration_notStuck
                         LUT5 (Prop_lut5_I4_O)        0.105     8.359 r  u_wb/defaultClockArea_cpu/PhysRegFilePlugin_busys_31_i_3/O
                         net (fo=45, unplaced)        0.427     8.786    u_wb/defaultClockArea_cpu/PhysRegFilePlugin_busys_31_i_3_n_0
                         LUT6 (Prop_lut6_I5_O)        0.105     8.891 r  u_wb/defaultClockArea_cpu/MulDivIssueQueuePlugin_queue_2_payload_rRegs_1_valid_i_19/O
                         net (fo=1, unplaced)         0.328     9.219    u_wb/defaultClockArea_cpu/unsignedDivider_2/MemIssueQueuePlugin_queue_4_payload_rRegs_1_valid_i_11_1
                         LUT6 (Prop_lut6_I1_O)        0.105     9.324 r  u_wb/defaultClockArea_cpu/unsignedDivider_2/MulDivIssueQueuePlugin_queue_2_payload_rRegs_1_valid_i_13/O
                         net (fo=2, unplaced)         0.358     9.682    u_wb/defaultClockArea_cpu/unsignedDivider_2/MulDivIssueQueuePlugin_queue_2_payload_rRegs_1_valid_i_13_n_0
                         LUT3 (Prop_lut3_I0_O)        0.105     9.787 r  u_wb/defaultClockArea_cpu/unsignedDivider_2/MemIssueQueuePlugin_queue_4_payload_rRegs_1_valid_i_11/O
                         net (fo=8, unplaced)         0.620    10.407    u_wb/defaultClockArea_cpu/unsignedDivider_2/MemIssueQueuePlugin_queue_4_payload_rRegs_1_valid_i_11_n_0
                         LUT6 (Prop_lut6_I0_O)        0.105    10.512 f  u_wb/defaultClockArea_cpu/unsignedDivider_2/MemIssueQueuePlugin_queue_0_payload_rRegs_1_valid_i_2/O
                         net (fo=5, unplaced)         0.375    10.887    u_wb/defaultClockArea_cpu/unsignedDivider_2/MemIssueQueuePlugin_queue_0_payload_rRegs_1_valid_i_2_n_0
                         LUT6 (Prop_lut6_I1_O)        0.105    10.992 r  u_wb/defaultClockArea_cpu/unsignedDivider_2/MemIssueQueuePlugin_queue_3_payload_rRegs_1_valid_i_3/O
                         net (fo=1, unplaced)         0.347    11.339    u_wb/defaultClockArea_cpu/unsignedDivider_2/MemIssueQueuePlugin_queue_3_payload_rRegs_1_valid_i_3_n_0
                         LUT6 (Prop_lut6_I0_O)        0.105    11.444 r  u_wb/defaultClockArea_cpu/unsignedDivider_2/MemIssueQueuePlugin_queue_3_payload_rRegs_1_valid_i_2/O
                         net (fo=2, unplaced)         0.358    11.802    u_wb/defaultClockArea_cpu/unsignedDivider_2/MemIssueQueuePlugin_queue_3_payload_rRegs_1_valid_i_2_n_0
                         LUT3 (Prop_lut3_I2_O)        0.105    11.907 r  u_wb/defaultClockArea_cpu/unsignedDivider_2/MemIssueQueuePlugin_queue_3_payload_rRegs_1_valid_i_1/O
                         net (fo=1, unplaced)         0.000    11.907    u_wb/defaultClockArea_cpu/unsignedDivider_2_n_101
                         FDRE                                         r  u_wb/defaultClockArea_cpu/MemIssueQueuePlugin_queue_3_payload_rRegs_1_valid_reg/D
  -------------------------------------------------------------------    -------------------

                         (clock aclk rise edge)      10.000    10.000 r  
                                                      0.000    10.000 r  aclk (IN)
                         net (fo=0)                   0.000    10.000    aclk
                         IBUF (Prop_ibuf_I_O)         0.751    10.751 r  aclk_IBUF_inst/O
                         net (fo=1, unplaced)         0.613    11.365    aclk_IBUF
                         BUFG (Prop_bufg_I_O)         0.077    11.442 r  aclk_IBUF_BUFG_inst/O
                         net (fo=17697, unplaced)     0.439    11.881    u_wb/defaultClockArea_cpu/aclk_IBUF_BUFG
                         FDRE                                         r  u_wb/defaultClockArea_cpu/MemIssueQueuePlugin_queue_3_payload_rRegs_1_valid_reg/C
                         clock pessimism              0.167    12.048    
                         clock uncertainty           -0.035    12.012    
                         FDRE (Setup_fdre_C_D)        0.029    12.041    u_wb/defaultClockArea_cpu/MemIssueQueuePlugin_queue_3_payload_rRegs_1_valid_reg
  -------------------------------------------------------------------
                         required time                         12.041    
                         arrival time                         -11.907    
  -------------------------------------------------------------------
                         slack                                  0.135    

Slack (MET) :             0.366ns  (required time - arrival time)
  Source:                 u_wb/defaultClockArea_axiBuffer/fifo/xpm_fifo_base_inst/xpm_fifo_rst_inst/gen_rst_cc.fifo_wr_rst_cc_reg[2]/C
                            (rising edge-triggered cell FDSE clocked by aclk  {rise@0.000ns fall@5.000ns period=10.000ns})
  Destination:            u_wb/defaultClockArea_cpu/MemIssueQueuePlugin_queue_0_payload_rRegs_0_valid_reg/D
                            (rising edge-triggered cell FDRE clocked by aclk  {rise@0.000ns fall@5.000ns period=10.000ns})
  Path Group:             aclk
  Path Type:              Setup (Max at Slow Process Corner)
  Requirement:            10.000ns  (aclk rise@10.000ns - aclk rise@0.000ns)
  Data Path Delay:        9.483ns  (logic 2.396ns (25.266%)  route 7.087ns (74.734%))
  Logic Levels:           18  (LUT2=3 LUT3=1 LUT4=1 LUT5=4 LUT6=9)
  Clock Path Skew:        -0.145ns (DCD - SCD + CPR)
    Destination Clock Delay (DCD):    1.881ns = ( 11.881 - 10.000 ) 
    Source Clock Delay      (SCD):    2.193ns
    Clock Pessimism Removal (CPR):    0.167ns
  Clock Uncertainty:      0.035ns  ((TSJ^2 + TIJ^2)^1/2 + DJ) / 2 + PE
    Total System Jitter     (TSJ):    0.071ns
    Total Input Jitter      (TIJ):    0.000ns
    Discrete Jitter          (DJ):    0.000ns
    Phase Error              (PE):    0.000ns

    Location             Delay type                Incr(ns)  Path(ns)    Netlist Resource(s)
  -------------------------------------------------------------------    -------------------
                         (clock aclk rise edge)       0.000     0.000 r  
                                                      0.000     0.000 r  aclk (IN)
                         net (fo=0)                   0.000     0.000    aclk
                         IBUF (Prop_ibuf_I_O)         0.882     0.882 r  aclk_IBUF_inst/O
                         net (fo=1, unplaced)         0.646     1.528    aclk_IBUF
                         BUFG (Prop_bufg_I_O)         0.081     1.609 r  aclk_IBUF_BUFG_inst/O
                         net (fo=17697, unplaced)     0.584     2.193    u_wb/defaultClockArea_axiBuffer/fifo/xpm_fifo_base_inst/xpm_fifo_rst_inst/wr_clk
                         FDSE                                         r  u_wb/defaultClockArea_axiBuffer/fifo/xpm_fifo_base_inst/xpm_fifo_rst_inst/gen_rst_cc.fifo_wr_rst_cc_reg[2]/C
  -------------------------------------------------------------------    -------------------
                         FDSE (Prop_fdse_C_Q)         0.379     2.572 f  u_wb/defaultClockArea_axiBuffer/fifo/xpm_fifo_base_inst/xpm_fifo_rst_inst/gen_rst_cc.fifo_wr_rst_cc_reg[2]/Q
                         net (fo=51, unplaced)        0.445     3.017    u_wb/defaultClockArea_axiBuffer/fifo/xpm_fifo_base_inst/xpm_fifo_rst_inst/Q[0]
                         LUT2 (Prop_lut2_I0_O)        0.232     3.249 f  u_wb/defaultClockArea_axiBuffer/fifo/xpm_fifo_base_inst/xpm_fifo_rst_inst/wr_rst_busy_INST_0/O
                         net (fo=144, unplaced)       0.456     3.705    u_wb/defaultClockArea_axiBuffer/fifo_rd_rst_busy
                         LUT2 (Prop_lut2_I0_O)        0.105     3.810 r  u_wb/defaultClockArea_axiBuffer/fifo_i_76/O
                         net (fo=2, unplaced)         0.358     4.168    u_wb/defaultClockArea_axiBuffer/fifo_i_76_n_0
                         LUT6 (Prop_lut6_I0_O)        0.105     4.273 f  u_wb/defaultClockArea_axiBuffer/fifo_i_73/O
                         net (fo=71, unplaced)        0.438     4.711    u_wb/defaultClockArea_axiBuffer/when_AxiBuffer_l81__1
                         LUT4 (Prop_lut4_I0_O)        0.105     4.816 f  u_wb/defaultClockArea_axiBuffer/fifo_i_1/O
                         net (fo=11, unplaced)        0.393     5.209    u_wb/defaultClockArea_cpu/DCachePlugin_dataRAMs_1/wr_en
                         LUT3 (Prop_lut3_I2_O)        0.105     5.314 f  u_wb/defaultClockArea_cpu/DCachePlugin_dataRAMs_1/MEM_MEM1_to_MEM_MEM2_ISSUE_SLOT_wReg[5]_i_11/O
                         net (fo=1, unplaced)         0.347     5.661    u_wb/defaultClockArea_cpu/DCachePlugin_dataRAMs_1/p_8642_in
                         LUT5 (Prop_lut5_I3_O)        0.105     5.766 r  u_wb/defaultClockArea_cpu/DCachePlugin_dataRAMs_1/MEM_MEM1_to_MEM_MEM2_ISSUE_SLOT_wReg[5]_i_8/O
                         net (fo=1, unplaced)         0.347     6.113    u_wb/defaultClockArea_cpu/DCachePlugin_dataRAMs_1/MEM_MEM2_arbitration_haltItself
                         LUT6 (Prop_lut6_I0_O)        0.105     6.218 r  u_wb/defaultClockArea_cpu/DCachePlugin_dataRAMs_1/MEM_MEM1_to_MEM_MEM2_ISSUE_SLOT_wReg[5]_i_4/O
                         net (fo=1, unplaced)         0.347     6.565    u_wb/defaultClockArea_cpu/DCachePlugin_dataRAMs_1/MEM_MEM1_to_MEM_MEM2_ISSUE_SLOT_wReg[5]_i_4_n_0
                         LUT6 (Prop_lut6_I3_O)        0.105     6.670 f  u_wb/defaultClockArea_cpu/DCachePlugin_dataRAMs_1/MEM_MEM1_to_MEM_MEM2_ISSUE_SLOT_wReg[5]_i_1/O
                         net (fo=381, unplaced)       0.480     7.150    u_wb/defaultClockArea_cpu/DCachePlugin_dataRAMs_1/MEM_MEM2_arbitration_notStuck
                         LUT6 (Prop_lut6_I5_O)        0.105     7.255 f  u_wb/defaultClockArea_cpu/DCachePlugin_dataRAMs_1/MEM_ADDR_to_MEM_MEM1_MEMORY_WRITE_DATA[31]_i_3/O
                         net (fo=22, unplaced)        0.409     7.664    u_wb/defaultClockArea_cpu/DCachePlugin_dataRAMs_1_n_14
                         LUT2 (Prop_lut2_I1_O)        0.105     7.769 r  u_wb/defaultClockArea_cpu/MEM_ADDR_to_MEM_MEM1_MEMORY_WRITE_DATA[31]_i_1/O
                         net (fo=454, unplaced)       0.485     8.254    u_wb/defaultClockArea_cpu/MEM_MEM1_arbitration_notStuck
                         LUT5 (Prop_lut5_I4_O)        0.105     8.359 r  u_wb/defaultClockArea_cpu/PhysRegFilePlugin_busys_31_i_3/O
                         net (fo=45, unplaced)        0.427     8.786    u_wb/defaultClockArea_cpu/PhysRegFilePlugin_busys_31_i_3_n_0
                         LUT5 (Prop_lut5_I2_O)        0.105     8.891 r  u_wb/defaultClockArea_cpu/MulDivIssueQueuePlugin_queue_2_payload_rRegs_0_valid_i_54/O
                         net (fo=1, unplaced)         0.328     9.219    u_wb/defaultClockArea_cpu/unsignedDivider_2/MulDivIssueQueuePlugin_queue_2_payload_rRegs_0_valid_i_23_0
                         LUT6 (Prop_lut6_I0_O)        0.105     9.324 r  u_wb/defaultClockArea_cpu/unsignedDivider_2/MulDivIssueQueuePlugin_queue_2_payload_rRegs_0_valid_i_33/O
                         net (fo=1, unplaced)         0.347     9.671    u_wb/defaultClockArea_cpu/unsignedDivider_2/MulDivIssueQueuePlugin_queue_2_payload_rRegs_0_valid_i_33_n_0
                         LUT5 (Prop_lut5_I4_O)        0.105     9.776 r  u_wb/defaultClockArea_cpu/unsignedDivider_2/MulDivIssueQueuePlugin_queue_2_payload_rRegs_0_valid_i_23/O
                         net (fo=1, unplaced)         0.347    10.123    u_wb/defaultClockArea_cpu/unsignedDivider_2/MulDivIssueQueuePlugin_queue_2_payload_rRegs_0_valid_i_23_n_0
                         LUT6 (Prop_lut6_I5_O)        0.105    10.228 f  u_wb/defaultClockArea_cpu/unsignedDivider_2/MulDivIssueQueuePlugin_queue_2_payload_rRegs_0_valid_i_11/O
                         net (fo=15, unplaced)        0.400    10.628    u_wb/defaultClockArea_cpu/unsignedDivider_2/MulDivIssueQueuePlugin_queue_2_payload_rRegs_0_valid_i_11_n_0
                         LUT6 (Prop_lut6_I5_O)        0.105    10.733 f  u_wb/defaultClockArea_cpu/unsignedDivider_2/MemIssueQueuePlugin_queue_0_payload_rRegs_0_valid_i_2/O
                         net (fo=5, unplaced)         0.375    11.108    u_wb/defaultClockArea_cpu/unsignedDivider_2/MemIssueQueuePlugin_queue_0_payload_rRegs_0_valid_i_2_n_0
                         LUT6 (Prop_lut6_I4_O)        0.105    11.213 r  u_wb/defaultClockArea_cpu/unsignedDivider_2/MemIssueQueuePlugin_queue_1_payload_rRegs_0_valid_i_2/O
                         net (fo=2, unplaced)         0.358    11.571    u_wb/defaultClockArea_cpu/unsignedDivider_2/MemIssueQueuePlugin_queue_1_payload_rRegs_0_valid_i_2_n_0
                         LUT6 (Prop_lut6_I0_O)        0.105    11.676 r  u_wb/defaultClockArea_cpu/unsignedDivider_2/MemIssueQueuePlugin_queue_0_payload_rRegs_0_valid_i_1/O
                         net (fo=1, unplaced)         0.000    11.676    u_wb/defaultClockArea_cpu/unsignedDivider_2_n_184
                         FDRE                                         r  u_wb/defaultClockArea_cpu/MemIssueQueuePlugin_queue_0_payload_rRegs_0_valid_reg/D
  -------------------------------------------------------------------    -------------------

                         (clock aclk rise edge)      10.000    10.000 r  
                                                      0.000    10.000 r  aclk (IN)
                         net (fo=0)                   0.000    10.000    aclk
                         IBUF (Prop_ibuf_I_O)         0.751    10.751 r  aclk_IBUF_inst/O
                         net (fo=1, unplaced)         0.613    11.365    aclk_IBUF
                         BUFG (Prop_bufg_I_O)         0.077    11.442 r  aclk_IBUF_BUFG_inst/O
                         net (fo=17697, unplaced)     0.439    11.881    u_wb/defaultClockArea_cpu/aclk_IBUF_BUFG
                         FDRE                                         r  u_wb/defaultClockArea_cpu/MemIssueQueuePlugin_queue_0_payload_rRegs_0_valid_reg/C
                         clock pessimism              0.167    12.048    
                         clock uncertainty           -0.035    12.012    
                         FDRE (Setup_fdre_C_D)        0.029    12.041    u_wb/defaultClockArea_cpu/MemIssueQueuePlugin_queue_0_payload_rRegs_0_valid_reg
  -------------------------------------------------------------------
                         required time                         12.041    
                         arrival time                         -11.676    
  -------------------------------------------------------------------
                         slack                                  0.366    





Pulse Width Checks
--------------------------------------------------------------------------------------
Clock Name:         aclk
Waveform(ns):       { 0.000 5.000 }
Period(ns):         10.000
Sources:            { aclk }

Check Type        Corner  Lib Pin             Reference Pin  Required(ns)  Actual(ns)  Slack(ns)  Location  Pin
Min Period        n/a     DSP48E1/CLK         n/a            3.109         10.000      6.891                core_top/wb_raw_top/MyCPUCore/multiplier/<hidden>/<hidden>/<hidden>
Min Period        n/a     RAMB36E1/CLKARDCLK  n/a            2.472         10.000      7.528                u_wb/defaultClockArea_axiBuffer/fifo/xpm_fifo_base_inst/gen_sdpram.xpm_memory_base_inst/gen_wr_a.gen_word_narrow.mem_reg_0/CLKARDCLK
Min Period        n/a     RAMB36E1/CLKARDCLK  n/a            2.472         10.000      7.528                u_wb/defaultClockArea_axiBuffer/fifo/xpm_fifo_base_inst/gen_sdpram.xpm_memory_base_inst/gen_wr_a.gen_word_narrow.mem_reg_1/CLKARDCLK
Min Period        n/a     RAMB18E1/CLKARDCLK  n/a            2.472         10.000      7.528                u_wb/defaultClockArea_axiBuffer/fifo/xpm_fifo_base_inst/gen_sdpram.xpm_memory_base_inst/gen_wr_a.gen_word_narrow.mem_reg_2/CLKARDCLK
Min Period        n/a     RAMB36E1/CLKARDCLK  n/a            2.472         10.000      7.528                u_wb/defaultClockArea_cpu/DCachePlugin_dataRAMs_0/mem/xpm_memory_base_inst/gen_wr_a.gen_byte_narrow.for_mem_cols[1].mem_reg/CLKARDCLK
Min Period        n/a     RAMB36E1/CLKARDCLK  n/a            2.472         10.000      7.528                u_wb/defaultClockArea_cpu/DCachePlugin_dataRAMs_1/mem/xpm_memory_base_inst/gen_wr_a.gen_byte_narrow.for_mem_cols[1].mem_reg/CLKARDCLK
Min Period        n/a     RAMB36E1/CLKARDCLK  n/a            2.472         10.000      7.528                u_wb/defaultClockArea_cpu/DCachePlugin_infoRAM/mem/xpm_memory_base_inst/gen_wr_a.gen_word_narrow.mem_reg/CLKARDCLK
Min Period        n/a     RAMB36E1/CLKBWRCLK  n/a            2.472         10.000      7.528                u_wb/defaultClockArea_cpu/DCachePlugin_infoRAM/mem/xpm_memory_base_inst/gen_wr_a.gen_word_narrow.mem_reg/CLKBWRCLK
Min Period        n/a     RAMB36E1/CLKARDCLK  n/a            2.472         10.000      7.528                u_wb/defaultClockArea_cpu/GlobalPredictorBTBPlugin_btb/rams_0/mem/xpm_memory_base_inst/gen_wr_a.gen_word_narrow.mem_reg/CLKARDCLK
Min Period        n/a     RAMB36E1/CLKBWRCLK  n/a            2.472         10.000      7.528                u_wb/defaultClockArea_cpu/GlobalPredictorBTBPlugin_btb/rams_0/mem/xpm_memory_base_inst/gen_wr_a.gen_word_narrow.mem_reg/CLKBWRCLK
Min Period        n/a     RAMB36E1/CLKARDCLK  n/a            2.472         10.000      7.528                u_wb/defaultClockArea_cpu/GlobalPredictorBTBPlugin_btb/rams_1/mem/xpm_memory_base_inst/gen_wr_a.gen_word_narrow.mem_reg/CLKARDCLK
Min Period        n/a     RAMB36E1/CLKBWRCLK  n/a            2.472         10.000      7.528                u_wb/defaultClockArea_cpu/GlobalPredictorBTBPlugin_btb/rams_1/mem/xpm_memory_base_inst/gen_wr_a.gen_word_narrow.mem_reg/CLKBWRCLK
Min Period        n/a     RAMB36E1/CLKARDCLK  n/a            2.472         10.000      7.528                u_wb/defaultClockArea_cpu/GlobalPredictorBTBPlugin_btb/rams_2/mem/xpm_memory_base_inst/gen_wr_a.gen_word_narrow.mem_reg/CLKARDCLK
Min Period        n/a     RAMB36E1/CLKBWRCLK  n/a            2.472         10.000      7.528                u_wb/defaultClockArea_cpu/GlobalPredictorBTBPlugin_btb/rams_2/mem/xpm_memory_base_inst/gen_wr_a.gen_word_narrow.mem_reg/CLKBWRCLK
Min Period        n/a     RAMB36E1/CLKARDCLK  n/a            2.472         10.000      7.528                u_wb/defaultClockArea_cpu/GlobalPredictorBTBPlugin_btb/rams_3/mem/xpm_memory_base_inst/gen_wr_a.gen_word_narrow.mem_reg/CLKARDCLK
Min Period        n/a     RAMB36E1/CLKBWRCLK  n/a            2.472         10.000      7.528                u_wb/defaultClockArea_cpu/GlobalPredictorBTBPlugin_btb/rams_3/mem/xpm_memory_base_inst/gen_wr_a.gen_word_narrow.mem_reg/CLKBWRCLK
Min Period        n/a     RAMB18E1/CLKARDCLK  n/a            2.472         10.000      7.528                u_wb/defaultClockArea_cpu/GlobalPredictorBTBPlugin_predictor/bimodalPht/rams_0/mem/xpm_memory_base_inst/gen_wr_a.gen_word_narrow.mem_reg/CLKARDCLK
Min Period        n/a     RAMB18E1/CLKARDCLK  n/a            2.472         10.000      7.528                u_wb/defaultClockArea_cpu/GlobalPredictorBTBPlugin_predictor/bimodalPht/rams_1/mem/xpm_memory_base_inst/gen_wr_a.gen_word_narrow.mem_reg/CLKARDCLK
Min Period        n/a     RAMB18E1/CLKARDCLK  n/a            2.472         10.000      7.528                u_wb/defaultClockArea_cpu/GlobalPredictorBTBPlugin_predictor/bimodalPht/rams_2/mem/xpm_memory_base_inst/gen_wr_a.gen_word_narrow.mem_reg/CLKARDCLK
Min Period        n/a     RAMB18E1/CLKARDCLK  n/a            2.472         10.000      7.528                u_wb/defaultClockArea_cpu/GlobalPredictorBTBPlugin_predictor/bimodalPht/rams_3/mem/xpm_memory_base_inst/gen_wr_a.gen_word_narrow.mem_reg/CLKARDCLK
Low Pulse Width   Slow    RAMD32/CLK          n/a            1.130         5.000       3.870                u_wb/defaultClockArea_cpu/ROBFIFOPlugin_robInfo/ram/rams_0/mem/xpm_memory_base_inst/gen_wr_a.gen_word_narrow.mem_reg_0_7_0_5/RAMA/CLK
Low Pulse Width   Fast    RAMD32/CLK          n/a            1.130         5.000       3.870                u_wb/defaultClockArea_cpu/ROBFIFOPlugin_robInfo/ram/rams_0/mem/xpm_memory_base_inst/gen_wr_a.gen_word_narrow.mem_reg_0_7_0_5/RAMA/CLK
Low Pulse Width   Slow    RAMD32/CLK          n/a            1.130         5.000       3.870                u_wb/defaultClockArea_cpu/ROBFIFOPlugin_robInfo/ram/rams_0/mem/xpm_memory_base_inst/gen_wr_a.gen_word_narrow.mem_reg_0_7_0_5/RAMA_D1/CLK
Low Pulse Width   Fast    RAMD32/CLK          n/a            1.130         5.000       3.870                u_wb/defaultClockArea_cpu/ROBFIFOPlugin_robInfo/ram/rams_0/mem/xpm_memory_base_inst/gen_wr_a.gen_word_narrow.mem_reg_0_7_0_5/RAMA_D1/CLK
Low Pulse Width   Slow    RAMD32/CLK          n/a            1.130         5.000       3.870                u_wb/defaultClockArea_cpu/ROBFIFOPlugin_robInfo/ram/rams_0/mem/xpm_memory_base_inst/gen_wr_a.gen_word_narrow.mem_reg_0_7_0_5/RAMB/CLK
Low Pulse Width   Fast    RAMD32/CLK          n/a            1.130         5.000       3.870                u_wb/defaultClockArea_cpu/ROBFIFOPlugin_robInfo/ram/rams_0/mem/xpm_memory_base_inst/gen_wr_a.gen_word_narrow.mem_reg_0_7_0_5/RAMB/CLK
Low Pulse Width   Slow    RAMD32/CLK          n/a            1.130         5.000       3.870                u_wb/defaultClockArea_cpu/ROBFIFOPlugin_robInfo/ram/rams_0/mem/xpm_memory_base_inst/gen_wr_a.gen_word_narrow.mem_reg_0_7_0_5/RAMB_D1/CLK
Low Pulse Width   Fast    RAMD32/CLK          n/a            1.130         5.000       3.870                u_wb/defaultClockArea_cpu/ROBFIFOPlugin_robInfo/ram/rams_0/mem/xpm_memory_base_inst/gen_wr_a.gen_word_narrow.mem_reg_0_7_0_5/RAMB_D1/CLK
Low Pulse Width   Slow    RAMD32/CLK          n/a            1.130         5.000       3.870                u_wb/defaultClockArea_cpu/ROBFIFOPlugin_robInfo/ram/rams_0/mem/xpm_memory_base_inst/gen_wr_a.gen_word_narrow.mem_reg_0_7_0_5/RAMC/CLK
Low Pulse Width   Fast    RAMD32/CLK          n/a            1.130         5.000       3.870                u_wb/defaultClockArea_cpu/ROBFIFOPlugin_robInfo/ram/rams_0/mem/xpm_memory_base_inst/gen_wr_a.gen_word_narrow.mem_reg_0_7_0_5/RAMC/CLK
Low Pulse Width   Slow    RAMD32/CLK          n/a            1.130         5.000       3.870                u_wb/defaultClockArea_cpu/ROBFIFOPlugin_robInfo/ram/rams_0/mem/xpm_memory_base_inst/gen_wr_a.gen_word_narrow.mem_reg_0_7_0_5/RAMC_D1/CLK
Low Pulse Width   Fast    RAMD32/CLK          n/a            1.130         5.000       3.870                u_wb/defaultClockArea_cpu/ROBFIFOPlugin_robInfo/ram/rams_0/mem/xpm_memory_base_inst/gen_wr_a.gen_word_narrow.mem_reg_0_7_0_5/RAMC_D1/CLK
Low Pulse Width   Slow    RAMS32/CLK          n/a            1.130         5.000       3.870                u_wb/defaultClockArea_cpu/ROBFIFOPlugin_robInfo/ram/rams_0/mem/xpm_memory_base_inst/gen_wr_a.gen_word_narrow.mem_reg_0_7_0_5/RAMD/CLK
Low Pulse Width   Fast    RAMS32/CLK          n/a            1.130         5.000       3.870                u_wb/defaultClockArea_cpu/ROBFIFOPlugin_robInfo/ram/rams_0/mem/xpm_memory_base_inst/gen_wr_a.gen_word_narrow.mem_reg_0_7_0_5/RAMD/CLK
Low Pulse Width   Slow    RAMS32/CLK          n/a            1.130         5.000       3.870                u_wb/defaultClockArea_cpu/ROBFIFOPlugin_robInfo/ram/rams_0/mem/xpm_memory_base_inst/gen_wr_a.gen_word_narrow.mem_reg_0_7_0_5/RAMD_D1/CLK
Low Pulse Width   Fast    RAMS32/CLK          n/a            1.130         5.000       3.870                u_wb/defaultClockArea_cpu/ROBFIFOPlugin_robInfo/ram/rams_0/mem/xpm_memory_base_inst/gen_wr_a.gen_word_narrow.mem_reg_0_7_0_5/RAMD_D1/CLK
Low Pulse Width   Slow    RAMD32/CLK          n/a            1.130         5.000       3.870                u_wb/defaultClockArea_cpu/ROBFIFOPlugin_robInfo/ram/rams_0/mem/xpm_memory_base_inst/gen_wr_a.gen_word_narrow.mem_reg_0_7_102_107/RAMA/CLK
Low Pulse Width   Fast    RAMD32/CLK          n/a            1.130         5.000       3.870                u_wb/defaultClockArea_cpu/ROBFIFOPlugin_robInfo/ram/rams_0/mem/xpm_memory_base_inst/gen_wr_a.gen_word_narrow.mem_reg_0_7_102_107/RAMA/CLK
Low Pulse Width   Slow    RAMD32/CLK          n/a            1.130         5.000       3.870                u_wb/defaultClockArea_cpu/ROBFIFOPlugin_robInfo/ram/rams_0/mem/xpm_memory_base_inst/gen_wr_a.gen_word_narrow.mem_reg_0_7_102_107/RAMA_D1/CLK
Low Pulse Width   Fast    RAMD32/CLK          n/a            1.130         5.000       3.870                u_wb/defaultClockArea_cpu/ROBFIFOPlugin_robInfo/ram/rams_0/mem/xpm_memory_base_inst/gen_wr_a.gen_word_narrow.mem_reg_0_7_102_107/RAMA_D1/CLK
High Pulse Width  Slow    RAMD32/CLK          n/a            1.130         5.000       3.870                u_wb/defaultClockArea_cpu/ROBFIFOPlugin_robInfo/ram/rams_0/mem/xpm_memory_base_inst/gen_wr_a.gen_word_narrow.mem_reg_0_7_0_5/RAMA/CLK
High Pulse Width  Fast    RAMD32/CLK          n/a            1.130         5.000       3.870                u_wb/defaultClockArea_cpu/ROBFIFOPlugin_robInfo/ram/rams_0/mem/xpm_memory_base_inst/gen_wr_a.gen_word_narrow.mem_reg_0_7_0_5/RAMA/CLK
High Pulse Width  Slow    RAMD32/CLK          n/a            1.130         5.000       3.870                u_wb/defaultClockArea_cpu/ROBFIFOPlugin_robInfo/ram/rams_0/mem/xpm_memory_base_inst/gen_wr_a.gen_word_narrow.mem_reg_0_7_0_5/RAMA_D1/CLK
High Pulse Width  Fast    RAMD32/CLK          n/a            1.130         5.000       3.870                u_wb/defaultClockArea_cpu/ROBFIFOPlugin_robInfo/ram/rams_0/mem/xpm_memory_base_inst/gen_wr_a.gen_word_narrow.mem_reg_0_7_0_5/RAMA_D1/CLK
High Pulse Width  Slow    RAMD32/CLK          n/a            1.130         5.000       3.870                u_wb/defaultClockArea_cpu/ROBFIFOPlugin_robInfo/ram/rams_0/mem/xpm_memory_base_inst/gen_wr_a.gen_word_narrow.mem_reg_0_7_0_5/RAMB/CLK
High Pulse Width  Fast    RAMD32/CLK          n/a            1.130         5.000       3.870                u_wb/defaultClockArea_cpu/ROBFIFOPlugin_robInfo/ram/rams_0/mem/xpm_memory_base_inst/gen_wr_a.gen_word_narrow.mem_reg_0_7_0_5/RAMB/CLK
High Pulse Width  Slow    RAMD32/CLK          n/a            1.130         5.000       3.870                u_wb/defaultClockArea_cpu/ROBFIFOPlugin_robInfo/ram/rams_0/mem/xpm_memory_base_inst/gen_wr_a.gen_word_narrow.mem_reg_0_7_0_5/RAMB_D1/CLK
High Pulse Width  Fast    RAMD32/CLK          n/a            1.130         5.000       3.870                u_wb/defaultClockArea_cpu/ROBFIFOPlugin_robInfo/ram/rams_0/mem/xpm_memory_base_inst/gen_wr_a.gen_word_narrow.mem_reg_0_7_0_5/RAMB_D1/CLK
High Pulse Width  Slow    RAMD32/CLK          n/a            1.130         5.000       3.870                u_wb/defaultClockArea_cpu/ROBFIFOPlugin_robInfo/ram/rams_0/mem/xpm_memory_base_inst/gen_wr_a.gen_word_narrow.mem_reg_0_7_0_5/RAMC/CLK
High Pulse Width  Fast    RAMD32/CLK          n/a            1.130         5.000       3.870                u_wb/defaultClockArea_cpu/ROBFIFOPlugin_robInfo/ram/rams_0/mem/xpm_memory_base_inst/gen_wr_a.gen_word_narrow.mem_reg_0_7_0_5/RAMC/CLK
High Pulse Width  Slow    RAMD32/CLK          n/a            1.130         5.000       3.870                u_wb/defaultClockArea_cpu/ROBFIFOPlugin_robInfo/ram/rams_0/mem/xpm_memory_base_inst/gen_wr_a.gen_word_narrow.mem_reg_0_7_0_5/RAMC_D1/CLK
High Pulse Width  Fast    RAMD32/CLK          n/a            1.130         5.000       3.870                u_wb/defaultClockArea_cpu/ROBFIFOPlugin_robInfo/ram/rams_0/mem/xpm_memory_base_inst/gen_wr_a.gen_word_narrow.mem_reg_0_7_0_5/RAMC_D1/CLK
High Pulse Width  Slow    RAMS32/CLK          n/a            1.130         5.000       3.870                u_wb/defaultClockArea_cpu/ROBFIFOPlugin_robInfo/ram/rams_0/mem/xpm_memory_base_inst/gen_wr_a.gen_word_narrow.mem_reg_0_7_0_5/RAMD/CLK
High Pulse Width  Fast    RAMS32/CLK          n/a            1.130         5.000       3.870                u_wb/defaultClockArea_cpu/ROBFIFOPlugin_robInfo/ram/rams_0/mem/xpm_memory_base_inst/gen_wr_a.gen_word_narrow.mem_reg_0_7_0_5/RAMD/CLK
High Pulse Width  Slow    RAMS32/CLK          n/a            1.130         5.000       3.870                u_wb/defaultClockArea_cpu/ROBFIFOPlugin_robInfo/ram/rams_0/mem/xpm_memory_base_inst/gen_wr_a.gen_word_narrow.mem_reg_0_7_0_5/RAMD_D1/CLK
High Pulse Width  Fast    RAMS32/CLK          n/a            1.130         5.000       3.870                u_wb/defaultClockArea_cpu/ROBFIFOPlugin_robInfo/ram/rams_0/mem/xpm_memory_base_inst/gen_wr_a.gen_word_narrow.mem_reg_0_7_0_5/RAMD_D1/CLK
High Pulse Width  Slow    RAMD32/CLK          n/a            1.130         5.000       3.870                u_wb/defaultClockArea_cpu/ROBFIFOPlugin_robInfo/ram/rams_0/mem/xpm_memory_base_inst/gen_wr_a.gen_word_narrow.mem_reg_0_7_102_107/RAMA/CLK
High Pulse Width  Fast    RAMD32/CLK          n/a            1.130         5.000       3.870                u_wb/defaultClockArea_cpu/ROBFIFOPlugin_robInfo/ram/rams_0/mem/xpm_memory_base_inst/gen_wr_a.gen_word_narrow.mem_reg_0_7_102_107/RAMA/CLK
High Pulse Width  Slow    RAMD32/CLK          n/a            1.130         5.000       3.870                u_wb/defaultClockArea_cpu/ROBFIFOPlugin_robInfo/ram/rams_0/mem/xpm_memory_base_inst/gen_wr_a.gen_word_narrow.mem_reg_0_7_102_107/RAMA_D1/CLK
High Pulse Width  Fast    RAMD32/CLK          n/a            1.130         5.000       3.870                u_wb/defaultClockArea_cpu/ROBFIFOPlugin_robInfo/ram/rams_0/mem/xpm_memory_base_inst/gen_wr_a.gen_word_narrow.mem_reg_0_7_102_107/RAMA_D1/CLK



