Copyright 1986-2022 Xilinx, Inc. All Rights Reserved. Copyright 2022-2025 Advanced Micro Devices, Inc. All Rights Reserved.
-------------------------------------------------------------------------------------------------------------------------------------------------
| Tool Version : Vivado v.2025.2 (win64) Build 6299465 Fri Nov 14 19:35:11 GMT 2025
| Date         : Wed Jul 29 09:20:37 2026
| Host         : MM的ThinkBook16p running 64-bit major release  (build 9200)
| Command      : report_timing_summary -delay_type max -max_paths 20 -file D:/NSCSCC2026/WeBattle-Core/reports/WB-N2/synth/timing_synth_10ns.rpt
| Design       : core_top
| Device       : 7a200t-fbg676
| Speed File   : -2  PRODUCTION 1.23 2018-06-13
| Design State : Synthesized
-------------------------------------------------------------------------------------------------------------------------------------------------

Timing Summary Report

------------------------------------------------------------------------------------------------
| Timer Settings
| --------------
------------------------------------------------------------------------------------------------

  Enable Multi Corner Analysis               :  Yes
  Enable Pessimism Removal                   :  Yes
  Pessimism Removal Resolution               :  Nearest Common Node
  Enable Input Delay Default Clock           :  No
  Enable Preset / Clear Arcs                 :  No
  Disable Flight Delays                      :  No
  Ignore I/O Paths                           :  No
  Timing Early Launch at Borrowing Latches   :  No
  Borrow Time for Max Delay Exceptions       :  Yes
  Merge Timing Exceptions                    :  Yes
  Inter-SLR Compensation                     :  Conservative

  Corner  Analyze    Analyze    
  Name    Max Paths  Min Paths  
  ------  ---------  ---------  
  Slow    Yes        Yes        
  Fast    Yes        Yes        


------------------------------------------------------------------------------------------------
| Report Methodology
| ------------------
------------------------------------------------------------------------------------------------

No report available as report_methodology has not been run prior. Run report_methodology on the current design for the summary of methodology violations.



check_timing report

Table of Contents
-----------------
1. checking no_clock (0)
2. checking constant_clock (0)
3. checking pulse_width_clock (0)
4. checking unconstrained_internal_endpoints (0)
5. checking no_input_delay (47)
6. checking no_output_delay (234)
7. checking multiple_clock (0)
8. checking generated_clocks (0)
9. checking loops (0)
10. checking partial_input_delay (0)
11. checking partial_output_delay (0)
12. checking latch_loops (0)

1. checking no_clock (0)
------------------------
 There are 0 register/latch pins with no clock.


2. checking constant_clock (0)
------------------------------
 There are 0 register/latch pins with constant_clock.


3. checking pulse_width_clock (0)
---------------------------------
 There are 0 register/latch pins which need pulse_width check


4. checking unconstrained_internal_endpoints (0)
------------------------------------------------
 There are 0 pins that are not constrained for maximum delay.

 There are 0 pins that are not constrained for maximum delay due to constant clock.


5. checking no_input_delay (47)
-------------------------------
 There are 47 input ports with no input delay specified. (HIGH)

 There are 0 input ports with no input delay but user has a false path constraint.


6. checking no_output_delay (234)
---------------------------------
 There are 234 ports with no output delay specified. (HIGH)

 There are 0 ports with no output delay but user has a false path constraint

 There are 0 ports with no output delay but with a timing clock defined on it or propagating through it


7. checking multiple_clock (0)
------------------------------
 There are 0 register/latch pins with multiple clocks.


8. checking generated_clocks (0)
--------------------------------
 There are 0 generated clocks that are not connected to a clock source.


9. checking loops (0)
---------------------
 There are 0 combinational loops in the design.


10. checking partial_input_delay (0)
------------------------------------
 There are 0 input ports with partial input delay specified.


11. checking partial_output_delay (0)
-------------------------------------
 There are 0 ports with partial output delay specified.


12. checking latch_loops (0)
----------------------------
 There are 0 combinational latch loops in the design through latch input



------------------------------------------------------------------------------------------------
| Design Timing Summary
| ---------------------
------------------------------------------------------------------------------------------------

    WNS(ns)      TNS(ns)  TNS Failing Endpoints  TNS Total Endpoints     WPWS(ns)     TPWS(ns)  TPWS Failing Endpoints  TPWS Total Endpoints  
    -------      -------  ---------------------  -------------------     --------     --------  ----------------------  --------------------  
     -0.435       -1.698                      8                35074        3.870        0.000                       0                 17540  


Timing constraints are not met.


------------------------------------------------------------------------------------------------
| Clock Summary
| -------------
------------------------------------------------------------------------------------------------

Clock       Waveform(ns)       Period(ns)      Frequency(MHz)
-----       ------------       ----------      --------------
core_clock  {0.000 5.000}      10.000          100.000         


------------------------------------------------------------------------------------------------
| Intra Clock Table
| -----------------
------------------------------------------------------------------------------------------------

Clock             WNS(ns)      TNS(ns)  TNS Failing Endpoints  TNS Total Endpoints     WPWS(ns)     TPWS(ns)  TPWS Failing Endpoints  TPWS Total Endpoints  
-----             -------      -------  ---------------------  -------------------     --------     --------  ----------------------  --------------------  
core_clock         -0.435       -1.698                      8                35074        3.870        0.000                       0                 17540  


------------------------------------------------------------------------------------------------
| Inter Clock Table
| -----------------
------------------------------------------------------------------------------------------------

From Clock    To Clock          WNS(ns)      TNS(ns)  TNS Failing Endpoints  TNS Total Endpoints  
----------    --------          -------      -------  ---------------------  -------------------  


------------------------------------------------------------------------------------------------
| Other Path Groups Table
| -----------------------
------------------------------------------------------------------------------------------------

Path Group    From Clock    To Clock          WNS(ns)      TNS(ns)  TNS Failing Endpoints  TNS Total Endpoints  
----------    ----------    --------          -------      -------  ---------------------  -------------------  


------------------------------------------------------------------------------------------------
| Timing Details
| --------------
------------------------------------------------------------------------------------------------


---------------------------------------------------------------------------------------------------
From Clock:  core_clock
  To Clock:  core_clock

Setup :            8  Failing Endpoints,  Worst Slack       -0.435ns,  Total Violation       -1.698ns
Hold  :           NA  Failing Endpoints,  Worst Slack           NA  ,  Total Violation           NA
PW    :            0  Failing Endpoints,  Worst Slack        3.870ns,  Total Violation        0.000ns
---------------------------------------------------------------------------------------------------


Max Delay Paths
--------------------------------------------------------------------------------------
Slack (VIOLATED) :        -0.435ns  (required time - arrival time)
  Source:                 u_wb/defaultClockArea_axiBuffer/fifo/xpm_fifo_base_inst/xpm_fifo_rst_inst/gen_rst_cc.fifo_wr_rst_cc_reg[2]/C
                            (rising edge-triggered cell FDSE clocked by core_clock  {rise@0.000ns fall@5.000ns period=10.000ns})
  Destination:            u_wb/defaultClockArea_cpu/IntIssueQueuePlugin_queue_0_payload_rRegs_0_valid_reg/D
                            (rising edge-triggered cell FDRE clocked by core_clock  {rise@0.000ns fall@5.000ns period=10.000ns})
  Path Group:             core_clock
  Path Type:              Setup (Max at Slow Process Corner)
  Requirement:            10.000ns  (core_clock rise@10.000ns - core_clock rise@0.000ns)
  Data Path Delay:        10.284ns  (logic 2.501ns (24.319%)  route 7.783ns (75.681%))
  Logic Levels:           19  (LUT2=3 LUT3=2 LUT4=3 LUT5=5 LUT6=6)
  Clock Path Skew:        -0.145ns (DCD - SCD + CPR)
    Destination Clock Delay (DCD):    1.881ns = ( 11.881 - 10.000 ) 
    Source Clock Delay      (SCD):    2.193ns
    Clock Pessimism Removal (CPR):    0.167ns
  Clock Uncertainty:      0.035ns  ((TSJ^2 + TIJ^2)^1/2 + DJ) / 2 + PE
    Total System Jitter     (TSJ):    0.071ns
    Total Input Jitter      (TIJ):    0.000ns
    Discrete Jitter          (DJ):    0.000ns
    Phase Error              (PE):    0.000ns

    Location             Delay type                Incr(ns)  Path(ns)    Netlist Resource(s)
  -------------------------------------------------------------------    -------------------
                         (clock core_clock rise edge)
                                                      0.000     0.000 r  
                                                      0.000     0.000 r  aclk (IN)
                         net (fo=0)                   0.000     0.000    aclk
                         IBUF (Prop_ibuf_I_O)         0.882     0.882 r  aclk_IBUF_inst/O
                         net (fo=1, unplaced)         0.646     1.528    aclk_IBUF
                         BUFG (Prop_bufg_I_O)         0.081     1.609 r  aclk_IBUF_BUFG_inst/O
                         net (fo=17542, unplaced)     0.584     2.193    u_wb/defaultClockArea_axiBuffer/fifo/xpm_fifo_base_inst/xpm_fifo_rst_inst/wr_clk
                         FDSE                                         r  u_wb/defaultClockArea_axiBuffer/fifo/xpm_fifo_base_inst/xpm_fifo_rst_inst/gen_rst_cc.fifo_wr_rst_cc_reg[2]/C
  -------------------------------------------------------------------    -------------------
                         FDSE (Prop_fdse_C_Q)         0.379     2.572 r  u_wb/defaultClockArea_axiBuffer/fifo/xpm_fifo_base_inst/xpm_fifo_rst_inst/gen_rst_cc.fifo_wr_rst_cc_reg[2]/Q
                         net (fo=51, unplaced)        0.445     3.017    u_wb/defaultClockArea_axiBuffer/fifo/xpm_fifo_base_inst/xpm_fifo_rst_inst/Q[0]
                         LUT2 (Prop_lut2_I0_O)        0.232     3.249 r  u_wb/defaultClockArea_axiBuffer/fifo/xpm_fifo_base_inst/xpm_fifo_rst_inst/wr_rst_busy_INST_0/O
                         net (fo=144, unplaced)       0.456     3.705    u_wb/defaultClockArea_axiBuffer/fifo_rd_rst_busy
                         LUT2 (Prop_lut2_I0_O)        0.105     3.810 f  u_wb/defaultClockArea_axiBuffer/fifo_i_76/O
                         net (fo=2, unplaced)         0.358     4.168    u_wb/defaultClockArea_axiBuffer/fifo_i_76_n_0
                         LUT6 (Prop_lut6_I0_O)        0.105     4.273 r  u_wb/defaultClockArea_axiBuffer/fifo_i_73/O
                         net (fo=71, unplaced)        0.438     4.711    u_wb/defaultClockArea_axiBuffer/when_AxiBuffer_l81__1
                         LUT4 (Prop_lut4_I0_O)        0.105     4.816 r  u_wb/defaultClockArea_axiBuffer/fifo_i_1/O
                         net (fo=9, unplaced)         0.388     5.204    u_wb/defaultClockArea_cpu/DCachePlugin_infoRAM/wr_en
                         LUT3 (Prop_lut3_I0_O)        0.105     5.309 r  u_wb/defaultClockArea_cpu/DCachePlugin_infoRAM/MEM_MEM2_UncachedAccessPlugin_uncachedStoreFSM_regSTD_be[3]_i_2/O
                         net (fo=3, unplaced)         0.365     5.674    u_wb/defaultClockArea_cpu/DCachePlugin_infoRAM/p_8630_in
                         LUT5 (Prop_lut5_I4_O)        0.105     5.779 f  u_wb/defaultClockArea_cpu/DCachePlugin_infoRAM/MEM_WB_arbitration_isValid_i_6/O
                         net (fo=1, unplaced)         0.347     6.126    u_wb/defaultClockArea_cpu/DCachePlugin_infoRAM/MEM_MEM2_arbitration_haltItself
                         LUT5 (Prop_lut5_I1_O)        0.105     6.231 f  u_wb/defaultClockArea_cpu/DCachePlugin_infoRAM/MEM_WB_arbitration_isValid_i_4/O
                         net (fo=2, unplaced)         0.358     6.589    u_wb/defaultClockArea_cpu/DCachePlugin_infoRAM/FSM_sequential_MEM_MEM2_DCachePlugin_cacheRefillFSM_stateReg_reg[0]
                         LUT6 (Prop_lut6_I5_O)        0.105     6.694 f  u_wb/defaultClockArea_cpu/DCachePlugin_infoRAM/MEM_WB_arbitration_isValid_i_2/O
                         net (fo=27, unplaced)        0.414     7.108    u_wb/defaultClockArea_cpu/DCachePlugin_infoRAM_n_66
                         LUT6 (Prop_lut6_I0_O)        0.105     7.213 r  u_wb/defaultClockArea_cpu/MEM_ADDR_to_MEM_MEM1_MEMORY_WRITE_DATA[31]_i_1/O
                         net (fo=476, unplaced)       0.486     7.699    u_wb/defaultClockArea_cpu/MEM_MEM1_arbitration_notStuck
                         LUT5 (Prop_lut5_I4_O)        0.105     7.804 r  u_wb/defaultClockArea_cpu/MulDivIssueQueuePlugin_queue_2_payload_rRegs_1_valid_i_2/O
                         net (fo=45, unplaced)        0.427     8.231    u_wb/defaultClockArea_cpu/MemExecutePlugin_clrBusy_valid
                         LUT5 (Prop_lut5_I3_O)        0.105     8.336 r  u_wb/defaultClockArea_cpu/MulDivIssueQueuePlugin_queue_2_payload_rRegs_0_valid_i_56/O
                         net (fo=1, unplaced)         0.347     8.683    u_wb/defaultClockArea_cpu/MulDivIssueQueuePlugin_queue_2_payload_rRegs_0_valid_i_56_n_0
                         LUT4 (Prop_lut4_I2_O)        0.105     8.788 r  u_wb/defaultClockArea_cpu/MulDivIssueQueuePlugin_queue_2_payload_rRegs_0_valid_i_34/O
                         net (fo=1, unplaced)         0.347     9.135    u_wb/defaultClockArea_cpu/MulDivIssueQueuePlugin_queue_2_payload_rRegs_0_valid_i_34_n_0
                         LUT6 (Prop_lut6_I0_O)        0.105     9.240 r  u_wb/defaultClockArea_cpu/MulDivIssueQueuePlugin_queue_2_payload_rRegs_0_valid_i_13/O
                         net (fo=1, unplaced)         0.328     9.568    u_wb/defaultClockArea_cpu/unsignedDivider_3/IntIssueQueuePlugin_queue_6_payload_rRegs_0_valid_i_2_0
                         LUT4 (Prop_lut4_I0_O)        0.105     9.673 r  u_wb/defaultClockArea_cpu/unsignedDivider_3/MulDivIssueQueuePlugin_queue_2_payload_rRegs_0_valid_i_7/O
                         net (fo=5, unplaced)         0.375    10.048    u_wb/defaultClockArea_cpu/unsignedDivider_3/MulDivIssueQueuePlugin_queueIO_pushPorts_0_payload_rRegs_0_valid0
                         LUT3 (Prop_lut3_I2_O)        0.105    10.153 r  u_wb/defaultClockArea_cpu/unsignedDivider_3/IntIssueQueuePlugin_queue_6_payload_rRegs_0_valid_i_2/O
                         net (fo=5, unplaced)         0.375    10.528    u_wb/defaultClockArea_cpu/unsignedDivider_3/IntIssueQueuePlugin_queue_6_payload_rRegs_0_valid_i_2_n_0
                         LUT2 (Prop_lut2_I1_O)        0.105    10.633 f  u_wb/defaultClockArea_cpu/unsignedDivider_3/IntIssueQueuePlugin_queue_1_payload_rRegs_0_valid_i_30/O
                         net (fo=1, unplaced)         0.582    11.215    u_wb/defaultClockArea_cpu/unsignedDivider_3/IntIssueQueuePlugin_queue_1_payload_rRegs_0_valid_i_30_n_0
                         LUT6 (Prop_lut6_I0_O)        0.105    11.320 f  u_wb/defaultClockArea_cpu/unsignedDivider_3/IntIssueQueuePlugin_queue_1_payload_rRegs_0_valid_i_12/O
                         net (fo=3, unplaced)         0.365    11.685    u_wb/defaultClockArea_cpu/unsignedDivider_3/IntIssueQueuePlugin_queue_1_payload_rRegs_0_valid_i_12_n_0
                         LUT5 (Prop_lut5_I3_O)        0.105    11.790 f  u_wb/defaultClockArea_cpu/unsignedDivider_3/IntIssueQueuePlugin_queue_0_payload_rRegs_0_valid_i_4/O
                         net (fo=1, unplaced)         0.582    12.372    u_wb/defaultClockArea_cpu/unsignedDivider_3/IntIssueQueuePlugin_queue_0_payload_rRegs_0_valid_i_4_n_0
                         LUT6 (Prop_lut6_I2_O)        0.105    12.477 r  u_wb/defaultClockArea_cpu/unsignedDivider_3/IntIssueQueuePlugin_queue_0_payload_rRegs_0_valid_i_1/O
                         net (fo=1, unplaced)         0.000    12.477    u_wb/defaultClockArea_cpu/unsignedDivider_3_n_15
                         FDRE                                         r  u_wb/defaultClockArea_cpu/IntIssueQueuePlugin_queue_0_payload_rRegs_0_valid_reg/D
  -------------------------------------------------------------------    -------------------

                         (clock core_clock rise edge)
                                                     10.000    10.000 r  
                                                      0.000    10.000 r  aclk (IN)
                         net (fo=0)                   0.000    10.000    aclk
                         IBUF (Prop_ibuf_I_O)         0.751    10.751 r  aclk_IBUF_inst/O
                         net (fo=1, unplaced)         0.613    11.365    aclk_IBUF
                         BUFG (Prop_bufg_I_O)         0.077    11.442 r  aclk_IBUF_BUFG_inst/O
                         net (fo=17542, unplaced)     0.439    11.881    u_wb/defaultClockArea_cpu/aclk_IBUF_BUFG
                         FDRE                                         r  u_wb/defaultClockArea_cpu/IntIssueQueuePlugin_queue_0_payload_rRegs_0_valid_reg/C
                         clock pessimism              0.167    12.048    
                         clock uncertainty           -0.035    12.012    
                         FDRE (Setup_fdre_C_D)        0.029    12.041    u_wb/defaultClockArea_cpu/IntIssueQueuePlugin_queue_0_payload_rRegs_0_valid_reg
  -------------------------------------------------------------------
                         required time                         12.041    
                         arrival time                         -12.477    
  -------------------------------------------------------------------
                         slack                                 -0.435    

Slack (VIOLATED) :        -0.201ns  (required time - arrival time)
  Source:                 u_wb/defaultClockArea_axiBuffer/fifo/xpm_fifo_base_inst/xpm_fifo_rst_inst/gen_rst_cc.fifo_wr_rst_cc_reg[2]/C
                            (rising edge-triggered cell FDSE clocked by core_clock  {rise@0.000ns fall@5.000ns period=10.000ns})
  Destination:            u_wb/defaultClockArea_cpu/IntIssueQueuePlugin_queue_1_payload_rRegs_0_valid_reg/D
                            (rising edge-triggered cell FDRE clocked by core_clock  {rise@0.000ns fall@5.000ns period=10.000ns})
  Path Group:             core_clock
  Path Type:              Setup (Max at Slow Process Corner)
  Requirement:            10.000ns  (core_clock rise@10.000ns - core_clock rise@0.000ns)
  Data Path Delay:        10.050ns  (logic 2.521ns (25.085%)  route 7.529ns (74.915%))
  Logic Levels:           19  (LUT2=3 LUT3=3 LUT4=3 LUT5=5 LUT6=5)
  Clock Path Skew:        -0.145ns (DCD - SCD + CPR)
    Destination Clock Delay (DCD):    1.881ns = ( 11.881 - 10.000 ) 
    Source Clock Delay      (SCD):    2.193ns
    Clock Pessimism Removal (CPR):    0.167ns
  Clock Uncertainty:      0.035ns  ((TSJ^2 + TIJ^2)^1/2 + DJ) / 2 + PE
    Total System Jitter     (TSJ):    0.071ns
    Total Input Jitter      (TIJ):    0.000ns
    Discrete Jitter          (DJ):    0.000ns
    Phase Error              (PE):    0.000ns

    Location             Delay type                Incr(ns)  Path(ns)    Netlist Resource(s)
  -------------------------------------------------------------------    -------------------
                         (clock core_clock rise edge)
                                                      0.000     0.000 r  
                                                      0.000     0.000 r  aclk (IN)
                         net (fo=0)                   0.000     0.000    aclk
                         IBUF (Prop_ibuf_I_O)         0.882     0.882 r  aclk_IBUF_inst/O
                         net (fo=1, unplaced)         0.646     1.528    aclk_IBUF
                         BUFG (Prop_bufg_I_O)         0.081     1.609 r  aclk_IBUF_BUFG_inst/O
                         net (fo=17542, unplaced)     0.584     2.193    u_wb/defaultClockArea_axiBuffer/fifo/xpm_fifo_base_inst/xpm_fifo_rst_inst/wr_clk
                         FDSE                                         r  u_wb/defaultClockArea_axiBuffer/fifo/xpm_fifo_base_inst/xpm_fifo_rst_inst/gen_rst_cc.fifo_wr_rst_cc_reg[2]/C
  -------------------------------------------------------------------    -------------------
                         FDSE (Prop_fdse_C_Q)         0.379     2.572 r  u_wb/defaultClockArea_axiBuffer/fifo/xpm_fifo_base_inst/xpm_fifo_rst_inst/gen_rst_cc.fifo_wr_rst_cc_reg[2]/Q
                         net (fo=51, unplaced)        0.445     3.017    u_wb/defaultClockArea_axiBuffer/fifo/xpm_fifo_base_inst/xpm_fifo_rst_inst/Q[0]
                         LUT2 (Prop_lut2_I0_O)        0.232     3.249 r  u_wb/defaultClockArea_axiBuffer/fifo/xpm_fifo_base_inst/xpm_fifo_rst_inst/wr_rst_busy_INST_0/O
                         net (fo=144, unplaced)       0.456     3.705    u_wb/defaultClockArea_axiBuffer/fifo_rd_rst_busy
                         LUT2 (Prop_lut2_I0_O)        0.105     3.810 f  u_wb/defaultClockArea_axiBuffer/fifo_i_76/O
                         net (fo=2, unplaced)         0.358     4.168    u_wb/defaultClockArea_axiBuffer/fifo_i_76_n_0
                         LUT6 (Prop_lut6_I0_O)        0.105     4.273 r  u_wb/defaultClockArea_axiBuffer/fifo_i_73/O
                         net (fo=71, unplaced)        0.438     4.711    u_wb/defaultClockArea_axiBuffer/when_AxiBuffer_l81__1
                         LUT4 (Prop_lut4_I0_O)        0.105     4.816 r  u_wb/defaultClockArea_axiBuffer/fifo_i_1/O
                         net (fo=9, unplaced)         0.388     5.204    u_wb/defaultClockArea_cpu/DCachePlugin_infoRAM/wr_en
                         LUT3 (Prop_lut3_I0_O)        0.105     5.309 r  u_wb/defaultClockArea_cpu/DCachePlugin_infoRAM/MEM_MEM2_UncachedAccessPlugin_uncachedStoreFSM_regSTD_be[3]_i_2/O
                         net (fo=3, unplaced)         0.365     5.674    u_wb/defaultClockArea_cpu/DCachePlugin_infoRAM/p_8630_in
                         LUT5 (Prop_lut5_I4_O)        0.105     5.779 f  u_wb/defaultClockArea_cpu/DCachePlugin_infoRAM/MEM_WB_arbitration_isValid_i_6/O
                         net (fo=1, unplaced)         0.347     6.126    u_wb/defaultClockArea_cpu/DCachePlugin_infoRAM/MEM_MEM2_arbitration_haltItself
                         LUT5 (Prop_lut5_I1_O)        0.105     6.231 f  u_wb/defaultClockArea_cpu/DCachePlugin_infoRAM/MEM_WB_arbitration_isValid_i_4/O
                         net (fo=2, unplaced)         0.358     6.589    u_wb/defaultClockArea_cpu/DCachePlugin_infoRAM/FSM_sequential_MEM_MEM2_DCachePlugin_cacheRefillFSM_stateReg_reg[0]
                         LUT6 (Prop_lut6_I5_O)        0.105     6.694 f  u_wb/defaultClockArea_cpu/DCachePlugin_infoRAM/MEM_WB_arbitration_isValid_i_2/O
                         net (fo=27, unplaced)        0.414     7.108    u_wb/defaultClockArea_cpu/DCachePlugin_infoRAM_n_66
                         LUT6 (Prop_lut6_I0_O)        0.105     7.213 r  u_wb/defaultClockArea_cpu/MEM_ADDR_to_MEM_MEM1_MEMORY_WRITE_DATA[31]_i_1/O
                         net (fo=476, unplaced)       0.486     7.699    u_wb/defaultClockArea_cpu/MEM_MEM1_arbitration_notStuck
                         LUT5 (Prop_lut5_I4_O)        0.105     7.804 r  u_wb/defaultClockArea_cpu/MulDivIssueQueuePlugin_queue_2_payload_rRegs_1_valid_i_2/O
                         net (fo=45, unplaced)        0.427     8.231    u_wb/defaultClockArea_cpu/MemExecutePlugin_clrBusy_valid
                         LUT5 (Prop_lut5_I3_O)        0.105     8.336 r  u_wb/defaultClockArea_cpu/MulDivIssueQueuePlugin_queue_2_payload_rRegs_0_valid_i_56/O
                         net (fo=1, unplaced)         0.347     8.683    u_wb/defaultClockArea_cpu/MulDivIssueQueuePlugin_queue_2_payload_rRegs_0_valid_i_56_n_0
                         LUT4 (Prop_lut4_I2_O)        0.105     8.788 r  u_wb/defaultClockArea_cpu/MulDivIssueQueuePlugin_queue_2_payload_rRegs_0_valid_i_34/O
                         net (fo=1, unplaced)         0.347     9.135    u_wb/defaultClockArea_cpu/MulDivIssueQueuePlugin_queue_2_payload_rRegs_0_valid_i_34_n_0
                         LUT6 (Prop_lut6_I0_O)        0.105     9.240 r  u_wb/defaultClockArea_cpu/MulDivIssueQueuePlugin_queue_2_payload_rRegs_0_valid_i_13/O
                         net (fo=1, unplaced)         0.328     9.568    u_wb/defaultClockArea_cpu/unsignedDivider_3/IntIssueQueuePlugin_queue_6_payload_rRegs_0_valid_i_2_0
                         LUT4 (Prop_lut4_I0_O)        0.105     9.673 r  u_wb/defaultClockArea_cpu/unsignedDivider_3/MulDivIssueQueuePlugin_queue_2_payload_rRegs_0_valid_i_7/O
                         net (fo=5, unplaced)         0.375    10.048    u_wb/defaultClockArea_cpu/unsignedDivider_3/MulDivIssueQueuePlugin_queueIO_pushPorts_0_payload_rRegs_0_valid0
                         LUT3 (Prop_lut3_I2_O)        0.105    10.153 r  u_wb/defaultClockArea_cpu/unsignedDivider_3/IntIssueQueuePlugin_queue_6_payload_rRegs_0_valid_i_2/O
                         net (fo=5, unplaced)         0.375    10.528    u_wb/defaultClockArea_cpu/unsignedDivider_3/IntIssueQueuePlugin_queue_6_payload_rRegs_0_valid_i_2_n_0
                         LUT2 (Prop_lut2_I1_O)        0.105    10.633 f  u_wb/defaultClockArea_cpu/unsignedDivider_3/IntIssueQueuePlugin_queue_1_payload_rRegs_0_valid_i_30/O
                         net (fo=1, unplaced)         0.582    11.215    u_wb/defaultClockArea_cpu/unsignedDivider_3/IntIssueQueuePlugin_queue_1_payload_rRegs_0_valid_i_30_n_0
                         LUT6 (Prop_lut6_I0_O)        0.105    11.320 f  u_wb/defaultClockArea_cpu/unsignedDivider_3/IntIssueQueuePlugin_queue_1_payload_rRegs_0_valid_i_12/O
                         net (fo=3, unplaced)         0.346    11.666    u_wb/defaultClockArea_cpu/unsignedDivider_3/IntIssueQueuePlugin_queue_1_payload_rRegs_0_valid_i_12_n_0
                         LUT3 (Prop_lut3_I2_O)        0.125    11.791 f  u_wb/defaultClockArea_cpu/unsignedDivider_3/IntIssueQueuePlugin_queue_1_payload_rRegs_0_valid_i_3/O
                         net (fo=1, unplaced)         0.347    12.138    u_wb/defaultClockArea_cpu/unsignedDivider_3/IntIssueQueuePlugin_queue_1_payload_rRegs_0_valid_i_3_n_0
                         LUT5 (Prop_lut5_I2_O)        0.105    12.243 r  u_wb/defaultClockArea_cpu/unsignedDivider_3/IntIssueQueuePlugin_queue_1_payload_rRegs_0_valid_i_1/O
                         net (fo=1, unplaced)         0.000    12.243    u_wb/defaultClockArea_cpu/unsignedDivider_3_n_127
                         FDRE                                         r  u_wb/defaultClockArea_cpu/IntIssueQueuePlugin_queue_1_payload_rRegs_0_valid_reg/D
  -------------------------------------------------------------------    -------------------

                         (clock core_clock rise edge)
                                                     10.000    10.000 r  
                                                      0.000    10.000 r  aclk (IN)
                         net (fo=0)                   0.000    10.000    aclk
                         IBUF (Prop_ibuf_I_O)         0.751    10.751 r  aclk_IBUF_inst/O
                         net (fo=1, unplaced)         0.613    11.365    aclk_IBUF
                         BUFG (Prop_bufg_I_O)         0.077    11.442 r  aclk_IBUF_BUFG_inst/O
                         net (fo=17542, unplaced)     0.439    11.881    u_wb/defaultClockArea_cpu/aclk_IBUF_BUFG
                         FDRE                                         r  u_wb/defaultClockArea_cpu/IntIssueQueuePlugin_queue_1_payload_rRegs_0_valid_reg/C
                         clock pessimism              0.167    12.048    
                         clock uncertainty           -0.035    12.012    
                         FDRE (Setup_fdre_C_D)        0.029    12.041    u_wb/defaultClockArea_cpu/IntIssueQueuePlugin_queue_1_payload_rRegs_0_valid_reg
  -------------------------------------------------------------------
                         required time                         12.041    
                         arrival time                         -12.243    
  -------------------------------------------------------------------
                         slack                                 -0.201    

Slack (VIOLATED) :        -0.200ns  (required time - arrival time)
  Source:                 u_wb/defaultClockArea_axiBuffer/fifo/xpm_fifo_base_inst/xpm_fifo_rst_inst/gen_rst_cc.fifo_wr_rst_cc_reg[2]/C
                            (rising edge-triggered cell FDSE clocked by core_clock  {rise@0.000ns fall@5.000ns period=10.000ns})
  Destination:            u_wb/defaultClockArea_cpu/IntIssueQueuePlugin_queue_2_payload_rRegs_0_valid_reg/D
                            (rising edge-triggered cell FDRE clocked by core_clock  {rise@0.000ns fall@5.000ns period=10.000ns})
  Path Group:             core_clock
  Path Type:              Setup (Max at Slow Process Corner)
  Requirement:            10.000ns  (core_clock rise@10.000ns - core_clock rise@0.000ns)
  Data Path Delay:        10.049ns  (logic 2.501ns (24.888%)  route 7.548ns (75.112%))
  Logic Levels:           19  (LUT2=3 LUT3=2 LUT4=4 LUT5=4 LUT6=6)
  Clock Path Skew:        -0.145ns (DCD - SCD + CPR)
    Destination Clock Delay (DCD):    1.881ns = ( 11.881 - 10.000 ) 
    Source Clock Delay      (SCD):    2.193ns
    Clock Pessimism Removal (CPR):    0.167ns
  Clock Uncertainty:      0.035ns  ((TSJ^2 + TIJ^2)^1/2 + DJ) / 2 + PE
    Total System Jitter     (TSJ):    0.071ns
    Total Input Jitter      (TIJ):    0.000ns
    Discrete Jitter          (DJ):    0.000ns
    Phase Error              (PE):    0.000ns

    Location             Delay type                Incr(ns)  Path(ns)    Netlist Resource(s)
  -------------------------------------------------------------------    -------------------
                         (clock core_clock rise edge)
                                                      0.000     0.000 r  
                                                      0.000     0.000 r  aclk (IN)
                         net (fo=0)                   0.000     0.000    aclk
                         IBUF (Prop_ibuf_I_O)         0.882     0.882 r  aclk_IBUF_inst/O
                         net (fo=1, unplaced)         0.646     1.528    aclk_IBUF
                         BUFG (Prop_bufg_I_O)         0.081     1.609 r  aclk_IBUF_BUFG_inst/O
                         net (fo=17542, unplaced)     0.584     2.193    u_wb/defaultClockArea_axiBuffer/fifo/xpm_fifo_base_inst/xpm_fifo_rst_inst/wr_clk
                         FDSE                                         r  u_wb/defaultClockArea_axiBuffer/fifo/xpm_fifo_base_inst/xpm_fifo_rst_inst/gen_rst_cc.fifo_wr_rst_cc_reg[2]/C
  -------------------------------------------------------------------    -------------------
                         FDSE (Prop_fdse_C_Q)         0.379     2.572 r  u_wb/defaultClockArea_axiBuffer/fifo/xpm_fifo_base_inst/xpm_fifo_rst_inst/gen_rst_cc.fifo_wr_rst_cc_reg[2]/Q
                         net (fo=51, unplaced)        0.445     3.017    u_wb/defaultClockArea_axiBuffer/fifo/xpm_fifo_base_inst/xpm_fifo_rst_inst/Q[0]
                         LUT2 (Prop_lut2_I0_O)        0.232     3.249 r  u_wb/defaultClockArea_axiBuffer/fifo/xpm_fifo_base_inst/xpm_fifo_rst_inst/wr_rst_busy_INST_0/O
                         net (fo=144, unplaced)       0.456     3.705    u_wb/defaultClockArea_axiBuffer/fifo_rd_rst_busy
                         LUT2 (Prop_lut2_I0_O)        0.105     3.810 f  u_wb/defaultClockArea_axiBuffer/fifo_i_76/O
                         net (fo=2, unplaced)         0.358     4.168    u_wb/defaultClockArea_axiBuffer/fifo_i_76_n_0
                         LUT6 (Prop_lut6_I0_O)        0.105     4.273 r  u_wb/defaultClockArea_axiBuffer/fifo_i_73/O
                         net (fo=71, unplaced)        0.438     4.711    u_wb/defaultClockArea_axiBuffer/when_AxiBuffer_l81__1
                         LUT4 (Prop_lut4_I0_O)        0.105     4.816 r  u_wb/defaultClockArea_axiBuffer/fifo_i_1/O
                         net (fo=9, unplaced)         0.388     5.204    u_wb/defaultClockArea_cpu/DCachePlugin_infoRAM/wr_en
                         LUT3 (Prop_lut3_I0_O)        0.105     5.309 r  u_wb/defaultClockArea_cpu/DCachePlugin_infoRAM/MEM_MEM2_UncachedAccessPlugin_uncachedStoreFSM_regSTD_be[3]_i_2/O
                         net (fo=3, unplaced)         0.365     5.674    u_wb/defaultClockArea_cpu/DCachePlugin_infoRAM/p_8630_in
                         LUT5 (Prop_lut5_I4_O)        0.105     5.779 f  u_wb/defaultClockArea_cpu/DCachePlugin_infoRAM/MEM_WB_arbitration_isValid_i_6/O
                         net (fo=1, unplaced)         0.347     6.126    u_wb/defaultClockArea_cpu/DCachePlugin_infoRAM/MEM_MEM2_arbitration_haltItself
                         LUT5 (Prop_lut5_I1_O)        0.105     6.231 f  u_wb/defaultClockArea_cpu/DCachePlugin_infoRAM/MEM_WB_arbitration_isValid_i_4/O
                         net (fo=2, unplaced)         0.358     6.589    u_wb/defaultClockArea_cpu/DCachePlugin_infoRAM/FSM_sequential_MEM_MEM2_DCachePlugin_cacheRefillFSM_stateReg_reg[0]
                         LUT6 (Prop_lut6_I5_O)        0.105     6.694 f  u_wb/defaultClockArea_cpu/DCachePlugin_infoRAM/MEM_WB_arbitration_isValid_i_2/O
                         net (fo=27, unplaced)        0.414     7.108    u_wb/defaultClockArea_cpu/DCachePlugin_infoRAM_n_66
                         LUT6 (Prop_lut6_I0_O)        0.105     7.213 r  u_wb/defaultClockArea_cpu/MEM_ADDR_to_MEM_MEM1_MEMORY_WRITE_DATA[31]_i_1/O
                         net (fo=476, unplaced)       0.486     7.699    u_wb/defaultClockArea_cpu/MEM_MEM1_arbitration_notStuck
                         LUT5 (Prop_lut5_I4_O)        0.105     7.804 r  u_wb/defaultClockArea_cpu/MulDivIssueQueuePlugin_queue_2_payload_rRegs_1_valid_i_2/O
                         net (fo=45, unplaced)        0.427     8.231    u_wb/defaultClockArea_cpu/MemExecutePlugin_clrBusy_valid
                         LUT5 (Prop_lut5_I3_O)        0.105     8.336 r  u_wb/defaultClockArea_cpu/MulDivIssueQueuePlugin_queue_2_payload_rRegs_0_valid_i_56/O
                         net (fo=1, unplaced)         0.347     8.683    u_wb/defaultClockArea_cpu/MulDivIssueQueuePlugin_queue_2_payload_rRegs_0_valid_i_56_n_0
                         LUT4 (Prop_lut4_I2_O)        0.105     8.788 r  u_wb/defaultClockArea_cpu/MulDivIssueQueuePlugin_queue_2_payload_rRegs_0_valid_i_34/O
                         net (fo=1, unplaced)         0.347     9.135    u_wb/defaultClockArea_cpu/MulDivIssueQueuePlugin_queue_2_payload_rRegs_0_valid_i_34_n_0
                         LUT6 (Prop_lut6_I0_O)        0.105     9.240 r  u_wb/defaultClockArea_cpu/MulDivIssueQueuePlugin_queue_2_payload_rRegs_0_valid_i_13/O
                         net (fo=1, unplaced)         0.328     9.568    u_wb/defaultClockArea_cpu/unsignedDivider_3/IntIssueQueuePlugin_queue_6_payload_rRegs_0_valid_i_2_0
                         LUT4 (Prop_lut4_I0_O)        0.105     9.673 r  u_wb/defaultClockArea_cpu/unsignedDivider_3/MulDivIssueQueuePlugin_queue_2_payload_rRegs_0_valid_i_7/O
                         net (fo=5, unplaced)         0.375    10.048    u_wb/defaultClockArea_cpu/unsignedDivider_3/MulDivIssueQueuePlugin_queueIO_pushPorts_0_payload_rRegs_0_valid0
                         LUT3 (Prop_lut3_I2_O)        0.105    10.153 r  u_wb/defaultClockArea_cpu/unsignedDivider_3/IntIssueQueuePlugin_queue_6_payload_rRegs_0_valid_i_2/O
                         net (fo=5, unplaced)         0.375    10.528    u_wb/defaultClockArea_cpu/unsignedDivider_3/IntIssueQueuePlugin_queue_6_payload_rRegs_0_valid_i_2_n_0
                         LUT2 (Prop_lut2_I1_O)        0.105    10.633 f  u_wb/defaultClockArea_cpu/unsignedDivider_3/IntIssueQueuePlugin_queue_1_payload_rRegs_0_valid_i_30/O
                         net (fo=1, unplaced)         0.582    11.215    u_wb/defaultClockArea_cpu/unsignedDivider_3/IntIssueQueuePlugin_queue_1_payload_rRegs_0_valid_i_30_n_0
                         LUT6 (Prop_lut6_I0_O)        0.105    11.320 f  u_wb/defaultClockArea_cpu/unsignedDivider_3/IntIssueQueuePlugin_queue_1_payload_rRegs_0_valid_i_12/O
                         net (fo=3, unplaced)         0.365    11.685    u_wb/defaultClockArea_cpu/unsignedDivider_3/IntIssueQueuePlugin_queue_1_payload_rRegs_0_valid_i_12_n_0
                         LUT4 (Prop_lut4_I3_O)        0.105    11.790 f  u_wb/defaultClockArea_cpu/unsignedDivider_3/IntIssueQueuePlugin_queue_2_payload_rRegs_0_valid_i_2/O
                         net (fo=1, unplaced)         0.347    12.137    u_wb/defaultClockArea_cpu/unsignedDivider_3/IntIssueQueuePlugin_queue_2_payload_rRegs_0_valid_i_2_n_0
                         LUT6 (Prop_lut6_I4_O)        0.105    12.242 r  u_wb/defaultClockArea_cpu/unsignedDivider_3/IntIssueQueuePlugin_queue_2_payload_rRegs_0_valid_i_1/O
                         net (fo=1, unplaced)         0.000    12.242    u_wb/defaultClockArea_cpu/unsignedDivider_3_n_21
                         FDRE                                         r  u_wb/defaultClockArea_cpu/IntIssueQueuePlugin_queue_2_payload_rRegs_0_valid_reg/D
  -------------------------------------------------------------------    -------------------

                         (clock core_clock rise edge)
                                                     10.000    10.000 r  
                                                      0.000    10.000 r  aclk (IN)
                         net (fo=0)                   0.000    10.000    aclk
                         IBUF (Prop_ibuf_I_O)         0.751    10.751 r  aclk_IBUF_inst/O
                         net (fo=1, unplaced)         0.613    11.365    aclk_IBUF
                         BUFG (Prop_bufg_I_O)         0.077    11.442 r  aclk_IBUF_BUFG_inst/O
                         net (fo=17542, unplaced)     0.439    11.881    u_wb/defaultClockArea_cpu/aclk_IBUF_BUFG
                         FDRE                                         r  u_wb/defaultClockArea_cpu/IntIssueQueuePlugin_queue_2_payload_rRegs_0_valid_reg/C
                         clock pessimism              0.167    12.048    
                         clock uncertainty           -0.035    12.012    
                         FDRE (Setup_fdre_C_D)        0.029    12.041    u_wb/defaultClockArea_cpu/IntIssueQueuePlugin_queue_2_payload_rRegs_0_valid_reg
  -------------------------------------------------------------------
                         required time                         12.041    
                         arrival time                         -12.242    
  -------------------------------------------------------------------
                         slack                                 -0.200    

Slack (VIOLATED) :        -0.181ns  (required time - arrival time)
  Source:                 u_wb/defaultClockArea_cpu/MULDIV_RRD_to_MULDIV_EXE_ISSUE_SLOT_uop_signed_reg/C
                            (rising edge-triggered cell FDRE clocked by core_clock  {rise@0.000ns fall@5.000ns period=10.000ns})
  Destination:            u_wb/defaultClockArea_cpu/IntIssueQueuePlugin_queue_3_payload_rRegs_1_valid_reg/D
                            (rising edge-triggered cell FDRE clocked by core_clock  {rise@0.000ns fall@5.000ns period=10.000ns})
  Path Group:             core_clock
  Path Type:              Setup (Max at Slow Process Corner)
  Requirement:            10.000ns  (core_clock rise@10.000ns - core_clock rise@0.000ns)
  Data Path Delay:        10.030ns  (logic 3.400ns (33.898%)  route 6.630ns (66.102%))
  Logic Levels:           21  (CARRY4=6 LUT3=2 LUT4=3 LUT5=8 LUT6=2)
  Clock Path Skew:        -0.145ns (DCD - SCD + CPR)
    Destination Clock Delay (DCD):    1.881ns = ( 11.881 - 10.000 ) 
    Source Clock Delay      (SCD):    2.193ns
    Clock Pessimism Removal (CPR):    0.167ns
  Clock Uncertainty:      0.035ns  ((TSJ^2 + TIJ^2)^1/2 + DJ) / 2 + PE
    Total System Jitter     (TSJ):    0.071ns
    Total Input Jitter      (TIJ):    0.000ns
    Discrete Jitter          (DJ):    0.000ns
    Phase Error              (PE):    0.000ns

    Location             Delay type                Incr(ns)  Path(ns)    Netlist Resource(s)
  -------------------------------------------------------------------    -------------------
                         (clock core_clock rise edge)
                                                      0.000     0.000 r  
                                                      0.000     0.000 r  aclk (IN)
                         net (fo=0)                   0.000     0.000    aclk
                         IBUF (Prop_ibuf_I_O)         0.882     0.882 r  aclk_IBUF_inst/O
                         net (fo=1, unplaced)         0.646     1.528    aclk_IBUF
                         BUFG (Prop_bufg_I_O)         0.081     1.609 r  aclk_IBUF_BUFG_inst/O
                         net (fo=17542, unplaced)     0.584     2.193    u_wb/defaultClockArea_cpu/aclk_IBUF_BUFG
                         FDRE                                         r  u_wb/defaultClockArea_cpu/MULDIV_RRD_to_MULDIV_EXE_ISSUE_SLOT_uop_signed_reg/C
  -------------------------------------------------------------------    -------------------
                         FDRE (Prop_fdre_C_Q)         0.379     2.572 r  u_wb/defaultClockArea_cpu/MULDIV_RRD_to_MULDIV_EXE_ISSUE_SLOT_uop_signed_reg/Q
                         net (fo=64, unplaced)        0.687     3.259    u_wb/defaultClockArea_cpu/unsignedDivider_2/MULDIV_RRD_to_MULDIV_EXE_ISSUE_SLOT_uop_signed
                         LUT3 (Prop_lut3_I0_O)        0.252     3.511 r  u_wb/defaultClockArea_cpu/unsignedDivider_2/MULDIV_EXE_MulDivExecutePlugin_multiplier_i_45/O
                         net (fo=1, unplaced)         0.000     3.511    u_wb/defaultClockArea_cpu/unsignedDivider_2/MULDIV_EXE_MulDivExecutePlugin_multiplier_i_45_n_0
                         CARRY4 (Prop_carry4_DI[0]_CO[3])
                                                      0.477     3.988 r  u_wb/defaultClockArea_cpu/unsignedDivider_2/MULDIV_EXE_MulDivExecutePlugin_multiplier_i_8/CO[3]
                         net (fo=1, unplaced)         0.008     3.996    u_wb/defaultClockArea_cpu/unsignedDivider_2/MULDIV_EXE_MulDivExecutePlugin_multiplier_i_8_n_0
                         CARRY4 (Prop_carry4_CI_CO[3])
                                                      0.100     4.096 r  u_wb/defaultClockArea_cpu/unsignedDivider_2/MULDIV_EXE_MulDivExecutePlugin_multiplier_i_7/CO[3]
                         net (fo=1, unplaced)         0.000     4.096    u_wb/defaultClockArea_cpu/unsignedDivider_2/MULDIV_EXE_MulDivExecutePlugin_multiplier_i_7_n_0
                         CARRY4 (Prop_carry4_CI_CO[3])
                                                      0.100     4.196 r  u_wb/defaultClockArea_cpu/unsignedDivider_2/MULDIV_EXE_MulDivExecutePlugin_multiplier_i_6/CO[3]
                         net (fo=1, unplaced)         0.000     4.196    u_wb/defaultClockArea_cpu/unsignedDivider_2/MULDIV_EXE_MulDivExecutePlugin_multiplier_i_6_n_0
                         CARRY4 (Prop_carry4_CI_CO[3])
                                                      0.100     4.296 r  u_wb/defaultClockArea_cpu/unsignedDivider_2/MULDIV_EXE_MulDivExecutePlugin_multiplier_i_5/CO[3]
                         net (fo=1, unplaced)         0.000     4.296    u_wb/defaultClockArea_cpu/unsignedDivider_2/MULDIV_EXE_MulDivExecutePlugin_multiplier_i_5_n_0
                         CARRY4 (Prop_carry4_CI_CO[3])
                                                      0.100     4.396 r  u_wb/defaultClockArea_cpu/unsignedDivider_2/MULDIV_EXE_MulDivExecutePlugin_multiplier_i_4/CO[3]
                         net (fo=1, unplaced)         0.000     4.396    u_wb/defaultClockArea_cpu/unsignedDivider_2/MULDIV_EXE_MulDivExecutePlugin_multiplier_i_4_n_0
                         CARRY4 (Prop_carry4_CI_O[3])
                                                      0.277     4.673 f  u_wb/defaultClockArea_cpu/unsignedDivider_2/MULDIV_EXE_MulDivExecutePlugin_multiplier_i_3/O[3]
                         net (fo=3, unplaced)         0.668     5.341    u_wb/defaultClockArea_cpu/unsignedDivider_2/A[23]
                         LUT4 (Prop_lut4_I0_O)        0.250     5.591 r  u_wb/defaultClockArea_cpu/unsignedDivider_2/done_i_12/O
                         net (fo=1, unplaced)         0.347     5.938    u_wb/defaultClockArea_cpu/unsignedDivider_2/done_i_12_n_0
                         LUT5 (Prop_lut5_I4_O)        0.105     6.043 r  u_wb/defaultClockArea_cpu/unsignedDivider_2/done_i_8/O
                         net (fo=1, unplaced)         0.582     6.625    u_wb/defaultClockArea_cpu/unsignedDivider_2/done_i_8_n_0
                         LUT4 (Prop_lut4_I3_O)        0.105     6.730 r  u_wb/defaultClockArea_cpu/unsignedDivider_2/done_i_2/O
                         net (fo=67, unplaced)        0.437     7.167    u_wb/defaultClockArea_cpu/unsignedDivider_3/p_8703_in
                         LUT5 (Prop_lut5_I2_O)        0.105     7.272 f  u_wb/defaultClockArea_cpu/unsignedDivider_3/MulDivIssueQueuePlugin_queue_0_payload_robIdx[4]_i_3/O
                         net (fo=12, unplaced)        0.395     7.667    u_wb/defaultClockArea_cpu/unsignedDivider_3/MULDIV_EXE_arbitration_isStuck
                         LUT4 (Prop_lut4_I0_O)        0.105     7.772 r  u_wb/defaultClockArea_cpu/unsignedDivider_3/PhysRegFilePlugin_busys_0_i_21/O
                         net (fo=16, unplaced)        0.401     8.173    u_wb/defaultClockArea_cpu/unsignedDivider_3/MULDIV_EXE_MulDivExecutePlugin_wakeupCycle
                         LUT5 (Prop_lut5_I1_O)        0.105     8.278 r  u_wb/defaultClockArea_cpu/unsignedDivider_3/MulDivIssueQueuePlugin_queue_0_payload_rRegs_1_valid_i_28/O
                         net (fo=1, unplaced)         0.347     8.625    u_wb/defaultClockArea_cpu/unsignedDivider_3/MulDivIssueQueuePlugin_queue_0_payload_rRegs_1_valid_i_28_n_0
                         LUT5 (Prop_lut5_I0_O)        0.105     8.730 r  u_wb/defaultClockArea_cpu/unsignedDivider_3/MulDivIssueQueuePlugin_queue_0_payload_rRegs_1_valid_i_11/O
                         net (fo=1, unplaced)         0.347     9.077    u_wb/defaultClockArea_cpu/unsignedDivider_3/MulDivIssueQueuePlugin_queue_0_payload_rRegs_1_valid_i_11_n_0
                         LUT5 (Prop_lut5_I0_O)        0.105     9.182 r  u_wb/defaultClockArea_cpu/unsignedDivider_3/MulDivIssueQueuePlugin_queue_0_payload_rRegs_1_valid_i_5/O
                         net (fo=2, unplaced)         0.358     9.540    u_wb/defaultClockArea_cpu/unsignedDivider_3/MulDivIssueQueuePlugin_queue_0_payload_rRegs_1_valid_i_5_n_0
                         LUT3 (Prop_lut3_I0_O)        0.105     9.645 r  u_wb/defaultClockArea_cpu/unsignedDivider_3/MemIssueQueuePlugin_queue_0_payload_rRegs_1_valid_i_5/O
                         net (fo=4, unplaced)         0.371    10.016    u_wb/defaultClockArea_cpu/unsignedDivider_3/MemIssueQueuePlugin_queue_0_payload_rRegs_1_valid_i_5_n_0
                         LUT5 (Prop_lut5_I4_O)        0.105    10.121 r  u_wb/defaultClockArea_cpu/unsignedDivider_3/IntIssueQueuePlugin_queue_6_payload_rRegs_1_valid_i_8/O
                         net (fo=7, unplaced)         0.617    10.738    u_wb/defaultClockArea_cpu/unsignedDivider_3/IntIssueQueuePlugin_queue_6_payload_rRegs_1_valid_i_8_n_0
                         LUT6 (Prop_lut6_I2_O)        0.105    10.843 r  u_wb/defaultClockArea_cpu/unsignedDivider_3/IntIssueQueuePlugin_queue_1_payload_rRegs_1_valid_i_4/O
                         net (fo=1, unplaced)         0.347    11.190    u_wb/defaultClockArea_cpu/unsignedDivider_3/IntIssueQueuePlugin_queue_1_payload_rRegs_1_valid_i_4_n_0
                         LUT6 (Prop_lut6_I0_O)        0.105    11.295 r  u_wb/defaultClockArea_cpu/unsignedDivider_3/IntIssueQueuePlugin_queue_1_payload_rRegs_1_valid_i_2/O
                         net (fo=4, unplaced)         0.371    11.666    u_wb/defaultClockArea_cpu/unsignedDivider_3/IntIssueQueuePlugin_queue_1_payload_rRegs_1_valid_i_2_n_0
                         LUT5 (Prop_lut5_I1_O)        0.105    11.771 r  u_wb/defaultClockArea_cpu/unsignedDivider_3/IntIssueQueuePlugin_queue_3_payload_rRegs_1_valid_i_2/O
                         net (fo=1, unplaced)         0.347    12.118    u_wb/defaultClockArea_cpu/unsignedDivider_3/IntIssueQueuePlugin_queue_3_payload_rRegs_1_valid_i_2_n_0
                         LUT5 (Prop_lut5_I4_O)        0.105    12.223 r  u_wb/defaultClockArea_cpu/unsignedDivider_3/IntIssueQueuePlugin_queue_3_payload_rRegs_1_valid_i_1/O
                         net (fo=1, unplaced)         0.000    12.223    u_wb/defaultClockArea_cpu/unsignedDivider_3_n_194
                         FDRE                                         r  u_wb/defaultClockArea_cpu/IntIssueQueuePlugin_queue_3_payload_rRegs_1_valid_reg/D
  -------------------------------------------------------------------    -------------------

                         (clock core_clock rise edge)
                                                     10.000    10.000 r  
                                                      0.000    10.000 r  aclk (IN)
                         net (fo=0)                   0.000    10.000    aclk
                         IBUF (Prop_ibuf_I_O)         0.751    10.751 r  aclk_IBUF_inst/O
                         net (fo=1, unplaced)         0.613    11.365    aclk_IBUF
                         BUFG (Prop_bufg_I_O)         0.077    11.442 r  aclk_IBUF_BUFG_inst/O
                         net (fo=17542, unplaced)     0.439    11.881    u_wb/defaultClockArea_cpu/aclk_IBUF_BUFG
                         FDRE                                         r  u_wb/defaultClockArea_cpu/IntIssueQueuePlugin_queue_3_payload_rRegs_1_valid_reg/C
                         clock pessimism              0.167    12.048    
                         clock uncertainty           -0.035    12.012    
                         FDRE (Setup_fdre_C_D)        0.029    12.041    u_wb/defaultClockArea_cpu/IntIssueQueuePlugin_queue_3_payload_rRegs_1_valid_reg
  -------------------------------------------------------------------
                         required time                         12.041    
                         arrival time                         -12.223    
  -------------------------------------------------------------------
                         slack                                 -0.181    

Slack (VIOLATED) :        -0.175ns  (required time - arrival time)
  Source:                 u_wb/defaultClockArea_cpu/MULDIV_RRD_to_MULDIV_EXE_ISSUE_SLOT_uop_signed_reg/C
                            (rising edge-triggered cell FDRE clocked by core_clock  {rise@0.000ns fall@5.000ns period=10.000ns})
  Destination:            u_wb/defaultClockArea_cpu/IntIssueQueuePlugin_queue_0_payload_rRegs_1_valid_reg/D
                            (rising edge-triggered cell FDRE clocked by core_clock  {rise@0.000ns fall@5.000ns period=10.000ns})
  Path Group:             core_clock
  Path Type:              Setup (Max at Slow Process Corner)
  Requirement:            10.000ns  (core_clock rise@10.000ns - core_clock rise@0.000ns)
  Data Path Delay:        10.024ns  (logic 3.400ns (33.919%)  route 6.624ns (66.081%))
  Logic Levels:           21  (CARRY4=6 LUT3=2 LUT4=3 LUT5=7 LUT6=3)
  Clock Path Skew:        -0.145ns (DCD - SCD + CPR)
    Destination Clock Delay (DCD):    1.881ns = ( 11.881 - 10.000 ) 
    Source Clock Delay      (SCD):    2.193ns
    Clock Pessimism Removal (CPR):    0.167ns
  Clock Uncertainty:      0.035ns  ((TSJ^2 + TIJ^2)^1/2 + DJ) / 2 + PE
    Total System Jitter     (TSJ):    0.071ns
    Total Input Jitter      (TIJ):    0.000ns
    Discrete Jitter          (DJ):    0.000ns
    Phase Error              (PE):    0.000ns

    Location             Delay type                Incr(ns)  Path(ns)    Netlist Resource(s)
  -------------------------------------------------------------------    -------------------
                         (clock core_clock rise edge)
                                                      0.000     0.000 r  
                                                      0.000     0.000 r  aclk (IN)
                         net (fo=0)                   0.000     0.000    aclk
                         IBUF (Prop_ibuf_I_O)         0.882     0.882 r  aclk_IBUF_inst/O
                         net (fo=1, unplaced)         0.646     1.528    aclk_IBUF
                         BUFG (Prop_bufg_I_O)         0.081     1.609 r  aclk_IBUF_BUFG_inst/O
                         net (fo=17542, unplaced)     0.584     2.193    u_wb/defaultClockArea_cpu/aclk_IBUF_BUFG
                         FDRE                                         r  u_wb/defaultClockArea_cpu/MULDIV_RRD_to_MULDIV_EXE_ISSUE_SLOT_uop_signed_reg/C
  -------------------------------------------------------------------    -------------------
                         FDRE (Prop_fdre_C_Q)         0.379     2.572 r  u_wb/defaultClockArea_cpu/MULDIV_RRD_to_MULDIV_EXE_ISSUE_SLOT_uop_signed_reg/Q
                         net (fo=64, unplaced)        0.687     3.259    u_wb/defaultClockArea_cpu/unsignedDivider_2/MULDIV_RRD_to_MULDIV_EXE_ISSUE_SLOT_uop_signed
                         LUT3 (Prop_lut3_I0_O)        0.252     3.511 r  u_wb/defaultClockArea_cpu/unsignedDivider_2/MULDIV_EXE_MulDivExecutePlugin_multiplier_i_45/O
                         net (fo=1, unplaced)         0.000     3.511    u_wb/defaultClockArea_cpu/unsignedDivider_2/MULDIV_EXE_MulDivExecutePlugin_multiplier_i_45_n_0
                         CARRY4 (Prop_carry4_DI[0]_CO[3])
                                                      0.477     3.988 r  u_wb/defaultClockArea_cpu/unsignedDivider_2/MULDIV_EXE_MulDivExecutePlugin_multiplier_i_8/CO[3]
                         net (fo=1, unplaced)         0.008     3.996    u_wb/defaultClockArea_cpu/unsignedDivider_2/MULDIV_EXE_MulDivExecutePlugin_multiplier_i_8_n_0
                         CARRY4 (Prop_carry4_CI_CO[3])
                                                      0.100     4.096 r  u_wb/defaultClockArea_cpu/unsignedDivider_2/MULDIV_EXE_MulDivExecutePlugin_multiplier_i_7/CO[3]
                         net (fo=1, unplaced)         0.000     4.096    u_wb/defaultClockArea_cpu/unsignedDivider_2/MULDIV_EXE_MulDivExecutePlugin_multiplier_i_7_n_0
                         CARRY4 (Prop_carry4_CI_CO[3])
                                                      0.100     4.196 r  u_wb/defaultClockArea_cpu/unsignedDivider_2/MULDIV_EXE_MulDivExecutePlugin_multiplier_i_6/CO[3]
                         net (fo=1, unplaced)         0.000     4.196    u_wb/defaultClockArea_cpu/unsignedDivider_2/MULDIV_EXE_MulDivExecutePlugin_multiplier_i_6_n_0
                         CARRY4 (Prop_carry4_CI_CO[3])
                                                      0.100     4.296 r  u_wb/defaultClockArea_cpu/unsignedDivider_2/MULDIV_EXE_MulDivExecutePlugin_multiplier_i_5/CO[3]
                         net (fo=1, unplaced)         0.000     4.296    u_wb/defaultClockArea_cpu/unsignedDivider_2/MULDIV_EXE_MulDivExecutePlugin_multiplier_i_5_n_0
                         CARRY4 (Prop_carry4_CI_CO[3])
                                                      0.100     4.396 r  u_wb/defaultClockArea_cpu/unsignedDivider_2/MULDIV_EXE_MulDivExecutePlugin_multiplier_i_4/CO[3]
                         net (fo=1, unplaced)         0.000     4.396    u_wb/defaultClockArea_cpu/unsignedDivider_2/MULDIV_EXE_MulDivExecutePlugin_multiplier_i_4_n_0
                         CARRY4 (Prop_carry4_CI_O[3])
                                                      0.277     4.673 f  u_wb/defaultClockArea_cpu/unsignedDivider_2/MULDIV_EXE_MulDivExecutePlugin_multiplier_i_3/O[3]
                         net (fo=3, unplaced)         0.668     5.341    u_wb/defaultClockArea_cpu/unsignedDivider_2/A[23]
                         LUT4 (Prop_lut4_I0_O)        0.250     5.591 r  u_wb/defaultClockArea_cpu/unsignedDivider_2/done_i_12/O
                         net (fo=1, unplaced)         0.347     5.938    u_wb/defaultClockArea_cpu/unsignedDivider_2/done_i_12_n_0
                         LUT5 (Prop_lut5_I4_O)        0.105     6.043 r  u_wb/defaultClockArea_cpu/unsignedDivider_2/done_i_8/O
                         net (fo=1, unplaced)         0.582     6.625    u_wb/defaultClockArea_cpu/unsignedDivider_2/done_i_8_n_0
                         LUT4 (Prop_lut4_I3_O)        0.105     6.730 r  u_wb/defaultClockArea_cpu/unsignedDivider_2/done_i_2/O
                         net (fo=67, unplaced)        0.437     7.167    u_wb/defaultClockArea_cpu/unsignedDivider_3/p_8703_in
                         LUT5 (Prop_lut5_I2_O)        0.105     7.272 f  u_wb/defaultClockArea_cpu/unsignedDivider_3/MulDivIssueQueuePlugin_queue_0_payload_robIdx[4]_i_3/O
                         net (fo=12, unplaced)        0.395     7.667    u_wb/defaultClockArea_cpu/unsignedDivider_3/MULDIV_EXE_arbitration_isStuck
                         LUT4 (Prop_lut4_I0_O)        0.105     7.772 r  u_wb/defaultClockArea_cpu/unsignedDivider_3/PhysRegFilePlugin_busys_0_i_21/O
                         net (fo=16, unplaced)        0.401     8.173    u_wb/defaultClockArea_cpu/unsignedDivider_3/MULDIV_EXE_MulDivExecutePlugin_wakeupCycle
                         LUT5 (Prop_lut5_I1_O)        0.105     8.278 r  u_wb/defaultClockArea_cpu/unsignedDivider_3/MulDivIssueQueuePlugin_queue_0_payload_rRegs_1_valid_i_28/O
                         net (fo=1, unplaced)         0.347     8.625    u_wb/defaultClockArea_cpu/unsignedDivider_3/MulDivIssueQueuePlugin_queue_0_payload_rRegs_1_valid_i_28_n_0
                         LUT5 (Prop_lut5_I0_O)        0.105     8.730 r  u_wb/defaultClockArea_cpu/unsignedDivider_3/MulDivIssueQueuePlugin_queue_0_payload_rRegs_1_valid_i_11/O
                         net (fo=1, unplaced)         0.347     9.077    u_wb/defaultClockArea_cpu/unsignedDivider_3/MulDivIssueQueuePlugin_queue_0_payload_rRegs_1_valid_i_11_n_0
                         LUT5 (Prop_lut5_I0_O)        0.105     9.182 r  u_wb/defaultClockArea_cpu/unsignedDivider_3/MulDivIssueQueuePlugin_queue_0_payload_rRegs_1_valid_i_5/O
                         net (fo=2, unplaced)         0.358     9.540    u_wb/defaultClockArea_cpu/unsignedDivider_3/MulDivIssueQueuePlugin_queue_0_payload_rRegs_1_valid_i_5_n_0
                         LUT3 (Prop_lut3_I0_O)        0.105     9.645 r  u_wb/defaultClockArea_cpu/unsignedDivider_3/MemIssueQueuePlugin_queue_0_payload_rRegs_1_valid_i_5/O
                         net (fo=4, unplaced)         0.371    10.016    u_wb/defaultClockArea_cpu/unsignedDivider_3/MemIssueQueuePlugin_queue_0_payload_rRegs_1_valid_i_5_n_0
                         LUT5 (Prop_lut5_I4_O)        0.105    10.121 r  u_wb/defaultClockArea_cpu/unsignedDivider_3/IntIssueQueuePlugin_queue_6_payload_rRegs_1_valid_i_8/O
                         net (fo=7, unplaced)         0.617    10.738    u_wb/defaultClockArea_cpu/unsignedDivider_3/IntIssueQueuePlugin_queue_6_payload_rRegs_1_valid_i_8_n_0
                         LUT6 (Prop_lut6_I2_O)        0.105    10.843 r  u_wb/defaultClockArea_cpu/unsignedDivider_3/IntIssueQueuePlugin_queue_2_payload_rRegs_1_valid_i_4/O
                         net (fo=1, unplaced)         0.347    11.190    u_wb/defaultClockArea_cpu/unsignedDivider_3/IntIssueQueuePlugin_queue_2_payload_rRegs_1_valid_i_4_n_0
                         LUT6 (Prop_lut6_I0_O)        0.105    11.295 r  u_wb/defaultClockArea_cpu/unsignedDivider_3/IntIssueQueuePlugin_queue_2_payload_rRegs_1_valid_i_3/O
                         net (fo=3, unplaced)         0.365    11.660    u_wb/defaultClockArea_cpu/unsignedDivider_3/IntIssueQueuePlugin_queue_2_payload_rRegs_1_valid_i_3_n_0
                         LUT5 (Prop_lut5_I0_O)        0.105    11.765 r  u_wb/defaultClockArea_cpu/unsignedDivider_3/IntIssueQueuePlugin_queue_0_payload_rRegs_1_valid_i_3/O
                         net (fo=1, unplaced)         0.347    12.112    u_wb/defaultClockArea_cpu/unsignedDivider_3/IntIssueQueuePlugin_queue_0_payload_rRegs_1_valid_i_3_n_0
                         LUT6 (Prop_lut6_I3_O)        0.105    12.217 r  u_wb/defaultClockArea_cpu/unsignedDivider_3/IntIssueQueuePlugin_queue_0_payload_rRegs_1_valid_i_1/O
                         net (fo=1, unplaced)         0.000    12.217    u_wb/defaultClockArea_cpu/unsignedDivider_3_n_23
                         FDRE                                         r  u_wb/defaultClockArea_cpu/IntIssueQueuePlugin_queue_0_payload_rRegs_1_valid_reg/D
  -------------------------------------------------------------------    -------------------

                         (clock core_clock rise edge)
                                                     10.000    10.000 r  
                                                      0.000    10.000 r  aclk (IN)
                         net (fo=0)                   0.000    10.000    aclk
                         IBUF (Prop_ibuf_I_O)         0.751    10.751 r  aclk_IBUF_inst/O
                         net (fo=1, unplaced)         0.613    11.365    aclk_IBUF
                         BUFG (Prop_bufg_I_O)         0.077    11.442 r  aclk_IBUF_BUFG_inst/O
                         net (fo=17542, unplaced)     0.439    11.881    u_wb/defaultClockArea_cpu/aclk_IBUF_BUFG
                         FDRE                                         r  u_wb/defaultClockArea_cpu/IntIssueQueuePlugin_queue_0_payload_rRegs_1_valid_reg/C
                         clock pessimism              0.167    12.048    
                         clock uncertainty           -0.035    12.012    
                         FDRE (Setup_fdre_C_D)        0.029    12.041    u_wb/defaultClockArea_cpu/IntIssueQueuePlugin_queue_0_payload_rRegs_1_valid_reg
  -------------------------------------------------------------------
                         required time                         12.041    
                         arrival time                         -12.217    
  -------------------------------------------------------------------
                         slack                                 -0.175    

Slack (VIOLATED) :        -0.175ns  (required time - arrival time)
  Source:                 u_wb/defaultClockArea_cpu/MULDIV_RRD_to_MULDIV_EXE_ISSUE_SLOT_uop_signed_reg/C
                            (rising edge-triggered cell FDRE clocked by core_clock  {rise@0.000ns fall@5.000ns period=10.000ns})
  Destination:            u_wb/defaultClockArea_cpu/IntIssueQueuePlugin_queue_1_payload_rRegs_1_valid_reg/D
                            (rising edge-triggered cell FDRE clocked by core_clock  {rise@0.000ns fall@5.000ns period=10.000ns})
  Path Group:             core_clock
  Path Type:              Setup (Max at Slow Process Corner)
  Requirement:            10.000ns  (core_clock rise@10.000ns - core_clock rise@0.000ns)
  Data Path Delay:        10.024ns  (logic 3.400ns (33.919%)  route 6.624ns (66.081%))
  Logic Levels:           21  (CARRY4=6 LUT3=2 LUT4=3 LUT5=8 LUT6=2)
  Clock Path Skew:        -0.145ns (DCD - SCD + CPR)
    Destination Clock Delay (DCD):    1.881ns = ( 11.881 - 10.000 ) 
    Source Clock Delay      (SCD):    2.193ns
    Clock Pessimism Removal (CPR):    0.167ns
  Clock Uncertainty:      0.035ns  ((TSJ^2 + TIJ^2)^1/2 + DJ) / 2 + PE
    Total System Jitter     (TSJ):    0.071ns
    Total Input Jitter      (TIJ):    0.000ns
    Discrete Jitter          (DJ):    0.000ns
    Phase Error              (PE):    0.000ns

    Location             Delay type                Incr(ns)  Path(ns)    Netlist Resource(s)
  -------------------------------------------------------------------    -------------------
                         (clock core_clock rise edge)
                                                      0.000     0.000 r  
                                                      0.000     0.000 r  aclk (IN)
                         net (fo=0)                   0.000     0.000    aclk
                         IBUF (Prop_ibuf_I_O)         0.882     0.882 r  aclk_IBUF_inst/O
                         net (fo=1, unplaced)         0.646     1.528    aclk_IBUF
                         BUFG (Prop_bufg_I_O)         0.081     1.609 r  aclk_IBUF_BUFG_inst/O
                         net (fo=17542, unplaced)     0.584     2.193    u_wb/defaultClockArea_cpu/aclk_IBUF_BUFG
                         FDRE                                         r  u_wb/defaultClockArea_cpu/MULDIV_RRD_to_MULDIV_EXE_ISSUE_SLOT_uop_signed_reg/C
  -------------------------------------------------------------------    -------------------
                         FDRE (Prop_fdre_C_Q)         0.379     2.572 r  u_wb/defaultClockArea_cpu/MULDIV_RRD_to_MULDIV_EXE_ISSUE_SLOT_uop_signed_reg/Q
                         net (fo=64, unplaced)        0.687     3.259    u_wb/defaultClockArea_cpu/unsignedDivider_2/MULDIV_RRD_to_MULDIV_EXE_ISSUE_SLOT_uop_signed
                         LUT3 (Prop_lut3_I0_O)        0.252     3.511 r  u_wb/defaultClockArea_cpu/unsignedDivider_2/MULDIV_EXE_MulDivExecutePlugin_multiplier_i_45/O
                         net (fo=1, unplaced)         0.000     3.511    u_wb/defaultClockArea_cpu/unsignedDivider_2/MULDIV_EXE_MulDivExecutePlugin_multiplier_i_45_n_0
                         CARRY4 (Prop_carry4_DI[0]_CO[3])
                                                      0.477     3.988 r  u_wb/defaultClockArea_cpu/unsignedDivider_2/MULDIV_EXE_MulDivExecutePlugin_multiplier_i_8/CO[3]
                         net (fo=1, unplaced)         0.008     3.996    u_wb/defaultClockArea_cpu/unsignedDivider_2/MULDIV_EXE_MulDivExecutePlugin_multiplier_i_8_n_0
                         CARRY4 (Prop_carry4_CI_CO[3])
                                                      0.100     4.096 r  u_wb/defaultClockArea_cpu/unsignedDivider_2/MULDIV_EXE_MulDivExecutePlugin_multiplier_i_7/CO[3]
                         net (fo=1, unplaced)         0.000     4.096    u_wb/defaultClockArea_cpu/unsignedDivider_2/MULDIV_EXE_MulDivExecutePlugin_multiplier_i_7_n_0
                         CARRY4 (Prop_carry4_CI_CO[3])
                                                      0.100     4.196 r  u_wb/defaultClockArea_cpu/unsignedDivider_2/MULDIV_EXE_MulDivExecutePlugin_multiplier_i_6/CO[3]
                         net (fo=1, unplaced)         0.000     4.196    u_wb/defaultClockArea_cpu/unsignedDivider_2/MULDIV_EXE_MulDivExecutePlugin_multiplier_i_6_n_0
                         CARRY4 (Prop_carry4_CI_CO[3])
                                                      0.100     4.296 r  u_wb/defaultClockArea_cpu/unsignedDivider_2/MULDIV_EXE_MulDivExecutePlugin_multiplier_i_5/CO[3]
                         net (fo=1, unplaced)         0.000     4.296    u_wb/defaultClockArea_cpu/unsignedDivider_2/MULDIV_EXE_MulDivExecutePlugin_multiplier_i_5_n_0
                         CARRY4 (Prop_carry4_CI_CO[3])
                                                      0.100     4.396 r  u_wb/defaultClockArea_cpu/unsignedDivider_2/MULDIV_EXE_MulDivExecutePlugin_multiplier_i_4/CO[3]
                         net (fo=1, unplaced)         0.000     4.396    u_wb/defaultClockArea_cpu/unsignedDivider_2/MULDIV_EXE_MulDivExecutePlugin_multiplier_i_4_n_0
                         CARRY4 (Prop_carry4_CI_O[3])
                                                      0.277     4.673 f  u_wb/defaultClockArea_cpu/unsignedDivider_2/MULDIV_EXE_MulDivExecutePlugin_multiplier_i_3/O[3]
                         net (fo=3, unplaced)         0.668     5.341    u_wb/defaultClockArea_cpu/unsignedDivider_2/A[23]
                         LUT4 (Prop_lut4_I0_O)        0.250     5.591 r  u_wb/defaultClockArea_cpu/unsignedDivider_2/done_i_12/O
                         net (fo=1, unplaced)         0.347     5.938    u_wb/defaultClockArea_cpu/unsignedDivider_2/done_i_12_n_0
                         LUT5 (Prop_lut5_I4_O)        0.105     6.043 r  u_wb/defaultClockArea_cpu/unsignedDivider_2/done_i_8/O
                         net (fo=1, unplaced)         0.582     6.625    u_wb/defaultClockArea_cpu/unsignedDivider_2/done_i_8_n_0
                         LUT4 (Prop_lut4_I3_O)        0.105     6.730 r  u_wb/defaultClockArea_cpu/unsignedDivider_2/done_i_2/O
                         net (fo=67, unplaced)        0.437     7.167    u_wb/defaultClockArea_cpu/unsignedDivider_3/p_8703_in
                         LUT5 (Prop_lut5_I2_O)        0.105     7.272 f  u_wb/defaultClockArea_cpu/unsignedDivider_3/MulDivIssueQueuePlugin_queue_0_payload_robIdx[4]_i_3/O
                         net (fo=12, unplaced)        0.395     7.667    u_wb/defaultClockArea_cpu/unsignedDivider_3/MULDIV_EXE_arbitration_isStuck
                         LUT4 (Prop_lut4_I0_O)        0.105     7.772 r  u_wb/defaultClockArea_cpu/unsignedDivider_3/PhysRegFilePlugin_busys_0_i_21/O
                         net (fo=16, unplaced)        0.401     8.173    u_wb/defaultClockArea_cpu/unsignedDivider_3/MULDIV_EXE_MulDivExecutePlugin_wakeupCycle
                         LUT5 (Prop_lut5_I1_O)        0.105     8.278 r  u_wb/defaultClockArea_cpu/unsignedDivider_3/MulDivIssueQueuePlugin_queue_0_payload_rRegs_1_valid_i_28/O
                         net (fo=1, unplaced)         0.347     8.625    u_wb/defaultClockArea_cpu/unsignedDivider_3/MulDivIssueQueuePlugin_queue_0_payload_rRegs_1_valid_i_28_n_0
                         LUT5 (Prop_lut5_I0_O)        0.105     8.730 r  u_wb/defaultClockArea_cpu/unsignedDivider_3/MulDivIssueQueuePlugin_queue_0_payload_rRegs_1_valid_i_11/O
                         net (fo=1, unplaced)         0.347     9.077    u_wb/defaultClockArea_cpu/unsignedDivider_3/MulDivIssueQueuePlugin_queue_0_payload_rRegs_1_valid_i_11_n_0
                         LUT5 (Prop_lut5_I0_O)        0.105     9.182 r  u_wb/defaultClockArea_cpu/unsignedDivider_3/MulDivIssueQueuePlugin_queue_0_payload_rRegs_1_valid_i_5/O
                         net (fo=2, unplaced)         0.358     9.540    u_wb/defaultClockArea_cpu/unsignedDivider_3/MulDivIssueQueuePlugin_queue_0_payload_rRegs_1_valid_i_5_n_0
                         LUT3 (Prop_lut3_I0_O)        0.105     9.645 r  u_wb/defaultClockArea_cpu/unsignedDivider_3/MemIssueQueuePlugin_queue_0_payload_rRegs_1_valid_i_5/O
                         net (fo=4, unplaced)         0.371    10.016    u_wb/defaultClockArea_cpu/unsignedDivider_3/MemIssueQueuePlugin_queue_0_payload_rRegs_1_valid_i_5_n_0
                         LUT5 (Prop_lut5_I4_O)        0.105    10.121 r  u_wb/defaultClockArea_cpu/unsignedDivider_3/IntIssueQueuePlugin_queue_6_payload_rRegs_1_valid_i_8/O
                         net (fo=7, unplaced)         0.617    10.738    u_wb/defaultClockArea_cpu/unsignedDivider_3/IntIssueQueuePlugin_queue_6_payload_rRegs_1_valid_i_8_n_0
                         LUT6 (Prop_lut6_I2_O)        0.105    10.843 r  u_wb/defaultClockArea_cpu/unsignedDivider_3/IntIssueQueuePlugin_queue_2_payload_rRegs_1_valid_i_4/O
                         net (fo=1, unplaced)         0.347    11.190    u_wb/defaultClockArea_cpu/unsignedDivider_3/IntIssueQueuePlugin_queue_2_payload_rRegs_1_valid_i_4_n_0
                         LUT6 (Prop_lut6_I0_O)        0.105    11.295 r  u_wb/defaultClockArea_cpu/unsignedDivider_3/IntIssueQueuePlugin_queue_2_payload_rRegs_1_valid_i_3/O
                         net (fo=3, unplaced)         0.365    11.660    u_wb/defaultClockArea_cpu/unsignedDivider_3/IntIssueQueuePlugin_queue_2_payload_rRegs_1_valid_i_3_n_0
                         LUT5 (Prop_lut5_I1_O)        0.105    11.765 r  u_wb/defaultClockArea_cpu/unsignedDivider_3/IntIssueQueuePlugin_queue_1_payload_rRegs_1_valid_i_3/O
                         net (fo=1, unplaced)         0.347    12.112    u_wb/defaultClockArea_cpu/unsignedDivider_3/IntIssueQueuePlugin_queue_1_payload_rRegs_1_valid_i_3_n_0
                         LUT5 (Prop_lut5_I4_O)        0.105    12.217 r  u_wb/defaultClockArea_cpu/unsignedDivider_3/IntIssueQueuePlugin_queue_1_payload_rRegs_1_valid_i_1/O
                         net (fo=1, unplaced)         0.000    12.217    u_wb/defaultClockArea_cpu/unsignedDivider_3_n_193
                         FDRE                                         r  u_wb/defaultClockArea_cpu/IntIssueQueuePlugin_queue_1_payload_rRegs_1_valid_reg/D
  -------------------------------------------------------------------    -------------------

                         (clock core_clock rise edge)
                                                     10.000    10.000 r  
                                                      0.000    10.000 r  aclk (IN)
                         net (fo=0)                   0.000    10.000    aclk
                         IBUF (Prop_ibuf_I_O)         0.751    10.751 r  aclk_IBUF_inst/O
                         net (fo=1, unplaced)         0.613    11.365    aclk_IBUF
                         BUFG (Prop_bufg_I_O)         0.077    11.442 r  aclk_IBUF_BUFG_inst/O
                         net (fo=17542, unplaced)     0.439    11.881    u_wb/defaultClockArea_cpu/aclk_IBUF_BUFG
                         FDRE                                         r  u_wb/defaultClockArea_cpu/IntIssueQueuePlugin_queue_1_payload_rRegs_1_valid_reg/C
                         clock pessimism              0.167    12.048    
                         clock uncertainty           -0.035    12.012    
                         FDRE (Setup_fdre_C_D)        0.029    12.041    u_wb/defaultClockArea_cpu/IntIssueQueuePlugin_queue_1_payload_rRegs_1_valid_reg
  -------------------------------------------------------------------
                         required time                         12.041    
                         arrival time                         -12.217    
  -------------------------------------------------------------------
                         slack                                 -0.175    

Slack (VIOLATED) :        -0.175ns  (required time - arrival time)
  Source:                 u_wb/defaultClockArea_cpu/MULDIV_RRD_to_MULDIV_EXE_ISSUE_SLOT_uop_signed_reg/C
                            (rising edge-triggered cell FDRE clocked by core_clock  {rise@0.000ns fall@5.000ns period=10.000ns})
  Destination:            u_wb/defaultClockArea_cpu/IntIssueQueuePlugin_queue_2_payload_rRegs_1_valid_reg/D
                            (rising edge-triggered cell FDRE clocked by core_clock  {rise@0.000ns fall@5.000ns period=10.000ns})
  Path Group:             core_clock
  Path Type:              Setup (Max at Slow Process Corner)
  Requirement:            10.000ns  (core_clock rise@10.000ns - core_clock rise@0.000ns)
  Data Path Delay:        10.024ns  (logic 3.400ns (33.919%)  route 6.624ns (66.081%))
  Logic Levels:           21  (CARRY4=6 LUT3=2 LUT4=3 LUT5=6 LUT6=4)
  Clock Path Skew:        -0.145ns (DCD - SCD + CPR)
    Destination Clock Delay (DCD):    1.881ns = ( 11.881 - 10.000 ) 
    Source Clock Delay      (SCD):    2.193ns
    Clock Pessimism Removal (CPR):    0.167ns
  Clock Uncertainty:      0.035ns  ((TSJ^2 + TIJ^2)^1/2 + DJ) / 2 + PE
    Total System Jitter     (TSJ):    0.071ns
    Total Input Jitter      (TIJ):    0.000ns
    Discrete Jitter          (DJ):    0.000ns
    Phase Error              (PE):    0.000ns

    Location             Delay type                Incr(ns)  Path(ns)    Netlist Resource(s)
  -------------------------------------------------------------------    -------------------
                         (clock core_clock rise edge)
                                                      0.000     0.000 r  
                                                      0.000     0.000 r  aclk (IN)
                         net (fo=0)                   0.000     0.000    aclk
                         IBUF (Prop_ibuf_I_O)         0.882     0.882 r  aclk_IBUF_inst/O
                         net (fo=1, unplaced)         0.646     1.528    aclk_IBUF
                         BUFG (Prop_bufg_I_O)         0.081     1.609 r  aclk_IBUF_BUFG_inst/O
                         net (fo=17542, unplaced)     0.584     2.193    u_wb/defaultClockArea_cpu/aclk_IBUF_BUFG
                         FDRE                                         r  u_wb/defaultClockArea_cpu/MULDIV_RRD_to_MULDIV_EXE_ISSUE_SLOT_uop_signed_reg/C
  -------------------------------------------------------------------    -------------------
                         FDRE (Prop_fdre_C_Q)         0.379     2.572 r  u_wb/defaultClockArea_cpu/MULDIV_RRD_to_MULDIV_EXE_ISSUE_SLOT_uop_signed_reg/Q
                         net (fo=64, unplaced)        0.687     3.259    u_wb/defaultClockArea_cpu/unsignedDivider_2/MULDIV_RRD_to_MULDIV_EXE_ISSUE_SLOT_uop_signed
                         LUT3 (Prop_lut3_I0_O)        0.252     3.511 r  u_wb/defaultClockArea_cpu/unsignedDivider_2/MULDIV_EXE_MulDivExecutePlugin_multiplier_i_45/O
                         net (fo=1, unplaced)         0.000     3.511    u_wb/defaultClockArea_cpu/unsignedDivider_2/MULDIV_EXE_MulDivExecutePlugin_multiplier_i_45_n_0
                         CARRY4 (Prop_carry4_DI[0]_CO[3])
                                                      0.477     3.988 r  u_wb/defaultClockArea_cpu/unsignedDivider_2/MULDIV_EXE_MulDivExecutePlugin_multiplier_i_8/CO[3]
                         net (fo=1, unplaced)         0.008     3.996    u_wb/defaultClockArea_cpu/unsignedDivider_2/MULDIV_EXE_MulDivExecutePlugin_multiplier_i_8_n_0
                         CARRY4 (Prop_carry4_CI_CO[3])
                                                      0.100     4.096 r  u_wb/defaultClockArea_cpu/unsignedDivider_2/MULDIV_EXE_MulDivExecutePlugin_multiplier_i_7/CO[3]
                         net (fo=1, unplaced)         0.000     4.096    u_wb/defaultClockArea_cpu/unsignedDivider_2/MULDIV_EXE_MulDivExecutePlugin_multiplier_i_7_n_0
                         CARRY4 (Prop_carry4_CI_CO[3])
                                                      0.100     4.196 r  u_wb/defaultClockArea_cpu/unsignedDivider_2/MULDIV_EXE_MulDivExecutePlugin_multiplier_i_6/CO[3]
                         net (fo=1, unplaced)         0.000     4.196    u_wb/defaultClockArea_cpu/unsignedDivider_2/MULDIV_EXE_MulDivExecutePlugin_multiplier_i_6_n_0
                         CARRY4 (Prop_carry4_CI_CO[3])
                                                      0.100     4.296 r  u_wb/defaultClockArea_cpu/unsignedDivider_2/MULDIV_EXE_MulDivExecutePlugin_multiplier_i_5/CO[3]
                         net (fo=1, unplaced)         0.000     4.296    u_wb/defaultClockArea_cpu/unsignedDivider_2/MULDIV_EXE_MulDivExecutePlugin_multiplier_i_5_n_0
                         CARRY4 (Prop_carry4_CI_CO[3])
                                                      0.100     4.396 r  u_wb/defaultClockArea_cpu/unsignedDivider_2/MULDIV_EXE_MulDivExecutePlugin_multiplier_i_4/CO[3]
                         net (fo=1, unplaced)         0.000     4.396    u_wb/defaultClockArea_cpu/unsignedDivider_2/MULDIV_EXE_MulDivExecutePlugin_multiplier_i_4_n_0
                         CARRY4 (Prop_carry4_CI_O[3])
                                                      0.277     4.673 f  u_wb/defaultClockArea_cpu/unsignedDivider_2/MULDIV_EXE_MulDivExecutePlugin_multiplier_i_3/O[3]
                         net (fo=3, unplaced)         0.668     5.341    u_wb/defaultClockArea_cpu/unsignedDivider_2/A[23]
                         LUT4 (Prop_lut4_I0_O)        0.250     5.591 r  u_wb/defaultClockArea_cpu/unsignedDivider_2/done_i_12/O
                         net (fo=1, unplaced)         0.347     5.938    u_wb/defaultClockArea_cpu/unsignedDivider_2/done_i_12_n_0
                         LUT5 (Prop_lut5_I4_O)        0.105     6.043 r  u_wb/defaultClockArea_cpu/unsignedDivider_2/done_i_8/O
                         net (fo=1, unplaced)         0.582     6.625    u_wb/defaultClockArea_cpu/unsignedDivider_2/done_i_8_n_0
                         LUT4 (Prop_lut4_I3_O)        0.105     6.730 r  u_wb/defaultClockArea_cpu/unsignedDivider_2/done_i_2/O
                         net (fo=67, unplaced)        0.437     7.167    u_wb/defaultClockArea_cpu/unsignedDivider_3/p_8703_in
                         LUT5 (Prop_lut5_I2_O)        0.105     7.272 f  u_wb/defaultClockArea_cpu/unsignedDivider_3/MulDivIssueQueuePlugin_queue_0_payload_robIdx[4]_i_3/O
                         net (fo=12, unplaced)        0.395     7.667    u_wb/defaultClockArea_cpu/unsignedDivider_3/MULDIV_EXE_arbitration_isStuck
                         LUT4 (Prop_lut4_I0_O)        0.105     7.772 r  u_wb/defaultClockArea_cpu/unsignedDivider_3/PhysRegFilePlugin_busys_0_i_21/O
                         net (fo=16, unplaced)        0.401     8.173    u_wb/defaultClockArea_cpu/unsignedDivider_3/MULDIV_EXE_MulDivExecutePlugin_wakeupCycle
                         LUT5 (Prop_lut5_I1_O)        0.105     8.278 r  u_wb/defaultClockArea_cpu/unsignedDivider_3/MulDivIssueQueuePlugin_queue_0_payload_rRegs_1_valid_i_28/O
                         net (fo=1, unplaced)         0.347     8.625    u_wb/defaultClockArea_cpu/unsignedDivider_3/MulDivIssueQueuePlugin_queue_0_payload_rRegs_1_valid_i_28_n_0
                         LUT5 (Prop_lut5_I0_O)        0.105     8.730 r  u_wb/defaultClockArea_cpu/unsignedDivider_3/MulDivIssueQueuePlugin_queue_0_payload_rRegs_1_valid_i_11/O
                         net (fo=1, unplaced)         0.347     9.077    u_wb/defaultClockArea_cpu/unsignedDivider_3/MulDivIssueQueuePlugin_queue_0_payload_rRegs_1_valid_i_11_n_0
                         LUT5 (Prop_lut5_I0_O)        0.105     9.182 r  u_wb/defaultClockArea_cpu/unsignedDivider_3/MulDivIssueQueuePlugin_queue_0_payload_rRegs_1_valid_i_5/O
                         net (fo=2, unplaced)         0.358     9.540    u_wb/defaultClockArea_cpu/unsignedDivider_3/MulDivIssueQueuePlugin_queue_0_payload_rRegs_1_valid_i_5_n_0
                         LUT3 (Prop_lut3_I0_O)        0.105     9.645 r  u_wb/defaultClockArea_cpu/unsignedDivider_3/MemIssueQueuePlugin_queue_0_payload_rRegs_1_valid_i_5/O
                         net (fo=4, unplaced)         0.371    10.016    u_wb/defaultClockArea_cpu/unsignedDivider_3/MemIssueQueuePlugin_queue_0_payload_rRegs_1_valid_i_5_n_0
                         LUT5 (Prop_lut5_I4_O)        0.105    10.121 r  u_wb/defaultClockArea_cpu/unsignedDivider_3/IntIssueQueuePlugin_queue_6_payload_rRegs_1_valid_i_8/O
                         net (fo=7, unplaced)         0.617    10.738    u_wb/defaultClockArea_cpu/unsignedDivider_3/IntIssueQueuePlugin_queue_6_payload_rRegs_1_valid_i_8_n_0
                         LUT6 (Prop_lut6_I2_O)        0.105    10.843 r  u_wb/defaultClockArea_cpu/unsignedDivider_3/IntIssueQueuePlugin_queue_2_payload_rRegs_1_valid_i_4/O
                         net (fo=1, unplaced)         0.347    11.190    u_wb/defaultClockArea_cpu/unsignedDivider_3/IntIssueQueuePlugin_queue_2_payload_rRegs_1_valid_i_4_n_0
                         LUT6 (Prop_lut6_I0_O)        0.105    11.295 r  u_wb/defaultClockArea_cpu/unsignedDivider_3/IntIssueQueuePlugin_queue_2_payload_rRegs_1_valid_i_3/O
                         net (fo=3, unplaced)         0.365    11.660    u_wb/defaultClockArea_cpu/unsignedDivider_3/IntIssueQueuePlugin_queue_2_payload_rRegs_1_valid_i_3_n_0
                         LUT6 (Prop_lut6_I3_O)        0.105    11.765 r  u_wb/defaultClockArea_cpu/unsignedDivider_3/IntIssueQueuePlugin_queue_2_payload_rRegs_1_valid_i_2/O
                         net (fo=1, unplaced)         0.347    12.112    u_wb/defaultClockArea_cpu/unsignedDivider_3/IntIssueQueuePlugin_queue_2_payload_rRegs_1_valid_i_2_n_0
                         LUT6 (Prop_lut6_I5_O)        0.105    12.217 r  u_wb/defaultClockArea_cpu/unsignedDivider_3/IntIssueQueuePlugin_queue_2_payload_rRegs_1_valid_i_1/O
                         net (fo=1, unplaced)         0.000    12.217    u_wb/defaultClockArea_cpu/unsignedDivider_3_n_3
                         FDRE                                         r  u_wb/defaultClockArea_cpu/IntIssueQueuePlugin_queue_2_payload_rRegs_1_valid_reg/D
  -------------------------------------------------------------------    -------------------

                         (clock core_clock rise edge)
                                                     10.000    10.000 r  
                                                      0.000    10.000 r  aclk (IN)
                         net (fo=0)                   0.000    10.000    aclk
                         IBUF (Prop_ibuf_I_O)         0.751    10.751 r  aclk_IBUF_inst/O
                         net (fo=1, unplaced)         0.613    11.365    aclk_IBUF
                         BUFG (Prop_bufg_I_O)         0.077    11.442 r  aclk_IBUF_BUFG_inst/O
                         net (fo=17542, unplaced)     0.439    11.881    u_wb/defaultClockArea_cpu/aclk_IBUF_BUFG
                         FDRE                                         r  u_wb/defaultClockArea_cpu/IntIssueQueuePlugin_queue_2_payload_rRegs_1_valid_reg/C
                         clock pessimism              0.167    12.048    
                         clock uncertainty           -0.035    12.012    
                         FDRE (Setup_fdre_C_D)        0.029    12.041    u_wb/defaultClockArea_cpu/IntIssueQueuePlugin_queue_2_payload_rRegs_1_valid_reg
  -------------------------------------------------------------------
                         required time                         12.041    
                         arrival time                         -12.217    
  -------------------------------------------------------------------
                         slack                                 -0.175    

Slack (VIOLATED) :        -0.153ns  (required time - arrival time)
  Source:                 u_wb/defaultClockArea_axiBuffer/fifo/xpm_fifo_base_inst/xpm_fifo_rst_inst/gen_rst_cc.fifo_wr_rst_cc_reg[2]/C
                            (rising edge-triggered cell FDSE clocked by core_clock  {rise@0.000ns fall@5.000ns period=10.000ns})
  Destination:            u_wb/defaultClockArea_cpu/IntIssueQueuePlugin_queue_3_payload_rRegs_0_valid_reg/D
                            (rising edge-triggered cell FDRE clocked by core_clock  {rise@0.000ns fall@5.000ns period=10.000ns})
  Path Group:             core_clock
  Path Type:              Setup (Max at Slow Process Corner)
  Requirement:            10.000ns  (core_clock rise@10.000ns - core_clock rise@0.000ns)
  Data Path Delay:        10.002ns  (logic 2.501ns (25.005%)  route 7.501ns (74.995%))
  Logic Levels:           19  (LUT2=2 LUT3=2 LUT4=3 LUT5=6 LUT6=6)
  Clock Path Skew:        -0.145ns (DCD - SCD + CPR)
    Destination Clock Delay (DCD):    1.881ns = ( 11.881 - 10.000 ) 
    Source Clock Delay      (SCD):    2.193ns
    Clock Pessimism Removal (CPR):    0.167ns
  Clock Uncertainty:      0.035ns  ((TSJ^2 + TIJ^2)^1/2 + DJ) / 2 + PE
    Total System Jitter     (TSJ):    0.071ns
    Total Input Jitter      (TIJ):    0.000ns
    Discrete Jitter          (DJ):    0.000ns
    Phase Error              (PE):    0.000ns

    Location             Delay type                Incr(ns)  Path(ns)    Netlist Resource(s)
  -------------------------------------------------------------------    -------------------
                         (clock core_clock rise edge)
                                                      0.000     0.000 r  
                                                      0.000     0.000 r  aclk (IN)
                         net (fo=0)                   0.000     0.000    aclk
                         IBUF (Prop_ibuf_I_O)         0.882     0.882 r  aclk_IBUF_inst/O
                         net (fo=1, unplaced)         0.646     1.528    aclk_IBUF
                         BUFG (Prop_bufg_I_O)         0.081     1.609 r  aclk_IBUF_BUFG_inst/O
                         net (fo=17542, unplaced)     0.584     2.193    u_wb/defaultClockArea_axiBuffer/fifo/xpm_fifo_base_inst/xpm_fifo_rst_inst/wr_clk
                         FDSE                                         r  u_wb/defaultClockArea_axiBuffer/fifo/xpm_fifo_base_inst/xpm_fifo_rst_inst/gen_rst_cc.fifo_wr_rst_cc_reg[2]/C
  -------------------------------------------------------------------    -------------------
                         FDSE (Prop_fdse_C_Q)         0.379     2.572 r  u_wb/defaultClockArea_axiBuffer/fifo/xpm_fifo_base_inst/xpm_fifo_rst_inst/gen_rst_cc.fifo_wr_rst_cc_reg[2]/Q
                         net (fo=51, unplaced)        0.445     3.017    u_wb/defaultClockArea_axiBuffer/fifo/xpm_fifo_base_inst/xpm_fifo_rst_inst/Q[0]
                         LUT2 (Prop_lut2_I0_O)        0.232     3.249 r  u_wb/defaultClockArea_axiBuffer/fifo/xpm_fifo_base_inst/xpm_fifo_rst_inst/wr_rst_busy_INST_0/O
                         net (fo=144, unplaced)       0.456     3.705    u_wb/defaultClockArea_axiBuffer/fifo_rd_rst_busy
                         LUT2 (Prop_lut2_I0_O)        0.105     3.810 f  u_wb/defaultClockArea_axiBuffer/fifo_i_76/O
                         net (fo=2, unplaced)         0.358     4.168    u_wb/defaultClockArea_axiBuffer/fifo_i_76_n_0
                         LUT6 (Prop_lut6_I0_O)        0.105     4.273 r  u_wb/defaultClockArea_axiBuffer/fifo_i_73/O
                         net (fo=71, unplaced)        0.438     4.711    u_wb/defaultClockArea_axiBuffer/when_AxiBuffer_l81__1
                         LUT4 (Prop_lut4_I0_O)        0.105     4.816 r  u_wb/defaultClockArea_axiBuffer/fifo_i_1/O
                         net (fo=9, unplaced)         0.388     5.204    u_wb/defaultClockArea_cpu/DCachePlugin_infoRAM/wr_en
                         LUT3 (Prop_lut3_I0_O)        0.105     5.309 r  u_wb/defaultClockArea_cpu/DCachePlugin_infoRAM/MEM_MEM2_UncachedAccessPlugin_uncachedStoreFSM_regSTD_be[3]_i_2/O
                         net (fo=3, unplaced)         0.365     5.674    u_wb/defaultClockArea_cpu/DCachePlugin_infoRAM/p_8630_in
                         LUT5 (Prop_lut5_I4_O)        0.105     5.779 f  u_wb/defaultClockArea_cpu/DCachePlugin_infoRAM/MEM_WB_arbitration_isValid_i_6/O
                         net (fo=1, unplaced)         0.347     6.126    u_wb/defaultClockArea_cpu/DCachePlugin_infoRAM/MEM_MEM2_arbitration_haltItself
                         LUT5 (Prop_lut5_I1_O)        0.105     6.231 f  u_wb/defaultClockArea_cpu/DCachePlugin_infoRAM/MEM_WB_arbitration_isValid_i_4/O
                         net (fo=2, unplaced)         0.358     6.589    u_wb/defaultClockArea_cpu/DCachePlugin_infoRAM/FSM_sequential_MEM_MEM2_DCachePlugin_cacheRefillFSM_stateReg_reg[0]
                         LUT6 (Prop_lut6_I5_O)        0.105     6.694 f  u_wb/defaultClockArea_cpu/DCachePlugin_infoRAM/MEM_WB_arbitration_isValid_i_2/O
                         net (fo=27, unplaced)        0.414     7.108    u_wb/defaultClockArea_cpu/DCachePlugin_infoRAM_n_66
                         LUT6 (Prop_lut6_I0_O)        0.105     7.213 r  u_wb/defaultClockArea_cpu/MEM_ADDR_to_MEM_MEM1_MEMORY_WRITE_DATA[31]_i_1/O
                         net (fo=476, unplaced)       0.486     7.699    u_wb/defaultClockArea_cpu/MEM_MEM1_arbitration_notStuck
                         LUT5 (Prop_lut5_I4_O)        0.105     7.804 r  u_wb/defaultClockArea_cpu/MulDivIssueQueuePlugin_queue_2_payload_rRegs_1_valid_i_2/O
                         net (fo=45, unplaced)        0.427     8.231    u_wb/defaultClockArea_cpu/MemExecutePlugin_clrBusy_valid
                         LUT5 (Prop_lut5_I3_O)        0.105     8.336 r  u_wb/defaultClockArea_cpu/MulDivIssueQueuePlugin_queue_2_payload_rRegs_0_valid_i_56/O
                         net (fo=1, unplaced)         0.347     8.683    u_wb/defaultClockArea_cpu/MulDivIssueQueuePlugin_queue_2_payload_rRegs_0_valid_i_56_n_0
                         LUT4 (Prop_lut4_I2_O)        0.105     8.788 r  u_wb/defaultClockArea_cpu/MulDivIssueQueuePlugin_queue_2_payload_rRegs_0_valid_i_34/O
                         net (fo=1, unplaced)         0.347     9.135    u_wb/defaultClockArea_cpu/MulDivIssueQueuePlugin_queue_2_payload_rRegs_0_valid_i_34_n_0
                         LUT6 (Prop_lut6_I0_O)        0.105     9.240 r  u_wb/defaultClockArea_cpu/MulDivIssueQueuePlugin_queue_2_payload_rRegs_0_valid_i_13/O
                         net (fo=1, unplaced)         0.328     9.568    u_wb/defaultClockArea_cpu/unsignedDivider_3/IntIssueQueuePlugin_queue_6_payload_rRegs_0_valid_i_2_0
                         LUT4 (Prop_lut4_I0_O)        0.105     9.673 r  u_wb/defaultClockArea_cpu/unsignedDivider_3/MulDivIssueQueuePlugin_queue_2_payload_rRegs_0_valid_i_7/O
                         net (fo=5, unplaced)         0.356    10.029    u_wb/defaultClockArea_cpu/unsignedDivider_3/MulDivIssueQueuePlugin_queueIO_pushPorts_0_payload_rRegs_0_valid0
                         LUT5 (Prop_lut5_I2_O)        0.105    10.134 f  u_wb/defaultClockArea_cpu/unsignedDivider_3/IntIssueQueuePlugin_queue_6_payload_rRegs_0_valid_i_4/O
                         net (fo=6, unplaced)         0.379    10.513    u_wb/defaultClockArea_cpu/unsignedDivider_3/IntIssueQueuePlugin_queue_6_payload_rRegs_0_valid_i_4_n_0
                         LUT3 (Prop_lut3_I1_O)        0.105    10.618 r  u_wb/defaultClockArea_cpu/unsignedDivider_3/IntIssueQueuePlugin_queue_1_payload_rRegs_0_valid_i_14/O
                         net (fo=1, unplaced)         0.582    11.200    u_wb/defaultClockArea_cpu/unsignedDivider_3/IntIssueQueuePlugin_queue_1_payload_rRegs_0_valid_i_14_n_0
                         LUT6 (Prop_lut6_I1_O)        0.105    11.305 f  u_wb/defaultClockArea_cpu/unsignedDivider_3/IntIssueQueuePlugin_queue_1_payload_rRegs_0_valid_i_4/O
                         net (fo=4, unplaced)         0.352    11.657    u_wb/defaultClockArea_cpu/unsignedDivider_3/IntIssueQueuePlugin_queue_1_payload_rRegs_0_valid_i_4_n_0
                         LUT6 (Prop_lut6_I4_O)        0.105    11.762 f  u_wb/defaultClockArea_cpu/unsignedDivider_3/IntIssueQueuePlugin_queue_3_payload_rRegs_0_valid_i_2/O
                         net (fo=1, unplaced)         0.328    12.090    u_wb/defaultClockArea_cpu/unsignedDivider_3/IntIssueQueuePlugin_queue_3_payload_rRegs_0_valid_i_2_n_0
                         LUT5 (Prop_lut5_I2_O)        0.105    12.195 r  u_wb/defaultClockArea_cpu/unsignedDivider_3/IntIssueQueuePlugin_queue_3_payload_rRegs_0_valid_i_1/O
                         net (fo=1, unplaced)         0.000    12.195    u_wb/defaultClockArea_cpu/unsignedDivider_3_n_125
                         FDRE                                         r  u_wb/defaultClockArea_cpu/IntIssueQueuePlugin_queue_3_payload_rRegs_0_valid_reg/D
  -------------------------------------------------------------------    -------------------

                         (clock core_clock rise edge)
                                                     10.000    10.000 r  
                                                      0.000    10.000 r  aclk (IN)
                         net (fo=0)                   0.000    10.000    aclk
                         IBUF (Prop_ibuf_I_O)         0.751    10.751 r  aclk_IBUF_inst/O
                         net (fo=1, unplaced)         0.613    11.365    aclk_IBUF
                         BUFG (Prop_bufg_I_O)         0.077    11.442 r  aclk_IBUF_BUFG_inst/O
                         net (fo=17542, unplaced)     0.439    11.881    u_wb/defaultClockArea_cpu/aclk_IBUF_BUFG
                         FDRE                                         r  u_wb/defaultClockArea_cpu/IntIssueQueuePlugin_queue_3_payload_rRegs_0_valid_reg/C
                         clock pessimism              0.167    12.048    
                         clock uncertainty           -0.035    12.012    
                         FDRE (Setup_fdre_C_D)        0.029    12.041    u_wb/defaultClockArea_cpu/IntIssueQueuePlugin_queue_3_payload_rRegs_0_valid_reg
  -------------------------------------------------------------------
                         required time                         12.041    
                         arrival time                         -12.195    
  -------------------------------------------------------------------
                         slack                                 -0.153    

Slack (MET) :             0.022ns  (required time - arrival time)
  Source:                 u_wb/defaultClockArea_axiBuffer/fifo/xpm_fifo_base_inst/xpm_fifo_rst_inst/gen_rst_cc.fifo_wr_rst_cc_reg[2]/C
                            (rising edge-triggered cell FDSE clocked by core_clock  {rise@0.000ns fall@5.000ns period=10.000ns})
  Destination:            u_wb/defaultClockArea_cpu/IntIssueQueuePlugin_queue_4_payload_rRegs_0_valid_reg/D
                            (rising edge-triggered cell FDRE clocked by core_clock  {rise@0.000ns fall@5.000ns period=10.000ns})
  Path Group:             core_clock
  Path Type:              Setup (Max at Slow Process Corner)
  Requirement:            10.000ns  (core_clock rise@10.000ns - core_clock rise@0.000ns)
  Data Path Delay:        9.827ns  (logic 2.501ns (25.450%)  route 7.326ns (74.550%))
  Logic Levels:           19  (LUT2=3 LUT3=1 LUT4=3 LUT5=7 LUT6=5)
  Clock Path Skew:        -0.145ns (DCD - SCD + CPR)
    Destination Clock Delay (DCD):    1.881ns = ( 11.881 - 10.000 ) 
    Source Clock Delay      (SCD):    2.193ns
    Clock Pessimism Removal (CPR):    0.167ns
  Clock Uncertainty:      0.035ns  ((TSJ^2 + TIJ^2)^1/2 + DJ) / 2 + PE
    Total System Jitter     (TSJ):    0.071ns
    Total Input Jitter      (TIJ):    0.000ns
    Discrete Jitter          (DJ):    0.000ns
    Phase Error              (PE):    0.000ns

    Location             Delay type                Incr(ns)  Path(ns)    Netlist Resource(s)
  -------------------------------------------------------------------    -------------------
                         (clock core_clock rise edge)
                                                      0.000     0.000 r  
                                                      0.000     0.000 r  aclk (IN)
                         net (fo=0)                   0.000     0.000    aclk
                         IBUF (Prop_ibuf_I_O)         0.882     0.882 r  aclk_IBUF_inst/O
                         net (fo=1, unplaced)         0.646     1.528    aclk_IBUF
                         BUFG (Prop_bufg_I_O)         0.081     1.609 r  aclk_IBUF_BUFG_inst/O
                         net (fo=17542, unplaced)     0.584     2.193    u_wb/defaultClockArea_axiBuffer/fifo/xpm_fifo_base_inst/xpm_fifo_rst_inst/wr_clk
                         FDSE                                         r  u_wb/defaultClockArea_axiBuffer/fifo/xpm_fifo_base_inst/xpm_fifo_rst_inst/gen_rst_cc.fifo_wr_rst_cc_reg[2]/C
  -------------------------------------------------------------------    -------------------
                         FDSE (Prop_fdse_C_Q)         0.379     2.572 r  u_wb/defaultClockArea_axiBuffer/fifo/xpm_fifo_base_inst/xpm_fifo_rst_inst/gen_rst_cc.fifo_wr_rst_cc_reg[2]/Q
                         net (fo=51, unplaced)        0.445     3.017    u_wb/defaultClockArea_axiBuffer/fifo/xpm_fifo_base_inst/xpm_fifo_rst_inst/Q[0]
                         LUT2 (Prop_lut2_I0_O)        0.232     3.249 r  u_wb/defaultClockArea_axiBuffer/fifo/xpm_fifo_base_inst/xpm_fifo_rst_inst/wr_rst_busy_INST_0/O
                         net (fo=144, unplaced)       0.456     3.705    u_wb/defaultClockArea_axiBuffer/fifo_rd_rst_busy
                         LUT2 (Prop_lut2_I0_O)        0.105     3.810 f  u_wb/defaultClockArea_axiBuffer/fifo_i_76/O
                         net (fo=2, unplaced)         0.358     4.168    u_wb/defaultClockArea_axiBuffer/fifo_i_76_n_0
                         LUT6 (Prop_lut6_I0_O)        0.105     4.273 r  u_wb/defaultClockArea_axiBuffer/fifo_i_73/O
                         net (fo=71, unplaced)        0.438     4.711    u_wb/defaultClockArea_axiBuffer/when_AxiBuffer_l81__1
                         LUT4 (Prop_lut4_I0_O)        0.105     4.816 r  u_wb/defaultClockArea_axiBuffer/fifo_i_1/O
                         net (fo=9, unplaced)         0.388     5.204    u_wb/defaultClockArea_cpu/DCachePlugin_infoRAM/wr_en
                         LUT3 (Prop_lut3_I0_O)        0.105     5.309 r  u_wb/defaultClockArea_cpu/DCachePlugin_infoRAM/MEM_MEM2_UncachedAccessPlugin_uncachedStoreFSM_regSTD_be[3]_i_2/O
                         net (fo=3, unplaced)         0.365     5.674    u_wb/defaultClockArea_cpu/DCachePlugin_infoRAM/p_8630_in
                         LUT5 (Prop_lut5_I4_O)        0.105     5.779 f  u_wb/defaultClockArea_cpu/DCachePlugin_infoRAM/MEM_WB_arbitration_isValid_i_6/O
                         net (fo=1, unplaced)         0.347     6.126    u_wb/defaultClockArea_cpu/DCachePlugin_infoRAM/MEM_MEM2_arbitration_haltItself
                         LUT5 (Prop_lut5_I1_O)        0.105     6.231 f  u_wb/defaultClockArea_cpu/DCachePlugin_infoRAM/MEM_WB_arbitration_isValid_i_4/O
                         net (fo=2, unplaced)         0.358     6.589    u_wb/defaultClockArea_cpu/DCachePlugin_infoRAM/FSM_sequential_MEM_MEM2_DCachePlugin_cacheRefillFSM_stateReg_reg[0]
                         LUT6 (Prop_lut6_I5_O)        0.105     6.694 f  u_wb/defaultClockArea_cpu/DCachePlugin_infoRAM/MEM_WB_arbitration_isValid_i_2/O
                         net (fo=27, unplaced)        0.414     7.108    u_wb/defaultClockArea_cpu/DCachePlugin_infoRAM_n_66
                         LUT6 (Prop_lut6_I0_O)        0.105     7.213 r  u_wb/defaultClockArea_cpu/MEM_ADDR_to_MEM_MEM1_MEMORY_WRITE_DATA[31]_i_1/O
                         net (fo=476, unplaced)       0.486     7.699    u_wb/defaultClockArea_cpu/MEM_MEM1_arbitration_notStuck
                         LUT5 (Prop_lut5_I4_O)        0.105     7.804 r  u_wb/defaultClockArea_cpu/MulDivIssueQueuePlugin_queue_2_payload_rRegs_1_valid_i_2/O
                         net (fo=45, unplaced)        0.427     8.231    u_wb/defaultClockArea_cpu/MemExecutePlugin_clrBusy_valid
                         LUT5 (Prop_lut5_I3_O)        0.105     8.336 r  u_wb/defaultClockArea_cpu/MulDivIssueQueuePlugin_queue_2_payload_rRegs_0_valid_i_56/O
                         net (fo=1, unplaced)         0.347     8.683    u_wb/defaultClockArea_cpu/MulDivIssueQueuePlugin_queue_2_payload_rRegs_0_valid_i_56_n_0
                         LUT4 (Prop_lut4_I2_O)        0.105     8.788 r  u_wb/defaultClockArea_cpu/MulDivIssueQueuePlugin_queue_2_payload_rRegs_0_valid_i_34/O
                         net (fo=1, unplaced)         0.347     9.135    u_wb/defaultClockArea_cpu/MulDivIssueQueuePlugin_queue_2_payload_rRegs_0_valid_i_34_n_0
                         LUT6 (Prop_lut6_I0_O)        0.105     9.240 r  u_wb/defaultClockArea_cpu/MulDivIssueQueuePlugin_queue_2_payload_rRegs_0_valid_i_13/O
                         net (fo=1, unplaced)         0.328     9.568    u_wb/defaultClockArea_cpu/unsignedDivider_3/IntIssueQueuePlugin_queue_6_payload_rRegs_0_valid_i_2_0
                         LUT4 (Prop_lut4_I0_O)        0.105     9.673 r  u_wb/defaultClockArea_cpu/unsignedDivider_3/MulDivIssueQueuePlugin_queue_2_payload_rRegs_0_valid_i_7/O
                         net (fo=5, unplaced)         0.375    10.048    u_wb/defaultClockArea_cpu/unsignedDivider_3/MulDivIssueQueuePlugin_queueIO_pushPorts_0_payload_rRegs_0_valid0
                         LUT5 (Prop_lut5_I4_O)        0.105    10.153 r  u_wb/defaultClockArea_cpu/unsignedDivider_3/IntIssueQueuePlugin_queue_0_payload_rRegs_0_valid_i_7/O
                         net (fo=7, unplaced)         0.382    10.535    u_wb/defaultClockArea_cpu/unsignedDivider_3/IntIssueQueuePlugin_queue_0_payload_rRegs_0_valid_i_7_n_0
                         LUT2 (Prop_lut2_I1_O)        0.105    10.640 r  u_wb/defaultClockArea_cpu/unsignedDivider_3/IntIssueQueuePlugin_queue_6_payload_rRegs_0_valid_i_5/O
                         net (fo=1, unplaced)         0.347    10.987    u_wb/defaultClockArea_cpu/unsignedDivider_3/IntIssueQueuePlugin_queue_6_payload_rRegs_0_valid_i_5_n_0
                         LUT6 (Prop_lut6_I0_O)        0.105    11.092 r  u_wb/defaultClockArea_cpu/unsignedDivider_3/IntIssueQueuePlugin_queue_6_payload_rRegs_0_valid_i_3/O
                         net (fo=1, unplaced)         0.347    11.439    u_wb/defaultClockArea_cpu/unsignedDivider_3/IntIssueQueuePlugin_queue_6_payload_rRegs_0_valid_i_3_n_0
                         LUT5 (Prop_lut5_I2_O)        0.105    11.544 r  u_wb/defaultClockArea_cpu/unsignedDivider_3/IntIssueQueuePlugin_queue_6_payload_rRegs_0_valid_i_1/O
                         net (fo=4, unplaced)         0.371    11.915    u_wb/defaultClockArea_cpu/unsignedDivider_3/RENAME_to_DISPATCH_PUSH_INDEXES_2_payload_reg[1]_rep
                         LUT5 (Prop_lut5_I0_O)        0.105    12.020 r  u_wb/defaultClockArea_cpu/unsignedDivider_3/IntIssueQueuePlugin_queue_4_payload_rRegs_0_valid_i_1/O
                         net (fo=1, unplaced)         0.000    12.020    u_wb/defaultClockArea_cpu/unsignedDivider_3_n_126
                         FDRE                                         r  u_wb/defaultClockArea_cpu/IntIssueQueuePlugin_queue_4_payload_rRegs_0_valid_reg/D
  -------------------------------------------------------------------    -------------------

                         (clock core_clock rise edge)
                                                     10.000    10.000 r  
                                                      0.000    10.000 r  aclk (IN)
                         net (fo=0)                   0.000    10.000    aclk
                         IBUF (Prop_ibuf_I_O)         0.751    10.751 r  aclk_IBUF_inst/O
                         net (fo=1, unplaced)         0.613    11.365    aclk_IBUF
                         BUFG (Prop_bufg_I_O)         0.077    11.442 r  aclk_IBUF_BUFG_inst/O
                         net (fo=17542, unplaced)     0.439    11.881    u_wb/defaultClockArea_cpu/aclk_IBUF_BUFG
                         FDRE                                         r  u_wb/defaultClockArea_cpu/IntIssueQueuePlugin_queue_4_payload_rRegs_0_valid_reg/C
                         clock pessimism              0.167    12.048    
                         clock uncertainty           -0.035    12.012    
                         FDRE (Setup_fdre_C_D)        0.029    12.041    u_wb/defaultClockArea_cpu/IntIssueQueuePlugin_queue_4_payload_rRegs_0_valid_reg
  -------------------------------------------------------------------
                         required time                         12.041    
                         arrival time                         -12.020    
  -------------------------------------------------------------------
                         slack                                  0.022    

Slack (MET) :             0.022ns  (required time - arrival time)
  Source:                 u_wb/defaultClockArea_axiBuffer/fifo/xpm_fifo_base_inst/xpm_fifo_rst_inst/gen_rst_cc.fifo_wr_rst_cc_reg[2]/C
                            (rising edge-triggered cell FDSE clocked by core_clock  {rise@0.000ns fall@5.000ns period=10.000ns})
  Destination:            u_wb/defaultClockArea_cpu/IntIssueQueuePlugin_queue_5_payload_rRegs_0_valid_reg/D
                            (rising edge-triggered cell FDRE clocked by core_clock  {rise@0.000ns fall@5.000ns period=10.000ns})
  Path Group:             core_clock
  Path Type:              Setup (Max at Slow Process Corner)
  Requirement:            10.000ns  (core_clock rise@10.000ns - core_clock rise@0.000ns)
  Data Path Delay:        9.827ns  (logic 2.501ns (25.450%)  route 7.326ns (74.550%))
  Logic Levels:           19  (LUT2=3 LUT3=1 LUT4=4 LUT5=6 LUT6=5)
  Clock Path Skew:        -0.145ns (DCD - SCD + CPR)
    Destination Clock Delay (DCD):    1.881ns = ( 11.881 - 10.000 ) 
    Source Clock Delay      (SCD):    2.193ns
    Clock Pessimism Removal (CPR):    0.167ns
  Clock Uncertainty:      0.035ns  ((TSJ^2 + TIJ^2)^1/2 + DJ) / 2 + PE
    Total System Jitter     (TSJ):    0.071ns
    Total Input Jitter      (TIJ):    0.000ns
    Discrete Jitter          (DJ):    0.000ns
    Phase Error              (PE):    0.000ns

    Location             Delay type                Incr(ns)  Path(ns)    Netlist Resource(s)
  -------------------------------------------------------------------    -------------------
                         (clock core_clock rise edge)
                                                      0.000     0.000 r  
                                                      0.000     0.000 r  aclk (IN)
                         net (fo=0)                   0.000     0.000    aclk
                         IBUF (Prop_ibuf_I_O)         0.882     0.882 r  aclk_IBUF_inst/O
                         net (fo=1, unplaced)         0.646     1.528    aclk_IBUF
                         BUFG (Prop_bufg_I_O)         0.081     1.609 r  aclk_IBUF_BUFG_inst/O
                         net (fo=17542, unplaced)     0.584     2.193    u_wb/defaultClockArea_axiBuffer/fifo/xpm_fifo_base_inst/xpm_fifo_rst_inst/wr_clk
                         FDSE                                         r  u_wb/defaultClockArea_axiBuffer/fifo/xpm_fifo_base_inst/xpm_fifo_rst_inst/gen_rst_cc.fifo_wr_rst_cc_reg[2]/C
  -------------------------------------------------------------------    -------------------
                         FDSE (Prop_fdse_C_Q)         0.379     2.572 r  u_wb/defaultClockArea_axiBuffer/fifo/xpm_fifo_base_inst/xpm_fifo_rst_inst/gen_rst_cc.fifo_wr_rst_cc_reg[2]/Q
                         net (fo=51, unplaced)        0.445     3.017    u_wb/defaultClockArea_axiBuffer/fifo/xpm_fifo_base_inst/xpm_fifo_rst_inst/Q[0]
                         LUT2 (Prop_lut2_I0_O)        0.232     3.249 r  u_wb/defaultClockArea_axiBuffer/fifo/xpm_fifo_base_inst/xpm_fifo_rst_inst/wr_rst_busy_INST_0/O
                         net (fo=144, unplaced)       0.456     3.705    u_wb/defaultClockArea_axiBuffer/fifo_rd_rst_busy
                         LUT2 (Prop_lut2_I0_O)        0.105     3.810 f  u_wb/defaultClockArea_axiBuffer/fifo_i_76/O
                         net (fo=2, unplaced)         0.358     4.168    u_wb/defaultClockArea_axiBuffer/fifo_i_76_n_0
                         LUT6 (Prop_lut6_I0_O)        0.105     4.273 r  u_wb/defaultClockArea_axiBuffer/fifo_i_73/O
                         net (fo=71, unplaced)        0.438     4.711    u_wb/defaultClockArea_axiBuffer/when_AxiBuffer_l81__1
                         LUT4 (Prop_lut4_I0_O)        0.105     4.816 r  u_wb/defaultClockArea_axiBuffer/fifo_i_1/O
                         net (fo=9, unplaced)         0.388     5.204    u_wb/defaultClockArea_cpu/DCachePlugin_infoRAM/wr_en
                         LUT3 (Prop_lut3_I0_O)        0.105     5.309 r  u_wb/defaultClockArea_cpu/DCachePlugin_infoRAM/MEM_MEM2_UncachedAccessPlugin_uncachedStoreFSM_regSTD_be[3]_i_2/O
                         net (fo=3, unplaced)         0.365     5.674    u_wb/defaultClockArea_cpu/DCachePlugin_infoRAM/p_8630_in
                         LUT5 (Prop_lut5_I4_O)        0.105     5.779 f  u_wb/defaultClockArea_cpu/DCachePlugin_infoRAM/MEM_WB_arbitration_isValid_i_6/O
                         net (fo=1, unplaced)         0.347     6.126    u_wb/defaultClockArea_cpu/DCachePlugin_infoRAM/MEM_MEM2_arbitration_haltItself
                         LUT5 (Prop_lut5_I1_O)        0.105     6.231 f  u_wb/defaultClockArea_cpu/DCachePlugin_infoRAM/MEM_WB_arbitration_isValid_i_4/O
                         net (fo=2, unplaced)         0.358     6.589    u_wb/defaultClockArea_cpu/DCachePlugin_infoRAM/FSM_sequential_MEM_MEM2_DCachePlugin_cacheRefillFSM_stateReg_reg[0]
                         LUT6 (Prop_lut6_I5_O)        0.105     6.694 f  u_wb/defaultClockArea_cpu/DCachePlugin_infoRAM/MEM_WB_arbitration_isValid_i_2/O
                         net (fo=27, unplaced)        0.414     7.108    u_wb/defaultClockArea_cpu/DCachePlugin_infoRAM_n_66
                         LUT6 (Prop_lut6_I0_O)        0.105     7.213 r  u_wb/defaultClockArea_cpu/MEM_ADDR_to_MEM_MEM1_MEMORY_WRITE_DATA[31]_i_1/O
                         net (fo=476, unplaced)       0.486     7.699    u_wb/defaultClockArea_cpu/MEM_MEM1_arbitration_notStuck
                         LUT5 (Prop_lut5_I4_O)        0.105     7.804 r  u_wb/defaultClockArea_cpu/MulDivIssueQueuePlugin_queue_2_payload_rRegs_1_valid_i_2/O
                         net (fo=45, unplaced)        0.427     8.231    u_wb/defaultClockArea_cpu/MemExecutePlugin_clrBusy_valid
                         LUT5 (Prop_lut5_I3_O)        0.105     8.336 r  u_wb/defaultClockArea_cpu/MulDivIssueQueuePlugin_queue_2_payload_rRegs_0_valid_i_56/O
                         net (fo=1, unplaced)         0.347     8.683    u_wb/defaultClockArea_cpu/MulDivIssueQueuePlugin_queue_2_payload_rRegs_0_valid_i_56_n_0
                         LUT4 (Prop_lut4_I2_O)        0.105     8.788 r  u_wb/defaultClockArea_cpu/MulDivIssueQueuePlugin_queue_2_payload_rRegs_0_valid_i_34/O
                         net (fo=1, unplaced)         0.347     9.135    u_wb/defaultClockArea_cpu/MulDivIssueQueuePlugin_queue_2_payload_rRegs_0_valid_i_34_n_0
                         LUT6 (Prop_lut6_I0_O)        0.105     9.240 r  u_wb/defaultClockArea_cpu/MulDivIssueQueuePlugin_queue_2_payload_rRegs_0_valid_i_13/O
                         net (fo=1, unplaced)         0.328     9.568    u_wb/defaultClockArea_cpu/unsignedDivider_3/IntIssueQueuePlugin_queue_6_payload_rRegs_0_valid_i_2_0
                         LUT4 (Prop_lut4_I0_O)        0.105     9.673 r  u_wb/defaultClockArea_cpu/unsignedDivider_3/MulDivIssueQueuePlugin_queue_2_payload_rRegs_0_valid_i_7/O
                         net (fo=5, unplaced)         0.375    10.048    u_wb/defaultClockArea_cpu/unsignedDivider_3/MulDivIssueQueuePlugin_queueIO_pushPorts_0_payload_rRegs_0_valid0
                         LUT5 (Prop_lut5_I4_O)        0.105    10.153 r  u_wb/defaultClockArea_cpu/unsignedDivider_3/IntIssueQueuePlugin_queue_0_payload_rRegs_0_valid_i_7/O
                         net (fo=7, unplaced)         0.382    10.535    u_wb/defaultClockArea_cpu/unsignedDivider_3/IntIssueQueuePlugin_queue_0_payload_rRegs_0_valid_i_7_n_0
                         LUT2 (Prop_lut2_I1_O)        0.105    10.640 r  u_wb/defaultClockArea_cpu/unsignedDivider_3/IntIssueQueuePlugin_queue_6_payload_rRegs_0_valid_i_5/O
                         net (fo=1, unplaced)         0.347    10.987    u_wb/defaultClockArea_cpu/unsignedDivider_3/IntIssueQueuePlugin_queue_6_payload_rRegs_0_valid_i_5_n_0
                         LUT6 (Prop_lut6_I0_O)        0.105    11.092 r  u_wb/defaultClockArea_cpu/unsignedDivider_3/IntIssueQueuePlugin_queue_6_payload_rRegs_0_valid_i_3/O
                         net (fo=1, unplaced)         0.347    11.439    u_wb/defaultClockArea_cpu/unsignedDivider_3/IntIssueQueuePlugin_queue_6_payload_rRegs_0_valid_i_3_n_0
                         LUT5 (Prop_lut5_I2_O)        0.105    11.544 r  u_wb/defaultClockArea_cpu/unsignedDivider_3/IntIssueQueuePlugin_queue_6_payload_rRegs_0_valid_i_1/O
                         net (fo=4, unplaced)         0.371    11.915    u_wb/defaultClockArea_cpu/unsignedDivider_3/RENAME_to_DISPATCH_PUSH_INDEXES_2_payload_reg[1]_rep
                         LUT4 (Prop_lut4_I2_O)        0.105    12.020 r  u_wb/defaultClockArea_cpu/unsignedDivider_3/IntIssueQueuePlugin_queue_5_payload_rRegs_0_valid_i_1/O
                         net (fo=1, unplaced)         0.000    12.020    u_wb/defaultClockArea_cpu/unsignedDivider_3_n_19
                         FDRE                                         r  u_wb/defaultClockArea_cpu/IntIssueQueuePlugin_queue_5_payload_rRegs_0_valid_reg/D
  -------------------------------------------------------------------    -------------------

                         (clock core_clock rise edge)
                                                     10.000    10.000 r  
                                                      0.000    10.000 r  aclk (IN)
                         net (fo=0)                   0.000    10.000    aclk
                         IBUF (Prop_ibuf_I_O)         0.751    10.751 r  aclk_IBUF_inst/O
                         net (fo=1, unplaced)         0.613    11.365    aclk_IBUF
                         BUFG (Prop_bufg_I_O)         0.077    11.442 r  aclk_IBUF_BUFG_inst/O
                         net (fo=17542, unplaced)     0.439    11.881    u_wb/defaultClockArea_cpu/aclk_IBUF_BUFG
                         FDRE                                         r  u_wb/defaultClockArea_cpu/IntIssueQueuePlugin_queue_5_payload_rRegs_0_valid_reg/C
                         clock pessimism              0.167    12.048    
                         clock uncertainty           -0.035    12.012    
                         FDRE (Setup_fdre_C_D)        0.029    12.041    u_wb/defaultClockArea_cpu/IntIssueQueuePlugin_queue_5_payload_rRegs_0_valid_reg
  -------------------------------------------------------------------
                         required time                         12.041    
                         arrival time                         -12.020    
  -------------------------------------------------------------------
                         slack                                  0.022    

Slack (MET) :             0.036ns  (required time - arrival time)
  Source:                 u_wb/defaultClockArea_cpu/MULDIV_RRD_to_MULDIV_EXE_ISSUE_SLOT_uop_signed_reg/C
                            (rising edge-triggered cell FDRE clocked by core_clock  {rise@0.000ns fall@5.000ns period=10.000ns})
  Destination:            u_wb/defaultClockArea_cpu/IntIssueQueuePlugin_queue_4_payload_rRegs_1_valid_reg/D
                            (rising edge-triggered cell FDRE clocked by core_clock  {rise@0.000ns fall@5.000ns period=10.000ns})
  Path Group:             core_clock
  Path Type:              Setup (Max at Slow Process Corner)
  Requirement:            10.000ns  (core_clock rise@10.000ns - core_clock rise@0.000ns)
  Data Path Delay:        9.813ns  (logic 3.295ns (33.578%)  route 6.518ns (66.422%))
  Logic Levels:           20  (CARRY4=6 LUT3=2 LUT4=3 LUT5=7 LUT6=2)
  Clock Path Skew:        -0.145ns (DCD - SCD + CPR)
    Destination Clock Delay (DCD):    1.881ns = ( 11.881 - 10.000 ) 
    Source Clock Delay      (SCD):    2.193ns
    Clock Pessimism Removal (CPR):    0.167ns
  Clock Uncertainty:      0.035ns  ((TSJ^2 + TIJ^2)^1/2 + DJ) / 2 + PE
    Total System Jitter     (TSJ):    0.071ns
    Total Input Jitter      (TIJ):    0.000ns
    Discrete Jitter          (DJ):    0.000ns
    Phase Error              (PE):    0.000ns

    Location             Delay type                Incr(ns)  Path(ns)    Netlist Resource(s)
  -------------------------------------------------------------------    -------------------
                         (clock core_clock rise edge)
                                                      0.000     0.000 r  
                                                      0.000     0.000 r  aclk (IN)
                         net (fo=0)                   0.000     0.000    aclk
                         IBUF (Prop_ibuf_I_O)         0.882     0.882 r  aclk_IBUF_inst/O
                         net (fo=1, unplaced)         0.646     1.528    aclk_IBUF
                         BUFG (Prop_bufg_I_O)         0.081     1.609 r  aclk_IBUF_BUFG_inst/O
                         net (fo=17542, unplaced)     0.584     2.193    u_wb/defaultClockArea_cpu/aclk_IBUF_BUFG
                         FDRE                                         r  u_wb/defaultClockArea_cpu/MULDIV_RRD_to_MULDIV_EXE_ISSUE_SLOT_uop_signed_reg/C
  -------------------------------------------------------------------    -------------------
                         FDRE (Prop_fdre_C_Q)         0.379     2.572 r  u_wb/defaultClockArea_cpu/MULDIV_RRD_to_MULDIV_EXE_ISSUE_SLOT_uop_signed_reg/Q
                         net (fo=64, unplaced)        0.687     3.259    u_wb/defaultClockArea_cpu/unsignedDivider_2/MULDIV_RRD_to_MULDIV_EXE_ISSUE_SLOT_uop_signed
                         LUT3 (Prop_lut3_I0_O)        0.252     3.511 r  u_wb/defaultClockArea_cpu/unsignedDivider_2/MULDIV_EXE_MulDivExecutePlugin_multiplier_i_45/O
                         net (fo=1, unplaced)         0.000     3.511    u_wb/defaultClockArea_cpu/unsignedDivider_2/MULDIV_EXE_MulDivExecutePlugin_multiplier_i_45_n_0
                         CARRY4 (Prop_carry4_DI[0]_CO[3])
                                                      0.477     3.988 r  u_wb/defaultClockArea_cpu/unsignedDivider_2/MULDIV_EXE_MulDivExecutePlugin_multiplier_i_8/CO[3]
                         net (fo=1, unplaced)         0.008     3.996    u_wb/defaultClockArea_cpu/unsignedDivider_2/MULDIV_EXE_MulDivExecutePlugin_multiplier_i_8_n_0
                         CARRY4 (Prop_carry4_CI_CO[3])
                                                      0.100     4.096 r  u_wb/defaultClockArea_cpu/unsignedDivider_2/MULDIV_EXE_MulDivExecutePlugin_multiplier_i_7/CO[3]
                         net (fo=1, unplaced)         0.000     4.096    u_wb/defaultClockArea_cpu/unsignedDivider_2/MULDIV_EXE_MulDivExecutePlugin_multiplier_i_7_n_0
                         CARRY4 (Prop_carry4_CI_CO[3])
                                                      0.100     4.196 r  u_wb/defaultClockArea_cpu/unsignedDivider_2/MULDIV_EXE_MulDivExecutePlugin_multiplier_i_6/CO[3]
                         net (fo=1, unplaced)         0.000     4.196    u_wb/defaultClockArea_cpu/unsignedDivider_2/MULDIV_EXE_MulDivExecutePlugin_multiplier_i_6_n_0
                         CARRY4 (Prop_carry4_CI_CO[3])
                                                      0.100     4.296 r  u_wb/defaultClockArea_cpu/unsignedDivider_2/MULDIV_EXE_MulDivExecutePlugin_multiplier_i_5/CO[3]
                         net (fo=1, unplaced)         0.000     4.296    u_wb/defaultClockArea_cpu/unsignedDivider_2/MULDIV_EXE_MulDivExecutePlugin_multiplier_i_5_n_0
                         CARRY4 (Prop_carry4_CI_CO[3])
                                                      0.100     4.396 r  u_wb/defaultClockArea_cpu/unsignedDivider_2/MULDIV_EXE_MulDivExecutePlugin_multiplier_i_4/CO[3]
                         net (fo=1, unplaced)         0.000     4.396    u_wb/defaultClockArea_cpu/unsignedDivider_2/MULDIV_EXE_MulDivExecutePlugin_multiplier_i_4_n_0
                         CARRY4 (Prop_carry4_CI_O[3])
                                                      0.277     4.673 f  u_wb/defaultClockArea_cpu/unsignedDivider_2/MULDIV_EXE_MulDivExecutePlugin_multiplier_i_3/O[3]
                         net (fo=3, unplaced)         0.668     5.341    u_wb/defaultClockArea_cpu/unsignedDivider_2/A[23]
                         LUT4 (Prop_lut4_I0_O)        0.250     5.591 r  u_wb/defaultClockArea_cpu/unsignedDivider_2/done_i_12/O
                         net (fo=1, unplaced)         0.347     5.938    u_wb/defaultClockArea_cpu/unsignedDivider_2/done_i_12_n_0
                         LUT5 (Prop_lut5_I4_O)        0.105     6.043 r  u_wb/defaultClockArea_cpu/unsignedDivider_2/done_i_8/O
                         net (fo=1, unplaced)         0.582     6.625    u_wb/defaultClockArea_cpu/unsignedDivider_2/done_i_8_n_0
                         LUT4 (Prop_lut4_I3_O)        0.105     6.730 r  u_wb/defaultClockArea_cpu/unsignedDivider_2/done_i_2/O
                         net (fo=67, unplaced)        0.437     7.167    u_wb/defaultClockArea_cpu/unsignedDivider_3/p_8703_in
                         LUT5 (Prop_lut5_I2_O)        0.105     7.272 f  u_wb/defaultClockArea_cpu/unsignedDivider_3/MulDivIssueQueuePlugin_queue_0_payload_robIdx[4]_i_3/O
                         net (fo=12, unplaced)        0.395     7.667    u_wb/defaultClockArea_cpu/unsignedDivider_3/MULDIV_EXE_arbitration_isStuck
                         LUT4 (Prop_lut4_I0_O)        0.105     7.772 r  u_wb/defaultClockArea_cpu/unsignedDivider_3/PhysRegFilePlugin_busys_0_i_21/O
                         net (fo=16, unplaced)        0.401     8.173    u_wb/defaultClockArea_cpu/unsignedDivider_3/MULDIV_EXE_MulDivExecutePlugin_wakeupCycle
                         LUT5 (Prop_lut5_I1_O)        0.105     8.278 r  u_wb/defaultClockArea_cpu/unsignedDivider_3/MulDivIssueQueuePlugin_queue_0_payload_rRegs_1_valid_i_28/O
                         net (fo=1, unplaced)         0.347     8.625    u_wb/defaultClockArea_cpu/unsignedDivider_3/MulDivIssueQueuePlugin_queue_0_payload_rRegs_1_valid_i_28_n_0
                         LUT5 (Prop_lut5_I0_O)        0.105     8.730 r  u_wb/defaultClockArea_cpu/unsignedDivider_3/MulDivIssueQueuePlugin_queue_0_payload_rRegs_1_valid_i_11/O
                         net (fo=1, unplaced)         0.347     9.077    u_wb/defaultClockArea_cpu/unsignedDivider_3/MulDivIssueQueuePlugin_queue_0_payload_rRegs_1_valid_i_11_n_0
                         LUT5 (Prop_lut5_I0_O)        0.105     9.182 r  u_wb/defaultClockArea_cpu/unsignedDivider_3/MulDivIssueQueuePlugin_queue_0_payload_rRegs_1_valid_i_5/O
                         net (fo=2, unplaced)         0.358     9.540    u_wb/defaultClockArea_cpu/unsignedDivider_3/MulDivIssueQueuePlugin_queue_0_payload_rRegs_1_valid_i_5_n_0
                         LUT3 (Prop_lut3_I0_O)        0.105     9.645 r  u_wb/defaultClockArea_cpu/unsignedDivider_3/MemIssueQueuePlugin_queue_0_payload_rRegs_1_valid_i_5/O
                         net (fo=4, unplaced)         0.371    10.016    u_wb/defaultClockArea_cpu/unsignedDivider_3/MemIssueQueuePlugin_queue_0_payload_rRegs_1_valid_i_5_n_0
                         LUT5 (Prop_lut5_I4_O)        0.105    10.121 r  u_wb/defaultClockArea_cpu/unsignedDivider_3/IntIssueQueuePlugin_queue_6_payload_rRegs_1_valid_i_8/O
                         net (fo=7, unplaced)         0.617    10.738    u_wb/defaultClockArea_cpu/unsignedDivider_3/IntIssueQueuePlugin_queue_6_payload_rRegs_1_valid_i_8_n_0
                         LUT6 (Prop_lut6_I2_O)        0.105    10.843 r  u_wb/defaultClockArea_cpu/unsignedDivider_3/IntIssueQueuePlugin_queue_4_payload_rRegs_1_valid_i_3/O
                         net (fo=1, unplaced)         0.347    11.190    u_wb/defaultClockArea_cpu/unsignedDivider_3/IntIssueQueuePlugin_queue_4_payload_rRegs_1_valid_i_3_n_0
                         LUT6 (Prop_lut6_I0_O)        0.105    11.295 r  u_wb/defaultClockArea_cpu/unsignedDivider_3/IntIssueQueuePlugin_queue_4_payload_rRegs_1_valid_i_2/O
                         net (fo=4, unplaced)         0.606    11.901    u_wb/defaultClockArea_cpu/unsignedDivider_3/IntIssueQueuePlugin_queue_4_payload_rRegs_1_valid_i_2_n_0
                         LUT5 (Prop_lut5_I1_O)        0.105    12.006 r  u_wb/defaultClockArea_cpu/unsignedDivider_3/IntIssueQueuePlugin_queue_4_payload_rRegs_1_valid_i_1/O
                         net (fo=1, unplaced)         0.000    12.006    u_wb/defaultClockArea_cpu/unsignedDivider_3_n_195
                         FDRE                                         r  u_wb/defaultClockArea_cpu/IntIssueQueuePlugin_queue_4_payload_rRegs_1_valid_reg/D
  -------------------------------------------------------------------    -------------------

                         (clock core_clock rise edge)
                                                     10.000    10.000 r  
                                                      0.000    10.000 r  aclk (IN)
                         net (fo=0)                   0.000    10.000    aclk
                         IBUF (Prop_ibuf_I_O)         0.751    10.751 r  aclk_IBUF_inst/O
                         net (fo=1, unplaced)         0.613    11.365    aclk_IBUF
                         BUFG (Prop_bufg_I_O)         0.077    11.442 r  aclk_IBUF_BUFG_inst/O
                         net (fo=17542, unplaced)     0.439    11.881    u_wb/defaultClockArea_cpu/aclk_IBUF_BUFG
                         FDRE                                         r  u_wb/defaultClockArea_cpu/IntIssueQueuePlugin_queue_4_payload_rRegs_1_valid_reg/C
                         clock pessimism              0.167    12.048    
                         clock uncertainty           -0.035    12.012    
                         FDRE (Setup_fdre_C_D)        0.029    12.041    u_wb/defaultClockArea_cpu/IntIssueQueuePlugin_queue_4_payload_rRegs_1_valid_reg
  -------------------------------------------------------------------
                         required time                         12.041    
                         arrival time                         -12.006    
  -------------------------------------------------------------------
                         slack                                  0.036    

Slack (MET) :             0.271ns  (required time - arrival time)
  Source:                 u_wb/defaultClockArea_cpu/MULDIV_RRD_to_MULDIV_EXE_ISSUE_SLOT_uop_signed_reg/C
                            (rising edge-triggered cell FDRE clocked by core_clock  {rise@0.000ns fall@5.000ns period=10.000ns})
  Destination:            u_wb/defaultClockArea_cpu/IntIssueQueuePlugin_queue_5_payload_rRegs_1_valid_reg/D
                            (rising edge-triggered cell FDRE clocked by core_clock  {rise@0.000ns fall@5.000ns period=10.000ns})
  Path Group:             core_clock
  Path Type:              Setup (Max at Slow Process Corner)
  Requirement:            10.000ns  (core_clock rise@10.000ns - core_clock rise@0.000ns)
  Data Path Delay:        9.578ns  (logic 3.295ns (34.402%)  route 6.283ns (65.598%))
  Logic Levels:           20  (CARRY4=6 LUT3=2 LUT4=4 LUT5=6 LUT6=2)
  Clock Path Skew:        -0.145ns (DCD - SCD + CPR)
    Destination Clock Delay (DCD):    1.881ns = ( 11.881 - 10.000 ) 
    Source Clock Delay      (SCD):    2.193ns
    Clock Pessimism Removal (CPR):    0.167ns
  Clock Uncertainty:      0.035ns  ((TSJ^2 + TIJ^2)^1/2 + DJ) / 2 + PE
    Total System Jitter     (TSJ):    0.071ns
    Total Input Jitter      (TIJ):    0.000ns
    Discrete Jitter          (DJ):    0.000ns
    Phase Error              (PE):    0.000ns

    Location             Delay type                Incr(ns)  Path(ns)    Netlist Resource(s)
  -------------------------------------------------------------------    -------------------
                         (clock core_clock rise edge)
                                                      0.000     0.000 r  
                                                      0.000     0.000 r  aclk (IN)
                         net (fo=0)                   0.000     0.000    aclk
                         IBUF (Prop_ibuf_I_O)         0.882     0.882 r  aclk_IBUF_inst/O
                         net (fo=1, unplaced)         0.646     1.528    aclk_IBUF
                         BUFG (Prop_bufg_I_O)         0.081     1.609 r  aclk_IBUF_BUFG_inst/O
                         net (fo=17542, unplaced)     0.584     2.193    u_wb/defaultClockArea_cpu/aclk_IBUF_BUFG
                         FDRE                                         r  u_wb/defaultClockArea_cpu/MULDIV_RRD_to_MULDIV_EXE_ISSUE_SLOT_uop_signed_reg/C
  -------------------------------------------------------------------    -------------------
                         FDRE (Prop_fdre_C_Q)         0.379     2.572 r  u_wb/defaultClockArea_cpu/MULDIV_RRD_to_MULDIV_EXE_ISSUE_SLOT_uop_signed_reg/Q
                         net (fo=64, unplaced)        0.687     3.259    u_wb/defaultClockArea_cpu/unsignedDivider_2/MULDIV_RRD_to_MULDIV_EXE_ISSUE_SLOT_uop_signed
                         LUT3 (Prop_lut3_I0_O)        0.252     3.511 r  u_wb/defaultClockArea_cpu/unsignedDivider_2/MULDIV_EXE_MulDivExecutePlugin_multiplier_i_45/O
                         net (fo=1, unplaced)         0.000     3.511    u_wb/defaultClockArea_cpu/unsignedDivider_2/MULDIV_EXE_MulDivExecutePlugin_multiplier_i_45_n_0
                         CARRY4 (Prop_carry4_DI[0]_CO[3])
                                                      0.477     3.988 r  u_wb/defaultClockArea_cpu/unsignedDivider_2/MULDIV_EXE_MulDivExecutePlugin_multiplier_i_8/CO[3]
                         net (fo=1, unplaced)         0.008     3.996    u_wb/defaultClockArea_cpu/unsignedDivider_2/MULDIV_EXE_MulDivExecutePlugin_multiplier_i_8_n_0
                         CARRY4 (Prop_carry4_CI_CO[3])
                                                      0.100     4.096 r  u_wb/defaultClockArea_cpu/unsignedDivider_2/MULDIV_EXE_MulDivExecutePlugin_multiplier_i_7/CO[3]
                         net (fo=1, unplaced)         0.000     4.096    u_wb/defaultClockArea_cpu/unsignedDivider_2/MULDIV_EXE_MulDivExecutePlugin_multiplier_i_7_n_0
                         CARRY4 (Prop_carry4_CI_CO[3])
                                                      0.100     4.196 r  u_wb/defaultClockArea_cpu/unsignedDivider_2/MULDIV_EXE_MulDivExecutePlugin_multiplier_i_6/CO[3]
                         net (fo=1, unplaced)         0.000     4.196    u_wb/defaultClockArea_cpu/unsignedDivider_2/MULDIV_EXE_MulDivExecutePlugin_multiplier_i_6_n_0
                         CARRY4 (Prop_carry4_CI_CO[3])
                                                      0.100     4.296 r  u_wb/defaultClockArea_cpu/unsignedDivider_2/MULDIV_EXE_MulDivExecutePlugin_multiplier_i_5/CO[3]
                         net (fo=1, unplaced)         0.000     4.296    u_wb/defaultClockArea_cpu/unsignedDivider_2/MULDIV_EXE_MulDivExecutePlugin_multiplier_i_5_n_0
                         CARRY4 (Prop_carry4_CI_CO[3])
                                                      0.100     4.396 r  u_wb/defaultClockArea_cpu/unsignedDivider_2/MULDIV_EXE_MulDivExecutePlugin_multiplier_i_4/CO[3]
                         net (fo=1, unplaced)         0.000     4.396    u_wb/defaultClockArea_cpu/unsignedDivider_2/MULDIV_EXE_MulDivExecutePlugin_multiplier_i_4_n_0
                         CARRY4 (Prop_carry4_CI_O[3])
                                                      0.277     4.673 f  u_wb/defaultClockArea_cpu/unsignedDivider_2/MULDIV_EXE_MulDivExecutePlugin_multiplier_i_3/O[3]
                         net (fo=3, unplaced)         0.668     5.341    u_wb/defaultClockArea_cpu/unsignedDivider_2/A[23]
                         LUT4 (Prop_lut4_I0_O)        0.250     5.591 r  u_wb/defaultClockArea_cpu/unsignedDivider_2/done_i_12/O
                         net (fo=1, unplaced)         0.347     5.938    u_wb/defaultClockArea_cpu/unsignedDivider_2/done_i_12_n_0
                         LUT5 (Prop_lut5_I4_O)        0.105     6.043 r  u_wb/defaultClockArea_cpu/unsignedDivider_2/done_i_8/O
                         net (fo=1, unplaced)         0.582     6.625    u_wb/defaultClockArea_cpu/unsignedDivider_2/done_i_8_n_0
                         LUT4 (Prop_lut4_I3_O)        0.105     6.730 r  u_wb/defaultClockArea_cpu/unsignedDivider_2/done_i_2/O
                         net (fo=67, unplaced)        0.437     7.167    u_wb/defaultClockArea_cpu/unsignedDivider_3/p_8703_in
                         LUT5 (Prop_lut5_I2_O)        0.105     7.272 f  u_wb/defaultClockArea_cpu/unsignedDivider_3/MulDivIssueQueuePlugin_queue_0_payload_robIdx[4]_i_3/O
                         net (fo=12, unplaced)        0.395     7.667    u_wb/defaultClockArea_cpu/unsignedDivider_3/MULDIV_EXE_arbitration_isStuck
                         LUT4 (Prop_lut4_I0_O)        0.105     7.772 r  u_wb/defaultClockArea_cpu/unsignedDivider_3/PhysRegFilePlugin_busys_0_i_21/O
                         net (fo=16, unplaced)        0.401     8.173    u_wb/defaultClockArea_cpu/unsignedDivider_3/MULDIV_EXE_MulDivExecutePlugin_wakeupCycle
                         LUT5 (Prop_lut5_I1_O)        0.105     8.278 r  u_wb/defaultClockArea_cpu/unsignedDivider_3/MulDivIssueQueuePlugin_queue_0_payload_rRegs_1_valid_i_28/O
                         net (fo=1, unplaced)         0.347     8.625    u_wb/defaultClockArea_cpu/unsignedDivider_3/MulDivIssueQueuePlugin_queue_0_payload_rRegs_1_valid_i_28_n_0
                         LUT5 (Prop_lut5_I0_O)        0.105     8.730 r  u_wb/defaultClockArea_cpu/unsignedDivider_3/MulDivIssueQueuePlugin_queue_0_payload_rRegs_1_valid_i_11/O
                         net (fo=1, unplaced)         0.347     9.077    u_wb/defaultClockArea_cpu/unsignedDivider_3/MulDivIssueQueuePlugin_queue_0_payload_rRegs_1_valid_i_11_n_0
                         LUT5 (Prop_lut5_I0_O)        0.105     9.182 r  u_wb/defaultClockArea_cpu/unsignedDivider_3/MulDivIssueQueuePlugin_queue_0_payload_rRegs_1_valid_i_5/O
                         net (fo=2, unplaced)         0.358     9.540    u_wb/defaultClockArea_cpu/unsignedDivider_3/MulDivIssueQueuePlugin_queue_0_payload_rRegs_1_valid_i_5_n_0
                         LUT3 (Prop_lut3_I0_O)        0.105     9.645 r  u_wb/defaultClockArea_cpu/unsignedDivider_3/MemIssueQueuePlugin_queue_0_payload_rRegs_1_valid_i_5/O
                         net (fo=4, unplaced)         0.371    10.016    u_wb/defaultClockArea_cpu/unsignedDivider_3/MemIssueQueuePlugin_queue_0_payload_rRegs_1_valid_i_5_n_0
                         LUT5 (Prop_lut5_I4_O)        0.105    10.121 r  u_wb/defaultClockArea_cpu/unsignedDivider_3/IntIssueQueuePlugin_queue_6_payload_rRegs_1_valid_i_8/O
                         net (fo=7, unplaced)         0.617    10.738    u_wb/defaultClockArea_cpu/unsignedDivider_3/IntIssueQueuePlugin_queue_6_payload_rRegs_1_valid_i_8_n_0
                         LUT6 (Prop_lut6_I2_O)        0.105    10.843 r  u_wb/defaultClockArea_cpu/unsignedDivider_3/IntIssueQueuePlugin_queue_5_payload_rRegs_1_valid_i_3/O
                         net (fo=1, unplaced)         0.347    11.190    u_wb/defaultClockArea_cpu/unsignedDivider_3/IntIssueQueuePlugin_queue_5_payload_rRegs_1_valid_i_3_n_0
                         LUT6 (Prop_lut6_I0_O)        0.105    11.295 r  u_wb/defaultClockArea_cpu/unsignedDivider_3/IntIssueQueuePlugin_queue_5_payload_rRegs_1_valid_i_2/O
                         net (fo=4, unplaced)         0.371    11.666    u_wb/defaultClockArea_cpu/unsignedDivider_3/IntIssueQueuePlugin_queue_5_payload_rRegs_1_valid_i_2_n_0
                         LUT4 (Prop_lut4_I3_O)        0.105    11.771 r  u_wb/defaultClockArea_cpu/unsignedDivider_3/IntIssueQueuePlugin_queue_5_payload_rRegs_1_valid_i_1/O
                         net (fo=1, unplaced)         0.000    11.771    u_wb/defaultClockArea_cpu/unsignedDivider_3_n_1
                         FDRE                                         r  u_wb/defaultClockArea_cpu/IntIssueQueuePlugin_queue_5_payload_rRegs_1_valid_reg/D
  -------------------------------------------------------------------    -------------------

                         (clock core_clock rise edge)
                                                     10.000    10.000 r  
                                                      0.000    10.000 r  aclk (IN)
                         net (fo=0)                   0.000    10.000    aclk
                         IBUF (Prop_ibuf_I_O)         0.751    10.751 r  aclk_IBUF_inst/O
                         net (fo=1, unplaced)         0.613    11.365    aclk_IBUF
                         BUFG (Prop_bufg_I_O)         0.077    11.442 r  aclk_IBUF_BUFG_inst/O
                         net (fo=17542, unplaced)     0.439    11.881    u_wb/defaultClockArea_cpu/aclk_IBUF_BUFG
                         FDRE                                         r  u_wb/defaultClockArea_cpu/IntIssueQueuePlugin_queue_5_payload_rRegs_1_valid_reg/C
                         clock pessimism              0.167    12.048    
                         clock uncertainty           -0.035    12.012    
                         FDRE (Setup_fdre_C_D)        0.029    12.041    u_wb/defaultClockArea_cpu/IntIssueQueuePlugin_queue_5_payload_rRegs_1_valid_reg
  -------------------------------------------------------------------
                         required time                         12.041    
                         arrival time                         -11.771    
  -------------------------------------------------------------------
                         slack                                  0.271    

Slack (MET) :             0.494ns  (required time - arrival time)
  Source:                 u_wb/defaultClockArea_axiBuffer/fifo/xpm_fifo_base_inst/xpm_fifo_rst_inst/gen_rst_cc.fifo_wr_rst_cc_reg[2]/C
                            (rising edge-triggered cell FDSE clocked by core_clock  {rise@0.000ns fall@5.000ns period=10.000ns})
  Destination:            u_wb/defaultClockArea_cpu/MemIssueQueuePlugin_queue_0_payload_rRegs_0_valid_reg/D
                            (rising edge-triggered cell FDRE clocked by core_clock  {rise@0.000ns fall@5.000ns period=10.000ns})
  Path Group:             core_clock
  Path Type:              Setup (Max at Slow Process Corner)
  Requirement:            10.000ns  (core_clock rise@10.000ns - core_clock rise@0.000ns)
  Data Path Delay:        9.355ns  (logic 2.396ns (25.612%)  route 6.959ns (74.388%))
  Logic Levels:           18  (LUT2=2 LUT3=2 LUT4=3 LUT5=5 LUT6=6)
  Clock Path Skew:        -0.145ns (DCD - SCD + CPR)
    Destination Clock Delay (DCD):    1.881ns = ( 11.881 - 10.000 ) 
    Source Clock Delay      (SCD):    2.193ns
    Clock Pessimism Removal (CPR):    0.167ns
  Clock Uncertainty:      0.035ns  ((TSJ^2 + TIJ^2)^1/2 + DJ) / 2 + PE
    Total System Jitter     (TSJ):    0.071ns
    Total Input Jitter      (TIJ):    0.000ns
    Discrete Jitter          (DJ):    0.000ns
    Phase Error              (PE):    0.000ns

    Location             Delay type                Incr(ns)  Path(ns)    Netlist Resource(s)
  -------------------------------------------------------------------    -------------------
                         (clock core_clock rise edge)
                                                      0.000     0.000 r  
                                                      0.000     0.000 r  aclk (IN)
                         net (fo=0)                   0.000     0.000    aclk
                         IBUF (Prop_ibuf_I_O)         0.882     0.882 r  aclk_IBUF_inst/O
                         net (fo=1, unplaced)         0.646     1.528    aclk_IBUF
                         BUFG (Prop_bufg_I_O)         0.081     1.609 r  aclk_IBUF_BUFG_inst/O
                         net (fo=17542, unplaced)     0.584     2.193    u_wb/defaultClockArea_axiBuffer/fifo/xpm_fifo_base_inst/xpm_fifo_rst_inst/wr_clk
                         FDSE                                         r  u_wb/defaultClockArea_axiBuffer/fifo/xpm_fifo_base_inst/xpm_fifo_rst_inst/gen_rst_cc.fifo_wr_rst_cc_reg[2]/C
  -------------------------------------------------------------------    -------------------
                         FDSE (Prop_fdse_C_Q)         0.379     2.572 r  u_wb/defaultClockArea_axiBuffer/fifo/xpm_fifo_base_inst/xpm_fifo_rst_inst/gen_rst_cc.fifo_wr_rst_cc_reg[2]/Q
                         net (fo=51, unplaced)        0.445     3.017    u_wb/defaultClockArea_axiBuffer/fifo/xpm_fifo_base_inst/xpm_fifo_rst_inst/Q[0]
                         LUT2 (Prop_lut2_I0_O)        0.232     3.249 r  u_wb/defaultClockArea_axiBuffer/fifo/xpm_fifo_base_inst/xpm_fifo_rst_inst/wr_rst_busy_INST_0/O
                         net (fo=144, unplaced)       0.456     3.705    u_wb/defaultClockArea_axiBuffer/fifo_rd_rst_busy
                         LUT2 (Prop_lut2_I0_O)        0.105     3.810 f  u_wb/defaultClockArea_axiBuffer/fifo_i_76/O
                         net (fo=2, unplaced)         0.358     4.168    u_wb/defaultClockArea_axiBuffer/fifo_i_76_n_0
                         LUT6 (Prop_lut6_I0_O)        0.105     4.273 r  u_wb/defaultClockArea_axiBuffer/fifo_i_73/O
                         net (fo=71, unplaced)        0.438     4.711    u_wb/defaultClockArea_axiBuffer/when_AxiBuffer_l81__1
                         LUT4 (Prop_lut4_I0_O)        0.105     4.816 r  u_wb/defaultClockArea_axiBuffer/fifo_i_1/O
                         net (fo=9, unplaced)         0.388     5.204    u_wb/defaultClockArea_cpu/DCachePlugin_infoRAM/wr_en
                         LUT3 (Prop_lut3_I0_O)        0.105     5.309 r  u_wb/defaultClockArea_cpu/DCachePlugin_infoRAM/MEM_MEM2_UncachedAccessPlugin_uncachedStoreFSM_regSTD_be[3]_i_2/O
                         net (fo=3, unplaced)         0.365     5.674    u_wb/defaultClockArea_cpu/DCachePlugin_infoRAM/p_8630_in
                         LUT5 (Prop_lut5_I4_O)        0.105     5.779 f  u_wb/defaultClockArea_cpu/DCachePlugin_infoRAM/MEM_WB_arbitration_isValid_i_6/O
                         net (fo=1, unplaced)         0.347     6.126    u_wb/defaultClockArea_cpu/DCachePlugin_infoRAM/MEM_MEM2_arbitration_haltItself
                         LUT5 (Prop_lut5_I1_O)        0.105     6.231 f  u_wb/defaultClockArea_cpu/DCachePlugin_infoRAM/MEM_WB_arbitration_isValid_i_4/O
                         net (fo=2, unplaced)         0.358     6.589    u_wb/defaultClockArea_cpu/DCachePlugin_infoRAM/FSM_sequential_MEM_MEM2_DCachePlugin_cacheRefillFSM_stateReg_reg[0]
                         LUT6 (Prop_lut6_I5_O)        0.105     6.694 f  u_wb/defaultClockArea_cpu/DCachePlugin_infoRAM/MEM_WB_arbitration_isValid_i_2/O
                         net (fo=27, unplaced)        0.414     7.108    u_wb/defaultClockArea_cpu/DCachePlugin_infoRAM_n_66
                         LUT6 (Prop_lut6_I0_O)        0.105     7.213 r  u_wb/defaultClockArea_cpu/MEM_ADDR_to_MEM_MEM1_MEMORY_WRITE_DATA[31]_i_1/O
                         net (fo=476, unplaced)       0.486     7.699    u_wb/defaultClockArea_cpu/MEM_MEM1_arbitration_notStuck
                         LUT5 (Prop_lut5_I4_O)        0.105     7.804 r  u_wb/defaultClockArea_cpu/MulDivIssueQueuePlugin_queue_2_payload_rRegs_1_valid_i_2/O
                         net (fo=45, unplaced)        0.427     8.231    u_wb/defaultClockArea_cpu/MemExecutePlugin_clrBusy_valid
                         LUT5 (Prop_lut5_I3_O)        0.105     8.336 r  u_wb/defaultClockArea_cpu/MulDivIssueQueuePlugin_queue_2_payload_rRegs_0_valid_i_56/O
                         net (fo=1, unplaced)         0.347     8.683    u_wb/defaultClockArea_cpu/MulDivIssueQueuePlugin_queue_2_payload_rRegs_0_valid_i_56_n_0
                         LUT4 (Prop_lut4_I2_O)        0.105     8.788 r  u_wb/defaultClockArea_cpu/MulDivIssueQueuePlugin_queue_2_payload_rRegs_0_valid_i_34/O
                         net (fo=1, unplaced)         0.347     9.135    u_wb/defaultClockArea_cpu/MulDivIssueQueuePlugin_queue_2_payload_rRegs_0_valid_i_34_n_0
                         LUT6 (Prop_lut6_I0_O)        0.105     9.240 r  u_wb/defaultClockArea_cpu/MulDivIssueQueuePlugin_queue_2_payload_rRegs_0_valid_i_13/O
                         net (fo=1, unplaced)         0.328     9.568    u_wb/defaultClockArea_cpu/unsignedDivider_3/IntIssueQueuePlugin_queue_6_payload_rRegs_0_valid_i_2_0
                         LUT4 (Prop_lut4_I0_O)        0.105     9.673 r  u_wb/defaultClockArea_cpu/unsignedDivider_3/MulDivIssueQueuePlugin_queue_2_payload_rRegs_0_valid_i_7/O
                         net (fo=5, unplaced)         0.375    10.048    u_wb/defaultClockArea_cpu/unsignedDivider_3/MulDivIssueQueuePlugin_queueIO_pushPorts_0_payload_rRegs_0_valid0
                         LUT5 (Prop_lut5_I4_O)        0.105    10.153 r  u_wb/defaultClockArea_cpu/unsignedDivider_3/MemIssueQueuePlugin_queue_4_payload_rRegs_0_valid_i_4/O
                         net (fo=5, unplaced)         0.375    10.528    u_wb/defaultClockArea_cpu/unsignedDivider_3/MemIssueQueuePlugin_queueIO_pushPorts_0_payload_rRegs_0_valid
                         LUT3 (Prop_lut3_I2_O)        0.105    10.633 r  u_wb/defaultClockArea_cpu/unsignedDivider_3/MemIssueQueuePlugin_queue_1_payload_rRegs_0_valid_i_3/O
                         net (fo=1, unplaced)         0.347    10.980    u_wb/defaultClockArea_cpu/unsignedDivider_3/MemIssueQueuePlugin_queue_1_payload_rRegs_0_valid_i_3_n_0
                         LUT6 (Prop_lut6_I0_O)        0.105    11.085 r  u_wb/defaultClockArea_cpu/unsignedDivider_3/MemIssueQueuePlugin_queue_1_payload_rRegs_0_valid_i_2/O
                         net (fo=2, unplaced)         0.358    11.443    u_wb/defaultClockArea_cpu/unsignedDivider_3/MemIssueQueuePlugin_queue_1_payload_rRegs_0_valid_i_2_n_0
                         LUT6 (Prop_lut6_I1_O)        0.105    11.548 r  u_wb/defaultClockArea_cpu/unsignedDivider_3/MemIssueQueuePlugin_queue_0_payload_rRegs_0_valid_i_1/O
                         net (fo=1, unplaced)         0.000    11.548    u_wb/defaultClockArea_cpu/unsignedDivider_3_n_22
                         FDRE                                         r  u_wb/defaultClockArea_cpu/MemIssueQueuePlugin_queue_0_payload_rRegs_0_valid_reg/D
  -------------------------------------------------------------------    -------------------

                         (clock core_clock rise edge)
                                                     10.000    10.000 r  
                                                      0.000    10.000 r  aclk (IN)
                         net (fo=0)                   0.000    10.000    aclk
                         IBUF (Prop_ibuf_I_O)         0.751    10.751 r  aclk_IBUF_inst/O
                         net (fo=1, unplaced)         0.613    11.365    aclk_IBUF
                         BUFG (Prop_bufg_I_O)         0.077    11.442 r  aclk_IBUF_BUFG_inst/O
                         net (fo=17542, unplaced)     0.439    11.881    u_wb/defaultClockArea_cpu/aclk_IBUF_BUFG
                         FDRE                                         r  u_wb/defaultClockArea_cpu/MemIssueQueuePlugin_queue_0_payload_rRegs_0_valid_reg/C
                         clock pessimism              0.167    12.048    
                         clock uncertainty           -0.035    12.012    
                         FDRE (Setup_fdre_C_D)        0.029    12.041    u_wb/defaultClockArea_cpu/MemIssueQueuePlugin_queue_0_payload_rRegs_0_valid_reg
  -------------------------------------------------------------------
                         required time                         12.041    
                         arrival time                         -11.548    
  -------------------------------------------------------------------
                         slack                                  0.494    

Slack (MET) :             0.494ns  (required time - arrival time)
  Source:                 u_wb/defaultClockArea_axiBuffer/fifo/xpm_fifo_base_inst/xpm_fifo_rst_inst/gen_rst_cc.fifo_wr_rst_cc_reg[2]/C
                            (rising edge-triggered cell FDSE clocked by core_clock  {rise@0.000ns fall@5.000ns period=10.000ns})
  Destination:            u_wb/defaultClockArea_cpu/MemIssueQueuePlugin_queue_1_payload_rRegs_0_valid_reg/D
                            (rising edge-triggered cell FDRE clocked by core_clock  {rise@0.000ns fall@5.000ns period=10.000ns})
  Path Group:             core_clock
  Path Type:              Setup (Max at Slow Process Corner)
  Requirement:            10.000ns  (core_clock rise@10.000ns - core_clock rise@0.000ns)
  Data Path Delay:        9.355ns  (logic 2.396ns (25.612%)  route 6.959ns (74.388%))
  Logic Levels:           18  (LUT2=2 LUT3=2 LUT4=4 LUT5=5 LUT6=5)
  Clock Path Skew:        -0.145ns (DCD - SCD + CPR)
    Destination Clock Delay (DCD):    1.881ns = ( 11.881 - 10.000 ) 
    Source Clock Delay      (SCD):    2.193ns
    Clock Pessimism Removal (CPR):    0.167ns
  Clock Uncertainty:      0.035ns  ((TSJ^2 + TIJ^2)^1/2 + DJ) / 2 + PE
    Total System Jitter     (TSJ):    0.071ns
    Total Input Jitter      (TIJ):    0.000ns
    Discrete Jitter          (DJ):    0.000ns
    Phase Error              (PE):    0.000ns

    Location             Delay type                Incr(ns)  Path(ns)    Netlist Resource(s)
  -------------------------------------------------------------------    -------------------
                         (clock core_clock rise edge)
                                                      0.000     0.000 r  
                                                      0.000     0.000 r  aclk (IN)
                         net (fo=0)                   0.000     0.000    aclk
                         IBUF (Prop_ibuf_I_O)         0.882     0.882 r  aclk_IBUF_inst/O
                         net (fo=1, unplaced)         0.646     1.528    aclk_IBUF
                         BUFG (Prop_bufg_I_O)         0.081     1.609 r  aclk_IBUF_BUFG_inst/O
                         net (fo=17542, unplaced)     0.584     2.193    u_wb/defaultClockArea_axiBuffer/fifo/xpm_fifo_base_inst/xpm_fifo_rst_inst/wr_clk
                         FDSE                                         r  u_wb/defaultClockArea_axiBuffer/fifo/xpm_fifo_base_inst/xpm_fifo_rst_inst/gen_rst_cc.fifo_wr_rst_cc_reg[2]/C
  -------------------------------------------------------------------    -------------------
                         FDSE (Prop_fdse_C_Q)         0.379     2.572 r  u_wb/defaultClockArea_axiBuffer/fifo/xpm_fifo_base_inst/xpm_fifo_rst_inst/gen_rst_cc.fifo_wr_rst_cc_reg[2]/Q
                         net (fo=51, unplaced)        0.445     3.017    u_wb/defaultClockArea_axiBuffer/fifo/xpm_fifo_base_inst/xpm_fifo_rst_inst/Q[0]
                         LUT2 (Prop_lut2_I0_O)        0.232     3.249 r  u_wb/defaultClockArea_axiBuffer/fifo/xpm_fifo_base_inst/xpm_fifo_rst_inst/wr_rst_busy_INST_0/O
                         net (fo=144, unplaced)       0.456     3.705    u_wb/defaultClockArea_axiBuffer/fifo_rd_rst_busy
                         LUT2 (Prop_lut2_I0_O)        0.105     3.810 f  u_wb/defaultClockArea_axiBuffer/fifo_i_76/O
                         net (fo=2, unplaced)         0.358     4.168    u_wb/defaultClockArea_axiBuffer/fifo_i_76_n_0
                         LUT6 (Prop_lut6_I0_O)        0.105     4.273 r  u_wb/defaultClockArea_axiBuffer/fifo_i_73/O
                         net (fo=71, unplaced)        0.438     4.711    u_wb/defaultClockArea_axiBuffer/when_AxiBuffer_l81__1
                         LUT4 (Prop_lut4_I0_O)        0.105     4.816 r  u_wb/defaultClockArea_axiBuffer/fifo_i_1/O
                         net (fo=9, unplaced)         0.388     5.204    u_wb/defaultClockArea_cpu/DCachePlugin_infoRAM/wr_en
                         LUT3 (Prop_lut3_I0_O)        0.105     5.309 r  u_wb/defaultClockArea_cpu/DCachePlugin_infoRAM/MEM_MEM2_UncachedAccessPlugin_uncachedStoreFSM_regSTD_be[3]_i_2/O
                         net (fo=3, unplaced)         0.365     5.674    u_wb/defaultClockArea_cpu/DCachePlugin_infoRAM/p_8630_in
                         LUT5 (Prop_lut5_I4_O)        0.105     5.779 f  u_wb/defaultClockArea_cpu/DCachePlugin_infoRAM/MEM_WB_arbitration_isValid_i_6/O
                         net (fo=1, unplaced)         0.347     6.126    u_wb/defaultClockArea_cpu/DCachePlugin_infoRAM/MEM_MEM2_arbitration_haltItself
                         LUT5 (Prop_lut5_I1_O)        0.105     6.231 f  u_wb/defaultClockArea_cpu/DCachePlugin_infoRAM/MEM_WB_arbitration_isValid_i_4/O
                         net (fo=2, unplaced)         0.358     6.589    u_wb/defaultClockArea_cpu/DCachePlugin_infoRAM/FSM_sequential_MEM_MEM2_DCachePlugin_cacheRefillFSM_stateReg_reg[0]
                         LUT6 (Prop_lut6_I5_O)        0.105     6.694 f  u_wb/defaultClockArea_cpu/DCachePlugin_infoRAM/MEM_WB_arbitration_isValid_i_2/O
                         net (fo=27, unplaced)        0.414     7.108    u_wb/defaultClockArea_cpu/DCachePlugin_infoRAM_n_66
                         LUT6 (Prop_lut6_I0_O)        0.105     7.213 r  u_wb/defaultClockArea_cpu/MEM_ADDR_to_MEM_MEM1_MEMORY_WRITE_DATA[31]_i_1/O
                         net (fo=476, unplaced)       0.486     7.699    u_wb/defaultClockArea_cpu/MEM_MEM1_arbitration_notStuck
                         LUT5 (Prop_lut5_I4_O)        0.105     7.804 r  u_wb/defaultClockArea_cpu/MulDivIssueQueuePlugin_queue_2_payload_rRegs_1_valid_i_2/O
                         net (fo=45, unplaced)        0.427     8.231    u_wb/defaultClockArea_cpu/MemExecutePlugin_clrBusy_valid
                         LUT5 (Prop_lut5_I3_O)        0.105     8.336 r  u_wb/defaultClockArea_cpu/MulDivIssueQueuePlugin_queue_2_payload_rRegs_0_valid_i_56/O
                         net (fo=1, unplaced)         0.347     8.683    u_wb/defaultClockArea_cpu/MulDivIssueQueuePlugin_queue_2_payload_rRegs_0_valid_i_56_n_0
                         LUT4 (Prop_lut4_I2_O)        0.105     8.788 r  u_wb/defaultClockArea_cpu/MulDivIssueQueuePlugin_queue_2_payload_rRegs_0_valid_i_34/O
                         net (fo=1, unplaced)         0.347     9.135    u_wb/defaultClockArea_cpu/MulDivIssueQueuePlugin_queue_2_payload_rRegs_0_valid_i_34_n_0
                         LUT6 (Prop_lut6_I0_O)        0.105     9.240 r  u_wb/defaultClockArea_cpu/MulDivIssueQueuePlugin_queue_2_payload_rRegs_0_valid_i_13/O
                         net (fo=1, unplaced)         0.328     9.568    u_wb/defaultClockArea_cpu/unsignedDivider_3/IntIssueQueuePlugin_queue_6_payload_rRegs_0_valid_i_2_0
                         LUT4 (Prop_lut4_I0_O)        0.105     9.673 r  u_wb/defaultClockArea_cpu/unsignedDivider_3/MulDivIssueQueuePlugin_queue_2_payload_rRegs_0_valid_i_7/O
                         net (fo=5, unplaced)         0.375    10.048    u_wb/defaultClockArea_cpu/unsignedDivider_3/MulDivIssueQueuePlugin_queueIO_pushPorts_0_payload_rRegs_0_valid0
                         LUT5 (Prop_lut5_I4_O)        0.105    10.153 r  u_wb/defaultClockArea_cpu/unsignedDivider_3/MemIssueQueuePlugin_queue_4_payload_rRegs_0_valid_i_4/O
                         net (fo=5, unplaced)         0.375    10.528    u_wb/defaultClockArea_cpu/unsignedDivider_3/MemIssueQueuePlugin_queueIO_pushPorts_0_payload_rRegs_0_valid
                         LUT3 (Prop_lut3_I2_O)        0.105    10.633 r  u_wb/defaultClockArea_cpu/unsignedDivider_3/MemIssueQueuePlugin_queue_1_payload_rRegs_0_valid_i_3/O
                         net (fo=1, unplaced)         0.347    10.980    u_wb/defaultClockArea_cpu/unsignedDivider_3/MemIssueQueuePlugin_queue_1_payload_rRegs_0_valid_i_3_n_0
                         LUT6 (Prop_lut6_I0_O)        0.105    11.085 r  u_wb/defaultClockArea_cpu/unsignedDivider_3/MemIssueQueuePlugin_queue_1_payload_rRegs_0_valid_i_2/O
                         net (fo=2, unplaced)         0.358    11.443    u_wb/defaultClockArea_cpu/unsignedDivider_3/MemIssueQueuePlugin_queue_1_payload_rRegs_0_valid_i_2_n_0
                         LUT4 (Prop_lut4_I3_O)        0.105    11.548 r  u_wb/defaultClockArea_cpu/unsignedDivider_3/MemIssueQueuePlugin_queue_1_payload_rRegs_0_valid_i_1/O
                         net (fo=1, unplaced)         0.000    11.548    u_wb/defaultClockArea_cpu/unsignedDivider_3_n_6
                         FDRE                                         r  u_wb/defaultClockArea_cpu/MemIssueQueuePlugin_queue_1_payload_rRegs_0_valid_reg/D
  -------------------------------------------------------------------    -------------------

                         (clock core_clock rise edge)
                                                     10.000    10.000 r  
                                                      0.000    10.000 r  aclk (IN)
                         net (fo=0)                   0.000    10.000    aclk
                         IBUF (Prop_ibuf_I_O)         0.751    10.751 r  aclk_IBUF_inst/O
                         net (fo=1, unplaced)         0.613    11.365    aclk_IBUF
                         BUFG (Prop_bufg_I_O)         0.077    11.442 r  aclk_IBUF_BUFG_inst/O
                         net (fo=17542, unplaced)     0.439    11.881    u_wb/defaultClockArea_cpu/aclk_IBUF_BUFG
                         FDRE                                         r  u_wb/defaultClockArea_cpu/MemIssueQueuePlugin_queue_1_payload_rRegs_0_valid_reg/C
                         clock pessimism              0.167    12.048    
                         clock uncertainty           -0.035    12.012    
                         FDRE (Setup_fdre_C_D)        0.029    12.041    u_wb/defaultClockArea_cpu/MemIssueQueuePlugin_queue_1_payload_rRegs_0_valid_reg
  -------------------------------------------------------------------
                         required time                         12.041    
                         arrival time                         -11.548    
  -------------------------------------------------------------------
                         slack                                  0.494    

Slack (MET) :             0.498ns  (required time - arrival time)
  Source:                 u_wb/defaultClockArea_axiBuffer/fifo/xpm_fifo_base_inst/xpm_fifo_rst_inst/gen_rst_cc.fifo_wr_rst_cc_reg[2]/C
                            (rising edge-triggered cell FDSE clocked by core_clock  {rise@0.000ns fall@5.000ns period=10.000ns})
  Destination:            u_wb/defaultClockArea_cpu/IntIssueQueuePlugin_queue_6_payload_rRegs_0_valid_reg/D
                            (rising edge-triggered cell FDRE clocked by core_clock  {rise@0.000ns fall@5.000ns period=10.000ns})
  Path Group:             core_clock
  Path Type:              Setup (Max at Slow Process Corner)
  Requirement:            10.000ns  (core_clock rise@10.000ns - core_clock rise@0.000ns)
  Data Path Delay:        9.351ns  (logic 2.396ns (25.623%)  route 6.955ns (74.377%))
  Logic Levels:           18  (LUT2=3 LUT3=1 LUT4=3 LUT5=6 LUT6=5)
  Clock Path Skew:        -0.145ns (DCD - SCD + CPR)
    Destination Clock Delay (DCD):    1.881ns = ( 11.881 - 10.000 ) 
    Source Clock Delay      (SCD):    2.193ns
    Clock Pessimism Removal (CPR):    0.167ns
  Clock Uncertainty:      0.035ns  ((TSJ^2 + TIJ^2)^1/2 + DJ) / 2 + PE
    Total System Jitter     (TSJ):    0.071ns
    Total Input Jitter      (TIJ):    0.000ns
    Discrete Jitter          (DJ):    0.000ns
    Phase Error              (PE):    0.000ns

    Location             Delay type                Incr(ns)  Path(ns)    Netlist Resource(s)
  -------------------------------------------------------------------    -------------------
                         (clock core_clock rise edge)
                                                      0.000     0.000 r  
                                                      0.000     0.000 r  aclk (IN)
                         net (fo=0)                   0.000     0.000    aclk
                         IBUF (Prop_ibuf_I_O)         0.882     0.882 r  aclk_IBUF_inst/O
                         net (fo=1, unplaced)         0.646     1.528    aclk_IBUF
                         BUFG (Prop_bufg_I_O)         0.081     1.609 r  aclk_IBUF_BUFG_inst/O
                         net (fo=17542, unplaced)     0.584     2.193    u_wb/defaultClockArea_axiBuffer/fifo/xpm_fifo_base_inst/xpm_fifo_rst_inst/wr_clk
                         FDSE                                         r  u_wb/defaultClockArea_axiBuffer/fifo/xpm_fifo_base_inst/xpm_fifo_rst_inst/gen_rst_cc.fifo_wr_rst_cc_reg[2]/C
  -------------------------------------------------------------------    -------------------
                         FDSE (Prop_fdse_C_Q)         0.379     2.572 r  u_wb/defaultClockArea_axiBuffer/fifo/xpm_fifo_base_inst/xpm_fifo_rst_inst/gen_rst_cc.fifo_wr_rst_cc_reg[2]/Q
                         net (fo=51, unplaced)        0.445     3.017    u_wb/defaultClockArea_axiBuffer/fifo/xpm_fifo_base_inst/xpm_fifo_rst_inst/Q[0]
                         LUT2 (Prop_lut2_I0_O)        0.232     3.249 r  u_wb/defaultClockArea_axiBuffer/fifo/xpm_fifo_base_inst/xpm_fifo_rst_inst/wr_rst_busy_INST_0/O
                         net (fo=144, unplaced)       0.456     3.705    u_wb/defaultClockArea_axiBuffer/fifo_rd_rst_busy
                         LUT2 (Prop_lut2_I0_O)        0.105     3.810 f  u_wb/defaultClockArea_axiBuffer/fifo_i_76/O
                         net (fo=2, unplaced)         0.358     4.168    u_wb/defaultClockArea_axiBuffer/fifo_i_76_n_0
                         LUT6 (Prop_lut6_I0_O)        0.105     4.273 r  u_wb/defaultClockArea_axiBuffer/fifo_i_73/O
                         net (fo=71, unplaced)        0.438     4.711    u_wb/defaultClockArea_axiBuffer/when_AxiBuffer_l81__1
                         LUT4 (Prop_lut4_I0_O)        0.105     4.816 r  u_wb/defaultClockArea_axiBuffer/fifo_i_1/O
                         net (fo=9, unplaced)         0.388     5.204    u_wb/defaultClockArea_cpu/DCachePlugin_infoRAM/wr_en
                         LUT3 (Prop_lut3_I0_O)        0.105     5.309 r  u_wb/defaultClockArea_cpu/DCachePlugin_infoRAM/MEM_MEM2_UncachedAccessPlugin_uncachedStoreFSM_regSTD_be[3]_i_2/O
                         net (fo=3, unplaced)         0.365     5.674    u_wb/defaultClockArea_cpu/DCachePlugin_infoRAM/p_8630_in
                         LUT5 (Prop_lut5_I4_O)        0.105     5.779 f  u_wb/defaultClockArea_cpu/DCachePlugin_infoRAM/MEM_WB_arbitration_isValid_i_6/O
                         net (fo=1, unplaced)         0.347     6.126    u_wb/defaultClockArea_cpu/DCachePlugin_infoRAM/MEM_MEM2_arbitration_haltItself
                         LUT5 (Prop_lut5_I1_O)        0.105     6.231 f  u_wb/defaultClockArea_cpu/DCachePlugin_infoRAM/MEM_WB_arbitration_isValid_i_4/O
                         net (fo=2, unplaced)         0.358     6.589    u_wb/defaultClockArea_cpu/DCachePlugin_infoRAM/FSM_sequential_MEM_MEM2_DCachePlugin_cacheRefillFSM_stateReg_reg[0]
                         LUT6 (Prop_lut6_I5_O)        0.105     6.694 f  u_wb/defaultClockArea_cpu/DCachePlugin_infoRAM/MEM_WB_arbitration_isValid_i_2/O
                         net (fo=27, unplaced)        0.414     7.108    u_wb/defaultClockArea_cpu/DCachePlugin_infoRAM_n_66
                         LUT6 (Prop_lut6_I0_O)        0.105     7.213 r  u_wb/defaultClockArea_cpu/MEM_ADDR_to_MEM_MEM1_MEMORY_WRITE_DATA[31]_i_1/O
                         net (fo=476, unplaced)       0.486     7.699    u_wb/defaultClockArea_cpu/MEM_MEM1_arbitration_notStuck
                         LUT5 (Prop_lut5_I4_O)        0.105     7.804 r  u_wb/defaultClockArea_cpu/MulDivIssueQueuePlugin_queue_2_payload_rRegs_1_valid_i_2/O
                         net (fo=45, unplaced)        0.427     8.231    u_wb/defaultClockArea_cpu/MemExecutePlugin_clrBusy_valid
                         LUT5 (Prop_lut5_I3_O)        0.105     8.336 r  u_wb/defaultClockArea_cpu/MulDivIssueQueuePlugin_queue_2_payload_rRegs_0_valid_i_56/O
                         net (fo=1, unplaced)         0.347     8.683    u_wb/defaultClockArea_cpu/MulDivIssueQueuePlugin_queue_2_payload_rRegs_0_valid_i_56_n_0
                         LUT4 (Prop_lut4_I2_O)        0.105     8.788 r  u_wb/defaultClockArea_cpu/MulDivIssueQueuePlugin_queue_2_payload_rRegs_0_valid_i_34/O
                         net (fo=1, unplaced)         0.347     9.135    u_wb/defaultClockArea_cpu/MulDivIssueQueuePlugin_queue_2_payload_rRegs_0_valid_i_34_n_0
                         LUT6 (Prop_lut6_I0_O)        0.105     9.240 r  u_wb/defaultClockArea_cpu/MulDivIssueQueuePlugin_queue_2_payload_rRegs_0_valid_i_13/O
                         net (fo=1, unplaced)         0.328     9.568    u_wb/defaultClockArea_cpu/unsignedDivider_3/IntIssueQueuePlugin_queue_6_payload_rRegs_0_valid_i_2_0
                         LUT4 (Prop_lut4_I0_O)        0.105     9.673 r  u_wb/defaultClockArea_cpu/unsignedDivider_3/MulDivIssueQueuePlugin_queue_2_payload_rRegs_0_valid_i_7/O
                         net (fo=5, unplaced)         0.375    10.048    u_wb/defaultClockArea_cpu/unsignedDivider_3/MulDivIssueQueuePlugin_queueIO_pushPorts_0_payload_rRegs_0_valid0
                         LUT5 (Prop_lut5_I4_O)        0.105    10.153 r  u_wb/defaultClockArea_cpu/unsignedDivider_3/IntIssueQueuePlugin_queue_0_payload_rRegs_0_valid_i_7/O
                         net (fo=7, unplaced)         0.382    10.535    u_wb/defaultClockArea_cpu/unsignedDivider_3/IntIssueQueuePlugin_queue_0_payload_rRegs_0_valid_i_7_n_0
                         LUT2 (Prop_lut2_I1_O)        0.105    10.640 r  u_wb/defaultClockArea_cpu/unsignedDivider_3/IntIssueQueuePlugin_queue_6_payload_rRegs_0_valid_i_5/O
                         net (fo=1, unplaced)         0.347    10.987    u_wb/defaultClockArea_cpu/unsignedDivider_3/IntIssueQueuePlugin_queue_6_payload_rRegs_0_valid_i_5_n_0
                         LUT6 (Prop_lut6_I0_O)        0.105    11.092 r  u_wb/defaultClockArea_cpu/unsignedDivider_3/IntIssueQueuePlugin_queue_6_payload_rRegs_0_valid_i_3/O
                         net (fo=1, unplaced)         0.347    11.439    u_wb/defaultClockArea_cpu/unsignedDivider_3/IntIssueQueuePlugin_queue_6_payload_rRegs_0_valid_i_3_n_0
                         LUT5 (Prop_lut5_I2_O)        0.105    11.544 r  u_wb/defaultClockArea_cpu/unsignedDivider_3/IntIssueQueuePlugin_queue_6_payload_rRegs_0_valid_i_1/O
                         net (fo=4, unplaced)         0.000    11.544    u_wb/defaultClockArea_cpu/unsignedDivider_3_n_20
                         FDRE                                         r  u_wb/defaultClockArea_cpu/IntIssueQueuePlugin_queue_6_payload_rRegs_0_valid_reg/D
  -------------------------------------------------------------------    -------------------

                         (clock core_clock rise edge)
                                                     10.000    10.000 r  
                                                      0.000    10.000 r  aclk (IN)
                         net (fo=0)                   0.000    10.000    aclk
                         IBUF (Prop_ibuf_I_O)         0.751    10.751 r  aclk_IBUF_inst/O
                         net (fo=1, unplaced)         0.613    11.365    aclk_IBUF
                         BUFG (Prop_bufg_I_O)         0.077    11.442 r  aclk_IBUF_BUFG_inst/O
                         net (fo=17542, unplaced)     0.439    11.881    u_wb/defaultClockArea_cpu/aclk_IBUF_BUFG
                         FDRE                                         r  u_wb/defaultClockArea_cpu/IntIssueQueuePlugin_queue_6_payload_rRegs_0_valid_reg/C
                         clock pessimism              0.167    12.048    
                         clock uncertainty           -0.035    12.012    
                         FDRE (Setup_fdre_C_D)        0.029    12.041    u_wb/defaultClockArea_cpu/IntIssueQueuePlugin_queue_6_payload_rRegs_0_valid_reg
  -------------------------------------------------------------------
                         required time                         12.041    
                         arrival time                         -11.544    
  -------------------------------------------------------------------
                         slack                                  0.498    

Slack (MET) :             0.525ns  (required time - arrival time)
  Source:                 u_wb/defaultClockArea_cpu/MULDIV_RRD_to_MULDIV_EXE_ISSUE_SLOT_uop_signed_reg/C
                            (rising edge-triggered cell FDRE clocked by core_clock  {rise@0.000ns fall@5.000ns period=10.000ns})
  Destination:            u_wb/defaultClockArea_cpu/MemIssueQueuePlugin_queue_2_payload_rRegs_1_valid_reg/D
                            (rising edge-triggered cell FDRE clocked by core_clock  {rise@0.000ns fall@5.000ns period=10.000ns})
  Path Group:             core_clock
  Path Type:              Setup (Max at Slow Process Corner)
  Requirement:            10.000ns  (core_clock rise@10.000ns - core_clock rise@0.000ns)
  Data Path Delay:        9.324ns  (logic 3.315ns (35.553%)  route 6.009ns (64.447%))
  Logic Levels:           20  (CARRY4=6 LUT3=3 LUT4=3 LUT5=6 LUT6=2)
  Clock Path Skew:        -0.145ns (DCD - SCD + CPR)
    Destination Clock Delay (DCD):    1.881ns = ( 11.881 - 10.000 ) 
    Source Clock Delay      (SCD):    2.193ns
    Clock Pessimism Removal (CPR):    0.167ns
  Clock Uncertainty:      0.035ns  ((TSJ^2 + TIJ^2)^1/2 + DJ) / 2 + PE
    Total System Jitter     (TSJ):    0.071ns
    Total Input Jitter      (TIJ):    0.000ns
    Discrete Jitter          (DJ):    0.000ns
    Phase Error              (PE):    0.000ns

    Location             Delay type                Incr(ns)  Path(ns)    Netlist Resource(s)
  -------------------------------------------------------------------    -------------------
                         (clock core_clock rise edge)
                                                      0.000     0.000 r  
                                                      0.000     0.000 r  aclk (IN)
                         net (fo=0)                   0.000     0.000    aclk
                         IBUF (Prop_ibuf_I_O)         0.882     0.882 r  aclk_IBUF_inst/O
                         net (fo=1, unplaced)         0.646     1.528    aclk_IBUF
                         BUFG (Prop_bufg_I_O)         0.081     1.609 r  aclk_IBUF_BUFG_inst/O
                         net (fo=17542, unplaced)     0.584     2.193    u_wb/defaultClockArea_cpu/aclk_IBUF_BUFG
                         FDRE                                         r  u_wb/defaultClockArea_cpu/MULDIV_RRD_to_MULDIV_EXE_ISSUE_SLOT_uop_signed_reg/C
  -------------------------------------------------------------------    -------------------
                         FDRE (Prop_fdre_C_Q)         0.379     2.572 r  u_wb/defaultClockArea_cpu/MULDIV_RRD_to_MULDIV_EXE_ISSUE_SLOT_uop_signed_reg/Q
                         net (fo=64, unplaced)        0.687     3.259    u_wb/defaultClockArea_cpu/unsignedDivider_2/MULDIV_RRD_to_MULDIV_EXE_ISSUE_SLOT_uop_signed
                         LUT3 (Prop_lut3_I0_O)        0.252     3.511 r  u_wb/defaultClockArea_cpu/unsignedDivider_2/MULDIV_EXE_MulDivExecutePlugin_multiplier_i_45/O
                         net (fo=1, unplaced)         0.000     3.511    u_wb/defaultClockArea_cpu/unsignedDivider_2/MULDIV_EXE_MulDivExecutePlugin_multiplier_i_45_n_0
                         CARRY4 (Prop_carry4_DI[0]_CO[3])
                                                      0.477     3.988 r  u_wb/defaultClockArea_cpu/unsignedDivider_2/MULDIV_EXE_MulDivExecutePlugin_multiplier_i_8/CO[3]
                         net (fo=1, unplaced)         0.008     3.996    u_wb/defaultClockArea_cpu/unsignedDivider_2/MULDIV_EXE_MulDivExecutePlugin_multiplier_i_8_n_0
                         CARRY4 (Prop_carry4_CI_CO[3])
                                                      0.100     4.096 r  u_wb/defaultClockArea_cpu/unsignedDivider_2/MULDIV_EXE_MulDivExecutePlugin_multiplier_i_7/CO[3]
                         net (fo=1, unplaced)         0.000     4.096    u_wb/defaultClockArea_cpu/unsignedDivider_2/MULDIV_EXE_MulDivExecutePlugin_multiplier_i_7_n_0
                         CARRY4 (Prop_carry4_CI_CO[3])
                                                      0.100     4.196 r  u_wb/defaultClockArea_cpu/unsignedDivider_2/MULDIV_EXE_MulDivExecutePlugin_multiplier_i_6/CO[3]
                         net (fo=1, unplaced)         0.000     4.196    u_wb/defaultClockArea_cpu/unsignedDivider_2/MULDIV_EXE_MulDivExecutePlugin_multiplier_i_6_n_0
                         CARRY4 (Prop_carry4_CI_CO[3])
                                                      0.100     4.296 r  u_wb/defaultClockArea_cpu/unsignedDivider_2/MULDIV_EXE_MulDivExecutePlugin_multiplier_i_5/CO[3]
                         net (fo=1, unplaced)         0.000     4.296    u_wb/defaultClockArea_cpu/unsignedDivider_2/MULDIV_EXE_MulDivExecutePlugin_multiplier_i_5_n_0
                         CARRY4 (Prop_carry4_CI_CO[3])
                                                      0.100     4.396 r  u_wb/defaultClockArea_cpu/unsignedDivider_2/MULDIV_EXE_MulDivExecutePlugin_multiplier_i_4/CO[3]
                         net (fo=1, unplaced)         0.000     4.396    u_wb/defaultClockArea_cpu/unsignedDivider_2/MULDIV_EXE_MulDivExecutePlugin_multiplier_i_4_n_0
                         CARRY4 (Prop_carry4_CI_O[3])
                                                      0.277     4.673 f  u_wb/defaultClockArea_cpu/unsignedDivider_2/MULDIV_EXE_MulDivExecutePlugin_multiplier_i_3/O[3]
                         net (fo=3, unplaced)         0.668     5.341    u_wb/defaultClockArea_cpu/unsignedDivider_2/A[23]
                         LUT4 (Prop_lut4_I0_O)        0.250     5.591 r  u_wb/defaultClockArea_cpu/unsignedDivider_2/done_i_12/O
                         net (fo=1, unplaced)         0.347     5.938    u_wb/defaultClockArea_cpu/unsignedDivider_2/done_i_12_n_0
                         LUT5 (Prop_lut5_I4_O)        0.105     6.043 r  u_wb/defaultClockArea_cpu/unsignedDivider_2/done_i_8/O
                         net (fo=1, unplaced)         0.582     6.625    u_wb/defaultClockArea_cpu/unsignedDivider_2/done_i_8_n_0
                         LUT4 (Prop_lut4_I3_O)        0.105     6.730 r  u_wb/defaultClockArea_cpu/unsignedDivider_2/done_i_2/O
                         net (fo=67, unplaced)        0.437     7.167    u_wb/defaultClockArea_cpu/unsignedDivider_3/p_8703_in
                         LUT5 (Prop_lut5_I2_O)        0.105     7.272 f  u_wb/defaultClockArea_cpu/unsignedDivider_3/MulDivIssueQueuePlugin_queue_0_payload_robIdx[4]_i_3/O
                         net (fo=12, unplaced)        0.395     7.667    u_wb/defaultClockArea_cpu/unsignedDivider_3/MULDIV_EXE_arbitration_isStuck
                         LUT4 (Prop_lut4_I0_O)        0.105     7.772 r  u_wb/defaultClockArea_cpu/unsignedDivider_3/PhysRegFilePlugin_busys_0_i_21/O
                         net (fo=16, unplaced)        0.401     8.173    u_wb/defaultClockArea_cpu/unsignedDivider_3/MULDIV_EXE_MulDivExecutePlugin_wakeupCycle
                         LUT5 (Prop_lut5_I1_O)        0.105     8.278 r  u_wb/defaultClockArea_cpu/unsignedDivider_3/MulDivIssueQueuePlugin_queue_0_payload_rRegs_1_valid_i_28/O
                         net (fo=1, unplaced)         0.347     8.625    u_wb/defaultClockArea_cpu/unsignedDivider_3/MulDivIssueQueuePlugin_queue_0_payload_rRegs_1_valid_i_28_n_0
                         LUT5 (Prop_lut5_I0_O)        0.105     8.730 r  u_wb/defaultClockArea_cpu/unsignedDivider_3/MulDivIssueQueuePlugin_queue_0_payload_rRegs_1_valid_i_11/O
                         net (fo=1, unplaced)         0.347     9.077    u_wb/defaultClockArea_cpu/unsignedDivider_3/MulDivIssueQueuePlugin_queue_0_payload_rRegs_1_valid_i_11_n_0
                         LUT5 (Prop_lut5_I0_O)        0.105     9.182 r  u_wb/defaultClockArea_cpu/unsignedDivider_3/MulDivIssueQueuePlugin_queue_0_payload_rRegs_1_valid_i_5/O
                         net (fo=2, unplaced)         0.358     9.540    u_wb/defaultClockArea_cpu/unsignedDivider_3/MulDivIssueQueuePlugin_queue_0_payload_rRegs_1_valid_i_5_n_0
                         LUT3 (Prop_lut3_I0_O)        0.105     9.645 r  u_wb/defaultClockArea_cpu/unsignedDivider_3/MemIssueQueuePlugin_queue_0_payload_rRegs_1_valid_i_5/O
                         net (fo=4, unplaced)         0.371    10.016    u_wb/defaultClockArea_cpu/unsignedDivider_3/MemIssueQueuePlugin_queue_0_payload_rRegs_1_valid_i_5_n_0
                         LUT5 (Prop_lut5_I2_O)        0.105    10.121 r  u_wb/defaultClockArea_cpu/unsignedDivider_3/MemIssueQueuePlugin_queue_0_payload_rRegs_1_valid_i_2/O
                         net (fo=5, unplaced)         0.375    10.496    u_wb/defaultClockArea_cpu/unsignedDivider_3/MemIssueQueuePlugin_queue_0_payload_rRegs_1_valid_i_2_n_0
                         LUT6 (Prop_lut6_I5_O)        0.105    10.601 r  u_wb/defaultClockArea_cpu/unsignedDivider_3/MemIssueQueuePlugin_queue_3_payload_rRegs_1_valid_i_6/O
                         net (fo=1, unplaced)         0.347    10.948    u_wb/defaultClockArea_cpu/unsignedDivider_3/MemIssueQueuePlugin_queue_3_payload_rRegs_1_valid_i_6_n_0
                         LUT6 (Prop_lut6_I5_O)        0.105    11.053 r  u_wb/defaultClockArea_cpu/unsignedDivider_3/MemIssueQueuePlugin_queue_3_payload_rRegs_1_valid_i_2/O
                         net (fo=2, unplaced)         0.339    11.392    u_wb/defaultClockArea_cpu/unsignedDivider_3/MemIssueQueuePlugin_queue_3_payload_rRegs_1_valid_i_2_n_0
                         LUT3 (Prop_lut3_I0_O)        0.125    11.517 r  u_wb/defaultClockArea_cpu/unsignedDivider_3/MemIssueQueuePlugin_queue_2_payload_rRegs_1_valid_i_1/O
                         net (fo=1, unplaced)         0.000    11.517    u_wb/defaultClockArea_cpu/unsignedDivider_3_n_123
                         FDRE                                         r  u_wb/defaultClockArea_cpu/MemIssueQueuePlugin_queue_2_payload_rRegs_1_valid_reg/D
  -------------------------------------------------------------------    -------------------

                         (clock core_clock rise edge)
                                                     10.000    10.000 r  
                                                      0.000    10.000 r  aclk (IN)
                         net (fo=0)                   0.000    10.000    aclk
                         IBUF (Prop_ibuf_I_O)         0.751    10.751 r  aclk_IBUF_inst/O
                         net (fo=1, unplaced)         0.613    11.365    aclk_IBUF
                         BUFG (Prop_bufg_I_O)         0.077    11.442 r  aclk_IBUF_BUFG_inst/O
                         net (fo=17542, unplaced)     0.439    11.881    u_wb/defaultClockArea_cpu/aclk_IBUF_BUFG
                         FDRE                                         r  u_wb/defaultClockArea_cpu/MemIssueQueuePlugin_queue_2_payload_rRegs_1_valid_reg/C
                         clock pessimism              0.167    12.048    
                         clock uncertainty           -0.035    12.012    
                         FDRE (Setup_fdre_C_D)        0.029    12.041    u_wb/defaultClockArea_cpu/MemIssueQueuePlugin_queue_2_payload_rRegs_1_valid_reg
  -------------------------------------------------------------------
                         required time                         12.041    
                         arrival time                         -11.517    
  -------------------------------------------------------------------
                         slack                                  0.525    

Slack (MET) :             0.526ns  (required time - arrival time)
  Source:                 u_wb/defaultClockArea_cpu/MULDIV_RRD_to_MULDIV_EXE_ISSUE_SLOT_uop_signed_reg/C
                            (rising edge-triggered cell FDRE clocked by core_clock  {rise@0.000ns fall@5.000ns period=10.000ns})
  Destination:            u_wb/defaultClockArea_cpu/MemIssueQueuePlugin_queue_1_payload_rRegs_1_valid_reg/D
                            (rising edge-triggered cell FDRE clocked by core_clock  {rise@0.000ns fall@5.000ns period=10.000ns})
  Path Group:             core_clock
  Path Type:              Setup (Max at Slow Process Corner)
  Requirement:            10.000ns  (core_clock rise@10.000ns - core_clock rise@0.000ns)
  Data Path Delay:        9.323ns  (logic 3.295ns (35.343%)  route 6.028ns (64.657%))
  Logic Levels:           20  (CARRY4=6 LUT3=3 LUT4=3 LUT5=6 LUT6=2)
  Clock Path Skew:        -0.145ns (DCD - SCD + CPR)
    Destination Clock Delay (DCD):    1.881ns = ( 11.881 - 10.000 ) 
    Source Clock Delay      (SCD):    2.193ns
    Clock Pessimism Removal (CPR):    0.167ns
  Clock Uncertainty:      0.035ns  ((TSJ^2 + TIJ^2)^1/2 + DJ) / 2 + PE
    Total System Jitter     (TSJ):    0.071ns
    Total Input Jitter      (TIJ):    0.000ns
    Discrete Jitter          (DJ):    0.000ns
    Phase Error              (PE):    0.000ns

    Location             Delay type                Incr(ns)  Path(ns)    Netlist Resource(s)
  -------------------------------------------------------------------    -------------------
                         (clock core_clock rise edge)
                                                      0.000     0.000 r  
                                                      0.000     0.000 r  aclk (IN)
                         net (fo=0)                   0.000     0.000    aclk
                         IBUF (Prop_ibuf_I_O)         0.882     0.882 r  aclk_IBUF_inst/O
                         net (fo=1, unplaced)         0.646     1.528    aclk_IBUF
                         BUFG (Prop_bufg_I_O)         0.081     1.609 r  aclk_IBUF_BUFG_inst/O
                         net (fo=17542, unplaced)     0.584     2.193    u_wb/defaultClockArea_cpu/aclk_IBUF_BUFG
                         FDRE                                         r  u_wb/defaultClockArea_cpu/MULDIV_RRD_to_MULDIV_EXE_ISSUE_SLOT_uop_signed_reg/C
  -------------------------------------------------------------------    -------------------
                         FDRE (Prop_fdre_C_Q)         0.379     2.572 r  u_wb/defaultClockArea_cpu/MULDIV_RRD_to_MULDIV_EXE_ISSUE_SLOT_uop_signed_reg/Q
                         net (fo=64, unplaced)        0.687     3.259    u_wb/defaultClockArea_cpu/unsignedDivider_2/MULDIV_RRD_to_MULDIV_EXE_ISSUE_SLOT_uop_signed
                         LUT3 (Prop_lut3_I0_O)        0.252     3.511 r  u_wb/defaultClockArea_cpu/unsignedDivider_2/MULDIV_EXE_MulDivExecutePlugin_multiplier_i_45/O
                         net (fo=1, unplaced)         0.000     3.511    u_wb/defaultClockArea_cpu/unsignedDivider_2/MULDIV_EXE_MulDivExecutePlugin_multiplier_i_45_n_0
                         CARRY4 (Prop_carry4_DI[0]_CO[3])
                                                      0.477     3.988 r  u_wb/defaultClockArea_cpu/unsignedDivider_2/MULDIV_EXE_MulDivExecutePlugin_multiplier_i_8/CO[3]
                         net (fo=1, unplaced)         0.008     3.996    u_wb/defaultClockArea_cpu/unsignedDivider_2/MULDIV_EXE_MulDivExecutePlugin_multiplier_i_8_n_0
                         CARRY4 (Prop_carry4_CI_CO[3])
                                                      0.100     4.096 r  u_wb/defaultClockArea_cpu/unsignedDivider_2/MULDIV_EXE_MulDivExecutePlugin_multiplier_i_7/CO[3]
                         net (fo=1, unplaced)         0.000     4.096    u_wb/defaultClockArea_cpu/unsignedDivider_2/MULDIV_EXE_MulDivExecutePlugin_multiplier_i_7_n_0
                         CARRY4 (Prop_carry4_CI_CO[3])
                                                      0.100     4.196 r  u_wb/defaultClockArea_cpu/unsignedDivider_2/MULDIV_EXE_MulDivExecutePlugin_multiplier_i_6/CO[3]
                         net (fo=1, unplaced)         0.000     4.196    u_wb/defaultClockArea_cpu/unsignedDivider_2/MULDIV_EXE_MulDivExecutePlugin_multiplier_i_6_n_0
                         CARRY4 (Prop_carry4_CI_CO[3])
                                                      0.100     4.296 r  u_wb/defaultClockArea_cpu/unsignedDivider_2/MULDIV_EXE_MulDivExecutePlugin_multiplier_i_5/CO[3]
                         net (fo=1, unplaced)         0.000     4.296    u_wb/defaultClockArea_cpu/unsignedDivider_2/MULDIV_EXE_MulDivExecutePlugin_multiplier_i_5_n_0
                         CARRY4 (Prop_carry4_CI_CO[3])
                                                      0.100     4.396 r  u_wb/defaultClockArea_cpu/unsignedDivider_2/MULDIV_EXE_MulDivExecutePlugin_multiplier_i_4/CO[3]
                         net (fo=1, unplaced)         0.000     4.396    u_wb/defaultClockArea_cpu/unsignedDivider_2/MULDIV_EXE_MulDivExecutePlugin_multiplier_i_4_n_0
                         CARRY4 (Prop_carry4_CI_O[3])
                                                      0.277     4.673 f  u_wb/defaultClockArea_cpu/unsignedDivider_2/MULDIV_EXE_MulDivExecutePlugin_multiplier_i_3/O[3]
                         net (fo=3, unplaced)         0.668     5.341    u_wb/defaultClockArea_cpu/unsignedDivider_2/A[23]
                         LUT4 (Prop_lut4_I0_O)        0.250     5.591 r  u_wb/defaultClockArea_cpu/unsignedDivider_2/done_i_12/O
                         net (fo=1, unplaced)         0.347     5.938    u_wb/defaultClockArea_cpu/unsignedDivider_2/done_i_12_n_0
                         LUT5 (Prop_lut5_I4_O)        0.105     6.043 r  u_wb/defaultClockArea_cpu/unsignedDivider_2/done_i_8/O
                         net (fo=1, unplaced)         0.582     6.625    u_wb/defaultClockArea_cpu/unsignedDivider_2/done_i_8_n_0
                         LUT4 (Prop_lut4_I3_O)        0.105     6.730 r  u_wb/defaultClockArea_cpu/unsignedDivider_2/done_i_2/O
                         net (fo=67, unplaced)        0.437     7.167    u_wb/defaultClockArea_cpu/unsignedDivider_3/p_8703_in
                         LUT5 (Prop_lut5_I2_O)        0.105     7.272 f  u_wb/defaultClockArea_cpu/unsignedDivider_3/MulDivIssueQueuePlugin_queue_0_payload_robIdx[4]_i_3/O
                         net (fo=12, unplaced)        0.395     7.667    u_wb/defaultClockArea_cpu/unsignedDivider_3/MULDIV_EXE_arbitration_isStuck
                         LUT4 (Prop_lut4_I0_O)        0.105     7.772 r  u_wb/defaultClockArea_cpu/unsignedDivider_3/PhysRegFilePlugin_busys_0_i_21/O
                         net (fo=16, unplaced)        0.401     8.173    u_wb/defaultClockArea_cpu/unsignedDivider_3/MULDIV_EXE_MulDivExecutePlugin_wakeupCycle
                         LUT5 (Prop_lut5_I1_O)        0.105     8.278 r  u_wb/defaultClockArea_cpu/unsignedDivider_3/MulDivIssueQueuePlugin_queue_0_payload_rRegs_1_valid_i_28/O
                         net (fo=1, unplaced)         0.347     8.625    u_wb/defaultClockArea_cpu/unsignedDivider_3/MulDivIssueQueuePlugin_queue_0_payload_rRegs_1_valid_i_28_n_0
                         LUT5 (Prop_lut5_I0_O)        0.105     8.730 r  u_wb/defaultClockArea_cpu/unsignedDivider_3/MulDivIssueQueuePlugin_queue_0_payload_rRegs_1_valid_i_11/O
                         net (fo=1, unplaced)         0.347     9.077    u_wb/defaultClockArea_cpu/unsignedDivider_3/MulDivIssueQueuePlugin_queue_0_payload_rRegs_1_valid_i_11_n_0
                         LUT5 (Prop_lut5_I0_O)        0.105     9.182 r  u_wb/defaultClockArea_cpu/unsignedDivider_3/MulDivIssueQueuePlugin_queue_0_payload_rRegs_1_valid_i_5/O
                         net (fo=2, unplaced)         0.358     9.540    u_wb/defaultClockArea_cpu/unsignedDivider_3/MulDivIssueQueuePlugin_queue_0_payload_rRegs_1_valid_i_5_n_0
                         LUT3 (Prop_lut3_I0_O)        0.105     9.645 r  u_wb/defaultClockArea_cpu/unsignedDivider_3/MemIssueQueuePlugin_queue_0_payload_rRegs_1_valid_i_5/O
                         net (fo=4, unplaced)         0.371    10.016    u_wb/defaultClockArea_cpu/unsignedDivider_3/MemIssueQueuePlugin_queue_0_payload_rRegs_1_valid_i_5_n_0
                         LUT5 (Prop_lut5_I2_O)        0.105    10.121 r  u_wb/defaultClockArea_cpu/unsignedDivider_3/MemIssueQueuePlugin_queue_0_payload_rRegs_1_valid_i_2/O
                         net (fo=5, unplaced)         0.375    10.496    u_wb/defaultClockArea_cpu/unsignedDivider_3/MemIssueQueuePlugin_queue_0_payload_rRegs_1_valid_i_2_n_0
                         LUT6 (Prop_lut6_I1_O)        0.105    10.601 r  u_wb/defaultClockArea_cpu/unsignedDivider_3/MemIssueQueuePlugin_queue_2_payload_rRegs_1_valid_i_6/O
                         net (fo=1, unplaced)         0.347    10.948    u_wb/defaultClockArea_cpu/unsignedDivider_3/MemIssueQueuePlugin_queue_2_payload_rRegs_1_valid_i_6_n_0
                         LUT6 (Prop_lut6_I5_O)        0.105    11.053 r  u_wb/defaultClockArea_cpu/unsignedDivider_3/MemIssueQueuePlugin_queue_2_payload_rRegs_1_valid_i_2/O
                         net (fo=2, unplaced)         0.358    11.411    u_wb/defaultClockArea_cpu/unsignedDivider_3/MemIssueQueuePlugin_queue_2_payload_rRegs_1_valid_i_2_n_0
                         LUT3 (Prop_lut3_I0_O)        0.105    11.516 r  u_wb/defaultClockArea_cpu/unsignedDivider_3/MemIssueQueuePlugin_queue_1_payload_rRegs_1_valid_i_1/O
                         net (fo=1, unplaced)         0.000    11.516    u_wb/defaultClockArea_cpu/unsignedDivider_3_n_124
                         FDRE                                         r  u_wb/defaultClockArea_cpu/MemIssueQueuePlugin_queue_1_payload_rRegs_1_valid_reg/D
  -------------------------------------------------------------------    -------------------

                         (clock core_clock rise edge)
                                                     10.000    10.000 r  
                                                      0.000    10.000 r  aclk (IN)
                         net (fo=0)                   0.000    10.000    aclk
                         IBUF (Prop_ibuf_I_O)         0.751    10.751 r  aclk_IBUF_inst/O
                         net (fo=1, unplaced)         0.613    11.365    aclk_IBUF
                         BUFG (Prop_bufg_I_O)         0.077    11.442 r  aclk_IBUF_BUFG_inst/O
                         net (fo=17542, unplaced)     0.439    11.881    u_wb/defaultClockArea_cpu/aclk_IBUF_BUFG
                         FDRE                                         r  u_wb/defaultClockArea_cpu/MemIssueQueuePlugin_queue_1_payload_rRegs_1_valid_reg/C
                         clock pessimism              0.167    12.048    
                         clock uncertainty           -0.035    12.012    
                         FDRE (Setup_fdre_C_D)        0.029    12.041    u_wb/defaultClockArea_cpu/MemIssueQueuePlugin_queue_1_payload_rRegs_1_valid_reg
  -------------------------------------------------------------------
                         required time                         12.041    
                         arrival time                         -11.516    
  -------------------------------------------------------------------
                         slack                                  0.526    

Slack (MET) :             0.526ns  (required time - arrival time)
  Source:                 u_wb/defaultClockArea_cpu/MULDIV_RRD_to_MULDIV_EXE_ISSUE_SLOT_uop_signed_reg/C
                            (rising edge-triggered cell FDRE clocked by core_clock  {rise@0.000ns fall@5.000ns period=10.000ns})
  Destination:            u_wb/defaultClockArea_cpu/MemIssueQueuePlugin_queue_3_payload_rRegs_1_valid_reg/D
                            (rising edge-triggered cell FDRE clocked by core_clock  {rise@0.000ns fall@5.000ns period=10.000ns})
  Path Group:             core_clock
  Path Type:              Setup (Max at Slow Process Corner)
  Requirement:            10.000ns  (core_clock rise@10.000ns - core_clock rise@0.000ns)
  Data Path Delay:        9.323ns  (logic 3.295ns (35.343%)  route 6.028ns (64.657%))
  Logic Levels:           20  (CARRY4=6 LUT3=2 LUT4=3 LUT5=7 LUT6=2)
  Clock Path Skew:        -0.145ns (DCD - SCD + CPR)
    Destination Clock Delay (DCD):    1.881ns = ( 11.881 - 10.000 ) 
    Source Clock Delay      (SCD):    2.193ns
    Clock Pessimism Removal (CPR):    0.167ns
  Clock Uncertainty:      0.035ns  ((TSJ^2 + TIJ^2)^1/2 + DJ) / 2 + PE
    Total System Jitter     (TSJ):    0.071ns
    Total Input Jitter      (TIJ):    0.000ns
    Discrete Jitter          (DJ):    0.000ns
    Phase Error              (PE):    0.000ns

    Location             Delay type                Incr(ns)  Path(ns)    Netlist Resource(s)
  -------------------------------------------------------------------    -------------------
                         (clock core_clock rise edge)
                                                      0.000     0.000 r  
                                                      0.000     0.000 r  aclk (IN)
                         net (fo=0)                   0.000     0.000    aclk
                         IBUF (Prop_ibuf_I_O)         0.882     0.882 r  aclk_IBUF_inst/O
                         net (fo=1, unplaced)         0.646     1.528    aclk_IBUF
                         BUFG (Prop_bufg_I_O)         0.081     1.609 r  aclk_IBUF_BUFG_inst/O
                         net (fo=17542, unplaced)     0.584     2.193    u_wb/defaultClockArea_cpu/aclk_IBUF_BUFG
                         FDRE                                         r  u_wb/defaultClockArea_cpu/MULDIV_RRD_to_MULDIV_EXE_ISSUE_SLOT_uop_signed_reg/C
  -------------------------------------------------------------------    -------------------
                         FDRE (Prop_fdre_C_Q)         0.379     2.572 r  u_wb/defaultClockArea_cpu/MULDIV_RRD_to_MULDIV_EXE_ISSUE_SLOT_uop_signed_reg/Q
                         net (fo=64, unplaced)        0.687     3.259    u_wb/defaultClockArea_cpu/unsignedDivider_2/MULDIV_RRD_to_MULDIV_EXE_ISSUE_SLOT_uop_signed
                         LUT3 (Prop_lut3_I0_O)        0.252     3.511 r  u_wb/defaultClockArea_cpu/unsignedDivider_2/MULDIV_EXE_MulDivExecutePlugin_multiplier_i_45/O
                         net (fo=1, unplaced)         0.000     3.511    u_wb/defaultClockArea_cpu/unsignedDivider_2/MULDIV_EXE_MulDivExecutePlugin_multiplier_i_45_n_0
                         CARRY4 (Prop_carry4_DI[0]_CO[3])
                                                      0.477     3.988 r  u_wb/defaultClockArea_cpu/unsignedDivider_2/MULDIV_EXE_MulDivExecutePlugin_multiplier_i_8/CO[3]
                         net (fo=1, unplaced)         0.008     3.996    u_wb/defaultClockArea_cpu/unsignedDivider_2/MULDIV_EXE_MulDivExecutePlugin_multiplier_i_8_n_0
                         CARRY4 (Prop_carry4_CI_CO[3])
                                                      0.100     4.096 r  u_wb/defaultClockArea_cpu/unsignedDivider_2/MULDIV_EXE_MulDivExecutePlugin_multiplier_i_7/CO[3]
                         net (fo=1, unplaced)         0.000     4.096    u_wb/defaultClockArea_cpu/unsignedDivider_2/MULDIV_EXE_MulDivExecutePlugin_multiplier_i_7_n_0
                         CARRY4 (Prop_carry4_CI_CO[3])
                                                      0.100     4.196 r  u_wb/defaultClockArea_cpu/unsignedDivider_2/MULDIV_EXE_MulDivExecutePlugin_multiplier_i_6/CO[3]
                         net (fo=1, unplaced)         0.000     4.196    u_wb/defaultClockArea_cpu/unsignedDivider_2/MULDIV_EXE_MulDivExecutePlugin_multiplier_i_6_n_0
                         CARRY4 (Prop_carry4_CI_CO[3])
                                                      0.100     4.296 r  u_wb/defaultClockArea_cpu/unsignedDivider_2/MULDIV_EXE_MulDivExecutePlugin_multiplier_i_5/CO[3]
                         net (fo=1, unplaced)         0.000     4.296    u_wb/defaultClockArea_cpu/unsignedDivider_2/MULDIV_EXE_MulDivExecutePlugin_multiplier_i_5_n_0
                         CARRY4 (Prop_carry4_CI_CO[3])
                                                      0.100     4.396 r  u_wb/defaultClockArea_cpu/unsignedDivider_2/MULDIV_EXE_MulDivExecutePlugin_multiplier_i_4/CO[3]
                         net (fo=1, unplaced)         0.000     4.396    u_wb/defaultClockArea_cpu/unsignedDivider_2/MULDIV_EXE_MulDivExecutePlugin_multiplier_i_4_n_0
                         CARRY4 (Prop_carry4_CI_O[3])
                                                      0.277     4.673 f  u_wb/defaultClockArea_cpu/unsignedDivider_2/MULDIV_EXE_MulDivExecutePlugin_multiplier_i_3/O[3]
                         net (fo=3, unplaced)         0.668     5.341    u_wb/defaultClockArea_cpu/unsignedDivider_2/A[23]
                         LUT4 (Prop_lut4_I0_O)        0.250     5.591 r  u_wb/defaultClockArea_cpu/unsignedDivider_2/done_i_12/O
                         net (fo=1, unplaced)         0.347     5.938    u_wb/defaultClockArea_cpu/unsignedDivider_2/done_i_12_n_0
                         LUT5 (Prop_lut5_I4_O)        0.105     6.043 r  u_wb/defaultClockArea_cpu/unsignedDivider_2/done_i_8/O
                         net (fo=1, unplaced)         0.582     6.625    u_wb/defaultClockArea_cpu/unsignedDivider_2/done_i_8_n_0
                         LUT4 (Prop_lut4_I3_O)        0.105     6.730 r  u_wb/defaultClockArea_cpu/unsignedDivider_2/done_i_2/O
                         net (fo=67, unplaced)        0.437     7.167    u_wb/defaultClockArea_cpu/unsignedDivider_3/p_8703_in
                         LUT5 (Prop_lut5_I2_O)        0.105     7.272 f  u_wb/defaultClockArea_cpu/unsignedDivider_3/MulDivIssueQueuePlugin_queue_0_payload_robIdx[4]_i_3/O
                         net (fo=12, unplaced)        0.395     7.667    u_wb/defaultClockArea_cpu/unsignedDivider_3/MULDIV_EXE_arbitration_isStuck
                         LUT4 (Prop_lut4_I0_O)        0.105     7.772 r  u_wb/defaultClockArea_cpu/unsignedDivider_3/PhysRegFilePlugin_busys_0_i_21/O
                         net (fo=16, unplaced)        0.401     8.173    u_wb/defaultClockArea_cpu/unsignedDivider_3/MULDIV_EXE_MulDivExecutePlugin_wakeupCycle
                         LUT5 (Prop_lut5_I1_O)        0.105     8.278 r  u_wb/defaultClockArea_cpu/unsignedDivider_3/MulDivIssueQueuePlugin_queue_0_payload_rRegs_1_valid_i_28/O
                         net (fo=1, unplaced)         0.347     8.625    u_wb/defaultClockArea_cpu/unsignedDivider_3/MulDivIssueQueuePlugin_queue_0_payload_rRegs_1_valid_i_28_n_0
                         LUT5 (Prop_lut5_I0_O)        0.105     8.730 r  u_wb/defaultClockArea_cpu/unsignedDivider_3/MulDivIssueQueuePlugin_queue_0_payload_rRegs_1_valid_i_11/O
                         net (fo=1, unplaced)         0.347     9.077    u_wb/defaultClockArea_cpu/unsignedDivider_3/MulDivIssueQueuePlugin_queue_0_payload_rRegs_1_valid_i_11_n_0
                         LUT5 (Prop_lut5_I0_O)        0.105     9.182 r  u_wb/defaultClockArea_cpu/unsignedDivider_3/MulDivIssueQueuePlugin_queue_0_payload_rRegs_1_valid_i_5/O
                         net (fo=2, unplaced)         0.358     9.540    u_wb/defaultClockArea_cpu/unsignedDivider_3/MulDivIssueQueuePlugin_queue_0_payload_rRegs_1_valid_i_5_n_0
                         LUT3 (Prop_lut3_I0_O)        0.105     9.645 r  u_wb/defaultClockArea_cpu/unsignedDivider_3/MemIssueQueuePlugin_queue_0_payload_rRegs_1_valid_i_5/O
                         net (fo=4, unplaced)         0.371    10.016    u_wb/defaultClockArea_cpu/unsignedDivider_3/MemIssueQueuePlugin_queue_0_payload_rRegs_1_valid_i_5_n_0
                         LUT5 (Prop_lut5_I2_O)        0.105    10.121 r  u_wb/defaultClockArea_cpu/unsignedDivider_3/MemIssueQueuePlugin_queue_0_payload_rRegs_1_valid_i_2/O
                         net (fo=5, unplaced)         0.375    10.496    u_wb/defaultClockArea_cpu/unsignedDivider_3/MemIssueQueuePlugin_queue_0_payload_rRegs_1_valid_i_2_n_0
                         LUT6 (Prop_lut6_I5_O)        0.105    10.601 r  u_wb/defaultClockArea_cpu/unsignedDivider_3/MemIssueQueuePlugin_queue_3_payload_rRegs_1_valid_i_6/O
                         net (fo=1, unplaced)         0.347    10.948    u_wb/defaultClockArea_cpu/unsignedDivider_3/MemIssueQueuePlugin_queue_3_payload_rRegs_1_valid_i_6_n_0
                         LUT6 (Prop_lut6_I5_O)        0.105    11.053 r  u_wb/defaultClockArea_cpu/unsignedDivider_3/MemIssueQueuePlugin_queue_3_payload_rRegs_1_valid_i_2/O
                         net (fo=2, unplaced)         0.358    11.411    u_wb/defaultClockArea_cpu/unsignedDivider_3/MemIssueQueuePlugin_queue_3_payload_rRegs_1_valid_i_2_n_0
                         LUT5 (Prop_lut5_I4_O)        0.105    11.516 r  u_wb/defaultClockArea_cpu/unsignedDivider_3/MemIssueQueuePlugin_queue_3_payload_rRegs_1_valid_i_1/O
                         net (fo=1, unplaced)         0.000    11.516    u_wb/defaultClockArea_cpu/unsignedDivider_3_n_18
                         FDRE                                         r  u_wb/defaultClockArea_cpu/MemIssueQueuePlugin_queue_3_payload_rRegs_1_valid_reg/D
  -------------------------------------------------------------------    -------------------

                         (clock core_clock rise edge)
                                                     10.000    10.000 r  
                                                      0.000    10.000 r  aclk (IN)
                         net (fo=0)                   0.000    10.000    aclk
                         IBUF (Prop_ibuf_I_O)         0.751    10.751 r  aclk_IBUF_inst/O
                         net (fo=1, unplaced)         0.613    11.365    aclk_IBUF
                         BUFG (Prop_bufg_I_O)         0.077    11.442 r  aclk_IBUF_BUFG_inst/O
                         net (fo=17542, unplaced)     0.439    11.881    u_wb/defaultClockArea_cpu/aclk_IBUF_BUFG
                         FDRE                                         r  u_wb/defaultClockArea_cpu/MemIssueQueuePlugin_queue_3_payload_rRegs_1_valid_reg/C
                         clock pessimism              0.167    12.048    
                         clock uncertainty           -0.035    12.012    
                         FDRE (Setup_fdre_C_D)        0.029    12.041    u_wb/defaultClockArea_cpu/MemIssueQueuePlugin_queue_3_payload_rRegs_1_valid_reg
  -------------------------------------------------------------------
                         required time                         12.041    
                         arrival time                         -11.516    
  -------------------------------------------------------------------
                         slack                                  0.526    

Slack (MET) :             0.648ns  (required time - arrival time)
  Source:                 u_wb/defaultClockArea_cpu/ROBFIFOPlugin_robInfo/popPtr_reg[0]/C
                            (rising edge-triggered cell FDCE clocked by core_clock  {rise@0.000ns fall@5.000ns period=10.000ns})
  Destination:            u_wb/defaultClockArea_cpu/ROBFIFOPlugin_robInfo/ram/io_read_rsp_0_rename_wReg_reg[1]/D
                            (rising edge-triggered cell FDRE clocked by core_clock  {rise@0.000ns fall@5.000ns period=10.000ns})
  Path Group:             core_clock
  Path Type:              Setup (Max at Slow Process Corner)
  Requirement:            10.000ns  (core_clock rise@10.000ns - core_clock rise@0.000ns)
  Data Path Delay:        9.201ns  (logic 2.006ns (21.802%)  route 7.195ns (78.198%))
  Logic Levels:           14  (LUT2=1 LUT3=1 LUT4=2 LUT5=3 LUT6=6 RAMD32=1)
  Clock Path Skew:        -0.145ns (DCD - SCD + CPR)
    Destination Clock Delay (DCD):    1.881ns = ( 11.881 - 10.000 ) 
    Source Clock Delay      (SCD):    2.193ns
    Clock Pessimism Removal (CPR):    0.167ns
  Clock Uncertainty:      0.035ns  ((TSJ^2 + TIJ^2)^1/2 + DJ) / 2 + PE
    Total System Jitter     (TSJ):    0.071ns
    Total Input Jitter      (TIJ):    0.000ns
    Discrete Jitter          (DJ):    0.000ns
    Phase Error              (PE):    0.000ns

    Location             Delay type                Incr(ns)  Path(ns)    Netlist Resource(s)
  -------------------------------------------------------------------    -------------------
                         (clock core_clock rise edge)
                                                      0.000     0.000 r  
                                                      0.000     0.000 r  aclk (IN)
                         net (fo=0)                   0.000     0.000    aclk
                         IBUF (Prop_ibuf_I_O)         0.882     0.882 r  aclk_IBUF_inst/O
                         net (fo=1, unplaced)         0.646     1.528    aclk_IBUF
                         BUFG (Prop_bufg_I_O)         0.081     1.609 r  aclk_IBUF_BUFG_inst/O
                         net (fo=17542, unplaced)     0.584     2.193    u_wb/defaultClockArea_cpu/ROBFIFOPlugin_robInfo/aclk_IBUF_BUFG
                         FDCE                                         r  u_wb/defaultClockArea_cpu/ROBFIFOPlugin_robInfo/popPtr_reg[0]/C
  -------------------------------------------------------------------    -------------------
                         FDCE (Prop_fdce_C_Q)         0.379     2.572 r  u_wb/defaultClockArea_cpu/ROBFIFOPlugin_robInfo/popPtr_reg[0]/Q
                         net (fo=45, unplaced)        0.859     3.431    u_wb/defaultClockArea_cpu/ROBFIFOPlugin_robInfo/ram/rams_0/isRisingOccupancy_i_3__0[0]
                         LUT6 (Prop_lut6_I0_O)        0.232     3.663 r  u_wb/defaultClockArea_cpu/ROBFIFOPlugin_robInfo/ram/rams_0/mem_i_190/O
                         net (fo=2, unplaced)         0.358     4.021    u_wb/defaultClockArea_cpu/ROBFIFOPlugin_robInfo/ram/rams_2/mem_i_125_0
                         LUT6 (Prop_lut6_I5_O)        0.105     4.126 r  u_wb/defaultClockArea_cpu/ROBFIFOPlugin_robInfo/ram/rams_2/mem_i_149/O
                         net (fo=2, unplaced)         0.358     4.484    u_wb/defaultClockArea_cpu/ROBFIFOPlugin_robInfo/ram/rams_2/isFull
                         LUT6 (Prop_lut6_I2_O)        0.105     4.589 r  u_wb/defaultClockArea_cpu/ROBFIFOPlugin_robInfo/ram/rams_2/isRisingOccupancy_i_3__0/O
                         net (fo=4, unplaced)         0.371     4.960    u_wb/defaultClockArea_cpu/ROBFIFOPlugin_robInfo/ram/rams_2/pushPtr_reg[3]
                         LUT5 (Prop_lut5_I0_O)        0.105     5.065 r  u_wb/defaultClockArea_cpu/ROBFIFOPlugin_robInfo/ram/rams_2/debug0_wb_pc_OBUF[31]_inst_i_5/O
                         net (fo=5, unplaced)         0.375     5.440    u_wb/defaultClockArea_cpu/ROBFIFOPlugin_robInfo/ram/rams_2/defaultClockArea_cpu_ROBFIFOPlugin_debug_fifoIO_pop_0_valid
                         LUT5 (Prop_lut5_I3_O)        0.105     5.545 r  u_wb/defaultClockArea_cpu/ROBFIFOPlugin_robInfo/ram/rams_2/CommitPlugin_port0Commit_uncachedProcess_fsm_stateReg[0]_i_2/O
                         net (fo=4, unplaced)         0.371     5.916    u_wb/defaultClockArea_cpu/ROBFIFOPlugin_robInfo/ram/rams_2/when_CommitPlugin_l275
                         LUT5 (Prop_lut5_I2_O)        0.105     6.021 f  u_wb/defaultClockArea_cpu/ROBFIFOPlugin_robInfo/ram/rams_2/debug0_wb_pc_OBUF[31]_inst_i_6/O
                         net (fo=6, unplaced)         0.379     6.400    u_wb/defaultClockArea_cpu/ROBFIFOPlugin_robInfo/ram/rams_2/defaultClockArea_cpu_ROBFIFOPlugin_debug_fifoIO_pop_0_ready
                         LUT6 (Prop_lut6_I5_O)        0.105     6.505 f  u_wb/defaultClockArea_cpu/ROBFIFOPlugin_robInfo/ram/rams_2/debug0_wb_pc_OBUF[31]_inst_i_8/O
                         net (fo=5, unplaced)         0.375     6.880    u_wb/defaultClockArea_cpu/ROBFIFOPlugin_robInfo/ram/rams_2/defaultClockArea_cpu_ROBFIFOPlugin_debug_fifoIO_pop_1_ready
                         LUT6 (Prop_lut6_I5_O)        0.105     6.985 r  u_wb/defaultClockArea_cpu/ROBFIFOPlugin_robInfo/ram/rams_2/isRisingOccupancy_i_2__0/O
                         net (fo=32, unplaced)        0.418     7.403    u_wb/defaultClockArea_cpu/ROBFIFOPlugin_robInfo/ram/rams_2/ROBFIFOPlugin_robInfo_popCount[0]
                         LUT2 (Prop_lut2_I0_O)        0.105     7.508 r  u_wb/defaultClockArea_cpu/ROBFIFOPlugin_robInfo/ram/rams_2/mem_i_121__1/O
                         net (fo=8, unplaced)         0.385     7.893    u_wb/defaultClockArea_cpu/ROBFIFOPlugin_robInfo/ram/rams_2/popPtr_reg[0]
                         LUT4 (Prop_lut4_I2_O)        0.105     7.998 r  u_wb/defaultClockArea_cpu/ROBFIFOPlugin_robInfo/ram/rams_2/mem_i_118__0/O
                         net (fo=128, unplaced)       0.688     8.686    u_wb/defaultClockArea_cpu/ROBFIFOPlugin_robInfo/ram/rams_2/ram_io_read_cmd_payload[0]
                         LUT4 (Prop_lut4_I0_O)        0.105     8.791 r  u_wb/defaultClockArea_cpu/ROBFIFOPlugin_robInfo/ram/rams_2/mem_i_120__1/O
                         net (fo=114, unplaced)       1.041     9.832    u_wb/defaultClockArea_cpu/ROBFIFOPlugin_robInfo/ram/rams_2/mem/xpm_memory_base_inst/gen_wr_a.gen_word_narrow.mem_reg_0_7_108_113/ADDRA1
                         RAMD32 (Prop_ramd32_RADR1_O)
                                                      0.115     9.947 r  u_wb/defaultClockArea_cpu/ROBFIFOPlugin_robInfo/ram/rams_2/mem/xpm_memory_base_inst/gen_wr_a.gen_word_narrow.mem_reg_0_7_108_113/RAMA/O
                         net (fo=1, unplaced)         0.582    10.529    u_wb/defaultClockArea_cpu/ROBFIFOPlugin_robInfo/ram/rams_2/mem_n_11
                         LUT3 (Prop_lut3_I2_O)        0.125    10.654 r  u_wb/defaultClockArea_cpu/ROBFIFOPlugin_robInfo/ram/rams_2/io_read_rsp_0_rename_wReg[1]_i_2/O
                         net (fo=15, unplaced)        0.635    11.289    u_wb/defaultClockArea_cpu/ROBFIFOPlugin_robInfo/ram/rams_2/rams_2_io_read_rsp_rename_wReg[1]
                         LUT6 (Prop_lut6_I0_O)        0.105    11.394 r  u_wb/defaultClockArea_cpu/ROBFIFOPlugin_robInfo/ram/rams_2/io_read_rsp_0_rename_wReg[1]_i_1/O
                         net (fo=1, unplaced)         0.000    11.394    u_wb/defaultClockArea_cpu/ROBFIFOPlugin_robInfo/ram/_zz_io_read_rsp_0_rename_wReg[1]
                         FDRE                                         r  u_wb/defaultClockArea_cpu/ROBFIFOPlugin_robInfo/ram/io_read_rsp_0_rename_wReg_reg[1]/D
  -------------------------------------------------------------------    -------------------

                         (clock core_clock rise edge)
                                                     10.000    10.000 r  
                                                      0.000    10.000 r  aclk (IN)
                         net (fo=0)                   0.000    10.000    aclk
                         IBUF (Prop_ibuf_I_O)         0.751    10.751 r  aclk_IBUF_inst/O
                         net (fo=1, unplaced)         0.613    11.365    aclk_IBUF
                         BUFG (Prop_bufg_I_O)         0.077    11.442 r  aclk_IBUF_BUFG_inst/O
                         net (fo=17542, unplaced)     0.439    11.881    u_wb/defaultClockArea_cpu/ROBFIFOPlugin_robInfo/ram/aclk_IBUF_BUFG
                         FDRE                                         r  u_wb/defaultClockArea_cpu/ROBFIFOPlugin_robInfo/ram/io_read_rsp_0_rename_wReg_reg[1]/C
                         clock pessimism              0.167    12.048    
                         clock uncertainty           -0.035    12.012    
                         FDRE (Setup_fdre_C_D)        0.029    12.041    u_wb/defaultClockArea_cpu/ROBFIFOPlugin_robInfo/ram/io_read_rsp_0_rename_wReg_reg[1]
  -------------------------------------------------------------------
                         required time                         12.041    
                         arrival time                         -11.394    
  -------------------------------------------------------------------
                         slack                                  0.648    

Slack (MET) :             0.648ns  (required time - arrival time)
  Source:                 u_wb/defaultClockArea_cpu/ROBFIFOPlugin_robInfo/popPtr_reg[0]/C
                            (rising edge-triggered cell FDCE clocked by core_clock  {rise@0.000ns fall@5.000ns period=10.000ns})
  Destination:            u_wb/defaultClockArea_cpu/ROBFIFOPlugin_robInfo/ram/io_read_rsp_0_rename_wReg_reg[1]_rep/D
                            (rising edge-triggered cell FDRE clocked by core_clock  {rise@0.000ns fall@5.000ns period=10.000ns})
  Path Group:             core_clock
  Path Type:              Setup (Max at Slow Process Corner)
  Requirement:            10.000ns  (core_clock rise@10.000ns - core_clock rise@0.000ns)
  Data Path Delay:        9.201ns  (logic 2.006ns (21.802%)  route 7.195ns (78.198%))
  Logic Levels:           14  (LUT2=1 LUT3=1 LUT4=2 LUT5=3 LUT6=6 RAMD32=1)
  Clock Path Skew:        -0.145ns (DCD - SCD + CPR)
    Destination Clock Delay (DCD):    1.881ns = ( 11.881 - 10.000 ) 
    Source Clock Delay      (SCD):    2.193ns
    Clock Pessimism Removal (CPR):    0.167ns
  Clock Uncertainty:      0.035ns  ((TSJ^2 + TIJ^2)^1/2 + DJ) / 2 + PE
    Total System Jitter     (TSJ):    0.071ns
    Total Input Jitter      (TIJ):    0.000ns
    Discrete Jitter          (DJ):    0.000ns
    Phase Error              (PE):    0.000ns

    Location             Delay type                Incr(ns)  Path(ns)    Netlist Resource(s)
  -------------------------------------------------------------------    -------------------
                         (clock core_clock rise edge)
                                                      0.000     0.000 r  
                                                      0.000     0.000 r  aclk (IN)
                         net (fo=0)                   0.000     0.000    aclk
                         IBUF (Prop_ibuf_I_O)         0.882     0.882 r  aclk_IBUF_inst/O
                         net (fo=1, unplaced)         0.646     1.528    aclk_IBUF
                         BUFG (Prop_bufg_I_O)         0.081     1.609 r  aclk_IBUF_BUFG_inst/O
                         net (fo=17542, unplaced)     0.584     2.193    u_wb/defaultClockArea_cpu/ROBFIFOPlugin_robInfo/aclk_IBUF_BUFG
                         FDCE                                         r  u_wb/defaultClockArea_cpu/ROBFIFOPlugin_robInfo/popPtr_reg[0]/C
  -------------------------------------------------------------------    -------------------
                         FDCE (Prop_fdce_C_Q)         0.379     2.572 r  u_wb/defaultClockArea_cpu/ROBFIFOPlugin_robInfo/popPtr_reg[0]/Q
                         net (fo=45, unplaced)        0.859     3.431    u_wb/defaultClockArea_cpu/ROBFIFOPlugin_robInfo/ram/rams_0/isRisingOccupancy_i_3__0[0]
                         LUT6 (Prop_lut6_I0_O)        0.232     3.663 r  u_wb/defaultClockArea_cpu/ROBFIFOPlugin_robInfo/ram/rams_0/mem_i_190/O
                         net (fo=2, unplaced)         0.358     4.021    u_wb/defaultClockArea_cpu/ROBFIFOPlugin_robInfo/ram/rams_2/mem_i_125_0
                         LUT6 (Prop_lut6_I5_O)        0.105     4.126 r  u_wb/defaultClockArea_cpu/ROBFIFOPlugin_robInfo/ram/rams_2/mem_i_149/O
                         net (fo=2, unplaced)         0.358     4.484    u_wb/defaultClockArea_cpu/ROBFIFOPlugin_robInfo/ram/rams_2/isFull
                         LUT6 (Prop_lut6_I2_O)        0.105     4.589 r  u_wb/defaultClockArea_cpu/ROBFIFOPlugin_robInfo/ram/rams_2/isRisingOccupancy_i_3__0/O
                         net (fo=4, unplaced)         0.371     4.960    u_wb/defaultClockArea_cpu/ROBFIFOPlugin_robInfo/ram/rams_2/pushPtr_reg[3]
                         LUT5 (Prop_lut5_I0_O)        0.105     5.065 r  u_wb/defaultClockArea_cpu/ROBFIFOPlugin_robInfo/ram/rams_2/debug0_wb_pc_OBUF[31]_inst_i_5/O
                         net (fo=5, unplaced)         0.375     5.440    u_wb/defaultClockArea_cpu/ROBFIFOPlugin_robInfo/ram/rams_2/defaultClockArea_cpu_ROBFIFOPlugin_debug_fifoIO_pop_0_valid
                         LUT5 (Prop_lut5_I3_O)        0.105     5.545 r  u_wb/defaultClockArea_cpu/ROBFIFOPlugin_robInfo/ram/rams_2/CommitPlugin_port0Commit_uncachedProcess_fsm_stateReg[0]_i_2/O
                         net (fo=4, unplaced)         0.371     5.916    u_wb/defaultClockArea_cpu/ROBFIFOPlugin_robInfo/ram/rams_2/when_CommitPlugin_l275
                         LUT5 (Prop_lut5_I2_O)        0.105     6.021 f  u_wb/defaultClockArea_cpu/ROBFIFOPlugin_robInfo/ram/rams_2/debug0_wb_pc_OBUF[31]_inst_i_6/O
                         net (fo=6, unplaced)         0.379     6.400    u_wb/defaultClockArea_cpu/ROBFIFOPlugin_robInfo/ram/rams_2/defaultClockArea_cpu_ROBFIFOPlugin_debug_fifoIO_pop_0_ready
                         LUT6 (Prop_lut6_I5_O)        0.105     6.505 f  u_wb/defaultClockArea_cpu/ROBFIFOPlugin_robInfo/ram/rams_2/debug0_wb_pc_OBUF[31]_inst_i_8/O
                         net (fo=5, unplaced)         0.375     6.880    u_wb/defaultClockArea_cpu/ROBFIFOPlugin_robInfo/ram/rams_2/defaultClockArea_cpu_ROBFIFOPlugin_debug_fifoIO_pop_1_ready
                         LUT6 (Prop_lut6_I5_O)        0.105     6.985 r  u_wb/defaultClockArea_cpu/ROBFIFOPlugin_robInfo/ram/rams_2/isRisingOccupancy_i_2__0/O
                         net (fo=32, unplaced)        0.418     7.403    u_wb/defaultClockArea_cpu/ROBFIFOPlugin_robInfo/ram/rams_2/ROBFIFOPlugin_robInfo_popCount[0]
                         LUT2 (Prop_lut2_I0_O)        0.105     7.508 r  u_wb/defaultClockArea_cpu/ROBFIFOPlugin_robInfo/ram/rams_2/mem_i_121__1/O
                         net (fo=8, unplaced)         0.385     7.893    u_wb/defaultClockArea_cpu/ROBFIFOPlugin_robInfo/ram/rams_2/popPtr_reg[0]
                         LUT4 (Prop_lut4_I2_O)        0.105     7.998 r  u_wb/defaultClockArea_cpu/ROBFIFOPlugin_robInfo/ram/rams_2/mem_i_118__0/O
                         net (fo=128, unplaced)       0.688     8.686    u_wb/defaultClockArea_cpu/ROBFIFOPlugin_robInfo/ram/rams_2/ram_io_read_cmd_payload[0]
                         LUT4 (Prop_lut4_I0_O)        0.105     8.791 r  u_wb/defaultClockArea_cpu/ROBFIFOPlugin_robInfo/ram/rams_2/mem_i_120__1/O
                         net (fo=114, unplaced)       1.041     9.832    u_wb/defaultClockArea_cpu/ROBFIFOPlugin_robInfo/ram/rams_2/mem/xpm_memory_base_inst/gen_wr_a.gen_word_narrow.mem_reg_0_7_108_113/ADDRA1
                         RAMD32 (Prop_ramd32_RADR1_O)
                                                      0.115     9.947 r  u_wb/defaultClockArea_cpu/ROBFIFOPlugin_robInfo/ram/rams_2/mem/xpm_memory_base_inst/gen_wr_a.gen_word_narrow.mem_reg_0_7_108_113/RAMA/O
                         net (fo=1, unplaced)         0.582    10.529    u_wb/defaultClockArea_cpu/ROBFIFOPlugin_robInfo/ram/rams_2/mem_n_11
                         LUT3 (Prop_lut3_I2_O)        0.125    10.654 r  u_wb/defaultClockArea_cpu/ROBFIFOPlugin_robInfo/ram/rams_2/io_read_rsp_0_rename_wReg[1]_i_2/O
                         net (fo=15, unplaced)        0.635    11.289    u_wb/defaultClockArea_cpu/ROBFIFOPlugin_robInfo/ram/rams_2/rams_2_io_read_rsp_rename_wReg[1]
                         LUT6 (Prop_lut6_I0_O)        0.105    11.394 r  u_wb/defaultClockArea_cpu/ROBFIFOPlugin_robInfo/ram/rams_2/io_read_rsp_0_rename_wReg[1]_rep_i_1/O
                         net (fo=1, unplaced)         0.000    11.394    u_wb/defaultClockArea_cpu/ROBFIFOPlugin_robInfo/ram/rams_2_n_376
                         FDRE                                         r  u_wb/defaultClockArea_cpu/ROBFIFOPlugin_robInfo/ram/io_read_rsp_0_rename_wReg_reg[1]_rep/D
  -------------------------------------------------------------------    -------------------

                         (clock core_clock rise edge)
                                                     10.000    10.000 r  
                                                      0.000    10.000 r  aclk (IN)
                         net (fo=0)                   0.000    10.000    aclk
                         IBUF (Prop_ibuf_I_O)         0.751    10.751 r  aclk_IBUF_inst/O
                         net (fo=1, unplaced)         0.613    11.365    aclk_IBUF
                         BUFG (Prop_bufg_I_O)         0.077    11.442 r  aclk_IBUF_BUFG_inst/O
                         net (fo=17542, unplaced)     0.439    11.881    u_wb/defaultClockArea_cpu/ROBFIFOPlugin_robInfo/ram/aclk_IBUF_BUFG
                         FDRE                                         r  u_wb/defaultClockArea_cpu/ROBFIFOPlugin_robInfo/ram/io_read_rsp_0_rename_wReg_reg[1]_rep/C
                         clock pessimism              0.167    12.048    
                         clock uncertainty           -0.035    12.012    
                         FDRE (Setup_fdre_C_D)        0.029    12.041    u_wb/defaultClockArea_cpu/ROBFIFOPlugin_robInfo/ram/io_read_rsp_0_rename_wReg_reg[1]_rep
  -------------------------------------------------------------------
                         required time                         12.041    
                         arrival time                         -11.394    
  -------------------------------------------------------------------
                         slack                                  0.648    





Pulse Width Checks
--------------------------------------------------------------------------------------
Clock Name:         core_clock
Waveform(ns):       { 0.000 5.000 }
Period(ns):         10.000
Sources:            { aclk }

Check Type        Corner  Lib Pin             Reference Pin  Required(ns)  Actual(ns)  Slack(ns)  Location  Pin
Min Period        n/a     DSP48E1/CLK         n/a            3.109         10.000      6.891                core_top/wb_raw_top/MyCPUCore/multiplier/<hidden>/<hidden>/<hidden>
Min Period        n/a     RAMB36E1/CLKARDCLK  n/a            2.472         10.000      7.528                u_wb/defaultClockArea_axiBuffer/fifo/xpm_fifo_base_inst/gen_sdpram.xpm_memory_base_inst/gen_wr_a.gen_word_narrow.mem_reg_0/CLKARDCLK
Min Period        n/a     RAMB36E1/CLKARDCLK  n/a            2.472         10.000      7.528                u_wb/defaultClockArea_axiBuffer/fifo/xpm_fifo_base_inst/gen_sdpram.xpm_memory_base_inst/gen_wr_a.gen_word_narrow.mem_reg_1/CLKARDCLK
Min Period        n/a     RAMB18E1/CLKARDCLK  n/a            2.472         10.000      7.528                u_wb/defaultClockArea_axiBuffer/fifo/xpm_fifo_base_inst/gen_sdpram.xpm_memory_base_inst/gen_wr_a.gen_word_narrow.mem_reg_2/CLKARDCLK
Min Period        n/a     RAMB36E1/CLKARDCLK  n/a            2.472         10.000      7.528                u_wb/defaultClockArea_cpu/DCachePlugin_dataRAMs_0/mem/xpm_memory_base_inst/gen_wr_a.gen_byte_narrow.for_mem_cols[1].mem_reg/CLKARDCLK
Min Period        n/a     RAMB36E1/CLKARDCLK  n/a            2.472         10.000      7.528                u_wb/defaultClockArea_cpu/DCachePlugin_dataRAMs_1/mem/xpm_memory_base_inst/gen_wr_a.gen_byte_narrow.for_mem_cols[1].mem_reg/CLKARDCLK
Min Period        n/a     RAMB36E1/CLKARDCLK  n/a            2.472         10.000      7.528                u_wb/defaultClockArea_cpu/DCachePlugin_infoRAM/mem/xpm_memory_base_inst/gen_wr_a.gen_word_narrow.mem_reg/CLKARDCLK
Min Period        n/a     RAMB36E1/CLKBWRCLK  n/a            2.472         10.000      7.528                u_wb/defaultClockArea_cpu/DCachePlugin_infoRAM/mem/xpm_memory_base_inst/gen_wr_a.gen_word_narrow.mem_reg/CLKBWRCLK
Min Period        n/a     RAMB36E1/CLKARDCLK  n/a            2.472         10.000      7.528                u_wb/defaultClockArea_cpu/GlobalPredictorBTBPlugin_btb/rams_0/mem/xpm_memory_base_inst/gen_wr_a.gen_word_narrow.mem_reg/CLKARDCLK
Min Period        n/a     RAMB36E1/CLKBWRCLK  n/a            2.472         10.000      7.528                u_wb/defaultClockArea_cpu/GlobalPredictorBTBPlugin_btb/rams_0/mem/xpm_memory_base_inst/gen_wr_a.gen_word_narrow.mem_reg/CLKBWRCLK
Min Period        n/a     RAMB36E1/CLKARDCLK  n/a            2.472         10.000      7.528                u_wb/defaultClockArea_cpu/GlobalPredictorBTBPlugin_btb/rams_1/mem/xpm_memory_base_inst/gen_wr_a.gen_word_narrow.mem_reg/CLKARDCLK
Min Period        n/a     RAMB36E1/CLKBWRCLK  n/a            2.472         10.000      7.528                u_wb/defaultClockArea_cpu/GlobalPredictorBTBPlugin_btb/rams_1/mem/xpm_memory_base_inst/gen_wr_a.gen_word_narrow.mem_reg/CLKBWRCLK
Min Period        n/a     RAMB36E1/CLKARDCLK  n/a            2.472         10.000      7.528                u_wb/defaultClockArea_cpu/GlobalPredictorBTBPlugin_btb/rams_2/mem/xpm_memory_base_inst/gen_wr_a.gen_word_narrow.mem_reg/CLKARDCLK
Min Period        n/a     RAMB36E1/CLKBWRCLK  n/a            2.472         10.000      7.528                u_wb/defaultClockArea_cpu/GlobalPredictorBTBPlugin_btb/rams_2/mem/xpm_memory_base_inst/gen_wr_a.gen_word_narrow.mem_reg/CLKBWRCLK
Min Period        n/a     RAMB36E1/CLKARDCLK  n/a            2.472         10.000      7.528                u_wb/defaultClockArea_cpu/GlobalPredictorBTBPlugin_btb/rams_3/mem/xpm_memory_base_inst/gen_wr_a.gen_word_narrow.mem_reg/CLKARDCLK
Min Period        n/a     RAMB36E1/CLKBWRCLK  n/a            2.472         10.000      7.528                u_wb/defaultClockArea_cpu/GlobalPredictorBTBPlugin_btb/rams_3/mem/xpm_memory_base_inst/gen_wr_a.gen_word_narrow.mem_reg/CLKBWRCLK
Min Period        n/a     RAMB18E1/CLKARDCLK  n/a            2.472         10.000      7.528                u_wb/defaultClockArea_cpu/GlobalPredictorBTBPlugin_predictor/pht/rams_0/mem/xpm_memory_base_inst/gen_wr_a.gen_word_narrow.mem_reg/CLKARDCLK
Min Period        n/a     RAMB18E1/CLKARDCLK  n/a            2.472         10.000      7.528                u_wb/defaultClockArea_cpu/GlobalPredictorBTBPlugin_predictor/pht/rams_1/mem/xpm_memory_base_inst/gen_wr_a.gen_word_narrow.mem_reg/CLKARDCLK
Min Period        n/a     RAMB18E1/CLKARDCLK  n/a            2.472         10.000      7.528                u_wb/defaultClockArea_cpu/GlobalPredictorBTBPlugin_predictor/pht/rams_2/mem/xpm_memory_base_inst/gen_wr_a.gen_word_narrow.mem_reg/CLKARDCLK
Min Period        n/a     RAMB18E1/CLKARDCLK  n/a            2.472         10.000      7.528                u_wb/defaultClockArea_cpu/GlobalPredictorBTBPlugin_predictor/pht/rams_3/mem/xpm_memory_base_inst/gen_wr_a.gen_word_narrow.mem_reg/CLKARDCLK
Low Pulse Width   Slow    RAMD32/CLK          n/a            1.130         5.000       3.870                u_wb/defaultClockArea_cpu/ROBFIFOPlugin_robInfo/ram/rams_0/mem/xpm_memory_base_inst/gen_wr_a.gen_word_narrow.mem_reg_0_7_0_5/RAMA/CLK
Low Pulse Width   Fast    RAMD32/CLK          n/a            1.130         5.000       3.870                u_wb/defaultClockArea_cpu/ROBFIFOPlugin_robInfo/ram/rams_0/mem/xpm_memory_base_inst/gen_wr_a.gen_word_narrow.mem_reg_0_7_0_5/RAMA/CLK
Low Pulse Width   Slow    RAMD32/CLK          n/a            1.130         5.000       3.870                u_wb/defaultClockArea_cpu/ROBFIFOPlugin_robInfo/ram/rams_0/mem/xpm_memory_base_inst/gen_wr_a.gen_word_narrow.mem_reg_0_7_0_5/RAMA_D1/CLK
Low Pulse Width   Fast    RAMD32/CLK          n/a            1.130         5.000       3.870                u_wb/defaultClockArea_cpu/ROBFIFOPlugin_robInfo/ram/rams_0/mem/xpm_memory_base_inst/gen_wr_a.gen_word_narrow.mem_reg_0_7_0_5/RAMA_D1/CLK
Low Pulse Width   Slow    RAMD32/CLK          n/a            1.130         5.000       3.870                u_wb/defaultClockArea_cpu/ROBFIFOPlugin_robInfo/ram/rams_0/mem/xpm_memory_base_inst/gen_wr_a.gen_word_narrow.mem_reg_0_7_0_5/RAMB/CLK
Low Pulse Width   Fast    RAMD32/CLK          n/a            1.130         5.000       3.870                u_wb/defaultClockArea_cpu/ROBFIFOPlugin_robInfo/ram/rams_0/mem/xpm_memory_base_inst/gen_wr_a.gen_word_narrow.mem_reg_0_7_0_5/RAMB/CLK
Low Pulse Width   Slow    RAMD32/CLK          n/a            1.130         5.000       3.870                u_wb/defaultClockArea_cpu/ROBFIFOPlugin_robInfo/ram/rams_0/mem/xpm_memory_base_inst/gen_wr_a.gen_word_narrow.mem_reg_0_7_0_5/RAMB_D1/CLK
Low Pulse Width   Fast    RAMD32/CLK          n/a            1.130         5.000       3.870                u_wb/defaultClockArea_cpu/ROBFIFOPlugin_robInfo/ram/rams_0/mem/xpm_memory_base_inst/gen_wr_a.gen_word_narrow.mem_reg_0_7_0_5/RAMB_D1/CLK
Low Pulse Width   Slow    RAMD32/CLK          n/a            1.130         5.000       3.870                u_wb/defaultClockArea_cpu/ROBFIFOPlugin_robInfo/ram/rams_0/mem/xpm_memory_base_inst/gen_wr_a.gen_word_narrow.mem_reg_0_7_0_5/RAMC/CLK
Low Pulse Width   Fast    RAMD32/CLK          n/a            1.130         5.000       3.870                u_wb/defaultClockArea_cpu/ROBFIFOPlugin_robInfo/ram/rams_0/mem/xpm_memory_base_inst/gen_wr_a.gen_word_narrow.mem_reg_0_7_0_5/RAMC/CLK
Low Pulse Width   Slow    RAMD32/CLK          n/a            1.130         5.000       3.870                u_wb/defaultClockArea_cpu/ROBFIFOPlugin_robInfo/ram/rams_0/mem/xpm_memory_base_inst/gen_wr_a.gen_word_narrow.mem_reg_0_7_0_5/RAMC_D1/CLK
Low Pulse Width   Fast    RAMD32/CLK          n/a            1.130         5.000       3.870                u_wb/defaultClockArea_cpu/ROBFIFOPlugin_robInfo/ram/rams_0/mem/xpm_memory_base_inst/gen_wr_a.gen_word_narrow.mem_reg_0_7_0_5/RAMC_D1/CLK
Low Pulse Width   Slow    RAMS32/CLK          n/a            1.130         5.000       3.870                u_wb/defaultClockArea_cpu/ROBFIFOPlugin_robInfo/ram/rams_0/mem/xpm_memory_base_inst/gen_wr_a.gen_word_narrow.mem_reg_0_7_0_5/RAMD/CLK
Low Pulse Width   Fast    RAMS32/CLK          n/a            1.130         5.000       3.870                u_wb/defaultClockArea_cpu/ROBFIFOPlugin_robInfo/ram/rams_0/mem/xpm_memory_base_inst/gen_wr_a.gen_word_narrow.mem_reg_0_7_0_5/RAMD/CLK
Low Pulse Width   Slow    RAMS32/CLK          n/a            1.130         5.000       3.870                u_wb/defaultClockArea_cpu/ROBFIFOPlugin_robInfo/ram/rams_0/mem/xpm_memory_base_inst/gen_wr_a.gen_word_narrow.mem_reg_0_7_0_5/RAMD_D1/CLK
Low Pulse Width   Fast    RAMS32/CLK          n/a            1.130         5.000       3.870                u_wb/defaultClockArea_cpu/ROBFIFOPlugin_robInfo/ram/rams_0/mem/xpm_memory_base_inst/gen_wr_a.gen_word_narrow.mem_reg_0_7_0_5/RAMD_D1/CLK
Low Pulse Width   Slow    RAMD32/CLK          n/a            1.130         5.000       3.870                u_wb/defaultClockArea_cpu/ROBFIFOPlugin_robInfo/ram/rams_0/mem/xpm_memory_base_inst/gen_wr_a.gen_word_narrow.mem_reg_0_7_102_107/RAMA/CLK
Low Pulse Width   Fast    RAMD32/CLK          n/a            1.130         5.000       3.870                u_wb/defaultClockArea_cpu/ROBFIFOPlugin_robInfo/ram/rams_0/mem/xpm_memory_base_inst/gen_wr_a.gen_word_narrow.mem_reg_0_7_102_107/RAMA/CLK
Low Pulse Width   Slow    RAMD32/CLK          n/a            1.130         5.000       3.870                u_wb/defaultClockArea_cpu/ROBFIFOPlugin_robInfo/ram/rams_0/mem/xpm_memory_base_inst/gen_wr_a.gen_word_narrow.mem_reg_0_7_102_107/RAMA_D1/CLK
Low Pulse Width   Fast    RAMD32/CLK          n/a            1.130         5.000       3.870                u_wb/defaultClockArea_cpu/ROBFIFOPlugin_robInfo/ram/rams_0/mem/xpm_memory_base_inst/gen_wr_a.gen_word_narrow.mem_reg_0_7_102_107/RAMA_D1/CLK
High Pulse Width  Slow    RAMD32/CLK          n/a            1.130         5.000       3.870                u_wb/defaultClockArea_cpu/ROBFIFOPlugin_robInfo/ram/rams_0/mem/xpm_memory_base_inst/gen_wr_a.gen_word_narrow.mem_reg_0_7_0_5/RAMA/CLK
High Pulse Width  Fast    RAMD32/CLK          n/a            1.130         5.000       3.870                u_wb/defaultClockArea_cpu/ROBFIFOPlugin_robInfo/ram/rams_0/mem/xpm_memory_base_inst/gen_wr_a.gen_word_narrow.mem_reg_0_7_0_5/RAMA/CLK
High Pulse Width  Slow    RAMD32/CLK          n/a            1.130         5.000       3.870                u_wb/defaultClockArea_cpu/ROBFIFOPlugin_robInfo/ram/rams_0/mem/xpm_memory_base_inst/gen_wr_a.gen_word_narrow.mem_reg_0_7_0_5/RAMA_D1/CLK
High Pulse Width  Fast    RAMD32/CLK          n/a            1.130         5.000       3.870                u_wb/defaultClockArea_cpu/ROBFIFOPlugin_robInfo/ram/rams_0/mem/xpm_memory_base_inst/gen_wr_a.gen_word_narrow.mem_reg_0_7_0_5/RAMA_D1/CLK
High Pulse Width  Slow    RAMD32/CLK          n/a            1.130         5.000       3.870                u_wb/defaultClockArea_cpu/ROBFIFOPlugin_robInfo/ram/rams_0/mem/xpm_memory_base_inst/gen_wr_a.gen_word_narrow.mem_reg_0_7_0_5/RAMB/CLK
High Pulse Width  Fast    RAMD32/CLK          n/a            1.130         5.000       3.870                u_wb/defaultClockArea_cpu/ROBFIFOPlugin_robInfo/ram/rams_0/mem/xpm_memory_base_inst/gen_wr_a.gen_word_narrow.mem_reg_0_7_0_5/RAMB/CLK
High Pulse Width  Slow    RAMD32/CLK          n/a            1.130         5.000       3.870                u_wb/defaultClockArea_cpu/ROBFIFOPlugin_robInfo/ram/rams_0/mem/xpm_memory_base_inst/gen_wr_a.gen_word_narrow.mem_reg_0_7_0_5/RAMB_D1/CLK
High Pulse Width  Fast    RAMD32/CLK          n/a            1.130         5.000       3.870                u_wb/defaultClockArea_cpu/ROBFIFOPlugin_robInfo/ram/rams_0/mem/xpm_memory_base_inst/gen_wr_a.gen_word_narrow.mem_reg_0_7_0_5/RAMB_D1/CLK
High Pulse Width  Slow    RAMD32/CLK          n/a            1.130         5.000       3.870                u_wb/defaultClockArea_cpu/ROBFIFOPlugin_robInfo/ram/rams_0/mem/xpm_memory_base_inst/gen_wr_a.gen_word_narrow.mem_reg_0_7_0_5/RAMC/CLK
High Pulse Width  Fast    RAMD32/CLK          n/a            1.130         5.000       3.870                u_wb/defaultClockArea_cpu/ROBFIFOPlugin_robInfo/ram/rams_0/mem/xpm_memory_base_inst/gen_wr_a.gen_word_narrow.mem_reg_0_7_0_5/RAMC/CLK
High Pulse Width  Slow    RAMD32/CLK          n/a            1.130         5.000       3.870                u_wb/defaultClockArea_cpu/ROBFIFOPlugin_robInfo/ram/rams_0/mem/xpm_memory_base_inst/gen_wr_a.gen_word_narrow.mem_reg_0_7_0_5/RAMC_D1/CLK
High Pulse Width  Fast    RAMD32/CLK          n/a            1.130         5.000       3.870                u_wb/defaultClockArea_cpu/ROBFIFOPlugin_robInfo/ram/rams_0/mem/xpm_memory_base_inst/gen_wr_a.gen_word_narrow.mem_reg_0_7_0_5/RAMC_D1/CLK
High Pulse Width  Slow    RAMS32/CLK          n/a            1.130         5.000       3.870                u_wb/defaultClockArea_cpu/ROBFIFOPlugin_robInfo/ram/rams_0/mem/xpm_memory_base_inst/gen_wr_a.gen_word_narrow.mem_reg_0_7_0_5/RAMD/CLK
High Pulse Width  Fast    RAMS32/CLK          n/a            1.130         5.000       3.870                u_wb/defaultClockArea_cpu/ROBFIFOPlugin_robInfo/ram/rams_0/mem/xpm_memory_base_inst/gen_wr_a.gen_word_narrow.mem_reg_0_7_0_5/RAMD/CLK
High Pulse Width  Slow    RAMS32/CLK          n/a            1.130         5.000       3.870                u_wb/defaultClockArea_cpu/ROBFIFOPlugin_robInfo/ram/rams_0/mem/xpm_memory_base_inst/gen_wr_a.gen_word_narrow.mem_reg_0_7_0_5/RAMD_D1/CLK
High Pulse Width  Fast    RAMS32/CLK          n/a            1.130         5.000       3.870                u_wb/defaultClockArea_cpu/ROBFIFOPlugin_robInfo/ram/rams_0/mem/xpm_memory_base_inst/gen_wr_a.gen_word_narrow.mem_reg_0_7_0_5/RAMD_D1/CLK
High Pulse Width  Slow    RAMD32/CLK          n/a            1.130         5.000       3.870                u_wb/defaultClockArea_cpu/ROBFIFOPlugin_robInfo/ram/rams_0/mem/xpm_memory_base_inst/gen_wr_a.gen_word_narrow.mem_reg_0_7_102_107/RAMA/CLK
High Pulse Width  Fast    RAMD32/CLK          n/a            1.130         5.000       3.870                u_wb/defaultClockArea_cpu/ROBFIFOPlugin_robInfo/ram/rams_0/mem/xpm_memory_base_inst/gen_wr_a.gen_word_narrow.mem_reg_0_7_102_107/RAMA/CLK
High Pulse Width  Slow    RAMD32/CLK          n/a            1.130         5.000       3.870                u_wb/defaultClockArea_cpu/ROBFIFOPlugin_robInfo/ram/rams_0/mem/xpm_memory_base_inst/gen_wr_a.gen_word_narrow.mem_reg_0_7_102_107/RAMA_D1/CLK
High Pulse Width  Fast    RAMD32/CLK          n/a            1.130         5.000       3.870                u_wb/defaultClockArea_cpu/ROBFIFOPlugin_robInfo/ram/rams_0/mem/xpm_memory_base_inst/gen_wr_a.gen_word_narrow.mem_reg_0_7_102_107/RAMA_D1/CLK



