Copyright 1986-2022 Xilinx, Inc. All Rights Reserved. Copyright 2022-2025 Advanced Micro Devices, Inc. All Rights Reserved.
-----------------------------------------------------------------------------------------------------------------------------------------------------------
| Tool Version : Vivado v.2025.2 (win64) Build 6299465 Fri Nov 14 19:35:11 GMT 2025
| Date         : Wed Jul 29 21:01:15 2026
| Host         : MM的ThinkBook16p running 64-bit major release  (build 9200)
| Command      : report_timing_summary -delay_type max -max_paths 20 -file D:/NSCSCC2026/WeBattle-Core/reports/WB-N5G/implementation/timing_synth_10ns.rpt
| Design       : core_top
| Device       : 7a200t-fbg676
| Speed File   : -2  PRODUCTION 1.23 2018-06-13
| Design State : Synthesized
-----------------------------------------------------------------------------------------------------------------------------------------------------------

Timing Summary Report

------------------------------------------------------------------------------------------------
| Timer Settings
| --------------
------------------------------------------------------------------------------------------------

  Enable Multi Corner Analysis               :  Yes
  Enable Pessimism Removal                   :  Yes
  Pessimism Removal Resolution               :  Nearest Common Node
  Enable Input Delay Default Clock           :  No
  Enable Preset / Clear Arcs                 :  No
  Disable Flight Delays                      :  No
  Ignore I/O Paths                           :  No
  Timing Early Launch at Borrowing Latches   :  No
  Borrow Time for Max Delay Exceptions       :  Yes
  Merge Timing Exceptions                    :  Yes
  Inter-SLR Compensation                     :  Conservative

  Corner  Analyze    Analyze    
  Name    Max Paths  Min Paths  
  ------  ---------  ---------  
  Slow    Yes        Yes        
  Fast    Yes        Yes        


------------------------------------------------------------------------------------------------
| Report Methodology
| ------------------
------------------------------------------------------------------------------------------------

No report available as report_methodology has not been run prior. Run report_methodology on the current design for the summary of methodology violations.



check_timing report

Table of Contents
-----------------
1. checking no_clock (0)
2. checking constant_clock (0)
3. checking pulse_width_clock (0)
4. checking unconstrained_internal_endpoints (0)
5. checking no_input_delay (47)
6. checking no_output_delay (234)
7. checking multiple_clock (0)
8. checking generated_clocks (0)
9. checking loops (0)
10. checking partial_input_delay (0)
11. checking partial_output_delay (0)
12. checking latch_loops (0)

1. checking no_clock (0)
------------------------
 There are 0 register/latch pins with no clock.


2. checking constant_clock (0)
------------------------------
 There are 0 register/latch pins with constant_clock.


3. checking pulse_width_clock (0)
---------------------------------
 There are 0 register/latch pins which need pulse_width check


4. checking unconstrained_internal_endpoints (0)
------------------------------------------------
 There are 0 pins that are not constrained for maximum delay.

 There are 0 pins that are not constrained for maximum delay due to constant clock.


5. checking no_input_delay (47)
-------------------------------
 There are 47 input ports with no input delay specified. (HIGH)

 There are 0 input ports with no input delay but user has a false path constraint.


6. checking no_output_delay (234)
---------------------------------
 There are 234 ports with no output delay specified. (HIGH)

 There are 0 ports with no output delay but user has a false path constraint

 There are 0 ports with no output delay but with a timing clock defined on it or propagating through it


7. checking multiple_clock (0)
------------------------------
 There are 0 register/latch pins with multiple clocks.


8. checking generated_clocks (0)
--------------------------------
 There are 0 generated clocks that are not connected to a clock source.


9. checking loops (0)
---------------------
 There are 0 combinational loops in the design.


10. checking partial_input_delay (0)
------------------------------------
 There are 0 input ports with partial input delay specified.


11. checking partial_output_delay (0)
-------------------------------------
 There are 0 ports with partial output delay specified.


12. checking latch_loops (0)
----------------------------
 There are 0 combinational latch loops in the design through latch input



------------------------------------------------------------------------------------------------
| Design Timing Summary
| ---------------------
------------------------------------------------------------------------------------------------

    WNS(ns)      TNS(ns)  TNS Failing Endpoints  TNS Total Endpoints     WPWS(ns)     TPWS(ns)  TPWS Failing Endpoints  TPWS Total Endpoints  
    -------      -------  ---------------------  -------------------     --------     --------  ----------------------  --------------------  
      0.262        0.000                      0                35712        3.870        0.000                       0                 17736  


All user specified timing constraints are met.


------------------------------------------------------------------------------------------------
| Clock Summary
| -------------
------------------------------------------------------------------------------------------------

Clock  Waveform(ns)       Period(ns)      Frequency(MHz)
-----  ------------       ----------      --------------
aclk   {0.000 5.000}      10.000          100.000         


------------------------------------------------------------------------------------------------
| Intra Clock Table
| -----------------
------------------------------------------------------------------------------------------------

Clock             WNS(ns)      TNS(ns)  TNS Failing Endpoints  TNS Total Endpoints     WPWS(ns)     TPWS(ns)  TPWS Failing Endpoints  TPWS Total Endpoints  
-----             -------      -------  ---------------------  -------------------     --------     --------  ----------------------  --------------------  
aclk                0.262        0.000                      0                35712        3.870        0.000                       0                 17736  


------------------------------------------------------------------------------------------------
| Inter Clock Table
| -----------------
------------------------------------------------------------------------------------------------

From Clock    To Clock          WNS(ns)      TNS(ns)  TNS Failing Endpoints  TNS Total Endpoints  
----------    --------          -------      -------  ---------------------  -------------------  


------------------------------------------------------------------------------------------------
| Other Path Groups Table
| -----------------------
------------------------------------------------------------------------------------------------

Path Group    From Clock    To Clock          WNS(ns)      TNS(ns)  TNS Failing Endpoints  TNS Total Endpoints  
----------    ----------    --------          -------      -------  ---------------------  -------------------  


------------------------------------------------------------------------------------------------
| Timing Details
| --------------
------------------------------------------------------------------------------------------------


---------------------------------------------------------------------------------------------------
From Clock:  aclk
  To Clock:  aclk

Setup :            0  Failing Endpoints,  Worst Slack        0.262ns,  Total Violation        0.000ns
Hold  :           NA  Failing Endpoints,  Worst Slack           NA  ,  Total Violation           NA
PW    :            0  Failing Endpoints,  Worst Slack        3.870ns,  Total Violation        0.000ns
---------------------------------------------------------------------------------------------------


Max Delay Paths
--------------------------------------------------------------------------------------
Slack (MET) :             0.262ns  (required time - arrival time)
  Source:                 u_wb/defaultClockArea_cpu/MULDIV_RRD_to_MULDIV_EXE_REG_READ_RSP_0_reg[31]/C
                            (rising edge-triggered cell FDRE clocked by aclk  {rise@0.000ns fall@5.000ns period=10.000ns})
  Destination:            u_wb/defaultClockArea_cpu/IntIssueQueuePlugin_queue_1_payload_rRegs_0_valid_reg/D
                            (rising edge-triggered cell FDRE clocked by aclk  {rise@0.000ns fall@5.000ns period=10.000ns})
  Path Group:             aclk
  Path Type:              Setup (Max at Slow Process Corner)
  Requirement:            10.000ns  (aclk rise@10.000ns - aclk rise@0.000ns)
  Data Path Delay:        9.587ns  (logic 3.442ns (35.903%)  route 6.145ns (64.097%))
  Logic Levels:           22  (CARRY4=8 LUT3=2 LUT4=2 LUT5=4 LUT6=6)
  Clock Path Skew:        -0.145ns (DCD - SCD + CPR)
    Destination Clock Delay (DCD):    1.881ns = ( 11.881 - 10.000 ) 
    Source Clock Delay      (SCD):    2.193ns
    Clock Pessimism Removal (CPR):    0.167ns
  Clock Uncertainty:      0.035ns  ((TSJ^2 + TIJ^2)^1/2 + DJ) / 2 + PE
    Total System Jitter     (TSJ):    0.071ns
    Total Input Jitter      (TIJ):    0.000ns
    Discrete Jitter          (DJ):    0.000ns
    Phase Error              (PE):    0.000ns

    Location             Delay type                Incr(ns)  Path(ns)    Netlist Resource(s)
  -------------------------------------------------------------------    -------------------
                         (clock aclk rise edge)       0.000     0.000 r  
                                                      0.000     0.000 r  aclk (IN)
                         net (fo=0)                   0.000     0.000    aclk
                         IBUF (Prop_ibuf_I_O)         0.882     0.882 r  aclk_IBUF_inst/O
                         net (fo=1, unplaced)         0.646     1.528    aclk_IBUF
                         BUFG (Prop_bufg_I_O)         0.081     1.609 r  aclk_IBUF_BUFG_inst/O
                         net (fo=17738, unplaced)     0.584     2.193    u_wb/defaultClockArea_cpu/aclk_IBUF_BUFG
                         FDRE                                         r  u_wb/defaultClockArea_cpu/MULDIV_RRD_to_MULDIV_EXE_REG_READ_RSP_0_reg[31]/C
  -------------------------------------------------------------------    -------------------
                         FDRE (Prop_fdre_C_Q)         0.379     2.572 r  u_wb/defaultClockArea_cpu/MULDIV_RRD_to_MULDIV_EXE_REG_READ_RSP_0_reg[31]/Q
                         net (fo=160, unplaced)       0.710     3.282    u_wb/defaultClockArea_cpu/unsignedDivider_2/p_1_in__0
                         LUT3 (Prop_lut3_I0_O)        0.232     3.514 r  u_wb/defaultClockArea_cpu/unsignedDivider_2/MULDIV_EXE_MulDivExecutePlugin_multiplier_i_48/O
                         net (fo=1, unplaced)         0.000     3.514    u_wb/defaultClockArea_cpu/unsignedDivider_2/_zz_MULDIV_EXE_MulDivExecutePlugin_absRj[1]
                         CARRY4 (Prop_carry4_S[1]_CO[3])
                                                      0.444     3.958 r  u_wb/defaultClockArea_cpu/unsignedDivider_2/MULDIV_EXE_MulDivExecutePlugin_multiplier_i_8/CO[3]
                         net (fo=1, unplaced)         0.008     3.966    u_wb/defaultClockArea_cpu/unsignedDivider_2/MULDIV_EXE_MulDivExecutePlugin_multiplier_i_8_n_0
                         CARRY4 (Prop_carry4_CI_CO[3])
                                                      0.100     4.066 r  u_wb/defaultClockArea_cpu/unsignedDivider_2/MULDIV_EXE_MulDivExecutePlugin_multiplier_i_7/CO[3]
                         net (fo=1, unplaced)         0.000     4.066    u_wb/defaultClockArea_cpu/unsignedDivider_2/MULDIV_EXE_MulDivExecutePlugin_multiplier_i_7_n_0
                         CARRY4 (Prop_carry4_CI_CO[3])
                                                      0.100     4.166 r  u_wb/defaultClockArea_cpu/unsignedDivider_2/MULDIV_EXE_MulDivExecutePlugin_multiplier_i_6/CO[3]
                         net (fo=1, unplaced)         0.000     4.166    u_wb/defaultClockArea_cpu/unsignedDivider_2/MULDIV_EXE_MulDivExecutePlugin_multiplier_i_6_n_0
                         CARRY4 (Prop_carry4_CI_CO[3])
                                                      0.100     4.266 r  u_wb/defaultClockArea_cpu/unsignedDivider_2/MULDIV_EXE_MulDivExecutePlugin_multiplier_i_5/CO[3]
                         net (fo=1, unplaced)         0.000     4.266    u_wb/defaultClockArea_cpu/unsignedDivider_2/MULDIV_EXE_MulDivExecutePlugin_multiplier_i_5_n_0
                         CARRY4 (Prop_carry4_CI_CO[3])
                                                      0.100     4.366 r  u_wb/defaultClockArea_cpu/unsignedDivider_2/MULDIV_EXE_MulDivExecutePlugin_multiplier_i_4/CO[3]
                         net (fo=1, unplaced)         0.000     4.366    u_wb/defaultClockArea_cpu/unsignedDivider_2/MULDIV_EXE_MulDivExecutePlugin_multiplier_i_4_n_0
                         CARRY4 (Prop_carry4_CI_CO[3])
                                                      0.100     4.466 r  u_wb/defaultClockArea_cpu/unsignedDivider_2/MULDIV_EXE_MulDivExecutePlugin_multiplier_i_3/CO[3]
                         net (fo=1, unplaced)         0.000     4.466    u_wb/defaultClockArea_cpu/unsignedDivider_2/MULDIV_EXE_MulDivExecutePlugin_multiplier_i_3_n_0
                         CARRY4 (Prop_carry4_CI_CO[3])
                                                      0.100     4.566 r  u_wb/defaultClockArea_cpu/unsignedDivider_2/MULDIV_EXE_MulDivExecutePlugin_multiplier_i_2/CO[3]
                         net (fo=1, unplaced)         0.000     4.566    u_wb/defaultClockArea_cpu/unsignedDivider_2/MULDIV_EXE_MulDivExecutePlugin_multiplier_i_2_n_0
                         CARRY4 (Prop_carry4_CI_O[3])
                                                      0.277     4.843 f  u_wb/defaultClockArea_cpu/unsignedDivider_2/MULDIV_EXE_MulDivExecutePlugin_multiplier_i_1/O[3]
                         net (fo=3, unplaced)         0.537     5.380    u_wb/defaultClockArea_cpu/unsignedDivider_2/A[31]
                         LUT4 (Prop_lut4_I2_O)        0.250     5.630 f  u_wb/defaultClockArea_cpu/unsignedDivider_2/MULDIV_RRD_to_MULDIV_EXE_ISSUE_SLOT_wReg[5]_i_9/O
                         net (fo=1, unplaced)         0.347     5.977    u_wb/defaultClockArea_cpu/unsignedDivider_2/MULDIV_RRD_to_MULDIV_EXE_ISSUE_SLOT_wReg[5]_i_9_n_0
                         LUT5 (Prop_lut5_I4_O)        0.105     6.082 f  u_wb/defaultClockArea_cpu/unsignedDivider_2/MULDIV_RRD_to_MULDIV_EXE_ISSUE_SLOT_wReg[5]_i_5/O
                         net (fo=1, unplaced)         0.528     6.610    u_wb/defaultClockArea_cpu/unsignedDivider_2/MULDIV_RRD_to_MULDIV_EXE_ISSUE_SLOT_wReg[5]_i_5_n_0
                         LUT4 (Prop_lut4_I0_O)        0.105     6.715 r  u_wb/defaultClockArea_cpu/unsignedDivider_2/MULDIV_RRD_to_MULDIV_EXE_ISSUE_SLOT_wReg[5]_i_4/O
                         net (fo=66, unplaced)        0.436     7.151    u_wb/defaultClockArea_cpu/unsignedDivider_3/MULDIV_RRD_to_MULDIV_EXE_ISSUE_SLOT_robIdx_reg[0]_0
                         LUT5 (Prop_lut5_I2_O)        0.105     7.256 r  u_wb/defaultClockArea_cpu/unsignedDivider_3/MULDIV_RRD_to_MULDIV_EXE_ISSUE_SLOT_wReg[5]_i_1/O
                         net (fo=95, unplaced)        0.445     7.701    u_wb/defaultClockArea_cpu/unsignedDivider_3/MULDIV_EXE_arbitration_notStuck
                         LUT6 (Prop_lut6_I3_O)        0.105     7.806 r  u_wb/defaultClockArea_cpu/unsignedDivider_3/MulDivIssueQueuePlugin_queue_2_payload_rRegs_0_valid_i_8/O
                         net (fo=99, unplaced)        0.446     8.252    u_wb/defaultClockArea_cpu/unsignedDivider_3/MulDivExecutePlugin_clrBusy_valid
                         LUT6 (Prop_lut6_I2_O)        0.105     8.357 r  u_wb/defaultClockArea_cpu/unsignedDivider_3/IntIssueQueuePlugin_queue_3_payload_rRegs_0_valid_i_18/O
                         net (fo=1, unplaced)         0.347     8.704    u_wb/defaultClockArea_cpu/unsignedDivider_3/IntIssueQueuePlugin_queue_3_payload_rRegs_0_valid_i_18_n_0
                         LUT6 (Prop_lut6_I5_O)        0.105     8.809 r  u_wb/defaultClockArea_cpu/unsignedDivider_3/IntIssueQueuePlugin_queue_3_payload_rRegs_0_valid_i_14/O
                         net (fo=1, unplaced)         0.347     9.156    u_wb/defaultClockArea_cpu/unsignedDivider_3/IntIssueQueuePlugin_queueNext_3_payload_rRegs_0_valid
                         LUT6 (Prop_lut6_I5_O)        0.105     9.261 r  u_wb/defaultClockArea_cpu/unsignedDivider_3/IntIssueQueuePlugin_queue_3_payload_rRegs_0_valid_i_11/O
                         net (fo=1, unplaced)         0.347     9.608    u_wb/defaultClockArea_cpu/unsignedDivider_3/IntIssueQueuePlugin_queue_3_payload_rRegs_0_valid_i_11_n_0
                         LUT5 (Prop_lut5_I4_O)        0.105     9.713 r  u_wb/defaultClockArea_cpu/unsignedDivider_3/IntIssueQueuePlugin_queue_3_payload_rRegs_0_valid_i_6/O
                         net (fo=1, unplaced)         0.347    10.060    u_wb/defaultClockArea_cpu/unsignedDivider_3/IntIssueQueuePlugin_queue_3_payload_rRegs_0_valid_i_6_n_0
                         LUT6 (Prop_lut6_I0_O)        0.105    10.165 r  u_wb/defaultClockArea_cpu/unsignedDivider_3/IntIssueQueuePlugin_queue_3_payload_rRegs_0_valid_i_5/O
                         net (fo=1, unplaced)         0.347    10.512    u_wb/defaultClockArea_cpu/unsignedDivider_3/IntIssueQueuePlugin_queue_3_payload_rRegs_0_valid_i_5_n_0
                         LUT6 (Prop_lut6_I1_O)        0.105    10.617 r  u_wb/defaultClockArea_cpu/unsignedDivider_3/IntIssueQueuePlugin_queue_3_payload_rRegs_0_valid_i_3/O
                         net (fo=4, unplaced)         0.606    11.223    u_wb/defaultClockArea_cpu/unsignedDivider_3/IntIssueQueuePlugin_queue_3_payload_rRegs_0_valid_i_3_n_0
                         LUT5 (Prop_lut5_I0_O)        0.105    11.328 r  u_wb/defaultClockArea_cpu/unsignedDivider_3/IntIssueQueuePlugin_queue_1_payload_rRegs_0_valid_i_2/O
                         net (fo=1, unplaced)         0.347    11.675    u_wb/defaultClockArea_cpu/unsignedDivider_3/IntIssueQueuePlugin_queue_1_payload_rRegs_0_valid_i_2_n_0
                         LUT3 (Prop_lut3_I2_O)        0.105    11.780 r  u_wb/defaultClockArea_cpu/unsignedDivider_3/IntIssueQueuePlugin_queue_1_payload_rRegs_0_valid_i_1/O
                         net (fo=1, unplaced)         0.000    11.780    u_wb/defaultClockArea_cpu/unsignedDivider_3_n_104
                         FDRE                                         r  u_wb/defaultClockArea_cpu/IntIssueQueuePlugin_queue_1_payload_rRegs_0_valid_reg/D
  -------------------------------------------------------------------    -------------------

                         (clock aclk rise edge)      10.000    10.000 r  
                                                      0.000    10.000 r  aclk (IN)
                         net (fo=0)                   0.000    10.000    aclk
                         IBUF (Prop_ibuf_I_O)         0.751    10.751 r  aclk_IBUF_inst/O
                         net (fo=1, unplaced)         0.613    11.365    aclk_IBUF
                         BUFG (Prop_bufg_I_O)         0.077    11.442 r  aclk_IBUF_BUFG_inst/O
                         net (fo=17738, unplaced)     0.439    11.881    u_wb/defaultClockArea_cpu/aclk_IBUF_BUFG
                         FDRE                                         r  u_wb/defaultClockArea_cpu/IntIssueQueuePlugin_queue_1_payload_rRegs_0_valid_reg/C
                         clock pessimism              0.167    12.048    
                         clock uncertainty           -0.035    12.012    
                         FDRE (Setup_fdre_C_D)        0.029    12.041    u_wb/defaultClockArea_cpu/IntIssueQueuePlugin_queue_1_payload_rRegs_0_valid_reg
  -------------------------------------------------------------------
                         required time                         12.041    
                         arrival time                         -11.780    
  -------------------------------------------------------------------
                         slack                                  0.262    

Slack (MET) :             0.262ns  (required time - arrival time)
  Source:                 u_wb/defaultClockArea_cpu/MULDIV_RRD_to_MULDIV_EXE_REG_READ_RSP_0_reg[31]/C
                            (rising edge-triggered cell FDRE clocked by aclk  {rise@0.000ns fall@5.000ns period=10.000ns})
  Destination:            u_wb/defaultClockArea_cpu/IntIssueQueuePlugin_queue_1_payload_rRegs_1_valid_reg/D
                            (rising edge-triggered cell FDRE clocked by aclk  {rise@0.000ns fall@5.000ns period=10.000ns})
  Path Group:             aclk
  Path Type:              Setup (Max at Slow Process Corner)
  Requirement:            10.000ns  (aclk rise@10.000ns - aclk rise@0.000ns)
  Data Path Delay:        9.587ns  (logic 3.442ns (35.903%)  route 6.145ns (64.097%))
  Logic Levels:           22  (CARRY4=8 LUT3=2 LUT4=2 LUT5=4 LUT6=6)
  Clock Path Skew:        -0.145ns (DCD - SCD + CPR)
    Destination Clock Delay (DCD):    1.881ns = ( 11.881 - 10.000 ) 
    Source Clock Delay      (SCD):    2.193ns
    Clock Pessimism Removal (CPR):    0.167ns
  Clock Uncertainty:      0.035ns  ((TSJ^2 + TIJ^2)^1/2 + DJ) / 2 + PE
    Total System Jitter     (TSJ):    0.071ns
    Total Input Jitter      (TIJ):    0.000ns
    Discrete Jitter          (DJ):    0.000ns
    Phase Error              (PE):    0.000ns

    Location             Delay type                Incr(ns)  Path(ns)    Netlist Resource(s)
  -------------------------------------------------------------------    -------------------
                         (clock aclk rise edge)       0.000     0.000 r  
                                                      0.000     0.000 r  aclk (IN)
                         net (fo=0)                   0.000     0.000    aclk
                         IBUF (Prop_ibuf_I_O)         0.882     0.882 r  aclk_IBUF_inst/O
                         net (fo=1, unplaced)         0.646     1.528    aclk_IBUF
                         BUFG (Prop_bufg_I_O)         0.081     1.609 r  aclk_IBUF_BUFG_inst/O
                         net (fo=17738, unplaced)     0.584     2.193    u_wb/defaultClockArea_cpu/aclk_IBUF_BUFG
                         FDRE                                         r  u_wb/defaultClockArea_cpu/MULDIV_RRD_to_MULDIV_EXE_REG_READ_RSP_0_reg[31]/C
  -------------------------------------------------------------------    -------------------
                         FDRE (Prop_fdre_C_Q)         0.379     2.572 r  u_wb/defaultClockArea_cpu/MULDIV_RRD_to_MULDIV_EXE_REG_READ_RSP_0_reg[31]/Q
                         net (fo=160, unplaced)       0.710     3.282    u_wb/defaultClockArea_cpu/unsignedDivider_2/p_1_in__0
                         LUT3 (Prop_lut3_I0_O)        0.232     3.514 r  u_wb/defaultClockArea_cpu/unsignedDivider_2/MULDIV_EXE_MulDivExecutePlugin_multiplier_i_48/O
                         net (fo=1, unplaced)         0.000     3.514    u_wb/defaultClockArea_cpu/unsignedDivider_2/_zz_MULDIV_EXE_MulDivExecutePlugin_absRj[1]
                         CARRY4 (Prop_carry4_S[1]_CO[3])
                                                      0.444     3.958 r  u_wb/defaultClockArea_cpu/unsignedDivider_2/MULDIV_EXE_MulDivExecutePlugin_multiplier_i_8/CO[3]
                         net (fo=1, unplaced)         0.008     3.966    u_wb/defaultClockArea_cpu/unsignedDivider_2/MULDIV_EXE_MulDivExecutePlugin_multiplier_i_8_n_0
                         CARRY4 (Prop_carry4_CI_CO[3])
                                                      0.100     4.066 r  u_wb/defaultClockArea_cpu/unsignedDivider_2/MULDIV_EXE_MulDivExecutePlugin_multiplier_i_7/CO[3]
                         net (fo=1, unplaced)         0.000     4.066    u_wb/defaultClockArea_cpu/unsignedDivider_2/MULDIV_EXE_MulDivExecutePlugin_multiplier_i_7_n_0
                         CARRY4 (Prop_carry4_CI_CO[3])
                                                      0.100     4.166 r  u_wb/defaultClockArea_cpu/unsignedDivider_2/MULDIV_EXE_MulDivExecutePlugin_multiplier_i_6/CO[3]
                         net (fo=1, unplaced)         0.000     4.166    u_wb/defaultClockArea_cpu/unsignedDivider_2/MULDIV_EXE_MulDivExecutePlugin_multiplier_i_6_n_0
                         CARRY4 (Prop_carry4_CI_CO[3])
                                                      0.100     4.266 r  u_wb/defaultClockArea_cpu/unsignedDivider_2/MULDIV_EXE_MulDivExecutePlugin_multiplier_i_5/CO[3]
                         net (fo=1, unplaced)         0.000     4.266    u_wb/defaultClockArea_cpu/unsignedDivider_2/MULDIV_EXE_MulDivExecutePlugin_multiplier_i_5_n_0
                         CARRY4 (Prop_carry4_CI_CO[3])
                                                      0.100     4.366 r  u_wb/defaultClockArea_cpu/unsignedDivider_2/MULDIV_EXE_MulDivExecutePlugin_multiplier_i_4/CO[3]
                         net (fo=1, unplaced)         0.000     4.366    u_wb/defaultClockArea_cpu/unsignedDivider_2/MULDIV_EXE_MulDivExecutePlugin_multiplier_i_4_n_0
                         CARRY4 (Prop_carry4_CI_CO[3])
                                                      0.100     4.466 r  u_wb/defaultClockArea_cpu/unsignedDivider_2/MULDIV_EXE_MulDivExecutePlugin_multiplier_i_3/CO[3]
                         net (fo=1, unplaced)         0.000     4.466    u_wb/defaultClockArea_cpu/unsignedDivider_2/MULDIV_EXE_MulDivExecutePlugin_multiplier_i_3_n_0
                         CARRY4 (Prop_carry4_CI_CO[3])
                                                      0.100     4.566 r  u_wb/defaultClockArea_cpu/unsignedDivider_2/MULDIV_EXE_MulDivExecutePlugin_multiplier_i_2/CO[3]
                         net (fo=1, unplaced)         0.000     4.566    u_wb/defaultClockArea_cpu/unsignedDivider_2/MULDIV_EXE_MulDivExecutePlugin_multiplier_i_2_n_0
                         CARRY4 (Prop_carry4_CI_O[3])
                                                      0.277     4.843 f  u_wb/defaultClockArea_cpu/unsignedDivider_2/MULDIV_EXE_MulDivExecutePlugin_multiplier_i_1/O[3]
                         net (fo=3, unplaced)         0.537     5.380    u_wb/defaultClockArea_cpu/unsignedDivider_2/A[31]
                         LUT4 (Prop_lut4_I2_O)        0.250     5.630 f  u_wb/defaultClockArea_cpu/unsignedDivider_2/MULDIV_RRD_to_MULDIV_EXE_ISSUE_SLOT_wReg[5]_i_9/O
                         net (fo=1, unplaced)         0.347     5.977    u_wb/defaultClockArea_cpu/unsignedDivider_2/MULDIV_RRD_to_MULDIV_EXE_ISSUE_SLOT_wReg[5]_i_9_n_0
                         LUT5 (Prop_lut5_I4_O)        0.105     6.082 f  u_wb/defaultClockArea_cpu/unsignedDivider_2/MULDIV_RRD_to_MULDIV_EXE_ISSUE_SLOT_wReg[5]_i_5/O
                         net (fo=1, unplaced)         0.528     6.610    u_wb/defaultClockArea_cpu/unsignedDivider_2/MULDIV_RRD_to_MULDIV_EXE_ISSUE_SLOT_wReg[5]_i_5_n_0
                         LUT4 (Prop_lut4_I0_O)        0.105     6.715 r  u_wb/defaultClockArea_cpu/unsignedDivider_2/MULDIV_RRD_to_MULDIV_EXE_ISSUE_SLOT_wReg[5]_i_4/O
                         net (fo=66, unplaced)        0.436     7.151    u_wb/defaultClockArea_cpu/unsignedDivider_3/MULDIV_RRD_to_MULDIV_EXE_ISSUE_SLOT_robIdx_reg[0]_0
                         LUT5 (Prop_lut5_I2_O)        0.105     7.256 r  u_wb/defaultClockArea_cpu/unsignedDivider_3/MULDIV_RRD_to_MULDIV_EXE_ISSUE_SLOT_wReg[5]_i_1/O
                         net (fo=95, unplaced)        0.445     7.701    u_wb/defaultClockArea_cpu/unsignedDivider_3/MULDIV_EXE_arbitration_notStuck
                         LUT6 (Prop_lut6_I3_O)        0.105     7.806 r  u_wb/defaultClockArea_cpu/unsignedDivider_3/MulDivIssueQueuePlugin_queue_2_payload_rRegs_0_valid_i_8/O
                         net (fo=99, unplaced)        0.446     8.252    u_wb/defaultClockArea_cpu/unsignedDivider_3/MulDivExecutePlugin_clrBusy_valid
                         LUT6 (Prop_lut6_I2_O)        0.105     8.357 r  u_wb/defaultClockArea_cpu/unsignedDivider_3/IntIssueQueuePlugin_queue_3_payload_rRegs_1_valid_i_18/O
                         net (fo=1, unplaced)         0.347     8.704    u_wb/defaultClockArea_cpu/unsignedDivider_3/IntIssueQueuePlugin_queue_3_payload_rRegs_1_valid_i_18_n_0
                         LUT6 (Prop_lut6_I5_O)        0.105     8.809 r  u_wb/defaultClockArea_cpu/unsignedDivider_3/IntIssueQueuePlugin_queue_3_payload_rRegs_1_valid_i_14/O
                         net (fo=1, unplaced)         0.347     9.156    u_wb/defaultClockArea_cpu/unsignedDivider_3/IntIssueQueuePlugin_queueNext_3_payload_rRegs_1_valid
                         LUT6 (Prop_lut6_I5_O)        0.105     9.261 r  u_wb/defaultClockArea_cpu/unsignedDivider_3/IntIssueQueuePlugin_queue_3_payload_rRegs_1_valid_i_11/O
                         net (fo=1, unplaced)         0.347     9.608    u_wb/defaultClockArea_cpu/unsignedDivider_3/IntIssueQueuePlugin_queue_3_payload_rRegs_1_valid_i_11_n_0
                         LUT5 (Prop_lut5_I4_O)        0.105     9.713 r  u_wb/defaultClockArea_cpu/unsignedDivider_3/IntIssueQueuePlugin_queue_3_payload_rRegs_1_valid_i_6/O
                         net (fo=1, unplaced)         0.347    10.060    u_wb/defaultClockArea_cpu/unsignedDivider_3/IntIssueQueuePlugin_queue_3_payload_rRegs_1_valid_i_6_n_0
                         LUT6 (Prop_lut6_I0_O)        0.105    10.165 r  u_wb/defaultClockArea_cpu/unsignedDivider_3/IntIssueQueuePlugin_queue_3_payload_rRegs_1_valid_i_5/O
                         net (fo=1, unplaced)         0.347    10.512    u_wb/defaultClockArea_cpu/unsignedDivider_3/IntIssueQueuePlugin_queue_3_payload_rRegs_1_valid_i_5_n_0
                         LUT6 (Prop_lut6_I1_O)        0.105    10.617 r  u_wb/defaultClockArea_cpu/unsignedDivider_3/IntIssueQueuePlugin_queue_3_payload_rRegs_1_valid_i_3/O
                         net (fo=4, unplaced)         0.606    11.223    u_wb/defaultClockArea_cpu/unsignedDivider_3/IntIssueQueuePlugin_queue_3_payload_rRegs_1_valid_i_3_n_0
                         LUT5 (Prop_lut5_I0_O)        0.105    11.328 r  u_wb/defaultClockArea_cpu/unsignedDivider_3/IntIssueQueuePlugin_queue_1_payload_rRegs_1_valid_i_2/O
                         net (fo=1, unplaced)         0.347    11.675    u_wb/defaultClockArea_cpu/unsignedDivider_3/IntIssueQueuePlugin_queue_1_payload_rRegs_1_valid_i_2_n_0
                         LUT3 (Prop_lut3_I2_O)        0.105    11.780 r  u_wb/defaultClockArea_cpu/unsignedDivider_3/IntIssueQueuePlugin_queue_1_payload_rRegs_1_valid_i_1/O
                         net (fo=1, unplaced)         0.000    11.780    u_wb/defaultClockArea_cpu/unsignedDivider_3_n_107
                         FDRE                                         r  u_wb/defaultClockArea_cpu/IntIssueQueuePlugin_queue_1_payload_rRegs_1_valid_reg/D
  -------------------------------------------------------------------    -------------------

                         (clock aclk rise edge)      10.000    10.000 r  
                                                      0.000    10.000 r  aclk (IN)
                         net (fo=0)                   0.000    10.000    aclk
                         IBUF (Prop_ibuf_I_O)         0.751    10.751 r  aclk_IBUF_inst/O
                         net (fo=1, unplaced)         0.613    11.365    aclk_IBUF
                         BUFG (Prop_bufg_I_O)         0.077    11.442 r  aclk_IBUF_BUFG_inst/O
                         net (fo=17738, unplaced)     0.439    11.881    u_wb/defaultClockArea_cpu/aclk_IBUF_BUFG
                         FDRE                                         r  u_wb/defaultClockArea_cpu/IntIssueQueuePlugin_queue_1_payload_rRegs_1_valid_reg/C
                         clock pessimism              0.167    12.048    
                         clock uncertainty           -0.035    12.012    
                         FDRE (Setup_fdre_C_D)        0.029    12.041    u_wb/defaultClockArea_cpu/IntIssueQueuePlugin_queue_1_payload_rRegs_1_valid_reg
  -------------------------------------------------------------------
                         required time                         12.041    
                         arrival time                         -11.780    
  -------------------------------------------------------------------
                         slack                                  0.262    

Slack (MET) :             0.262ns  (required time - arrival time)
  Source:                 u_wb/defaultClockArea_cpu/MULDIV_RRD_to_MULDIV_EXE_REG_READ_RSP_0_reg[31]/C
                            (rising edge-triggered cell FDRE clocked by aclk  {rise@0.000ns fall@5.000ns period=10.000ns})
  Destination:            u_wb/defaultClockArea_cpu/IntIssueQueuePlugin_queue_2_payload_rRegs_0_valid_reg/D
                            (rising edge-triggered cell FDRE clocked by aclk  {rise@0.000ns fall@5.000ns period=10.000ns})
  Path Group:             aclk
  Path Type:              Setup (Max at Slow Process Corner)
  Requirement:            10.000ns  (aclk rise@10.000ns - aclk rise@0.000ns)
  Data Path Delay:        9.587ns  (logic 3.442ns (35.903%)  route 6.145ns (64.097%))
  Logic Levels:           22  (CARRY4=8 LUT3=2 LUT4=2 LUT5=4 LUT6=6)
  Clock Path Skew:        -0.145ns (DCD - SCD + CPR)
    Destination Clock Delay (DCD):    1.881ns = ( 11.881 - 10.000 ) 
    Source Clock Delay      (SCD):    2.193ns
    Clock Pessimism Removal (CPR):    0.167ns
  Clock Uncertainty:      0.035ns  ((TSJ^2 + TIJ^2)^1/2 + DJ) / 2 + PE
    Total System Jitter     (TSJ):    0.071ns
    Total Input Jitter      (TIJ):    0.000ns
    Discrete Jitter          (DJ):    0.000ns
    Phase Error              (PE):    0.000ns

    Location             Delay type                Incr(ns)  Path(ns)    Netlist Resource(s)
  -------------------------------------------------------------------    -------------------
                         (clock aclk rise edge)       0.000     0.000 r  
                                                      0.000     0.000 r  aclk (IN)
                         net (fo=0)                   0.000     0.000    aclk
                         IBUF (Prop_ibuf_I_O)         0.882     0.882 r  aclk_IBUF_inst/O
                         net (fo=1, unplaced)         0.646     1.528    aclk_IBUF
                         BUFG (Prop_bufg_I_O)         0.081     1.609 r  aclk_IBUF_BUFG_inst/O
                         net (fo=17738, unplaced)     0.584     2.193    u_wb/defaultClockArea_cpu/aclk_IBUF_BUFG
                         FDRE                                         r  u_wb/defaultClockArea_cpu/MULDIV_RRD_to_MULDIV_EXE_REG_READ_RSP_0_reg[31]/C
  -------------------------------------------------------------------    -------------------
                         FDRE (Prop_fdre_C_Q)         0.379     2.572 r  u_wb/defaultClockArea_cpu/MULDIV_RRD_to_MULDIV_EXE_REG_READ_RSP_0_reg[31]/Q
                         net (fo=160, unplaced)       0.710     3.282    u_wb/defaultClockArea_cpu/unsignedDivider_2/p_1_in__0
                         LUT3 (Prop_lut3_I0_O)        0.232     3.514 r  u_wb/defaultClockArea_cpu/unsignedDivider_2/MULDIV_EXE_MulDivExecutePlugin_multiplier_i_48/O
                         net (fo=1, unplaced)         0.000     3.514    u_wb/defaultClockArea_cpu/unsignedDivider_2/_zz_MULDIV_EXE_MulDivExecutePlugin_absRj[1]
                         CARRY4 (Prop_carry4_S[1]_CO[3])
                                                      0.444     3.958 r  u_wb/defaultClockArea_cpu/unsignedDivider_2/MULDIV_EXE_MulDivExecutePlugin_multiplier_i_8/CO[3]
                         net (fo=1, unplaced)         0.008     3.966    u_wb/defaultClockArea_cpu/unsignedDivider_2/MULDIV_EXE_MulDivExecutePlugin_multiplier_i_8_n_0
                         CARRY4 (Prop_carry4_CI_CO[3])
                                                      0.100     4.066 r  u_wb/defaultClockArea_cpu/unsignedDivider_2/MULDIV_EXE_MulDivExecutePlugin_multiplier_i_7/CO[3]
                         net (fo=1, unplaced)         0.000     4.066    u_wb/defaultClockArea_cpu/unsignedDivider_2/MULDIV_EXE_MulDivExecutePlugin_multiplier_i_7_n_0
                         CARRY4 (Prop_carry4_CI_CO[3])
                                                      0.100     4.166 r  u_wb/defaultClockArea_cpu/unsignedDivider_2/MULDIV_EXE_MulDivExecutePlugin_multiplier_i_6/CO[3]
                         net (fo=1, unplaced)         0.000     4.166    u_wb/defaultClockArea_cpu/unsignedDivider_2/MULDIV_EXE_MulDivExecutePlugin_multiplier_i_6_n_0
                         CARRY4 (Prop_carry4_CI_CO[3])
                                                      0.100     4.266 r  u_wb/defaultClockArea_cpu/unsignedDivider_2/MULDIV_EXE_MulDivExecutePlugin_multiplier_i_5/CO[3]
                         net (fo=1, unplaced)         0.000     4.266    u_wb/defaultClockArea_cpu/unsignedDivider_2/MULDIV_EXE_MulDivExecutePlugin_multiplier_i_5_n_0
                         CARRY4 (Prop_carry4_CI_CO[3])
                                                      0.100     4.366 r  u_wb/defaultClockArea_cpu/unsignedDivider_2/MULDIV_EXE_MulDivExecutePlugin_multiplier_i_4/CO[3]
                         net (fo=1, unplaced)         0.000     4.366    u_wb/defaultClockArea_cpu/unsignedDivider_2/MULDIV_EXE_MulDivExecutePlugin_multiplier_i_4_n_0
                         CARRY4 (Prop_carry4_CI_CO[3])
                                                      0.100     4.466 r  u_wb/defaultClockArea_cpu/unsignedDivider_2/MULDIV_EXE_MulDivExecutePlugin_multiplier_i_3/CO[3]
                         net (fo=1, unplaced)         0.000     4.466    u_wb/defaultClockArea_cpu/unsignedDivider_2/MULDIV_EXE_MulDivExecutePlugin_multiplier_i_3_n_0
                         CARRY4 (Prop_carry4_CI_CO[3])
                                                      0.100     4.566 r  u_wb/defaultClockArea_cpu/unsignedDivider_2/MULDIV_EXE_MulDivExecutePlugin_multiplier_i_2/CO[3]
                         net (fo=1, unplaced)         0.000     4.566    u_wb/defaultClockArea_cpu/unsignedDivider_2/MULDIV_EXE_MulDivExecutePlugin_multiplier_i_2_n_0
                         CARRY4 (Prop_carry4_CI_O[3])
                                                      0.277     4.843 f  u_wb/defaultClockArea_cpu/unsignedDivider_2/MULDIV_EXE_MulDivExecutePlugin_multiplier_i_1/O[3]
                         net (fo=3, unplaced)         0.537     5.380    u_wb/defaultClockArea_cpu/unsignedDivider_2/A[31]
                         LUT4 (Prop_lut4_I2_O)        0.250     5.630 f  u_wb/defaultClockArea_cpu/unsignedDivider_2/MULDIV_RRD_to_MULDIV_EXE_ISSUE_SLOT_wReg[5]_i_9/O
                         net (fo=1, unplaced)         0.347     5.977    u_wb/defaultClockArea_cpu/unsignedDivider_2/MULDIV_RRD_to_MULDIV_EXE_ISSUE_SLOT_wReg[5]_i_9_n_0
                         LUT5 (Prop_lut5_I4_O)        0.105     6.082 f  u_wb/defaultClockArea_cpu/unsignedDivider_2/MULDIV_RRD_to_MULDIV_EXE_ISSUE_SLOT_wReg[5]_i_5/O
                         net (fo=1, unplaced)         0.528     6.610    u_wb/defaultClockArea_cpu/unsignedDivider_2/MULDIV_RRD_to_MULDIV_EXE_ISSUE_SLOT_wReg[5]_i_5_n_0
                         LUT4 (Prop_lut4_I0_O)        0.105     6.715 r  u_wb/defaultClockArea_cpu/unsignedDivider_2/MULDIV_RRD_to_MULDIV_EXE_ISSUE_SLOT_wReg[5]_i_4/O
                         net (fo=66, unplaced)        0.436     7.151    u_wb/defaultClockArea_cpu/unsignedDivider_3/MULDIV_RRD_to_MULDIV_EXE_ISSUE_SLOT_robIdx_reg[0]_0
                         LUT5 (Prop_lut5_I2_O)        0.105     7.256 r  u_wb/defaultClockArea_cpu/unsignedDivider_3/MULDIV_RRD_to_MULDIV_EXE_ISSUE_SLOT_wReg[5]_i_1/O
                         net (fo=95, unplaced)        0.445     7.701    u_wb/defaultClockArea_cpu/unsignedDivider_3/MULDIV_EXE_arbitration_notStuck
                         LUT6 (Prop_lut6_I3_O)        0.105     7.806 r  u_wb/defaultClockArea_cpu/unsignedDivider_3/MulDivIssueQueuePlugin_queue_2_payload_rRegs_0_valid_i_8/O
                         net (fo=99, unplaced)        0.446     8.252    u_wb/defaultClockArea_cpu/unsignedDivider_3/MulDivExecutePlugin_clrBusy_valid
                         LUT6 (Prop_lut6_I2_O)        0.105     8.357 r  u_wb/defaultClockArea_cpu/unsignedDivider_3/IntIssueQueuePlugin_queue_4_payload_rRegs_0_valid_i_17/O
                         net (fo=1, unplaced)         0.347     8.704    u_wb/defaultClockArea_cpu/unsignedDivider_3/IntIssueQueuePlugin_queue_4_payload_rRegs_0_valid_i_17_n_0
                         LUT6 (Prop_lut6_I5_O)        0.105     8.809 r  u_wb/defaultClockArea_cpu/unsignedDivider_3/IntIssueQueuePlugin_queue_4_payload_rRegs_0_valid_i_13/O
                         net (fo=1, unplaced)         0.347     9.156    u_wb/defaultClockArea_cpu/unsignedDivider_3/IntIssueQueuePlugin_queueNext_4_payload_rRegs_0_valid
                         LUT6 (Prop_lut6_I5_O)        0.105     9.261 r  u_wb/defaultClockArea_cpu/unsignedDivider_3/IntIssueQueuePlugin_queue_4_payload_rRegs_0_valid_i_10/O
                         net (fo=1, unplaced)         0.347     9.608    u_wb/defaultClockArea_cpu/unsignedDivider_3/IntIssueQueuePlugin_queue_4_payload_rRegs_0_valid_i_10_n_0
                         LUT5 (Prop_lut5_I4_O)        0.105     9.713 r  u_wb/defaultClockArea_cpu/unsignedDivider_3/IntIssueQueuePlugin_queue_4_payload_rRegs_0_valid_i_5/O
                         net (fo=1, unplaced)         0.347    10.060    u_wb/defaultClockArea_cpu/unsignedDivider_3/IntIssueQueuePlugin_queue_4_payload_rRegs_0_valid_i_5_n_0
                         LUT6 (Prop_lut6_I0_O)        0.105    10.165 r  u_wb/defaultClockArea_cpu/unsignedDivider_3/IntIssueQueuePlugin_queue_4_payload_rRegs_0_valid_i_4/O
                         net (fo=1, unplaced)         0.347    10.512    u_wb/defaultClockArea_cpu/unsignedDivider_3/IntIssueQueuePlugin_queue_4_payload_rRegs_0_valid_i_4_n_0
                         LUT6 (Prop_lut6_I1_O)        0.105    10.617 r  u_wb/defaultClockArea_cpu/unsignedDivider_3/IntIssueQueuePlugin_queue_4_payload_rRegs_0_valid_i_2/O
                         net (fo=4, unplaced)         0.606    11.223    u_wb/defaultClockArea_cpu/unsignedDivider_3/IntIssueQueuePlugin_queue_4_payload_rRegs_0_valid_i_2_n_0
                         LUT5 (Prop_lut5_I0_O)        0.105    11.328 r  u_wb/defaultClockArea_cpu/unsignedDivider_3/IntIssueQueuePlugin_queue_2_payload_rRegs_0_valid_i_2/O
                         net (fo=1, unplaced)         0.347    11.675    u_wb/defaultClockArea_cpu/unsignedDivider_3/IntIssueQueuePlugin_queue_2_payload_rRegs_0_valid_i_2_n_0
                         LUT3 (Prop_lut3_I2_O)        0.105    11.780 r  u_wb/defaultClockArea_cpu/unsignedDivider_3/IntIssueQueuePlugin_queue_2_payload_rRegs_0_valid_i_1/O
                         net (fo=1, unplaced)         0.000    11.780    u_wb/defaultClockArea_cpu/unsignedDivider_3_n_106
                         FDRE                                         r  u_wb/defaultClockArea_cpu/IntIssueQueuePlugin_queue_2_payload_rRegs_0_valid_reg/D
  -------------------------------------------------------------------    -------------------

                         (clock aclk rise edge)      10.000    10.000 r  
                                                      0.000    10.000 r  aclk (IN)
                         net (fo=0)                   0.000    10.000    aclk
                         IBUF (Prop_ibuf_I_O)         0.751    10.751 r  aclk_IBUF_inst/O
                         net (fo=1, unplaced)         0.613    11.365    aclk_IBUF
                         BUFG (Prop_bufg_I_O)         0.077    11.442 r  aclk_IBUF_BUFG_inst/O
                         net (fo=17738, unplaced)     0.439    11.881    u_wb/defaultClockArea_cpu/aclk_IBUF_BUFG
                         FDRE                                         r  u_wb/defaultClockArea_cpu/IntIssueQueuePlugin_queue_2_payload_rRegs_0_valid_reg/C
                         clock pessimism              0.167    12.048    
                         clock uncertainty           -0.035    12.012    
                         FDRE (Setup_fdre_C_D)        0.029    12.041    u_wb/defaultClockArea_cpu/IntIssueQueuePlugin_queue_2_payload_rRegs_0_valid_reg
  -------------------------------------------------------------------
                         required time                         12.041    
                         arrival time                         -11.780    
  -------------------------------------------------------------------
                         slack                                  0.262    

Slack (MET) :             0.262ns  (required time - arrival time)
  Source:                 u_wb/defaultClockArea_cpu/MULDIV_RRD_to_MULDIV_EXE_REG_READ_RSP_0_reg[31]/C
                            (rising edge-triggered cell FDRE clocked by aclk  {rise@0.000ns fall@5.000ns period=10.000ns})
  Destination:            u_wb/defaultClockArea_cpu/IntIssueQueuePlugin_queue_2_payload_rRegs_1_valid_reg/D
                            (rising edge-triggered cell FDRE clocked by aclk  {rise@0.000ns fall@5.000ns period=10.000ns})
  Path Group:             aclk
  Path Type:              Setup (Max at Slow Process Corner)
  Requirement:            10.000ns  (aclk rise@10.000ns - aclk rise@0.000ns)
  Data Path Delay:        9.587ns  (logic 3.442ns (35.903%)  route 6.145ns (64.097%))
  Logic Levels:           22  (CARRY4=8 LUT3=2 LUT4=2 LUT5=4 LUT6=6)
  Clock Path Skew:        -0.145ns (DCD - SCD + CPR)
    Destination Clock Delay (DCD):    1.881ns = ( 11.881 - 10.000 ) 
    Source Clock Delay      (SCD):    2.193ns
    Clock Pessimism Removal (CPR):    0.167ns
  Clock Uncertainty:      0.035ns  ((TSJ^2 + TIJ^2)^1/2 + DJ) / 2 + PE
    Total System Jitter     (TSJ):    0.071ns
    Total Input Jitter      (TIJ):    0.000ns
    Discrete Jitter          (DJ):    0.000ns
    Phase Error              (PE):    0.000ns

    Location             Delay type                Incr(ns)  Path(ns)    Netlist Resource(s)
  -------------------------------------------------------------------    -------------------
                         (clock aclk rise edge)       0.000     0.000 r  
                                                      0.000     0.000 r  aclk (IN)
                         net (fo=0)                   0.000     0.000    aclk
                         IBUF (Prop_ibuf_I_O)         0.882     0.882 r  aclk_IBUF_inst/O
                         net (fo=1, unplaced)         0.646     1.528    aclk_IBUF
                         BUFG (Prop_bufg_I_O)         0.081     1.609 r  aclk_IBUF_BUFG_inst/O
                         net (fo=17738, unplaced)     0.584     2.193    u_wb/defaultClockArea_cpu/aclk_IBUF_BUFG
                         FDRE                                         r  u_wb/defaultClockArea_cpu/MULDIV_RRD_to_MULDIV_EXE_REG_READ_RSP_0_reg[31]/C
  -------------------------------------------------------------------    -------------------
                         FDRE (Prop_fdre_C_Q)         0.379     2.572 r  u_wb/defaultClockArea_cpu/MULDIV_RRD_to_MULDIV_EXE_REG_READ_RSP_0_reg[31]/Q
                         net (fo=160, unplaced)       0.710     3.282    u_wb/defaultClockArea_cpu/unsignedDivider_2/p_1_in__0
                         LUT3 (Prop_lut3_I0_O)        0.232     3.514 r  u_wb/defaultClockArea_cpu/unsignedDivider_2/MULDIV_EXE_MulDivExecutePlugin_multiplier_i_48/O
                         net (fo=1, unplaced)         0.000     3.514    u_wb/defaultClockArea_cpu/unsignedDivider_2/_zz_MULDIV_EXE_MulDivExecutePlugin_absRj[1]
                         CARRY4 (Prop_carry4_S[1]_CO[3])
                                                      0.444     3.958 r  u_wb/defaultClockArea_cpu/unsignedDivider_2/MULDIV_EXE_MulDivExecutePlugin_multiplier_i_8/CO[3]
                         net (fo=1, unplaced)         0.008     3.966    u_wb/defaultClockArea_cpu/unsignedDivider_2/MULDIV_EXE_MulDivExecutePlugin_multiplier_i_8_n_0
                         CARRY4 (Prop_carry4_CI_CO[3])
                                                      0.100     4.066 r  u_wb/defaultClockArea_cpu/unsignedDivider_2/MULDIV_EXE_MulDivExecutePlugin_multiplier_i_7/CO[3]
                         net (fo=1, unplaced)         0.000     4.066    u_wb/defaultClockArea_cpu/unsignedDivider_2/MULDIV_EXE_MulDivExecutePlugin_multiplier_i_7_n_0
                         CARRY4 (Prop_carry4_CI_CO[3])
                                                      0.100     4.166 r  u_wb/defaultClockArea_cpu/unsignedDivider_2/MULDIV_EXE_MulDivExecutePlugin_multiplier_i_6/CO[3]
                         net (fo=1, unplaced)         0.000     4.166    u_wb/defaultClockArea_cpu/unsignedDivider_2/MULDIV_EXE_MulDivExecutePlugin_multiplier_i_6_n_0
                         CARRY4 (Prop_carry4_CI_CO[3])
                                                      0.100     4.266 r  u_wb/defaultClockArea_cpu/unsignedDivider_2/MULDIV_EXE_MulDivExecutePlugin_multiplier_i_5/CO[3]
                         net (fo=1, unplaced)         0.000     4.266    u_wb/defaultClockArea_cpu/unsignedDivider_2/MULDIV_EXE_MulDivExecutePlugin_multiplier_i_5_n_0
                         CARRY4 (Prop_carry4_CI_CO[3])
                                                      0.100     4.366 r  u_wb/defaultClockArea_cpu/unsignedDivider_2/MULDIV_EXE_MulDivExecutePlugin_multiplier_i_4/CO[3]
                         net (fo=1, unplaced)         0.000     4.366    u_wb/defaultClockArea_cpu/unsignedDivider_2/MULDIV_EXE_MulDivExecutePlugin_multiplier_i_4_n_0
                         CARRY4 (Prop_carry4_CI_CO[3])
                                                      0.100     4.466 r  u_wb/defaultClockArea_cpu/unsignedDivider_2/MULDIV_EXE_MulDivExecutePlugin_multiplier_i_3/CO[3]
                         net (fo=1, unplaced)         0.000     4.466    u_wb/defaultClockArea_cpu/unsignedDivider_2/MULDIV_EXE_MulDivExecutePlugin_multiplier_i_3_n_0
                         CARRY4 (Prop_carry4_CI_CO[3])
                                                      0.100     4.566 r  u_wb/defaultClockArea_cpu/unsignedDivider_2/MULDIV_EXE_MulDivExecutePlugin_multiplier_i_2/CO[3]
                         net (fo=1, unplaced)         0.000     4.566    u_wb/defaultClockArea_cpu/unsignedDivider_2/MULDIV_EXE_MulDivExecutePlugin_multiplier_i_2_n_0
                         CARRY4 (Prop_carry4_CI_O[3])
                                                      0.277     4.843 f  u_wb/defaultClockArea_cpu/unsignedDivider_2/MULDIV_EXE_MulDivExecutePlugin_multiplier_i_1/O[3]
                         net (fo=3, unplaced)         0.537     5.380    u_wb/defaultClockArea_cpu/unsignedDivider_2/A[31]
                         LUT4 (Prop_lut4_I2_O)        0.250     5.630 f  u_wb/defaultClockArea_cpu/unsignedDivider_2/MULDIV_RRD_to_MULDIV_EXE_ISSUE_SLOT_wReg[5]_i_9/O
                         net (fo=1, unplaced)         0.347     5.977    u_wb/defaultClockArea_cpu/unsignedDivider_2/MULDIV_RRD_to_MULDIV_EXE_ISSUE_SLOT_wReg[5]_i_9_n_0
                         LUT5 (Prop_lut5_I4_O)        0.105     6.082 f  u_wb/defaultClockArea_cpu/unsignedDivider_2/MULDIV_RRD_to_MULDIV_EXE_ISSUE_SLOT_wReg[5]_i_5/O
                         net (fo=1, unplaced)         0.528     6.610    u_wb/defaultClockArea_cpu/unsignedDivider_2/MULDIV_RRD_to_MULDIV_EXE_ISSUE_SLOT_wReg[5]_i_5_n_0
                         LUT4 (Prop_lut4_I0_O)        0.105     6.715 r  u_wb/defaultClockArea_cpu/unsignedDivider_2/MULDIV_RRD_to_MULDIV_EXE_ISSUE_SLOT_wReg[5]_i_4/O
                         net (fo=66, unplaced)        0.436     7.151    u_wb/defaultClockArea_cpu/unsignedDivider_3/MULDIV_RRD_to_MULDIV_EXE_ISSUE_SLOT_robIdx_reg[0]_0
                         LUT5 (Prop_lut5_I2_O)        0.105     7.256 r  u_wb/defaultClockArea_cpu/unsignedDivider_3/MULDIV_RRD_to_MULDIV_EXE_ISSUE_SLOT_wReg[5]_i_1/O
                         net (fo=95, unplaced)        0.445     7.701    u_wb/defaultClockArea_cpu/unsignedDivider_3/MULDIV_EXE_arbitration_notStuck
                         LUT6 (Prop_lut6_I3_O)        0.105     7.806 r  u_wb/defaultClockArea_cpu/unsignedDivider_3/MulDivIssueQueuePlugin_queue_2_payload_rRegs_0_valid_i_8/O
                         net (fo=99, unplaced)        0.446     8.252    u_wb/defaultClockArea_cpu/unsignedDivider_3/MulDivExecutePlugin_clrBusy_valid
                         LUT6 (Prop_lut6_I2_O)        0.105     8.357 r  u_wb/defaultClockArea_cpu/unsignedDivider_3/IntIssueQueuePlugin_queue_4_payload_rRegs_1_valid_i_23/O
                         net (fo=1, unplaced)         0.347     8.704    u_wb/defaultClockArea_cpu/unsignedDivider_3/IntIssueQueuePlugin_queue_4_payload_rRegs_1_valid_i_23_n_0
                         LUT6 (Prop_lut6_I5_O)        0.105     8.809 r  u_wb/defaultClockArea_cpu/unsignedDivider_3/IntIssueQueuePlugin_queue_4_payload_rRegs_1_valid_i_19/O
                         net (fo=1, unplaced)         0.347     9.156    u_wb/defaultClockArea_cpu/unsignedDivider_3/IntIssueQueuePlugin_queueNext_4_payload_rRegs_1_valid
                         LUT6 (Prop_lut6_I5_O)        0.105     9.261 r  u_wb/defaultClockArea_cpu/unsignedDivider_3/IntIssueQueuePlugin_queue_4_payload_rRegs_1_valid_i_10/O
                         net (fo=1, unplaced)         0.347     9.608    u_wb/defaultClockArea_cpu/unsignedDivider_3/IntIssueQueuePlugin_queue_4_payload_rRegs_1_valid_i_10_n_0
                         LUT5 (Prop_lut5_I4_O)        0.105     9.713 r  u_wb/defaultClockArea_cpu/unsignedDivider_3/IntIssueQueuePlugin_queue_4_payload_rRegs_1_valid_i_5/O
                         net (fo=1, unplaced)         0.347    10.060    u_wb/defaultClockArea_cpu/unsignedDivider_3/IntIssueQueuePlugin_queue_4_payload_rRegs_1_valid_i_5_n_0
                         LUT6 (Prop_lut6_I0_O)        0.105    10.165 r  u_wb/defaultClockArea_cpu/unsignedDivider_3/IntIssueQueuePlugin_queue_4_payload_rRegs_1_valid_i_4/O
                         net (fo=1, unplaced)         0.347    10.512    u_wb/defaultClockArea_cpu/unsignedDivider_3/IntIssueQueuePlugin_queue_4_payload_rRegs_1_valid_i_4_n_0
                         LUT6 (Prop_lut6_I1_O)        0.105    10.617 r  u_wb/defaultClockArea_cpu/unsignedDivider_3/IntIssueQueuePlugin_queue_4_payload_rRegs_1_valid_i_2/O
                         net (fo=4, unplaced)         0.606    11.223    u_wb/defaultClockArea_cpu/unsignedDivider_3/IntIssueQueuePlugin_queue_4_payload_rRegs_1_valid_i_2_n_0
                         LUT5 (Prop_lut5_I0_O)        0.105    11.328 r  u_wb/defaultClockArea_cpu/unsignedDivider_3/IntIssueQueuePlugin_queue_2_payload_rRegs_1_valid_i_2/O
                         net (fo=1, unplaced)         0.347    11.675    u_wb/defaultClockArea_cpu/unsignedDivider_3/IntIssueQueuePlugin_queue_2_payload_rRegs_1_valid_i_2_n_0
                         LUT3 (Prop_lut3_I2_O)        0.105    11.780 r  u_wb/defaultClockArea_cpu/unsignedDivider_3/IntIssueQueuePlugin_queue_2_payload_rRegs_1_valid_i_1/O
                         net (fo=1, unplaced)         0.000    11.780    u_wb/defaultClockArea_cpu/unsignedDivider_3_n_109
                         FDRE                                         r  u_wb/defaultClockArea_cpu/IntIssueQueuePlugin_queue_2_payload_rRegs_1_valid_reg/D
  -------------------------------------------------------------------    -------------------

                         (clock aclk rise edge)      10.000    10.000 r  
                                                      0.000    10.000 r  aclk (IN)
                         net (fo=0)                   0.000    10.000    aclk
                         IBUF (Prop_ibuf_I_O)         0.751    10.751 r  aclk_IBUF_inst/O
                         net (fo=1, unplaced)         0.613    11.365    aclk_IBUF
                         BUFG (Prop_bufg_I_O)         0.077    11.442 r  aclk_IBUF_BUFG_inst/O
                         net (fo=17738, unplaced)     0.439    11.881    u_wb/defaultClockArea_cpu/aclk_IBUF_BUFG
                         FDRE                                         r  u_wb/defaultClockArea_cpu/IntIssueQueuePlugin_queue_2_payload_rRegs_1_valid_reg/C
                         clock pessimism              0.167    12.048    
                         clock uncertainty           -0.035    12.012    
                         FDRE (Setup_fdre_C_D)        0.029    12.041    u_wb/defaultClockArea_cpu/IntIssueQueuePlugin_queue_2_payload_rRegs_1_valid_reg
  -------------------------------------------------------------------
                         required time                         12.041    
                         arrival time                         -11.780    
  -------------------------------------------------------------------
                         slack                                  0.262    

Slack (MET) :             0.262ns  (required time - arrival time)
  Source:                 u_wb/defaultClockArea_cpu/MULDIV_RRD_to_MULDIV_EXE_REG_READ_RSP_0_reg[31]/C
                            (rising edge-triggered cell FDRE clocked by aclk  {rise@0.000ns fall@5.000ns period=10.000ns})
  Destination:            u_wb/defaultClockArea_cpu/IntIssueQueuePlugin_queue_3_payload_rRegs_0_valid_reg/D
                            (rising edge-triggered cell FDRE clocked by aclk  {rise@0.000ns fall@5.000ns period=10.000ns})
  Path Group:             aclk
  Path Type:              Setup (Max at Slow Process Corner)
  Requirement:            10.000ns  (aclk rise@10.000ns - aclk rise@0.000ns)
  Data Path Delay:        9.587ns  (logic 3.442ns (35.903%)  route 6.145ns (64.097%))
  Logic Levels:           22  (CARRY4=8 LUT3=2 LUT4=2 LUT5=4 LUT6=6)
  Clock Path Skew:        -0.145ns (DCD - SCD + CPR)
    Destination Clock Delay (DCD):    1.881ns = ( 11.881 - 10.000 ) 
    Source Clock Delay      (SCD):    2.193ns
    Clock Pessimism Removal (CPR):    0.167ns
  Clock Uncertainty:      0.035ns  ((TSJ^2 + TIJ^2)^1/2 + DJ) / 2 + PE
    Total System Jitter     (TSJ):    0.071ns
    Total Input Jitter      (TIJ):    0.000ns
    Discrete Jitter          (DJ):    0.000ns
    Phase Error              (PE):    0.000ns

    Location             Delay type                Incr(ns)  Path(ns)    Netlist Resource(s)
  -------------------------------------------------------------------    -------------------
                         (clock aclk rise edge)       0.000     0.000 r  
                                                      0.000     0.000 r  aclk (IN)
                         net (fo=0)                   0.000     0.000    aclk
                         IBUF (Prop_ibuf_I_O)         0.882     0.882 r  aclk_IBUF_inst/O
                         net (fo=1, unplaced)         0.646     1.528    aclk_IBUF
                         BUFG (Prop_bufg_I_O)         0.081     1.609 r  aclk_IBUF_BUFG_inst/O
                         net (fo=17738, unplaced)     0.584     2.193    u_wb/defaultClockArea_cpu/aclk_IBUF_BUFG
                         FDRE                                         r  u_wb/defaultClockArea_cpu/MULDIV_RRD_to_MULDIV_EXE_REG_READ_RSP_0_reg[31]/C
  -------------------------------------------------------------------    -------------------
                         FDRE (Prop_fdre_C_Q)         0.379     2.572 r  u_wb/defaultClockArea_cpu/MULDIV_RRD_to_MULDIV_EXE_REG_READ_RSP_0_reg[31]/Q
                         net (fo=160, unplaced)       0.710     3.282    u_wb/defaultClockArea_cpu/unsignedDivider_2/p_1_in__0
                         LUT3 (Prop_lut3_I0_O)        0.232     3.514 r  u_wb/defaultClockArea_cpu/unsignedDivider_2/MULDIV_EXE_MulDivExecutePlugin_multiplier_i_48/O
                         net (fo=1, unplaced)         0.000     3.514    u_wb/defaultClockArea_cpu/unsignedDivider_2/_zz_MULDIV_EXE_MulDivExecutePlugin_absRj[1]
                         CARRY4 (Prop_carry4_S[1]_CO[3])
                                                      0.444     3.958 r  u_wb/defaultClockArea_cpu/unsignedDivider_2/MULDIV_EXE_MulDivExecutePlugin_multiplier_i_8/CO[3]
                         net (fo=1, unplaced)         0.008     3.966    u_wb/defaultClockArea_cpu/unsignedDivider_2/MULDIV_EXE_MulDivExecutePlugin_multiplier_i_8_n_0
                         CARRY4 (Prop_carry4_CI_CO[3])
                                                      0.100     4.066 r  u_wb/defaultClockArea_cpu/unsignedDivider_2/MULDIV_EXE_MulDivExecutePlugin_multiplier_i_7/CO[3]
                         net (fo=1, unplaced)         0.000     4.066    u_wb/defaultClockArea_cpu/unsignedDivider_2/MULDIV_EXE_MulDivExecutePlugin_multiplier_i_7_n_0
                         CARRY4 (Prop_carry4_CI_CO[3])
                                                      0.100     4.166 r  u_wb/defaultClockArea_cpu/unsignedDivider_2/MULDIV_EXE_MulDivExecutePlugin_multiplier_i_6/CO[3]
                         net (fo=1, unplaced)         0.000     4.166    u_wb/defaultClockArea_cpu/unsignedDivider_2/MULDIV_EXE_MulDivExecutePlugin_multiplier_i_6_n_0
                         CARRY4 (Prop_carry4_CI_CO[3])
                                                      0.100     4.266 r  u_wb/defaultClockArea_cpu/unsignedDivider_2/MULDIV_EXE_MulDivExecutePlugin_multiplier_i_5/CO[3]
                         net (fo=1, unplaced)         0.000     4.266    u_wb/defaultClockArea_cpu/unsignedDivider_2/MULDIV_EXE_MulDivExecutePlugin_multiplier_i_5_n_0
                         CARRY4 (Prop_carry4_CI_CO[3])
                                                      0.100     4.366 r  u_wb/defaultClockArea_cpu/unsignedDivider_2/MULDIV_EXE_MulDivExecutePlugin_multiplier_i_4/CO[3]
                         net (fo=1, unplaced)         0.000     4.366    u_wb/defaultClockArea_cpu/unsignedDivider_2/MULDIV_EXE_MulDivExecutePlugin_multiplier_i_4_n_0
                         CARRY4 (Prop_carry4_CI_CO[3])
                                                      0.100     4.466 r  u_wb/defaultClockArea_cpu/unsignedDivider_2/MULDIV_EXE_MulDivExecutePlugin_multiplier_i_3/CO[3]
                         net (fo=1, unplaced)         0.000     4.466    u_wb/defaultClockArea_cpu/unsignedDivider_2/MULDIV_EXE_MulDivExecutePlugin_multiplier_i_3_n_0
                         CARRY4 (Prop_carry4_CI_CO[3])
                                                      0.100     4.566 r  u_wb/defaultClockArea_cpu/unsignedDivider_2/MULDIV_EXE_MulDivExecutePlugin_multiplier_i_2/CO[3]
                         net (fo=1, unplaced)         0.000     4.566    u_wb/defaultClockArea_cpu/unsignedDivider_2/MULDIV_EXE_MulDivExecutePlugin_multiplier_i_2_n_0
                         CARRY4 (Prop_carry4_CI_O[3])
                                                      0.277     4.843 f  u_wb/defaultClockArea_cpu/unsignedDivider_2/MULDIV_EXE_MulDivExecutePlugin_multiplier_i_1/O[3]
                         net (fo=3, unplaced)         0.537     5.380    u_wb/defaultClockArea_cpu/unsignedDivider_2/A[31]
                         LUT4 (Prop_lut4_I2_O)        0.250     5.630 f  u_wb/defaultClockArea_cpu/unsignedDivider_2/MULDIV_RRD_to_MULDIV_EXE_ISSUE_SLOT_wReg[5]_i_9/O
                         net (fo=1, unplaced)         0.347     5.977    u_wb/defaultClockArea_cpu/unsignedDivider_2/MULDIV_RRD_to_MULDIV_EXE_ISSUE_SLOT_wReg[5]_i_9_n_0
                         LUT5 (Prop_lut5_I4_O)        0.105     6.082 f  u_wb/defaultClockArea_cpu/unsignedDivider_2/MULDIV_RRD_to_MULDIV_EXE_ISSUE_SLOT_wReg[5]_i_5/O
                         net (fo=1, unplaced)         0.528     6.610    u_wb/defaultClockArea_cpu/unsignedDivider_2/MULDIV_RRD_to_MULDIV_EXE_ISSUE_SLOT_wReg[5]_i_5_n_0
                         LUT4 (Prop_lut4_I0_O)        0.105     6.715 r  u_wb/defaultClockArea_cpu/unsignedDivider_2/MULDIV_RRD_to_MULDIV_EXE_ISSUE_SLOT_wReg[5]_i_4/O
                         net (fo=66, unplaced)        0.436     7.151    u_wb/defaultClockArea_cpu/unsignedDivider_3/MULDIV_RRD_to_MULDIV_EXE_ISSUE_SLOT_robIdx_reg[0]_0
                         LUT5 (Prop_lut5_I2_O)        0.105     7.256 r  u_wb/defaultClockArea_cpu/unsignedDivider_3/MULDIV_RRD_to_MULDIV_EXE_ISSUE_SLOT_wReg[5]_i_1/O
                         net (fo=95, unplaced)        0.445     7.701    u_wb/defaultClockArea_cpu/unsignedDivider_3/MULDIV_EXE_arbitration_notStuck
                         LUT6 (Prop_lut6_I3_O)        0.105     7.806 r  u_wb/defaultClockArea_cpu/unsignedDivider_3/MulDivIssueQueuePlugin_queue_2_payload_rRegs_0_valid_i_8/O
                         net (fo=99, unplaced)        0.446     8.252    u_wb/defaultClockArea_cpu/unsignedDivider_3/MulDivExecutePlugin_clrBusy_valid
                         LUT6 (Prop_lut6_I2_O)        0.105     8.357 r  u_wb/defaultClockArea_cpu/unsignedDivider_3/IntIssueQueuePlugin_queue_5_payload_rRegs_0_valid_i_17/O
                         net (fo=1, unplaced)         0.347     8.704    u_wb/defaultClockArea_cpu/unsignedDivider_3/IntIssueQueuePlugin_queue_5_payload_rRegs_0_valid_i_17_n_0
                         LUT6 (Prop_lut6_I5_O)        0.105     8.809 r  u_wb/defaultClockArea_cpu/unsignedDivider_3/IntIssueQueuePlugin_queue_5_payload_rRegs_0_valid_i_13/O
                         net (fo=1, unplaced)         0.347     9.156    u_wb/defaultClockArea_cpu/unsignedDivider_3/IntIssueQueuePlugin_queueNext_5_payload_rRegs_0_valid
                         LUT6 (Prop_lut6_I5_O)        0.105     9.261 r  u_wb/defaultClockArea_cpu/unsignedDivider_3/IntIssueQueuePlugin_queue_5_payload_rRegs_0_valid_i_10/O
                         net (fo=1, unplaced)         0.347     9.608    u_wb/defaultClockArea_cpu/unsignedDivider_3/IntIssueQueuePlugin_queue_5_payload_rRegs_0_valid_i_10_n_0
                         LUT5 (Prop_lut5_I4_O)        0.105     9.713 r  u_wb/defaultClockArea_cpu/unsignedDivider_3/IntIssueQueuePlugin_queue_5_payload_rRegs_0_valid_i_5/O
                         net (fo=1, unplaced)         0.347    10.060    u_wb/defaultClockArea_cpu/unsignedDivider_3/IntIssueQueuePlugin_queue_5_payload_rRegs_0_valid_i_5_n_0
                         LUT6 (Prop_lut6_I0_O)        0.105    10.165 r  u_wb/defaultClockArea_cpu/unsignedDivider_3/IntIssueQueuePlugin_queue_5_payload_rRegs_0_valid_i_4/O
                         net (fo=1, unplaced)         0.347    10.512    u_wb/defaultClockArea_cpu/unsignedDivider_3/IntIssueQueuePlugin_queue_5_payload_rRegs_0_valid_i_4_n_0
                         LUT6 (Prop_lut6_I1_O)        0.105    10.617 r  u_wb/defaultClockArea_cpu/unsignedDivider_3/IntIssueQueuePlugin_queue_5_payload_rRegs_0_valid_i_2/O
                         net (fo=4, unplaced)         0.606    11.223    u_wb/defaultClockArea_cpu/unsignedDivider_3/IntIssueQueuePlugin_queue_5_payload_rRegs_0_valid_i_2_n_0
                         LUT5 (Prop_lut5_I0_O)        0.105    11.328 r  u_wb/defaultClockArea_cpu/unsignedDivider_3/IntIssueQueuePlugin_queue_3_payload_rRegs_0_valid_i_2/O
                         net (fo=1, unplaced)         0.347    11.675    u_wb/defaultClockArea_cpu/unsignedDivider_3/IntIssueQueuePlugin_queue_3_payload_rRegs_0_valid_i_2_n_0
                         LUT3 (Prop_lut3_I2_O)        0.105    11.780 r  u_wb/defaultClockArea_cpu/unsignedDivider_3/IntIssueQueuePlugin_queue_3_payload_rRegs_0_valid_i_1/O
                         net (fo=1, unplaced)         0.000    11.780    u_wb/defaultClockArea_cpu/unsignedDivider_3_n_105
                         FDRE                                         r  u_wb/defaultClockArea_cpu/IntIssueQueuePlugin_queue_3_payload_rRegs_0_valid_reg/D
  -------------------------------------------------------------------    -------------------

                         (clock aclk rise edge)      10.000    10.000 r  
                                                      0.000    10.000 r  aclk (IN)
                         net (fo=0)                   0.000    10.000    aclk
                         IBUF (Prop_ibuf_I_O)         0.751    10.751 r  aclk_IBUF_inst/O
                         net (fo=1, unplaced)         0.613    11.365    aclk_IBUF
                         BUFG (Prop_bufg_I_O)         0.077    11.442 r  aclk_IBUF_BUFG_inst/O
                         net (fo=17738, unplaced)     0.439    11.881    u_wb/defaultClockArea_cpu/aclk_IBUF_BUFG
                         FDRE                                         r  u_wb/defaultClockArea_cpu/IntIssueQueuePlugin_queue_3_payload_rRegs_0_valid_reg/C
                         clock pessimism              0.167    12.048    
                         clock uncertainty           -0.035    12.012    
                         FDRE (Setup_fdre_C_D)        0.029    12.041    u_wb/defaultClockArea_cpu/IntIssueQueuePlugin_queue_3_payload_rRegs_0_valid_reg
  -------------------------------------------------------------------
                         required time                         12.041    
                         arrival time                         -11.780    
  -------------------------------------------------------------------
                         slack                                  0.262    

Slack (MET) :             0.262ns  (required time - arrival time)
  Source:                 u_wb/defaultClockArea_cpu/MULDIV_RRD_to_MULDIV_EXE_REG_READ_RSP_0_reg[31]/C
                            (rising edge-triggered cell FDRE clocked by aclk  {rise@0.000ns fall@5.000ns period=10.000ns})
  Destination:            u_wb/defaultClockArea_cpu/IntIssueQueuePlugin_queue_3_payload_rRegs_1_valid_reg/D
                            (rising edge-triggered cell FDRE clocked by aclk  {rise@0.000ns fall@5.000ns period=10.000ns})
  Path Group:             aclk
  Path Type:              Setup (Max at Slow Process Corner)
  Requirement:            10.000ns  (aclk rise@10.000ns - aclk rise@0.000ns)
  Data Path Delay:        9.587ns  (logic 3.442ns (35.903%)  route 6.145ns (64.097%))
  Logic Levels:           22  (CARRY4=8 LUT3=2 LUT4=2 LUT5=4 LUT6=6)
  Clock Path Skew:        -0.145ns (DCD - SCD + CPR)
    Destination Clock Delay (DCD):    1.881ns = ( 11.881 - 10.000 ) 
    Source Clock Delay      (SCD):    2.193ns
    Clock Pessimism Removal (CPR):    0.167ns
  Clock Uncertainty:      0.035ns  ((TSJ^2 + TIJ^2)^1/2 + DJ) / 2 + PE
    Total System Jitter     (TSJ):    0.071ns
    Total Input Jitter      (TIJ):    0.000ns
    Discrete Jitter          (DJ):    0.000ns
    Phase Error              (PE):    0.000ns

    Location             Delay type                Incr(ns)  Path(ns)    Netlist Resource(s)
  -------------------------------------------------------------------    -------------------
                         (clock aclk rise edge)       0.000     0.000 r  
                                                      0.000     0.000 r  aclk (IN)
                         net (fo=0)                   0.000     0.000    aclk
                         IBUF (Prop_ibuf_I_O)         0.882     0.882 r  aclk_IBUF_inst/O
                         net (fo=1, unplaced)         0.646     1.528    aclk_IBUF
                         BUFG (Prop_bufg_I_O)         0.081     1.609 r  aclk_IBUF_BUFG_inst/O
                         net (fo=17738, unplaced)     0.584     2.193    u_wb/defaultClockArea_cpu/aclk_IBUF_BUFG
                         FDRE                                         r  u_wb/defaultClockArea_cpu/MULDIV_RRD_to_MULDIV_EXE_REG_READ_RSP_0_reg[31]/C
  -------------------------------------------------------------------    -------------------
                         FDRE (Prop_fdre_C_Q)         0.379     2.572 r  u_wb/defaultClockArea_cpu/MULDIV_RRD_to_MULDIV_EXE_REG_READ_RSP_0_reg[31]/Q
                         net (fo=160, unplaced)       0.710     3.282    u_wb/defaultClockArea_cpu/unsignedDivider_2/p_1_in__0
                         LUT3 (Prop_lut3_I0_O)        0.232     3.514 r  u_wb/defaultClockArea_cpu/unsignedDivider_2/MULDIV_EXE_MulDivExecutePlugin_multiplier_i_48/O
                         net (fo=1, unplaced)         0.000     3.514    u_wb/defaultClockArea_cpu/unsignedDivider_2/_zz_MULDIV_EXE_MulDivExecutePlugin_absRj[1]
                         CARRY4 (Prop_carry4_S[1]_CO[3])
                                                      0.444     3.958 r  u_wb/defaultClockArea_cpu/unsignedDivider_2/MULDIV_EXE_MulDivExecutePlugin_multiplier_i_8/CO[3]
                         net (fo=1, unplaced)         0.008     3.966    u_wb/defaultClockArea_cpu/unsignedDivider_2/MULDIV_EXE_MulDivExecutePlugin_multiplier_i_8_n_0
                         CARRY4 (Prop_carry4_CI_CO[3])
                                                      0.100     4.066 r  u_wb/defaultClockArea_cpu/unsignedDivider_2/MULDIV_EXE_MulDivExecutePlugin_multiplier_i_7/CO[3]
                         net (fo=1, unplaced)         0.000     4.066    u_wb/defaultClockArea_cpu/unsignedDivider_2/MULDIV_EXE_MulDivExecutePlugin_multiplier_i_7_n_0
                         CARRY4 (Prop_carry4_CI_CO[3])
                                                      0.100     4.166 r  u_wb/defaultClockArea_cpu/unsignedDivider_2/MULDIV_EXE_MulDivExecutePlugin_multiplier_i_6/CO[3]
                         net (fo=1, unplaced)         0.000     4.166    u_wb/defaultClockArea_cpu/unsignedDivider_2/MULDIV_EXE_MulDivExecutePlugin_multiplier_i_6_n_0
                         CARRY4 (Prop_carry4_CI_CO[3])
                                                      0.100     4.266 r  u_wb/defaultClockArea_cpu/unsignedDivider_2/MULDIV_EXE_MulDivExecutePlugin_multiplier_i_5/CO[3]
                         net (fo=1, unplaced)         0.000     4.266    u_wb/defaultClockArea_cpu/unsignedDivider_2/MULDIV_EXE_MulDivExecutePlugin_multiplier_i_5_n_0
                         CARRY4 (Prop_carry4_CI_CO[3])
                                                      0.100     4.366 r  u_wb/defaultClockArea_cpu/unsignedDivider_2/MULDIV_EXE_MulDivExecutePlugin_multiplier_i_4/CO[3]
                         net (fo=1, unplaced)         0.000     4.366    u_wb/defaultClockArea_cpu/unsignedDivider_2/MULDIV_EXE_MulDivExecutePlugin_multiplier_i_4_n_0
                         CARRY4 (Prop_carry4_CI_CO[3])
                                                      0.100     4.466 r  u_wb/defaultClockArea_cpu/unsignedDivider_2/MULDIV_EXE_MulDivExecutePlugin_multiplier_i_3/CO[3]
                         net (fo=1, unplaced)         0.000     4.466    u_wb/defaultClockArea_cpu/unsignedDivider_2/MULDIV_EXE_MulDivExecutePlugin_multiplier_i_3_n_0
                         CARRY4 (Prop_carry4_CI_CO[3])
                                                      0.100     4.566 r  u_wb/defaultClockArea_cpu/unsignedDivider_2/MULDIV_EXE_MulDivExecutePlugin_multiplier_i_2/CO[3]
                         net (fo=1, unplaced)         0.000     4.566    u_wb/defaultClockArea_cpu/unsignedDivider_2/MULDIV_EXE_MulDivExecutePlugin_multiplier_i_2_n_0
                         CARRY4 (Prop_carry4_CI_O[3])
                                                      0.277     4.843 f  u_wb/defaultClockArea_cpu/unsignedDivider_2/MULDIV_EXE_MulDivExecutePlugin_multiplier_i_1/O[3]
                         net (fo=3, unplaced)         0.537     5.380    u_wb/defaultClockArea_cpu/unsignedDivider_2/A[31]
                         LUT4 (Prop_lut4_I2_O)        0.250     5.630 f  u_wb/defaultClockArea_cpu/unsignedDivider_2/MULDIV_RRD_to_MULDIV_EXE_ISSUE_SLOT_wReg[5]_i_9/O
                         net (fo=1, unplaced)         0.347     5.977    u_wb/defaultClockArea_cpu/unsignedDivider_2/MULDIV_RRD_to_MULDIV_EXE_ISSUE_SLOT_wReg[5]_i_9_n_0
                         LUT5 (Prop_lut5_I4_O)        0.105     6.082 f  u_wb/defaultClockArea_cpu/unsignedDivider_2/MULDIV_RRD_to_MULDIV_EXE_ISSUE_SLOT_wReg[5]_i_5/O
                         net (fo=1, unplaced)         0.528     6.610    u_wb/defaultClockArea_cpu/unsignedDivider_2/MULDIV_RRD_to_MULDIV_EXE_ISSUE_SLOT_wReg[5]_i_5_n_0
                         LUT4 (Prop_lut4_I0_O)        0.105     6.715 r  u_wb/defaultClockArea_cpu/unsignedDivider_2/MULDIV_RRD_to_MULDIV_EXE_ISSUE_SLOT_wReg[5]_i_4/O
                         net (fo=66, unplaced)        0.436     7.151    u_wb/defaultClockArea_cpu/unsignedDivider_3/MULDIV_RRD_to_MULDIV_EXE_ISSUE_SLOT_robIdx_reg[0]_0
                         LUT5 (Prop_lut5_I2_O)        0.105     7.256 r  u_wb/defaultClockArea_cpu/unsignedDivider_3/MULDIV_RRD_to_MULDIV_EXE_ISSUE_SLOT_wReg[5]_i_1/O
                         net (fo=95, unplaced)        0.445     7.701    u_wb/defaultClockArea_cpu/unsignedDivider_3/MULDIV_EXE_arbitration_notStuck
                         LUT6 (Prop_lut6_I3_O)        0.105     7.806 r  u_wb/defaultClockArea_cpu/unsignedDivider_3/MulDivIssueQueuePlugin_queue_2_payload_rRegs_0_valid_i_8/O
                         net (fo=99, unplaced)        0.446     8.252    u_wb/defaultClockArea_cpu/unsignedDivider_3/MulDivExecutePlugin_clrBusy_valid
                         LUT6 (Prop_lut6_I2_O)        0.105     8.357 r  u_wb/defaultClockArea_cpu/unsignedDivider_3/IntIssueQueuePlugin_queue_5_payload_rRegs_1_valid_i_23/O
                         net (fo=1, unplaced)         0.347     8.704    u_wb/defaultClockArea_cpu/unsignedDivider_3/IntIssueQueuePlugin_queue_5_payload_rRegs_1_valid_i_23_n_0
                         LUT6 (Prop_lut6_I5_O)        0.105     8.809 r  u_wb/defaultClockArea_cpu/unsignedDivider_3/IntIssueQueuePlugin_queue_5_payload_rRegs_1_valid_i_19/O
                         net (fo=1, unplaced)         0.347     9.156    u_wb/defaultClockArea_cpu/unsignedDivider_3/IntIssueQueuePlugin_queueNext_5_payload_rRegs_1_valid
                         LUT6 (Prop_lut6_I5_O)        0.105     9.261 r  u_wb/defaultClockArea_cpu/unsignedDivider_3/IntIssueQueuePlugin_queue_5_payload_rRegs_1_valid_i_10/O
                         net (fo=1, unplaced)         0.347     9.608    u_wb/defaultClockArea_cpu/unsignedDivider_3/IntIssueQueuePlugin_queue_5_payload_rRegs_1_valid_i_10_n_0
                         LUT5 (Prop_lut5_I4_O)        0.105     9.713 r  u_wb/defaultClockArea_cpu/unsignedDivider_3/IntIssueQueuePlugin_queue_5_payload_rRegs_1_valid_i_5/O
                         net (fo=1, unplaced)         0.347    10.060    u_wb/defaultClockArea_cpu/unsignedDivider_3/IntIssueQueuePlugin_queue_5_payload_rRegs_1_valid_i_5_n_0
                         LUT6 (Prop_lut6_I0_O)        0.105    10.165 r  u_wb/defaultClockArea_cpu/unsignedDivider_3/IntIssueQueuePlugin_queue_5_payload_rRegs_1_valid_i_4/O
                         net (fo=1, unplaced)         0.347    10.512    u_wb/defaultClockArea_cpu/unsignedDivider_3/IntIssueQueuePlugin_queue_5_payload_rRegs_1_valid_i_4_n_0
                         LUT6 (Prop_lut6_I1_O)        0.105    10.617 r  u_wb/defaultClockArea_cpu/unsignedDivider_3/IntIssueQueuePlugin_queue_5_payload_rRegs_1_valid_i_2/O
                         net (fo=4, unplaced)         0.606    11.223    u_wb/defaultClockArea_cpu/unsignedDivider_3/IntIssueQueuePlugin_queue_5_payload_rRegs_1_valid_i_2_n_0
                         LUT5 (Prop_lut5_I0_O)        0.105    11.328 r  u_wb/defaultClockArea_cpu/unsignedDivider_3/IntIssueQueuePlugin_queue_3_payload_rRegs_1_valid_i_2/O
                         net (fo=1, unplaced)         0.347    11.675    u_wb/defaultClockArea_cpu/unsignedDivider_3/IntIssueQueuePlugin_queue_3_payload_rRegs_1_valid_i_2_n_0
                         LUT3 (Prop_lut3_I2_O)        0.105    11.780 r  u_wb/defaultClockArea_cpu/unsignedDivider_3/IntIssueQueuePlugin_queue_3_payload_rRegs_1_valid_i_1/O
                         net (fo=1, unplaced)         0.000    11.780    u_wb/defaultClockArea_cpu/unsignedDivider_3_n_108
                         FDRE                                         r  u_wb/defaultClockArea_cpu/IntIssueQueuePlugin_queue_3_payload_rRegs_1_valid_reg/D
  -------------------------------------------------------------------    -------------------

                         (clock aclk rise edge)      10.000    10.000 r  
                                                      0.000    10.000 r  aclk (IN)
                         net (fo=0)                   0.000    10.000    aclk
                         IBUF (Prop_ibuf_I_O)         0.751    10.751 r  aclk_IBUF_inst/O
                         net (fo=1, unplaced)         0.613    11.365    aclk_IBUF
                         BUFG (Prop_bufg_I_O)         0.077    11.442 r  aclk_IBUF_BUFG_inst/O
                         net (fo=17738, unplaced)     0.439    11.881    u_wb/defaultClockArea_cpu/aclk_IBUF_BUFG
                         FDRE                                         r  u_wb/defaultClockArea_cpu/IntIssueQueuePlugin_queue_3_payload_rRegs_1_valid_reg/C
                         clock pessimism              0.167    12.048    
                         clock uncertainty           -0.035    12.012    
                         FDRE (Setup_fdre_C_D)        0.029    12.041    u_wb/defaultClockArea_cpu/IntIssueQueuePlugin_queue_3_payload_rRegs_1_valid_reg
  -------------------------------------------------------------------
                         required time                         12.041    
                         arrival time                         -11.780    
  -------------------------------------------------------------------
                         slack                                  0.262    

Slack (MET) :             0.426ns  (required time - arrival time)
  Source:                 u_wb/defaultClockArea_cpu/RenamePlugin_freeList/pushPtr_reg[3]/C
                            (rising edge-triggered cell FDCE clocked by aclk  {rise@0.000ns fall@5.000ns period=10.000ns})
  Destination:            u_wb/defaultClockArea_cpu/RenamePlugin_freeList/io_pop_1_payload_reg[0]/D
                            (rising edge-triggered cell FDRE clocked by aclk  {rise@0.000ns fall@5.000ns period=10.000ns})
  Path Group:             aclk
  Path Type:              Setup (Max at Slow Process Corner)
  Requirement:            10.000ns  (aclk rise@10.000ns - aclk rise@0.000ns)
  Data Path Delay:        9.423ns  (logic 2.392ns (25.385%)  route 7.031ns (74.615%))
  Logic Levels:           15  (LUT2=3 LUT3=1 LUT4=2 LUT5=1 LUT6=7 MUXF7=1)
  Clock Path Skew:        -0.145ns (DCD - SCD + CPR)
    Destination Clock Delay (DCD):    1.881ns = ( 11.881 - 10.000 ) 
    Source Clock Delay      (SCD):    2.193ns
    Clock Pessimism Removal (CPR):    0.167ns
  Clock Uncertainty:      0.035ns  ((TSJ^2 + TIJ^2)^1/2 + DJ) / 2 + PE
    Total System Jitter     (TSJ):    0.071ns
    Total Input Jitter      (TIJ):    0.000ns
    Discrete Jitter          (DJ):    0.000ns
    Phase Error              (PE):    0.000ns

    Location             Delay type                Incr(ns)  Path(ns)    Netlist Resource(s)
  -------------------------------------------------------------------    -------------------
                         (clock aclk rise edge)       0.000     0.000 r  
                                                      0.000     0.000 r  aclk (IN)
                         net (fo=0)                   0.000     0.000    aclk
                         IBUF (Prop_ibuf_I_O)         0.882     0.882 r  aclk_IBUF_inst/O
                         net (fo=1, unplaced)         0.646     1.528    aclk_IBUF
                         BUFG (Prop_bufg_I_O)         0.081     1.609 r  aclk_IBUF_BUFG_inst/O
                         net (fo=17738, unplaced)     0.584     2.193    u_wb/defaultClockArea_cpu/RenamePlugin_freeList/aclk_IBUF_BUFG
                         FDCE                                         r  u_wb/defaultClockArea_cpu/RenamePlugin_freeList/pushPtr_reg[3]/C
  -------------------------------------------------------------------    -------------------
                         FDCE (Prop_fdce_C_Q)         0.379     2.572 r  u_wb/defaultClockArea_cpu/RenamePlugin_freeList/pushPtr_reg[3]/Q
                         net (fo=110, unplaced)       0.464     3.036    u_wb/defaultClockArea_cpu/RenamePlugin_freeList/pushPtr_reg[3]
                         LUT2 (Prop_lut2_I0_O)        0.232     3.268 f  u_wb/defaultClockArea_cpu/RenamePlugin_freeList/io_pop_1_payload[5]_i_27/O
                         net (fo=3, unplaced)         0.600     3.868    u_wb/defaultClockArea_cpu/RenamePlugin_freeList/io_pop_1_payload[5]_i_27_n_0
                         LUT6 (Prop_lut6_I3_O)        0.105     3.973 f  u_wb/defaultClockArea_cpu/RenamePlugin_freeList/isRisingOccupancy_i_23/O
                         net (fo=2, unplaced)         0.358     4.331    u_wb/defaultClockArea_cpu/RenamePlugin_freeList/isRisingOccupancy_i_23_n_0
                         LUT2 (Prop_lut2_I1_O)        0.105     4.436 r  u_wb/defaultClockArea_cpu/RenamePlugin_freeList/dataVec_0[5]_i_10/O
                         net (fo=3, unplaced)         0.365     4.801    u_wb/defaultClockArea_cpu/RenamePlugin_freeList/isRisingOccupancy_reg_0
                         LUT6 (Prop_lut6_I4_O)        0.105     4.906 f  u_wb/defaultClockArea_cpu/RenamePlugin_freeList/isRisingOccupancy_i_17/O
                         net (fo=4, unplaced)         0.371     5.277    u_wb/defaultClockArea_cpu/RenamePlugin_freeList/isRisingOccupancy_i_17_n_0
                         LUT6 (Prop_lut6_I0_O)        0.105     5.382 f  u_wb/defaultClockArea_cpu/RenamePlugin_freeList/ID_to_RENAME_DECODE_PACKET_1_payload_wbAddr[0]_i_11/O
                         net (fo=1, unplaced)         0.582     5.964    u_wb/defaultClockArea_cpu/RenamePlugin_freeList/ID_to_RENAME_DECODE_PACKET_1_payload_wbAddr[0]_i_11_n_0
                         LUT6 (Prop_lut6_I0_O)        0.105     6.069 f  u_wb/defaultClockArea_cpu/RenamePlugin_freeList/ID_to_RENAME_DECODE_PACKET_1_payload_wbAddr[0]_i_4/O
                         net (fo=6, unplaced)         0.379     6.448    u_wb/defaultClockArea_cpu/RenamePlugin_freeList/RENAME_arbitration_haltItself
                         LUT3 (Prop_lut3_I2_O)        0.105     6.553 r  u_wb/defaultClockArea_cpu/RenamePlugin_freeList/ID_to_RENAME_DECODE_PACKET_1_payload_wbAddr[0]_i_1/O
                         net (fo=519, unplaced)       0.487     7.040    u_wb/defaultClockArea_cpu/RenamePlugin_freeList/when_Pipeline_l158_19
                         LUT4 (Prop_lut4_I0_O)        0.105     7.145 r  u_wb/defaultClockArea_cpu/RenamePlugin_freeList/RenamePlugin_sRAT_3[5]_i_6/O
                         net (fo=6, unplaced)         0.614     7.759    u_wb/defaultClockArea_cpu/RenamePlugin_freeList/RENAME_RenamePlugin_regWrites_2_popPort_ready
                         LUT6 (Prop_lut6_I0_O)        0.105     7.864 r  u_wb/defaultClockArea_cpu/RenamePlugin_freeList/isRisingOccupancy_i_7/O
                         net (fo=3, unplaced)         0.365     8.229    u_wb/defaultClockArea_cpu/RenamePlugin_freeList/RenamePlugin_freeList_io_pop_0_ready8212_in
                         LUT6 (Prop_lut6_I4_O)        0.105     8.334 r  u_wb/defaultClockArea_cpu/RenamePlugin_freeList/isRisingOccupancy_i_6/O
                         net (fo=13, unplaced)        0.378     8.712    u_wb/defaultClockArea_cpu/RenamePlugin_freeList/isRisingOccupancy_i_6_n_0
                         LUT4 (Prop_lut4_I1_O)        0.125     8.837 r  u_wb/defaultClockArea_cpu/RenamePlugin_freeList/io_pop_1_payload[5]_i_6/O
                         net (fo=3, unplaced)         0.365     9.202    u_wb/defaultClockArea_cpu/RenamePlugin_freeList/io_pop_1_payload[5]_i_6_n_0
                         LUT2 (Prop_lut2_I1_O)        0.105     9.307 r  u_wb/defaultClockArea_cpu/RenamePlugin_freeList/io_pop_1_payload[5]_i_17/O
                         net (fo=12, unplaced)        0.416     9.723    u_wb/defaultClockArea_cpu/RenamePlugin_freeList/io_pop_1_payload[5]_i_17_n_0
                         MUXF7 (Prop_muxf7_S_O)       0.259     9.982 f  u_wb/defaultClockArea_cpu/RenamePlugin_freeList/io_pop_1_payload_reg[0]_i_3/O
                         net (fo=1, unplaced)         0.940    10.922    u_wb/defaultClockArea_cpu/RenamePlugin_freeList/io_pop_1_payload_reg[0]_i_3_n_0
                         LUT6 (Prop_lut6_I0_O)        0.242    11.164 r  u_wb/defaultClockArea_cpu/RenamePlugin_freeList/io_pop_1_payload[0]_i_2/O
                         net (fo=1, unplaced)         0.347    11.511    u_wb/defaultClockArea_cpu/RenamePlugin_freeList/io_pop_1_payload[0]_i_2_n_0
                         LUT5 (Prop_lut5_I4_O)        0.105    11.616 r  u_wb/defaultClockArea_cpu/RenamePlugin_freeList/io_pop_1_payload[0]_i_1/O
                         net (fo=1, unplaced)         0.000    11.616    u_wb/defaultClockArea_cpu/RenamePlugin_freeList/io_pop_1_payload[0]_i_1_n_0
                         FDRE                                         r  u_wb/defaultClockArea_cpu/RenamePlugin_freeList/io_pop_1_payload_reg[0]/D
  -------------------------------------------------------------------    -------------------

                         (clock aclk rise edge)      10.000    10.000 r  
                                                      0.000    10.000 r  aclk (IN)
                         net (fo=0)                   0.000    10.000    aclk
                         IBUF (Prop_ibuf_I_O)         0.751    10.751 r  aclk_IBUF_inst/O
                         net (fo=1, unplaced)         0.613    11.365    aclk_IBUF
                         BUFG (Prop_bufg_I_O)         0.077    11.442 r  aclk_IBUF_BUFG_inst/O
                         net (fo=17738, unplaced)     0.439    11.881    u_wb/defaultClockArea_cpu/RenamePlugin_freeList/aclk_IBUF_BUFG
                         FDRE                                         r  u_wb/defaultClockArea_cpu/RenamePlugin_freeList/io_pop_1_payload_reg[0]/C
                         clock pessimism              0.167    12.048    
                         clock uncertainty           -0.035    12.012    
                         FDRE (Setup_fdre_C_D)        0.029    12.041    u_wb/defaultClockArea_cpu/RenamePlugin_freeList/io_pop_1_payload_reg[0]
  -------------------------------------------------------------------
                         required time                         12.041    
                         arrival time                         -11.616    
  -------------------------------------------------------------------
                         slack                                  0.426    

Slack (MET) :             0.445ns  (required time - arrival time)
  Source:                 u_wb/defaultClockArea_cpu/RenamePlugin_freeList/pushPtr_reg[3]/C
                            (rising edge-triggered cell FDCE clocked by aclk  {rise@0.000ns fall@5.000ns period=10.000ns})
  Destination:            u_wb/defaultClockArea_cpu/RenamePlugin_freeList/io_pop_1_payload_reg[1]/D
                            (rising edge-triggered cell FDRE clocked by aclk  {rise@0.000ns fall@5.000ns period=10.000ns})
  Path Group:             aclk
  Path Type:              Setup (Max at Slow Process Corner)
  Requirement:            10.000ns  (aclk rise@10.000ns - aclk rise@0.000ns)
  Data Path Delay:        9.404ns  (logic 2.392ns (25.436%)  route 7.012ns (74.564%))
  Logic Levels:           15  (LUT2=3 LUT3=1 LUT4=2 LUT5=1 LUT6=7 MUXF7=1)
  Clock Path Skew:        -0.145ns (DCD - SCD + CPR)
    Destination Clock Delay (DCD):    1.881ns = ( 11.881 - 10.000 ) 
    Source Clock Delay      (SCD):    2.193ns
    Clock Pessimism Removal (CPR):    0.167ns
  Clock Uncertainty:      0.035ns  ((TSJ^2 + TIJ^2)^1/2 + DJ) / 2 + PE
    Total System Jitter     (TSJ):    0.071ns
    Total Input Jitter      (TIJ):    0.000ns
    Discrete Jitter          (DJ):    0.000ns
    Phase Error              (PE):    0.000ns

    Location             Delay type                Incr(ns)  Path(ns)    Netlist Resource(s)
  -------------------------------------------------------------------    -------------------
                         (clock aclk rise edge)       0.000     0.000 r  
                                                      0.000     0.000 r  aclk (IN)
                         net (fo=0)                   0.000     0.000    aclk
                         IBUF (Prop_ibuf_I_O)         0.882     0.882 r  aclk_IBUF_inst/O
                         net (fo=1, unplaced)         0.646     1.528    aclk_IBUF
                         BUFG (Prop_bufg_I_O)         0.081     1.609 r  aclk_IBUF_BUFG_inst/O
                         net (fo=17738, unplaced)     0.584     2.193    u_wb/defaultClockArea_cpu/RenamePlugin_freeList/aclk_IBUF_BUFG
                         FDCE                                         r  u_wb/defaultClockArea_cpu/RenamePlugin_freeList/pushPtr_reg[3]/C
  -------------------------------------------------------------------    -------------------
                         FDCE (Prop_fdce_C_Q)         0.379     2.572 r  u_wb/defaultClockArea_cpu/RenamePlugin_freeList/pushPtr_reg[3]/Q
                         net (fo=110, unplaced)       0.464     3.036    u_wb/defaultClockArea_cpu/RenamePlugin_freeList/pushPtr_reg[3]
                         LUT2 (Prop_lut2_I0_O)        0.232     3.268 f  u_wb/defaultClockArea_cpu/RenamePlugin_freeList/io_pop_1_payload[5]_i_27/O
                         net (fo=3, unplaced)         0.600     3.868    u_wb/defaultClockArea_cpu/RenamePlugin_freeList/io_pop_1_payload[5]_i_27_n_0
                         LUT6 (Prop_lut6_I3_O)        0.105     3.973 f  u_wb/defaultClockArea_cpu/RenamePlugin_freeList/isRisingOccupancy_i_23/O
                         net (fo=2, unplaced)         0.358     4.331    u_wb/defaultClockArea_cpu/RenamePlugin_freeList/isRisingOccupancy_i_23_n_0
                         LUT2 (Prop_lut2_I1_O)        0.105     4.436 r  u_wb/defaultClockArea_cpu/RenamePlugin_freeList/dataVec_0[5]_i_10/O
                         net (fo=3, unplaced)         0.365     4.801    u_wb/defaultClockArea_cpu/RenamePlugin_freeList/isRisingOccupancy_reg_0
                         LUT6 (Prop_lut6_I4_O)        0.105     4.906 f  u_wb/defaultClockArea_cpu/RenamePlugin_freeList/isRisingOccupancy_i_17/O
                         net (fo=4, unplaced)         0.371     5.277    u_wb/defaultClockArea_cpu/RenamePlugin_freeList/isRisingOccupancy_i_17_n_0
                         LUT6 (Prop_lut6_I0_O)        0.105     5.382 f  u_wb/defaultClockArea_cpu/RenamePlugin_freeList/ID_to_RENAME_DECODE_PACKET_1_payload_wbAddr[0]_i_11/O
                         net (fo=1, unplaced)         0.582     5.964    u_wb/defaultClockArea_cpu/RenamePlugin_freeList/ID_to_RENAME_DECODE_PACKET_1_payload_wbAddr[0]_i_11_n_0
                         LUT6 (Prop_lut6_I0_O)        0.105     6.069 f  u_wb/defaultClockArea_cpu/RenamePlugin_freeList/ID_to_RENAME_DECODE_PACKET_1_payload_wbAddr[0]_i_4/O
                         net (fo=6, unplaced)         0.379     6.448    u_wb/defaultClockArea_cpu/RenamePlugin_freeList/RENAME_arbitration_haltItself
                         LUT3 (Prop_lut3_I2_O)        0.105     6.553 r  u_wb/defaultClockArea_cpu/RenamePlugin_freeList/ID_to_RENAME_DECODE_PACKET_1_payload_wbAddr[0]_i_1/O
                         net (fo=519, unplaced)       0.487     7.040    u_wb/defaultClockArea_cpu/RenamePlugin_freeList/when_Pipeline_l158_19
                         LUT4 (Prop_lut4_I0_O)        0.105     7.145 r  u_wb/defaultClockArea_cpu/RenamePlugin_freeList/RenamePlugin_sRAT_3[5]_i_6/O
                         net (fo=6, unplaced)         0.614     7.759    u_wb/defaultClockArea_cpu/RenamePlugin_freeList/RENAME_RenamePlugin_regWrites_2_popPort_ready
                         LUT6 (Prop_lut6_I0_O)        0.105     7.864 r  u_wb/defaultClockArea_cpu/RenamePlugin_freeList/isRisingOccupancy_i_7/O
                         net (fo=3, unplaced)         0.365     8.229    u_wb/defaultClockArea_cpu/RenamePlugin_freeList/RenamePlugin_freeList_io_pop_0_ready8212_in
                         LUT6 (Prop_lut6_I4_O)        0.105     8.334 r  u_wb/defaultClockArea_cpu/RenamePlugin_freeList/isRisingOccupancy_i_6/O
                         net (fo=13, unplaced)        0.378     8.712    u_wb/defaultClockArea_cpu/RenamePlugin_freeList/isRisingOccupancy_i_6_n_0
                         LUT4 (Prop_lut4_I1_O)        0.125     8.837 r  u_wb/defaultClockArea_cpu/RenamePlugin_freeList/io_pop_1_payload[5]_i_6/O
                         net (fo=3, unplaced)         0.365     9.202    u_wb/defaultClockArea_cpu/RenamePlugin_freeList/io_pop_1_payload[5]_i_6_n_0
                         LUT2 (Prop_lut2_I1_O)        0.105     9.307 r  u_wb/defaultClockArea_cpu/RenamePlugin_freeList/io_pop_1_payload[5]_i_17/O
                         net (fo=12, unplaced)        0.416     9.723    u_wb/defaultClockArea_cpu/RenamePlugin_freeList/io_pop_1_payload[5]_i_17_n_0
                         MUXF7 (Prop_muxf7_S_O)       0.259     9.982 r  u_wb/defaultClockArea_cpu/RenamePlugin_freeList/io_pop_1_payload_reg[1]_i_3/O
                         net (fo=1, unplaced)         0.940    10.922    u_wb/defaultClockArea_cpu/RenamePlugin_freeList/io_pop_1_payload_reg[1]_i_3_n_0
                         LUT6 (Prop_lut6_I0_O)        0.242    11.164 r  u_wb/defaultClockArea_cpu/RenamePlugin_freeList/io_pop_1_payload[1]_i_2/O
                         net (fo=1, unplaced)         0.328    11.492    u_wb/defaultClockArea_cpu/RenamePlugin_freeList/io_pop_1_payload[1]_i_2_n_0
                         LUT5 (Prop_lut5_I4_O)        0.105    11.597 r  u_wb/defaultClockArea_cpu/RenamePlugin_freeList/io_pop_1_payload[1]_i_1/O
                         net (fo=1, unplaced)         0.000    11.597    u_wb/defaultClockArea_cpu/RenamePlugin_freeList/io_pop_1_payload[1]_i_1_n_0
                         FDRE                                         r  u_wb/defaultClockArea_cpu/RenamePlugin_freeList/io_pop_1_payload_reg[1]/D
  -------------------------------------------------------------------    -------------------

                         (clock aclk rise edge)      10.000    10.000 r  
                                                      0.000    10.000 r  aclk (IN)
                         net (fo=0)                   0.000    10.000    aclk
                         IBUF (Prop_ibuf_I_O)         0.751    10.751 r  aclk_IBUF_inst/O
                         net (fo=1, unplaced)         0.613    11.365    aclk_IBUF
                         BUFG (Prop_bufg_I_O)         0.077    11.442 r  aclk_IBUF_BUFG_inst/O
                         net (fo=17738, unplaced)     0.439    11.881    u_wb/defaultClockArea_cpu/RenamePlugin_freeList/aclk_IBUF_BUFG
                         FDRE                                         r  u_wb/defaultClockArea_cpu/RenamePlugin_freeList/io_pop_1_payload_reg[1]/C
                         clock pessimism              0.167    12.048    
                         clock uncertainty           -0.035    12.012    
                         FDRE (Setup_fdre_C_D)        0.029    12.041    u_wb/defaultClockArea_cpu/RenamePlugin_freeList/io_pop_1_payload_reg[1]
  -------------------------------------------------------------------
                         required time                         12.041    
                         arrival time                         -11.597    
  -------------------------------------------------------------------
                         slack                                  0.445    

Slack (MET) :             0.490ns  (required time - arrival time)
  Source:                 u_wb/defaultClockArea_cpu/RenamePlugin_freeList/pushPtr_reg[3]/C
                            (rising edge-triggered cell FDCE clocked by aclk  {rise@0.000ns fall@5.000ns period=10.000ns})
  Destination:            u_wb/defaultClockArea_cpu/RenamePlugin_freeList/io_pop_1_payload_reg[2]/D
                            (rising edge-triggered cell FDRE clocked by aclk  {rise@0.000ns fall@5.000ns period=10.000ns})
  Path Group:             aclk
  Path Type:              Setup (Max at Slow Process Corner)
  Requirement:            10.000ns  (aclk rise@10.000ns - aclk rise@0.000ns)
  Data Path Delay:        9.359ns  (logic 2.081ns (22.235%)  route 7.278ns (77.765%))
  Logic Levels:           15  (LUT2=3 LUT3=1 LUT4=1 LUT5=2 LUT6=8)
  Clock Path Skew:        -0.145ns (DCD - SCD + CPR)
    Destination Clock Delay (DCD):    1.881ns = ( 11.881 - 10.000 ) 
    Source Clock Delay      (SCD):    2.193ns
    Clock Pessimism Removal (CPR):    0.167ns
  Clock Uncertainty:      0.035ns  ((TSJ^2 + TIJ^2)^1/2 + DJ) / 2 + PE
    Total System Jitter     (TSJ):    0.071ns
    Total Input Jitter      (TIJ):    0.000ns
    Discrete Jitter          (DJ):    0.000ns
    Phase Error              (PE):    0.000ns

    Location             Delay type                Incr(ns)  Path(ns)    Netlist Resource(s)
  -------------------------------------------------------------------    -------------------
                         (clock aclk rise edge)       0.000     0.000 r  
                                                      0.000     0.000 r  aclk (IN)
                         net (fo=0)                   0.000     0.000    aclk
                         IBUF (Prop_ibuf_I_O)         0.882     0.882 r  aclk_IBUF_inst/O
                         net (fo=1, unplaced)         0.646     1.528    aclk_IBUF
                         BUFG (Prop_bufg_I_O)         0.081     1.609 r  aclk_IBUF_BUFG_inst/O
                         net (fo=17738, unplaced)     0.584     2.193    u_wb/defaultClockArea_cpu/RenamePlugin_freeList/aclk_IBUF_BUFG
                         FDCE                                         r  u_wb/defaultClockArea_cpu/RenamePlugin_freeList/pushPtr_reg[3]/C
  -------------------------------------------------------------------    -------------------
                         FDCE (Prop_fdce_C_Q)         0.379     2.572 r  u_wb/defaultClockArea_cpu/RenamePlugin_freeList/pushPtr_reg[3]/Q
                         net (fo=110, unplaced)       0.464     3.036    u_wb/defaultClockArea_cpu/RenamePlugin_freeList/pushPtr_reg[3]
                         LUT2 (Prop_lut2_I0_O)        0.232     3.268 f  u_wb/defaultClockArea_cpu/RenamePlugin_freeList/io_pop_1_payload[5]_i_27/O
                         net (fo=3, unplaced)         0.600     3.868    u_wb/defaultClockArea_cpu/RenamePlugin_freeList/io_pop_1_payload[5]_i_27_n_0
                         LUT6 (Prop_lut6_I3_O)        0.105     3.973 f  u_wb/defaultClockArea_cpu/RenamePlugin_freeList/isRisingOccupancy_i_23/O
                         net (fo=2, unplaced)         0.358     4.331    u_wb/defaultClockArea_cpu/RenamePlugin_freeList/isRisingOccupancy_i_23_n_0
                         LUT2 (Prop_lut2_I1_O)        0.105     4.436 r  u_wb/defaultClockArea_cpu/RenamePlugin_freeList/dataVec_0[5]_i_10/O
                         net (fo=3, unplaced)         0.365     4.801    u_wb/defaultClockArea_cpu/RenamePlugin_freeList/isRisingOccupancy_reg_0
                         LUT6 (Prop_lut6_I4_O)        0.105     4.906 f  u_wb/defaultClockArea_cpu/RenamePlugin_freeList/isRisingOccupancy_i_17/O
                         net (fo=4, unplaced)         0.371     5.277    u_wb/defaultClockArea_cpu/RenamePlugin_freeList/isRisingOccupancy_i_17_n_0
                         LUT6 (Prop_lut6_I0_O)        0.105     5.382 f  u_wb/defaultClockArea_cpu/RenamePlugin_freeList/ID_to_RENAME_DECODE_PACKET_1_payload_wbAddr[0]_i_11/O
                         net (fo=1, unplaced)         0.582     5.964    u_wb/defaultClockArea_cpu/RenamePlugin_freeList/ID_to_RENAME_DECODE_PACKET_1_payload_wbAddr[0]_i_11_n_0
                         LUT6 (Prop_lut6_I0_O)        0.105     6.069 f  u_wb/defaultClockArea_cpu/RenamePlugin_freeList/ID_to_RENAME_DECODE_PACKET_1_payload_wbAddr[0]_i_4/O
                         net (fo=6, unplaced)         0.379     6.448    u_wb/defaultClockArea_cpu/RenamePlugin_freeList/RENAME_arbitration_haltItself
                         LUT3 (Prop_lut3_I2_O)        0.105     6.553 r  u_wb/defaultClockArea_cpu/RenamePlugin_freeList/ID_to_RENAME_DECODE_PACKET_1_payload_wbAddr[0]_i_1/O
                         net (fo=519, unplaced)       0.487     7.040    u_wb/defaultClockArea_cpu/RenamePlugin_freeList/when_Pipeline_l158_19
                         LUT4 (Prop_lut4_I0_O)        0.105     7.145 r  u_wb/defaultClockArea_cpu/RenamePlugin_freeList/RenamePlugin_sRAT_3[5]_i_6/O
                         net (fo=6, unplaced)         0.614     7.759    u_wb/defaultClockArea_cpu/RenamePlugin_freeList/RENAME_RenamePlugin_regWrites_2_popPort_ready
                         LUT6 (Prop_lut6_I0_O)        0.105     7.864 r  u_wb/defaultClockArea_cpu/RenamePlugin_freeList/isRisingOccupancy_i_7/O
                         net (fo=3, unplaced)         0.365     8.229    u_wb/defaultClockArea_cpu/RenamePlugin_freeList/RenamePlugin_freeList_io_pop_0_ready8212_in
                         LUT6 (Prop_lut6_I4_O)        0.105     8.334 r  u_wb/defaultClockArea_cpu/RenamePlugin_freeList/isRisingOccupancy_i_6/O
                         net (fo=13, unplaced)        0.397     8.731    u_wb/defaultClockArea_cpu/RenamePlugin_freeList/isRisingOccupancy_i_6_n_0
                         LUT2 (Prop_lut2_I1_O)        0.105     8.836 r  u_wb/defaultClockArea_cpu/RenamePlugin_freeList/popPtr[0]_i_1/O
                         net (fo=49, unplaced)        0.429     9.265    u_wb/defaultClockArea_cpu/RenamePlugin_freeList/_zz_io_pop_0_payload_2[0]
                         LUT6 (Prop_lut6_I4_O)        0.105     9.370 r  u_wb/defaultClockArea_cpu/RenamePlugin_freeList/io_pop_1_payload[2]_i_10/O
                         net (fo=1, unplaced)         0.938    10.308    u_wb/defaultClockArea_cpu/RenamePlugin_freeList/io_pop_1_payload[2]_i_10_n_0
                         LUT5 (Prop_lut5_I1_O)        0.105    10.413 r  u_wb/defaultClockArea_cpu/RenamePlugin_freeList/io_pop_1_payload[2]_i_6/O
                         net (fo=1, unplaced)         0.347    10.760    u_wb/defaultClockArea_cpu/RenamePlugin_freeList/io_pop_1_payload[2]_i_6_n_0
                         LUT5 (Prop_lut5_I4_O)        0.105    10.865 r  u_wb/defaultClockArea_cpu/RenamePlugin_freeList/io_pop_1_payload[2]_i_2/O
                         net (fo=1, unplaced)         0.582    11.447    u_wb/defaultClockArea_cpu/RenamePlugin_freeList/io_pop_1_payload[2]_i_2_n_0
                         LUT6 (Prop_lut6_I2_O)        0.105    11.552 r  u_wb/defaultClockArea_cpu/RenamePlugin_freeList/io_pop_1_payload[2]_i_1/O
                         net (fo=1, unplaced)         0.000    11.552    u_wb/defaultClockArea_cpu/RenamePlugin_freeList/io_pop_1_payload[2]_i_1_n_0
                         FDRE                                         r  u_wb/defaultClockArea_cpu/RenamePlugin_freeList/io_pop_1_payload_reg[2]/D
  -------------------------------------------------------------------    -------------------

                         (clock aclk rise edge)      10.000    10.000 r  
                                                      0.000    10.000 r  aclk (IN)
                         net (fo=0)                   0.000    10.000    aclk
                         IBUF (Prop_ibuf_I_O)         0.751    10.751 r  aclk_IBUF_inst/O
                         net (fo=1, unplaced)         0.613    11.365    aclk_IBUF
                         BUFG (Prop_bufg_I_O)         0.077    11.442 r  aclk_IBUF_BUFG_inst/O
                         net (fo=17738, unplaced)     0.439    11.881    u_wb/defaultClockArea_cpu/RenamePlugin_freeList/aclk_IBUF_BUFG
                         FDRE                                         r  u_wb/defaultClockArea_cpu/RenamePlugin_freeList/io_pop_1_payload_reg[2]/C
                         clock pessimism              0.167    12.048    
                         clock uncertainty           -0.035    12.012    
                         FDRE (Setup_fdre_C_D)        0.029    12.041    u_wb/defaultClockArea_cpu/RenamePlugin_freeList/io_pop_1_payload_reg[2]
  -------------------------------------------------------------------
                         required time                         12.041    
                         arrival time                         -11.552    
  -------------------------------------------------------------------
                         slack                                  0.490    

Slack (MET) :             0.490ns  (required time - arrival time)
  Source:                 u_wb/defaultClockArea_cpu/RenamePlugin_freeList/pushPtr_reg[3]/C
                            (rising edge-triggered cell FDCE clocked by aclk  {rise@0.000ns fall@5.000ns period=10.000ns})
  Destination:            u_wb/defaultClockArea_cpu/RenamePlugin_freeList/io_pop_1_payload_reg[3]/D
                            (rising edge-triggered cell FDRE clocked by aclk  {rise@0.000ns fall@5.000ns period=10.000ns})
  Path Group:             aclk
  Path Type:              Setup (Max at Slow Process Corner)
  Requirement:            10.000ns  (aclk rise@10.000ns - aclk rise@0.000ns)
  Data Path Delay:        9.359ns  (logic 2.081ns (22.235%)  route 7.278ns (77.765%))
  Logic Levels:           15  (LUT2=3 LUT3=1 LUT4=1 LUT5=2 LUT6=8)
  Clock Path Skew:        -0.145ns (DCD - SCD + CPR)
    Destination Clock Delay (DCD):    1.881ns = ( 11.881 - 10.000 ) 
    Source Clock Delay      (SCD):    2.193ns
    Clock Pessimism Removal (CPR):    0.167ns
  Clock Uncertainty:      0.035ns  ((TSJ^2 + TIJ^2)^1/2 + DJ) / 2 + PE
    Total System Jitter     (TSJ):    0.071ns
    Total Input Jitter      (TIJ):    0.000ns
    Discrete Jitter          (DJ):    0.000ns
    Phase Error              (PE):    0.000ns

    Location             Delay type                Incr(ns)  Path(ns)    Netlist Resource(s)
  -------------------------------------------------------------------    -------------------
                         (clock aclk rise edge)       0.000     0.000 r  
                                                      0.000     0.000 r  aclk (IN)
                         net (fo=0)                   0.000     0.000    aclk
                         IBUF (Prop_ibuf_I_O)         0.882     0.882 r  aclk_IBUF_inst/O
                         net (fo=1, unplaced)         0.646     1.528    aclk_IBUF
                         BUFG (Prop_bufg_I_O)         0.081     1.609 r  aclk_IBUF_BUFG_inst/O
                         net (fo=17738, unplaced)     0.584     2.193    u_wb/defaultClockArea_cpu/RenamePlugin_freeList/aclk_IBUF_BUFG
                         FDCE                                         r  u_wb/defaultClockArea_cpu/RenamePlugin_freeList/pushPtr_reg[3]/C
  -------------------------------------------------------------------    -------------------
                         FDCE (Prop_fdce_C_Q)         0.379     2.572 r  u_wb/defaultClockArea_cpu/RenamePlugin_freeList/pushPtr_reg[3]/Q
                         net (fo=110, unplaced)       0.464     3.036    u_wb/defaultClockArea_cpu/RenamePlugin_freeList/pushPtr_reg[3]
                         LUT2 (Prop_lut2_I0_O)        0.232     3.268 f  u_wb/defaultClockArea_cpu/RenamePlugin_freeList/io_pop_1_payload[5]_i_27/O
                         net (fo=3, unplaced)         0.600     3.868    u_wb/defaultClockArea_cpu/RenamePlugin_freeList/io_pop_1_payload[5]_i_27_n_0
                         LUT6 (Prop_lut6_I3_O)        0.105     3.973 f  u_wb/defaultClockArea_cpu/RenamePlugin_freeList/isRisingOccupancy_i_23/O
                         net (fo=2, unplaced)         0.358     4.331    u_wb/defaultClockArea_cpu/RenamePlugin_freeList/isRisingOccupancy_i_23_n_0
                         LUT2 (Prop_lut2_I1_O)        0.105     4.436 r  u_wb/defaultClockArea_cpu/RenamePlugin_freeList/dataVec_0[5]_i_10/O
                         net (fo=3, unplaced)         0.365     4.801    u_wb/defaultClockArea_cpu/RenamePlugin_freeList/isRisingOccupancy_reg_0
                         LUT6 (Prop_lut6_I4_O)        0.105     4.906 f  u_wb/defaultClockArea_cpu/RenamePlugin_freeList/isRisingOccupancy_i_17/O
                         net (fo=4, unplaced)         0.371     5.277    u_wb/defaultClockArea_cpu/RenamePlugin_freeList/isRisingOccupancy_i_17_n_0
                         LUT6 (Prop_lut6_I0_O)        0.105     5.382 f  u_wb/defaultClockArea_cpu/RenamePlugin_freeList/ID_to_RENAME_DECODE_PACKET_1_payload_wbAddr[0]_i_11/O
                         net (fo=1, unplaced)         0.582     5.964    u_wb/defaultClockArea_cpu/RenamePlugin_freeList/ID_to_RENAME_DECODE_PACKET_1_payload_wbAddr[0]_i_11_n_0
                         LUT6 (Prop_lut6_I0_O)        0.105     6.069 f  u_wb/defaultClockArea_cpu/RenamePlugin_freeList/ID_to_RENAME_DECODE_PACKET_1_payload_wbAddr[0]_i_4/O
                         net (fo=6, unplaced)         0.379     6.448    u_wb/defaultClockArea_cpu/RenamePlugin_freeList/RENAME_arbitration_haltItself
                         LUT3 (Prop_lut3_I2_O)        0.105     6.553 r  u_wb/defaultClockArea_cpu/RenamePlugin_freeList/ID_to_RENAME_DECODE_PACKET_1_payload_wbAddr[0]_i_1/O
                         net (fo=519, unplaced)       0.487     7.040    u_wb/defaultClockArea_cpu/RenamePlugin_freeList/when_Pipeline_l158_19
                         LUT4 (Prop_lut4_I0_O)        0.105     7.145 r  u_wb/defaultClockArea_cpu/RenamePlugin_freeList/RenamePlugin_sRAT_3[5]_i_6/O
                         net (fo=6, unplaced)         0.614     7.759    u_wb/defaultClockArea_cpu/RenamePlugin_freeList/RENAME_RenamePlugin_regWrites_2_popPort_ready
                         LUT6 (Prop_lut6_I0_O)        0.105     7.864 r  u_wb/defaultClockArea_cpu/RenamePlugin_freeList/isRisingOccupancy_i_7/O
                         net (fo=3, unplaced)         0.365     8.229    u_wb/defaultClockArea_cpu/RenamePlugin_freeList/RenamePlugin_freeList_io_pop_0_ready8212_in
                         LUT6 (Prop_lut6_I4_O)        0.105     8.334 r  u_wb/defaultClockArea_cpu/RenamePlugin_freeList/isRisingOccupancy_i_6/O
                         net (fo=13, unplaced)        0.397     8.731    u_wb/defaultClockArea_cpu/RenamePlugin_freeList/isRisingOccupancy_i_6_n_0
                         LUT2 (Prop_lut2_I1_O)        0.105     8.836 r  u_wb/defaultClockArea_cpu/RenamePlugin_freeList/popPtr[0]_i_1/O
                         net (fo=49, unplaced)        0.429     9.265    u_wb/defaultClockArea_cpu/RenamePlugin_freeList/_zz_io_pop_0_payload_2[0]
                         LUT6 (Prop_lut6_I4_O)        0.105     9.370 r  u_wb/defaultClockArea_cpu/RenamePlugin_freeList/io_pop_1_payload[3]_i_10/O
                         net (fo=1, unplaced)         0.938    10.308    u_wb/defaultClockArea_cpu/RenamePlugin_freeList/io_pop_1_payload[3]_i_10_n_0
                         LUT5 (Prop_lut5_I1_O)        0.105    10.413 r  u_wb/defaultClockArea_cpu/RenamePlugin_freeList/io_pop_1_payload[3]_i_6/O
                         net (fo=1, unplaced)         0.347    10.760    u_wb/defaultClockArea_cpu/RenamePlugin_freeList/io_pop_1_payload[3]_i_6_n_0
                         LUT5 (Prop_lut5_I4_O)        0.105    10.865 r  u_wb/defaultClockArea_cpu/RenamePlugin_freeList/io_pop_1_payload[3]_i_2/O
                         net (fo=1, unplaced)         0.582    11.447    u_wb/defaultClockArea_cpu/RenamePlugin_freeList/io_pop_1_payload[3]_i_2_n_0
                         LUT6 (Prop_lut6_I2_O)        0.105    11.552 r  u_wb/defaultClockArea_cpu/RenamePlugin_freeList/io_pop_1_payload[3]_i_1/O
                         net (fo=1, unplaced)         0.000    11.552    u_wb/defaultClockArea_cpu/RenamePlugin_freeList/io_pop_1_payload[3]_i_1_n_0
                         FDRE                                         r  u_wb/defaultClockArea_cpu/RenamePlugin_freeList/io_pop_1_payload_reg[3]/D
  -------------------------------------------------------------------    -------------------

                         (clock aclk rise edge)      10.000    10.000 r  
                                                      0.000    10.000 r  aclk (IN)
                         net (fo=0)                   0.000    10.000    aclk
                         IBUF (Prop_ibuf_I_O)         0.751    10.751 r  aclk_IBUF_inst/O
                         net (fo=1, unplaced)         0.613    11.365    aclk_IBUF
                         BUFG (Prop_bufg_I_O)         0.077    11.442 r  aclk_IBUF_BUFG_inst/O
                         net (fo=17738, unplaced)     0.439    11.881    u_wb/defaultClockArea_cpu/RenamePlugin_freeList/aclk_IBUF_BUFG
                         FDRE                                         r  u_wb/defaultClockArea_cpu/RenamePlugin_freeList/io_pop_1_payload_reg[3]/C
                         clock pessimism              0.167    12.048    
                         clock uncertainty           -0.035    12.012    
                         FDRE (Setup_fdre_C_D)        0.029    12.041    u_wb/defaultClockArea_cpu/RenamePlugin_freeList/io_pop_1_payload_reg[3]
  -------------------------------------------------------------------
                         required time                         12.041    
                         arrival time                         -11.552    
  -------------------------------------------------------------------
                         slack                                  0.490    

Slack (MET) :             0.490ns  (required time - arrival time)
  Source:                 u_wb/defaultClockArea_cpu/RenamePlugin_freeList/pushPtr_reg[3]/C
                            (rising edge-triggered cell FDCE clocked by aclk  {rise@0.000ns fall@5.000ns period=10.000ns})
  Destination:            u_wb/defaultClockArea_cpu/RenamePlugin_freeList/io_pop_1_payload_reg[4]/D
                            (rising edge-triggered cell FDRE clocked by aclk  {rise@0.000ns fall@5.000ns period=10.000ns})
  Path Group:             aclk
  Path Type:              Setup (Max at Slow Process Corner)
  Requirement:            10.000ns  (aclk rise@10.000ns - aclk rise@0.000ns)
  Data Path Delay:        9.359ns  (logic 2.081ns (22.235%)  route 7.278ns (77.765%))
  Logic Levels:           15  (LUT2=3 LUT3=1 LUT4=1 LUT5=2 LUT6=8)
  Clock Path Skew:        -0.145ns (DCD - SCD + CPR)
    Destination Clock Delay (DCD):    1.881ns = ( 11.881 - 10.000 ) 
    Source Clock Delay      (SCD):    2.193ns
    Clock Pessimism Removal (CPR):    0.167ns
  Clock Uncertainty:      0.035ns  ((TSJ^2 + TIJ^2)^1/2 + DJ) / 2 + PE
    Total System Jitter     (TSJ):    0.071ns
    Total Input Jitter      (TIJ):    0.000ns
    Discrete Jitter          (DJ):    0.000ns
    Phase Error              (PE):    0.000ns

    Location             Delay type                Incr(ns)  Path(ns)    Netlist Resource(s)
  -------------------------------------------------------------------    -------------------
                         (clock aclk rise edge)       0.000     0.000 r  
                                                      0.000     0.000 r  aclk (IN)
                         net (fo=0)                   0.000     0.000    aclk
                         IBUF (Prop_ibuf_I_O)         0.882     0.882 r  aclk_IBUF_inst/O
                         net (fo=1, unplaced)         0.646     1.528    aclk_IBUF
                         BUFG (Prop_bufg_I_O)         0.081     1.609 r  aclk_IBUF_BUFG_inst/O
                         net (fo=17738, unplaced)     0.584     2.193    u_wb/defaultClockArea_cpu/RenamePlugin_freeList/aclk_IBUF_BUFG
                         FDCE                                         r  u_wb/defaultClockArea_cpu/RenamePlugin_freeList/pushPtr_reg[3]/C
  -------------------------------------------------------------------    -------------------
                         FDCE (Prop_fdce_C_Q)         0.379     2.572 r  u_wb/defaultClockArea_cpu/RenamePlugin_freeList/pushPtr_reg[3]/Q
                         net (fo=110, unplaced)       0.464     3.036    u_wb/defaultClockArea_cpu/RenamePlugin_freeList/pushPtr_reg[3]
                         LUT2 (Prop_lut2_I0_O)        0.232     3.268 f  u_wb/defaultClockArea_cpu/RenamePlugin_freeList/io_pop_1_payload[5]_i_27/O
                         net (fo=3, unplaced)         0.600     3.868    u_wb/defaultClockArea_cpu/RenamePlugin_freeList/io_pop_1_payload[5]_i_27_n_0
                         LUT6 (Prop_lut6_I3_O)        0.105     3.973 f  u_wb/defaultClockArea_cpu/RenamePlugin_freeList/isRisingOccupancy_i_23/O
                         net (fo=2, unplaced)         0.358     4.331    u_wb/defaultClockArea_cpu/RenamePlugin_freeList/isRisingOccupancy_i_23_n_0
                         LUT2 (Prop_lut2_I1_O)        0.105     4.436 r  u_wb/defaultClockArea_cpu/RenamePlugin_freeList/dataVec_0[5]_i_10/O
                         net (fo=3, unplaced)         0.365     4.801    u_wb/defaultClockArea_cpu/RenamePlugin_freeList/isRisingOccupancy_reg_0
                         LUT6 (Prop_lut6_I4_O)        0.105     4.906 f  u_wb/defaultClockArea_cpu/RenamePlugin_freeList/isRisingOccupancy_i_17/O
                         net (fo=4, unplaced)         0.371     5.277    u_wb/defaultClockArea_cpu/RenamePlugin_freeList/isRisingOccupancy_i_17_n_0
                         LUT6 (Prop_lut6_I0_O)        0.105     5.382 f  u_wb/defaultClockArea_cpu/RenamePlugin_freeList/ID_to_RENAME_DECODE_PACKET_1_payload_wbAddr[0]_i_11/O
                         net (fo=1, unplaced)         0.582     5.964    u_wb/defaultClockArea_cpu/RenamePlugin_freeList/ID_to_RENAME_DECODE_PACKET_1_payload_wbAddr[0]_i_11_n_0
                         LUT6 (Prop_lut6_I0_O)        0.105     6.069 f  u_wb/defaultClockArea_cpu/RenamePlugin_freeList/ID_to_RENAME_DECODE_PACKET_1_payload_wbAddr[0]_i_4/O
                         net (fo=6, unplaced)         0.379     6.448    u_wb/defaultClockArea_cpu/RenamePlugin_freeList/RENAME_arbitration_haltItself
                         LUT3 (Prop_lut3_I2_O)        0.105     6.553 r  u_wb/defaultClockArea_cpu/RenamePlugin_freeList/ID_to_RENAME_DECODE_PACKET_1_payload_wbAddr[0]_i_1/O
                         net (fo=519, unplaced)       0.487     7.040    u_wb/defaultClockArea_cpu/RenamePlugin_freeList/when_Pipeline_l158_19
                         LUT4 (Prop_lut4_I0_O)        0.105     7.145 r  u_wb/defaultClockArea_cpu/RenamePlugin_freeList/RenamePlugin_sRAT_3[5]_i_6/O
                         net (fo=6, unplaced)         0.614     7.759    u_wb/defaultClockArea_cpu/RenamePlugin_freeList/RENAME_RenamePlugin_regWrites_2_popPort_ready
                         LUT6 (Prop_lut6_I0_O)        0.105     7.864 r  u_wb/defaultClockArea_cpu/RenamePlugin_freeList/isRisingOccupancy_i_7/O
                         net (fo=3, unplaced)         0.365     8.229    u_wb/defaultClockArea_cpu/RenamePlugin_freeList/RenamePlugin_freeList_io_pop_0_ready8212_in
                         LUT6 (Prop_lut6_I4_O)        0.105     8.334 r  u_wb/defaultClockArea_cpu/RenamePlugin_freeList/isRisingOccupancy_i_6/O
                         net (fo=13, unplaced)        0.397     8.731    u_wb/defaultClockArea_cpu/RenamePlugin_freeList/isRisingOccupancy_i_6_n_0
                         LUT2 (Prop_lut2_I1_O)        0.105     8.836 r  u_wb/defaultClockArea_cpu/RenamePlugin_freeList/popPtr[0]_i_1/O
                         net (fo=49, unplaced)        0.429     9.265    u_wb/defaultClockArea_cpu/RenamePlugin_freeList/_zz_io_pop_0_payload_2[0]
                         LUT6 (Prop_lut6_I4_O)        0.105     9.370 r  u_wb/defaultClockArea_cpu/RenamePlugin_freeList/io_pop_1_payload[4]_i_10/O
                         net (fo=1, unplaced)         0.938    10.308    u_wb/defaultClockArea_cpu/RenamePlugin_freeList/io_pop_1_payload[4]_i_10_n_0
                         LUT5 (Prop_lut5_I1_O)        0.105    10.413 r  u_wb/defaultClockArea_cpu/RenamePlugin_freeList/io_pop_1_payload[4]_i_6/O
                         net (fo=1, unplaced)         0.347    10.760    u_wb/defaultClockArea_cpu/RenamePlugin_freeList/io_pop_1_payload[4]_i_6_n_0
                         LUT5 (Prop_lut5_I4_O)        0.105    10.865 r  u_wb/defaultClockArea_cpu/RenamePlugin_freeList/io_pop_1_payload[4]_i_2/O
                         net (fo=1, unplaced)         0.582    11.447    u_wb/defaultClockArea_cpu/RenamePlugin_freeList/io_pop_1_payload[4]_i_2_n_0
                         LUT6 (Prop_lut6_I2_O)        0.105    11.552 r  u_wb/defaultClockArea_cpu/RenamePlugin_freeList/io_pop_1_payload[4]_i_1/O
                         net (fo=1, unplaced)         0.000    11.552    u_wb/defaultClockArea_cpu/RenamePlugin_freeList/io_pop_1_payload[4]_i_1_n_0
                         FDRE                                         r  u_wb/defaultClockArea_cpu/RenamePlugin_freeList/io_pop_1_payload_reg[4]/D
  -------------------------------------------------------------------    -------------------

                         (clock aclk rise edge)      10.000    10.000 r  
                                                      0.000    10.000 r  aclk (IN)
                         net (fo=0)                   0.000    10.000    aclk
                         IBUF (Prop_ibuf_I_O)         0.751    10.751 r  aclk_IBUF_inst/O
                         net (fo=1, unplaced)         0.613    11.365    aclk_IBUF
                         BUFG (Prop_bufg_I_O)         0.077    11.442 r  aclk_IBUF_BUFG_inst/O
                         net (fo=17738, unplaced)     0.439    11.881    u_wb/defaultClockArea_cpu/RenamePlugin_freeList/aclk_IBUF_BUFG
                         FDRE                                         r  u_wb/defaultClockArea_cpu/RenamePlugin_freeList/io_pop_1_payload_reg[4]/C
                         clock pessimism              0.167    12.048    
                         clock uncertainty           -0.035    12.012    
                         FDRE (Setup_fdre_C_D)        0.029    12.041    u_wb/defaultClockArea_cpu/RenamePlugin_freeList/io_pop_1_payload_reg[4]
  -------------------------------------------------------------------
                         required time                         12.041    
                         arrival time                         -11.552    
  -------------------------------------------------------------------
                         slack                                  0.490    

Slack (MET) :             0.490ns  (required time - arrival time)
  Source:                 u_wb/defaultClockArea_cpu/RenamePlugin_freeList/pushPtr_reg[3]/C
                            (rising edge-triggered cell FDCE clocked by aclk  {rise@0.000ns fall@5.000ns period=10.000ns})
  Destination:            u_wb/defaultClockArea_cpu/RenamePlugin_freeList/io_pop_1_payload_reg[5]/D
                            (rising edge-triggered cell FDRE clocked by aclk  {rise@0.000ns fall@5.000ns period=10.000ns})
  Path Group:             aclk
  Path Type:              Setup (Max at Slow Process Corner)
  Requirement:            10.000ns  (aclk rise@10.000ns - aclk rise@0.000ns)
  Data Path Delay:        9.359ns  (logic 2.081ns (22.235%)  route 7.278ns (77.765%))
  Logic Levels:           15  (LUT2=3 LUT3=1 LUT4=1 LUT5=2 LUT6=8)
  Clock Path Skew:        -0.145ns (DCD - SCD + CPR)
    Destination Clock Delay (DCD):    1.881ns = ( 11.881 - 10.000 ) 
    Source Clock Delay      (SCD):    2.193ns
    Clock Pessimism Removal (CPR):    0.167ns
  Clock Uncertainty:      0.035ns  ((TSJ^2 + TIJ^2)^1/2 + DJ) / 2 + PE
    Total System Jitter     (TSJ):    0.071ns
    Total Input Jitter      (TIJ):    0.000ns
    Discrete Jitter          (DJ):    0.000ns
    Phase Error              (PE):    0.000ns

    Location             Delay type                Incr(ns)  Path(ns)    Netlist Resource(s)
  -------------------------------------------------------------------    -------------------
                         (clock aclk rise edge)       0.000     0.000 r  
                                                      0.000     0.000 r  aclk (IN)
                         net (fo=0)                   0.000     0.000    aclk
                         IBUF (Prop_ibuf_I_O)         0.882     0.882 r  aclk_IBUF_inst/O
                         net (fo=1, unplaced)         0.646     1.528    aclk_IBUF
                         BUFG (Prop_bufg_I_O)         0.081     1.609 r  aclk_IBUF_BUFG_inst/O
                         net (fo=17738, unplaced)     0.584     2.193    u_wb/defaultClockArea_cpu/RenamePlugin_freeList/aclk_IBUF_BUFG
                         FDCE                                         r  u_wb/defaultClockArea_cpu/RenamePlugin_freeList/pushPtr_reg[3]/C
  -------------------------------------------------------------------    -------------------
                         FDCE (Prop_fdce_C_Q)         0.379     2.572 r  u_wb/defaultClockArea_cpu/RenamePlugin_freeList/pushPtr_reg[3]/Q
                         net (fo=110, unplaced)       0.464     3.036    u_wb/defaultClockArea_cpu/RenamePlugin_freeList/pushPtr_reg[3]
                         LUT2 (Prop_lut2_I0_O)        0.232     3.268 f  u_wb/defaultClockArea_cpu/RenamePlugin_freeList/io_pop_1_payload[5]_i_27/O
                         net (fo=3, unplaced)         0.600     3.868    u_wb/defaultClockArea_cpu/RenamePlugin_freeList/io_pop_1_payload[5]_i_27_n_0
                         LUT6 (Prop_lut6_I3_O)        0.105     3.973 f  u_wb/defaultClockArea_cpu/RenamePlugin_freeList/isRisingOccupancy_i_23/O
                         net (fo=2, unplaced)         0.358     4.331    u_wb/defaultClockArea_cpu/RenamePlugin_freeList/isRisingOccupancy_i_23_n_0
                         LUT2 (Prop_lut2_I1_O)        0.105     4.436 r  u_wb/defaultClockArea_cpu/RenamePlugin_freeList/dataVec_0[5]_i_10/O
                         net (fo=3, unplaced)         0.365     4.801    u_wb/defaultClockArea_cpu/RenamePlugin_freeList/isRisingOccupancy_reg_0
                         LUT6 (Prop_lut6_I4_O)        0.105     4.906 f  u_wb/defaultClockArea_cpu/RenamePlugin_freeList/isRisingOccupancy_i_17/O
                         net (fo=4, unplaced)         0.371     5.277    u_wb/defaultClockArea_cpu/RenamePlugin_freeList/isRisingOccupancy_i_17_n_0
                         LUT6 (Prop_lut6_I0_O)        0.105     5.382 f  u_wb/defaultClockArea_cpu/RenamePlugin_freeList/ID_to_RENAME_DECODE_PACKET_1_payload_wbAddr[0]_i_11/O
                         net (fo=1, unplaced)         0.582     5.964    u_wb/defaultClockArea_cpu/RenamePlugin_freeList/ID_to_RENAME_DECODE_PACKET_1_payload_wbAddr[0]_i_11_n_0
                         LUT6 (Prop_lut6_I0_O)        0.105     6.069 f  u_wb/defaultClockArea_cpu/RenamePlugin_freeList/ID_to_RENAME_DECODE_PACKET_1_payload_wbAddr[0]_i_4/O
                         net (fo=6, unplaced)         0.379     6.448    u_wb/defaultClockArea_cpu/RenamePlugin_freeList/RENAME_arbitration_haltItself
                         LUT3 (Prop_lut3_I2_O)        0.105     6.553 r  u_wb/defaultClockArea_cpu/RenamePlugin_freeList/ID_to_RENAME_DECODE_PACKET_1_payload_wbAddr[0]_i_1/O
                         net (fo=519, unplaced)       0.487     7.040    u_wb/defaultClockArea_cpu/RenamePlugin_freeList/when_Pipeline_l158_19
                         LUT4 (Prop_lut4_I0_O)        0.105     7.145 r  u_wb/defaultClockArea_cpu/RenamePlugin_freeList/RenamePlugin_sRAT_3[5]_i_6/O
                         net (fo=6, unplaced)         0.614     7.759    u_wb/defaultClockArea_cpu/RenamePlugin_freeList/RENAME_RenamePlugin_regWrites_2_popPort_ready
                         LUT6 (Prop_lut6_I0_O)        0.105     7.864 r  u_wb/defaultClockArea_cpu/RenamePlugin_freeList/isRisingOccupancy_i_7/O
                         net (fo=3, unplaced)         0.365     8.229    u_wb/defaultClockArea_cpu/RenamePlugin_freeList/RenamePlugin_freeList_io_pop_0_ready8212_in
                         LUT6 (Prop_lut6_I4_O)        0.105     8.334 r  u_wb/defaultClockArea_cpu/RenamePlugin_freeList/isRisingOccupancy_i_6/O
                         net (fo=13, unplaced)        0.397     8.731    u_wb/defaultClockArea_cpu/RenamePlugin_freeList/isRisingOccupancy_i_6_n_0
                         LUT2 (Prop_lut2_I1_O)        0.105     8.836 r  u_wb/defaultClockArea_cpu/RenamePlugin_freeList/popPtr[0]_i_1/O
                         net (fo=49, unplaced)        0.429     9.265    u_wb/defaultClockArea_cpu/RenamePlugin_freeList/_zz_io_pop_0_payload_2[0]
                         LUT6 (Prop_lut6_I4_O)        0.105     9.370 r  u_wb/defaultClockArea_cpu/RenamePlugin_freeList/io_pop_1_payload[5]_i_28/O
                         net (fo=1, unplaced)         0.938    10.308    u_wb/defaultClockArea_cpu/RenamePlugin_freeList/io_pop_1_payload[5]_i_28_n_0
                         LUT5 (Prop_lut5_I1_O)        0.105    10.413 r  u_wb/defaultClockArea_cpu/RenamePlugin_freeList/io_pop_1_payload[5]_i_14/O
                         net (fo=1, unplaced)         0.347    10.760    u_wb/defaultClockArea_cpu/RenamePlugin_freeList/io_pop_1_payload[5]_i_14_n_0
                         LUT5 (Prop_lut5_I4_O)        0.105    10.865 r  u_wb/defaultClockArea_cpu/RenamePlugin_freeList/io_pop_1_payload[5]_i_3/O
                         net (fo=1, unplaced)         0.582    11.447    u_wb/defaultClockArea_cpu/RenamePlugin_freeList/io_pop_1_payload[5]_i_3_n_0
                         LUT6 (Prop_lut6_I2_O)        0.105    11.552 r  u_wb/defaultClockArea_cpu/RenamePlugin_freeList/io_pop_1_payload[5]_i_1/O
                         net (fo=1, unplaced)         0.000    11.552    u_wb/defaultClockArea_cpu/RenamePlugin_freeList/io_pop_1_payload[5]_i_1_n_0
                         FDRE                                         r  u_wb/defaultClockArea_cpu/RenamePlugin_freeList/io_pop_1_payload_reg[5]/D
  -------------------------------------------------------------------    -------------------

                         (clock aclk rise edge)      10.000    10.000 r  
                                                      0.000    10.000 r  aclk (IN)
                         net (fo=0)                   0.000    10.000    aclk
                         IBUF (Prop_ibuf_I_O)         0.751    10.751 r  aclk_IBUF_inst/O
                         net (fo=1, unplaced)         0.613    11.365    aclk_IBUF
                         BUFG (Prop_bufg_I_O)         0.077    11.442 r  aclk_IBUF_BUFG_inst/O
                         net (fo=17738, unplaced)     0.439    11.881    u_wb/defaultClockArea_cpu/RenamePlugin_freeList/aclk_IBUF_BUFG
                         FDRE                                         r  u_wb/defaultClockArea_cpu/RenamePlugin_freeList/io_pop_1_payload_reg[5]/C
                         clock pessimism              0.167    12.048    
                         clock uncertainty           -0.035    12.012    
                         FDRE (Setup_fdre_C_D)        0.029    12.041    u_wb/defaultClockArea_cpu/RenamePlugin_freeList/io_pop_1_payload_reg[5]
  -------------------------------------------------------------------
                         required time                         12.041    
                         arrival time                         -11.552    
  -------------------------------------------------------------------
                         slack                                  0.490    

Slack (MET) :             0.497ns  (required time - arrival time)
  Source:                 u_wb/defaultClockArea_cpu/MULDIV_RRD_to_MULDIV_EXE_REG_READ_RSP_0_reg[31]/C
                            (rising edge-triggered cell FDRE clocked by aclk  {rise@0.000ns fall@5.000ns period=10.000ns})
  Destination:            u_wb/defaultClockArea_cpu/IntIssueQueuePlugin_queue_4_payload_rRegs_0_valid_reg/D
                            (rising edge-triggered cell FDRE clocked by aclk  {rise@0.000ns fall@5.000ns period=10.000ns})
  Path Group:             aclk
  Path Type:              Setup (Max at Slow Process Corner)
  Requirement:            10.000ns  (aclk rise@10.000ns - aclk rise@0.000ns)
  Data Path Delay:        9.352ns  (logic 3.442ns (36.805%)  route 5.910ns (63.195%))
  Logic Levels:           22  (CARRY4=8 LUT3=1 LUT4=2 LUT5=6 LUT6=5)
  Clock Path Skew:        -0.145ns (DCD - SCD + CPR)
    Destination Clock Delay (DCD):    1.881ns = ( 11.881 - 10.000 ) 
    Source Clock Delay      (SCD):    2.193ns
    Clock Pessimism Removal (CPR):    0.167ns
  Clock Uncertainty:      0.035ns  ((TSJ^2 + TIJ^2)^1/2 + DJ) / 2 + PE
    Total System Jitter     (TSJ):    0.071ns
    Total Input Jitter      (TIJ):    0.000ns
    Discrete Jitter          (DJ):    0.000ns
    Phase Error              (PE):    0.000ns

    Location             Delay type                Incr(ns)  Path(ns)    Netlist Resource(s)
  -------------------------------------------------------------------    -------------------
                         (clock aclk rise edge)       0.000     0.000 r  
                                                      0.000     0.000 r  aclk (IN)
                         net (fo=0)                   0.000     0.000    aclk
                         IBUF (Prop_ibuf_I_O)         0.882     0.882 r  aclk_IBUF_inst/O
                         net (fo=1, unplaced)         0.646     1.528    aclk_IBUF
                         BUFG (Prop_bufg_I_O)         0.081     1.609 r  aclk_IBUF_BUFG_inst/O
                         net (fo=17738, unplaced)     0.584     2.193    u_wb/defaultClockArea_cpu/aclk_IBUF_BUFG
                         FDRE                                         r  u_wb/defaultClockArea_cpu/MULDIV_RRD_to_MULDIV_EXE_REG_READ_RSP_0_reg[31]/C
  -------------------------------------------------------------------    -------------------
                         FDRE (Prop_fdre_C_Q)         0.379     2.572 r  u_wb/defaultClockArea_cpu/MULDIV_RRD_to_MULDIV_EXE_REG_READ_RSP_0_reg[31]/Q
                         net (fo=160, unplaced)       0.710     3.282    u_wb/defaultClockArea_cpu/unsignedDivider_2/p_1_in__0
                         LUT3 (Prop_lut3_I0_O)        0.232     3.514 r  u_wb/defaultClockArea_cpu/unsignedDivider_2/MULDIV_EXE_MulDivExecutePlugin_multiplier_i_48/O
                         net (fo=1, unplaced)         0.000     3.514    u_wb/defaultClockArea_cpu/unsignedDivider_2/_zz_MULDIV_EXE_MulDivExecutePlugin_absRj[1]
                         CARRY4 (Prop_carry4_S[1]_CO[3])
                                                      0.444     3.958 r  u_wb/defaultClockArea_cpu/unsignedDivider_2/MULDIV_EXE_MulDivExecutePlugin_multiplier_i_8/CO[3]
                         net (fo=1, unplaced)         0.008     3.966    u_wb/defaultClockArea_cpu/unsignedDivider_2/MULDIV_EXE_MulDivExecutePlugin_multiplier_i_8_n_0
                         CARRY4 (Prop_carry4_CI_CO[3])
                                                      0.100     4.066 r  u_wb/defaultClockArea_cpu/unsignedDivider_2/MULDIV_EXE_MulDivExecutePlugin_multiplier_i_7/CO[3]
                         net (fo=1, unplaced)         0.000     4.066    u_wb/defaultClockArea_cpu/unsignedDivider_2/MULDIV_EXE_MulDivExecutePlugin_multiplier_i_7_n_0
                         CARRY4 (Prop_carry4_CI_CO[3])
                                                      0.100     4.166 r  u_wb/defaultClockArea_cpu/unsignedDivider_2/MULDIV_EXE_MulDivExecutePlugin_multiplier_i_6/CO[3]
                         net (fo=1, unplaced)         0.000     4.166    u_wb/defaultClockArea_cpu/unsignedDivider_2/MULDIV_EXE_MulDivExecutePlugin_multiplier_i_6_n_0
                         CARRY4 (Prop_carry4_CI_CO[3])
                                                      0.100     4.266 r  u_wb/defaultClockArea_cpu/unsignedDivider_2/MULDIV_EXE_MulDivExecutePlugin_multiplier_i_5/CO[3]
                         net (fo=1, unplaced)         0.000     4.266    u_wb/defaultClockArea_cpu/unsignedDivider_2/MULDIV_EXE_MulDivExecutePlugin_multiplier_i_5_n_0
                         CARRY4 (Prop_carry4_CI_CO[3])
                                                      0.100     4.366 r  u_wb/defaultClockArea_cpu/unsignedDivider_2/MULDIV_EXE_MulDivExecutePlugin_multiplier_i_4/CO[3]
                         net (fo=1, unplaced)         0.000     4.366    u_wb/defaultClockArea_cpu/unsignedDivider_2/MULDIV_EXE_MulDivExecutePlugin_multiplier_i_4_n_0
                         CARRY4 (Prop_carry4_CI_CO[3])
                                                      0.100     4.466 r  u_wb/defaultClockArea_cpu/unsignedDivider_2/MULDIV_EXE_MulDivExecutePlugin_multiplier_i_3/CO[3]
                         net (fo=1, unplaced)         0.000     4.466    u_wb/defaultClockArea_cpu/unsignedDivider_2/MULDIV_EXE_MulDivExecutePlugin_multiplier_i_3_n_0
                         CARRY4 (Prop_carry4_CI_CO[3])
                                                      0.100     4.566 r  u_wb/defaultClockArea_cpu/unsignedDivider_2/MULDIV_EXE_MulDivExecutePlugin_multiplier_i_2/CO[3]
                         net (fo=1, unplaced)         0.000     4.566    u_wb/defaultClockArea_cpu/unsignedDivider_2/MULDIV_EXE_MulDivExecutePlugin_multiplier_i_2_n_0
                         CARRY4 (Prop_carry4_CI_O[3])
                                                      0.277     4.843 f  u_wb/defaultClockArea_cpu/unsignedDivider_2/MULDIV_EXE_MulDivExecutePlugin_multiplier_i_1/O[3]
                         net (fo=3, unplaced)         0.537     5.380    u_wb/defaultClockArea_cpu/unsignedDivider_2/A[31]
                         LUT4 (Prop_lut4_I2_O)        0.250     5.630 f  u_wb/defaultClockArea_cpu/unsignedDivider_2/MULDIV_RRD_to_MULDIV_EXE_ISSUE_SLOT_wReg[5]_i_9/O
                         net (fo=1, unplaced)         0.347     5.977    u_wb/defaultClockArea_cpu/unsignedDivider_2/MULDIV_RRD_to_MULDIV_EXE_ISSUE_SLOT_wReg[5]_i_9_n_0
                         LUT5 (Prop_lut5_I4_O)        0.105     6.082 f  u_wb/defaultClockArea_cpu/unsignedDivider_2/MULDIV_RRD_to_MULDIV_EXE_ISSUE_SLOT_wReg[5]_i_5/O
                         net (fo=1, unplaced)         0.528     6.610    u_wb/defaultClockArea_cpu/unsignedDivider_2/MULDIV_RRD_to_MULDIV_EXE_ISSUE_SLOT_wReg[5]_i_5_n_0
                         LUT4 (Prop_lut4_I0_O)        0.105     6.715 r  u_wb/defaultClockArea_cpu/unsignedDivider_2/MULDIV_RRD_to_MULDIV_EXE_ISSUE_SLOT_wReg[5]_i_4/O
                         net (fo=66, unplaced)        0.436     7.151    u_wb/defaultClockArea_cpu/unsignedDivider_3/MULDIV_RRD_to_MULDIV_EXE_ISSUE_SLOT_robIdx_reg[0]_0
                         LUT5 (Prop_lut5_I2_O)        0.105     7.256 r  u_wb/defaultClockArea_cpu/unsignedDivider_3/MULDIV_RRD_to_MULDIV_EXE_ISSUE_SLOT_wReg[5]_i_1/O
                         net (fo=95, unplaced)        0.445     7.701    u_wb/defaultClockArea_cpu/unsignedDivider_3/MULDIV_EXE_arbitration_notStuck
                         LUT6 (Prop_lut6_I3_O)        0.105     7.806 r  u_wb/defaultClockArea_cpu/unsignedDivider_3/MulDivIssueQueuePlugin_queue_2_payload_rRegs_0_valid_i_8/O
                         net (fo=99, unplaced)        0.446     8.252    u_wb/defaultClockArea_cpu/unsignedDivider_3/MulDivExecutePlugin_clrBusy_valid
                         LUT6 (Prop_lut6_I2_O)        0.105     8.357 r  u_wb/defaultClockArea_cpu/unsignedDivider_3/IntIssueQueuePlugin_queue_6_payload_rRegs_0_valid_i_46/O
                         net (fo=1, unplaced)         0.347     8.704    u_wb/defaultClockArea_cpu/unsignedDivider_3/IntIssueQueuePlugin_queue_6_payload_rRegs_0_valid_i_46_n_0
                         LUT6 (Prop_lut6_I5_O)        0.105     8.809 r  u_wb/defaultClockArea_cpu/unsignedDivider_3/IntIssueQueuePlugin_queue_6_payload_rRegs_0_valid_i_28/O
                         net (fo=1, unplaced)         0.347     9.156    u_wb/defaultClockArea_cpu/unsignedDivider_3/IntIssueQueuePlugin_queueNext_6_payload_rRegs_0_valid
                         LUT6 (Prop_lut6_I5_O)        0.105     9.261 r  u_wb/defaultClockArea_cpu/unsignedDivider_3/IntIssueQueuePlugin_queue_6_payload_rRegs_0_valid_i_17/O
                         net (fo=1, unplaced)         0.347     9.608    u_wb/defaultClockArea_cpu/unsignedDivider_3/IntIssueQueuePlugin_queue_6_payload_rRegs_0_valid_i_17_n_0
                         LUT5 (Prop_lut5_I4_O)        0.105     9.713 r  u_wb/defaultClockArea_cpu/unsignedDivider_3/IntIssueQueuePlugin_queue_6_payload_rRegs_0_valid_i_10/O
                         net (fo=1, unplaced)         0.347    10.060    u_wb/defaultClockArea_cpu/unsignedDivider_3/IntIssueQueuePlugin_queue_6_payload_rRegs_0_valid_i_10_n_0
                         LUT5 (Prop_lut5_I4_O)        0.105    10.165 r  u_wb/defaultClockArea_cpu/unsignedDivider_3/IntIssueQueuePlugin_queue_6_payload_rRegs_0_valid_i_5/O
                         net (fo=1, unplaced)         0.347    10.512    u_wb/defaultClockArea_cpu/unsignedDivider_3/IntIssueQueuePlugin_queue_6_payload_rRegs_0_valid
                         LUT5 (Prop_lut5_I2_O)        0.105    10.617 r  u_wb/defaultClockArea_cpu/unsignedDivider_3/IntIssueQueuePlugin_queue_6_payload_rRegs_0_valid_i_2/O
                         net (fo=1, unplaced)         0.347    10.964    u_wb/defaultClockArea_cpu/unsignedDivider_3/IntIssueQueuePlugin_queue_6_payload_rRegs_0_valid_i_2_n_0
                         LUT5 (Prop_lut5_I0_O)        0.105    11.069 r  u_wb/defaultClockArea_cpu/unsignedDivider_3/IntIssueQueuePlugin_queue_6_payload_rRegs_0_valid_i_1/O
                         net (fo=4, unplaced)         0.371    11.440    u_wb/defaultClockArea_cpu/unsignedDivider_3/IntIssueQueuePlugin_queue_4_valid_reg_2
                         LUT6 (Prop_lut6_I2_O)        0.105    11.545 r  u_wb/defaultClockArea_cpu/unsignedDivider_3/IntIssueQueuePlugin_queue_4_payload_rRegs_0_valid_i_1/O
                         net (fo=1, unplaced)         0.000    11.545    u_wb/defaultClockArea_cpu/unsignedDivider_3_n_18
                         FDRE                                         r  u_wb/defaultClockArea_cpu/IntIssueQueuePlugin_queue_4_payload_rRegs_0_valid_reg/D
  -------------------------------------------------------------------    -------------------

                         (clock aclk rise edge)      10.000    10.000 r  
                                                      0.000    10.000 r  aclk (IN)
                         net (fo=0)                   0.000    10.000    aclk
                         IBUF (Prop_ibuf_I_O)         0.751    10.751 r  aclk_IBUF_inst/O
                         net (fo=1, unplaced)         0.613    11.365    aclk_IBUF
                         BUFG (Prop_bufg_I_O)         0.077    11.442 r  aclk_IBUF_BUFG_inst/O
                         net (fo=17738, unplaced)     0.439    11.881    u_wb/defaultClockArea_cpu/aclk_IBUF_BUFG
                         FDRE                                         r  u_wb/defaultClockArea_cpu/IntIssueQueuePlugin_queue_4_payload_rRegs_0_valid_reg/C
                         clock pessimism              0.167    12.048    
                         clock uncertainty           -0.035    12.012    
                         FDRE (Setup_fdre_C_D)        0.029    12.041    u_wb/defaultClockArea_cpu/IntIssueQueuePlugin_queue_4_payload_rRegs_0_valid_reg
  -------------------------------------------------------------------
                         required time                         12.041    
                         arrival time                         -11.545    
  -------------------------------------------------------------------
                         slack                                  0.497    

Slack (MET) :             0.497ns  (required time - arrival time)
  Source:                 u_wb/defaultClockArea_cpu/MULDIV_RRD_to_MULDIV_EXE_REG_READ_RSP_0_reg[31]/C
                            (rising edge-triggered cell FDRE clocked by aclk  {rise@0.000ns fall@5.000ns period=10.000ns})
  Destination:            u_wb/defaultClockArea_cpu/IntIssueQueuePlugin_queue_4_payload_rRegs_1_valid_reg/D
                            (rising edge-triggered cell FDRE clocked by aclk  {rise@0.000ns fall@5.000ns period=10.000ns})
  Path Group:             aclk
  Path Type:              Setup (Max at Slow Process Corner)
  Requirement:            10.000ns  (aclk rise@10.000ns - aclk rise@0.000ns)
  Data Path Delay:        9.352ns  (logic 3.442ns (36.805%)  route 5.910ns (63.195%))
  Logic Levels:           22  (CARRY4=8 LUT3=1 LUT4=2 LUT5=6 LUT6=5)
  Clock Path Skew:        -0.145ns (DCD - SCD + CPR)
    Destination Clock Delay (DCD):    1.881ns = ( 11.881 - 10.000 ) 
    Source Clock Delay      (SCD):    2.193ns
    Clock Pessimism Removal (CPR):    0.167ns
  Clock Uncertainty:      0.035ns  ((TSJ^2 + TIJ^2)^1/2 + DJ) / 2 + PE
    Total System Jitter     (TSJ):    0.071ns
    Total Input Jitter      (TIJ):    0.000ns
    Discrete Jitter          (DJ):    0.000ns
    Phase Error              (PE):    0.000ns

    Location             Delay type                Incr(ns)  Path(ns)    Netlist Resource(s)
  -------------------------------------------------------------------    -------------------
                         (clock aclk rise edge)       0.000     0.000 r  
                                                      0.000     0.000 r  aclk (IN)
                         net (fo=0)                   0.000     0.000    aclk
                         IBUF (Prop_ibuf_I_O)         0.882     0.882 r  aclk_IBUF_inst/O
                         net (fo=1, unplaced)         0.646     1.528    aclk_IBUF
                         BUFG (Prop_bufg_I_O)         0.081     1.609 r  aclk_IBUF_BUFG_inst/O
                         net (fo=17738, unplaced)     0.584     2.193    u_wb/defaultClockArea_cpu/aclk_IBUF_BUFG
                         FDRE                                         r  u_wb/defaultClockArea_cpu/MULDIV_RRD_to_MULDIV_EXE_REG_READ_RSP_0_reg[31]/C
  -------------------------------------------------------------------    -------------------
                         FDRE (Prop_fdre_C_Q)         0.379     2.572 r  u_wb/defaultClockArea_cpu/MULDIV_RRD_to_MULDIV_EXE_REG_READ_RSP_0_reg[31]/Q
                         net (fo=160, unplaced)       0.710     3.282    u_wb/defaultClockArea_cpu/unsignedDivider_2/p_1_in__0
                         LUT3 (Prop_lut3_I0_O)        0.232     3.514 r  u_wb/defaultClockArea_cpu/unsignedDivider_2/MULDIV_EXE_MulDivExecutePlugin_multiplier_i_48/O
                         net (fo=1, unplaced)         0.000     3.514    u_wb/defaultClockArea_cpu/unsignedDivider_2/_zz_MULDIV_EXE_MulDivExecutePlugin_absRj[1]
                         CARRY4 (Prop_carry4_S[1]_CO[3])
                                                      0.444     3.958 r  u_wb/defaultClockArea_cpu/unsignedDivider_2/MULDIV_EXE_MulDivExecutePlugin_multiplier_i_8/CO[3]
                         net (fo=1, unplaced)         0.008     3.966    u_wb/defaultClockArea_cpu/unsignedDivider_2/MULDIV_EXE_MulDivExecutePlugin_multiplier_i_8_n_0
                         CARRY4 (Prop_carry4_CI_CO[3])
                                                      0.100     4.066 r  u_wb/defaultClockArea_cpu/unsignedDivider_2/MULDIV_EXE_MulDivExecutePlugin_multiplier_i_7/CO[3]
                         net (fo=1, unplaced)         0.000     4.066    u_wb/defaultClockArea_cpu/unsignedDivider_2/MULDIV_EXE_MulDivExecutePlugin_multiplier_i_7_n_0
                         CARRY4 (Prop_carry4_CI_CO[3])
                                                      0.100     4.166 r  u_wb/defaultClockArea_cpu/unsignedDivider_2/MULDIV_EXE_MulDivExecutePlugin_multiplier_i_6/CO[3]
                         net (fo=1, unplaced)         0.000     4.166    u_wb/defaultClockArea_cpu/unsignedDivider_2/MULDIV_EXE_MulDivExecutePlugin_multiplier_i_6_n_0
                         CARRY4 (Prop_carry4_CI_CO[3])
                                                      0.100     4.266 r  u_wb/defaultClockArea_cpu/unsignedDivider_2/MULDIV_EXE_MulDivExecutePlugin_multiplier_i_5/CO[3]
                         net (fo=1, unplaced)         0.000     4.266    u_wb/defaultClockArea_cpu/unsignedDivider_2/MULDIV_EXE_MulDivExecutePlugin_multiplier_i_5_n_0
                         CARRY4 (Prop_carry4_CI_CO[3])
                                                      0.100     4.366 r  u_wb/defaultClockArea_cpu/unsignedDivider_2/MULDIV_EXE_MulDivExecutePlugin_multiplier_i_4/CO[3]
                         net (fo=1, unplaced)         0.000     4.366    u_wb/defaultClockArea_cpu/unsignedDivider_2/MULDIV_EXE_MulDivExecutePlugin_multiplier_i_4_n_0
                         CARRY4 (Prop_carry4_CI_CO[3])
                                                      0.100     4.466 r  u_wb/defaultClockArea_cpu/unsignedDivider_2/MULDIV_EXE_MulDivExecutePlugin_multiplier_i_3/CO[3]
                         net (fo=1, unplaced)         0.000     4.466    u_wb/defaultClockArea_cpu/unsignedDivider_2/MULDIV_EXE_MulDivExecutePlugin_multiplier_i_3_n_0
                         CARRY4 (Prop_carry4_CI_CO[3])
                                                      0.100     4.566 r  u_wb/defaultClockArea_cpu/unsignedDivider_2/MULDIV_EXE_MulDivExecutePlugin_multiplier_i_2/CO[3]
                         net (fo=1, unplaced)         0.000     4.566    u_wb/defaultClockArea_cpu/unsignedDivider_2/MULDIV_EXE_MulDivExecutePlugin_multiplier_i_2_n_0
                         CARRY4 (Prop_carry4_CI_O[3])
                                                      0.277     4.843 f  u_wb/defaultClockArea_cpu/unsignedDivider_2/MULDIV_EXE_MulDivExecutePlugin_multiplier_i_1/O[3]
                         net (fo=3, unplaced)         0.537     5.380    u_wb/defaultClockArea_cpu/unsignedDivider_2/A[31]
                         LUT4 (Prop_lut4_I2_O)        0.250     5.630 f  u_wb/defaultClockArea_cpu/unsignedDivider_2/MULDIV_RRD_to_MULDIV_EXE_ISSUE_SLOT_wReg[5]_i_9/O
                         net (fo=1, unplaced)         0.347     5.977    u_wb/defaultClockArea_cpu/unsignedDivider_2/MULDIV_RRD_to_MULDIV_EXE_ISSUE_SLOT_wReg[5]_i_9_n_0
                         LUT5 (Prop_lut5_I4_O)        0.105     6.082 f  u_wb/defaultClockArea_cpu/unsignedDivider_2/MULDIV_RRD_to_MULDIV_EXE_ISSUE_SLOT_wReg[5]_i_5/O
                         net (fo=1, unplaced)         0.528     6.610    u_wb/defaultClockArea_cpu/unsignedDivider_2/MULDIV_RRD_to_MULDIV_EXE_ISSUE_SLOT_wReg[5]_i_5_n_0
                         LUT4 (Prop_lut4_I0_O)        0.105     6.715 r  u_wb/defaultClockArea_cpu/unsignedDivider_2/MULDIV_RRD_to_MULDIV_EXE_ISSUE_SLOT_wReg[5]_i_4/O
                         net (fo=66, unplaced)        0.436     7.151    u_wb/defaultClockArea_cpu/unsignedDivider_3/MULDIV_RRD_to_MULDIV_EXE_ISSUE_SLOT_robIdx_reg[0]_0
                         LUT5 (Prop_lut5_I2_O)        0.105     7.256 r  u_wb/defaultClockArea_cpu/unsignedDivider_3/MULDIV_RRD_to_MULDIV_EXE_ISSUE_SLOT_wReg[5]_i_1/O
                         net (fo=95, unplaced)        0.445     7.701    u_wb/defaultClockArea_cpu/unsignedDivider_3/MULDIV_EXE_arbitration_notStuck
                         LUT6 (Prop_lut6_I3_O)        0.105     7.806 r  u_wb/defaultClockArea_cpu/unsignedDivider_3/MulDivIssueQueuePlugin_queue_2_payload_rRegs_0_valid_i_8/O
                         net (fo=99, unplaced)        0.446     8.252    u_wb/defaultClockArea_cpu/unsignedDivider_3/MulDivExecutePlugin_clrBusy_valid
                         LUT6 (Prop_lut6_I2_O)        0.105     8.357 r  u_wb/defaultClockArea_cpu/unsignedDivider_3/IntIssueQueuePlugin_queue_6_payload_rRegs_1_valid_i_31/O
                         net (fo=1, unplaced)         0.347     8.704    u_wb/defaultClockArea_cpu/unsignedDivider_3/IntIssueQueuePlugin_queue_6_payload_rRegs_1_valid_i_31_n_0
                         LUT6 (Prop_lut6_I5_O)        0.105     8.809 r  u_wb/defaultClockArea_cpu/unsignedDivider_3/IntIssueQueuePlugin_queue_6_payload_rRegs_1_valid_i_27/O
                         net (fo=1, unplaced)         0.347     9.156    u_wb/defaultClockArea_cpu/unsignedDivider_3/IntIssueQueuePlugin_queueNext_6_payload_rRegs_1_valid
                         LUT6 (Prop_lut6_I5_O)        0.105     9.261 r  u_wb/defaultClockArea_cpu/unsignedDivider_3/IntIssueQueuePlugin_queue_6_payload_rRegs_1_valid_i_23/O
                         net (fo=1, unplaced)         0.347     9.608    u_wb/defaultClockArea_cpu/unsignedDivider_3/IntIssueQueuePlugin_queue_6_payload_rRegs_1_valid_i_23_n_0
                         LUT5 (Prop_lut5_I4_O)        0.105     9.713 r  u_wb/defaultClockArea_cpu/unsignedDivider_3/IntIssueQueuePlugin_queue_6_payload_rRegs_1_valid_i_12/O
                         net (fo=1, unplaced)         0.347    10.060    u_wb/defaultClockArea_cpu/unsignedDivider_3/IntIssueQueuePlugin_queue_6_payload_rRegs_1_valid_i_12_n_0
                         LUT5 (Prop_lut5_I4_O)        0.105    10.165 r  u_wb/defaultClockArea_cpu/unsignedDivider_3/IntIssueQueuePlugin_queue_6_payload_rRegs_1_valid_i_6/O
                         net (fo=1, unplaced)         0.347    10.512    u_wb/defaultClockArea_cpu/unsignedDivider_3/IntIssueQueuePlugin_queue_6_payload_rRegs_1_valid
                         LUT5 (Prop_lut5_I2_O)        0.105    10.617 r  u_wb/defaultClockArea_cpu/unsignedDivider_3/IntIssueQueuePlugin_queue_6_payload_rRegs_1_valid_i_2/O
                         net (fo=1, unplaced)         0.347    10.964    u_wb/defaultClockArea_cpu/unsignedDivider_3/IntIssueQueuePlugin_queue_6_payload_rRegs_1_valid_i_2_n_0
                         LUT5 (Prop_lut5_I0_O)        0.105    11.069 r  u_wb/defaultClockArea_cpu/unsignedDivider_3/IntIssueQueuePlugin_queue_6_payload_rRegs_1_valid_i_1/O
                         net (fo=4, unplaced)         0.371    11.440    u_wb/defaultClockArea_cpu/unsignedDivider_3/IntIssueQueuePlugin_queue_4_valid_reg_0
                         LUT6 (Prop_lut6_I2_O)        0.105    11.545 r  u_wb/defaultClockArea_cpu/unsignedDivider_3/IntIssueQueuePlugin_queue_4_payload_rRegs_1_valid_i_1/O
                         net (fo=1, unplaced)         0.000    11.545    u_wb/defaultClockArea_cpu/unsignedDivider_3_n_16
                         FDRE                                         r  u_wb/defaultClockArea_cpu/IntIssueQueuePlugin_queue_4_payload_rRegs_1_valid_reg/D
  -------------------------------------------------------------------    -------------------

                         (clock aclk rise edge)      10.000    10.000 r  
                                                      0.000    10.000 r  aclk (IN)
                         net (fo=0)                   0.000    10.000    aclk
                         IBUF (Prop_ibuf_I_O)         0.751    10.751 r  aclk_IBUF_inst/O
                         net (fo=1, unplaced)         0.613    11.365    aclk_IBUF
                         BUFG (Prop_bufg_I_O)         0.077    11.442 r  aclk_IBUF_BUFG_inst/O
                         net (fo=17738, unplaced)     0.439    11.881    u_wb/defaultClockArea_cpu/aclk_IBUF_BUFG
                         FDRE                                         r  u_wb/defaultClockArea_cpu/IntIssueQueuePlugin_queue_4_payload_rRegs_1_valid_reg/C
                         clock pessimism              0.167    12.048    
                         clock uncertainty           -0.035    12.012    
                         FDRE (Setup_fdre_C_D)        0.029    12.041    u_wb/defaultClockArea_cpu/IntIssueQueuePlugin_queue_4_payload_rRegs_1_valid_reg
  -------------------------------------------------------------------
                         required time                         12.041    
                         arrival time                         -11.545    
  -------------------------------------------------------------------
                         slack                                  0.497    

Slack (MET) :             0.497ns  (required time - arrival time)
  Source:                 u_wb/defaultClockArea_cpu/MULDIV_RRD_to_MULDIV_EXE_REG_READ_RSP_0_reg[31]/C
                            (rising edge-triggered cell FDRE clocked by aclk  {rise@0.000ns fall@5.000ns period=10.000ns})
  Destination:            u_wb/defaultClockArea_cpu/IntIssueQueuePlugin_queue_5_payload_rRegs_0_valid_reg/D
                            (rising edge-triggered cell FDRE clocked by aclk  {rise@0.000ns fall@5.000ns period=10.000ns})
  Path Group:             aclk
  Path Type:              Setup (Max at Slow Process Corner)
  Requirement:            10.000ns  (aclk rise@10.000ns - aclk rise@0.000ns)
  Data Path Delay:        9.352ns  (logic 3.442ns (36.805%)  route 5.910ns (63.195%))
  Logic Levels:           22  (CARRY4=8 LUT3=2 LUT4=2 LUT5=6 LUT6=4)
  Clock Path Skew:        -0.145ns (DCD - SCD + CPR)
    Destination Clock Delay (DCD):    1.881ns = ( 11.881 - 10.000 ) 
    Source Clock Delay      (SCD):    2.193ns
    Clock Pessimism Removal (CPR):    0.167ns
  Clock Uncertainty:      0.035ns  ((TSJ^2 + TIJ^2)^1/2 + DJ) / 2 + PE
    Total System Jitter     (TSJ):    0.071ns
    Total Input Jitter      (TIJ):    0.000ns
    Discrete Jitter          (DJ):    0.000ns
    Phase Error              (PE):    0.000ns

    Location             Delay type                Incr(ns)  Path(ns)    Netlist Resource(s)
  -------------------------------------------------------------------    -------------------
                         (clock aclk rise edge)       0.000     0.000 r  
                                                      0.000     0.000 r  aclk (IN)
                         net (fo=0)                   0.000     0.000    aclk
                         IBUF (Prop_ibuf_I_O)         0.882     0.882 r  aclk_IBUF_inst/O
                         net (fo=1, unplaced)         0.646     1.528    aclk_IBUF
                         BUFG (Prop_bufg_I_O)         0.081     1.609 r  aclk_IBUF_BUFG_inst/O
                         net (fo=17738, unplaced)     0.584     2.193    u_wb/defaultClockArea_cpu/aclk_IBUF_BUFG
                         FDRE                                         r  u_wb/defaultClockArea_cpu/MULDIV_RRD_to_MULDIV_EXE_REG_READ_RSP_0_reg[31]/C
  -------------------------------------------------------------------    -------------------
                         FDRE (Prop_fdre_C_Q)         0.379     2.572 r  u_wb/defaultClockArea_cpu/MULDIV_RRD_to_MULDIV_EXE_REG_READ_RSP_0_reg[31]/Q
                         net (fo=160, unplaced)       0.710     3.282    u_wb/defaultClockArea_cpu/unsignedDivider_2/p_1_in__0
                         LUT3 (Prop_lut3_I0_O)        0.232     3.514 r  u_wb/defaultClockArea_cpu/unsignedDivider_2/MULDIV_EXE_MulDivExecutePlugin_multiplier_i_48/O
                         net (fo=1, unplaced)         0.000     3.514    u_wb/defaultClockArea_cpu/unsignedDivider_2/_zz_MULDIV_EXE_MulDivExecutePlugin_absRj[1]
                         CARRY4 (Prop_carry4_S[1]_CO[3])
                                                      0.444     3.958 r  u_wb/defaultClockArea_cpu/unsignedDivider_2/MULDIV_EXE_MulDivExecutePlugin_multiplier_i_8/CO[3]
                         net (fo=1, unplaced)         0.008     3.966    u_wb/defaultClockArea_cpu/unsignedDivider_2/MULDIV_EXE_MulDivExecutePlugin_multiplier_i_8_n_0
                         CARRY4 (Prop_carry4_CI_CO[3])
                                                      0.100     4.066 r  u_wb/defaultClockArea_cpu/unsignedDivider_2/MULDIV_EXE_MulDivExecutePlugin_multiplier_i_7/CO[3]
                         net (fo=1, unplaced)         0.000     4.066    u_wb/defaultClockArea_cpu/unsignedDivider_2/MULDIV_EXE_MulDivExecutePlugin_multiplier_i_7_n_0
                         CARRY4 (Prop_carry4_CI_CO[3])
                                                      0.100     4.166 r  u_wb/defaultClockArea_cpu/unsignedDivider_2/MULDIV_EXE_MulDivExecutePlugin_multiplier_i_6/CO[3]
                         net (fo=1, unplaced)         0.000     4.166    u_wb/defaultClockArea_cpu/unsignedDivider_2/MULDIV_EXE_MulDivExecutePlugin_multiplier_i_6_n_0
                         CARRY4 (Prop_carry4_CI_CO[3])
                                                      0.100     4.266 r  u_wb/defaultClockArea_cpu/unsignedDivider_2/MULDIV_EXE_MulDivExecutePlugin_multiplier_i_5/CO[3]
                         net (fo=1, unplaced)         0.000     4.266    u_wb/defaultClockArea_cpu/unsignedDivider_2/MULDIV_EXE_MulDivExecutePlugin_multiplier_i_5_n_0
                         CARRY4 (Prop_carry4_CI_CO[3])
                                                      0.100     4.366 r  u_wb/defaultClockArea_cpu/unsignedDivider_2/MULDIV_EXE_MulDivExecutePlugin_multiplier_i_4/CO[3]
                         net (fo=1, unplaced)         0.000     4.366    u_wb/defaultClockArea_cpu/unsignedDivider_2/MULDIV_EXE_MulDivExecutePlugin_multiplier_i_4_n_0
                         CARRY4 (Prop_carry4_CI_CO[3])
                                                      0.100     4.466 r  u_wb/defaultClockArea_cpu/unsignedDivider_2/MULDIV_EXE_MulDivExecutePlugin_multiplier_i_3/CO[3]
                         net (fo=1, unplaced)         0.000     4.466    u_wb/defaultClockArea_cpu/unsignedDivider_2/MULDIV_EXE_MulDivExecutePlugin_multiplier_i_3_n_0
                         CARRY4 (Prop_carry4_CI_CO[3])
                                                      0.100     4.566 r  u_wb/defaultClockArea_cpu/unsignedDivider_2/MULDIV_EXE_MulDivExecutePlugin_multiplier_i_2/CO[3]
                         net (fo=1, unplaced)         0.000     4.566    u_wb/defaultClockArea_cpu/unsignedDivider_2/MULDIV_EXE_MulDivExecutePlugin_multiplier_i_2_n_0
                         CARRY4 (Prop_carry4_CI_O[3])
                                                      0.277     4.843 f  u_wb/defaultClockArea_cpu/unsignedDivider_2/MULDIV_EXE_MulDivExecutePlugin_multiplier_i_1/O[3]
                         net (fo=3, unplaced)         0.537     5.380    u_wb/defaultClockArea_cpu/unsignedDivider_2/A[31]
                         LUT4 (Prop_lut4_I2_O)        0.250     5.630 f  u_wb/defaultClockArea_cpu/unsignedDivider_2/MULDIV_RRD_to_MULDIV_EXE_ISSUE_SLOT_wReg[5]_i_9/O
                         net (fo=1, unplaced)         0.347     5.977    u_wb/defaultClockArea_cpu/unsignedDivider_2/MULDIV_RRD_to_MULDIV_EXE_ISSUE_SLOT_wReg[5]_i_9_n_0
                         LUT5 (Prop_lut5_I4_O)        0.105     6.082 f  u_wb/defaultClockArea_cpu/unsignedDivider_2/MULDIV_RRD_to_MULDIV_EXE_ISSUE_SLOT_wReg[5]_i_5/O
                         net (fo=1, unplaced)         0.528     6.610    u_wb/defaultClockArea_cpu/unsignedDivider_2/MULDIV_RRD_to_MULDIV_EXE_ISSUE_SLOT_wReg[5]_i_5_n_0
                         LUT4 (Prop_lut4_I0_O)        0.105     6.715 r  u_wb/defaultClockArea_cpu/unsignedDivider_2/MULDIV_RRD_to_MULDIV_EXE_ISSUE_SLOT_wReg[5]_i_4/O
                         net (fo=66, unplaced)        0.436     7.151    u_wb/defaultClockArea_cpu/unsignedDivider_3/MULDIV_RRD_to_MULDIV_EXE_ISSUE_SLOT_robIdx_reg[0]_0
                         LUT5 (Prop_lut5_I2_O)        0.105     7.256 r  u_wb/defaultClockArea_cpu/unsignedDivider_3/MULDIV_RRD_to_MULDIV_EXE_ISSUE_SLOT_wReg[5]_i_1/O
                         net (fo=95, unplaced)        0.445     7.701    u_wb/defaultClockArea_cpu/unsignedDivider_3/MULDIV_EXE_arbitration_notStuck
                         LUT6 (Prop_lut6_I3_O)        0.105     7.806 r  u_wb/defaultClockArea_cpu/unsignedDivider_3/MulDivIssueQueuePlugin_queue_2_payload_rRegs_0_valid_i_8/O
                         net (fo=99, unplaced)        0.446     8.252    u_wb/defaultClockArea_cpu/unsignedDivider_3/MulDivExecutePlugin_clrBusy_valid
                         LUT6 (Prop_lut6_I2_O)        0.105     8.357 r  u_wb/defaultClockArea_cpu/unsignedDivider_3/IntIssueQueuePlugin_queue_6_payload_rRegs_0_valid_i_46/O
                         net (fo=1, unplaced)         0.347     8.704    u_wb/defaultClockArea_cpu/unsignedDivider_3/IntIssueQueuePlugin_queue_6_payload_rRegs_0_valid_i_46_n_0
                         LUT6 (Prop_lut6_I5_O)        0.105     8.809 r  u_wb/defaultClockArea_cpu/unsignedDivider_3/IntIssueQueuePlugin_queue_6_payload_rRegs_0_valid_i_28/O
                         net (fo=1, unplaced)         0.347     9.156    u_wb/defaultClockArea_cpu/unsignedDivider_3/IntIssueQueuePlugin_queueNext_6_payload_rRegs_0_valid
                         LUT6 (Prop_lut6_I5_O)        0.105     9.261 r  u_wb/defaultClockArea_cpu/unsignedDivider_3/IntIssueQueuePlugin_queue_6_payload_rRegs_0_valid_i_17/O
                         net (fo=1, unplaced)         0.347     9.608    u_wb/defaultClockArea_cpu/unsignedDivider_3/IntIssueQueuePlugin_queue_6_payload_rRegs_0_valid_i_17_n_0
                         LUT5 (Prop_lut5_I4_O)        0.105     9.713 r  u_wb/defaultClockArea_cpu/unsignedDivider_3/IntIssueQueuePlugin_queue_6_payload_rRegs_0_valid_i_10/O
                         net (fo=1, unplaced)         0.347    10.060    u_wb/defaultClockArea_cpu/unsignedDivider_3/IntIssueQueuePlugin_queue_6_payload_rRegs_0_valid_i_10_n_0
                         LUT5 (Prop_lut5_I4_O)        0.105    10.165 r  u_wb/defaultClockArea_cpu/unsignedDivider_3/IntIssueQueuePlugin_queue_6_payload_rRegs_0_valid_i_5/O
                         net (fo=1, unplaced)         0.347    10.512    u_wb/defaultClockArea_cpu/unsignedDivider_3/IntIssueQueuePlugin_queue_6_payload_rRegs_0_valid
                         LUT5 (Prop_lut5_I2_O)        0.105    10.617 r  u_wb/defaultClockArea_cpu/unsignedDivider_3/IntIssueQueuePlugin_queue_6_payload_rRegs_0_valid_i_2/O
                         net (fo=1, unplaced)         0.347    10.964    u_wb/defaultClockArea_cpu/unsignedDivider_3/IntIssueQueuePlugin_queue_6_payload_rRegs_0_valid_i_2_n_0
                         LUT5 (Prop_lut5_I0_O)        0.105    11.069 r  u_wb/defaultClockArea_cpu/unsignedDivider_3/IntIssueQueuePlugin_queue_6_payload_rRegs_0_valid_i_1/O
                         net (fo=4, unplaced)         0.371    11.440    u_wb/defaultClockArea_cpu/unsignedDivider_3/IntIssueQueuePlugin_queue_4_valid_reg_2
                         LUT3 (Prop_lut3_I0_O)        0.105    11.545 r  u_wb/defaultClockArea_cpu/unsignedDivider_3/IntIssueQueuePlugin_queue_5_payload_rRegs_0_valid_i_1/O
                         net (fo=1, unplaced)         0.000    11.545    u_wb/defaultClockArea_cpu/unsignedDivider_3_n_110
                         FDRE                                         r  u_wb/defaultClockArea_cpu/IntIssueQueuePlugin_queue_5_payload_rRegs_0_valid_reg/D
  -------------------------------------------------------------------    -------------------

                         (clock aclk rise edge)      10.000    10.000 r  
                                                      0.000    10.000 r  aclk (IN)
                         net (fo=0)                   0.000    10.000    aclk
                         IBUF (Prop_ibuf_I_O)         0.751    10.751 r  aclk_IBUF_inst/O
                         net (fo=1, unplaced)         0.613    11.365    aclk_IBUF
                         BUFG (Prop_bufg_I_O)         0.077    11.442 r  aclk_IBUF_BUFG_inst/O
                         net (fo=17738, unplaced)     0.439    11.881    u_wb/defaultClockArea_cpu/aclk_IBUF_BUFG
                         FDRE                                         r  u_wb/defaultClockArea_cpu/IntIssueQueuePlugin_queue_5_payload_rRegs_0_valid_reg/C
                         clock pessimism              0.167    12.048    
                         clock uncertainty           -0.035    12.012    
                         FDRE (Setup_fdre_C_D)        0.029    12.041    u_wb/defaultClockArea_cpu/IntIssueQueuePlugin_queue_5_payload_rRegs_0_valid_reg
  -------------------------------------------------------------------
                         required time                         12.041    
                         arrival time                         -11.545    
  -------------------------------------------------------------------
                         slack                                  0.497    

Slack (MET) :             0.497ns  (required time - arrival time)
  Source:                 u_wb/defaultClockArea_cpu/MULDIV_RRD_to_MULDIV_EXE_REG_READ_RSP_0_reg[31]/C
                            (rising edge-triggered cell FDRE clocked by aclk  {rise@0.000ns fall@5.000ns period=10.000ns})
  Destination:            u_wb/defaultClockArea_cpu/IntIssueQueuePlugin_queue_5_payload_rRegs_1_valid_reg/D
                            (rising edge-triggered cell FDRE clocked by aclk  {rise@0.000ns fall@5.000ns period=10.000ns})
  Path Group:             aclk
  Path Type:              Setup (Max at Slow Process Corner)
  Requirement:            10.000ns  (aclk rise@10.000ns - aclk rise@0.000ns)
  Data Path Delay:        9.352ns  (logic 3.442ns (36.805%)  route 5.910ns (63.195%))
  Logic Levels:           22  (CARRY4=8 LUT3=2 LUT4=2 LUT5=6 LUT6=4)
  Clock Path Skew:        -0.145ns (DCD - SCD + CPR)
    Destination Clock Delay (DCD):    1.881ns = ( 11.881 - 10.000 ) 
    Source Clock Delay      (SCD):    2.193ns
    Clock Pessimism Removal (CPR):    0.167ns
  Clock Uncertainty:      0.035ns  ((TSJ^2 + TIJ^2)^1/2 + DJ) / 2 + PE
    Total System Jitter     (TSJ):    0.071ns
    Total Input Jitter      (TIJ):    0.000ns
    Discrete Jitter          (DJ):    0.000ns
    Phase Error              (PE):    0.000ns

    Location             Delay type                Incr(ns)  Path(ns)    Netlist Resource(s)
  -------------------------------------------------------------------    -------------------
                         (clock aclk rise edge)       0.000     0.000 r  
                                                      0.000     0.000 r  aclk (IN)
                         net (fo=0)                   0.000     0.000    aclk
                         IBUF (Prop_ibuf_I_O)         0.882     0.882 r  aclk_IBUF_inst/O
                         net (fo=1, unplaced)         0.646     1.528    aclk_IBUF
                         BUFG (Prop_bufg_I_O)         0.081     1.609 r  aclk_IBUF_BUFG_inst/O
                         net (fo=17738, unplaced)     0.584     2.193    u_wb/defaultClockArea_cpu/aclk_IBUF_BUFG
                         FDRE                                         r  u_wb/defaultClockArea_cpu/MULDIV_RRD_to_MULDIV_EXE_REG_READ_RSP_0_reg[31]/C
  -------------------------------------------------------------------    -------------------
                         FDRE (Prop_fdre_C_Q)         0.379     2.572 r  u_wb/defaultClockArea_cpu/MULDIV_RRD_to_MULDIV_EXE_REG_READ_RSP_0_reg[31]/Q
                         net (fo=160, unplaced)       0.710     3.282    u_wb/defaultClockArea_cpu/unsignedDivider_2/p_1_in__0
                         LUT3 (Prop_lut3_I0_O)        0.232     3.514 r  u_wb/defaultClockArea_cpu/unsignedDivider_2/MULDIV_EXE_MulDivExecutePlugin_multiplier_i_48/O
                         net (fo=1, unplaced)         0.000     3.514    u_wb/defaultClockArea_cpu/unsignedDivider_2/_zz_MULDIV_EXE_MulDivExecutePlugin_absRj[1]
                         CARRY4 (Prop_carry4_S[1]_CO[3])
                                                      0.444     3.958 r  u_wb/defaultClockArea_cpu/unsignedDivider_2/MULDIV_EXE_MulDivExecutePlugin_multiplier_i_8/CO[3]
                         net (fo=1, unplaced)         0.008     3.966    u_wb/defaultClockArea_cpu/unsignedDivider_2/MULDIV_EXE_MulDivExecutePlugin_multiplier_i_8_n_0
                         CARRY4 (Prop_carry4_CI_CO[3])
                                                      0.100     4.066 r  u_wb/defaultClockArea_cpu/unsignedDivider_2/MULDIV_EXE_MulDivExecutePlugin_multiplier_i_7/CO[3]
                         net (fo=1, unplaced)         0.000     4.066    u_wb/defaultClockArea_cpu/unsignedDivider_2/MULDIV_EXE_MulDivExecutePlugin_multiplier_i_7_n_0
                         CARRY4 (Prop_carry4_CI_CO[3])
                                                      0.100     4.166 r  u_wb/defaultClockArea_cpu/unsignedDivider_2/MULDIV_EXE_MulDivExecutePlugin_multiplier_i_6/CO[3]
                         net (fo=1, unplaced)         0.000     4.166    u_wb/defaultClockArea_cpu/unsignedDivider_2/MULDIV_EXE_MulDivExecutePlugin_multiplier_i_6_n_0
                         CARRY4 (Prop_carry4_CI_CO[3])
                                                      0.100     4.266 r  u_wb/defaultClockArea_cpu/unsignedDivider_2/MULDIV_EXE_MulDivExecutePlugin_multiplier_i_5/CO[3]
                         net (fo=1, unplaced)         0.000     4.266    u_wb/defaultClockArea_cpu/unsignedDivider_2/MULDIV_EXE_MulDivExecutePlugin_multiplier_i_5_n_0
                         CARRY4 (Prop_carry4_CI_CO[3])
                                                      0.100     4.366 r  u_wb/defaultClockArea_cpu/unsignedDivider_2/MULDIV_EXE_MulDivExecutePlugin_multiplier_i_4/CO[3]
                         net (fo=1, unplaced)         0.000     4.366    u_wb/defaultClockArea_cpu/unsignedDivider_2/MULDIV_EXE_MulDivExecutePlugin_multiplier_i_4_n_0
                         CARRY4 (Prop_carry4_CI_CO[3])
                                                      0.100     4.466 r  u_wb/defaultClockArea_cpu/unsignedDivider_2/MULDIV_EXE_MulDivExecutePlugin_multiplier_i_3/CO[3]
                         net (fo=1, unplaced)         0.000     4.466    u_wb/defaultClockArea_cpu/unsignedDivider_2/MULDIV_EXE_MulDivExecutePlugin_multiplier_i_3_n_0
                         CARRY4 (Prop_carry4_CI_CO[3])
                                                      0.100     4.566 r  u_wb/defaultClockArea_cpu/unsignedDivider_2/MULDIV_EXE_MulDivExecutePlugin_multiplier_i_2/CO[3]
                         net (fo=1, unplaced)         0.000     4.566    u_wb/defaultClockArea_cpu/unsignedDivider_2/MULDIV_EXE_MulDivExecutePlugin_multiplier_i_2_n_0
                         CARRY4 (Prop_carry4_CI_O[3])
                                                      0.277     4.843 f  u_wb/defaultClockArea_cpu/unsignedDivider_2/MULDIV_EXE_MulDivExecutePlugin_multiplier_i_1/O[3]
                         net (fo=3, unplaced)         0.537     5.380    u_wb/defaultClockArea_cpu/unsignedDivider_2/A[31]
                         LUT4 (Prop_lut4_I2_O)        0.250     5.630 f  u_wb/defaultClockArea_cpu/unsignedDivider_2/MULDIV_RRD_to_MULDIV_EXE_ISSUE_SLOT_wReg[5]_i_9/O
                         net (fo=1, unplaced)         0.347     5.977    u_wb/defaultClockArea_cpu/unsignedDivider_2/MULDIV_RRD_to_MULDIV_EXE_ISSUE_SLOT_wReg[5]_i_9_n_0
                         LUT5 (Prop_lut5_I4_O)        0.105     6.082 f  u_wb/defaultClockArea_cpu/unsignedDivider_2/MULDIV_RRD_to_MULDIV_EXE_ISSUE_SLOT_wReg[5]_i_5/O
                         net (fo=1, unplaced)         0.528     6.610    u_wb/defaultClockArea_cpu/unsignedDivider_2/MULDIV_RRD_to_MULDIV_EXE_ISSUE_SLOT_wReg[5]_i_5_n_0
                         LUT4 (Prop_lut4_I0_O)        0.105     6.715 r  u_wb/defaultClockArea_cpu/unsignedDivider_2/MULDIV_RRD_to_MULDIV_EXE_ISSUE_SLOT_wReg[5]_i_4/O
                         net (fo=66, unplaced)        0.436     7.151    u_wb/defaultClockArea_cpu/unsignedDivider_3/MULDIV_RRD_to_MULDIV_EXE_ISSUE_SLOT_robIdx_reg[0]_0
                         LUT5 (Prop_lut5_I2_O)        0.105     7.256 r  u_wb/defaultClockArea_cpu/unsignedDivider_3/MULDIV_RRD_to_MULDIV_EXE_ISSUE_SLOT_wReg[5]_i_1/O
                         net (fo=95, unplaced)        0.445     7.701    u_wb/defaultClockArea_cpu/unsignedDivider_3/MULDIV_EXE_arbitration_notStuck
                         LUT6 (Prop_lut6_I3_O)        0.105     7.806 r  u_wb/defaultClockArea_cpu/unsignedDivider_3/MulDivIssueQueuePlugin_queue_2_payload_rRegs_0_valid_i_8/O
                         net (fo=99, unplaced)        0.446     8.252    u_wb/defaultClockArea_cpu/unsignedDivider_3/MulDivExecutePlugin_clrBusy_valid
                         LUT6 (Prop_lut6_I2_O)        0.105     8.357 r  u_wb/defaultClockArea_cpu/unsignedDivider_3/IntIssueQueuePlugin_queue_6_payload_rRegs_1_valid_i_31/O
                         net (fo=1, unplaced)         0.347     8.704    u_wb/defaultClockArea_cpu/unsignedDivider_3/IntIssueQueuePlugin_queue_6_payload_rRegs_1_valid_i_31_n_0
                         LUT6 (Prop_lut6_I5_O)        0.105     8.809 r  u_wb/defaultClockArea_cpu/unsignedDivider_3/IntIssueQueuePlugin_queue_6_payload_rRegs_1_valid_i_27/O
                         net (fo=1, unplaced)         0.347     9.156    u_wb/defaultClockArea_cpu/unsignedDivider_3/IntIssueQueuePlugin_queueNext_6_payload_rRegs_1_valid
                         LUT6 (Prop_lut6_I5_O)        0.105     9.261 r  u_wb/defaultClockArea_cpu/unsignedDivider_3/IntIssueQueuePlugin_queue_6_payload_rRegs_1_valid_i_23/O
                         net (fo=1, unplaced)         0.347     9.608    u_wb/defaultClockArea_cpu/unsignedDivider_3/IntIssueQueuePlugin_queue_6_payload_rRegs_1_valid_i_23_n_0
                         LUT5 (Prop_lut5_I4_O)        0.105     9.713 r  u_wb/defaultClockArea_cpu/unsignedDivider_3/IntIssueQueuePlugin_queue_6_payload_rRegs_1_valid_i_12/O
                         net (fo=1, unplaced)         0.347    10.060    u_wb/defaultClockArea_cpu/unsignedDivider_3/IntIssueQueuePlugin_queue_6_payload_rRegs_1_valid_i_12_n_0
                         LUT5 (Prop_lut5_I4_O)        0.105    10.165 r  u_wb/defaultClockArea_cpu/unsignedDivider_3/IntIssueQueuePlugin_queue_6_payload_rRegs_1_valid_i_6/O
                         net (fo=1, unplaced)         0.347    10.512    u_wb/defaultClockArea_cpu/unsignedDivider_3/IntIssueQueuePlugin_queue_6_payload_rRegs_1_valid
                         LUT5 (Prop_lut5_I2_O)        0.105    10.617 r  u_wb/defaultClockArea_cpu/unsignedDivider_3/IntIssueQueuePlugin_queue_6_payload_rRegs_1_valid_i_2/O
                         net (fo=1, unplaced)         0.347    10.964    u_wb/defaultClockArea_cpu/unsignedDivider_3/IntIssueQueuePlugin_queue_6_payload_rRegs_1_valid_i_2_n_0
                         LUT5 (Prop_lut5_I0_O)        0.105    11.069 r  u_wb/defaultClockArea_cpu/unsignedDivider_3/IntIssueQueuePlugin_queue_6_payload_rRegs_1_valid_i_1/O
                         net (fo=4, unplaced)         0.371    11.440    u_wb/defaultClockArea_cpu/unsignedDivider_3/IntIssueQueuePlugin_queue_4_valid_reg_0
                         LUT3 (Prop_lut3_I0_O)        0.105    11.545 r  u_wb/defaultClockArea_cpu/unsignedDivider_3/IntIssueQueuePlugin_queue_5_payload_rRegs_1_valid_i_1/O
                         net (fo=1, unplaced)         0.000    11.545    u_wb/defaultClockArea_cpu/unsignedDivider_3_n_111
                         FDRE                                         r  u_wb/defaultClockArea_cpu/IntIssueQueuePlugin_queue_5_payload_rRegs_1_valid_reg/D
  -------------------------------------------------------------------    -------------------

                         (clock aclk rise edge)      10.000    10.000 r  
                                                      0.000    10.000 r  aclk (IN)
                         net (fo=0)                   0.000    10.000    aclk
                         IBUF (Prop_ibuf_I_O)         0.751    10.751 r  aclk_IBUF_inst/O
                         net (fo=1, unplaced)         0.613    11.365    aclk_IBUF
                         BUFG (Prop_bufg_I_O)         0.077    11.442 r  aclk_IBUF_BUFG_inst/O
                         net (fo=17738, unplaced)     0.439    11.881    u_wb/defaultClockArea_cpu/aclk_IBUF_BUFG
                         FDRE                                         r  u_wb/defaultClockArea_cpu/IntIssueQueuePlugin_queue_5_payload_rRegs_1_valid_reg/C
                         clock pessimism              0.167    12.048    
                         clock uncertainty           -0.035    12.012    
                         FDRE (Setup_fdre_C_D)        0.029    12.041    u_wb/defaultClockArea_cpu/IntIssueQueuePlugin_queue_5_payload_rRegs_1_valid_reg
  -------------------------------------------------------------------
                         required time                         12.041    
                         arrival time                         -11.545    
  -------------------------------------------------------------------
                         slack                                  0.497    

Slack (MET) :             0.503ns  (required time - arrival time)
  Source:                 u_wb/defaultClockArea_cpu/MULDIV_RRD_to_MULDIV_EXE_REG_READ_RSP_0_reg[31]/C
                            (rising edge-triggered cell FDRE clocked by aclk  {rise@0.000ns fall@5.000ns period=10.000ns})
  Destination:            u_wb/defaultClockArea_cpu/IntIssueQueuePlugin_queue_0_payload_rRegs_0_valid_reg/D
                            (rising edge-triggered cell FDRE clocked by aclk  {rise@0.000ns fall@5.000ns period=10.000ns})
  Path Group:             aclk
  Path Type:              Setup (Max at Slow Process Corner)
  Requirement:            10.000ns  (aclk rise@10.000ns - aclk rise@0.000ns)
  Data Path Delay:        9.346ns  (logic 3.442ns (36.829%)  route 5.904ns (63.171%))
  Logic Levels:           22  (CARRY4=8 LUT3=1 LUT4=3 LUT5=3 LUT6=7)
  Clock Path Skew:        -0.145ns (DCD - SCD + CPR)
    Destination Clock Delay (DCD):    1.881ns = ( 11.881 - 10.000 ) 
    Source Clock Delay      (SCD):    2.193ns
    Clock Pessimism Removal (CPR):    0.167ns
  Clock Uncertainty:      0.035ns  ((TSJ^2 + TIJ^2)^1/2 + DJ) / 2 + PE
    Total System Jitter     (TSJ):    0.071ns
    Total Input Jitter      (TIJ):    0.000ns
    Discrete Jitter          (DJ):    0.000ns
    Phase Error              (PE):    0.000ns

    Location             Delay type                Incr(ns)  Path(ns)    Netlist Resource(s)
  -------------------------------------------------------------------    -------------------
                         (clock aclk rise edge)       0.000     0.000 r  
                                                      0.000     0.000 r  aclk (IN)
                         net (fo=0)                   0.000     0.000    aclk
                         IBUF (Prop_ibuf_I_O)         0.882     0.882 r  aclk_IBUF_inst/O
                         net (fo=1, unplaced)         0.646     1.528    aclk_IBUF
                         BUFG (Prop_bufg_I_O)         0.081     1.609 r  aclk_IBUF_BUFG_inst/O
                         net (fo=17738, unplaced)     0.584     2.193    u_wb/defaultClockArea_cpu/aclk_IBUF_BUFG
                         FDRE                                         r  u_wb/defaultClockArea_cpu/MULDIV_RRD_to_MULDIV_EXE_REG_READ_RSP_0_reg[31]/C
  -------------------------------------------------------------------    -------------------
                         FDRE (Prop_fdre_C_Q)         0.379     2.572 r  u_wb/defaultClockArea_cpu/MULDIV_RRD_to_MULDIV_EXE_REG_READ_RSP_0_reg[31]/Q
                         net (fo=160, unplaced)       0.710     3.282    u_wb/defaultClockArea_cpu/unsignedDivider_2/p_1_in__0
                         LUT3 (Prop_lut3_I0_O)        0.232     3.514 r  u_wb/defaultClockArea_cpu/unsignedDivider_2/MULDIV_EXE_MulDivExecutePlugin_multiplier_i_48/O
                         net (fo=1, unplaced)         0.000     3.514    u_wb/defaultClockArea_cpu/unsignedDivider_2/_zz_MULDIV_EXE_MulDivExecutePlugin_absRj[1]
                         CARRY4 (Prop_carry4_S[1]_CO[3])
                                                      0.444     3.958 r  u_wb/defaultClockArea_cpu/unsignedDivider_2/MULDIV_EXE_MulDivExecutePlugin_multiplier_i_8/CO[3]
                         net (fo=1, unplaced)         0.008     3.966    u_wb/defaultClockArea_cpu/unsignedDivider_2/MULDIV_EXE_MulDivExecutePlugin_multiplier_i_8_n_0
                         CARRY4 (Prop_carry4_CI_CO[3])
                                                      0.100     4.066 r  u_wb/defaultClockArea_cpu/unsignedDivider_2/MULDIV_EXE_MulDivExecutePlugin_multiplier_i_7/CO[3]
                         net (fo=1, unplaced)         0.000     4.066    u_wb/defaultClockArea_cpu/unsignedDivider_2/MULDIV_EXE_MulDivExecutePlugin_multiplier_i_7_n_0
                         CARRY4 (Prop_carry4_CI_CO[3])
                                                      0.100     4.166 r  u_wb/defaultClockArea_cpu/unsignedDivider_2/MULDIV_EXE_MulDivExecutePlugin_multiplier_i_6/CO[3]
                         net (fo=1, unplaced)         0.000     4.166    u_wb/defaultClockArea_cpu/unsignedDivider_2/MULDIV_EXE_MulDivExecutePlugin_multiplier_i_6_n_0
                         CARRY4 (Prop_carry4_CI_CO[3])
                                                      0.100     4.266 r  u_wb/defaultClockArea_cpu/unsignedDivider_2/MULDIV_EXE_MulDivExecutePlugin_multiplier_i_5/CO[3]
                         net (fo=1, unplaced)         0.000     4.266    u_wb/defaultClockArea_cpu/unsignedDivider_2/MULDIV_EXE_MulDivExecutePlugin_multiplier_i_5_n_0
                         CARRY4 (Prop_carry4_CI_CO[3])
                                                      0.100     4.366 r  u_wb/defaultClockArea_cpu/unsignedDivider_2/MULDIV_EXE_MulDivExecutePlugin_multiplier_i_4/CO[3]
                         net (fo=1, unplaced)         0.000     4.366    u_wb/defaultClockArea_cpu/unsignedDivider_2/MULDIV_EXE_MulDivExecutePlugin_multiplier_i_4_n_0
                         CARRY4 (Prop_carry4_CI_CO[3])
                                                      0.100     4.466 r  u_wb/defaultClockArea_cpu/unsignedDivider_2/MULDIV_EXE_MulDivExecutePlugin_multiplier_i_3/CO[3]
                         net (fo=1, unplaced)         0.000     4.466    u_wb/defaultClockArea_cpu/unsignedDivider_2/MULDIV_EXE_MulDivExecutePlugin_multiplier_i_3_n_0
                         CARRY4 (Prop_carry4_CI_CO[3])
                                                      0.100     4.566 r  u_wb/defaultClockArea_cpu/unsignedDivider_2/MULDIV_EXE_MulDivExecutePlugin_multiplier_i_2/CO[3]
                         net (fo=1, unplaced)         0.000     4.566    u_wb/defaultClockArea_cpu/unsignedDivider_2/MULDIV_EXE_MulDivExecutePlugin_multiplier_i_2_n_0
                         CARRY4 (Prop_carry4_CI_O[3])
                                                      0.277     4.843 f  u_wb/defaultClockArea_cpu/unsignedDivider_2/MULDIV_EXE_MulDivExecutePlugin_multiplier_i_1/O[3]
                         net (fo=3, unplaced)         0.537     5.380    u_wb/defaultClockArea_cpu/unsignedDivider_2/A[31]
                         LUT4 (Prop_lut4_I2_O)        0.250     5.630 f  u_wb/defaultClockArea_cpu/unsignedDivider_2/MULDIV_RRD_to_MULDIV_EXE_ISSUE_SLOT_wReg[5]_i_9/O
                         net (fo=1, unplaced)         0.347     5.977    u_wb/defaultClockArea_cpu/unsignedDivider_2/MULDIV_RRD_to_MULDIV_EXE_ISSUE_SLOT_wReg[5]_i_9_n_0
                         LUT5 (Prop_lut5_I4_O)        0.105     6.082 f  u_wb/defaultClockArea_cpu/unsignedDivider_2/MULDIV_RRD_to_MULDIV_EXE_ISSUE_SLOT_wReg[5]_i_5/O
                         net (fo=1, unplaced)         0.528     6.610    u_wb/defaultClockArea_cpu/unsignedDivider_2/MULDIV_RRD_to_MULDIV_EXE_ISSUE_SLOT_wReg[5]_i_5_n_0
                         LUT4 (Prop_lut4_I0_O)        0.105     6.715 r  u_wb/defaultClockArea_cpu/unsignedDivider_2/MULDIV_RRD_to_MULDIV_EXE_ISSUE_SLOT_wReg[5]_i_4/O
                         net (fo=66, unplaced)        0.436     7.151    u_wb/defaultClockArea_cpu/unsignedDivider_3/MULDIV_RRD_to_MULDIV_EXE_ISSUE_SLOT_robIdx_reg[0]_0
                         LUT5 (Prop_lut5_I2_O)        0.105     7.256 r  u_wb/defaultClockArea_cpu/unsignedDivider_3/MULDIV_RRD_to_MULDIV_EXE_ISSUE_SLOT_wReg[5]_i_1/O
                         net (fo=95, unplaced)        0.445     7.701    u_wb/defaultClockArea_cpu/unsignedDivider_3/MULDIV_EXE_arbitration_notStuck
                         LUT6 (Prop_lut6_I3_O)        0.105     7.806 r  u_wb/defaultClockArea_cpu/unsignedDivider_3/MulDivIssueQueuePlugin_queue_2_payload_rRegs_0_valid_i_8/O
                         net (fo=99, unplaced)        0.446     8.252    u_wb/defaultClockArea_cpu/unsignedDivider_3/MulDivExecutePlugin_clrBusy_valid
                         LUT6 (Prop_lut6_I2_O)        0.105     8.357 r  u_wb/defaultClockArea_cpu/unsignedDivider_3/IntIssueQueuePlugin_queue_2_payload_rRegs_0_valid_i_18/O
                         net (fo=1, unplaced)         0.347     8.704    u_wb/defaultClockArea_cpu/unsignedDivider_3/IntIssueQueuePlugin_queue_2_payload_rRegs_0_valid_i_18_n_0
                         LUT6 (Prop_lut6_I5_O)        0.105     8.809 r  u_wb/defaultClockArea_cpu/unsignedDivider_3/IntIssueQueuePlugin_queue_2_payload_rRegs_0_valid_i_14/O
                         net (fo=1, unplaced)         0.347     9.156    u_wb/defaultClockArea_cpu/unsignedDivider_3/IntIssueQueuePlugin_queueNext_2_payload_rRegs_0_valid
                         LUT6 (Prop_lut6_I5_O)        0.105     9.261 r  u_wb/defaultClockArea_cpu/unsignedDivider_3/IntIssueQueuePlugin_queue_2_payload_rRegs_0_valid_i_11/O
                         net (fo=1, unplaced)         0.347     9.608    u_wb/defaultClockArea_cpu/unsignedDivider_3/IntIssueQueuePlugin_queue_2_payload_rRegs_0_valid_i_11_n_0
                         LUT5 (Prop_lut5_I4_O)        0.105     9.713 r  u_wb/defaultClockArea_cpu/unsignedDivider_3/IntIssueQueuePlugin_queue_2_payload_rRegs_0_valid_i_6/O
                         net (fo=1, unplaced)         0.347    10.060    u_wb/defaultClockArea_cpu/unsignedDivider_3/IntIssueQueuePlugin_queue_2_payload_rRegs_0_valid_i_6_n_0
                         LUT6 (Prop_lut6_I0_O)        0.105    10.165 r  u_wb/defaultClockArea_cpu/unsignedDivider_3/IntIssueQueuePlugin_queue_2_payload_rRegs_0_valid_i_5/O
                         net (fo=1, unplaced)         0.347    10.512    u_wb/defaultClockArea_cpu/unsignedDivider_3/IntIssueQueuePlugin_queue_2_payload_rRegs_0_valid_i_5_n_0
                         LUT6 (Prop_lut6_I1_O)        0.105    10.617 r  u_wb/defaultClockArea_cpu/unsignedDivider_3/IntIssueQueuePlugin_queue_2_payload_rRegs_0_valid_i_3/O
                         net (fo=3, unplaced)         0.365    10.982    u_wb/defaultClockArea_cpu/unsignedDivider_3/IntIssueQueuePlugin_queue_2_payload_rRegs_0_valid_i_3_n_0
                         LUT4 (Prop_lut4_I1_O)        0.105    11.087 r  u_wb/defaultClockArea_cpu/unsignedDivider_3/IntIssueQueuePlugin_queue_0_payload_rRegs_0_valid_i_3/O
                         net (fo=1, unplaced)         0.347    11.434    u_wb/defaultClockArea_cpu/unsignedDivider_3/IntIssueQueuePlugin_queue_0_payload_rRegs_0_valid_i_3_n_0
                         LUT6 (Prop_lut6_I2_O)        0.105    11.539 r  u_wb/defaultClockArea_cpu/unsignedDivider_3/IntIssueQueuePlugin_queue_0_payload_rRegs_0_valid_i_1/O
                         net (fo=1, unplaced)         0.000    11.539    u_wb/defaultClockArea_cpu/unsignedDivider_3_n_12
                         FDRE                                         r  u_wb/defaultClockArea_cpu/IntIssueQueuePlugin_queue_0_payload_rRegs_0_valid_reg/D
  -------------------------------------------------------------------    -------------------

                         (clock aclk rise edge)      10.000    10.000 r  
                                                      0.000    10.000 r  aclk (IN)
                         net (fo=0)                   0.000    10.000    aclk
                         IBUF (Prop_ibuf_I_O)         0.751    10.751 r  aclk_IBUF_inst/O
                         net (fo=1, unplaced)         0.613    11.365    aclk_IBUF
                         BUFG (Prop_bufg_I_O)         0.077    11.442 r  aclk_IBUF_BUFG_inst/O
                         net (fo=17738, unplaced)     0.439    11.881    u_wb/defaultClockArea_cpu/aclk_IBUF_BUFG
                         FDRE                                         r  u_wb/defaultClockArea_cpu/IntIssueQueuePlugin_queue_0_payload_rRegs_0_valid_reg/C
                         clock pessimism              0.167    12.048    
                         clock uncertainty           -0.035    12.012    
                         FDRE (Setup_fdre_C_D)        0.029    12.041    u_wb/defaultClockArea_cpu/IntIssueQueuePlugin_queue_0_payload_rRegs_0_valid_reg
  -------------------------------------------------------------------
                         required time                         12.041    
                         arrival time                         -11.539    
  -------------------------------------------------------------------
                         slack                                  0.503    

Slack (MET) :             0.503ns  (required time - arrival time)
  Source:                 u_wb/defaultClockArea_cpu/MULDIV_RRD_to_MULDIV_EXE_REG_READ_RSP_0_reg[31]/C
                            (rising edge-triggered cell FDRE clocked by aclk  {rise@0.000ns fall@5.000ns period=10.000ns})
  Destination:            u_wb/defaultClockArea_cpu/IntIssueQueuePlugin_queue_0_payload_rRegs_1_valid_reg/D
                            (rising edge-triggered cell FDRE clocked by aclk  {rise@0.000ns fall@5.000ns period=10.000ns})
  Path Group:             aclk
  Path Type:              Setup (Max at Slow Process Corner)
  Requirement:            10.000ns  (aclk rise@10.000ns - aclk rise@0.000ns)
  Data Path Delay:        9.346ns  (logic 3.442ns (36.829%)  route 5.904ns (63.171%))
  Logic Levels:           22  (CARRY4=8 LUT3=1 LUT4=3 LUT5=3 LUT6=7)
  Clock Path Skew:        -0.145ns (DCD - SCD + CPR)
    Destination Clock Delay (DCD):    1.881ns = ( 11.881 - 10.000 ) 
    Source Clock Delay      (SCD):    2.193ns
    Clock Pessimism Removal (CPR):    0.167ns
  Clock Uncertainty:      0.035ns  ((TSJ^2 + TIJ^2)^1/2 + DJ) / 2 + PE
    Total System Jitter     (TSJ):    0.071ns
    Total Input Jitter      (TIJ):    0.000ns
    Discrete Jitter          (DJ):    0.000ns
    Phase Error              (PE):    0.000ns

    Location             Delay type                Incr(ns)  Path(ns)    Netlist Resource(s)
  -------------------------------------------------------------------    -------------------
                         (clock aclk rise edge)       0.000     0.000 r  
                                                      0.000     0.000 r  aclk (IN)
                         net (fo=0)                   0.000     0.000    aclk
                         IBUF (Prop_ibuf_I_O)         0.882     0.882 r  aclk_IBUF_inst/O
                         net (fo=1, unplaced)         0.646     1.528    aclk_IBUF
                         BUFG (Prop_bufg_I_O)         0.081     1.609 r  aclk_IBUF_BUFG_inst/O
                         net (fo=17738, unplaced)     0.584     2.193    u_wb/defaultClockArea_cpu/aclk_IBUF_BUFG
                         FDRE                                         r  u_wb/defaultClockArea_cpu/MULDIV_RRD_to_MULDIV_EXE_REG_READ_RSP_0_reg[31]/C
  -------------------------------------------------------------------    -------------------
                         FDRE (Prop_fdre_C_Q)         0.379     2.572 r  u_wb/defaultClockArea_cpu/MULDIV_RRD_to_MULDIV_EXE_REG_READ_RSP_0_reg[31]/Q
                         net (fo=160, unplaced)       0.710     3.282    u_wb/defaultClockArea_cpu/unsignedDivider_2/p_1_in__0
                         LUT3 (Prop_lut3_I0_O)        0.232     3.514 r  u_wb/defaultClockArea_cpu/unsignedDivider_2/MULDIV_EXE_MulDivExecutePlugin_multiplier_i_48/O
                         net (fo=1, unplaced)         0.000     3.514    u_wb/defaultClockArea_cpu/unsignedDivider_2/_zz_MULDIV_EXE_MulDivExecutePlugin_absRj[1]
                         CARRY4 (Prop_carry4_S[1]_CO[3])
                                                      0.444     3.958 r  u_wb/defaultClockArea_cpu/unsignedDivider_2/MULDIV_EXE_MulDivExecutePlugin_multiplier_i_8/CO[3]
                         net (fo=1, unplaced)         0.008     3.966    u_wb/defaultClockArea_cpu/unsignedDivider_2/MULDIV_EXE_MulDivExecutePlugin_multiplier_i_8_n_0
                         CARRY4 (Prop_carry4_CI_CO[3])
                                                      0.100     4.066 r  u_wb/defaultClockArea_cpu/unsignedDivider_2/MULDIV_EXE_MulDivExecutePlugin_multiplier_i_7/CO[3]
                         net (fo=1, unplaced)         0.000     4.066    u_wb/defaultClockArea_cpu/unsignedDivider_2/MULDIV_EXE_MulDivExecutePlugin_multiplier_i_7_n_0
                         CARRY4 (Prop_carry4_CI_CO[3])
                                                      0.100     4.166 r  u_wb/defaultClockArea_cpu/unsignedDivider_2/MULDIV_EXE_MulDivExecutePlugin_multiplier_i_6/CO[3]
                         net (fo=1, unplaced)         0.000     4.166    u_wb/defaultClockArea_cpu/unsignedDivider_2/MULDIV_EXE_MulDivExecutePlugin_multiplier_i_6_n_0
                         CARRY4 (Prop_carry4_CI_CO[3])
                                                      0.100     4.266 r  u_wb/defaultClockArea_cpu/unsignedDivider_2/MULDIV_EXE_MulDivExecutePlugin_multiplier_i_5/CO[3]
                         net (fo=1, unplaced)         0.000     4.266    u_wb/defaultClockArea_cpu/unsignedDivider_2/MULDIV_EXE_MulDivExecutePlugin_multiplier_i_5_n_0
                         CARRY4 (Prop_carry4_CI_CO[3])
                                                      0.100     4.366 r  u_wb/defaultClockArea_cpu/unsignedDivider_2/MULDIV_EXE_MulDivExecutePlugin_multiplier_i_4/CO[3]
                         net (fo=1, unplaced)         0.000     4.366    u_wb/defaultClockArea_cpu/unsignedDivider_2/MULDIV_EXE_MulDivExecutePlugin_multiplier_i_4_n_0
                         CARRY4 (Prop_carry4_CI_CO[3])
                                                      0.100     4.466 r  u_wb/defaultClockArea_cpu/unsignedDivider_2/MULDIV_EXE_MulDivExecutePlugin_multiplier_i_3/CO[3]
                         net (fo=1, unplaced)         0.000     4.466    u_wb/defaultClockArea_cpu/unsignedDivider_2/MULDIV_EXE_MulDivExecutePlugin_multiplier_i_3_n_0
                         CARRY4 (Prop_carry4_CI_CO[3])
                                                      0.100     4.566 r  u_wb/defaultClockArea_cpu/unsignedDivider_2/MULDIV_EXE_MulDivExecutePlugin_multiplier_i_2/CO[3]
                         net (fo=1, unplaced)         0.000     4.566    u_wb/defaultClockArea_cpu/unsignedDivider_2/MULDIV_EXE_MulDivExecutePlugin_multiplier_i_2_n_0
                         CARRY4 (Prop_carry4_CI_O[3])
                                                      0.277     4.843 f  u_wb/defaultClockArea_cpu/unsignedDivider_2/MULDIV_EXE_MulDivExecutePlugin_multiplier_i_1/O[3]
                         net (fo=3, unplaced)         0.537     5.380    u_wb/defaultClockArea_cpu/unsignedDivider_2/A[31]
                         LUT4 (Prop_lut4_I2_O)        0.250     5.630 f  u_wb/defaultClockArea_cpu/unsignedDivider_2/MULDIV_RRD_to_MULDIV_EXE_ISSUE_SLOT_wReg[5]_i_9/O
                         net (fo=1, unplaced)         0.347     5.977    u_wb/defaultClockArea_cpu/unsignedDivider_2/MULDIV_RRD_to_MULDIV_EXE_ISSUE_SLOT_wReg[5]_i_9_n_0
                         LUT5 (Prop_lut5_I4_O)        0.105     6.082 f  u_wb/defaultClockArea_cpu/unsignedDivider_2/MULDIV_RRD_to_MULDIV_EXE_ISSUE_SLOT_wReg[5]_i_5/O
                         net (fo=1, unplaced)         0.528     6.610    u_wb/defaultClockArea_cpu/unsignedDivider_2/MULDIV_RRD_to_MULDIV_EXE_ISSUE_SLOT_wReg[5]_i_5_n_0
                         LUT4 (Prop_lut4_I0_O)        0.105     6.715 r  u_wb/defaultClockArea_cpu/unsignedDivider_2/MULDIV_RRD_to_MULDIV_EXE_ISSUE_SLOT_wReg[5]_i_4/O
                         net (fo=66, unplaced)        0.436     7.151    u_wb/defaultClockArea_cpu/unsignedDivider_3/MULDIV_RRD_to_MULDIV_EXE_ISSUE_SLOT_robIdx_reg[0]_0
                         LUT5 (Prop_lut5_I2_O)        0.105     7.256 r  u_wb/defaultClockArea_cpu/unsignedDivider_3/MULDIV_RRD_to_MULDIV_EXE_ISSUE_SLOT_wReg[5]_i_1/O
                         net (fo=95, unplaced)        0.445     7.701    u_wb/defaultClockArea_cpu/unsignedDivider_3/MULDIV_EXE_arbitration_notStuck
                         LUT6 (Prop_lut6_I3_O)        0.105     7.806 r  u_wb/defaultClockArea_cpu/unsignedDivider_3/MulDivIssueQueuePlugin_queue_2_payload_rRegs_0_valid_i_8/O
                         net (fo=99, unplaced)        0.446     8.252    u_wb/defaultClockArea_cpu/unsignedDivider_3/MulDivExecutePlugin_clrBusy_valid
                         LUT6 (Prop_lut6_I2_O)        0.105     8.357 r  u_wb/defaultClockArea_cpu/unsignedDivider_3/IntIssueQueuePlugin_queue_2_payload_rRegs_1_valid_i_18/O
                         net (fo=1, unplaced)         0.347     8.704    u_wb/defaultClockArea_cpu/unsignedDivider_3/IntIssueQueuePlugin_queue_2_payload_rRegs_1_valid_i_18_n_0
                         LUT6 (Prop_lut6_I5_O)        0.105     8.809 r  u_wb/defaultClockArea_cpu/unsignedDivider_3/IntIssueQueuePlugin_queue_2_payload_rRegs_1_valid_i_14/O
                         net (fo=1, unplaced)         0.347     9.156    u_wb/defaultClockArea_cpu/unsignedDivider_3/IntIssueQueuePlugin_queueNext_2_payload_rRegs_1_valid
                         LUT6 (Prop_lut6_I5_O)        0.105     9.261 r  u_wb/defaultClockArea_cpu/unsignedDivider_3/IntIssueQueuePlugin_queue_2_payload_rRegs_1_valid_i_11/O
                         net (fo=1, unplaced)         0.347     9.608    u_wb/defaultClockArea_cpu/unsignedDivider_3/IntIssueQueuePlugin_queue_2_payload_rRegs_1_valid_i_11_n_0
                         LUT5 (Prop_lut5_I4_O)        0.105     9.713 r  u_wb/defaultClockArea_cpu/unsignedDivider_3/IntIssueQueuePlugin_queue_2_payload_rRegs_1_valid_i_6/O
                         net (fo=1, unplaced)         0.347    10.060    u_wb/defaultClockArea_cpu/unsignedDivider_3/IntIssueQueuePlugin_queue_2_payload_rRegs_1_valid_i_6_n_0
                         LUT6 (Prop_lut6_I0_O)        0.105    10.165 r  u_wb/defaultClockArea_cpu/unsignedDivider_3/IntIssueQueuePlugin_queue_2_payload_rRegs_1_valid_i_5/O
                         net (fo=1, unplaced)         0.347    10.512    u_wb/defaultClockArea_cpu/unsignedDivider_3/IntIssueQueuePlugin_queue_2_payload_rRegs_1_valid_i_5_n_0
                         LUT6 (Prop_lut6_I1_O)        0.105    10.617 r  u_wb/defaultClockArea_cpu/unsignedDivider_3/IntIssueQueuePlugin_queue_2_payload_rRegs_1_valid_i_3/O
                         net (fo=3, unplaced)         0.365    10.982    u_wb/defaultClockArea_cpu/unsignedDivider_3/IntIssueQueuePlugin_queue_2_payload_rRegs_1_valid_i_3_n_0
                         LUT4 (Prop_lut4_I1_O)        0.105    11.087 r  u_wb/defaultClockArea_cpu/unsignedDivider_3/IntIssueQueuePlugin_queue_0_payload_rRegs_1_valid_i_3/O
                         net (fo=1, unplaced)         0.347    11.434    u_wb/defaultClockArea_cpu/unsignedDivider_3/IntIssueQueuePlugin_queue_0_payload_rRegs_1_valid_i_3_n_0
                         LUT6 (Prop_lut6_I2_O)        0.105    11.539 r  u_wb/defaultClockArea_cpu/unsignedDivider_3/IntIssueQueuePlugin_queue_0_payload_rRegs_1_valid_i_1/O
                         net (fo=1, unplaced)         0.000    11.539    u_wb/defaultClockArea_cpu/unsignedDivider_3_n_13
                         FDRE                                         r  u_wb/defaultClockArea_cpu/IntIssueQueuePlugin_queue_0_payload_rRegs_1_valid_reg/D
  -------------------------------------------------------------------    -------------------

                         (clock aclk rise edge)      10.000    10.000 r  
                                                      0.000    10.000 r  aclk (IN)
                         net (fo=0)                   0.000    10.000    aclk
                         IBUF (Prop_ibuf_I_O)         0.751    10.751 r  aclk_IBUF_inst/O
                         net (fo=1, unplaced)         0.613    11.365    aclk_IBUF
                         BUFG (Prop_bufg_I_O)         0.077    11.442 r  aclk_IBUF_BUFG_inst/O
                         net (fo=17738, unplaced)     0.439    11.881    u_wb/defaultClockArea_cpu/aclk_IBUF_BUFG
                         FDRE                                         r  u_wb/defaultClockArea_cpu/IntIssueQueuePlugin_queue_0_payload_rRegs_1_valid_reg/C
                         clock pessimism              0.167    12.048    
                         clock uncertainty           -0.035    12.012    
                         FDRE (Setup_fdre_C_D)        0.029    12.041    u_wb/defaultClockArea_cpu/IntIssueQueuePlugin_queue_0_payload_rRegs_1_valid_reg
  -------------------------------------------------------------------
                         required time                         12.041    
                         arrival time                         -11.539    
  -------------------------------------------------------------------
                         slack                                  0.503    

Slack (MET) :             0.600ns  (required time - arrival time)
  Source:                 u_wb/defaultClockArea_cpu/ROBFIFOPlugin_robInfo/popPtr_reg[1]/C
                            (rising edge-triggered cell FDCE clocked by aclk  {rise@0.000ns fall@5.000ns period=10.000ns})
  Destination:            u_wb/defaultClockArea_cpu/GlobalPredictorBTBPlugin_predictor/pht/rams_0/mem/xpm_memory_base_inst/gen_wr_a.gen_word_narrow.mem_reg/ADDRBWRADDR[12]
                            (rising edge-triggered cell RAMB18E1 clocked by aclk  {rise@0.000ns fall@5.000ns period=10.000ns})
  Path Group:             aclk
  Path Type:              Setup (Max at Slow Process Corner)
  Requirement:            10.000ns  (aclk rise@10.000ns - aclk rise@0.000ns)
  Data Path Delay:        8.585ns  (logic 2.578ns (30.031%)  route 6.007ns (69.969%))
  Logic Levels:           15  (CARRY4=3 LUT2=4 LUT3=1 LUT5=1 LUT6=6)
  Clock Path Skew:        -0.145ns (DCD - SCD + CPR)
    Destination Clock Delay (DCD):    1.881ns = ( 11.881 - 10.000 ) 
    Source Clock Delay      (SCD):    2.193ns
    Clock Pessimism Removal (CPR):    0.167ns
  Clock Uncertainty:      0.035ns  ((TSJ^2 + TIJ^2)^1/2 + DJ) / 2 + PE
    Total System Jitter     (TSJ):    0.071ns
    Total Input Jitter      (TIJ):    0.000ns
    Discrete Jitter          (DJ):    0.000ns
    Phase Error              (PE):    0.000ns

    Location             Delay type                Incr(ns)  Path(ns)    Netlist Resource(s)
  -------------------------------------------------------------------    -------------------
                         (clock aclk rise edge)       0.000     0.000 r  
                                                      0.000     0.000 r  aclk (IN)
                         net (fo=0)                   0.000     0.000    aclk
                         IBUF (Prop_ibuf_I_O)         0.882     0.882 r  aclk_IBUF_inst/O
                         net (fo=1, unplaced)         0.646     1.528    aclk_IBUF
                         BUFG (Prop_bufg_I_O)         0.081     1.609 r  aclk_IBUF_BUFG_inst/O
                         net (fo=17738, unplaced)     0.584     2.193    u_wb/defaultClockArea_cpu/ROBFIFOPlugin_robInfo/aclk_IBUF_BUFG
                         FDCE                                         r  u_wb/defaultClockArea_cpu/ROBFIFOPlugin_robInfo/popPtr_reg[1]/C
  -------------------------------------------------------------------    -------------------
                         FDCE (Prop_fdce_C_Q)         0.379     2.572 r  u_wb/defaultClockArea_cpu/ROBFIFOPlugin_robInfo/popPtr_reg[1]/Q
                         net (fo=50, unplaced)        0.861     3.433    u_wb/defaultClockArea_cpu/ROBFIFOPlugin_robInfo/ram/rams_1/mem_i_134[1]
                         LUT6 (Prop_lut6_I0_O)        0.232     3.665 r  u_wb/defaultClockArea_cpu/ROBFIFOPlugin_robInfo/ram/rams_1/mem_i_201/O
                         net (fo=2, unplaced)         0.358     4.023    u_wb/defaultClockArea_cpu/ROBFIFOPlugin_robInfo/ram/rams_2/mem_i_128__2_0
                         LUT6 (Prop_lut6_I0_O)        0.105     4.128 f  u_wb/defaultClockArea_cpu/ROBFIFOPlugin_robInfo/ram/rams_2/mem_i_155/O
                         net (fo=2, unplaced)         0.358     4.486    u_wb/defaultClockArea_cpu/ROBFIFOPlugin_robInfo/ram/rams_2/pushPtr_reg[3]
                         LUT6 (Prop_lut6_I0_O)        0.105     4.591 r  u_wb/defaultClockArea_cpu/ROBFIFOPlugin_robInfo/ram/rams_2/mem_i_134/O
                         net (fo=4, unplaced)         0.371     4.962    u_wb/defaultClockArea_cpu/ROBFIFOPlugin_robInfo/ram/rams_2/popPtr_reg[3]
                         LUT5 (Prop_lut5_I4_O)        0.105     5.067 r  u_wb/defaultClockArea_cpu/ROBFIFOPlugin_robInfo/ram/rams_2/debug0_wb_pc_OBUF[31]_inst_i_5/O
                         net (fo=5, unplaced)         0.375     5.442    u_wb/defaultClockArea_cpu/ROBFIFOPlugin_robInfo/defaultClockArea_cpu_ROBFIFOPlugin_debug_fifoIO_pop_0_valid
                         LUT2 (Prop_lut2_I0_O)        0.105     5.547 f  u_wb/defaultClockArea_cpu/ROBFIFOPlugin_robInfo/CommitPlugin_regFlush_i_8/O
                         net (fo=1, unplaced)         0.347     5.894    u_wb/defaultClockArea_cpu/ROBFIFOPlugin_robInfo/ram/ExceptionHandlerPlugin_ESTAT_ECODE_reg[0]
                         LUT6 (Prop_lut6_I4_O)        0.105     5.999 f  u_wb/defaultClockArea_cpu/ROBFIFOPlugin_robInfo/ram/CommitPlugin_regFlush_i_3/O
                         net (fo=6, unplaced)         0.379     6.378    u_wb/defaultClockArea_cpu/ROBFIFOPlugin_robInfo/ram/CommitPlugin_regFlush_i_3_n_0
                         LUT6 (Prop_lut6_I3_O)        0.105     6.483 r  u_wb/defaultClockArea_cpu/ROBFIFOPlugin_robInfo/ram/CommitPlugin_regFlush_i_1/O
                         net (fo=75, unplaced)        0.439     6.922    u_wb/defaultClockArea_cpu/ROBFIFOPlugin_robInfo/ram/ROBFIFOPlugin_fifoIO_pop_0_payload_state_except_valid_reg
                         LUT3 (Prop_lut3_I2_O)        0.105     7.027 r  u_wb/defaultClockArea_cpu/ROBFIFOPlugin_robInfo/ram/IF1_ProgramCounterPlugin_regPC[1]_i_2/O
                         net (fo=37, unplaced)        0.422     7.449    u_wb/defaultClockArea_cpu/ROBFIFOPlugin_robInfo/ram/ProgramCounterPlugin_backendJumpInterface_valid
                         LUT2 (Prop_lut2_I0_O)        0.105     7.554 r  u_wb/defaultClockArea_cpu/ROBFIFOPlugin_robInfo/ram/mem_i_26__8/O
                         net (fo=23, unplaced)        0.645     8.199    u_wb/defaultClockArea_cpu/ROBFIFOPlugin_robInfo/ram/rams_0/readLogic_regAddr_reg[0]_rep__0_0
                         LUT6 (Prop_lut6_I2_O)        0.105     8.304 r  u_wb/defaultClockArea_cpu/ROBFIFOPlugin_robInfo/ram/rams_0/IF1_ProgramCounterPlugin_regPC[2]_i_1/O
                         net (fo=41, unplaced)        0.405     8.709    u_wb/defaultClockArea_cpu/ROBFIFOPlugin_robInfo/ram/ProgramCounterPlugin_backendJumpInterface_rValid_reg_inv_4
                         LUT2 (Prop_lut2_I0_O)        0.125     8.834 r  u_wb/defaultClockArea_cpu/ROBFIFOPlugin_robInfo/ram/mem_i_32__4/O
                         net (fo=11, unplaced)        0.393     9.227    u_wb/defaultClockArea_cpu/ROBFIFOPlugin_robInfo/ram/mem_i_32__4_n_0
                         LUT2 (Prop_lut2_I1_O)        0.105     9.332 r  u_wb/defaultClockArea_cpu/ROBFIFOPlugin_robInfo/ram/mem_i_27__4/O
                         net (fo=1, unplaced)         0.000     9.332    u_wb/defaultClockArea_cpu/ROBFIFOPlugin_robInfo/ram/mem_i_27__4_n_0
                         CARRY4 (Prop_carry4_S[0]_CO[3])
                                                      0.423     9.755 r  u_wb/defaultClockArea_cpu/ROBFIFOPlugin_robInfo/ram/mem_i_10__4/CO[3]
                         net (fo=1, unplaced)         0.008     9.763    u_wb/defaultClockArea_cpu/ROBFIFOPlugin_robInfo/ram/mem_i_10__4_n_0
                         CARRY4 (Prop_carry4_CI_CO[3])
                                                      0.100     9.863 r  u_wb/defaultClockArea_cpu/ROBFIFOPlugin_robInfo/ram/mem_i_9__7/CO[3]
                         net (fo=1, unplaced)         0.000     9.863    u_wb/defaultClockArea_cpu/ROBFIFOPlugin_robInfo/ram/mem_i_9__7_n_0
                         CARRY4 (Prop_carry4_CI_O[1])
                                                      0.269    10.132 r  u_wb/defaultClockArea_cpu/ROBFIFOPlugin_robInfo/ram/mem_i_8__7/O[1]
                         net (fo=1, unplaced)         0.646    10.777    u_wb/defaultClockArea_cpu/GlobalPredictorBTBPlugin_predictor/pht/rams_0/mem/xpm_memory_base_inst/addrb[9]
                         RAMB18E1                                     r  u_wb/defaultClockArea_cpu/GlobalPredictorBTBPlugin_predictor/pht/rams_0/mem/xpm_memory_base_inst/gen_wr_a.gen_word_narrow.mem_reg/ADDRBWRADDR[12]
  -------------------------------------------------------------------    -------------------

                         (clock aclk rise edge)      10.000    10.000 r  
                                                      0.000    10.000 r  aclk (IN)
                         net (fo=0)                   0.000    10.000    aclk
                         IBUF (Prop_ibuf_I_O)         0.751    10.751 r  aclk_IBUF_inst/O
                         net (fo=1, unplaced)         0.613    11.365    aclk_IBUF
                         BUFG (Prop_bufg_I_O)         0.077    11.442 r  aclk_IBUF_BUFG_inst/O
                         net (fo=17738, unplaced)     0.439    11.881    u_wb/defaultClockArea_cpu/GlobalPredictorBTBPlugin_predictor/pht/rams_0/mem/xpm_memory_base_inst/clka
                         RAMB18E1                                     r  u_wb/defaultClockArea_cpu/GlobalPredictorBTBPlugin_predictor/pht/rams_0/mem/xpm_memory_base_inst/gen_wr_a.gen_word_narrow.mem_reg/CLKBWRCLK
                         clock pessimism              0.167    12.048    
                         clock uncertainty           -0.035    12.012    
                         RAMB18E1 (Setup_ramb18e1_CLKBWRCLK_ADDRBWRADDR[12])
                                                     -0.635    11.377    u_wb/defaultClockArea_cpu/GlobalPredictorBTBPlugin_predictor/pht/rams_0/mem/xpm_memory_base_inst/gen_wr_a.gen_word_narrow.mem_reg
  -------------------------------------------------------------------
                         required time                         11.377    
                         arrival time                         -10.777    
  -------------------------------------------------------------------
                         slack                                  0.600    

Slack (MET) :             0.608ns  (required time - arrival time)
  Source:                 u_wb/defaultClockArea_cpu/ROBFIFOPlugin_robInfo/popPtr_reg[1]/C
                            (rising edge-triggered cell FDCE clocked by aclk  {rise@0.000ns fall@5.000ns period=10.000ns})
  Destination:            u_wb/defaultClockArea_cpu/GlobalPredictorBTBPlugin_predictor/pht/rams_2/mem/xpm_memory_base_inst/gen_wr_a.gen_word_narrow.mem_reg/ADDRBWRADDR[12]
                            (rising edge-triggered cell RAMB18E1 clocked by aclk  {rise@0.000ns fall@5.000ns period=10.000ns})
  Path Group:             aclk
  Path Type:              Setup (Max at Slow Process Corner)
  Requirement:            10.000ns  (aclk rise@10.000ns - aclk rise@0.000ns)
  Data Path Delay:        8.577ns  (logic 2.558ns (29.825%)  route 6.019ns (70.175%))
  Logic Levels:           15  (CARRY4=3 LUT2=4 LUT3=1 LUT5=1 LUT6=6)
  Clock Path Skew:        -0.145ns (DCD - SCD + CPR)
    Destination Clock Delay (DCD):    1.881ns = ( 11.881 - 10.000 ) 
    Source Clock Delay      (SCD):    2.193ns
    Clock Pessimism Removal (CPR):    0.167ns
  Clock Uncertainty:      0.035ns  ((TSJ^2 + TIJ^2)^1/2 + DJ) / 2 + PE
    Total System Jitter     (TSJ):    0.071ns
    Total Input Jitter      (TIJ):    0.000ns
    Discrete Jitter          (DJ):    0.000ns
    Phase Error              (PE):    0.000ns

    Location             Delay type                Incr(ns)  Path(ns)    Netlist Resource(s)
  -------------------------------------------------------------------    -------------------
                         (clock aclk rise edge)       0.000     0.000 r  
                                                      0.000     0.000 r  aclk (IN)
                         net (fo=0)                   0.000     0.000    aclk
                         IBUF (Prop_ibuf_I_O)         0.882     0.882 r  aclk_IBUF_inst/O
                         net (fo=1, unplaced)         0.646     1.528    aclk_IBUF
                         BUFG (Prop_bufg_I_O)         0.081     1.609 r  aclk_IBUF_BUFG_inst/O
                         net (fo=17738, unplaced)     0.584     2.193    u_wb/defaultClockArea_cpu/ROBFIFOPlugin_robInfo/aclk_IBUF_BUFG
                         FDCE                                         r  u_wb/defaultClockArea_cpu/ROBFIFOPlugin_robInfo/popPtr_reg[1]/C
  -------------------------------------------------------------------    -------------------
                         FDCE (Prop_fdce_C_Q)         0.379     2.572 r  u_wb/defaultClockArea_cpu/ROBFIFOPlugin_robInfo/popPtr_reg[1]/Q
                         net (fo=50, unplaced)        0.861     3.433    u_wb/defaultClockArea_cpu/ROBFIFOPlugin_robInfo/ram/rams_1/mem_i_134[1]
                         LUT6 (Prop_lut6_I0_O)        0.232     3.665 f  u_wb/defaultClockArea_cpu/ROBFIFOPlugin_robInfo/ram/rams_1/mem_i_201/O
                         net (fo=2, unplaced)         0.358     4.023    u_wb/defaultClockArea_cpu/ROBFIFOPlugin_robInfo/ram/rams_2/mem_i_128__2_0
                         LUT6 (Prop_lut6_I0_O)        0.105     4.128 r  u_wb/defaultClockArea_cpu/ROBFIFOPlugin_robInfo/ram/rams_2/mem_i_155/O
                         net (fo=2, unplaced)         0.358     4.486    u_wb/defaultClockArea_cpu/ROBFIFOPlugin_robInfo/ram/rams_2/pushPtr_reg[3]
                         LUT6 (Prop_lut6_I0_O)        0.105     4.591 f  u_wb/defaultClockArea_cpu/ROBFIFOPlugin_robInfo/ram/rams_2/mem_i_134/O
                         net (fo=4, unplaced)         0.371     4.962    u_wb/defaultClockArea_cpu/ROBFIFOPlugin_robInfo/ram/rams_2/popPtr_reg[3]
                         LUT5 (Prop_lut5_I4_O)        0.105     5.067 f  u_wb/defaultClockArea_cpu/ROBFIFOPlugin_robInfo/ram/rams_2/debug0_wb_pc_OBUF[31]_inst_i_5/O
                         net (fo=5, unplaced)         0.375     5.442    u_wb/defaultClockArea_cpu/ROBFIFOPlugin_robInfo/defaultClockArea_cpu_ROBFIFOPlugin_debug_fifoIO_pop_0_valid
                         LUT2 (Prop_lut2_I0_O)        0.105     5.547 r  u_wb/defaultClockArea_cpu/ROBFIFOPlugin_robInfo/CommitPlugin_regFlush_i_8/O
                         net (fo=1, unplaced)         0.347     5.894    u_wb/defaultClockArea_cpu/ROBFIFOPlugin_robInfo/ram/ExceptionHandlerPlugin_ESTAT_ECODE_reg[0]
                         LUT6 (Prop_lut6_I4_O)        0.105     5.999 r  u_wb/defaultClockArea_cpu/ROBFIFOPlugin_robInfo/ram/CommitPlugin_regFlush_i_3/O
                         net (fo=6, unplaced)         0.379     6.378    u_wb/defaultClockArea_cpu/ROBFIFOPlugin_robInfo/ram/CommitPlugin_regFlush_i_3_n_0
                         LUT6 (Prop_lut6_I3_O)        0.105     6.483 f  u_wb/defaultClockArea_cpu/ROBFIFOPlugin_robInfo/ram/CommitPlugin_regFlush_i_1/O
                         net (fo=75, unplaced)        0.439     6.922    u_wb/defaultClockArea_cpu/ROBFIFOPlugin_robInfo/ram/ROBFIFOPlugin_fifoIO_pop_0_payload_state_except_valid_reg
                         LUT3 (Prop_lut3_I2_O)        0.105     7.027 f  u_wb/defaultClockArea_cpu/ROBFIFOPlugin_robInfo/ram/IF1_ProgramCounterPlugin_regPC[1]_i_2/O
                         net (fo=37, unplaced)        0.422     7.449    u_wb/defaultClockArea_cpu/ROBFIFOPlugin_robInfo/ram/ProgramCounterPlugin_backendJumpInterface_valid
                         LUT2 (Prop_lut2_I0_O)        0.105     7.554 f  u_wb/defaultClockArea_cpu/ROBFIFOPlugin_robInfo/ram/mem_i_26__8/O
                         net (fo=23, unplaced)        0.645     8.199    u_wb/defaultClockArea_cpu/ROBFIFOPlugin_robInfo/ram/rams_1/readLogic_regAddr_reg[1]_rep__0_0
                         LUT6 (Prop_lut6_I2_O)        0.105     8.304 f  u_wb/defaultClockArea_cpu/ROBFIFOPlugin_robInfo/ram/rams_1/IF1_ProgramCounterPlugin_regPC[3]_i_1/O
                         net (fo=31, unplaced)        0.417     8.721    u_wb/defaultClockArea_cpu/ROBFIFOPlugin_robInfo/ram/ProgramCounterPlugin_backendJumpInterface_rValid_reg_inv
                         LUT2 (Prop_lut2_I1_O)        0.105     8.826 r  u_wb/defaultClockArea_cpu/ROBFIFOPlugin_robInfo/ram/mem_i_26__4/O
                         net (fo=11, unplaced)        0.393     9.219    u_wb/defaultClockArea_cpu/ROBFIFOPlugin_robInfo/ram/mem_i_26__4_n_0
                         LUT2 (Prop_lut2_I1_O)        0.105     9.324 r  u_wb/defaultClockArea_cpu/ROBFIFOPlugin_robInfo/ram/mem_i_21__17/O
                         net (fo=1, unplaced)         0.000     9.324    u_wb/defaultClockArea_cpu/ROBFIFOPlugin_robInfo/ram/mem_i_21__17_n_0
                         CARRY4 (Prop_carry4_S[0]_CO[3])
                                                      0.423     9.747 r  u_wb/defaultClockArea_cpu/ROBFIFOPlugin_robInfo/ram/mem_i_9__5/CO[3]
                         net (fo=1, unplaced)         0.008     9.755    u_wb/defaultClockArea_cpu/ROBFIFOPlugin_robInfo/ram/mem_i_9__5_n_0
                         CARRY4 (Prop_carry4_CI_CO[3])
                                                      0.100     9.855 r  u_wb/defaultClockArea_cpu/ROBFIFOPlugin_robInfo/ram/mem_i_8__5/CO[3]
                         net (fo=1, unplaced)         0.000     9.855    u_wb/defaultClockArea_cpu/ROBFIFOPlugin_robInfo/ram/mem_i_8__5_n_0
                         CARRY4 (Prop_carry4_CI_O[1])
                                                      0.269    10.124 r  u_wb/defaultClockArea_cpu/ROBFIFOPlugin_robInfo/ram/mem_i_7__7/O[1]
                         net (fo=1, unplaced)         0.646    10.769    u_wb/defaultClockArea_cpu/GlobalPredictorBTBPlugin_predictor/pht/rams_2/mem/xpm_memory_base_inst/addrb[9]
                         RAMB18E1                                     r  u_wb/defaultClockArea_cpu/GlobalPredictorBTBPlugin_predictor/pht/rams_2/mem/xpm_memory_base_inst/gen_wr_a.gen_word_narrow.mem_reg/ADDRBWRADDR[12]
  -------------------------------------------------------------------    -------------------

                         (clock aclk rise edge)      10.000    10.000 r  
                                                      0.000    10.000 r  aclk (IN)
                         net (fo=0)                   0.000    10.000    aclk
                         IBUF (Prop_ibuf_I_O)         0.751    10.751 r  aclk_IBUF_inst/O
                         net (fo=1, unplaced)         0.613    11.365    aclk_IBUF
                         BUFG (Prop_bufg_I_O)         0.077    11.442 r  aclk_IBUF_BUFG_inst/O
                         net (fo=17738, unplaced)     0.439    11.881    u_wb/defaultClockArea_cpu/GlobalPredictorBTBPlugin_predictor/pht/rams_2/mem/xpm_memory_base_inst/clka
                         RAMB18E1                                     r  u_wb/defaultClockArea_cpu/GlobalPredictorBTBPlugin_predictor/pht/rams_2/mem/xpm_memory_base_inst/gen_wr_a.gen_word_narrow.mem_reg/CLKBWRCLK
                         clock pessimism              0.167    12.048    
                         clock uncertainty           -0.035    12.012    
                         RAMB18E1 (Setup_ramb18e1_CLKBWRCLK_ADDRBWRADDR[12])
                                                     -0.635    11.377    u_wb/defaultClockArea_cpu/GlobalPredictorBTBPlugin_predictor/pht/rams_2/mem/xpm_memory_base_inst/gen_wr_a.gen_word_narrow.mem_reg
  -------------------------------------------------------------------
                         required time                         11.377    
                         arrival time                         -10.769    
  -------------------------------------------------------------------
                         slack                                  0.608    





Pulse Width Checks
--------------------------------------------------------------------------------------
Clock Name:         aclk
Waveform(ns):       { 0.000 5.000 }
Period(ns):         10.000
Sources:            { aclk }

Check Type        Corner  Lib Pin             Reference Pin  Required(ns)  Actual(ns)  Slack(ns)  Location  Pin
Min Period        n/a     DSP48E1/CLK         n/a            3.109         10.000      6.891                core_top/wb_raw_top/MyCPUCore/multiplier/<hidden>/<hidden>/<hidden>
Min Period        n/a     RAMB36E1/CLKARDCLK  n/a            2.472         10.000      7.528                u_wb/defaultClockArea_axiBuffer/fifo/xpm_fifo_base_inst/gen_sdpram.xpm_memory_base_inst/gen_wr_a.gen_word_narrow.mem_reg_0/CLKARDCLK
Min Period        n/a     RAMB36E1/CLKARDCLK  n/a            2.472         10.000      7.528                u_wb/defaultClockArea_axiBuffer/fifo/xpm_fifo_base_inst/gen_sdpram.xpm_memory_base_inst/gen_wr_a.gen_word_narrow.mem_reg_1/CLKARDCLK
Min Period        n/a     RAMB18E1/CLKARDCLK  n/a            2.472         10.000      7.528                u_wb/defaultClockArea_axiBuffer/fifo/xpm_fifo_base_inst/gen_sdpram.xpm_memory_base_inst/gen_wr_a.gen_word_narrow.mem_reg_2/CLKARDCLK
Min Period        n/a     RAMB36E1/CLKARDCLK  n/a            2.472         10.000      7.528                u_wb/defaultClockArea_cpu/DCachePlugin_dataRAMs_0/mem/xpm_memory_base_inst/gen_wr_a.gen_byte_narrow.for_mem_cols[1].mem_reg/CLKARDCLK
Min Period        n/a     RAMB36E1/CLKARDCLK  n/a            2.472         10.000      7.528                u_wb/defaultClockArea_cpu/DCachePlugin_dataRAMs_1/mem/xpm_memory_base_inst/gen_wr_a.gen_byte_narrow.for_mem_cols[1].mem_reg/CLKARDCLK
Min Period        n/a     RAMB36E1/CLKARDCLK  n/a            2.472         10.000      7.528                u_wb/defaultClockArea_cpu/DCachePlugin_infoRAM/mem/xpm_memory_base_inst/gen_wr_a.gen_word_narrow.mem_reg/CLKARDCLK
Min Period        n/a     RAMB36E1/CLKBWRCLK  n/a            2.472         10.000      7.528                u_wb/defaultClockArea_cpu/DCachePlugin_infoRAM/mem/xpm_memory_base_inst/gen_wr_a.gen_word_narrow.mem_reg/CLKBWRCLK
Min Period        n/a     RAMB36E1/CLKARDCLK  n/a            2.472         10.000      7.528                u_wb/defaultClockArea_cpu/GlobalPredictorBTBPlugin_btb/rams_0/mem/xpm_memory_base_inst/gen_wr_a.gen_word_narrow.mem_reg/CLKARDCLK
Min Period        n/a     RAMB36E1/CLKBWRCLK  n/a            2.472         10.000      7.528                u_wb/defaultClockArea_cpu/GlobalPredictorBTBPlugin_btb/rams_0/mem/xpm_memory_base_inst/gen_wr_a.gen_word_narrow.mem_reg/CLKBWRCLK
Min Period        n/a     RAMB36E1/CLKARDCLK  n/a            2.472         10.000      7.528                u_wb/defaultClockArea_cpu/GlobalPredictorBTBPlugin_btb/rams_1/mem/xpm_memory_base_inst/gen_wr_a.gen_word_narrow.mem_reg/CLKARDCLK
Min Period        n/a     RAMB36E1/CLKBWRCLK  n/a            2.472         10.000      7.528                u_wb/defaultClockArea_cpu/GlobalPredictorBTBPlugin_btb/rams_1/mem/xpm_memory_base_inst/gen_wr_a.gen_word_narrow.mem_reg/CLKBWRCLK
Min Period        n/a     RAMB36E1/CLKARDCLK  n/a            2.472         10.000      7.528                u_wb/defaultClockArea_cpu/GlobalPredictorBTBPlugin_btb/rams_2/mem/xpm_memory_base_inst/gen_wr_a.gen_word_narrow.mem_reg/CLKARDCLK
Min Period        n/a     RAMB36E1/CLKBWRCLK  n/a            2.472         10.000      7.528                u_wb/defaultClockArea_cpu/GlobalPredictorBTBPlugin_btb/rams_2/mem/xpm_memory_base_inst/gen_wr_a.gen_word_narrow.mem_reg/CLKBWRCLK
Min Period        n/a     RAMB36E1/CLKARDCLK  n/a            2.472         10.000      7.528                u_wb/defaultClockArea_cpu/GlobalPredictorBTBPlugin_btb/rams_3/mem/xpm_memory_base_inst/gen_wr_a.gen_word_narrow.mem_reg/CLKARDCLK
Min Period        n/a     RAMB36E1/CLKBWRCLK  n/a            2.472         10.000      7.528                u_wb/defaultClockArea_cpu/GlobalPredictorBTBPlugin_btb/rams_3/mem/xpm_memory_base_inst/gen_wr_a.gen_word_narrow.mem_reg/CLKBWRCLK
Min Period        n/a     RAMB18E1/CLKARDCLK  n/a            2.472         10.000      7.528                u_wb/defaultClockArea_cpu/GlobalPredictorBTBPlugin_predictor/pht/rams_0/mem/xpm_memory_base_inst/gen_wr_a.gen_word_narrow.mem_reg/CLKARDCLK
Min Period        n/a     RAMB18E1/CLKARDCLK  n/a            2.472         10.000      7.528                u_wb/defaultClockArea_cpu/GlobalPredictorBTBPlugin_predictor/pht/rams_1/mem/xpm_memory_base_inst/gen_wr_a.gen_word_narrow.mem_reg/CLKARDCLK
Min Period        n/a     RAMB18E1/CLKARDCLK  n/a            2.472         10.000      7.528                u_wb/defaultClockArea_cpu/GlobalPredictorBTBPlugin_predictor/pht/rams_2/mem/xpm_memory_base_inst/gen_wr_a.gen_word_narrow.mem_reg/CLKARDCLK
Min Period        n/a     RAMB18E1/CLKARDCLK  n/a            2.472         10.000      7.528                u_wb/defaultClockArea_cpu/GlobalPredictorBTBPlugin_predictor/pht/rams_3/mem/xpm_memory_base_inst/gen_wr_a.gen_word_narrow.mem_reg/CLKARDCLK
Low Pulse Width   Slow    RAMD32/CLK          n/a            1.130         5.000       3.870                u_wb/defaultClockArea_cpu/ROBFIFOPlugin_robInfo/ram/rams_0/mem/xpm_memory_base_inst/gen_wr_a.gen_word_narrow.mem_reg_0_7_0_5/RAMA/CLK
Low Pulse Width   Fast    RAMD32/CLK          n/a            1.130         5.000       3.870                u_wb/defaultClockArea_cpu/ROBFIFOPlugin_robInfo/ram/rams_0/mem/xpm_memory_base_inst/gen_wr_a.gen_word_narrow.mem_reg_0_7_0_5/RAMA/CLK
Low Pulse Width   Slow    RAMD32/CLK          n/a            1.130         5.000       3.870                u_wb/defaultClockArea_cpu/ROBFIFOPlugin_robInfo/ram/rams_0/mem/xpm_memory_base_inst/gen_wr_a.gen_word_narrow.mem_reg_0_7_0_5/RAMA_D1/CLK
Low Pulse Width   Fast    RAMD32/CLK          n/a            1.130         5.000       3.870                u_wb/defaultClockArea_cpu/ROBFIFOPlugin_robInfo/ram/rams_0/mem/xpm_memory_base_inst/gen_wr_a.gen_word_narrow.mem_reg_0_7_0_5/RAMA_D1/CLK
Low Pulse Width   Slow    RAMD32/CLK          n/a            1.130         5.000       3.870                u_wb/defaultClockArea_cpu/ROBFIFOPlugin_robInfo/ram/rams_0/mem/xpm_memory_base_inst/gen_wr_a.gen_word_narrow.mem_reg_0_7_0_5/RAMB/CLK
Low Pulse Width   Fast    RAMD32/CLK          n/a            1.130         5.000       3.870                u_wb/defaultClockArea_cpu/ROBFIFOPlugin_robInfo/ram/rams_0/mem/xpm_memory_base_inst/gen_wr_a.gen_word_narrow.mem_reg_0_7_0_5/RAMB/CLK
Low Pulse Width   Slow    RAMD32/CLK          n/a            1.130         5.000       3.870                u_wb/defaultClockArea_cpu/ROBFIFOPlugin_robInfo/ram/rams_0/mem/xpm_memory_base_inst/gen_wr_a.gen_word_narrow.mem_reg_0_7_0_5/RAMB_D1/CLK
Low Pulse Width   Fast    RAMD32/CLK          n/a            1.130         5.000       3.870                u_wb/defaultClockArea_cpu/ROBFIFOPlugin_robInfo/ram/rams_0/mem/xpm_memory_base_inst/gen_wr_a.gen_word_narrow.mem_reg_0_7_0_5/RAMB_D1/CLK
Low Pulse Width   Slow    RAMD32/CLK          n/a            1.130         5.000       3.870                u_wb/defaultClockArea_cpu/ROBFIFOPlugin_robInfo/ram/rams_0/mem/xpm_memory_base_inst/gen_wr_a.gen_word_narrow.mem_reg_0_7_0_5/RAMC/CLK
Low Pulse Width   Fast    RAMD32/CLK          n/a            1.130         5.000       3.870                u_wb/defaultClockArea_cpu/ROBFIFOPlugin_robInfo/ram/rams_0/mem/xpm_memory_base_inst/gen_wr_a.gen_word_narrow.mem_reg_0_7_0_5/RAMC/CLK
Low Pulse Width   Slow    RAMD32/CLK          n/a            1.130         5.000       3.870                u_wb/defaultClockArea_cpu/ROBFIFOPlugin_robInfo/ram/rams_0/mem/xpm_memory_base_inst/gen_wr_a.gen_word_narrow.mem_reg_0_7_0_5/RAMC_D1/CLK
Low Pulse Width   Fast    RAMD32/CLK          n/a            1.130         5.000       3.870                u_wb/defaultClockArea_cpu/ROBFIFOPlugin_robInfo/ram/rams_0/mem/xpm_memory_base_inst/gen_wr_a.gen_word_narrow.mem_reg_0_7_0_5/RAMC_D1/CLK
Low Pulse Width   Slow    RAMS32/CLK          n/a            1.130         5.000       3.870                u_wb/defaultClockArea_cpu/ROBFIFOPlugin_robInfo/ram/rams_0/mem/xpm_memory_base_inst/gen_wr_a.gen_word_narrow.mem_reg_0_7_0_5/RAMD/CLK
Low Pulse Width   Fast    RAMS32/CLK          n/a            1.130         5.000       3.870                u_wb/defaultClockArea_cpu/ROBFIFOPlugin_robInfo/ram/rams_0/mem/xpm_memory_base_inst/gen_wr_a.gen_word_narrow.mem_reg_0_7_0_5/RAMD/CLK
Low Pulse Width   Slow    RAMS32/CLK          n/a            1.130         5.000       3.870                u_wb/defaultClockArea_cpu/ROBFIFOPlugin_robInfo/ram/rams_0/mem/xpm_memory_base_inst/gen_wr_a.gen_word_narrow.mem_reg_0_7_0_5/RAMD_D1/CLK
Low Pulse Width   Fast    RAMS32/CLK          n/a            1.130         5.000       3.870                u_wb/defaultClockArea_cpu/ROBFIFOPlugin_robInfo/ram/rams_0/mem/xpm_memory_base_inst/gen_wr_a.gen_word_narrow.mem_reg_0_7_0_5/RAMD_D1/CLK
Low Pulse Width   Slow    RAMD32/CLK          n/a            1.130         5.000       3.870                u_wb/defaultClockArea_cpu/ROBFIFOPlugin_robInfo/ram/rams_0/mem/xpm_memory_base_inst/gen_wr_a.gen_word_narrow.mem_reg_0_7_102_107/RAMA/CLK
Low Pulse Width   Fast    RAMD32/CLK          n/a            1.130         5.000       3.870                u_wb/defaultClockArea_cpu/ROBFIFOPlugin_robInfo/ram/rams_0/mem/xpm_memory_base_inst/gen_wr_a.gen_word_narrow.mem_reg_0_7_102_107/RAMA/CLK
Low Pulse Width   Slow    RAMD32/CLK          n/a            1.130         5.000       3.870                u_wb/defaultClockArea_cpu/ROBFIFOPlugin_robInfo/ram/rams_0/mem/xpm_memory_base_inst/gen_wr_a.gen_word_narrow.mem_reg_0_7_102_107/RAMA_D1/CLK
Low Pulse Width   Fast    RAMD32/CLK          n/a            1.130         5.000       3.870                u_wb/defaultClockArea_cpu/ROBFIFOPlugin_robInfo/ram/rams_0/mem/xpm_memory_base_inst/gen_wr_a.gen_word_narrow.mem_reg_0_7_102_107/RAMA_D1/CLK
High Pulse Width  Slow    RAMD32/CLK          n/a            1.130         5.000       3.870                u_wb/defaultClockArea_cpu/ROBFIFOPlugin_robInfo/ram/rams_0/mem/xpm_memory_base_inst/gen_wr_a.gen_word_narrow.mem_reg_0_7_0_5/RAMA/CLK
High Pulse Width  Fast    RAMD32/CLK          n/a            1.130         5.000       3.870                u_wb/defaultClockArea_cpu/ROBFIFOPlugin_robInfo/ram/rams_0/mem/xpm_memory_base_inst/gen_wr_a.gen_word_narrow.mem_reg_0_7_0_5/RAMA/CLK
High Pulse Width  Slow    RAMD32/CLK          n/a            1.130         5.000       3.870                u_wb/defaultClockArea_cpu/ROBFIFOPlugin_robInfo/ram/rams_0/mem/xpm_memory_base_inst/gen_wr_a.gen_word_narrow.mem_reg_0_7_0_5/RAMA_D1/CLK
High Pulse Width  Fast    RAMD32/CLK          n/a            1.130         5.000       3.870                u_wb/defaultClockArea_cpu/ROBFIFOPlugin_robInfo/ram/rams_0/mem/xpm_memory_base_inst/gen_wr_a.gen_word_narrow.mem_reg_0_7_0_5/RAMA_D1/CLK
High Pulse Width  Slow    RAMD32/CLK          n/a            1.130         5.000       3.870                u_wb/defaultClockArea_cpu/ROBFIFOPlugin_robInfo/ram/rams_0/mem/xpm_memory_base_inst/gen_wr_a.gen_word_narrow.mem_reg_0_7_0_5/RAMB/CLK
High Pulse Width  Fast    RAMD32/CLK          n/a            1.130         5.000       3.870                u_wb/defaultClockArea_cpu/ROBFIFOPlugin_robInfo/ram/rams_0/mem/xpm_memory_base_inst/gen_wr_a.gen_word_narrow.mem_reg_0_7_0_5/RAMB/CLK
High Pulse Width  Slow    RAMD32/CLK          n/a            1.130         5.000       3.870                u_wb/defaultClockArea_cpu/ROBFIFOPlugin_robInfo/ram/rams_0/mem/xpm_memory_base_inst/gen_wr_a.gen_word_narrow.mem_reg_0_7_0_5/RAMB_D1/CLK
High Pulse Width  Fast    RAMD32/CLK          n/a            1.130         5.000       3.870                u_wb/defaultClockArea_cpu/ROBFIFOPlugin_robInfo/ram/rams_0/mem/xpm_memory_base_inst/gen_wr_a.gen_word_narrow.mem_reg_0_7_0_5/RAMB_D1/CLK
High Pulse Width  Slow    RAMD32/CLK          n/a            1.130         5.000       3.870                u_wb/defaultClockArea_cpu/ROBFIFOPlugin_robInfo/ram/rams_0/mem/xpm_memory_base_inst/gen_wr_a.gen_word_narrow.mem_reg_0_7_0_5/RAMC/CLK
High Pulse Width  Fast    RAMD32/CLK          n/a            1.130         5.000       3.870                u_wb/defaultClockArea_cpu/ROBFIFOPlugin_robInfo/ram/rams_0/mem/xpm_memory_base_inst/gen_wr_a.gen_word_narrow.mem_reg_0_7_0_5/RAMC/CLK
High Pulse Width  Slow    RAMD32/CLK          n/a            1.130         5.000       3.870                u_wb/defaultClockArea_cpu/ROBFIFOPlugin_robInfo/ram/rams_0/mem/xpm_memory_base_inst/gen_wr_a.gen_word_narrow.mem_reg_0_7_0_5/RAMC_D1/CLK
High Pulse Width  Fast    RAMD32/CLK          n/a            1.130         5.000       3.870                u_wb/defaultClockArea_cpu/ROBFIFOPlugin_robInfo/ram/rams_0/mem/xpm_memory_base_inst/gen_wr_a.gen_word_narrow.mem_reg_0_7_0_5/RAMC_D1/CLK
High Pulse Width  Slow    RAMS32/CLK          n/a            1.130         5.000       3.870                u_wb/defaultClockArea_cpu/ROBFIFOPlugin_robInfo/ram/rams_0/mem/xpm_memory_base_inst/gen_wr_a.gen_word_narrow.mem_reg_0_7_0_5/RAMD/CLK
High Pulse Width  Fast    RAMS32/CLK          n/a            1.130         5.000       3.870                u_wb/defaultClockArea_cpu/ROBFIFOPlugin_robInfo/ram/rams_0/mem/xpm_memory_base_inst/gen_wr_a.gen_word_narrow.mem_reg_0_7_0_5/RAMD/CLK
High Pulse Width  Slow    RAMS32/CLK          n/a            1.130         5.000       3.870                u_wb/defaultClockArea_cpu/ROBFIFOPlugin_robInfo/ram/rams_0/mem/xpm_memory_base_inst/gen_wr_a.gen_word_narrow.mem_reg_0_7_0_5/RAMD_D1/CLK
High Pulse Width  Fast    RAMS32/CLK          n/a            1.130         5.000       3.870                u_wb/defaultClockArea_cpu/ROBFIFOPlugin_robInfo/ram/rams_0/mem/xpm_memory_base_inst/gen_wr_a.gen_word_narrow.mem_reg_0_7_0_5/RAMD_D1/CLK
High Pulse Width  Slow    RAMD32/CLK          n/a            1.130         5.000       3.870                u_wb/defaultClockArea_cpu/ROBFIFOPlugin_robInfo/ram/rams_0/mem/xpm_memory_base_inst/gen_wr_a.gen_word_narrow.mem_reg_0_7_102_107/RAMA/CLK
High Pulse Width  Fast    RAMD32/CLK          n/a            1.130         5.000       3.870                u_wb/defaultClockArea_cpu/ROBFIFOPlugin_robInfo/ram/rams_0/mem/xpm_memory_base_inst/gen_wr_a.gen_word_narrow.mem_reg_0_7_102_107/RAMA/CLK
High Pulse Width  Slow    RAMD32/CLK          n/a            1.130         5.000       3.870                u_wb/defaultClockArea_cpu/ROBFIFOPlugin_robInfo/ram/rams_0/mem/xpm_memory_base_inst/gen_wr_a.gen_word_narrow.mem_reg_0_7_102_107/RAMA_D1/CLK
High Pulse Width  Fast    RAMD32/CLK          n/a            1.130         5.000       3.870                u_wb/defaultClockArea_cpu/ROBFIFOPlugin_robInfo/ram/rams_0/mem/xpm_memory_base_inst/gen_wr_a.gen_word_narrow.mem_reg_0_7_102_107/RAMA_D1/CLK



