Copyright 1986-2022 Xilinx, Inc. All Rights Reserved. Copyright 2022-2025 Advanced Micro Devices, Inc. All Rights Reserved.
-----------------------------------------------------------------------------------------------------------------------------------------------------------
| Tool Version : Vivado v.2025.2 (win64) Build 6299465 Fri Nov 14 19:35:11 GMT 2025
| Date         : Wed Jul 29 23:23:37 2026
| Host         : MM的ThinkBook16p running 64-bit major release  (build 9200)
| Command      : report_timing_summary -delay_type max -max_paths 20 -file D:/NSCSCC2026/WeBattle-Core/reports/WB-N6B/implementation/timing_synth_10ns.rpt
| Design       : core_top
| Device       : 7a200t-fbg676
| Speed File   : -2  PRODUCTION 1.23 2018-06-13
| Design State : Synthesized
-----------------------------------------------------------------------------------------------------------------------------------------------------------

Timing Summary Report

------------------------------------------------------------------------------------------------
| Timer Settings
| --------------
------------------------------------------------------------------------------------------------

  Enable Multi Corner Analysis               :  Yes
  Enable Pessimism Removal                   :  Yes
  Pessimism Removal Resolution               :  Nearest Common Node
  Enable Input Delay Default Clock           :  No
  Enable Preset / Clear Arcs                 :  No
  Disable Flight Delays                      :  No
  Ignore I/O Paths                           :  No
  Timing Early Launch at Borrowing Latches   :  No
  Borrow Time for Max Delay Exceptions       :  Yes
  Merge Timing Exceptions                    :  Yes
  Inter-SLR Compensation                     :  Conservative

  Corner  Analyze    Analyze    
  Name    Max Paths  Min Paths  
  ------  ---------  ---------  
  Slow    Yes        Yes        
  Fast    Yes        Yes        


------------------------------------------------------------------------------------------------
| Report Methodology
| ------------------
------------------------------------------------------------------------------------------------

No report available as report_methodology has not been run prior. Run report_methodology on the current design for the summary of methodology violations.



check_timing report

Table of Contents
-----------------
1. checking no_clock (0)
2. checking constant_clock (0)
3. checking pulse_width_clock (0)
4. checking unconstrained_internal_endpoints (0)
5. checking no_input_delay (47)
6. checking no_output_delay (234)
7. checking multiple_clock (0)
8. checking generated_clocks (0)
9. checking loops (0)
10. checking partial_input_delay (0)
11. checking partial_output_delay (0)
12. checking latch_loops (0)

1. checking no_clock (0)
------------------------
 There are 0 register/latch pins with no clock.


2. checking constant_clock (0)
------------------------------
 There are 0 register/latch pins with constant_clock.


3. checking pulse_width_clock (0)
---------------------------------
 There are 0 register/latch pins which need pulse_width check


4. checking unconstrained_internal_endpoints (0)
------------------------------------------------
 There are 0 pins that are not constrained for maximum delay.

 There are 0 pins that are not constrained for maximum delay due to constant clock.


5. checking no_input_delay (47)
-------------------------------
 There are 47 input ports with no input delay specified. (HIGH)

 There are 0 input ports with no input delay but user has a false path constraint.


6. checking no_output_delay (234)
---------------------------------
 There are 234 ports with no output delay specified. (HIGH)

 There are 0 ports with no output delay but user has a false path constraint

 There are 0 ports with no output delay but with a timing clock defined on it or propagating through it


7. checking multiple_clock (0)
------------------------------
 There are 0 register/latch pins with multiple clocks.


8. checking generated_clocks (0)
--------------------------------
 There are 0 generated clocks that are not connected to a clock source.


9. checking loops (0)
---------------------
 There are 0 combinational loops in the design.


10. checking partial_input_delay (0)
------------------------------------
 There are 0 input ports with partial input delay specified.


11. checking partial_output_delay (0)
-------------------------------------
 There are 0 ports with partial output delay specified.


12. checking latch_loops (0)
----------------------------
 There are 0 combinational latch loops in the design through latch input



------------------------------------------------------------------------------------------------
| Design Timing Summary
| ---------------------
------------------------------------------------------------------------------------------------

    WNS(ns)      TNS(ns)  TNS Failing Endpoints  TNS Total Endpoints     WPWS(ns)     TPWS(ns)  TPWS Failing Endpoints  TPWS Total Endpoints  
    -------      -------  ---------------------  -------------------     --------     --------  ----------------------  --------------------  
     -0.144       -0.144                      1                35623        3.870        0.000                       0                 17737  


Timing constraints are not met.


------------------------------------------------------------------------------------------------
| Clock Summary
| -------------
------------------------------------------------------------------------------------------------

Clock  Waveform(ns)       Period(ns)      Frequency(MHz)
-----  ------------       ----------      --------------
aclk   {0.000 5.000}      10.000          100.000         


------------------------------------------------------------------------------------------------
| Intra Clock Table
| -----------------
------------------------------------------------------------------------------------------------

Clock             WNS(ns)      TNS(ns)  TNS Failing Endpoints  TNS Total Endpoints     WPWS(ns)     TPWS(ns)  TPWS Failing Endpoints  TPWS Total Endpoints  
-----             -------      -------  ---------------------  -------------------     --------     --------  ----------------------  --------------------  
aclk               -0.144       -0.144                      1                35623        3.870        0.000                       0                 17737  


------------------------------------------------------------------------------------------------
| Inter Clock Table
| -----------------
------------------------------------------------------------------------------------------------

From Clock    To Clock          WNS(ns)      TNS(ns)  TNS Failing Endpoints  TNS Total Endpoints  
----------    --------          -------      -------  ---------------------  -------------------  


------------------------------------------------------------------------------------------------
| Other Path Groups Table
| -----------------------
------------------------------------------------------------------------------------------------

Path Group    From Clock    To Clock          WNS(ns)      TNS(ns)  TNS Failing Endpoints  TNS Total Endpoints  
----------    ----------    --------          -------      -------  ---------------------  -------------------  


------------------------------------------------------------------------------------------------
| Timing Details
| --------------
------------------------------------------------------------------------------------------------


---------------------------------------------------------------------------------------------------
From Clock:  aclk
  To Clock:  aclk

Setup :            1  Failing Endpoint ,  Worst Slack       -0.144ns,  Total Violation       -0.144ns
Hold  :           NA  Failing Endpoints,  Worst Slack           NA  ,  Total Violation           NA
PW    :            0  Failing Endpoints,  Worst Slack        3.870ns,  Total Violation        0.000ns
---------------------------------------------------------------------------------------------------


Max Delay Paths
--------------------------------------------------------------------------------------
Slack (VIOLATED) :        -0.144ns  (required time - arrival time)
  Source:                 u_wb/defaultClockArea_cpu/MULDIV_RRD_to_MULDIV_EXE_ISSUE_SLOT_uop_signed_reg/C
                            (rising edge-triggered cell FDRE clocked by aclk  {rise@0.000ns fall@5.000ns period=10.000ns})
  Destination:            u_wb/defaultClockArea_cpu/IntIssueQueuePlugin_queue_3_payload_rRegs_0_valid_reg/D
                            (rising edge-triggered cell FDRE clocked by aclk  {rise@0.000ns fall@5.000ns period=10.000ns})
  Path Group:             aclk
  Path Type:              Setup (Max at Slow Process Corner)
  Requirement:            10.000ns  (aclk rise@10.000ns - aclk rise@0.000ns)
  Data Path Delay:        9.993ns  (logic 3.242ns (32.443%)  route 6.751ns (67.557%))
  Logic Levels:           20  (CARRY4=6 LUT3=2 LUT4=3 LUT5=5 LUT6=4)
  Clock Path Skew:        -0.145ns (DCD - SCD + CPR)
    Destination Clock Delay (DCD):    1.881ns = ( 11.881 - 10.000 ) 
    Source Clock Delay      (SCD):    2.193ns
    Clock Pessimism Removal (CPR):    0.167ns
  Clock Uncertainty:      0.035ns  ((TSJ^2 + TIJ^2)^1/2 + DJ) / 2 + PE
    Total System Jitter     (TSJ):    0.071ns
    Total Input Jitter      (TIJ):    0.000ns
    Discrete Jitter          (DJ):    0.000ns
    Phase Error              (PE):    0.000ns

    Location             Delay type                Incr(ns)  Path(ns)    Netlist Resource(s)
  -------------------------------------------------------------------    -------------------
                         (clock aclk rise edge)       0.000     0.000 r  
                                                      0.000     0.000 r  aclk (IN)
                         net (fo=0)                   0.000     0.000    aclk
                         IBUF (Prop_ibuf_I_O)         0.882     0.882 r  aclk_IBUF_inst/O
                         net (fo=1, unplaced)         0.646     1.528    aclk_IBUF
                         BUFG (Prop_bufg_I_O)         0.081     1.609 r  aclk_IBUF_BUFG_inst/O
                         net (fo=17739, unplaced)     0.584     2.193    u_wb/defaultClockArea_cpu/aclk_IBUF_BUFG
                         FDRE                                         r  u_wb/defaultClockArea_cpu/MULDIV_RRD_to_MULDIV_EXE_ISSUE_SLOT_uop_signed_reg/C
  -------------------------------------------------------------------    -------------------
                         FDRE (Prop_fdre_C_Q)         0.379     2.572 r  u_wb/defaultClockArea_cpu/MULDIV_RRD_to_MULDIV_EXE_ISSUE_SLOT_uop_signed_reg/Q
                         net (fo=64, unplaced)        0.687     3.259    u_wb/defaultClockArea_cpu/unsignedDivider_2/MULDIV_RRD_to_MULDIV_EXE_ISSUE_SLOT_uop_signed
                         LUT3 (Prop_lut3_I0_O)        0.232     3.491 r  u_wb/defaultClockArea_cpu/unsignedDivider_2/MULDIV_EXE_MulDivExecutePlugin_multiplier_i_48/O
                         net (fo=1, unplaced)         0.000     3.491    u_wb/defaultClockArea_cpu/unsignedDivider_2/_zz_MULDIV_EXE_MulDivExecutePlugin_absRj[1]
                         CARRY4 (Prop_carry4_S[1]_CO[3])
                                                      0.444     3.935 r  u_wb/defaultClockArea_cpu/unsignedDivider_2/MULDIV_EXE_MulDivExecutePlugin_multiplier_i_8/CO[3]
                         net (fo=1, unplaced)         0.008     3.943    u_wb/defaultClockArea_cpu/unsignedDivider_2/MULDIV_EXE_MulDivExecutePlugin_multiplier_i_8_n_0
                         CARRY4 (Prop_carry4_CI_CO[3])
                                                      0.100     4.043 r  u_wb/defaultClockArea_cpu/unsignedDivider_2/MULDIV_EXE_MulDivExecutePlugin_multiplier_i_7/CO[3]
                         net (fo=1, unplaced)         0.000     4.043    u_wb/defaultClockArea_cpu/unsignedDivider_2/MULDIV_EXE_MulDivExecutePlugin_multiplier_i_7_n_0
                         CARRY4 (Prop_carry4_CI_CO[3])
                                                      0.100     4.143 r  u_wb/defaultClockArea_cpu/unsignedDivider_2/MULDIV_EXE_MulDivExecutePlugin_multiplier_i_6/CO[3]
                         net (fo=1, unplaced)         0.000     4.143    u_wb/defaultClockArea_cpu/unsignedDivider_2/MULDIV_EXE_MulDivExecutePlugin_multiplier_i_6_n_0
                         CARRY4 (Prop_carry4_CI_CO[3])
                                                      0.100     4.243 r  u_wb/defaultClockArea_cpu/unsignedDivider_2/MULDIV_EXE_MulDivExecutePlugin_multiplier_i_5/CO[3]
                         net (fo=1, unplaced)         0.000     4.243    u_wb/defaultClockArea_cpu/unsignedDivider_2/MULDIV_EXE_MulDivExecutePlugin_multiplier_i_5_n_0
                         CARRY4 (Prop_carry4_CI_CO[3])
                                                      0.100     4.343 r  u_wb/defaultClockArea_cpu/unsignedDivider_2/MULDIV_EXE_MulDivExecutePlugin_multiplier_i_4/CO[3]
                         net (fo=1, unplaced)         0.000     4.343    u_wb/defaultClockArea_cpu/unsignedDivider_2/MULDIV_EXE_MulDivExecutePlugin_multiplier_i_4_n_0
                         CARRY4 (Prop_carry4_CI_O[3])
                                                      0.277     4.620 f  u_wb/defaultClockArea_cpu/unsignedDivider_2/MULDIV_EXE_MulDivExecutePlugin_multiplier_i_3/O[3]
                         net (fo=3, unplaced)         0.668     5.288    u_wb/defaultClockArea_cpu/unsignedDivider_2/A[23]
                         LUT4 (Prop_lut4_I0_O)        0.250     5.538 r  u_wb/defaultClockArea_cpu/unsignedDivider_2/done_i_11/O
                         net (fo=1, unplaced)         0.347     5.885    u_wb/defaultClockArea_cpu/unsignedDivider_2/done_i_11_n_0
                         LUT5 (Prop_lut5_I4_O)        0.105     5.990 r  u_wb/defaultClockArea_cpu/unsignedDivider_2/done_i_7/O
                         net (fo=1, unplaced)         0.582     6.572    u_wb/defaultClockArea_cpu/unsignedDivider_2/done_i_7_n_0
                         LUT4 (Prop_lut4_I3_O)        0.105     6.677 r  u_wb/defaultClockArea_cpu/unsignedDivider_2/done_i_2/O
                         net (fo=66, unplaced)        0.436     7.113    u_wb/defaultClockArea_cpu/unsignedDivider_2/p_8715_in
                         LUT5 (Prop_lut5_I2_O)        0.105     7.218 f  u_wb/defaultClockArea_cpu/unsignedDivider_2/MulDivIssueQueuePlugin_queue_0_payload_robIdx[4]_i_4/O
                         net (fo=10, unplaced)        0.390     7.608    u_wb/defaultClockArea_cpu/unsignedDivider_2/MULDIV_EXE_arbitration_isStuck
                         LUT4 (Prop_lut4_I3_O)        0.105     7.713 r  u_wb/defaultClockArea_cpu/unsignedDivider_2/MemIssueQueuePlugin_queue_4_payload_rRegs_0_valid_i_14/O
                         net (fo=23, unplaced)        0.410     8.123    u_wb/defaultClockArea_cpu/unsignedDivider_2/MULDIV_EXE_MulDivExecutePlugin_wakeupCycle
                         LUT5 (Prop_lut5_I3_O)        0.105     8.228 f  u_wb/defaultClockArea_cpu/unsignedDivider_2/MemIssueQueuePlugin_queue_3_payload_rRegs_0_valid_i_50/O
                         net (fo=1, unplaced)         0.347     8.575    u_wb/defaultClockArea_cpu/unsignedDivider_2/MemIssueQueuePlugin_queue_3_payload_rRegs_0_valid_i_50_n_0
                         LUT6 (Prop_lut6_I5_O)        0.105     8.680 r  u_wb/defaultClockArea_cpu/unsignedDivider_2/MemIssueQueuePlugin_queue_3_payload_rRegs_0_valid_i_25/O
                         net (fo=1, unplaced)         0.347     9.027    u_wb/defaultClockArea_cpu/unsignedDivider_2/MemIssueQueuePlugin_queue_3_payload_rRegs_0_valid_i_25_n_0
                         LUT6 (Prop_lut6_I5_O)        0.105     9.132 r  u_wb/defaultClockArea_cpu/unsignedDivider_2/MemIssueQueuePlugin_queue_3_payload_rRegs_0_valid_i_12/O
                         net (fo=1, unplaced)         0.347     9.479    u_wb/defaultClockArea_cpu/unsignedDivider_2/MemIssueQueuePlugin_queue_3_payload_rRegs_0_valid_i_12_n_0
                         LUT5 (Prop_lut5_I3_O)        0.105     9.584 f  u_wb/defaultClockArea_cpu/unsignedDivider_2/MemIssueQueuePlugin_queue_3_payload_rRegs_0_valid_i_5/O
                         net (fo=14, unplaced)        0.633    10.217    u_wb/defaultClockArea_cpu/unsignedDivider_2/MemIssueQueuePlugin_queue_3_payload_rRegs_0_valid_i_5_n_0
                         LUT5 (Prop_lut5_I0_O)        0.105    10.322 f  u_wb/defaultClockArea_cpu/unsignedDivider_2/IntIssueQueuePlugin_queue_6_payload_rRegs_0_valid_i_3/O
                         net (fo=8, unplaced)         0.385    10.707    u_wb/defaultClockArea_cpu/unsignedDivider_2/IntIssueQueuePlugin_queue_6_payload_rRegs_0_valid_i_3_n_0
                         LUT3 (Prop_lut3_I1_O)        0.105    10.812 r  u_wb/defaultClockArea_cpu/unsignedDivider_2/IntIssueQueuePlugin_queue_3_payload_rRegs_0_valid_i_6/O
                         net (fo=1, unplaced)         0.582    11.394    u_wb/defaultClockArea_cpu/unsignedDivider_2/IntIssueQueuePlugin_queue_3_payload_rRegs_0_valid_i_6_n_0
                         LUT6 (Prop_lut6_I1_O)        0.105    11.499 r  u_wb/defaultClockArea_cpu/unsignedDivider_2/IntIssueQueuePlugin_queue_3_payload_rRegs_0_valid_i_2/O
                         net (fo=1, unplaced)         0.582    12.081    u_wb/defaultClockArea_cpu/unsignedDivider_2/IntIssueQueuePlugin_queue_3_payload_rRegs_0_valid_i_2_n_0
                         LUT6 (Prop_lut6_I0_O)        0.105    12.186 r  u_wb/defaultClockArea_cpu/unsignedDivider_2/IntIssueQueuePlugin_queue_3_payload_rRegs_0_valid_i_1/O
                         net (fo=1, unplaced)         0.000    12.186    u_wb/defaultClockArea_cpu/unsignedDivider_2_n_182
                         FDRE                                         r  u_wb/defaultClockArea_cpu/IntIssueQueuePlugin_queue_3_payload_rRegs_0_valid_reg/D
  -------------------------------------------------------------------    -------------------

                         (clock aclk rise edge)      10.000    10.000 r  
                                                      0.000    10.000 r  aclk (IN)
                         net (fo=0)                   0.000    10.000    aclk
                         IBUF (Prop_ibuf_I_O)         0.751    10.751 r  aclk_IBUF_inst/O
                         net (fo=1, unplaced)         0.613    11.365    aclk_IBUF
                         BUFG (Prop_bufg_I_O)         0.077    11.442 r  aclk_IBUF_BUFG_inst/O
                         net (fo=17739, unplaced)     0.439    11.881    u_wb/defaultClockArea_cpu/aclk_IBUF_BUFG
                         FDRE                                         r  u_wb/defaultClockArea_cpu/IntIssueQueuePlugin_queue_3_payload_rRegs_0_valid_reg/C
                         clock pessimism              0.167    12.048    
                         clock uncertainty           -0.035    12.012    
                         FDRE (Setup_fdre_C_D)        0.029    12.041    u_wb/defaultClockArea_cpu/IntIssueQueuePlugin_queue_3_payload_rRegs_0_valid_reg
  -------------------------------------------------------------------
                         required time                         12.041    
                         arrival time                         -12.186    
  -------------------------------------------------------------------
                         slack                                 -0.144    

Slack (MET) :             0.014ns  (required time - arrival time)
  Source:                 u_wb/defaultClockArea_cpu/MULDIV_RRD_to_MULDIV_EXE_ISSUE_SLOT_uop_signed_reg/C
                            (rising edge-triggered cell FDRE clocked by aclk  {rise@0.000ns fall@5.000ns period=10.000ns})
  Destination:            u_wb/defaultClockArea_cpu/IntIssueQueuePlugin_queue_3_payload_rRegs_1_valid_reg/D
                            (rising edge-triggered cell FDRE clocked by aclk  {rise@0.000ns fall@5.000ns period=10.000ns})
  Path Group:             aclk
  Path Type:              Setup (Max at Slow Process Corner)
  Requirement:            10.000ns  (aclk rise@10.000ns - aclk rise@0.000ns)
  Data Path Delay:        9.835ns  (logic 3.242ns (32.964%)  route 6.593ns (67.036%))
  Logic Levels:           20  (CARRY4=6 LUT3=4 LUT4=3 LUT5=4 LUT6=3)
  Clock Path Skew:        -0.145ns (DCD - SCD + CPR)
    Destination Clock Delay (DCD):    1.881ns = ( 11.881 - 10.000 ) 
    Source Clock Delay      (SCD):    2.193ns
    Clock Pessimism Removal (CPR):    0.167ns
  Clock Uncertainty:      0.035ns  ((TSJ^2 + TIJ^2)^1/2 + DJ) / 2 + PE
    Total System Jitter     (TSJ):    0.071ns
    Total Input Jitter      (TIJ):    0.000ns
    Discrete Jitter          (DJ):    0.000ns
    Phase Error              (PE):    0.000ns

    Location             Delay type                Incr(ns)  Path(ns)    Netlist Resource(s)
  -------------------------------------------------------------------    -------------------
                         (clock aclk rise edge)       0.000     0.000 r  
                                                      0.000     0.000 r  aclk (IN)
                         net (fo=0)                   0.000     0.000    aclk
                         IBUF (Prop_ibuf_I_O)         0.882     0.882 r  aclk_IBUF_inst/O
                         net (fo=1, unplaced)         0.646     1.528    aclk_IBUF
                         BUFG (Prop_bufg_I_O)         0.081     1.609 r  aclk_IBUF_BUFG_inst/O
                         net (fo=17739, unplaced)     0.584     2.193    u_wb/defaultClockArea_cpu/aclk_IBUF_BUFG
                         FDRE                                         r  u_wb/defaultClockArea_cpu/MULDIV_RRD_to_MULDIV_EXE_ISSUE_SLOT_uop_signed_reg/C
  -------------------------------------------------------------------    -------------------
                         FDRE (Prop_fdre_C_Q)         0.379     2.572 r  u_wb/defaultClockArea_cpu/MULDIV_RRD_to_MULDIV_EXE_ISSUE_SLOT_uop_signed_reg/Q
                         net (fo=64, unplaced)        0.687     3.259    u_wb/defaultClockArea_cpu/unsignedDivider_2/MULDIV_RRD_to_MULDIV_EXE_ISSUE_SLOT_uop_signed
                         LUT3 (Prop_lut3_I0_O)        0.232     3.491 r  u_wb/defaultClockArea_cpu/unsignedDivider_2/MULDIV_EXE_MulDivExecutePlugin_multiplier_i_48/O
                         net (fo=1, unplaced)         0.000     3.491    u_wb/defaultClockArea_cpu/unsignedDivider_2/_zz_MULDIV_EXE_MulDivExecutePlugin_absRj[1]
                         CARRY4 (Prop_carry4_S[1]_CO[3])
                                                      0.444     3.935 r  u_wb/defaultClockArea_cpu/unsignedDivider_2/MULDIV_EXE_MulDivExecutePlugin_multiplier_i_8/CO[3]
                         net (fo=1, unplaced)         0.008     3.943    u_wb/defaultClockArea_cpu/unsignedDivider_2/MULDIV_EXE_MulDivExecutePlugin_multiplier_i_8_n_0
                         CARRY4 (Prop_carry4_CI_CO[3])
                                                      0.100     4.043 r  u_wb/defaultClockArea_cpu/unsignedDivider_2/MULDIV_EXE_MulDivExecutePlugin_multiplier_i_7/CO[3]
                         net (fo=1, unplaced)         0.000     4.043    u_wb/defaultClockArea_cpu/unsignedDivider_2/MULDIV_EXE_MulDivExecutePlugin_multiplier_i_7_n_0
                         CARRY4 (Prop_carry4_CI_CO[3])
                                                      0.100     4.143 r  u_wb/defaultClockArea_cpu/unsignedDivider_2/MULDIV_EXE_MulDivExecutePlugin_multiplier_i_6/CO[3]
                         net (fo=1, unplaced)         0.000     4.143    u_wb/defaultClockArea_cpu/unsignedDivider_2/MULDIV_EXE_MulDivExecutePlugin_multiplier_i_6_n_0
                         CARRY4 (Prop_carry4_CI_CO[3])
                                                      0.100     4.243 r  u_wb/defaultClockArea_cpu/unsignedDivider_2/MULDIV_EXE_MulDivExecutePlugin_multiplier_i_5/CO[3]
                         net (fo=1, unplaced)         0.000     4.243    u_wb/defaultClockArea_cpu/unsignedDivider_2/MULDIV_EXE_MulDivExecutePlugin_multiplier_i_5_n_0
                         CARRY4 (Prop_carry4_CI_CO[3])
                                                      0.100     4.343 r  u_wb/defaultClockArea_cpu/unsignedDivider_2/MULDIV_EXE_MulDivExecutePlugin_multiplier_i_4/CO[3]
                         net (fo=1, unplaced)         0.000     4.343    u_wb/defaultClockArea_cpu/unsignedDivider_2/MULDIV_EXE_MulDivExecutePlugin_multiplier_i_4_n_0
                         CARRY4 (Prop_carry4_CI_O[3])
                                                      0.277     4.620 f  u_wb/defaultClockArea_cpu/unsignedDivider_2/MULDIV_EXE_MulDivExecutePlugin_multiplier_i_3/O[3]
                         net (fo=3, unplaced)         0.668     5.288    u_wb/defaultClockArea_cpu/unsignedDivider_2/A[23]
                         LUT4 (Prop_lut4_I0_O)        0.250     5.538 r  u_wb/defaultClockArea_cpu/unsignedDivider_2/done_i_11/O
                         net (fo=1, unplaced)         0.347     5.885    u_wb/defaultClockArea_cpu/unsignedDivider_2/done_i_11_n_0
                         LUT5 (Prop_lut5_I4_O)        0.105     5.990 r  u_wb/defaultClockArea_cpu/unsignedDivider_2/done_i_7/O
                         net (fo=1, unplaced)         0.582     6.572    u_wb/defaultClockArea_cpu/unsignedDivider_2/done_i_7_n_0
                         LUT4 (Prop_lut4_I3_O)        0.105     6.677 r  u_wb/defaultClockArea_cpu/unsignedDivider_2/done_i_2/O
                         net (fo=66, unplaced)        0.436     7.113    u_wb/defaultClockArea_cpu/unsignedDivider_2/p_8715_in
                         LUT5 (Prop_lut5_I2_O)        0.105     7.218 f  u_wb/defaultClockArea_cpu/unsignedDivider_2/MulDivIssueQueuePlugin_queue_0_payload_robIdx[4]_i_4/O
                         net (fo=10, unplaced)        0.390     7.608    u_wb/defaultClockArea_cpu/unsignedDivider_2/MULDIV_EXE_arbitration_isStuck
                         LUT4 (Prop_lut4_I3_O)        0.105     7.713 r  u_wb/defaultClockArea_cpu/unsignedDivider_2/MemIssueQueuePlugin_queue_4_payload_rRegs_0_valid_i_14/O
                         net (fo=23, unplaced)        0.410     8.123    u_wb/defaultClockArea_cpu/unsignedDivider_2/MULDIV_EXE_MulDivExecutePlugin_wakeupCycle
                         LUT3 (Prop_lut3_I1_O)        0.105     8.228 r  u_wb/defaultClockArea_cpu/unsignedDivider_2/MemIssueQueuePlugin_queue_4_payload_rRegs_0_valid_i_8/O
                         net (fo=24, unplaced)        0.411     8.639    u_wb/defaultClockArea_cpu/unsignedDivider_2/MemIssueQueuePlugin_queue_4_payload_rRegs_0_valid_i_8_n_0
                         LUT5 (Prop_lut5_I4_O)        0.105     8.744 r  u_wb/defaultClockArea_cpu/unsignedDivider_2/MulDivIssueQueuePlugin_queue_2_payload_rRegs_1_valid_i_34/O
                         net (fo=1, unplaced)         0.347     9.091    u_wb/defaultClockArea_cpu/unsignedDivider_2/MulDivIssueQueuePlugin_queue_2_payload_rRegs_1_valid_i_34_n_0
                         LUT6 (Prop_lut6_I0_O)        0.105     9.196 r  u_wb/defaultClockArea_cpu/unsignedDivider_2/MulDivIssueQueuePlugin_queue_2_payload_rRegs_1_valid_i_21/O
                         net (fo=2, unplaced)         0.358     9.554    u_wb/defaultClockArea_cpu/unsignedDivider_2/MulDivIssueQueuePlugin_queue_2_payload_rRegs_1_valid_i_21_n_0
                         LUT6 (Prop_lut6_I3_O)        0.105     9.659 r  u_wb/defaultClockArea_cpu/unsignedDivider_2/IntIssueQueuePlugin_queue_6_payload_rRegs_1_valid_i_6/O
                         net (fo=7, unplaced)         0.382    10.041    u_wb/defaultClockArea_cpu/unsignedDivider_2/IntIssueQueuePlugin_queue_6_payload_rRegs_1_valid_i_6_n_0
                         LUT3 (Prop_lut3_I2_O)        0.105    10.146 r  u_wb/defaultClockArea_cpu/unsignedDivider_2/IntIssueQueuePlugin_queue_6_payload_rRegs_1_valid_i_2/O
                         net (fo=6, unplaced)         0.614    10.760    u_wb/defaultClockArea_cpu/unsignedDivider_2/IntIssueQueuePlugin_queue_6_payload_rRegs_1_valid_i_2_n_0
                         LUT6 (Prop_lut6_I0_O)        0.105    10.865 r  u_wb/defaultClockArea_cpu/unsignedDivider_2/IntIssueQueuePlugin_queue_4_payload_rRegs_1_valid_i_2/O
                         net (fo=4, unplaced)         0.606    11.471    u_wb/defaultClockArea_cpu/unsignedDivider_2/IntIssueQueuePlugin_queue_4_payload_rRegs_1_valid_i_2_n_0
                         LUT5 (Prop_lut5_I0_O)        0.105    11.576 r  u_wb/defaultClockArea_cpu/unsignedDivider_2/IntIssueQueuePlugin_queue_3_payload_rRegs_1_valid_i_2/O
                         net (fo=1, unplaced)         0.347    11.923    u_wb/defaultClockArea_cpu/unsignedDivider_2/IntIssueQueuePlugin_queue_3_payload_rRegs_1_valid_i_2_n_0
                         LUT3 (Prop_lut3_I2_O)        0.105    12.028 r  u_wb/defaultClockArea_cpu/unsignedDivider_2/IntIssueQueuePlugin_queue_3_payload_rRegs_1_valid_i_1/O
                         net (fo=1, unplaced)         0.000    12.028    u_wb/defaultClockArea_cpu/unsignedDivider_2_n_180
                         FDRE                                         r  u_wb/defaultClockArea_cpu/IntIssueQueuePlugin_queue_3_payload_rRegs_1_valid_reg/D
  -------------------------------------------------------------------    -------------------

                         (clock aclk rise edge)      10.000    10.000 r  
                                                      0.000    10.000 r  aclk (IN)
                         net (fo=0)                   0.000    10.000    aclk
                         IBUF (Prop_ibuf_I_O)         0.751    10.751 r  aclk_IBUF_inst/O
                         net (fo=1, unplaced)         0.613    11.365    aclk_IBUF
                         BUFG (Prop_bufg_I_O)         0.077    11.442 r  aclk_IBUF_BUFG_inst/O
                         net (fo=17739, unplaced)     0.439    11.881    u_wb/defaultClockArea_cpu/aclk_IBUF_BUFG
                         FDRE                                         r  u_wb/defaultClockArea_cpu/IntIssueQueuePlugin_queue_3_payload_rRegs_1_valid_reg/C
                         clock pessimism              0.167    12.048    
                         clock uncertainty           -0.035    12.012    
                         FDRE (Setup_fdre_C_D)        0.029    12.041    u_wb/defaultClockArea_cpu/IntIssueQueuePlugin_queue_3_payload_rRegs_1_valid_reg
  -------------------------------------------------------------------
                         required time                         12.041    
                         arrival time                         -12.028    
  -------------------------------------------------------------------
                         slack                                  0.014    

Slack (MET) :             0.043ns  (required time - arrival time)
  Source:                 u_wb/defaultClockArea_cpu/MULDIV_RRD_to_MULDIV_EXE_ISSUE_SLOT_uop_signed_reg/C
                            (rising edge-triggered cell FDRE clocked by aclk  {rise@0.000ns fall@5.000ns period=10.000ns})
  Destination:            u_wb/defaultClockArea_cpu/IntIssueQueuePlugin_queue_0_payload_rRegs_1_valid_reg/D
                            (rising edge-triggered cell FDRE clocked by aclk  {rise@0.000ns fall@5.000ns period=10.000ns})
  Path Group:             aclk
  Path Type:              Setup (Max at Slow Process Corner)
  Requirement:            10.000ns  (aclk rise@10.000ns - aclk rise@0.000ns)
  Data Path Delay:        9.806ns  (logic 3.242ns (33.061%)  route 6.564ns (66.939%))
  Logic Levels:           20  (CARRY4=6 LUT2=1 LUT3=2 LUT4=3 LUT5=4 LUT6=4)
  Clock Path Skew:        -0.145ns (DCD - SCD + CPR)
    Destination Clock Delay (DCD):    1.881ns = ( 11.881 - 10.000 ) 
    Source Clock Delay      (SCD):    2.193ns
    Clock Pessimism Removal (CPR):    0.167ns
  Clock Uncertainty:      0.035ns  ((TSJ^2 + TIJ^2)^1/2 + DJ) / 2 + PE
    Total System Jitter     (TSJ):    0.071ns
    Total Input Jitter      (TIJ):    0.000ns
    Discrete Jitter          (DJ):    0.000ns
    Phase Error              (PE):    0.000ns

    Location             Delay type                Incr(ns)  Path(ns)    Netlist Resource(s)
  -------------------------------------------------------------------    -------------------
                         (clock aclk rise edge)       0.000     0.000 r  
                                                      0.000     0.000 r  aclk (IN)
                         net (fo=0)                   0.000     0.000    aclk
                         IBUF (Prop_ibuf_I_O)         0.882     0.882 r  aclk_IBUF_inst/O
                         net (fo=1, unplaced)         0.646     1.528    aclk_IBUF
                         BUFG (Prop_bufg_I_O)         0.081     1.609 r  aclk_IBUF_BUFG_inst/O
                         net (fo=17739, unplaced)     0.584     2.193    u_wb/defaultClockArea_cpu/aclk_IBUF_BUFG
                         FDRE                                         r  u_wb/defaultClockArea_cpu/MULDIV_RRD_to_MULDIV_EXE_ISSUE_SLOT_uop_signed_reg/C
  -------------------------------------------------------------------    -------------------
                         FDRE (Prop_fdre_C_Q)         0.379     2.572 r  u_wb/defaultClockArea_cpu/MULDIV_RRD_to_MULDIV_EXE_ISSUE_SLOT_uop_signed_reg/Q
                         net (fo=64, unplaced)        0.687     3.259    u_wb/defaultClockArea_cpu/unsignedDivider_2/MULDIV_RRD_to_MULDIV_EXE_ISSUE_SLOT_uop_signed
                         LUT3 (Prop_lut3_I0_O)        0.232     3.491 r  u_wb/defaultClockArea_cpu/unsignedDivider_2/MULDIV_EXE_MulDivExecutePlugin_multiplier_i_48/O
                         net (fo=1, unplaced)         0.000     3.491    u_wb/defaultClockArea_cpu/unsignedDivider_2/_zz_MULDIV_EXE_MulDivExecutePlugin_absRj[1]
                         CARRY4 (Prop_carry4_S[1]_CO[3])
                                                      0.444     3.935 r  u_wb/defaultClockArea_cpu/unsignedDivider_2/MULDIV_EXE_MulDivExecutePlugin_multiplier_i_8/CO[3]
                         net (fo=1, unplaced)         0.008     3.943    u_wb/defaultClockArea_cpu/unsignedDivider_2/MULDIV_EXE_MulDivExecutePlugin_multiplier_i_8_n_0
                         CARRY4 (Prop_carry4_CI_CO[3])
                                                      0.100     4.043 r  u_wb/defaultClockArea_cpu/unsignedDivider_2/MULDIV_EXE_MulDivExecutePlugin_multiplier_i_7/CO[3]
                         net (fo=1, unplaced)         0.000     4.043    u_wb/defaultClockArea_cpu/unsignedDivider_2/MULDIV_EXE_MulDivExecutePlugin_multiplier_i_7_n_0
                         CARRY4 (Prop_carry4_CI_CO[3])
                                                      0.100     4.143 r  u_wb/defaultClockArea_cpu/unsignedDivider_2/MULDIV_EXE_MulDivExecutePlugin_multiplier_i_6/CO[3]
                         net (fo=1, unplaced)         0.000     4.143    u_wb/defaultClockArea_cpu/unsignedDivider_2/MULDIV_EXE_MulDivExecutePlugin_multiplier_i_6_n_0
                         CARRY4 (Prop_carry4_CI_CO[3])
                                                      0.100     4.243 r  u_wb/defaultClockArea_cpu/unsignedDivider_2/MULDIV_EXE_MulDivExecutePlugin_multiplier_i_5/CO[3]
                         net (fo=1, unplaced)         0.000     4.243    u_wb/defaultClockArea_cpu/unsignedDivider_2/MULDIV_EXE_MulDivExecutePlugin_multiplier_i_5_n_0
                         CARRY4 (Prop_carry4_CI_CO[3])
                                                      0.100     4.343 r  u_wb/defaultClockArea_cpu/unsignedDivider_2/MULDIV_EXE_MulDivExecutePlugin_multiplier_i_4/CO[3]
                         net (fo=1, unplaced)         0.000     4.343    u_wb/defaultClockArea_cpu/unsignedDivider_2/MULDIV_EXE_MulDivExecutePlugin_multiplier_i_4_n_0
                         CARRY4 (Prop_carry4_CI_O[3])
                                                      0.277     4.620 f  u_wb/defaultClockArea_cpu/unsignedDivider_2/MULDIV_EXE_MulDivExecutePlugin_multiplier_i_3/O[3]
                         net (fo=3, unplaced)         0.668     5.288    u_wb/defaultClockArea_cpu/unsignedDivider_2/A[23]
                         LUT4 (Prop_lut4_I0_O)        0.250     5.538 r  u_wb/defaultClockArea_cpu/unsignedDivider_2/done_i_11/O
                         net (fo=1, unplaced)         0.347     5.885    u_wb/defaultClockArea_cpu/unsignedDivider_2/done_i_11_n_0
                         LUT5 (Prop_lut5_I4_O)        0.105     5.990 r  u_wb/defaultClockArea_cpu/unsignedDivider_2/done_i_7/O
                         net (fo=1, unplaced)         0.582     6.572    u_wb/defaultClockArea_cpu/unsignedDivider_2/done_i_7_n_0
                         LUT4 (Prop_lut4_I3_O)        0.105     6.677 r  u_wb/defaultClockArea_cpu/unsignedDivider_2/done_i_2/O
                         net (fo=66, unplaced)        0.436     7.113    u_wb/defaultClockArea_cpu/unsignedDivider_2/p_8715_in
                         LUT5 (Prop_lut5_I2_O)        0.105     7.218 f  u_wb/defaultClockArea_cpu/unsignedDivider_2/MulDivIssueQueuePlugin_queue_0_payload_robIdx[4]_i_4/O
                         net (fo=10, unplaced)        0.390     7.608    u_wb/defaultClockArea_cpu/unsignedDivider_2/MULDIV_EXE_arbitration_isStuck
                         LUT4 (Prop_lut4_I3_O)        0.105     7.713 r  u_wb/defaultClockArea_cpu/unsignedDivider_2/MemIssueQueuePlugin_queue_4_payload_rRegs_0_valid_i_14/O
                         net (fo=23, unplaced)        0.410     8.123    u_wb/defaultClockArea_cpu/unsignedDivider_2/MULDIV_EXE_MulDivExecutePlugin_wakeupCycle
                         LUT3 (Prop_lut3_I1_O)        0.105     8.228 r  u_wb/defaultClockArea_cpu/unsignedDivider_2/MemIssueQueuePlugin_queue_4_payload_rRegs_0_valid_i_8/O
                         net (fo=24, unplaced)        0.411     8.639    u_wb/defaultClockArea_cpu/unsignedDivider_2/MemIssueQueuePlugin_queue_4_payload_rRegs_0_valid_i_8_n_0
                         LUT5 (Prop_lut5_I0_O)        0.105     8.744 r  u_wb/defaultClockArea_cpu/unsignedDivider_2/IntIssueQueuePlugin_queue_6_payload_rRegs_1_valid_i_49/O
                         net (fo=1, unplaced)         0.347     9.091    u_wb/defaultClockArea_cpu/unsignedDivider_2/IntIssueQueuePlugin_queue_6_payload_rRegs_1_valid_i_49_n_0
                         LUT6 (Prop_lut6_I5_O)        0.105     9.196 r  u_wb/defaultClockArea_cpu/unsignedDivider_2/IntIssueQueuePlugin_queue_6_payload_rRegs_1_valid_i_28/O
                         net (fo=1, unplaced)         0.347     9.543    u_wb/defaultClockArea_cpu/unsignedDivider_2/IntIssueQueuePlugin_queue_6_payload_rRegs_1_valid_i_28_n_0
                         LUT6 (Prop_lut6_I3_O)        0.105     9.648 r  u_wb/defaultClockArea_cpu/unsignedDivider_2/IntIssueQueuePlugin_queue_6_payload_rRegs_1_valid_i_12/O
                         net (fo=7, unplaced)         0.382    10.030    u_wb/defaultClockArea_cpu/unsignedDivider_2/IntIssueQueuePlugin_queue_6_payload_rRegs_1_valid_i_12_n_0
                         LUT5 (Prop_lut5_I2_O)        0.105    10.135 f  u_wb/defaultClockArea_cpu/unsignedDivider_2/IntIssueQueuePlugin_queue_6_payload_rRegs_1_valid_i_5/O
                         net (fo=8, unplaced)         0.385    10.520    u_wb/defaultClockArea_cpu/unsignedDivider_2/IntIssueQueuePlugin_queue_6_payload_rRegs_1_valid_i_5_n_0
                         LUT2 (Prop_lut2_I1_O)        0.105    10.625 r  u_wb/defaultClockArea_cpu/unsignedDivider_2/IntIssueQueuePlugin_queue_0_payload_rRegs_1_valid_i_7/O
                         net (fo=1, unplaced)         0.582    11.207    u_wb/defaultClockArea_cpu/unsignedDivider_2/IntIssueQueuePlugin_queue_0_payload_rRegs_1_valid_i_7_n_0
                         LUT6 (Prop_lut6_I0_O)        0.105    11.312 f  u_wb/defaultClockArea_cpu/unsignedDivider_2/IntIssueQueuePlugin_queue_0_payload_rRegs_1_valid_i_2/O
                         net (fo=1, unplaced)         0.582    11.894    u_wb/defaultClockArea_cpu/unsignedDivider_2/IntIssueQueuePlugin_queue_0_payload_rRegs_1_valid_i_2_n_0
                         LUT6 (Prop_lut6_I0_O)        0.105    11.999 r  u_wb/defaultClockArea_cpu/unsignedDivider_2/IntIssueQueuePlugin_queue_0_payload_rRegs_1_valid_i_1/O
                         net (fo=1, unplaced)         0.000    11.999    u_wb/defaultClockArea_cpu/unsignedDivider_2_n_43
                         FDRE                                         r  u_wb/defaultClockArea_cpu/IntIssueQueuePlugin_queue_0_payload_rRegs_1_valid_reg/D
  -------------------------------------------------------------------    -------------------

                         (clock aclk rise edge)      10.000    10.000 r  
                                                      0.000    10.000 r  aclk (IN)
                         net (fo=0)                   0.000    10.000    aclk
                         IBUF (Prop_ibuf_I_O)         0.751    10.751 r  aclk_IBUF_inst/O
                         net (fo=1, unplaced)         0.613    11.365    aclk_IBUF
                         BUFG (Prop_bufg_I_O)         0.077    11.442 r  aclk_IBUF_BUFG_inst/O
                         net (fo=17739, unplaced)     0.439    11.881    u_wb/defaultClockArea_cpu/aclk_IBUF_BUFG
                         FDRE                                         r  u_wb/defaultClockArea_cpu/IntIssueQueuePlugin_queue_0_payload_rRegs_1_valid_reg/C
                         clock pessimism              0.167    12.048    
                         clock uncertainty           -0.035    12.012    
                         FDRE (Setup_fdre_C_D)        0.029    12.041    u_wb/defaultClockArea_cpu/IntIssueQueuePlugin_queue_0_payload_rRegs_1_valid_reg
  -------------------------------------------------------------------
                         required time                         12.041    
                         arrival time                         -11.999    
  -------------------------------------------------------------------
                         slack                                  0.043    

Slack (MET) :             0.057ns  (required time - arrival time)
  Source:                 u_wb/defaultClockArea_cpu/MULDIV_RRD_to_MULDIV_EXE_ISSUE_SLOT_uop_signed_reg/C
                            (rising edge-triggered cell FDRE clocked by aclk  {rise@0.000ns fall@5.000ns period=10.000ns})
  Destination:            u_wb/defaultClockArea_cpu/IntIssueQueuePlugin_queue_2_payload_rRegs_1_valid_reg/D
                            (rising edge-triggered cell FDRE clocked by aclk  {rise@0.000ns fall@5.000ns period=10.000ns})
  Path Group:             aclk
  Path Type:              Setup (Max at Slow Process Corner)
  Requirement:            10.000ns  (aclk rise@10.000ns - aclk rise@0.000ns)
  Data Path Delay:        9.792ns  (logic 3.242ns (33.109%)  route 6.550ns (66.891%))
  Logic Levels:           20  (CARRY4=6 LUT3=3 LUT4=3 LUT5=3 LUT6=5)
  Clock Path Skew:        -0.145ns (DCD - SCD + CPR)
    Destination Clock Delay (DCD):    1.881ns = ( 11.881 - 10.000 ) 
    Source Clock Delay      (SCD):    2.193ns
    Clock Pessimism Removal (CPR):    0.167ns
  Clock Uncertainty:      0.035ns  ((TSJ^2 + TIJ^2)^1/2 + DJ) / 2 + PE
    Total System Jitter     (TSJ):    0.071ns
    Total Input Jitter      (TIJ):    0.000ns
    Discrete Jitter          (DJ):    0.000ns
    Phase Error              (PE):    0.000ns

    Location             Delay type                Incr(ns)  Path(ns)    Netlist Resource(s)
  -------------------------------------------------------------------    -------------------
                         (clock aclk rise edge)       0.000     0.000 r  
                                                      0.000     0.000 r  aclk (IN)
                         net (fo=0)                   0.000     0.000    aclk
                         IBUF (Prop_ibuf_I_O)         0.882     0.882 r  aclk_IBUF_inst/O
                         net (fo=1, unplaced)         0.646     1.528    aclk_IBUF
                         BUFG (Prop_bufg_I_O)         0.081     1.609 r  aclk_IBUF_BUFG_inst/O
                         net (fo=17739, unplaced)     0.584     2.193    u_wb/defaultClockArea_cpu/aclk_IBUF_BUFG
                         FDRE                                         r  u_wb/defaultClockArea_cpu/MULDIV_RRD_to_MULDIV_EXE_ISSUE_SLOT_uop_signed_reg/C
  -------------------------------------------------------------------    -------------------
                         FDRE (Prop_fdre_C_Q)         0.379     2.572 r  u_wb/defaultClockArea_cpu/MULDIV_RRD_to_MULDIV_EXE_ISSUE_SLOT_uop_signed_reg/Q
                         net (fo=64, unplaced)        0.687     3.259    u_wb/defaultClockArea_cpu/unsignedDivider_2/MULDIV_RRD_to_MULDIV_EXE_ISSUE_SLOT_uop_signed
                         LUT3 (Prop_lut3_I0_O)        0.232     3.491 r  u_wb/defaultClockArea_cpu/unsignedDivider_2/MULDIV_EXE_MulDivExecutePlugin_multiplier_i_48/O
                         net (fo=1, unplaced)         0.000     3.491    u_wb/defaultClockArea_cpu/unsignedDivider_2/_zz_MULDIV_EXE_MulDivExecutePlugin_absRj[1]
                         CARRY4 (Prop_carry4_S[1]_CO[3])
                                                      0.444     3.935 r  u_wb/defaultClockArea_cpu/unsignedDivider_2/MULDIV_EXE_MulDivExecutePlugin_multiplier_i_8/CO[3]
                         net (fo=1, unplaced)         0.008     3.943    u_wb/defaultClockArea_cpu/unsignedDivider_2/MULDIV_EXE_MulDivExecutePlugin_multiplier_i_8_n_0
                         CARRY4 (Prop_carry4_CI_CO[3])
                                                      0.100     4.043 r  u_wb/defaultClockArea_cpu/unsignedDivider_2/MULDIV_EXE_MulDivExecutePlugin_multiplier_i_7/CO[3]
                         net (fo=1, unplaced)         0.000     4.043    u_wb/defaultClockArea_cpu/unsignedDivider_2/MULDIV_EXE_MulDivExecutePlugin_multiplier_i_7_n_0
                         CARRY4 (Prop_carry4_CI_CO[3])
                                                      0.100     4.143 r  u_wb/defaultClockArea_cpu/unsignedDivider_2/MULDIV_EXE_MulDivExecutePlugin_multiplier_i_6/CO[3]
                         net (fo=1, unplaced)         0.000     4.143    u_wb/defaultClockArea_cpu/unsignedDivider_2/MULDIV_EXE_MulDivExecutePlugin_multiplier_i_6_n_0
                         CARRY4 (Prop_carry4_CI_CO[3])
                                                      0.100     4.243 r  u_wb/defaultClockArea_cpu/unsignedDivider_2/MULDIV_EXE_MulDivExecutePlugin_multiplier_i_5/CO[3]
                         net (fo=1, unplaced)         0.000     4.243    u_wb/defaultClockArea_cpu/unsignedDivider_2/MULDIV_EXE_MulDivExecutePlugin_multiplier_i_5_n_0
                         CARRY4 (Prop_carry4_CI_CO[3])
                                                      0.100     4.343 r  u_wb/defaultClockArea_cpu/unsignedDivider_2/MULDIV_EXE_MulDivExecutePlugin_multiplier_i_4/CO[3]
                         net (fo=1, unplaced)         0.000     4.343    u_wb/defaultClockArea_cpu/unsignedDivider_2/MULDIV_EXE_MulDivExecutePlugin_multiplier_i_4_n_0
                         CARRY4 (Prop_carry4_CI_O[3])
                                                      0.277     4.620 f  u_wb/defaultClockArea_cpu/unsignedDivider_2/MULDIV_EXE_MulDivExecutePlugin_multiplier_i_3/O[3]
                         net (fo=3, unplaced)         0.668     5.288    u_wb/defaultClockArea_cpu/unsignedDivider_2/A[23]
                         LUT4 (Prop_lut4_I0_O)        0.250     5.538 r  u_wb/defaultClockArea_cpu/unsignedDivider_2/done_i_11/O
                         net (fo=1, unplaced)         0.347     5.885    u_wb/defaultClockArea_cpu/unsignedDivider_2/done_i_11_n_0
                         LUT5 (Prop_lut5_I4_O)        0.105     5.990 r  u_wb/defaultClockArea_cpu/unsignedDivider_2/done_i_7/O
                         net (fo=1, unplaced)         0.582     6.572    u_wb/defaultClockArea_cpu/unsignedDivider_2/done_i_7_n_0
                         LUT4 (Prop_lut4_I3_O)        0.105     6.677 r  u_wb/defaultClockArea_cpu/unsignedDivider_2/done_i_2/O
                         net (fo=66, unplaced)        0.436     7.113    u_wb/defaultClockArea_cpu/unsignedDivider_2/p_8715_in
                         LUT5 (Prop_lut5_I2_O)        0.105     7.218 f  u_wb/defaultClockArea_cpu/unsignedDivider_2/MulDivIssueQueuePlugin_queue_0_payload_robIdx[4]_i_4/O
                         net (fo=10, unplaced)        0.390     7.608    u_wb/defaultClockArea_cpu/unsignedDivider_2/MULDIV_EXE_arbitration_isStuck
                         LUT4 (Prop_lut4_I3_O)        0.105     7.713 r  u_wb/defaultClockArea_cpu/unsignedDivider_2/MemIssueQueuePlugin_queue_4_payload_rRegs_0_valid_i_14/O
                         net (fo=23, unplaced)        0.410     8.123    u_wb/defaultClockArea_cpu/unsignedDivider_2/MULDIV_EXE_MulDivExecutePlugin_wakeupCycle
                         LUT3 (Prop_lut3_I1_O)        0.105     8.228 r  u_wb/defaultClockArea_cpu/unsignedDivider_2/MemIssueQueuePlugin_queue_4_payload_rRegs_0_valid_i_8/O
                         net (fo=24, unplaced)        0.411     8.639    u_wb/defaultClockArea_cpu/unsignedDivider_2/MemIssueQueuePlugin_queue_4_payload_rRegs_0_valid_i_8_n_0
                         LUT5 (Prop_lut5_I0_O)        0.105     8.744 r  u_wb/defaultClockArea_cpu/unsignedDivider_2/IntIssueQueuePlugin_queue_6_payload_rRegs_1_valid_i_49/O
                         net (fo=1, unplaced)         0.347     9.091    u_wb/defaultClockArea_cpu/unsignedDivider_2/IntIssueQueuePlugin_queue_6_payload_rRegs_1_valid_i_49_n_0
                         LUT6 (Prop_lut6_I5_O)        0.105     9.196 r  u_wb/defaultClockArea_cpu/unsignedDivider_2/IntIssueQueuePlugin_queue_6_payload_rRegs_1_valid_i_28/O
                         net (fo=1, unplaced)         0.347     9.543    u_wb/defaultClockArea_cpu/unsignedDivider_2/IntIssueQueuePlugin_queue_6_payload_rRegs_1_valid_i_28_n_0
                         LUT6 (Prop_lut6_I3_O)        0.105     9.648 r  u_wb/defaultClockArea_cpu/unsignedDivider_2/IntIssueQueuePlugin_queue_6_payload_rRegs_1_valid_i_12/O
                         net (fo=7, unplaced)         0.382    10.030    u_wb/defaultClockArea_cpu/unsignedDivider_2/IntIssueQueuePlugin_queue_6_payload_rRegs_1_valid_i_12_n_0
                         LUT6 (Prop_lut6_I3_O)        0.105    10.135 r  u_wb/defaultClockArea_cpu/unsignedDivider_2/IntIssueQueuePlugin_queue_1_payload_rRegs_1_valid_i_7/O
                         net (fo=1, unplaced)         0.582    10.717    u_wb/defaultClockArea_cpu/unsignedDivider_2/IntIssueQueuePlugin_queue_1_payload_rRegs_1_valid_i_7_n_0
                         LUT6 (Prop_lut6_I2_O)        0.105    10.822 r  u_wb/defaultClockArea_cpu/unsignedDivider_2/IntIssueQueuePlugin_queue_1_payload_rRegs_1_valid_i_2/O
                         net (fo=4, unplaced)         0.371    11.193    u_wb/defaultClockArea_cpu/unsignedDivider_2/IntIssueQueuePlugin_queue_1_payload_rRegs_1_valid_i_2_n_0
                         LUT3 (Prop_lut3_I2_O)        0.105    11.298 r  u_wb/defaultClockArea_cpu/unsignedDivider_2/IntIssueQueuePlugin_queue_2_payload_rRegs_1_valid_i_2/O
                         net (fo=1, unplaced)         0.582    11.880    u_wb/defaultClockArea_cpu/unsignedDivider_2/IntIssueQueuePlugin_queue_2_payload_rRegs_1_valid_i_2_n_0
                         LUT6 (Prop_lut6_I0_O)        0.105    11.985 r  u_wb/defaultClockArea_cpu/unsignedDivider_2/IntIssueQueuePlugin_queue_2_payload_rRegs_1_valid_i_1/O
                         net (fo=1, unplaced)         0.000    11.985    u_wb/defaultClockArea_cpu/unsignedDivider_2_n_178
                         FDRE                                         r  u_wb/defaultClockArea_cpu/IntIssueQueuePlugin_queue_2_payload_rRegs_1_valid_reg/D
  -------------------------------------------------------------------    -------------------

                         (clock aclk rise edge)      10.000    10.000 r  
                                                      0.000    10.000 r  aclk (IN)
                         net (fo=0)                   0.000    10.000    aclk
                         IBUF (Prop_ibuf_I_O)         0.751    10.751 r  aclk_IBUF_inst/O
                         net (fo=1, unplaced)         0.613    11.365    aclk_IBUF
                         BUFG (Prop_bufg_I_O)         0.077    11.442 r  aclk_IBUF_BUFG_inst/O
                         net (fo=17739, unplaced)     0.439    11.881    u_wb/defaultClockArea_cpu/aclk_IBUF_BUFG
                         FDRE                                         r  u_wb/defaultClockArea_cpu/IntIssueQueuePlugin_queue_2_payload_rRegs_1_valid_reg/C
                         clock pessimism              0.167    12.048    
                         clock uncertainty           -0.035    12.012    
                         FDRE (Setup_fdre_C_D)        0.029    12.041    u_wb/defaultClockArea_cpu/IntIssueQueuePlugin_queue_2_payload_rRegs_1_valid_reg
  -------------------------------------------------------------------
                         required time                         12.041    
                         arrival time                         -11.985    
  -------------------------------------------------------------------
                         slack                                  0.057    

Slack (MET) :             0.072ns  (required time - arrival time)
  Source:                 u_wb/defaultClockArea_cpu/MULDIV_RRD_to_MULDIV_EXE_ISSUE_SLOT_uop_signed_reg/C
                            (rising edge-triggered cell FDRE clocked by aclk  {rise@0.000ns fall@5.000ns period=10.000ns})
  Destination:            u_wb/defaultClockArea_cpu/IntIssueQueuePlugin_queue_4_payload_rRegs_0_valid_reg/D
                            (rising edge-triggered cell FDRE clocked by aclk  {rise@0.000ns fall@5.000ns period=10.000ns})
  Path Group:             aclk
  Path Type:              Setup (Max at Slow Process Corner)
  Requirement:            10.000ns  (aclk rise@10.000ns - aclk rise@0.000ns)
  Data Path Delay:        9.777ns  (logic 3.242ns (33.159%)  route 6.535ns (66.841%))
  Logic Levels:           20  (CARRY4=6 LUT3=2 LUT4=3 LUT5=6 LUT6=3)
  Clock Path Skew:        -0.145ns (DCD - SCD + CPR)
    Destination Clock Delay (DCD):    1.881ns = ( 11.881 - 10.000 ) 
    Source Clock Delay      (SCD):    2.193ns
    Clock Pessimism Removal (CPR):    0.167ns
  Clock Uncertainty:      0.035ns  ((TSJ^2 + TIJ^2)^1/2 + DJ) / 2 + PE
    Total System Jitter     (TSJ):    0.071ns
    Total Input Jitter      (TIJ):    0.000ns
    Discrete Jitter          (DJ):    0.000ns
    Phase Error              (PE):    0.000ns

    Location             Delay type                Incr(ns)  Path(ns)    Netlist Resource(s)
  -------------------------------------------------------------------    -------------------
                         (clock aclk rise edge)       0.000     0.000 r  
                                                      0.000     0.000 r  aclk (IN)
                         net (fo=0)                   0.000     0.000    aclk
                         IBUF (Prop_ibuf_I_O)         0.882     0.882 r  aclk_IBUF_inst/O
                         net (fo=1, unplaced)         0.646     1.528    aclk_IBUF
                         BUFG (Prop_bufg_I_O)         0.081     1.609 r  aclk_IBUF_BUFG_inst/O
                         net (fo=17739, unplaced)     0.584     2.193    u_wb/defaultClockArea_cpu/aclk_IBUF_BUFG
                         FDRE                                         r  u_wb/defaultClockArea_cpu/MULDIV_RRD_to_MULDIV_EXE_ISSUE_SLOT_uop_signed_reg/C
  -------------------------------------------------------------------    -------------------
                         FDRE (Prop_fdre_C_Q)         0.379     2.572 r  u_wb/defaultClockArea_cpu/MULDIV_RRD_to_MULDIV_EXE_ISSUE_SLOT_uop_signed_reg/Q
                         net (fo=64, unplaced)        0.687     3.259    u_wb/defaultClockArea_cpu/unsignedDivider_2/MULDIV_RRD_to_MULDIV_EXE_ISSUE_SLOT_uop_signed
                         LUT3 (Prop_lut3_I0_O)        0.232     3.491 r  u_wb/defaultClockArea_cpu/unsignedDivider_2/MULDIV_EXE_MulDivExecutePlugin_multiplier_i_48/O
                         net (fo=1, unplaced)         0.000     3.491    u_wb/defaultClockArea_cpu/unsignedDivider_2/_zz_MULDIV_EXE_MulDivExecutePlugin_absRj[1]
                         CARRY4 (Prop_carry4_S[1]_CO[3])
                                                      0.444     3.935 r  u_wb/defaultClockArea_cpu/unsignedDivider_2/MULDIV_EXE_MulDivExecutePlugin_multiplier_i_8/CO[3]
                         net (fo=1, unplaced)         0.008     3.943    u_wb/defaultClockArea_cpu/unsignedDivider_2/MULDIV_EXE_MulDivExecutePlugin_multiplier_i_8_n_0
                         CARRY4 (Prop_carry4_CI_CO[3])
                                                      0.100     4.043 r  u_wb/defaultClockArea_cpu/unsignedDivider_2/MULDIV_EXE_MulDivExecutePlugin_multiplier_i_7/CO[3]
                         net (fo=1, unplaced)         0.000     4.043    u_wb/defaultClockArea_cpu/unsignedDivider_2/MULDIV_EXE_MulDivExecutePlugin_multiplier_i_7_n_0
                         CARRY4 (Prop_carry4_CI_CO[3])
                                                      0.100     4.143 r  u_wb/defaultClockArea_cpu/unsignedDivider_2/MULDIV_EXE_MulDivExecutePlugin_multiplier_i_6/CO[3]
                         net (fo=1, unplaced)         0.000     4.143    u_wb/defaultClockArea_cpu/unsignedDivider_2/MULDIV_EXE_MulDivExecutePlugin_multiplier_i_6_n_0
                         CARRY4 (Prop_carry4_CI_CO[3])
                                                      0.100     4.243 r  u_wb/defaultClockArea_cpu/unsignedDivider_2/MULDIV_EXE_MulDivExecutePlugin_multiplier_i_5/CO[3]
                         net (fo=1, unplaced)         0.000     4.243    u_wb/defaultClockArea_cpu/unsignedDivider_2/MULDIV_EXE_MulDivExecutePlugin_multiplier_i_5_n_0
                         CARRY4 (Prop_carry4_CI_CO[3])
                                                      0.100     4.343 r  u_wb/defaultClockArea_cpu/unsignedDivider_2/MULDIV_EXE_MulDivExecutePlugin_multiplier_i_4/CO[3]
                         net (fo=1, unplaced)         0.000     4.343    u_wb/defaultClockArea_cpu/unsignedDivider_2/MULDIV_EXE_MulDivExecutePlugin_multiplier_i_4_n_0
                         CARRY4 (Prop_carry4_CI_O[3])
                                                      0.277     4.620 f  u_wb/defaultClockArea_cpu/unsignedDivider_2/MULDIV_EXE_MulDivExecutePlugin_multiplier_i_3/O[3]
                         net (fo=3, unplaced)         0.668     5.288    u_wb/defaultClockArea_cpu/unsignedDivider_2/A[23]
                         LUT4 (Prop_lut4_I0_O)        0.250     5.538 r  u_wb/defaultClockArea_cpu/unsignedDivider_2/done_i_11/O
                         net (fo=1, unplaced)         0.347     5.885    u_wb/defaultClockArea_cpu/unsignedDivider_2/done_i_11_n_0
                         LUT5 (Prop_lut5_I4_O)        0.105     5.990 r  u_wb/defaultClockArea_cpu/unsignedDivider_2/done_i_7/O
                         net (fo=1, unplaced)         0.582     6.572    u_wb/defaultClockArea_cpu/unsignedDivider_2/done_i_7_n_0
                         LUT4 (Prop_lut4_I3_O)        0.105     6.677 r  u_wb/defaultClockArea_cpu/unsignedDivider_2/done_i_2/O
                         net (fo=66, unplaced)        0.436     7.113    u_wb/defaultClockArea_cpu/unsignedDivider_2/p_8715_in
                         LUT5 (Prop_lut5_I2_O)        0.105     7.218 f  u_wb/defaultClockArea_cpu/unsignedDivider_2/MulDivIssueQueuePlugin_queue_0_payload_robIdx[4]_i_4/O
                         net (fo=10, unplaced)        0.390     7.608    u_wb/defaultClockArea_cpu/unsignedDivider_2/MULDIV_EXE_arbitration_isStuck
                         LUT4 (Prop_lut4_I3_O)        0.105     7.713 r  u_wb/defaultClockArea_cpu/unsignedDivider_2/MemIssueQueuePlugin_queue_4_payload_rRegs_0_valid_i_14/O
                         net (fo=23, unplaced)        0.410     8.123    u_wb/defaultClockArea_cpu/unsignedDivider_2/MULDIV_EXE_MulDivExecutePlugin_wakeupCycle
                         LUT5 (Prop_lut5_I3_O)        0.105     8.228 f  u_wb/defaultClockArea_cpu/unsignedDivider_2/MemIssueQueuePlugin_queue_3_payload_rRegs_0_valid_i_50/O
                         net (fo=1, unplaced)         0.347     8.575    u_wb/defaultClockArea_cpu/unsignedDivider_2/MemIssueQueuePlugin_queue_3_payload_rRegs_0_valid_i_50_n_0
                         LUT6 (Prop_lut6_I5_O)        0.105     8.680 r  u_wb/defaultClockArea_cpu/unsignedDivider_2/MemIssueQueuePlugin_queue_3_payload_rRegs_0_valid_i_25/O
                         net (fo=1, unplaced)         0.347     9.027    u_wb/defaultClockArea_cpu/unsignedDivider_2/MemIssueQueuePlugin_queue_3_payload_rRegs_0_valid_i_25_n_0
                         LUT6 (Prop_lut6_I5_O)        0.105     9.132 r  u_wb/defaultClockArea_cpu/unsignedDivider_2/MemIssueQueuePlugin_queue_3_payload_rRegs_0_valid_i_12/O
                         net (fo=1, unplaced)         0.347     9.479    u_wb/defaultClockArea_cpu/unsignedDivider_2/MemIssueQueuePlugin_queue_3_payload_rRegs_0_valid_i_12_n_0
                         LUT5 (Prop_lut5_I3_O)        0.105     9.584 f  u_wb/defaultClockArea_cpu/unsignedDivider_2/MemIssueQueuePlugin_queue_3_payload_rRegs_0_valid_i_5/O
                         net (fo=14, unplaced)        0.633    10.217    u_wb/defaultClockArea_cpu/unsignedDivider_2/MemIssueQueuePlugin_queue_3_payload_rRegs_0_valid_i_5_n_0
                         LUT5 (Prop_lut5_I0_O)        0.105    10.322 r  u_wb/defaultClockArea_cpu/unsignedDivider_2/IntIssueQueuePlugin_queue_6_payload_rRegs_0_valid_i_8/O
                         net (fo=5, unplaced)         0.375    10.697    u_wb/defaultClockArea_cpu/unsignedDivider_2/IntIssueQueuePlugin_queue_6_payload_rRegs_0_valid_i_8_n_0
                         LUT3 (Prop_lut3_I1_O)        0.105    10.802 f  u_wb/defaultClockArea_cpu/unsignedDivider_2/IntIssueQueuePlugin_queue_6_payload_rRegs_0_valid_i_4/O
                         net (fo=2, unplaced)         0.358    11.160    u_wb/defaultClockArea_cpu/unsignedDivider_2/IntIssueQueuePlugin_queue_6_payload_rRegs_0_valid_i_4_n_0
                         LUT6 (Prop_lut6_I4_O)        0.105    11.265 r  u_wb/defaultClockArea_cpu/unsignedDivider_2/IntIssueQueuePlugin_queue_6_payload_rRegs_0_valid_i_1/O
                         net (fo=3, unplaced)         0.600    11.865    u_wb/defaultClockArea_cpu/unsignedDivider_2/RENAME_to_DISPATCH_PUSH_INDEXES_2_payload_reg[1]_0
                         LUT5 (Prop_lut5_I0_O)        0.105    11.970 r  u_wb/defaultClockArea_cpu/unsignedDivider_2/IntIssueQueuePlugin_queue_4_payload_rRegs_0_valid_i_1/O
                         net (fo=1, unplaced)         0.000    11.970    u_wb/defaultClockArea_cpu/unsignedDivider_2_n_184
                         FDRE                                         r  u_wb/defaultClockArea_cpu/IntIssueQueuePlugin_queue_4_payload_rRegs_0_valid_reg/D
  -------------------------------------------------------------------    -------------------

                         (clock aclk rise edge)      10.000    10.000 r  
                                                      0.000    10.000 r  aclk (IN)
                         net (fo=0)                   0.000    10.000    aclk
                         IBUF (Prop_ibuf_I_O)         0.751    10.751 r  aclk_IBUF_inst/O
                         net (fo=1, unplaced)         0.613    11.365    aclk_IBUF
                         BUFG (Prop_bufg_I_O)         0.077    11.442 r  aclk_IBUF_BUFG_inst/O
                         net (fo=17739, unplaced)     0.439    11.881    u_wb/defaultClockArea_cpu/aclk_IBUF_BUFG
                         FDRE                                         r  u_wb/defaultClockArea_cpu/IntIssueQueuePlugin_queue_4_payload_rRegs_0_valid_reg/C
                         clock pessimism              0.167    12.048    
                         clock uncertainty           -0.035    12.012    
                         FDRE (Setup_fdre_C_D)        0.029    12.041    u_wb/defaultClockArea_cpu/IntIssueQueuePlugin_queue_4_payload_rRegs_0_valid_reg
  -------------------------------------------------------------------
                         required time                         12.041    
                         arrival time                         -11.970    
  -------------------------------------------------------------------
                         slack                                  0.072    

Slack (MET) :             0.077ns  (required time - arrival time)
  Source:                 u_wb/defaultClockArea_cpu/MULDIV_RRD_to_MULDIV_EXE_ISSUE_SLOT_uop_signed_reg/C
                            (rising edge-triggered cell FDRE clocked by aclk  {rise@0.000ns fall@5.000ns period=10.000ns})
  Destination:            u_wb/defaultClockArea_cpu/IntIssueQueuePlugin_queue_2_payload_rRegs_0_valid_reg/D
                            (rising edge-triggered cell FDRE clocked by aclk  {rise@0.000ns fall@5.000ns period=10.000ns})
  Path Group:             aclk
  Path Type:              Setup (Max at Slow Process Corner)
  Requirement:            10.000ns  (aclk rise@10.000ns - aclk rise@0.000ns)
  Data Path Delay:        9.772ns  (logic 3.242ns (33.176%)  route 6.530ns (66.824%))
  Logic Levels:           20  (CARRY4=6 LUT3=2 LUT4=3 LUT5=6 LUT6=3)
  Clock Path Skew:        -0.145ns (DCD - SCD + CPR)
    Destination Clock Delay (DCD):    1.881ns = ( 11.881 - 10.000 ) 
    Source Clock Delay      (SCD):    2.193ns
    Clock Pessimism Removal (CPR):    0.167ns
  Clock Uncertainty:      0.035ns  ((TSJ^2 + TIJ^2)^1/2 + DJ) / 2 + PE
    Total System Jitter     (TSJ):    0.071ns
    Total Input Jitter      (TIJ):    0.000ns
    Discrete Jitter          (DJ):    0.000ns
    Phase Error              (PE):    0.000ns

    Location             Delay type                Incr(ns)  Path(ns)    Netlist Resource(s)
  -------------------------------------------------------------------    -------------------
                         (clock aclk rise edge)       0.000     0.000 r  
                                                      0.000     0.000 r  aclk (IN)
                         net (fo=0)                   0.000     0.000    aclk
                         IBUF (Prop_ibuf_I_O)         0.882     0.882 r  aclk_IBUF_inst/O
                         net (fo=1, unplaced)         0.646     1.528    aclk_IBUF
                         BUFG (Prop_bufg_I_O)         0.081     1.609 r  aclk_IBUF_BUFG_inst/O
                         net (fo=17739, unplaced)     0.584     2.193    u_wb/defaultClockArea_cpu/aclk_IBUF_BUFG
                         FDRE                                         r  u_wb/defaultClockArea_cpu/MULDIV_RRD_to_MULDIV_EXE_ISSUE_SLOT_uop_signed_reg/C
  -------------------------------------------------------------------    -------------------
                         FDRE (Prop_fdre_C_Q)         0.379     2.572 r  u_wb/defaultClockArea_cpu/MULDIV_RRD_to_MULDIV_EXE_ISSUE_SLOT_uop_signed_reg/Q
                         net (fo=64, unplaced)        0.687     3.259    u_wb/defaultClockArea_cpu/unsignedDivider_2/MULDIV_RRD_to_MULDIV_EXE_ISSUE_SLOT_uop_signed
                         LUT3 (Prop_lut3_I0_O)        0.232     3.491 r  u_wb/defaultClockArea_cpu/unsignedDivider_2/MULDIV_EXE_MulDivExecutePlugin_multiplier_i_48/O
                         net (fo=1, unplaced)         0.000     3.491    u_wb/defaultClockArea_cpu/unsignedDivider_2/_zz_MULDIV_EXE_MulDivExecutePlugin_absRj[1]
                         CARRY4 (Prop_carry4_S[1]_CO[3])
                                                      0.444     3.935 r  u_wb/defaultClockArea_cpu/unsignedDivider_2/MULDIV_EXE_MulDivExecutePlugin_multiplier_i_8/CO[3]
                         net (fo=1, unplaced)         0.008     3.943    u_wb/defaultClockArea_cpu/unsignedDivider_2/MULDIV_EXE_MulDivExecutePlugin_multiplier_i_8_n_0
                         CARRY4 (Prop_carry4_CI_CO[3])
                                                      0.100     4.043 r  u_wb/defaultClockArea_cpu/unsignedDivider_2/MULDIV_EXE_MulDivExecutePlugin_multiplier_i_7/CO[3]
                         net (fo=1, unplaced)         0.000     4.043    u_wb/defaultClockArea_cpu/unsignedDivider_2/MULDIV_EXE_MulDivExecutePlugin_multiplier_i_7_n_0
                         CARRY4 (Prop_carry4_CI_CO[3])
                                                      0.100     4.143 r  u_wb/defaultClockArea_cpu/unsignedDivider_2/MULDIV_EXE_MulDivExecutePlugin_multiplier_i_6/CO[3]
                         net (fo=1, unplaced)         0.000     4.143    u_wb/defaultClockArea_cpu/unsignedDivider_2/MULDIV_EXE_MulDivExecutePlugin_multiplier_i_6_n_0
                         CARRY4 (Prop_carry4_CI_CO[3])
                                                      0.100     4.243 r  u_wb/defaultClockArea_cpu/unsignedDivider_2/MULDIV_EXE_MulDivExecutePlugin_multiplier_i_5/CO[3]
                         net (fo=1, unplaced)         0.000     4.243    u_wb/defaultClockArea_cpu/unsignedDivider_2/MULDIV_EXE_MulDivExecutePlugin_multiplier_i_5_n_0
                         CARRY4 (Prop_carry4_CI_CO[3])
                                                      0.100     4.343 r  u_wb/defaultClockArea_cpu/unsignedDivider_2/MULDIV_EXE_MulDivExecutePlugin_multiplier_i_4/CO[3]
                         net (fo=1, unplaced)         0.000     4.343    u_wb/defaultClockArea_cpu/unsignedDivider_2/MULDIV_EXE_MulDivExecutePlugin_multiplier_i_4_n_0
                         CARRY4 (Prop_carry4_CI_O[3])
                                                      0.277     4.620 f  u_wb/defaultClockArea_cpu/unsignedDivider_2/MULDIV_EXE_MulDivExecutePlugin_multiplier_i_3/O[3]
                         net (fo=3, unplaced)         0.668     5.288    u_wb/defaultClockArea_cpu/unsignedDivider_2/A[23]
                         LUT4 (Prop_lut4_I0_O)        0.250     5.538 r  u_wb/defaultClockArea_cpu/unsignedDivider_2/done_i_11/O
                         net (fo=1, unplaced)         0.347     5.885    u_wb/defaultClockArea_cpu/unsignedDivider_2/done_i_11_n_0
                         LUT5 (Prop_lut5_I4_O)        0.105     5.990 r  u_wb/defaultClockArea_cpu/unsignedDivider_2/done_i_7/O
                         net (fo=1, unplaced)         0.582     6.572    u_wb/defaultClockArea_cpu/unsignedDivider_2/done_i_7_n_0
                         LUT4 (Prop_lut4_I3_O)        0.105     6.677 r  u_wb/defaultClockArea_cpu/unsignedDivider_2/done_i_2/O
                         net (fo=66, unplaced)        0.436     7.113    u_wb/defaultClockArea_cpu/unsignedDivider_2/p_8715_in
                         LUT5 (Prop_lut5_I2_O)        0.105     7.218 f  u_wb/defaultClockArea_cpu/unsignedDivider_2/MulDivIssueQueuePlugin_queue_0_payload_robIdx[4]_i_4/O
                         net (fo=10, unplaced)        0.390     7.608    u_wb/defaultClockArea_cpu/unsignedDivider_2/MULDIV_EXE_arbitration_isStuck
                         LUT4 (Prop_lut4_I3_O)        0.105     7.713 r  u_wb/defaultClockArea_cpu/unsignedDivider_2/MemIssueQueuePlugin_queue_4_payload_rRegs_0_valid_i_14/O
                         net (fo=23, unplaced)        0.410     8.123    u_wb/defaultClockArea_cpu/unsignedDivider_2/MULDIV_EXE_MulDivExecutePlugin_wakeupCycle
                         LUT5 (Prop_lut5_I3_O)        0.105     8.228 f  u_wb/defaultClockArea_cpu/unsignedDivider_2/MemIssueQueuePlugin_queue_3_payload_rRegs_0_valid_i_50/O
                         net (fo=1, unplaced)         0.347     8.575    u_wb/defaultClockArea_cpu/unsignedDivider_2/MemIssueQueuePlugin_queue_3_payload_rRegs_0_valid_i_50_n_0
                         LUT6 (Prop_lut6_I5_O)        0.105     8.680 r  u_wb/defaultClockArea_cpu/unsignedDivider_2/MemIssueQueuePlugin_queue_3_payload_rRegs_0_valid_i_25/O
                         net (fo=1, unplaced)         0.347     9.027    u_wb/defaultClockArea_cpu/unsignedDivider_2/MemIssueQueuePlugin_queue_3_payload_rRegs_0_valid_i_25_n_0
                         LUT6 (Prop_lut6_I5_O)        0.105     9.132 r  u_wb/defaultClockArea_cpu/unsignedDivider_2/MemIssueQueuePlugin_queue_3_payload_rRegs_0_valid_i_12/O
                         net (fo=1, unplaced)         0.347     9.479    u_wb/defaultClockArea_cpu/unsignedDivider_2/MemIssueQueuePlugin_queue_3_payload_rRegs_0_valid_i_12_n_0
                         LUT5 (Prop_lut5_I3_O)        0.105     9.584 f  u_wb/defaultClockArea_cpu/unsignedDivider_2/MemIssueQueuePlugin_queue_3_payload_rRegs_0_valid_i_5/O
                         net (fo=14, unplaced)        0.633    10.217    u_wb/defaultClockArea_cpu/unsignedDivider_2/MemIssueQueuePlugin_queue_3_payload_rRegs_0_valid_i_5_n_0
                         LUT5 (Prop_lut5_I0_O)        0.105    10.322 r  u_wb/defaultClockArea_cpu/unsignedDivider_2/IntIssueQueuePlugin_queue_6_payload_rRegs_0_valid_i_8/O
                         net (fo=5, unplaced)         0.375    10.697    u_wb/defaultClockArea_cpu/unsignedDivider_2/IntIssueQueuePlugin_queue_6_payload_rRegs_0_valid_i_8_n_0
                         LUT3 (Prop_lut3_I2_O)        0.105    10.802 f  u_wb/defaultClockArea_cpu/unsignedDivider_2/IntIssueQueuePlugin_queue_1_payload_rRegs_0_valid_i_4/O
                         net (fo=1, unplaced)         0.347    11.149    u_wb/defaultClockArea_cpu/unsignedDivider_2/IntIssueQueuePlugin_queue_1_payload_rRegs_0_valid_i_4_n_0
                         LUT6 (Prop_lut6_I2_O)        0.105    11.254 f  u_wb/defaultClockArea_cpu/unsignedDivider_2/IntIssueQueuePlugin_queue_1_payload_rRegs_0_valid_i_2/O
                         net (fo=4, unplaced)         0.606    11.860    u_wb/defaultClockArea_cpu/unsignedDivider_2/IntIssueQueuePlugin_queue_1_payload_rRegs_0_valid_i_2_n_0
                         LUT5 (Prop_lut5_I0_O)        0.105    11.965 r  u_wb/defaultClockArea_cpu/unsignedDivider_2/IntIssueQueuePlugin_queue_2_payload_rRegs_0_valid_i_1/O
                         net (fo=1, unplaced)         0.000    11.965    u_wb/defaultClockArea_cpu/unsignedDivider_2_n_183
                         FDRE                                         r  u_wb/defaultClockArea_cpu/IntIssueQueuePlugin_queue_2_payload_rRegs_0_valid_reg/D
  -------------------------------------------------------------------    -------------------

                         (clock aclk rise edge)      10.000    10.000 r  
                                                      0.000    10.000 r  aclk (IN)
                         net (fo=0)                   0.000    10.000    aclk
                         IBUF (Prop_ibuf_I_O)         0.751    10.751 r  aclk_IBUF_inst/O
                         net (fo=1, unplaced)         0.613    11.365    aclk_IBUF
                         BUFG (Prop_bufg_I_O)         0.077    11.442 r  aclk_IBUF_BUFG_inst/O
                         net (fo=17739, unplaced)     0.439    11.881    u_wb/defaultClockArea_cpu/aclk_IBUF_BUFG
                         FDRE                                         r  u_wb/defaultClockArea_cpu/IntIssueQueuePlugin_queue_2_payload_rRegs_0_valid_reg/C
                         clock pessimism              0.167    12.048    
                         clock uncertainty           -0.035    12.012    
                         FDRE (Setup_fdre_C_D)        0.029    12.041    u_wb/defaultClockArea_cpu/IntIssueQueuePlugin_queue_2_payload_rRegs_0_valid_reg
  -------------------------------------------------------------------
                         required time                         12.041    
                         arrival time                         -11.965    
  -------------------------------------------------------------------
                         slack                                  0.077    

Slack (MET) :             0.090ns  (required time - arrival time)
  Source:                 u_wb/defaultClockArea_cpu/MULDIV_RRD_to_MULDIV_EXE_ISSUE_SLOT_uop_signed_reg/C
                            (rising edge-triggered cell FDRE clocked by aclk  {rise@0.000ns fall@5.000ns period=10.000ns})
  Destination:            u_wb/defaultClockArea_cpu/IntIssueQueuePlugin_queue_1_payload_rRegs_0_valid_reg/D
                            (rising edge-triggered cell FDRE clocked by aclk  {rise@0.000ns fall@5.000ns period=10.000ns})
  Path Group:             aclk
  Path Type:              Setup (Max at Slow Process Corner)
  Requirement:            10.000ns  (aclk rise@10.000ns - aclk rise@0.000ns)
  Data Path Delay:        9.759ns  (logic 3.242ns (33.221%)  route 6.517ns (66.779%))
  Logic Levels:           20  (CARRY4=6 LUT3=2 LUT4=3 LUT5=6 LUT6=3)
  Clock Path Skew:        -0.145ns (DCD - SCD + CPR)
    Destination Clock Delay (DCD):    1.881ns = ( 11.881 - 10.000 ) 
    Source Clock Delay      (SCD):    2.193ns
    Clock Pessimism Removal (CPR):    0.167ns
  Clock Uncertainty:      0.035ns  ((TSJ^2 + TIJ^2)^1/2 + DJ) / 2 + PE
    Total System Jitter     (TSJ):    0.071ns
    Total Input Jitter      (TIJ):    0.000ns
    Discrete Jitter          (DJ):    0.000ns
    Phase Error              (PE):    0.000ns

    Location             Delay type                Incr(ns)  Path(ns)    Netlist Resource(s)
  -------------------------------------------------------------------    -------------------
                         (clock aclk rise edge)       0.000     0.000 r  
                                                      0.000     0.000 r  aclk (IN)
                         net (fo=0)                   0.000     0.000    aclk
                         IBUF (Prop_ibuf_I_O)         0.882     0.882 r  aclk_IBUF_inst/O
                         net (fo=1, unplaced)         0.646     1.528    aclk_IBUF
                         BUFG (Prop_bufg_I_O)         0.081     1.609 r  aclk_IBUF_BUFG_inst/O
                         net (fo=17739, unplaced)     0.584     2.193    u_wb/defaultClockArea_cpu/aclk_IBUF_BUFG
                         FDRE                                         r  u_wb/defaultClockArea_cpu/MULDIV_RRD_to_MULDIV_EXE_ISSUE_SLOT_uop_signed_reg/C
  -------------------------------------------------------------------    -------------------
                         FDRE (Prop_fdre_C_Q)         0.379     2.572 r  u_wb/defaultClockArea_cpu/MULDIV_RRD_to_MULDIV_EXE_ISSUE_SLOT_uop_signed_reg/Q
                         net (fo=64, unplaced)        0.687     3.259    u_wb/defaultClockArea_cpu/unsignedDivider_2/MULDIV_RRD_to_MULDIV_EXE_ISSUE_SLOT_uop_signed
                         LUT3 (Prop_lut3_I0_O)        0.232     3.491 r  u_wb/defaultClockArea_cpu/unsignedDivider_2/MULDIV_EXE_MulDivExecutePlugin_multiplier_i_48/O
                         net (fo=1, unplaced)         0.000     3.491    u_wb/defaultClockArea_cpu/unsignedDivider_2/_zz_MULDIV_EXE_MulDivExecutePlugin_absRj[1]
                         CARRY4 (Prop_carry4_S[1]_CO[3])
                                                      0.444     3.935 r  u_wb/defaultClockArea_cpu/unsignedDivider_2/MULDIV_EXE_MulDivExecutePlugin_multiplier_i_8/CO[3]
                         net (fo=1, unplaced)         0.008     3.943    u_wb/defaultClockArea_cpu/unsignedDivider_2/MULDIV_EXE_MulDivExecutePlugin_multiplier_i_8_n_0
                         CARRY4 (Prop_carry4_CI_CO[3])
                                                      0.100     4.043 r  u_wb/defaultClockArea_cpu/unsignedDivider_2/MULDIV_EXE_MulDivExecutePlugin_multiplier_i_7/CO[3]
                         net (fo=1, unplaced)         0.000     4.043    u_wb/defaultClockArea_cpu/unsignedDivider_2/MULDIV_EXE_MulDivExecutePlugin_multiplier_i_7_n_0
                         CARRY4 (Prop_carry4_CI_CO[3])
                                                      0.100     4.143 r  u_wb/defaultClockArea_cpu/unsignedDivider_2/MULDIV_EXE_MulDivExecutePlugin_multiplier_i_6/CO[3]
                         net (fo=1, unplaced)         0.000     4.143    u_wb/defaultClockArea_cpu/unsignedDivider_2/MULDIV_EXE_MulDivExecutePlugin_multiplier_i_6_n_0
                         CARRY4 (Prop_carry4_CI_CO[3])
                                                      0.100     4.243 r  u_wb/defaultClockArea_cpu/unsignedDivider_2/MULDIV_EXE_MulDivExecutePlugin_multiplier_i_5/CO[3]
                         net (fo=1, unplaced)         0.000     4.243    u_wb/defaultClockArea_cpu/unsignedDivider_2/MULDIV_EXE_MulDivExecutePlugin_multiplier_i_5_n_0
                         CARRY4 (Prop_carry4_CI_CO[3])
                                                      0.100     4.343 r  u_wb/defaultClockArea_cpu/unsignedDivider_2/MULDIV_EXE_MulDivExecutePlugin_multiplier_i_4/CO[3]
                         net (fo=1, unplaced)         0.000     4.343    u_wb/defaultClockArea_cpu/unsignedDivider_2/MULDIV_EXE_MulDivExecutePlugin_multiplier_i_4_n_0
                         CARRY4 (Prop_carry4_CI_O[3])
                                                      0.277     4.620 f  u_wb/defaultClockArea_cpu/unsignedDivider_2/MULDIV_EXE_MulDivExecutePlugin_multiplier_i_3/O[3]
                         net (fo=3, unplaced)         0.668     5.288    u_wb/defaultClockArea_cpu/unsignedDivider_2/A[23]
                         LUT4 (Prop_lut4_I0_O)        0.250     5.538 r  u_wb/defaultClockArea_cpu/unsignedDivider_2/done_i_11/O
                         net (fo=1, unplaced)         0.347     5.885    u_wb/defaultClockArea_cpu/unsignedDivider_2/done_i_11_n_0
                         LUT5 (Prop_lut5_I4_O)        0.105     5.990 r  u_wb/defaultClockArea_cpu/unsignedDivider_2/done_i_7/O
                         net (fo=1, unplaced)         0.582     6.572    u_wb/defaultClockArea_cpu/unsignedDivider_2/done_i_7_n_0
                         LUT4 (Prop_lut4_I3_O)        0.105     6.677 r  u_wb/defaultClockArea_cpu/unsignedDivider_2/done_i_2/O
                         net (fo=66, unplaced)        0.436     7.113    u_wb/defaultClockArea_cpu/unsignedDivider_2/p_8715_in
                         LUT5 (Prop_lut5_I2_O)        0.105     7.218 f  u_wb/defaultClockArea_cpu/unsignedDivider_2/MulDivIssueQueuePlugin_queue_0_payload_robIdx[4]_i_4/O
                         net (fo=10, unplaced)        0.390     7.608    u_wb/defaultClockArea_cpu/unsignedDivider_2/MULDIV_EXE_arbitration_isStuck
                         LUT4 (Prop_lut4_I3_O)        0.105     7.713 r  u_wb/defaultClockArea_cpu/unsignedDivider_2/MemIssueQueuePlugin_queue_4_payload_rRegs_0_valid_i_14/O
                         net (fo=23, unplaced)        0.410     8.123    u_wb/defaultClockArea_cpu/unsignedDivider_2/MULDIV_EXE_MulDivExecutePlugin_wakeupCycle
                         LUT5 (Prop_lut5_I3_O)        0.105     8.228 f  u_wb/defaultClockArea_cpu/unsignedDivider_2/MemIssueQueuePlugin_queue_3_payload_rRegs_0_valid_i_50/O
                         net (fo=1, unplaced)         0.347     8.575    u_wb/defaultClockArea_cpu/unsignedDivider_2/MemIssueQueuePlugin_queue_3_payload_rRegs_0_valid_i_50_n_0
                         LUT6 (Prop_lut6_I5_O)        0.105     8.680 r  u_wb/defaultClockArea_cpu/unsignedDivider_2/MemIssueQueuePlugin_queue_3_payload_rRegs_0_valid_i_25/O
                         net (fo=1, unplaced)         0.347     9.027    u_wb/defaultClockArea_cpu/unsignedDivider_2/MemIssueQueuePlugin_queue_3_payload_rRegs_0_valid_i_25_n_0
                         LUT6 (Prop_lut6_I5_O)        0.105     9.132 r  u_wb/defaultClockArea_cpu/unsignedDivider_2/MemIssueQueuePlugin_queue_3_payload_rRegs_0_valid_i_12/O
                         net (fo=1, unplaced)         0.347     9.479    u_wb/defaultClockArea_cpu/unsignedDivider_2/MemIssueQueuePlugin_queue_3_payload_rRegs_0_valid_i_12_n_0
                         LUT5 (Prop_lut5_I3_O)        0.105     9.584 f  u_wb/defaultClockArea_cpu/unsignedDivider_2/MemIssueQueuePlugin_queue_3_payload_rRegs_0_valid_i_5/O
                         net (fo=14, unplaced)        0.633    10.217    u_wb/defaultClockArea_cpu/unsignedDivider_2/MemIssueQueuePlugin_queue_3_payload_rRegs_0_valid_i_5_n_0
                         LUT5 (Prop_lut5_I0_O)        0.105    10.322 r  u_wb/defaultClockArea_cpu/unsignedDivider_2/IntIssueQueuePlugin_queue_6_payload_rRegs_0_valid_i_8/O
                         net (fo=5, unplaced)         0.375    10.697    u_wb/defaultClockArea_cpu/unsignedDivider_2/IntIssueQueuePlugin_queue_6_payload_rRegs_0_valid_i_8_n_0
                         LUT6 (Prop_lut6_I5_O)        0.105    10.802 f  u_wb/defaultClockArea_cpu/unsignedDivider_2/IntIssueQueuePlugin_queue_1_payload_rRegs_0_valid_i_6/O
                         net (fo=2, unplaced)         0.593    11.395    u_wb/defaultClockArea_cpu/unsignedDivider_2/IntIssueQueuePlugin_queue_1_payload_rRegs_0_valid_i_6_n_0
                         LUT5 (Prop_lut5_I1_O)        0.105    11.500 r  u_wb/defaultClockArea_cpu/unsignedDivider_2/IntIssueQueuePlugin_queue_1_payload_rRegs_0_valid_i_3/O
                         net (fo=1, unplaced)         0.347    11.847    u_wb/defaultClockArea_cpu/unsignedDivider_2/IntIssueQueuePlugin_queue_1_payload_rRegs_0_valid_i_3_n_0
                         LUT3 (Prop_lut3_I2_O)        0.105    11.952 r  u_wb/defaultClockArea_cpu/unsignedDivider_2/IntIssueQueuePlugin_queue_1_payload_rRegs_0_valid_i_1/O
                         net (fo=1, unplaced)         0.000    11.952    u_wb/defaultClockArea_cpu/unsignedDivider_2_n_185
                         FDRE                                         r  u_wb/defaultClockArea_cpu/IntIssueQueuePlugin_queue_1_payload_rRegs_0_valid_reg/D
  -------------------------------------------------------------------    -------------------

                         (clock aclk rise edge)      10.000    10.000 r  
                                                      0.000    10.000 r  aclk (IN)
                         net (fo=0)                   0.000    10.000    aclk
                         IBUF (Prop_ibuf_I_O)         0.751    10.751 r  aclk_IBUF_inst/O
                         net (fo=1, unplaced)         0.613    11.365    aclk_IBUF
                         BUFG (Prop_bufg_I_O)         0.077    11.442 r  aclk_IBUF_BUFG_inst/O
                         net (fo=17739, unplaced)     0.439    11.881    u_wb/defaultClockArea_cpu/aclk_IBUF_BUFG
                         FDRE                                         r  u_wb/defaultClockArea_cpu/IntIssueQueuePlugin_queue_1_payload_rRegs_0_valid_reg/C
                         clock pessimism              0.167    12.048    
                         clock uncertainty           -0.035    12.012    
                         FDRE (Setup_fdre_C_D)        0.029    12.041    u_wb/defaultClockArea_cpu/IntIssueQueuePlugin_queue_1_payload_rRegs_0_valid_reg
  -------------------------------------------------------------------
                         required time                         12.041    
                         arrival time                         -11.952    
  -------------------------------------------------------------------
                         slack                                  0.090    

Slack (MET) :             0.092ns  (required time - arrival time)
  Source:                 u_wb/defaultClockArea_cpu/MULDIV_RRD_to_MULDIV_EXE_ISSUE_SLOT_uop_signed_reg/C
                            (rising edge-triggered cell FDRE clocked by aclk  {rise@0.000ns fall@5.000ns period=10.000ns})
  Destination:            u_wb/defaultClockArea_cpu/IntIssueQueuePlugin_queue_0_payload_rRegs_0_valid_reg/D
                            (rising edge-triggered cell FDRE clocked by aclk  {rise@0.000ns fall@5.000ns period=10.000ns})
  Path Group:             aclk
  Path Type:              Setup (Max at Slow Process Corner)
  Requirement:            10.000ns  (aclk rise@10.000ns - aclk rise@0.000ns)
  Data Path Delay:        9.757ns  (logic 3.242ns (33.227%)  route 6.515ns (66.773%))
  Logic Levels:           20  (CARRY4=6 LUT3=1 LUT4=4 LUT5=6 LUT6=3)
  Clock Path Skew:        -0.145ns (DCD - SCD + CPR)
    Destination Clock Delay (DCD):    1.881ns = ( 11.881 - 10.000 ) 
    Source Clock Delay      (SCD):    2.193ns
    Clock Pessimism Removal (CPR):    0.167ns
  Clock Uncertainty:      0.035ns  ((TSJ^2 + TIJ^2)^1/2 + DJ) / 2 + PE
    Total System Jitter     (TSJ):    0.071ns
    Total Input Jitter      (TIJ):    0.000ns
    Discrete Jitter          (DJ):    0.000ns
    Phase Error              (PE):    0.000ns

    Location             Delay type                Incr(ns)  Path(ns)    Netlist Resource(s)
  -------------------------------------------------------------------    -------------------
                         (clock aclk rise edge)       0.000     0.000 r  
                                                      0.000     0.000 r  aclk (IN)
                         net (fo=0)                   0.000     0.000    aclk
                         IBUF (Prop_ibuf_I_O)         0.882     0.882 r  aclk_IBUF_inst/O
                         net (fo=1, unplaced)         0.646     1.528    aclk_IBUF
                         BUFG (Prop_bufg_I_O)         0.081     1.609 r  aclk_IBUF_BUFG_inst/O
                         net (fo=17739, unplaced)     0.584     2.193    u_wb/defaultClockArea_cpu/aclk_IBUF_BUFG
                         FDRE                                         r  u_wb/defaultClockArea_cpu/MULDIV_RRD_to_MULDIV_EXE_ISSUE_SLOT_uop_signed_reg/C
  -------------------------------------------------------------------    -------------------
                         FDRE (Prop_fdre_C_Q)         0.379     2.572 r  u_wb/defaultClockArea_cpu/MULDIV_RRD_to_MULDIV_EXE_ISSUE_SLOT_uop_signed_reg/Q
                         net (fo=64, unplaced)        0.687     3.259    u_wb/defaultClockArea_cpu/unsignedDivider_2/MULDIV_RRD_to_MULDIV_EXE_ISSUE_SLOT_uop_signed
                         LUT3 (Prop_lut3_I0_O)        0.232     3.491 r  u_wb/defaultClockArea_cpu/unsignedDivider_2/MULDIV_EXE_MulDivExecutePlugin_multiplier_i_48/O
                         net (fo=1, unplaced)         0.000     3.491    u_wb/defaultClockArea_cpu/unsignedDivider_2/_zz_MULDIV_EXE_MulDivExecutePlugin_absRj[1]
                         CARRY4 (Prop_carry4_S[1]_CO[3])
                                                      0.444     3.935 r  u_wb/defaultClockArea_cpu/unsignedDivider_2/MULDIV_EXE_MulDivExecutePlugin_multiplier_i_8/CO[3]
                         net (fo=1, unplaced)         0.008     3.943    u_wb/defaultClockArea_cpu/unsignedDivider_2/MULDIV_EXE_MulDivExecutePlugin_multiplier_i_8_n_0
                         CARRY4 (Prop_carry4_CI_CO[3])
                                                      0.100     4.043 r  u_wb/defaultClockArea_cpu/unsignedDivider_2/MULDIV_EXE_MulDivExecutePlugin_multiplier_i_7/CO[3]
                         net (fo=1, unplaced)         0.000     4.043    u_wb/defaultClockArea_cpu/unsignedDivider_2/MULDIV_EXE_MulDivExecutePlugin_multiplier_i_7_n_0
                         CARRY4 (Prop_carry4_CI_CO[3])
                                                      0.100     4.143 r  u_wb/defaultClockArea_cpu/unsignedDivider_2/MULDIV_EXE_MulDivExecutePlugin_multiplier_i_6/CO[3]
                         net (fo=1, unplaced)         0.000     4.143    u_wb/defaultClockArea_cpu/unsignedDivider_2/MULDIV_EXE_MulDivExecutePlugin_multiplier_i_6_n_0
                         CARRY4 (Prop_carry4_CI_CO[3])
                                                      0.100     4.243 r  u_wb/defaultClockArea_cpu/unsignedDivider_2/MULDIV_EXE_MulDivExecutePlugin_multiplier_i_5/CO[3]
                         net (fo=1, unplaced)         0.000     4.243    u_wb/defaultClockArea_cpu/unsignedDivider_2/MULDIV_EXE_MulDivExecutePlugin_multiplier_i_5_n_0
                         CARRY4 (Prop_carry4_CI_CO[3])
                                                      0.100     4.343 r  u_wb/defaultClockArea_cpu/unsignedDivider_2/MULDIV_EXE_MulDivExecutePlugin_multiplier_i_4/CO[3]
                         net (fo=1, unplaced)         0.000     4.343    u_wb/defaultClockArea_cpu/unsignedDivider_2/MULDIV_EXE_MulDivExecutePlugin_multiplier_i_4_n_0
                         CARRY4 (Prop_carry4_CI_O[3])
                                                      0.277     4.620 f  u_wb/defaultClockArea_cpu/unsignedDivider_2/MULDIV_EXE_MulDivExecutePlugin_multiplier_i_3/O[3]
                         net (fo=3, unplaced)         0.668     5.288    u_wb/defaultClockArea_cpu/unsignedDivider_2/A[23]
                         LUT4 (Prop_lut4_I0_O)        0.250     5.538 r  u_wb/defaultClockArea_cpu/unsignedDivider_2/done_i_11/O
                         net (fo=1, unplaced)         0.347     5.885    u_wb/defaultClockArea_cpu/unsignedDivider_2/done_i_11_n_0
                         LUT5 (Prop_lut5_I4_O)        0.105     5.990 r  u_wb/defaultClockArea_cpu/unsignedDivider_2/done_i_7/O
                         net (fo=1, unplaced)         0.582     6.572    u_wb/defaultClockArea_cpu/unsignedDivider_2/done_i_7_n_0
                         LUT4 (Prop_lut4_I3_O)        0.105     6.677 r  u_wb/defaultClockArea_cpu/unsignedDivider_2/done_i_2/O
                         net (fo=66, unplaced)        0.436     7.113    u_wb/defaultClockArea_cpu/unsignedDivider_2/p_8715_in
                         LUT5 (Prop_lut5_I2_O)        0.105     7.218 f  u_wb/defaultClockArea_cpu/unsignedDivider_2/MulDivIssueQueuePlugin_queue_0_payload_robIdx[4]_i_4/O
                         net (fo=10, unplaced)        0.390     7.608    u_wb/defaultClockArea_cpu/unsignedDivider_2/MULDIV_EXE_arbitration_isStuck
                         LUT4 (Prop_lut4_I3_O)        0.105     7.713 r  u_wb/defaultClockArea_cpu/unsignedDivider_2/MemIssueQueuePlugin_queue_4_payload_rRegs_0_valid_i_14/O
                         net (fo=23, unplaced)        0.410     8.123    u_wb/defaultClockArea_cpu/unsignedDivider_2/MULDIV_EXE_MulDivExecutePlugin_wakeupCycle
                         LUT5 (Prop_lut5_I3_O)        0.105     8.228 f  u_wb/defaultClockArea_cpu/unsignedDivider_2/MemIssueQueuePlugin_queue_3_payload_rRegs_0_valid_i_50/O
                         net (fo=1, unplaced)         0.347     8.575    u_wb/defaultClockArea_cpu/unsignedDivider_2/MemIssueQueuePlugin_queue_3_payload_rRegs_0_valid_i_50_n_0
                         LUT6 (Prop_lut6_I5_O)        0.105     8.680 r  u_wb/defaultClockArea_cpu/unsignedDivider_2/MemIssueQueuePlugin_queue_3_payload_rRegs_0_valid_i_25/O
                         net (fo=1, unplaced)         0.347     9.027    u_wb/defaultClockArea_cpu/unsignedDivider_2/MemIssueQueuePlugin_queue_3_payload_rRegs_0_valid_i_25_n_0
                         LUT6 (Prop_lut6_I5_O)        0.105     9.132 r  u_wb/defaultClockArea_cpu/unsignedDivider_2/MemIssueQueuePlugin_queue_3_payload_rRegs_0_valid_i_12/O
                         net (fo=1, unplaced)         0.347     9.479    u_wb/defaultClockArea_cpu/unsignedDivider_2/MemIssueQueuePlugin_queue_3_payload_rRegs_0_valid_i_12_n_0
                         LUT5 (Prop_lut5_I3_O)        0.105     9.584 f  u_wb/defaultClockArea_cpu/unsignedDivider_2/MemIssueQueuePlugin_queue_3_payload_rRegs_0_valid_i_5/O
                         net (fo=14, unplaced)        0.633    10.217    u_wb/defaultClockArea_cpu/unsignedDivider_2/MemIssueQueuePlugin_queue_3_payload_rRegs_0_valid_i_5_n_0
                         LUT5 (Prop_lut5_I0_O)        0.105    10.322 f  u_wb/defaultClockArea_cpu/unsignedDivider_2/IntIssueQueuePlugin_queue_6_payload_rRegs_0_valid_i_3/O
                         net (fo=8, unplaced)         0.620    10.942    u_wb/defaultClockArea_cpu/unsignedDivider_2/IntIssueQueuePlugin_queue_6_payload_rRegs_0_valid_i_3_n_0
                         LUT6 (Prop_lut6_I2_O)        0.105    11.047 f  u_wb/defaultClockArea_cpu/unsignedDivider_2/IntIssueQueuePlugin_queue_1_payload_rRegs_0_valid_i_7/O
                         net (fo=3, unplaced)         0.346    11.393    u_wb/defaultClockArea_cpu/unsignedDivider_2/IntIssueQueuePlugin_queue_1_payload_rRegs_0_valid_i_7_n_0
                         LUT4 (Prop_lut4_I0_O)        0.105    11.498 r  u_wb/defaultClockArea_cpu/unsignedDivider_2/IntIssueQueuePlugin_queue_0_payload_rRegs_0_valid_i_3/O
                         net (fo=1, unplaced)         0.347    11.845    u_wb/defaultClockArea_cpu/unsignedDivider_2/IntIssueQueuePlugin_queue_0_payload_rRegs_0_valid_i_3_n_0
                         LUT5 (Prop_lut5_I1_O)        0.105    11.950 r  u_wb/defaultClockArea_cpu/unsignedDivider_2/IntIssueQueuePlugin_queue_0_payload_rRegs_0_valid_i_1/O
                         net (fo=1, unplaced)         0.000    11.950    u_wb/defaultClockArea_cpu/unsignedDivider_2_n_42
                         FDRE                                         r  u_wb/defaultClockArea_cpu/IntIssueQueuePlugin_queue_0_payload_rRegs_0_valid_reg/D
  -------------------------------------------------------------------    -------------------

                         (clock aclk rise edge)      10.000    10.000 r  
                                                      0.000    10.000 r  aclk (IN)
                         net (fo=0)                   0.000    10.000    aclk
                         IBUF (Prop_ibuf_I_O)         0.751    10.751 r  aclk_IBUF_inst/O
                         net (fo=1, unplaced)         0.613    11.365    aclk_IBUF
                         BUFG (Prop_bufg_I_O)         0.077    11.442 r  aclk_IBUF_BUFG_inst/O
                         net (fo=17739, unplaced)     0.439    11.881    u_wb/defaultClockArea_cpu/aclk_IBUF_BUFG
                         FDRE                                         r  u_wb/defaultClockArea_cpu/IntIssueQueuePlugin_queue_0_payload_rRegs_0_valid_reg/C
                         clock pessimism              0.167    12.048    
                         clock uncertainty           -0.035    12.012    
                         FDRE (Setup_fdre_C_D)        0.029    12.041    u_wb/defaultClockArea_cpu/IntIssueQueuePlugin_queue_0_payload_rRegs_0_valid_reg
  -------------------------------------------------------------------
                         required time                         12.041    
                         arrival time                         -11.950    
  -------------------------------------------------------------------
                         slack                                  0.092    

Slack (MET) :             0.307ns  (required time - arrival time)
  Source:                 u_wb/defaultClockArea_cpu/MULDIV_RRD_to_MULDIV_EXE_ISSUE_SLOT_uop_signed_reg/C
                            (rising edge-triggered cell FDRE clocked by aclk  {rise@0.000ns fall@5.000ns period=10.000ns})
  Destination:            u_wb/defaultClockArea_cpu/IntIssueQueuePlugin_queue_5_payload_rRegs_0_valid_reg/D
                            (rising edge-triggered cell FDRE clocked by aclk  {rise@0.000ns fall@5.000ns period=10.000ns})
  Path Group:             aclk
  Path Type:              Setup (Max at Slow Process Corner)
  Requirement:            10.000ns  (aclk rise@10.000ns - aclk rise@0.000ns)
  Data Path Delay:        9.542ns  (logic 3.242ns (33.976%)  route 6.300ns (66.024%))
  Logic Levels:           20  (CARRY4=6 LUT3=2 LUT4=4 LUT5=5 LUT6=3)
  Clock Path Skew:        -0.145ns (DCD - SCD + CPR)
    Destination Clock Delay (DCD):    1.881ns = ( 11.881 - 10.000 ) 
    Source Clock Delay      (SCD):    2.193ns
    Clock Pessimism Removal (CPR):    0.167ns
  Clock Uncertainty:      0.035ns  ((TSJ^2 + TIJ^2)^1/2 + DJ) / 2 + PE
    Total System Jitter     (TSJ):    0.071ns
    Total Input Jitter      (TIJ):    0.000ns
    Discrete Jitter          (DJ):    0.000ns
    Phase Error              (PE):    0.000ns

    Location             Delay type                Incr(ns)  Path(ns)    Netlist Resource(s)
  -------------------------------------------------------------------    -------------------
                         (clock aclk rise edge)       0.000     0.000 r  
                                                      0.000     0.000 r  aclk (IN)
                         net (fo=0)                   0.000     0.000    aclk
                         IBUF (Prop_ibuf_I_O)         0.882     0.882 r  aclk_IBUF_inst/O
                         net (fo=1, unplaced)         0.646     1.528    aclk_IBUF
                         BUFG (Prop_bufg_I_O)         0.081     1.609 r  aclk_IBUF_BUFG_inst/O
                         net (fo=17739, unplaced)     0.584     2.193    u_wb/defaultClockArea_cpu/aclk_IBUF_BUFG
                         FDRE                                         r  u_wb/defaultClockArea_cpu/MULDIV_RRD_to_MULDIV_EXE_ISSUE_SLOT_uop_signed_reg/C
  -------------------------------------------------------------------    -------------------
                         FDRE (Prop_fdre_C_Q)         0.379     2.572 r  u_wb/defaultClockArea_cpu/MULDIV_RRD_to_MULDIV_EXE_ISSUE_SLOT_uop_signed_reg/Q
                         net (fo=64, unplaced)        0.687     3.259    u_wb/defaultClockArea_cpu/unsignedDivider_2/MULDIV_RRD_to_MULDIV_EXE_ISSUE_SLOT_uop_signed
                         LUT3 (Prop_lut3_I0_O)        0.232     3.491 r  u_wb/defaultClockArea_cpu/unsignedDivider_2/MULDIV_EXE_MulDivExecutePlugin_multiplier_i_48/O
                         net (fo=1, unplaced)         0.000     3.491    u_wb/defaultClockArea_cpu/unsignedDivider_2/_zz_MULDIV_EXE_MulDivExecutePlugin_absRj[1]
                         CARRY4 (Prop_carry4_S[1]_CO[3])
                                                      0.444     3.935 r  u_wb/defaultClockArea_cpu/unsignedDivider_2/MULDIV_EXE_MulDivExecutePlugin_multiplier_i_8/CO[3]
                         net (fo=1, unplaced)         0.008     3.943    u_wb/defaultClockArea_cpu/unsignedDivider_2/MULDIV_EXE_MulDivExecutePlugin_multiplier_i_8_n_0
                         CARRY4 (Prop_carry4_CI_CO[3])
                                                      0.100     4.043 r  u_wb/defaultClockArea_cpu/unsignedDivider_2/MULDIV_EXE_MulDivExecutePlugin_multiplier_i_7/CO[3]
                         net (fo=1, unplaced)         0.000     4.043    u_wb/defaultClockArea_cpu/unsignedDivider_2/MULDIV_EXE_MulDivExecutePlugin_multiplier_i_7_n_0
                         CARRY4 (Prop_carry4_CI_CO[3])
                                                      0.100     4.143 r  u_wb/defaultClockArea_cpu/unsignedDivider_2/MULDIV_EXE_MulDivExecutePlugin_multiplier_i_6/CO[3]
                         net (fo=1, unplaced)         0.000     4.143    u_wb/defaultClockArea_cpu/unsignedDivider_2/MULDIV_EXE_MulDivExecutePlugin_multiplier_i_6_n_0
                         CARRY4 (Prop_carry4_CI_CO[3])
                                                      0.100     4.243 r  u_wb/defaultClockArea_cpu/unsignedDivider_2/MULDIV_EXE_MulDivExecutePlugin_multiplier_i_5/CO[3]
                         net (fo=1, unplaced)         0.000     4.243    u_wb/defaultClockArea_cpu/unsignedDivider_2/MULDIV_EXE_MulDivExecutePlugin_multiplier_i_5_n_0
                         CARRY4 (Prop_carry4_CI_CO[3])
                                                      0.100     4.343 r  u_wb/defaultClockArea_cpu/unsignedDivider_2/MULDIV_EXE_MulDivExecutePlugin_multiplier_i_4/CO[3]
                         net (fo=1, unplaced)         0.000     4.343    u_wb/defaultClockArea_cpu/unsignedDivider_2/MULDIV_EXE_MulDivExecutePlugin_multiplier_i_4_n_0
                         CARRY4 (Prop_carry4_CI_O[3])
                                                      0.277     4.620 f  u_wb/defaultClockArea_cpu/unsignedDivider_2/MULDIV_EXE_MulDivExecutePlugin_multiplier_i_3/O[3]
                         net (fo=3, unplaced)         0.668     5.288    u_wb/defaultClockArea_cpu/unsignedDivider_2/A[23]
                         LUT4 (Prop_lut4_I0_O)        0.250     5.538 r  u_wb/defaultClockArea_cpu/unsignedDivider_2/done_i_11/O
                         net (fo=1, unplaced)         0.347     5.885    u_wb/defaultClockArea_cpu/unsignedDivider_2/done_i_11_n_0
                         LUT5 (Prop_lut5_I4_O)        0.105     5.990 r  u_wb/defaultClockArea_cpu/unsignedDivider_2/done_i_7/O
                         net (fo=1, unplaced)         0.582     6.572    u_wb/defaultClockArea_cpu/unsignedDivider_2/done_i_7_n_0
                         LUT4 (Prop_lut4_I3_O)        0.105     6.677 r  u_wb/defaultClockArea_cpu/unsignedDivider_2/done_i_2/O
                         net (fo=66, unplaced)        0.436     7.113    u_wb/defaultClockArea_cpu/unsignedDivider_2/p_8715_in
                         LUT5 (Prop_lut5_I2_O)        0.105     7.218 f  u_wb/defaultClockArea_cpu/unsignedDivider_2/MulDivIssueQueuePlugin_queue_0_payload_robIdx[4]_i_4/O
                         net (fo=10, unplaced)        0.390     7.608    u_wb/defaultClockArea_cpu/unsignedDivider_2/MULDIV_EXE_arbitration_isStuck
                         LUT4 (Prop_lut4_I3_O)        0.105     7.713 r  u_wb/defaultClockArea_cpu/unsignedDivider_2/MemIssueQueuePlugin_queue_4_payload_rRegs_0_valid_i_14/O
                         net (fo=23, unplaced)        0.410     8.123    u_wb/defaultClockArea_cpu/unsignedDivider_2/MULDIV_EXE_MulDivExecutePlugin_wakeupCycle
                         LUT5 (Prop_lut5_I3_O)        0.105     8.228 f  u_wb/defaultClockArea_cpu/unsignedDivider_2/MemIssueQueuePlugin_queue_3_payload_rRegs_0_valid_i_50/O
                         net (fo=1, unplaced)         0.347     8.575    u_wb/defaultClockArea_cpu/unsignedDivider_2/MemIssueQueuePlugin_queue_3_payload_rRegs_0_valid_i_50_n_0
                         LUT6 (Prop_lut6_I5_O)        0.105     8.680 r  u_wb/defaultClockArea_cpu/unsignedDivider_2/MemIssueQueuePlugin_queue_3_payload_rRegs_0_valid_i_25/O
                         net (fo=1, unplaced)         0.347     9.027    u_wb/defaultClockArea_cpu/unsignedDivider_2/MemIssueQueuePlugin_queue_3_payload_rRegs_0_valid_i_25_n_0
                         LUT6 (Prop_lut6_I5_O)        0.105     9.132 r  u_wb/defaultClockArea_cpu/unsignedDivider_2/MemIssueQueuePlugin_queue_3_payload_rRegs_0_valid_i_12/O
                         net (fo=1, unplaced)         0.347     9.479    u_wb/defaultClockArea_cpu/unsignedDivider_2/MemIssueQueuePlugin_queue_3_payload_rRegs_0_valid_i_12_n_0
                         LUT5 (Prop_lut5_I3_O)        0.105     9.584 f  u_wb/defaultClockArea_cpu/unsignedDivider_2/MemIssueQueuePlugin_queue_3_payload_rRegs_0_valid_i_5/O
                         net (fo=14, unplaced)        0.633    10.217    u_wb/defaultClockArea_cpu/unsignedDivider_2/MemIssueQueuePlugin_queue_3_payload_rRegs_0_valid_i_5_n_0
                         LUT5 (Prop_lut5_I0_O)        0.105    10.322 r  u_wb/defaultClockArea_cpu/unsignedDivider_2/IntIssueQueuePlugin_queue_6_payload_rRegs_0_valid_i_8/O
                         net (fo=5, unplaced)         0.375    10.697    u_wb/defaultClockArea_cpu/unsignedDivider_2/IntIssueQueuePlugin_queue_6_payload_rRegs_0_valid_i_8_n_0
                         LUT3 (Prop_lut3_I2_O)        0.105    10.802 f  u_wb/defaultClockArea_cpu/unsignedDivider_2/IntIssueQueuePlugin_queue_2_payload_rRegs_0_valid_i_4/O
                         net (fo=2, unplaced)         0.358    11.160    u_wb/defaultClockArea_cpu/unsignedDivider_2/IntIssueQueuePlugin_queue_2_payload_rRegs_0_valid_i_4_n_0
                         LUT6 (Prop_lut6_I2_O)        0.105    11.265 f  u_wb/defaultClockArea_cpu/unsignedDivider_2/IntIssueQueuePlugin_queue_2_payload_rRegs_0_valid_i_3/O
                         net (fo=3, unplaced)         0.365    11.630    u_wb/defaultClockArea_cpu/unsignedDivider_2/IntIssueQueuePlugin_queue_2_payload_rRegs_0_valid_i_3_n_0
                         LUT4 (Prop_lut4_I3_O)        0.105    11.735 r  u_wb/defaultClockArea_cpu/unsignedDivider_2/IntIssueQueuePlugin_queue_5_payload_rRegs_0_valid_i_1/O
                         net (fo=1, unplaced)         0.000    11.735    u_wb/defaultClockArea_cpu/unsignedDivider_2_n_2
                         FDRE                                         r  u_wb/defaultClockArea_cpu/IntIssueQueuePlugin_queue_5_payload_rRegs_0_valid_reg/D
  -------------------------------------------------------------------    -------------------

                         (clock aclk rise edge)      10.000    10.000 r  
                                                      0.000    10.000 r  aclk (IN)
                         net (fo=0)                   0.000    10.000    aclk
                         IBUF (Prop_ibuf_I_O)         0.751    10.751 r  aclk_IBUF_inst/O
                         net (fo=1, unplaced)         0.613    11.365    aclk_IBUF
                         BUFG (Prop_bufg_I_O)         0.077    11.442 r  aclk_IBUF_BUFG_inst/O
                         net (fo=17739, unplaced)     0.439    11.881    u_wb/defaultClockArea_cpu/aclk_IBUF_BUFG
                         FDRE                                         r  u_wb/defaultClockArea_cpu/IntIssueQueuePlugin_queue_5_payload_rRegs_0_valid_reg/C
                         clock pessimism              0.167    12.048    
                         clock uncertainty           -0.035    12.012    
                         FDRE (Setup_fdre_C_D)        0.029    12.041    u_wb/defaultClockArea_cpu/IntIssueQueuePlugin_queue_5_payload_rRegs_0_valid_reg
  -------------------------------------------------------------------
                         required time                         12.041    
                         arrival time                         -11.735    
  -------------------------------------------------------------------
                         slack                                  0.307    

Slack (MET) :             0.466ns  (required time - arrival time)
  Source:                 u_wb/defaultClockArea_cpu/MULDIV_RRD_to_MULDIV_EXE_ISSUE_SLOT_uop_signed_reg/C
                            (rising edge-triggered cell FDRE clocked by aclk  {rise@0.000ns fall@5.000ns period=10.000ns})
  Destination:            u_wb/defaultClockArea_cpu/IntIssueQueuePlugin_queue_4_payload_rRegs_1_valid_reg/D
                            (rising edge-triggered cell FDRE clocked by aclk  {rise@0.000ns fall@5.000ns period=10.000ns})
  Path Group:             aclk
  Path Type:              Setup (Max at Slow Process Corner)
  Requirement:            10.000ns  (aclk rise@10.000ns - aclk rise@0.000ns)
  Data Path Delay:        9.383ns  (logic 3.137ns (33.433%)  route 6.246ns (66.567%))
  Logic Levels:           19  (CARRY4=6 LUT3=3 LUT4=3 LUT5=4 LUT6=3)
  Clock Path Skew:        -0.145ns (DCD - SCD + CPR)
    Destination Clock Delay (DCD):    1.881ns = ( 11.881 - 10.000 ) 
    Source Clock Delay      (SCD):    2.193ns
    Clock Pessimism Removal (CPR):    0.167ns
  Clock Uncertainty:      0.035ns  ((TSJ^2 + TIJ^2)^1/2 + DJ) / 2 + PE
    Total System Jitter     (TSJ):    0.071ns
    Total Input Jitter      (TIJ):    0.000ns
    Discrete Jitter          (DJ):    0.000ns
    Phase Error              (PE):    0.000ns

    Location             Delay type                Incr(ns)  Path(ns)    Netlist Resource(s)
  -------------------------------------------------------------------    -------------------
                         (clock aclk rise edge)       0.000     0.000 r  
                                                      0.000     0.000 r  aclk (IN)
                         net (fo=0)                   0.000     0.000    aclk
                         IBUF (Prop_ibuf_I_O)         0.882     0.882 r  aclk_IBUF_inst/O
                         net (fo=1, unplaced)         0.646     1.528    aclk_IBUF
                         BUFG (Prop_bufg_I_O)         0.081     1.609 r  aclk_IBUF_BUFG_inst/O
                         net (fo=17739, unplaced)     0.584     2.193    u_wb/defaultClockArea_cpu/aclk_IBUF_BUFG
                         FDRE                                         r  u_wb/defaultClockArea_cpu/MULDIV_RRD_to_MULDIV_EXE_ISSUE_SLOT_uop_signed_reg/C
  -------------------------------------------------------------------    -------------------
                         FDRE (Prop_fdre_C_Q)         0.379     2.572 r  u_wb/defaultClockArea_cpu/MULDIV_RRD_to_MULDIV_EXE_ISSUE_SLOT_uop_signed_reg/Q
                         net (fo=64, unplaced)        0.687     3.259    u_wb/defaultClockArea_cpu/unsignedDivider_2/MULDIV_RRD_to_MULDIV_EXE_ISSUE_SLOT_uop_signed
                         LUT3 (Prop_lut3_I0_O)        0.232     3.491 r  u_wb/defaultClockArea_cpu/unsignedDivider_2/MULDIV_EXE_MulDivExecutePlugin_multiplier_i_48/O
                         net (fo=1, unplaced)         0.000     3.491    u_wb/defaultClockArea_cpu/unsignedDivider_2/_zz_MULDIV_EXE_MulDivExecutePlugin_absRj[1]
                         CARRY4 (Prop_carry4_S[1]_CO[3])
                                                      0.444     3.935 r  u_wb/defaultClockArea_cpu/unsignedDivider_2/MULDIV_EXE_MulDivExecutePlugin_multiplier_i_8/CO[3]
                         net (fo=1, unplaced)         0.008     3.943    u_wb/defaultClockArea_cpu/unsignedDivider_2/MULDIV_EXE_MulDivExecutePlugin_multiplier_i_8_n_0
                         CARRY4 (Prop_carry4_CI_CO[3])
                                                      0.100     4.043 r  u_wb/defaultClockArea_cpu/unsignedDivider_2/MULDIV_EXE_MulDivExecutePlugin_multiplier_i_7/CO[3]
                         net (fo=1, unplaced)         0.000     4.043    u_wb/defaultClockArea_cpu/unsignedDivider_2/MULDIV_EXE_MulDivExecutePlugin_multiplier_i_7_n_0
                         CARRY4 (Prop_carry4_CI_CO[3])
                                                      0.100     4.143 r  u_wb/defaultClockArea_cpu/unsignedDivider_2/MULDIV_EXE_MulDivExecutePlugin_multiplier_i_6/CO[3]
                         net (fo=1, unplaced)         0.000     4.143    u_wb/defaultClockArea_cpu/unsignedDivider_2/MULDIV_EXE_MulDivExecutePlugin_multiplier_i_6_n_0
                         CARRY4 (Prop_carry4_CI_CO[3])
                                                      0.100     4.243 r  u_wb/defaultClockArea_cpu/unsignedDivider_2/MULDIV_EXE_MulDivExecutePlugin_multiplier_i_5/CO[3]
                         net (fo=1, unplaced)         0.000     4.243    u_wb/defaultClockArea_cpu/unsignedDivider_2/MULDIV_EXE_MulDivExecutePlugin_multiplier_i_5_n_0
                         CARRY4 (Prop_carry4_CI_CO[3])
                                                      0.100     4.343 r  u_wb/defaultClockArea_cpu/unsignedDivider_2/MULDIV_EXE_MulDivExecutePlugin_multiplier_i_4/CO[3]
                         net (fo=1, unplaced)         0.000     4.343    u_wb/defaultClockArea_cpu/unsignedDivider_2/MULDIV_EXE_MulDivExecutePlugin_multiplier_i_4_n_0
                         CARRY4 (Prop_carry4_CI_O[3])
                                                      0.277     4.620 f  u_wb/defaultClockArea_cpu/unsignedDivider_2/MULDIV_EXE_MulDivExecutePlugin_multiplier_i_3/O[3]
                         net (fo=3, unplaced)         0.668     5.288    u_wb/defaultClockArea_cpu/unsignedDivider_2/A[23]
                         LUT4 (Prop_lut4_I0_O)        0.250     5.538 r  u_wb/defaultClockArea_cpu/unsignedDivider_2/done_i_11/O
                         net (fo=1, unplaced)         0.347     5.885    u_wb/defaultClockArea_cpu/unsignedDivider_2/done_i_11_n_0
                         LUT5 (Prop_lut5_I4_O)        0.105     5.990 r  u_wb/defaultClockArea_cpu/unsignedDivider_2/done_i_7/O
                         net (fo=1, unplaced)         0.582     6.572    u_wb/defaultClockArea_cpu/unsignedDivider_2/done_i_7_n_0
                         LUT4 (Prop_lut4_I3_O)        0.105     6.677 r  u_wb/defaultClockArea_cpu/unsignedDivider_2/done_i_2/O
                         net (fo=66, unplaced)        0.436     7.113    u_wb/defaultClockArea_cpu/unsignedDivider_2/p_8715_in
                         LUT5 (Prop_lut5_I2_O)        0.105     7.218 f  u_wb/defaultClockArea_cpu/unsignedDivider_2/MulDivIssueQueuePlugin_queue_0_payload_robIdx[4]_i_4/O
                         net (fo=10, unplaced)        0.390     7.608    u_wb/defaultClockArea_cpu/unsignedDivider_2/MULDIV_EXE_arbitration_isStuck
                         LUT4 (Prop_lut4_I3_O)        0.105     7.713 r  u_wb/defaultClockArea_cpu/unsignedDivider_2/MemIssueQueuePlugin_queue_4_payload_rRegs_0_valid_i_14/O
                         net (fo=23, unplaced)        0.410     8.123    u_wb/defaultClockArea_cpu/unsignedDivider_2/MULDIV_EXE_MulDivExecutePlugin_wakeupCycle
                         LUT3 (Prop_lut3_I1_O)        0.105     8.228 r  u_wb/defaultClockArea_cpu/unsignedDivider_2/MemIssueQueuePlugin_queue_4_payload_rRegs_0_valid_i_8/O
                         net (fo=24, unplaced)        0.411     8.639    u_wb/defaultClockArea_cpu/unsignedDivider_2/MemIssueQueuePlugin_queue_4_payload_rRegs_0_valid_i_8_n_0
                         LUT5 (Prop_lut5_I4_O)        0.105     8.744 r  u_wb/defaultClockArea_cpu/unsignedDivider_2/MulDivIssueQueuePlugin_queue_2_payload_rRegs_1_valid_i_34/O
                         net (fo=1, unplaced)         0.347     9.091    u_wb/defaultClockArea_cpu/unsignedDivider_2/MulDivIssueQueuePlugin_queue_2_payload_rRegs_1_valid_i_34_n_0
                         LUT6 (Prop_lut6_I0_O)        0.105     9.196 r  u_wb/defaultClockArea_cpu/unsignedDivider_2/MulDivIssueQueuePlugin_queue_2_payload_rRegs_1_valid_i_21/O
                         net (fo=2, unplaced)         0.358     9.554    u_wb/defaultClockArea_cpu/unsignedDivider_2/MulDivIssueQueuePlugin_queue_2_payload_rRegs_1_valid_i_21_n_0
                         LUT6 (Prop_lut6_I3_O)        0.105     9.659 r  u_wb/defaultClockArea_cpu/unsignedDivider_2/IntIssueQueuePlugin_queue_6_payload_rRegs_1_valid_i_6/O
                         net (fo=7, unplaced)         0.382    10.041    u_wb/defaultClockArea_cpu/unsignedDivider_2/IntIssueQueuePlugin_queue_6_payload_rRegs_1_valid_i_6_n_0
                         LUT3 (Prop_lut3_I2_O)        0.105    10.146 r  u_wb/defaultClockArea_cpu/unsignedDivider_2/IntIssueQueuePlugin_queue_6_payload_rRegs_1_valid_i_2/O
                         net (fo=6, unplaced)         0.614    10.760    u_wb/defaultClockArea_cpu/unsignedDivider_2/IntIssueQueuePlugin_queue_6_payload_rRegs_1_valid_i_2_n_0
                         LUT6 (Prop_lut6_I0_O)        0.105    10.865 r  u_wb/defaultClockArea_cpu/unsignedDivider_2/IntIssueQueuePlugin_queue_4_payload_rRegs_1_valid_i_2/O
                         net (fo=4, unplaced)         0.606    11.471    u_wb/defaultClockArea_cpu/unsignedDivider_2/IntIssueQueuePlugin_queue_4_payload_rRegs_1_valid_i_2_n_0
                         LUT5 (Prop_lut5_I2_O)        0.105    11.576 r  u_wb/defaultClockArea_cpu/unsignedDivider_2/IntIssueQueuePlugin_queue_4_payload_rRegs_1_valid_i_1/O
                         net (fo=1, unplaced)         0.000    11.576    u_wb/defaultClockArea_cpu/unsignedDivider_2_n_179
                         FDRE                                         r  u_wb/defaultClockArea_cpu/IntIssueQueuePlugin_queue_4_payload_rRegs_1_valid_reg/D
  -------------------------------------------------------------------    -------------------

                         (clock aclk rise edge)      10.000    10.000 r  
                                                      0.000    10.000 r  aclk (IN)
                         net (fo=0)                   0.000    10.000    aclk
                         IBUF (Prop_ibuf_I_O)         0.751    10.751 r  aclk_IBUF_inst/O
                         net (fo=1, unplaced)         0.613    11.365    aclk_IBUF
                         BUFG (Prop_bufg_I_O)         0.077    11.442 r  aclk_IBUF_BUFG_inst/O
                         net (fo=17739, unplaced)     0.439    11.881    u_wb/defaultClockArea_cpu/aclk_IBUF_BUFG
                         FDRE                                         r  u_wb/defaultClockArea_cpu/IntIssueQueuePlugin_queue_4_payload_rRegs_1_valid_reg/C
                         clock pessimism              0.167    12.048    
                         clock uncertainty           -0.035    12.012    
                         FDRE (Setup_fdre_C_D)        0.029    12.041    u_wb/defaultClockArea_cpu/IntIssueQueuePlugin_queue_4_payload_rRegs_1_valid_reg
  -------------------------------------------------------------------
                         required time                         12.041    
                         arrival time                         -11.576    
  -------------------------------------------------------------------
                         slack                                  0.466    

Slack (MET) :             0.481ns  (required time - arrival time)
  Source:                 u_wb/defaultClockArea_cpu/MULDIV_RRD_to_MULDIV_EXE_ISSUE_SLOT_uop_signed_reg/C
                            (rising edge-triggered cell FDRE clocked by aclk  {rise@0.000ns fall@5.000ns period=10.000ns})
  Destination:            u_wb/defaultClockArea_cpu/IntIssueQueuePlugin_queue_5_payload_rRegs_1_valid_reg/D
                            (rising edge-triggered cell FDRE clocked by aclk  {rise@0.000ns fall@5.000ns period=10.000ns})
  Path Group:             aclk
  Path Type:              Setup (Max at Slow Process Corner)
  Requirement:            10.000ns  (aclk rise@10.000ns - aclk rise@0.000ns)
  Data Path Delay:        9.368ns  (logic 3.242ns (34.607%)  route 6.126ns (65.393%))
  Logic Levels:           20  (CARRY4=6 LUT2=1 LUT3=2 LUT4=4 LUT5=4 LUT6=3)
  Clock Path Skew:        -0.145ns (DCD - SCD + CPR)
    Destination Clock Delay (DCD):    1.881ns = ( 11.881 - 10.000 ) 
    Source Clock Delay      (SCD):    2.193ns
    Clock Pessimism Removal (CPR):    0.167ns
  Clock Uncertainty:      0.035ns  ((TSJ^2 + TIJ^2)^1/2 + DJ) / 2 + PE
    Total System Jitter     (TSJ):    0.071ns
    Total Input Jitter      (TIJ):    0.000ns
    Discrete Jitter          (DJ):    0.000ns
    Phase Error              (PE):    0.000ns

    Location             Delay type                Incr(ns)  Path(ns)    Netlist Resource(s)
  -------------------------------------------------------------------    -------------------
                         (clock aclk rise edge)       0.000     0.000 r  
                                                      0.000     0.000 r  aclk (IN)
                         net (fo=0)                   0.000     0.000    aclk
                         IBUF (Prop_ibuf_I_O)         0.882     0.882 r  aclk_IBUF_inst/O
                         net (fo=1, unplaced)         0.646     1.528    aclk_IBUF
                         BUFG (Prop_bufg_I_O)         0.081     1.609 r  aclk_IBUF_BUFG_inst/O
                         net (fo=17739, unplaced)     0.584     2.193    u_wb/defaultClockArea_cpu/aclk_IBUF_BUFG
                         FDRE                                         r  u_wb/defaultClockArea_cpu/MULDIV_RRD_to_MULDIV_EXE_ISSUE_SLOT_uop_signed_reg/C
  -------------------------------------------------------------------    -------------------
                         FDRE (Prop_fdre_C_Q)         0.379     2.572 r  u_wb/defaultClockArea_cpu/MULDIV_RRD_to_MULDIV_EXE_ISSUE_SLOT_uop_signed_reg/Q
                         net (fo=64, unplaced)        0.687     3.259    u_wb/defaultClockArea_cpu/unsignedDivider_2/MULDIV_RRD_to_MULDIV_EXE_ISSUE_SLOT_uop_signed
                         LUT3 (Prop_lut3_I0_O)        0.232     3.491 r  u_wb/defaultClockArea_cpu/unsignedDivider_2/MULDIV_EXE_MulDivExecutePlugin_multiplier_i_48/O
                         net (fo=1, unplaced)         0.000     3.491    u_wb/defaultClockArea_cpu/unsignedDivider_2/_zz_MULDIV_EXE_MulDivExecutePlugin_absRj[1]
                         CARRY4 (Prop_carry4_S[1]_CO[3])
                                                      0.444     3.935 r  u_wb/defaultClockArea_cpu/unsignedDivider_2/MULDIV_EXE_MulDivExecutePlugin_multiplier_i_8/CO[3]
                         net (fo=1, unplaced)         0.008     3.943    u_wb/defaultClockArea_cpu/unsignedDivider_2/MULDIV_EXE_MulDivExecutePlugin_multiplier_i_8_n_0
                         CARRY4 (Prop_carry4_CI_CO[3])
                                                      0.100     4.043 r  u_wb/defaultClockArea_cpu/unsignedDivider_2/MULDIV_EXE_MulDivExecutePlugin_multiplier_i_7/CO[3]
                         net (fo=1, unplaced)         0.000     4.043    u_wb/defaultClockArea_cpu/unsignedDivider_2/MULDIV_EXE_MulDivExecutePlugin_multiplier_i_7_n_0
                         CARRY4 (Prop_carry4_CI_CO[3])
                                                      0.100     4.143 r  u_wb/defaultClockArea_cpu/unsignedDivider_2/MULDIV_EXE_MulDivExecutePlugin_multiplier_i_6/CO[3]
                         net (fo=1, unplaced)         0.000     4.143    u_wb/defaultClockArea_cpu/unsignedDivider_2/MULDIV_EXE_MulDivExecutePlugin_multiplier_i_6_n_0
                         CARRY4 (Prop_carry4_CI_CO[3])
                                                      0.100     4.243 r  u_wb/defaultClockArea_cpu/unsignedDivider_2/MULDIV_EXE_MulDivExecutePlugin_multiplier_i_5/CO[3]
                         net (fo=1, unplaced)         0.000     4.243    u_wb/defaultClockArea_cpu/unsignedDivider_2/MULDIV_EXE_MulDivExecutePlugin_multiplier_i_5_n_0
                         CARRY4 (Prop_carry4_CI_CO[3])
                                                      0.100     4.343 r  u_wb/defaultClockArea_cpu/unsignedDivider_2/MULDIV_EXE_MulDivExecutePlugin_multiplier_i_4/CO[3]
                         net (fo=1, unplaced)         0.000     4.343    u_wb/defaultClockArea_cpu/unsignedDivider_2/MULDIV_EXE_MulDivExecutePlugin_multiplier_i_4_n_0
                         CARRY4 (Prop_carry4_CI_O[3])
                                                      0.277     4.620 f  u_wb/defaultClockArea_cpu/unsignedDivider_2/MULDIV_EXE_MulDivExecutePlugin_multiplier_i_3/O[3]
                         net (fo=3, unplaced)         0.668     5.288    u_wb/defaultClockArea_cpu/unsignedDivider_2/A[23]
                         LUT4 (Prop_lut4_I0_O)        0.250     5.538 r  u_wb/defaultClockArea_cpu/unsignedDivider_2/done_i_11/O
                         net (fo=1, unplaced)         0.347     5.885    u_wb/defaultClockArea_cpu/unsignedDivider_2/done_i_11_n_0
                         LUT5 (Prop_lut5_I4_O)        0.105     5.990 r  u_wb/defaultClockArea_cpu/unsignedDivider_2/done_i_7/O
                         net (fo=1, unplaced)         0.582     6.572    u_wb/defaultClockArea_cpu/unsignedDivider_2/done_i_7_n_0
                         LUT4 (Prop_lut4_I3_O)        0.105     6.677 r  u_wb/defaultClockArea_cpu/unsignedDivider_2/done_i_2/O
                         net (fo=66, unplaced)        0.436     7.113    u_wb/defaultClockArea_cpu/unsignedDivider_2/p_8715_in
                         LUT5 (Prop_lut5_I2_O)        0.105     7.218 f  u_wb/defaultClockArea_cpu/unsignedDivider_2/MulDivIssueQueuePlugin_queue_0_payload_robIdx[4]_i_4/O
                         net (fo=10, unplaced)        0.390     7.608    u_wb/defaultClockArea_cpu/unsignedDivider_2/MULDIV_EXE_arbitration_isStuck
                         LUT4 (Prop_lut4_I3_O)        0.105     7.713 r  u_wb/defaultClockArea_cpu/unsignedDivider_2/MemIssueQueuePlugin_queue_4_payload_rRegs_0_valid_i_14/O
                         net (fo=23, unplaced)        0.410     8.123    u_wb/defaultClockArea_cpu/unsignedDivider_2/MULDIV_EXE_MulDivExecutePlugin_wakeupCycle
                         LUT3 (Prop_lut3_I1_O)        0.105     8.228 r  u_wb/defaultClockArea_cpu/unsignedDivider_2/MemIssueQueuePlugin_queue_4_payload_rRegs_0_valid_i_8/O
                         net (fo=24, unplaced)        0.411     8.639    u_wb/defaultClockArea_cpu/unsignedDivider_2/MemIssueQueuePlugin_queue_4_payload_rRegs_0_valid_i_8_n_0
                         LUT5 (Prop_lut5_I4_O)        0.105     8.744 r  u_wb/defaultClockArea_cpu/unsignedDivider_2/MulDivIssueQueuePlugin_queue_2_payload_rRegs_1_valid_i_34/O
                         net (fo=1, unplaced)         0.347     9.091    u_wb/defaultClockArea_cpu/unsignedDivider_2/MulDivIssueQueuePlugin_queue_2_payload_rRegs_1_valid_i_34_n_0
                         LUT6 (Prop_lut6_I0_O)        0.105     9.196 r  u_wb/defaultClockArea_cpu/unsignedDivider_2/MulDivIssueQueuePlugin_queue_2_payload_rRegs_1_valid_i_21/O
                         net (fo=2, unplaced)         0.358     9.554    u_wb/defaultClockArea_cpu/unsignedDivider_2/MulDivIssueQueuePlugin_queue_2_payload_rRegs_1_valid_i_21_n_0
                         LUT6 (Prop_lut6_I3_O)        0.105     9.659 r  u_wb/defaultClockArea_cpu/unsignedDivider_2/IntIssueQueuePlugin_queue_6_payload_rRegs_1_valid_i_6/O
                         net (fo=7, unplaced)         0.382    10.041    u_wb/defaultClockArea_cpu/unsignedDivider_2/IntIssueQueuePlugin_queue_6_payload_rRegs_1_valid_i_6_n_0
                         LUT5 (Prop_lut5_I4_O)        0.105    10.146 r  u_wb/defaultClockArea_cpu/unsignedDivider_2/IntIssueQueuePlugin_queue_1_payload_rRegs_1_valid_i_8/O
                         net (fo=7, unplaced)         0.382    10.528    u_wb/defaultClockArea_cpu/unsignedDivider_2/IntIssueQueuePlugin_queue_1_payload_rRegs_1_valid_i_8_n_0
                         LUT2 (Prop_lut2_I0_O)        0.105    10.633 r  u_wb/defaultClockArea_cpu/unsignedDivider_2/IntIssueQueuePlugin_queue_6_payload_rRegs_1_valid_i_3/O
                         net (fo=1, unplaced)         0.347    10.980    u_wb/defaultClockArea_cpu/unsignedDivider_2/IntIssueQueuePlugin_queue_6_payload_rRegs_1_valid_i_3_n_0
                         LUT6 (Prop_lut6_I2_O)        0.105    11.085 r  u_wb/defaultClockArea_cpu/unsignedDivider_2/IntIssueQueuePlugin_queue_6_payload_rRegs_1_valid_i_1/O
                         net (fo=4, unplaced)         0.371    11.456    u_wb/defaultClockArea_cpu/unsignedDivider_2/RENAME_to_DISPATCH_PUSH_INDEXES_2_payload_reg[1]
                         LUT4 (Prop_lut4_I2_O)        0.105    11.561 r  u_wb/defaultClockArea_cpu/unsignedDivider_2/IntIssueQueuePlugin_queue_5_payload_rRegs_1_valid_i_1/O
                         net (fo=1, unplaced)         0.000    11.561    u_wb/defaultClockArea_cpu/unsignedDivider_2_n_0
                         FDRE                                         r  u_wb/defaultClockArea_cpu/IntIssueQueuePlugin_queue_5_payload_rRegs_1_valid_reg/D
  -------------------------------------------------------------------    -------------------

                         (clock aclk rise edge)      10.000    10.000 r  
                                                      0.000    10.000 r  aclk (IN)
                         net (fo=0)                   0.000    10.000    aclk
                         IBUF (Prop_ibuf_I_O)         0.751    10.751 r  aclk_IBUF_inst/O
                         net (fo=1, unplaced)         0.613    11.365    aclk_IBUF
                         BUFG (Prop_bufg_I_O)         0.077    11.442 r  aclk_IBUF_BUFG_inst/O
                         net (fo=17739, unplaced)     0.439    11.881    u_wb/defaultClockArea_cpu/aclk_IBUF_BUFG
                         FDRE                                         r  u_wb/defaultClockArea_cpu/IntIssueQueuePlugin_queue_5_payload_rRegs_1_valid_reg/C
                         clock pessimism              0.167    12.048    
                         clock uncertainty           -0.035    12.012    
                         FDRE (Setup_fdre_C_D)        0.029    12.041    u_wb/defaultClockArea_cpu/IntIssueQueuePlugin_queue_5_payload_rRegs_1_valid_reg
  -------------------------------------------------------------------
                         required time                         12.041    
                         arrival time                         -11.561    
  -------------------------------------------------------------------
                         slack                                  0.481    

Slack (MET) :             0.501ns  (required time - arrival time)
  Source:                 u_wb/defaultClockArea_cpu/MULDIV_RRD_to_MULDIV_EXE_ISSUE_SLOT_uop_signed_reg/C
                            (rising edge-triggered cell FDRE clocked by aclk  {rise@0.000ns fall@5.000ns period=10.000ns})
  Destination:            u_wb/defaultClockArea_cpu/MemIssueQueuePlugin_queue_3_payload_rRegs_1_valid_reg/D
                            (rising edge-triggered cell FDRE clocked by aclk  {rise@0.000ns fall@5.000ns period=10.000ns})
  Path Group:             aclk
  Path Type:              Setup (Max at Slow Process Corner)
  Requirement:            10.000ns  (aclk rise@10.000ns - aclk rise@0.000ns)
  Data Path Delay:        9.348ns  (logic 3.242ns (34.681%)  route 6.106ns (65.319%))
  Logic Levels:           20  (CARRY4=6 LUT3=3 LUT4=3 LUT5=4 LUT6=4)
  Clock Path Skew:        -0.145ns (DCD - SCD + CPR)
    Destination Clock Delay (DCD):    1.881ns = ( 11.881 - 10.000 ) 
    Source Clock Delay      (SCD):    2.193ns
    Clock Pessimism Removal (CPR):    0.167ns
  Clock Uncertainty:      0.035ns  ((TSJ^2 + TIJ^2)^1/2 + DJ) / 2 + PE
    Total System Jitter     (TSJ):    0.071ns
    Total Input Jitter      (TIJ):    0.000ns
    Discrete Jitter          (DJ):    0.000ns
    Phase Error              (PE):    0.000ns

    Location             Delay type                Incr(ns)  Path(ns)    Netlist Resource(s)
  -------------------------------------------------------------------    -------------------
                         (clock aclk rise edge)       0.000     0.000 r  
                                                      0.000     0.000 r  aclk (IN)
                         net (fo=0)                   0.000     0.000    aclk
                         IBUF (Prop_ibuf_I_O)         0.882     0.882 r  aclk_IBUF_inst/O
                         net (fo=1, unplaced)         0.646     1.528    aclk_IBUF
                         BUFG (Prop_bufg_I_O)         0.081     1.609 r  aclk_IBUF_BUFG_inst/O
                         net (fo=17739, unplaced)     0.584     2.193    u_wb/defaultClockArea_cpu/aclk_IBUF_BUFG
                         FDRE                                         r  u_wb/defaultClockArea_cpu/MULDIV_RRD_to_MULDIV_EXE_ISSUE_SLOT_uop_signed_reg/C
  -------------------------------------------------------------------    -------------------
                         FDRE (Prop_fdre_C_Q)         0.379     2.572 r  u_wb/defaultClockArea_cpu/MULDIV_RRD_to_MULDIV_EXE_ISSUE_SLOT_uop_signed_reg/Q
                         net (fo=64, unplaced)        0.687     3.259    u_wb/defaultClockArea_cpu/unsignedDivider_2/MULDIV_RRD_to_MULDIV_EXE_ISSUE_SLOT_uop_signed
                         LUT3 (Prop_lut3_I0_O)        0.232     3.491 r  u_wb/defaultClockArea_cpu/unsignedDivider_2/MULDIV_EXE_MulDivExecutePlugin_multiplier_i_48/O
                         net (fo=1, unplaced)         0.000     3.491    u_wb/defaultClockArea_cpu/unsignedDivider_2/_zz_MULDIV_EXE_MulDivExecutePlugin_absRj[1]
                         CARRY4 (Prop_carry4_S[1]_CO[3])
                                                      0.444     3.935 r  u_wb/defaultClockArea_cpu/unsignedDivider_2/MULDIV_EXE_MulDivExecutePlugin_multiplier_i_8/CO[3]
                         net (fo=1, unplaced)         0.008     3.943    u_wb/defaultClockArea_cpu/unsignedDivider_2/MULDIV_EXE_MulDivExecutePlugin_multiplier_i_8_n_0
                         CARRY4 (Prop_carry4_CI_CO[3])
                                                      0.100     4.043 r  u_wb/defaultClockArea_cpu/unsignedDivider_2/MULDIV_EXE_MulDivExecutePlugin_multiplier_i_7/CO[3]
                         net (fo=1, unplaced)         0.000     4.043    u_wb/defaultClockArea_cpu/unsignedDivider_2/MULDIV_EXE_MulDivExecutePlugin_multiplier_i_7_n_0
                         CARRY4 (Prop_carry4_CI_CO[3])
                                                      0.100     4.143 r  u_wb/defaultClockArea_cpu/unsignedDivider_2/MULDIV_EXE_MulDivExecutePlugin_multiplier_i_6/CO[3]
                         net (fo=1, unplaced)         0.000     4.143    u_wb/defaultClockArea_cpu/unsignedDivider_2/MULDIV_EXE_MulDivExecutePlugin_multiplier_i_6_n_0
                         CARRY4 (Prop_carry4_CI_CO[3])
                                                      0.100     4.243 r  u_wb/defaultClockArea_cpu/unsignedDivider_2/MULDIV_EXE_MulDivExecutePlugin_multiplier_i_5/CO[3]
                         net (fo=1, unplaced)         0.000     4.243    u_wb/defaultClockArea_cpu/unsignedDivider_2/MULDIV_EXE_MulDivExecutePlugin_multiplier_i_5_n_0
                         CARRY4 (Prop_carry4_CI_CO[3])
                                                      0.100     4.343 r  u_wb/defaultClockArea_cpu/unsignedDivider_2/MULDIV_EXE_MulDivExecutePlugin_multiplier_i_4/CO[3]
                         net (fo=1, unplaced)         0.000     4.343    u_wb/defaultClockArea_cpu/unsignedDivider_2/MULDIV_EXE_MulDivExecutePlugin_multiplier_i_4_n_0
                         CARRY4 (Prop_carry4_CI_O[3])
                                                      0.277     4.620 f  u_wb/defaultClockArea_cpu/unsignedDivider_2/MULDIV_EXE_MulDivExecutePlugin_multiplier_i_3/O[3]
                         net (fo=3, unplaced)         0.668     5.288    u_wb/defaultClockArea_cpu/unsignedDivider_2/A[23]
                         LUT4 (Prop_lut4_I0_O)        0.250     5.538 r  u_wb/defaultClockArea_cpu/unsignedDivider_2/done_i_11/O
                         net (fo=1, unplaced)         0.347     5.885    u_wb/defaultClockArea_cpu/unsignedDivider_2/done_i_11_n_0
                         LUT5 (Prop_lut5_I4_O)        0.105     5.990 r  u_wb/defaultClockArea_cpu/unsignedDivider_2/done_i_7/O
                         net (fo=1, unplaced)         0.582     6.572    u_wb/defaultClockArea_cpu/unsignedDivider_2/done_i_7_n_0
                         LUT4 (Prop_lut4_I3_O)        0.105     6.677 r  u_wb/defaultClockArea_cpu/unsignedDivider_2/done_i_2/O
                         net (fo=66, unplaced)        0.436     7.113    u_wb/defaultClockArea_cpu/unsignedDivider_2/p_8715_in
                         LUT5 (Prop_lut5_I2_O)        0.105     7.218 f  u_wb/defaultClockArea_cpu/unsignedDivider_2/MulDivIssueQueuePlugin_queue_0_payload_robIdx[4]_i_4/O
                         net (fo=10, unplaced)        0.390     7.608    u_wb/defaultClockArea_cpu/unsignedDivider_2/MULDIV_EXE_arbitration_isStuck
                         LUT4 (Prop_lut4_I3_O)        0.105     7.713 r  u_wb/defaultClockArea_cpu/unsignedDivider_2/MemIssueQueuePlugin_queue_4_payload_rRegs_0_valid_i_14/O
                         net (fo=23, unplaced)        0.410     8.123    u_wb/defaultClockArea_cpu/unsignedDivider_2/MULDIV_EXE_MulDivExecutePlugin_wakeupCycle
                         LUT3 (Prop_lut3_I1_O)        0.105     8.228 r  u_wb/defaultClockArea_cpu/unsignedDivider_2/MemIssueQueuePlugin_queue_4_payload_rRegs_0_valid_i_8/O
                         net (fo=24, unplaced)        0.411     8.639    u_wb/defaultClockArea_cpu/unsignedDivider_2/MemIssueQueuePlugin_queue_4_payload_rRegs_0_valid_i_8_n_0
                         LUT5 (Prop_lut5_I4_O)        0.105     8.744 r  u_wb/defaultClockArea_cpu/unsignedDivider_2/MulDivIssueQueuePlugin_queue_2_payload_rRegs_1_valid_i_34/O
                         net (fo=1, unplaced)         0.347     9.091    u_wb/defaultClockArea_cpu/unsignedDivider_2/MulDivIssueQueuePlugin_queue_2_payload_rRegs_1_valid_i_34_n_0
                         LUT6 (Prop_lut6_I0_O)        0.105     9.196 r  u_wb/defaultClockArea_cpu/unsignedDivider_2/MulDivIssueQueuePlugin_queue_2_payload_rRegs_1_valid_i_21/O
                         net (fo=2, unplaced)         0.358     9.554    u_wb/defaultClockArea_cpu/unsignedDivider_2/MulDivIssueQueuePlugin_queue_2_payload_rRegs_1_valid_i_21_n_0
                         LUT6 (Prop_lut6_I3_O)        0.105     9.659 r  u_wb/defaultClockArea_cpu/unsignedDivider_2/IntIssueQueuePlugin_queue_6_payload_rRegs_1_valid_i_6/O
                         net (fo=7, unplaced)         0.382    10.041    u_wb/defaultClockArea_cpu/unsignedDivider_2/IntIssueQueuePlugin_queue_6_payload_rRegs_1_valid_i_6_n_0
                         LUT5 (Prop_lut5_I4_O)        0.105    10.146 r  u_wb/defaultClockArea_cpu/unsignedDivider_2/MemIssueQueuePlugin_queue_0_payload_rRegs_1_valid_i_2/O
                         net (fo=5, unplaced)         0.375    10.521    u_wb/defaultClockArea_cpu/unsignedDivider_2/MemIssueQueuePlugin_queue_0_payload_rRegs_1_valid_i_2_n_0
                         LUT6 (Prop_lut6_I1_O)        0.105    10.626 r  u_wb/defaultClockArea_cpu/unsignedDivider_2/MemIssueQueuePlugin_queue_4_payload_rRegs_1_valid_i_2/O
                         net (fo=1, unplaced)         0.347    10.973    u_wb/defaultClockArea_cpu/unsignedDivider_2/MemIssueQueuePlugin_queue_4_payload_rRegs_1_valid_i_2_n_0
                         LUT6 (Prop_lut6_I0_O)        0.105    11.078 r  u_wb/defaultClockArea_cpu/unsignedDivider_2/MemIssueQueuePlugin_queue_4_payload_rRegs_1_valid_i_1/O
                         net (fo=2, unplaced)         0.358    11.436    u_wb/defaultClockArea_cpu/unsignedDivider_2/MemIssueQueuePlugin_queue_4_payload_rRegs_1_payload_reg[3]
                         LUT3 (Prop_lut3_I0_O)        0.105    11.541 r  u_wb/defaultClockArea_cpu/unsignedDivider_2/MemIssueQueuePlugin_queue_3_payload_rRegs_1_valid_i_1/O
                         net (fo=1, unplaced)         0.000    11.541    u_wb/defaultClockArea_cpu/unsignedDivider_2_n_187
                         FDRE                                         r  u_wb/defaultClockArea_cpu/MemIssueQueuePlugin_queue_3_payload_rRegs_1_valid_reg/D
  -------------------------------------------------------------------    -------------------

                         (clock aclk rise edge)      10.000    10.000 r  
                                                      0.000    10.000 r  aclk (IN)
                         net (fo=0)                   0.000    10.000    aclk
                         IBUF (Prop_ibuf_I_O)         0.751    10.751 r  aclk_IBUF_inst/O
                         net (fo=1, unplaced)         0.613    11.365    aclk_IBUF
                         BUFG (Prop_bufg_I_O)         0.077    11.442 r  aclk_IBUF_BUFG_inst/O
                         net (fo=17739, unplaced)     0.439    11.881    u_wb/defaultClockArea_cpu/aclk_IBUF_BUFG
                         FDRE                                         r  u_wb/defaultClockArea_cpu/MemIssueQueuePlugin_queue_3_payload_rRegs_1_valid_reg/C
                         clock pessimism              0.167    12.048    
                         clock uncertainty           -0.035    12.012    
                         FDRE (Setup_fdre_C_D)        0.029    12.041    u_wb/defaultClockArea_cpu/MemIssueQueuePlugin_queue_3_payload_rRegs_1_valid_reg
  -------------------------------------------------------------------
                         required time                         12.041    
                         arrival time                         -11.541    
  -------------------------------------------------------------------
                         slack                                  0.501    

Slack (MET) :             0.502ns  (required time - arrival time)
  Source:                 u_wb/defaultClockArea_cpu/MULDIV_RRD_to_MULDIV_EXE_ISSUE_SLOT_uop_signed_reg/C
                            (rising edge-triggered cell FDRE clocked by aclk  {rise@0.000ns fall@5.000ns period=10.000ns})
  Destination:            u_wb/defaultClockArea_cpu/IntIssueQueuePlugin_queue_1_payload_rRegs_1_valid_reg/D
                            (rising edge-triggered cell FDRE clocked by aclk  {rise@0.000ns fall@5.000ns period=10.000ns})
  Path Group:             aclk
  Path Type:              Setup (Max at Slow Process Corner)
  Requirement:            10.000ns  (aclk rise@10.000ns - aclk rise@0.000ns)
  Data Path Delay:        9.347ns  (logic 3.242ns (34.685%)  route 6.105ns (65.315%))
  Logic Levels:           20  (CARRY4=6 LUT3=3 LUT4=3 LUT5=4 LUT6=4)
  Clock Path Skew:        -0.145ns (DCD - SCD + CPR)
    Destination Clock Delay (DCD):    1.881ns = ( 11.881 - 10.000 ) 
    Source Clock Delay      (SCD):    2.193ns
    Clock Pessimism Removal (CPR):    0.167ns
  Clock Uncertainty:      0.035ns  ((TSJ^2 + TIJ^2)^1/2 + DJ) / 2 + PE
    Total System Jitter     (TSJ):    0.071ns
    Total Input Jitter      (TIJ):    0.000ns
    Discrete Jitter          (DJ):    0.000ns
    Phase Error              (PE):    0.000ns

    Location             Delay type                Incr(ns)  Path(ns)    Netlist Resource(s)
  -------------------------------------------------------------------    -------------------
                         (clock aclk rise edge)       0.000     0.000 r  
                                                      0.000     0.000 r  aclk (IN)
                         net (fo=0)                   0.000     0.000    aclk
                         IBUF (Prop_ibuf_I_O)         0.882     0.882 r  aclk_IBUF_inst/O
                         net (fo=1, unplaced)         0.646     1.528    aclk_IBUF
                         BUFG (Prop_bufg_I_O)         0.081     1.609 r  aclk_IBUF_BUFG_inst/O
                         net (fo=17739, unplaced)     0.584     2.193    u_wb/defaultClockArea_cpu/aclk_IBUF_BUFG
                         FDRE                                         r  u_wb/defaultClockArea_cpu/MULDIV_RRD_to_MULDIV_EXE_ISSUE_SLOT_uop_signed_reg/C
  -------------------------------------------------------------------    -------------------
                         FDRE (Prop_fdre_C_Q)         0.379     2.572 r  u_wb/defaultClockArea_cpu/MULDIV_RRD_to_MULDIV_EXE_ISSUE_SLOT_uop_signed_reg/Q
                         net (fo=64, unplaced)        0.687     3.259    u_wb/defaultClockArea_cpu/unsignedDivider_2/MULDIV_RRD_to_MULDIV_EXE_ISSUE_SLOT_uop_signed
                         LUT3 (Prop_lut3_I0_O)        0.232     3.491 r  u_wb/defaultClockArea_cpu/unsignedDivider_2/MULDIV_EXE_MulDivExecutePlugin_multiplier_i_48/O
                         net (fo=1, unplaced)         0.000     3.491    u_wb/defaultClockArea_cpu/unsignedDivider_2/_zz_MULDIV_EXE_MulDivExecutePlugin_absRj[1]
                         CARRY4 (Prop_carry4_S[1]_CO[3])
                                                      0.444     3.935 r  u_wb/defaultClockArea_cpu/unsignedDivider_2/MULDIV_EXE_MulDivExecutePlugin_multiplier_i_8/CO[3]
                         net (fo=1, unplaced)         0.008     3.943    u_wb/defaultClockArea_cpu/unsignedDivider_2/MULDIV_EXE_MulDivExecutePlugin_multiplier_i_8_n_0
                         CARRY4 (Prop_carry4_CI_CO[3])
                                                      0.100     4.043 r  u_wb/defaultClockArea_cpu/unsignedDivider_2/MULDIV_EXE_MulDivExecutePlugin_multiplier_i_7/CO[3]
                         net (fo=1, unplaced)         0.000     4.043    u_wb/defaultClockArea_cpu/unsignedDivider_2/MULDIV_EXE_MulDivExecutePlugin_multiplier_i_7_n_0
                         CARRY4 (Prop_carry4_CI_CO[3])
                                                      0.100     4.143 r  u_wb/defaultClockArea_cpu/unsignedDivider_2/MULDIV_EXE_MulDivExecutePlugin_multiplier_i_6/CO[3]
                         net (fo=1, unplaced)         0.000     4.143    u_wb/defaultClockArea_cpu/unsignedDivider_2/MULDIV_EXE_MulDivExecutePlugin_multiplier_i_6_n_0
                         CARRY4 (Prop_carry4_CI_CO[3])
                                                      0.100     4.243 r  u_wb/defaultClockArea_cpu/unsignedDivider_2/MULDIV_EXE_MulDivExecutePlugin_multiplier_i_5/CO[3]
                         net (fo=1, unplaced)         0.000     4.243    u_wb/defaultClockArea_cpu/unsignedDivider_2/MULDIV_EXE_MulDivExecutePlugin_multiplier_i_5_n_0
                         CARRY4 (Prop_carry4_CI_CO[3])
                                                      0.100     4.343 r  u_wb/defaultClockArea_cpu/unsignedDivider_2/MULDIV_EXE_MulDivExecutePlugin_multiplier_i_4/CO[3]
                         net (fo=1, unplaced)         0.000     4.343    u_wb/defaultClockArea_cpu/unsignedDivider_2/MULDIV_EXE_MulDivExecutePlugin_multiplier_i_4_n_0
                         CARRY4 (Prop_carry4_CI_O[3])
                                                      0.277     4.620 f  u_wb/defaultClockArea_cpu/unsignedDivider_2/MULDIV_EXE_MulDivExecutePlugin_multiplier_i_3/O[3]
                         net (fo=3, unplaced)         0.668     5.288    u_wb/defaultClockArea_cpu/unsignedDivider_2/A[23]
                         LUT4 (Prop_lut4_I0_O)        0.250     5.538 r  u_wb/defaultClockArea_cpu/unsignedDivider_2/done_i_11/O
                         net (fo=1, unplaced)         0.347     5.885    u_wb/defaultClockArea_cpu/unsignedDivider_2/done_i_11_n_0
                         LUT5 (Prop_lut5_I4_O)        0.105     5.990 r  u_wb/defaultClockArea_cpu/unsignedDivider_2/done_i_7/O
                         net (fo=1, unplaced)         0.582     6.572    u_wb/defaultClockArea_cpu/unsignedDivider_2/done_i_7_n_0
                         LUT4 (Prop_lut4_I3_O)        0.105     6.677 r  u_wb/defaultClockArea_cpu/unsignedDivider_2/done_i_2/O
                         net (fo=66, unplaced)        0.436     7.113    u_wb/defaultClockArea_cpu/unsignedDivider_2/p_8715_in
                         LUT5 (Prop_lut5_I2_O)        0.105     7.218 f  u_wb/defaultClockArea_cpu/unsignedDivider_2/MulDivIssueQueuePlugin_queue_0_payload_robIdx[4]_i_4/O
                         net (fo=10, unplaced)        0.390     7.608    u_wb/defaultClockArea_cpu/unsignedDivider_2/MULDIV_EXE_arbitration_isStuck
                         LUT4 (Prop_lut4_I3_O)        0.105     7.713 r  u_wb/defaultClockArea_cpu/unsignedDivider_2/MemIssueQueuePlugin_queue_4_payload_rRegs_0_valid_i_14/O
                         net (fo=23, unplaced)        0.410     8.123    u_wb/defaultClockArea_cpu/unsignedDivider_2/MULDIV_EXE_MulDivExecutePlugin_wakeupCycle
                         LUT3 (Prop_lut3_I1_O)        0.105     8.228 r  u_wb/defaultClockArea_cpu/unsignedDivider_2/MemIssueQueuePlugin_queue_4_payload_rRegs_0_valid_i_8/O
                         net (fo=24, unplaced)        0.411     8.639    u_wb/defaultClockArea_cpu/unsignedDivider_2/MemIssueQueuePlugin_queue_4_payload_rRegs_0_valid_i_8_n_0
                         LUT5 (Prop_lut5_I0_O)        0.105     8.744 r  u_wb/defaultClockArea_cpu/unsignedDivider_2/IntIssueQueuePlugin_queue_6_payload_rRegs_1_valid_i_49/O
                         net (fo=1, unplaced)         0.347     9.091    u_wb/defaultClockArea_cpu/unsignedDivider_2/IntIssueQueuePlugin_queue_6_payload_rRegs_1_valid_i_49_n_0
                         LUT6 (Prop_lut6_I5_O)        0.105     9.196 r  u_wb/defaultClockArea_cpu/unsignedDivider_2/IntIssueQueuePlugin_queue_6_payload_rRegs_1_valid_i_28/O
                         net (fo=1, unplaced)         0.347     9.543    u_wb/defaultClockArea_cpu/unsignedDivider_2/IntIssueQueuePlugin_queue_6_payload_rRegs_1_valid_i_28_n_0
                         LUT6 (Prop_lut6_I3_O)        0.105     9.648 r  u_wb/defaultClockArea_cpu/unsignedDivider_2/IntIssueQueuePlugin_queue_6_payload_rRegs_1_valid_i_12/O
                         net (fo=7, unplaced)         0.382    10.030    u_wb/defaultClockArea_cpu/unsignedDivider_2/IntIssueQueuePlugin_queue_6_payload_rRegs_1_valid_i_12_n_0
                         LUT5 (Prop_lut5_I2_O)        0.105    10.135 f  u_wb/defaultClockArea_cpu/unsignedDivider_2/IntIssueQueuePlugin_queue_6_payload_rRegs_1_valid_i_5/O
                         net (fo=8, unplaced)         0.385    10.520    u_wb/defaultClockArea_cpu/unsignedDivider_2/IntIssueQueuePlugin_queue_6_payload_rRegs_1_valid_i_5_n_0
                         LUT3 (Prop_lut3_I1_O)        0.105    10.625 r  u_wb/defaultClockArea_cpu/unsignedDivider_2/IntIssueQueuePlugin_queue_1_payload_rRegs_1_valid_i_12/O
                         net (fo=2, unplaced)         0.358    10.983    u_wb/defaultClockArea_cpu/unsignedDivider_2/IntIssueQueuePlugin_queue_1_payload_rRegs_1_valid_i_12_n_0
                         LUT6 (Prop_lut6_I5_O)        0.105    11.088 r  u_wb/defaultClockArea_cpu/unsignedDivider_2/IntIssueQueuePlugin_queue_1_payload_rRegs_1_valid_i_4/O
                         net (fo=1, unplaced)         0.347    11.435    u_wb/defaultClockArea_cpu/unsignedDivider_2/IntIssueQueuePlugin_queue_1_payload_rRegs_1_valid_i_4_n_0
                         LUT6 (Prop_lut6_I3_O)        0.105    11.540 r  u_wb/defaultClockArea_cpu/unsignedDivider_2/IntIssueQueuePlugin_queue_1_payload_rRegs_1_valid_i_1/O
                         net (fo=1, unplaced)         0.000    11.540    u_wb/defaultClockArea_cpu/unsignedDivider_2_n_181
                         FDRE                                         r  u_wb/defaultClockArea_cpu/IntIssueQueuePlugin_queue_1_payload_rRegs_1_valid_reg/D
  -------------------------------------------------------------------    -------------------

                         (clock aclk rise edge)      10.000    10.000 r  
                                                      0.000    10.000 r  aclk (IN)
                         net (fo=0)                   0.000    10.000    aclk
                         IBUF (Prop_ibuf_I_O)         0.751    10.751 r  aclk_IBUF_inst/O
                         net (fo=1, unplaced)         0.613    11.365    aclk_IBUF
                         BUFG (Prop_bufg_I_O)         0.077    11.442 r  aclk_IBUF_BUFG_inst/O
                         net (fo=17739, unplaced)     0.439    11.881    u_wb/defaultClockArea_cpu/aclk_IBUF_BUFG
                         FDRE                                         r  u_wb/defaultClockArea_cpu/IntIssueQueuePlugin_queue_1_payload_rRegs_1_valid_reg/C
                         clock pessimism              0.167    12.048    
                         clock uncertainty           -0.035    12.012    
                         FDRE (Setup_fdre_C_D)        0.029    12.041    u_wb/defaultClockArea_cpu/IntIssueQueuePlugin_queue_1_payload_rRegs_1_valid_reg
  -------------------------------------------------------------------
                         required time                         12.041    
                         arrival time                         -11.540    
  -------------------------------------------------------------------
                         slack                                  0.502    

Slack (MET) :             0.542ns  (required time - arrival time)
  Source:                 u_wb/defaultClockArea_cpu/MULDIV_RRD_to_MULDIV_EXE_ISSUE_SLOT_uop_signed_reg/C
                            (rising edge-triggered cell FDRE clocked by aclk  {rise@0.000ns fall@5.000ns period=10.000ns})
  Destination:            u_wb/defaultClockArea_cpu/MemIssueQueuePlugin_queue_2_payload_rRegs_0_valid_reg/D
                            (rising edge-triggered cell FDRE clocked by aclk  {rise@0.000ns fall@5.000ns period=10.000ns})
  Path Group:             aclk
  Path Type:              Setup (Max at Slow Process Corner)
  Requirement:            10.000ns  (aclk rise@10.000ns - aclk rise@0.000ns)
  Data Path Delay:        9.307ns  (logic 3.137ns (33.706%)  route 6.170ns (66.294%))
  Logic Levels:           19  (CARRY4=6 LUT3=2 LUT4=3 LUT5=5 LUT6=3)
  Clock Path Skew:        -0.145ns (DCD - SCD + CPR)
    Destination Clock Delay (DCD):    1.881ns = ( 11.881 - 10.000 ) 
    Source Clock Delay      (SCD):    2.193ns
    Clock Pessimism Removal (CPR):    0.167ns
  Clock Uncertainty:      0.035ns  ((TSJ^2 + TIJ^2)^1/2 + DJ) / 2 + PE
    Total System Jitter     (TSJ):    0.071ns
    Total Input Jitter      (TIJ):    0.000ns
    Discrete Jitter          (DJ):    0.000ns
    Phase Error              (PE):    0.000ns

    Location             Delay type                Incr(ns)  Path(ns)    Netlist Resource(s)
  -------------------------------------------------------------------    -------------------
                         (clock aclk rise edge)       0.000     0.000 r  
                                                      0.000     0.000 r  aclk (IN)
                         net (fo=0)                   0.000     0.000    aclk
                         IBUF (Prop_ibuf_I_O)         0.882     0.882 r  aclk_IBUF_inst/O
                         net (fo=1, unplaced)         0.646     1.528    aclk_IBUF
                         BUFG (Prop_bufg_I_O)         0.081     1.609 r  aclk_IBUF_BUFG_inst/O
                         net (fo=17739, unplaced)     0.584     2.193    u_wb/defaultClockArea_cpu/aclk_IBUF_BUFG
                         FDRE                                         r  u_wb/defaultClockArea_cpu/MULDIV_RRD_to_MULDIV_EXE_ISSUE_SLOT_uop_signed_reg/C
  -------------------------------------------------------------------    -------------------
                         FDRE (Prop_fdre_C_Q)         0.379     2.572 r  u_wb/defaultClockArea_cpu/MULDIV_RRD_to_MULDIV_EXE_ISSUE_SLOT_uop_signed_reg/Q
                         net (fo=64, unplaced)        0.687     3.259    u_wb/defaultClockArea_cpu/unsignedDivider_2/MULDIV_RRD_to_MULDIV_EXE_ISSUE_SLOT_uop_signed
                         LUT3 (Prop_lut3_I0_O)        0.232     3.491 r  u_wb/defaultClockArea_cpu/unsignedDivider_2/MULDIV_EXE_MulDivExecutePlugin_multiplier_i_48/O
                         net (fo=1, unplaced)         0.000     3.491    u_wb/defaultClockArea_cpu/unsignedDivider_2/_zz_MULDIV_EXE_MulDivExecutePlugin_absRj[1]
                         CARRY4 (Prop_carry4_S[1]_CO[3])
                                                      0.444     3.935 r  u_wb/defaultClockArea_cpu/unsignedDivider_2/MULDIV_EXE_MulDivExecutePlugin_multiplier_i_8/CO[3]
                         net (fo=1, unplaced)         0.008     3.943    u_wb/defaultClockArea_cpu/unsignedDivider_2/MULDIV_EXE_MulDivExecutePlugin_multiplier_i_8_n_0
                         CARRY4 (Prop_carry4_CI_CO[3])
                                                      0.100     4.043 r  u_wb/defaultClockArea_cpu/unsignedDivider_2/MULDIV_EXE_MulDivExecutePlugin_multiplier_i_7/CO[3]
                         net (fo=1, unplaced)         0.000     4.043    u_wb/defaultClockArea_cpu/unsignedDivider_2/MULDIV_EXE_MulDivExecutePlugin_multiplier_i_7_n_0
                         CARRY4 (Prop_carry4_CI_CO[3])
                                                      0.100     4.143 r  u_wb/defaultClockArea_cpu/unsignedDivider_2/MULDIV_EXE_MulDivExecutePlugin_multiplier_i_6/CO[3]
                         net (fo=1, unplaced)         0.000     4.143    u_wb/defaultClockArea_cpu/unsignedDivider_2/MULDIV_EXE_MulDivExecutePlugin_multiplier_i_6_n_0
                         CARRY4 (Prop_carry4_CI_CO[3])
                                                      0.100     4.243 r  u_wb/defaultClockArea_cpu/unsignedDivider_2/MULDIV_EXE_MulDivExecutePlugin_multiplier_i_5/CO[3]
                         net (fo=1, unplaced)         0.000     4.243    u_wb/defaultClockArea_cpu/unsignedDivider_2/MULDIV_EXE_MulDivExecutePlugin_multiplier_i_5_n_0
                         CARRY4 (Prop_carry4_CI_CO[3])
                                                      0.100     4.343 r  u_wb/defaultClockArea_cpu/unsignedDivider_2/MULDIV_EXE_MulDivExecutePlugin_multiplier_i_4/CO[3]
                         net (fo=1, unplaced)         0.000     4.343    u_wb/defaultClockArea_cpu/unsignedDivider_2/MULDIV_EXE_MulDivExecutePlugin_multiplier_i_4_n_0
                         CARRY4 (Prop_carry4_CI_O[3])
                                                      0.277     4.620 f  u_wb/defaultClockArea_cpu/unsignedDivider_2/MULDIV_EXE_MulDivExecutePlugin_multiplier_i_3/O[3]
                         net (fo=3, unplaced)         0.668     5.288    u_wb/defaultClockArea_cpu/unsignedDivider_2/A[23]
                         LUT4 (Prop_lut4_I0_O)        0.250     5.538 r  u_wb/defaultClockArea_cpu/unsignedDivider_2/done_i_11/O
                         net (fo=1, unplaced)         0.347     5.885    u_wb/defaultClockArea_cpu/unsignedDivider_2/done_i_11_n_0
                         LUT5 (Prop_lut5_I4_O)        0.105     5.990 r  u_wb/defaultClockArea_cpu/unsignedDivider_2/done_i_7/O
                         net (fo=1, unplaced)         0.582     6.572    u_wb/defaultClockArea_cpu/unsignedDivider_2/done_i_7_n_0
                         LUT4 (Prop_lut4_I3_O)        0.105     6.677 r  u_wb/defaultClockArea_cpu/unsignedDivider_2/done_i_2/O
                         net (fo=66, unplaced)        0.436     7.113    u_wb/defaultClockArea_cpu/unsignedDivider_2/p_8715_in
                         LUT5 (Prop_lut5_I2_O)        0.105     7.218 f  u_wb/defaultClockArea_cpu/unsignedDivider_2/MulDivIssueQueuePlugin_queue_0_payload_robIdx[4]_i_4/O
                         net (fo=10, unplaced)        0.390     7.608    u_wb/defaultClockArea_cpu/unsignedDivider_2/MULDIV_EXE_arbitration_isStuck
                         LUT4 (Prop_lut4_I3_O)        0.105     7.713 r  u_wb/defaultClockArea_cpu/unsignedDivider_2/MemIssueQueuePlugin_queue_4_payload_rRegs_0_valid_i_14/O
                         net (fo=23, unplaced)        0.410     8.123    u_wb/defaultClockArea_cpu/unsignedDivider_2/MULDIV_EXE_MulDivExecutePlugin_wakeupCycle
                         LUT5 (Prop_lut5_I3_O)        0.105     8.228 f  u_wb/defaultClockArea_cpu/unsignedDivider_2/MemIssueQueuePlugin_queue_3_payload_rRegs_0_valid_i_50/O
                         net (fo=1, unplaced)         0.347     8.575    u_wb/defaultClockArea_cpu/unsignedDivider_2/MemIssueQueuePlugin_queue_3_payload_rRegs_0_valid_i_50_n_0
                         LUT6 (Prop_lut6_I5_O)        0.105     8.680 r  u_wb/defaultClockArea_cpu/unsignedDivider_2/MemIssueQueuePlugin_queue_3_payload_rRegs_0_valid_i_25/O
                         net (fo=1, unplaced)         0.347     9.027    u_wb/defaultClockArea_cpu/unsignedDivider_2/MemIssueQueuePlugin_queue_3_payload_rRegs_0_valid_i_25_n_0
                         LUT6 (Prop_lut6_I5_O)        0.105     9.132 r  u_wb/defaultClockArea_cpu/unsignedDivider_2/MemIssueQueuePlugin_queue_3_payload_rRegs_0_valid_i_12/O
                         net (fo=1, unplaced)         0.347     9.479    u_wb/defaultClockArea_cpu/unsignedDivider_2/MemIssueQueuePlugin_queue_3_payload_rRegs_0_valid_i_12_n_0
                         LUT5 (Prop_lut5_I3_O)        0.105     9.584 f  u_wb/defaultClockArea_cpu/unsignedDivider_2/MemIssueQueuePlugin_queue_3_payload_rRegs_0_valid_i_5/O
                         net (fo=14, unplaced)        0.633    10.217    u_wb/defaultClockArea_cpu/unsignedDivider_2/MemIssueQueuePlugin_queue_3_payload_rRegs_0_valid_i_5_n_0
                         LUT5 (Prop_lut5_I1_O)        0.105    10.322 r  u_wb/defaultClockArea_cpu/unsignedDivider_2/MemIssueQueuePlugin_queue_0_payload_rRegs_0_valid_i_2/O
                         net (fo=5, unplaced)         0.610    10.932    u_wb/defaultClockArea_cpu/unsignedDivider_2/MemIssueQueuePlugin_queue_0_payload_rRegs_0_valid_i_2_n_0
                         LUT6 (Prop_lut6_I3_O)        0.105    11.037 r  u_wb/defaultClockArea_cpu/unsignedDivider_2/MemIssueQueuePlugin_queue_1_payload_rRegs_0_valid_i_2/O
                         net (fo=2, unplaced)         0.358    11.395    u_wb/defaultClockArea_cpu/unsignedDivider_2/MemIssueQueuePlugin_queue_1_payload_rRegs_0_valid_i_2_n_0
                         LUT3 (Prop_lut3_I2_O)        0.105    11.500 r  u_wb/defaultClockArea_cpu/unsignedDivider_2/MemIssueQueuePlugin_queue_2_payload_rRegs_0_valid_i_1/O
                         net (fo=1, unplaced)         0.000    11.500    u_wb/defaultClockArea_cpu/unsignedDivider_2_n_193
                         FDRE                                         r  u_wb/defaultClockArea_cpu/MemIssueQueuePlugin_queue_2_payload_rRegs_0_valid_reg/D
  -------------------------------------------------------------------    -------------------

                         (clock aclk rise edge)      10.000    10.000 r  
                                                      0.000    10.000 r  aclk (IN)
                         net (fo=0)                   0.000    10.000    aclk
                         IBUF (Prop_ibuf_I_O)         0.751    10.751 r  aclk_IBUF_inst/O
                         net (fo=1, unplaced)         0.613    11.365    aclk_IBUF
                         BUFG (Prop_bufg_I_O)         0.077    11.442 r  aclk_IBUF_BUFG_inst/O
                         net (fo=17739, unplaced)     0.439    11.881    u_wb/defaultClockArea_cpu/aclk_IBUF_BUFG
                         FDRE                                         r  u_wb/defaultClockArea_cpu/MemIssueQueuePlugin_queue_2_payload_rRegs_0_valid_reg/C
                         clock pessimism              0.167    12.048    
                         clock uncertainty           -0.035    12.012    
                         FDRE (Setup_fdre_C_D)        0.029    12.041    u_wb/defaultClockArea_cpu/MemIssueQueuePlugin_queue_2_payload_rRegs_0_valid_reg
  -------------------------------------------------------------------
                         required time                         12.041    
                         arrival time                         -11.500    
  -------------------------------------------------------------------
                         slack                                  0.542    

Slack (MET) :             0.561ns  (required time - arrival time)
  Source:                 u_wb/defaultClockArea_cpu/MULDIV_RRD_to_MULDIV_EXE_ISSUE_SLOT_uop_signed_reg/C
                            (rising edge-triggered cell FDRE clocked by aclk  {rise@0.000ns fall@5.000ns period=10.000ns})
  Destination:            u_wb/defaultClockArea_cpu/MemIssueQueuePlugin_queue_1_payload_rRegs_0_valid_reg/D
                            (rising edge-triggered cell FDRE clocked by aclk  {rise@0.000ns fall@5.000ns period=10.000ns})
  Path Group:             aclk
  Path Type:              Setup (Max at Slow Process Corner)
  Requirement:            10.000ns  (aclk rise@10.000ns - aclk rise@0.000ns)
  Data Path Delay:        9.288ns  (logic 3.137ns (33.775%)  route 6.151ns (66.225%))
  Logic Levels:           19  (CARRY4=6 LUT3=2 LUT4=3 LUT5=5 LUT6=3)
  Clock Path Skew:        -0.145ns (DCD - SCD + CPR)
    Destination Clock Delay (DCD):    1.881ns = ( 11.881 - 10.000 ) 
    Source Clock Delay      (SCD):    2.193ns
    Clock Pessimism Removal (CPR):    0.167ns
  Clock Uncertainty:      0.035ns  ((TSJ^2 + TIJ^2)^1/2 + DJ) / 2 + PE
    Total System Jitter     (TSJ):    0.071ns
    Total Input Jitter      (TIJ):    0.000ns
    Discrete Jitter          (DJ):    0.000ns
    Phase Error              (PE):    0.000ns

    Location             Delay type                Incr(ns)  Path(ns)    Netlist Resource(s)
  -------------------------------------------------------------------    -------------------
                         (clock aclk rise edge)       0.000     0.000 r  
                                                      0.000     0.000 r  aclk (IN)
                         net (fo=0)                   0.000     0.000    aclk
                         IBUF (Prop_ibuf_I_O)         0.882     0.882 r  aclk_IBUF_inst/O
                         net (fo=1, unplaced)         0.646     1.528    aclk_IBUF
                         BUFG (Prop_bufg_I_O)         0.081     1.609 r  aclk_IBUF_BUFG_inst/O
                         net (fo=17739, unplaced)     0.584     2.193    u_wb/defaultClockArea_cpu/aclk_IBUF_BUFG
                         FDRE                                         r  u_wb/defaultClockArea_cpu/MULDIV_RRD_to_MULDIV_EXE_ISSUE_SLOT_uop_signed_reg/C
  -------------------------------------------------------------------    -------------------
                         FDRE (Prop_fdre_C_Q)         0.379     2.572 r  u_wb/defaultClockArea_cpu/MULDIV_RRD_to_MULDIV_EXE_ISSUE_SLOT_uop_signed_reg/Q
                         net (fo=64, unplaced)        0.687     3.259    u_wb/defaultClockArea_cpu/unsignedDivider_2/MULDIV_RRD_to_MULDIV_EXE_ISSUE_SLOT_uop_signed
                         LUT3 (Prop_lut3_I0_O)        0.232     3.491 r  u_wb/defaultClockArea_cpu/unsignedDivider_2/MULDIV_EXE_MulDivExecutePlugin_multiplier_i_48/O
                         net (fo=1, unplaced)         0.000     3.491    u_wb/defaultClockArea_cpu/unsignedDivider_2/_zz_MULDIV_EXE_MulDivExecutePlugin_absRj[1]
                         CARRY4 (Prop_carry4_S[1]_CO[3])
                                                      0.444     3.935 r  u_wb/defaultClockArea_cpu/unsignedDivider_2/MULDIV_EXE_MulDivExecutePlugin_multiplier_i_8/CO[3]
                         net (fo=1, unplaced)         0.008     3.943    u_wb/defaultClockArea_cpu/unsignedDivider_2/MULDIV_EXE_MulDivExecutePlugin_multiplier_i_8_n_0
                         CARRY4 (Prop_carry4_CI_CO[3])
                                                      0.100     4.043 r  u_wb/defaultClockArea_cpu/unsignedDivider_2/MULDIV_EXE_MulDivExecutePlugin_multiplier_i_7/CO[3]
                         net (fo=1, unplaced)         0.000     4.043    u_wb/defaultClockArea_cpu/unsignedDivider_2/MULDIV_EXE_MulDivExecutePlugin_multiplier_i_7_n_0
                         CARRY4 (Prop_carry4_CI_CO[3])
                                                      0.100     4.143 r  u_wb/defaultClockArea_cpu/unsignedDivider_2/MULDIV_EXE_MulDivExecutePlugin_multiplier_i_6/CO[3]
                         net (fo=1, unplaced)         0.000     4.143    u_wb/defaultClockArea_cpu/unsignedDivider_2/MULDIV_EXE_MulDivExecutePlugin_multiplier_i_6_n_0
                         CARRY4 (Prop_carry4_CI_CO[3])
                                                      0.100     4.243 r  u_wb/defaultClockArea_cpu/unsignedDivider_2/MULDIV_EXE_MulDivExecutePlugin_multiplier_i_5/CO[3]
                         net (fo=1, unplaced)         0.000     4.243    u_wb/defaultClockArea_cpu/unsignedDivider_2/MULDIV_EXE_MulDivExecutePlugin_multiplier_i_5_n_0
                         CARRY4 (Prop_carry4_CI_CO[3])
                                                      0.100     4.343 r  u_wb/defaultClockArea_cpu/unsignedDivider_2/MULDIV_EXE_MulDivExecutePlugin_multiplier_i_4/CO[3]
                         net (fo=1, unplaced)         0.000     4.343    u_wb/defaultClockArea_cpu/unsignedDivider_2/MULDIV_EXE_MulDivExecutePlugin_multiplier_i_4_n_0
                         CARRY4 (Prop_carry4_CI_O[3])
                                                      0.277     4.620 f  u_wb/defaultClockArea_cpu/unsignedDivider_2/MULDIV_EXE_MulDivExecutePlugin_multiplier_i_3/O[3]
                         net (fo=3, unplaced)         0.668     5.288    u_wb/defaultClockArea_cpu/unsignedDivider_2/A[23]
                         LUT4 (Prop_lut4_I0_O)        0.250     5.538 r  u_wb/defaultClockArea_cpu/unsignedDivider_2/done_i_11/O
                         net (fo=1, unplaced)         0.347     5.885    u_wb/defaultClockArea_cpu/unsignedDivider_2/done_i_11_n_0
                         LUT5 (Prop_lut5_I4_O)        0.105     5.990 r  u_wb/defaultClockArea_cpu/unsignedDivider_2/done_i_7/O
                         net (fo=1, unplaced)         0.582     6.572    u_wb/defaultClockArea_cpu/unsignedDivider_2/done_i_7_n_0
                         LUT4 (Prop_lut4_I3_O)        0.105     6.677 r  u_wb/defaultClockArea_cpu/unsignedDivider_2/done_i_2/O
                         net (fo=66, unplaced)        0.436     7.113    u_wb/defaultClockArea_cpu/unsignedDivider_2/p_8715_in
                         LUT5 (Prop_lut5_I2_O)        0.105     7.218 f  u_wb/defaultClockArea_cpu/unsignedDivider_2/MulDivIssueQueuePlugin_queue_0_payload_robIdx[4]_i_4/O
                         net (fo=10, unplaced)        0.390     7.608    u_wb/defaultClockArea_cpu/unsignedDivider_2/MULDIV_EXE_arbitration_isStuck
                         LUT4 (Prop_lut4_I3_O)        0.105     7.713 r  u_wb/defaultClockArea_cpu/unsignedDivider_2/MemIssueQueuePlugin_queue_4_payload_rRegs_0_valid_i_14/O
                         net (fo=23, unplaced)        0.410     8.123    u_wb/defaultClockArea_cpu/unsignedDivider_2/MULDIV_EXE_MulDivExecutePlugin_wakeupCycle
                         LUT5 (Prop_lut5_I3_O)        0.105     8.228 f  u_wb/defaultClockArea_cpu/unsignedDivider_2/MemIssueQueuePlugin_queue_3_payload_rRegs_0_valid_i_50/O
                         net (fo=1, unplaced)         0.347     8.575    u_wb/defaultClockArea_cpu/unsignedDivider_2/MemIssueQueuePlugin_queue_3_payload_rRegs_0_valid_i_50_n_0
                         LUT6 (Prop_lut6_I5_O)        0.105     8.680 r  u_wb/defaultClockArea_cpu/unsignedDivider_2/MemIssueQueuePlugin_queue_3_payload_rRegs_0_valid_i_25/O
                         net (fo=1, unplaced)         0.347     9.027    u_wb/defaultClockArea_cpu/unsignedDivider_2/MemIssueQueuePlugin_queue_3_payload_rRegs_0_valid_i_25_n_0
                         LUT6 (Prop_lut6_I5_O)        0.105     9.132 r  u_wb/defaultClockArea_cpu/unsignedDivider_2/MemIssueQueuePlugin_queue_3_payload_rRegs_0_valid_i_12/O
                         net (fo=1, unplaced)         0.347     9.479    u_wb/defaultClockArea_cpu/unsignedDivider_2/MemIssueQueuePlugin_queue_3_payload_rRegs_0_valid_i_12_n_0
                         LUT5 (Prop_lut5_I3_O)        0.105     9.584 f  u_wb/defaultClockArea_cpu/unsignedDivider_2/MemIssueQueuePlugin_queue_3_payload_rRegs_0_valid_i_5/O
                         net (fo=14, unplaced)        0.633    10.217    u_wb/defaultClockArea_cpu/unsignedDivider_2/MemIssueQueuePlugin_queue_3_payload_rRegs_0_valid_i_5_n_0
                         LUT5 (Prop_lut5_I1_O)        0.105    10.322 r  u_wb/defaultClockArea_cpu/unsignedDivider_2/MemIssueQueuePlugin_queue_0_payload_rRegs_0_valid_i_2/O
                         net (fo=5, unplaced)         0.610    10.932    u_wb/defaultClockArea_cpu/unsignedDivider_2/MemIssueQueuePlugin_queue_0_payload_rRegs_0_valid_i_2_n_0
                         LUT6 (Prop_lut6_I3_O)        0.105    11.037 r  u_wb/defaultClockArea_cpu/unsignedDivider_2/MemIssueQueuePlugin_queue_1_payload_rRegs_0_valid_i_2/O
                         net (fo=2, unplaced)         0.339    11.376    u_wb/defaultClockArea_cpu/unsignedDivider_2/MemIssueQueuePlugin_queue_1_payload_rRegs_0_valid_i_2_n_0
                         LUT3 (Prop_lut3_I0_O)        0.105    11.481 r  u_wb/defaultClockArea_cpu/unsignedDivider_2/MemIssueQueuePlugin_queue_1_payload_rRegs_0_valid_i_1/O
                         net (fo=1, unplaced)         0.000    11.481    u_wb/defaultClockArea_cpu/unsignedDivider_2_n_120
                         FDRE                                         r  u_wb/defaultClockArea_cpu/MemIssueQueuePlugin_queue_1_payload_rRegs_0_valid_reg/D
  -------------------------------------------------------------------    -------------------

                         (clock aclk rise edge)      10.000    10.000 r  
                                                      0.000    10.000 r  aclk (IN)
                         net (fo=0)                   0.000    10.000    aclk
                         IBUF (Prop_ibuf_I_O)         0.751    10.751 r  aclk_IBUF_inst/O
                         net (fo=1, unplaced)         0.613    11.365    aclk_IBUF
                         BUFG (Prop_bufg_I_O)         0.077    11.442 r  aclk_IBUF_BUFG_inst/O
                         net (fo=17739, unplaced)     0.439    11.881    u_wb/defaultClockArea_cpu/aclk_IBUF_BUFG
                         FDRE                                         r  u_wb/defaultClockArea_cpu/MemIssueQueuePlugin_queue_1_payload_rRegs_0_valid_reg/C
                         clock pessimism              0.167    12.048    
                         clock uncertainty           -0.035    12.012    
                         FDRE (Setup_fdre_C_D)        0.029    12.041    u_wb/defaultClockArea_cpu/MemIssueQueuePlugin_queue_1_payload_rRegs_0_valid_reg
  -------------------------------------------------------------------
                         required time                         12.041    
                         arrival time                         -11.481    
  -------------------------------------------------------------------
                         slack                                  0.561    

Slack (MET) :             0.733ns  (required time - arrival time)
  Source:                 u_wb/defaultClockArea_cpu/MULDIV_RRD_to_MULDIV_EXE_ISSUE_SLOT_uop_signed_reg/C
                            (rising edge-triggered cell FDRE clocked by aclk  {rise@0.000ns fall@5.000ns period=10.000ns})
  Destination:            u_wb/defaultClockArea_cpu/MemIssueQueuePlugin_queue_2_payload_rRegs_1_valid_reg/D
                            (rising edge-triggered cell FDRE clocked by aclk  {rise@0.000ns fall@5.000ns period=10.000ns})
  Path Group:             aclk
  Path Type:              Setup (Max at Slow Process Corner)
  Requirement:            10.000ns  (aclk rise@10.000ns - aclk rise@0.000ns)
  Data Path Delay:        9.116ns  (logic 3.137ns (34.412%)  route 5.979ns (65.588%))
  Logic Levels:           19  (CARRY4=6 LUT3=4 LUT4=3 LUT5=3 LUT6=3)
  Clock Path Skew:        -0.145ns (DCD - SCD + CPR)
    Destination Clock Delay (DCD):    1.881ns = ( 11.881 - 10.000 ) 
    Source Clock Delay      (SCD):    2.193ns
    Clock Pessimism Removal (CPR):    0.167ns
  Clock Uncertainty:      0.035ns  ((TSJ^2 + TIJ^2)^1/2 + DJ) / 2 + PE
    Total System Jitter     (TSJ):    0.071ns
    Total Input Jitter      (TIJ):    0.000ns
    Discrete Jitter          (DJ):    0.000ns
    Phase Error              (PE):    0.000ns

    Location             Delay type                Incr(ns)  Path(ns)    Netlist Resource(s)
  -------------------------------------------------------------------    -------------------
                         (clock aclk rise edge)       0.000     0.000 r  
                                                      0.000     0.000 r  aclk (IN)
                         net (fo=0)                   0.000     0.000    aclk
                         IBUF (Prop_ibuf_I_O)         0.882     0.882 r  aclk_IBUF_inst/O
                         net (fo=1, unplaced)         0.646     1.528    aclk_IBUF
                         BUFG (Prop_bufg_I_O)         0.081     1.609 r  aclk_IBUF_BUFG_inst/O
                         net (fo=17739, unplaced)     0.584     2.193    u_wb/defaultClockArea_cpu/aclk_IBUF_BUFG
                         FDRE                                         r  u_wb/defaultClockArea_cpu/MULDIV_RRD_to_MULDIV_EXE_ISSUE_SLOT_uop_signed_reg/C
  -------------------------------------------------------------------    -------------------
                         FDRE (Prop_fdre_C_Q)         0.379     2.572 r  u_wb/defaultClockArea_cpu/MULDIV_RRD_to_MULDIV_EXE_ISSUE_SLOT_uop_signed_reg/Q
                         net (fo=64, unplaced)        0.687     3.259    u_wb/defaultClockArea_cpu/unsignedDivider_2/MULDIV_RRD_to_MULDIV_EXE_ISSUE_SLOT_uop_signed
                         LUT3 (Prop_lut3_I0_O)        0.232     3.491 r  u_wb/defaultClockArea_cpu/unsignedDivider_2/MULDIV_EXE_MulDivExecutePlugin_multiplier_i_48/O
                         net (fo=1, unplaced)         0.000     3.491    u_wb/defaultClockArea_cpu/unsignedDivider_2/_zz_MULDIV_EXE_MulDivExecutePlugin_absRj[1]
                         CARRY4 (Prop_carry4_S[1]_CO[3])
                                                      0.444     3.935 r  u_wb/defaultClockArea_cpu/unsignedDivider_2/MULDIV_EXE_MulDivExecutePlugin_multiplier_i_8/CO[3]
                         net (fo=1, unplaced)         0.008     3.943    u_wb/defaultClockArea_cpu/unsignedDivider_2/MULDIV_EXE_MulDivExecutePlugin_multiplier_i_8_n_0
                         CARRY4 (Prop_carry4_CI_CO[3])
                                                      0.100     4.043 r  u_wb/defaultClockArea_cpu/unsignedDivider_2/MULDIV_EXE_MulDivExecutePlugin_multiplier_i_7/CO[3]
                         net (fo=1, unplaced)         0.000     4.043    u_wb/defaultClockArea_cpu/unsignedDivider_2/MULDIV_EXE_MulDivExecutePlugin_multiplier_i_7_n_0
                         CARRY4 (Prop_carry4_CI_CO[3])
                                                      0.100     4.143 r  u_wb/defaultClockArea_cpu/unsignedDivider_2/MULDIV_EXE_MulDivExecutePlugin_multiplier_i_6/CO[3]
                         net (fo=1, unplaced)         0.000     4.143    u_wb/defaultClockArea_cpu/unsignedDivider_2/MULDIV_EXE_MulDivExecutePlugin_multiplier_i_6_n_0
                         CARRY4 (Prop_carry4_CI_CO[3])
                                                      0.100     4.243 r  u_wb/defaultClockArea_cpu/unsignedDivider_2/MULDIV_EXE_MulDivExecutePlugin_multiplier_i_5/CO[3]
                         net (fo=1, unplaced)         0.000     4.243    u_wb/defaultClockArea_cpu/unsignedDivider_2/MULDIV_EXE_MulDivExecutePlugin_multiplier_i_5_n_0
                         CARRY4 (Prop_carry4_CI_CO[3])
                                                      0.100     4.343 r  u_wb/defaultClockArea_cpu/unsignedDivider_2/MULDIV_EXE_MulDivExecutePlugin_multiplier_i_4/CO[3]
                         net (fo=1, unplaced)         0.000     4.343    u_wb/defaultClockArea_cpu/unsignedDivider_2/MULDIV_EXE_MulDivExecutePlugin_multiplier_i_4_n_0
                         CARRY4 (Prop_carry4_CI_O[3])
                                                      0.277     4.620 f  u_wb/defaultClockArea_cpu/unsignedDivider_2/MULDIV_EXE_MulDivExecutePlugin_multiplier_i_3/O[3]
                         net (fo=3, unplaced)         0.668     5.288    u_wb/defaultClockArea_cpu/unsignedDivider_2/A[23]
                         LUT4 (Prop_lut4_I0_O)        0.250     5.538 r  u_wb/defaultClockArea_cpu/unsignedDivider_2/done_i_11/O
                         net (fo=1, unplaced)         0.347     5.885    u_wb/defaultClockArea_cpu/unsignedDivider_2/done_i_11_n_0
                         LUT5 (Prop_lut5_I4_O)        0.105     5.990 r  u_wb/defaultClockArea_cpu/unsignedDivider_2/done_i_7/O
                         net (fo=1, unplaced)         0.582     6.572    u_wb/defaultClockArea_cpu/unsignedDivider_2/done_i_7_n_0
                         LUT4 (Prop_lut4_I3_O)        0.105     6.677 r  u_wb/defaultClockArea_cpu/unsignedDivider_2/done_i_2/O
                         net (fo=66, unplaced)        0.436     7.113    u_wb/defaultClockArea_cpu/unsignedDivider_2/p_8715_in
                         LUT5 (Prop_lut5_I2_O)        0.105     7.218 f  u_wb/defaultClockArea_cpu/unsignedDivider_2/MulDivIssueQueuePlugin_queue_0_payload_robIdx[4]_i_4/O
                         net (fo=10, unplaced)        0.390     7.608    u_wb/defaultClockArea_cpu/unsignedDivider_2/MULDIV_EXE_arbitration_isStuck
                         LUT4 (Prop_lut4_I3_O)        0.105     7.713 r  u_wb/defaultClockArea_cpu/unsignedDivider_2/MemIssueQueuePlugin_queue_4_payload_rRegs_0_valid_i_14/O
                         net (fo=23, unplaced)        0.410     8.123    u_wb/defaultClockArea_cpu/unsignedDivider_2/MULDIV_EXE_MulDivExecutePlugin_wakeupCycle
                         LUT3 (Prop_lut3_I1_O)        0.105     8.228 r  u_wb/defaultClockArea_cpu/unsignedDivider_2/MemIssueQueuePlugin_queue_4_payload_rRegs_0_valid_i_8/O
                         net (fo=24, unplaced)        0.411     8.639    u_wb/defaultClockArea_cpu/unsignedDivider_2/MemIssueQueuePlugin_queue_4_payload_rRegs_0_valid_i_8_n_0
                         LUT5 (Prop_lut5_I0_O)        0.105     8.744 r  u_wb/defaultClockArea_cpu/unsignedDivider_2/IntIssueQueuePlugin_queue_6_payload_rRegs_1_valid_i_49/O
                         net (fo=1, unplaced)         0.347     9.091    u_wb/defaultClockArea_cpu/unsignedDivider_2/IntIssueQueuePlugin_queue_6_payload_rRegs_1_valid_i_49_n_0
                         LUT6 (Prop_lut6_I5_O)        0.105     9.196 r  u_wb/defaultClockArea_cpu/unsignedDivider_2/IntIssueQueuePlugin_queue_6_payload_rRegs_1_valid_i_28/O
                         net (fo=1, unplaced)         0.347     9.543    u_wb/defaultClockArea_cpu/unsignedDivider_2/IntIssueQueuePlugin_queue_6_payload_rRegs_1_valid_i_28_n_0
                         LUT6 (Prop_lut6_I3_O)        0.105     9.648 r  u_wb/defaultClockArea_cpu/unsignedDivider_2/IntIssueQueuePlugin_queue_6_payload_rRegs_1_valid_i_12/O
                         net (fo=7, unplaced)         0.382    10.030    u_wb/defaultClockArea_cpu/unsignedDivider_2/IntIssueQueuePlugin_queue_6_payload_rRegs_1_valid_i_12_n_0
                         LUT3 (Prop_lut3_I2_O)        0.105    10.135 r  u_wb/defaultClockArea_cpu/unsignedDivider_2/MemIssueQueuePlugin_queue_1_payload_rRegs_1_valid_i_4/O
                         net (fo=4, unplaced)         0.606    10.741    u_wb/defaultClockArea_cpu/unsignedDivider_2/MemIssueQueuePlugin_queue_1_payload_rRegs_1_valid_i_4_n_0
                         LUT6 (Prop_lut6_I2_O)        0.105    10.846 r  u_wb/defaultClockArea_cpu/unsignedDivider_2/MemIssueQueuePlugin_queue_1_payload_rRegs_1_valid_i_2/O
                         net (fo=2, unplaced)         0.358    11.204    u_wb/defaultClockArea_cpu/unsignedDivider_2/MemIssueQueuePlugin_queue_1_payload_rRegs_1_valid_i_2_n_0
                         LUT3 (Prop_lut3_I2_O)        0.105    11.309 r  u_wb/defaultClockArea_cpu/unsignedDivider_2/MemIssueQueuePlugin_queue_2_payload_rRegs_1_valid_i_1/O
                         net (fo=1, unplaced)         0.000    11.309    u_wb/defaultClockArea_cpu/unsignedDivider_2_n_189
                         FDRE                                         r  u_wb/defaultClockArea_cpu/MemIssueQueuePlugin_queue_2_payload_rRegs_1_valid_reg/D
  -------------------------------------------------------------------    -------------------

                         (clock aclk rise edge)      10.000    10.000 r  
                                                      0.000    10.000 r  aclk (IN)
                         net (fo=0)                   0.000    10.000    aclk
                         IBUF (Prop_ibuf_I_O)         0.751    10.751 r  aclk_IBUF_inst/O
                         net (fo=1, unplaced)         0.613    11.365    aclk_IBUF
                         BUFG (Prop_bufg_I_O)         0.077    11.442 r  aclk_IBUF_BUFG_inst/O
                         net (fo=17739, unplaced)     0.439    11.881    u_wb/defaultClockArea_cpu/aclk_IBUF_BUFG
                         FDRE                                         r  u_wb/defaultClockArea_cpu/MemIssueQueuePlugin_queue_2_payload_rRegs_1_valid_reg/C
                         clock pessimism              0.167    12.048    
                         clock uncertainty           -0.035    12.012    
                         FDRE (Setup_fdre_C_D)        0.029    12.041    u_wb/defaultClockArea_cpu/MemIssueQueuePlugin_queue_2_payload_rRegs_1_valid_reg
  -------------------------------------------------------------------
                         required time                         12.041    
                         arrival time                         -11.309    
  -------------------------------------------------------------------
                         slack                                  0.733    

Slack (MET) :             0.733ns  (required time - arrival time)
  Source:                 u_wb/defaultClockArea_cpu/MULDIV_RRD_to_MULDIV_EXE_ISSUE_SLOT_uop_signed_reg/C
                            (rising edge-triggered cell FDRE clocked by aclk  {rise@0.000ns fall@5.000ns period=10.000ns})
  Destination:            u_wb/defaultClockArea_cpu/MemIssueQueuePlugin_queue_3_payload_rRegs_0_valid_reg/D
                            (rising edge-triggered cell FDRE clocked by aclk  {rise@0.000ns fall@5.000ns period=10.000ns})
  Path Group:             aclk
  Path Type:              Setup (Max at Slow Process Corner)
  Requirement:            10.000ns  (aclk rise@10.000ns - aclk rise@0.000ns)
  Data Path Delay:        9.116ns  (logic 3.137ns (34.412%)  route 5.979ns (65.588%))
  Logic Levels:           19  (CARRY4=6 LUT3=3 LUT4=3 LUT5=3 LUT6=4)
  Clock Path Skew:        -0.145ns (DCD - SCD + CPR)
    Destination Clock Delay (DCD):    1.881ns = ( 11.881 - 10.000 ) 
    Source Clock Delay      (SCD):    2.193ns
    Clock Pessimism Removal (CPR):    0.167ns
  Clock Uncertainty:      0.035ns  ((TSJ^2 + TIJ^2)^1/2 + DJ) / 2 + PE
    Total System Jitter     (TSJ):    0.071ns
    Total Input Jitter      (TIJ):    0.000ns
    Discrete Jitter          (DJ):    0.000ns
    Phase Error              (PE):    0.000ns

    Location             Delay type                Incr(ns)  Path(ns)    Netlist Resource(s)
  -------------------------------------------------------------------    -------------------
                         (clock aclk rise edge)       0.000     0.000 r  
                                                      0.000     0.000 r  aclk (IN)
                         net (fo=0)                   0.000     0.000    aclk
                         IBUF (Prop_ibuf_I_O)         0.882     0.882 r  aclk_IBUF_inst/O
                         net (fo=1, unplaced)         0.646     1.528    aclk_IBUF
                         BUFG (Prop_bufg_I_O)         0.081     1.609 r  aclk_IBUF_BUFG_inst/O
                         net (fo=17739, unplaced)     0.584     2.193    u_wb/defaultClockArea_cpu/aclk_IBUF_BUFG
                         FDRE                                         r  u_wb/defaultClockArea_cpu/MULDIV_RRD_to_MULDIV_EXE_ISSUE_SLOT_uop_signed_reg/C
  -------------------------------------------------------------------    -------------------
                         FDRE (Prop_fdre_C_Q)         0.379     2.572 r  u_wb/defaultClockArea_cpu/MULDIV_RRD_to_MULDIV_EXE_ISSUE_SLOT_uop_signed_reg/Q
                         net (fo=64, unplaced)        0.687     3.259    u_wb/defaultClockArea_cpu/unsignedDivider_2/MULDIV_RRD_to_MULDIV_EXE_ISSUE_SLOT_uop_signed
                         LUT3 (Prop_lut3_I0_O)        0.232     3.491 r  u_wb/defaultClockArea_cpu/unsignedDivider_2/MULDIV_EXE_MulDivExecutePlugin_multiplier_i_48/O
                         net (fo=1, unplaced)         0.000     3.491    u_wb/defaultClockArea_cpu/unsignedDivider_2/_zz_MULDIV_EXE_MulDivExecutePlugin_absRj[1]
                         CARRY4 (Prop_carry4_S[1]_CO[3])
                                                      0.444     3.935 r  u_wb/defaultClockArea_cpu/unsignedDivider_2/MULDIV_EXE_MulDivExecutePlugin_multiplier_i_8/CO[3]
                         net (fo=1, unplaced)         0.008     3.943    u_wb/defaultClockArea_cpu/unsignedDivider_2/MULDIV_EXE_MulDivExecutePlugin_multiplier_i_8_n_0
                         CARRY4 (Prop_carry4_CI_CO[3])
                                                      0.100     4.043 r  u_wb/defaultClockArea_cpu/unsignedDivider_2/MULDIV_EXE_MulDivExecutePlugin_multiplier_i_7/CO[3]
                         net (fo=1, unplaced)         0.000     4.043    u_wb/defaultClockArea_cpu/unsignedDivider_2/MULDIV_EXE_MulDivExecutePlugin_multiplier_i_7_n_0
                         CARRY4 (Prop_carry4_CI_CO[3])
                                                      0.100     4.143 r  u_wb/defaultClockArea_cpu/unsignedDivider_2/MULDIV_EXE_MulDivExecutePlugin_multiplier_i_6/CO[3]
                         net (fo=1, unplaced)         0.000     4.143    u_wb/defaultClockArea_cpu/unsignedDivider_2/MULDIV_EXE_MulDivExecutePlugin_multiplier_i_6_n_0
                         CARRY4 (Prop_carry4_CI_CO[3])
                                                      0.100     4.243 r  u_wb/defaultClockArea_cpu/unsignedDivider_2/MULDIV_EXE_MulDivExecutePlugin_multiplier_i_5/CO[3]
                         net (fo=1, unplaced)         0.000     4.243    u_wb/defaultClockArea_cpu/unsignedDivider_2/MULDIV_EXE_MulDivExecutePlugin_multiplier_i_5_n_0
                         CARRY4 (Prop_carry4_CI_CO[3])
                                                      0.100     4.343 r  u_wb/defaultClockArea_cpu/unsignedDivider_2/MULDIV_EXE_MulDivExecutePlugin_multiplier_i_4/CO[3]
                         net (fo=1, unplaced)         0.000     4.343    u_wb/defaultClockArea_cpu/unsignedDivider_2/MULDIV_EXE_MulDivExecutePlugin_multiplier_i_4_n_0
                         CARRY4 (Prop_carry4_CI_O[3])
                                                      0.277     4.620 f  u_wb/defaultClockArea_cpu/unsignedDivider_2/MULDIV_EXE_MulDivExecutePlugin_multiplier_i_3/O[3]
                         net (fo=3, unplaced)         0.668     5.288    u_wb/defaultClockArea_cpu/unsignedDivider_2/A[23]
                         LUT4 (Prop_lut4_I0_O)        0.250     5.538 r  u_wb/defaultClockArea_cpu/unsignedDivider_2/done_i_11/O
                         net (fo=1, unplaced)         0.347     5.885    u_wb/defaultClockArea_cpu/unsignedDivider_2/done_i_11_n_0
                         LUT5 (Prop_lut5_I4_O)        0.105     5.990 r  u_wb/defaultClockArea_cpu/unsignedDivider_2/done_i_7/O
                         net (fo=1, unplaced)         0.582     6.572    u_wb/defaultClockArea_cpu/unsignedDivider_2/done_i_7_n_0
                         LUT4 (Prop_lut4_I3_O)        0.105     6.677 r  u_wb/defaultClockArea_cpu/unsignedDivider_2/done_i_2/O
                         net (fo=66, unplaced)        0.436     7.113    u_wb/defaultClockArea_cpu/unsignedDivider_2/p_8715_in
                         LUT5 (Prop_lut5_I2_O)        0.105     7.218 f  u_wb/defaultClockArea_cpu/unsignedDivider_2/MulDivIssueQueuePlugin_queue_0_payload_robIdx[4]_i_4/O
                         net (fo=10, unplaced)        0.390     7.608    u_wb/defaultClockArea_cpu/unsignedDivider_2/MULDIV_EXE_arbitration_isStuck
                         LUT4 (Prop_lut4_I3_O)        0.105     7.713 r  u_wb/defaultClockArea_cpu/unsignedDivider_2/MemIssueQueuePlugin_queue_4_payload_rRegs_0_valid_i_14/O
                         net (fo=23, unplaced)        0.410     8.123    u_wb/defaultClockArea_cpu/unsignedDivider_2/MULDIV_EXE_MulDivExecutePlugin_wakeupCycle
                         LUT3 (Prop_lut3_I1_O)        0.105     8.228 r  u_wb/defaultClockArea_cpu/unsignedDivider_2/MemIssueQueuePlugin_queue_4_payload_rRegs_0_valid_i_8/O
                         net (fo=24, unplaced)        0.411     8.639    u_wb/defaultClockArea_cpu/unsignedDivider_2/MemIssueQueuePlugin_queue_4_payload_rRegs_0_valid_i_8_n_0
                         LUT6 (Prop_lut6_I2_O)        0.105     8.744 r  u_wb/defaultClockArea_cpu/unsignedDivider_2/IntIssueQueuePlugin_queue_6_payload_rRegs_0_valid_i_53/O
                         net (fo=1, unplaced)         0.347     9.091    u_wb/defaultClockArea_cpu/unsignedDivider_2/IntIssueQueuePlugin_queue_6_payload_rRegs_0_valid_i_53_n_0
                         LUT6 (Prop_lut6_I5_O)        0.105     9.196 r  u_wb/defaultClockArea_cpu/unsignedDivider_2/IntIssueQueuePlugin_queue_6_payload_rRegs_0_valid_i_20/O
                         net (fo=1, unplaced)         0.347     9.543    u_wb/defaultClockArea_cpu/unsignedDivider_2/IntIssueQueuePlugin_queue_6_payload_rRegs_0_valid_i_20_n_0
                         LUT5 (Prop_lut5_I3_O)        0.105     9.648 r  u_wb/defaultClockArea_cpu/unsignedDivider_2/IntIssueQueuePlugin_queue_6_payload_rRegs_0_valid_i_7/O
                         net (fo=9, unplaced)         0.388    10.036    u_wb/defaultClockArea_cpu/unsignedDivider_2/IntIssueQueuePlugin_queue_6_payload_rRegs_0_valid_i_7_n_0
                         LUT3 (Prop_lut3_I2_O)        0.105    10.141 r  u_wb/defaultClockArea_cpu/unsignedDivider_2/MemIssueQueuePlugin_queue_1_payload_rRegs_0_valid_i_9/O
                         net (fo=3, unplaced)         0.600    10.741    u_wb/defaultClockArea_cpu/unsignedDivider_2/MemIssueQueuePlugin_queue_1_payload_rRegs_0_valid_i_9_n_0
                         LUT6 (Prop_lut6_I0_O)        0.105    10.846 r  u_wb/defaultClockArea_cpu/unsignedDivider_2/MemIssueQueuePlugin_queue_2_payload_rRegs_0_valid_i_2/O
                         net (fo=2, unplaced)         0.358    11.204    u_wb/defaultClockArea_cpu/unsignedDivider_2/MemIssueQueuePlugin_queue_2_payload_rRegs_0_valid_i_2_n_0
                         LUT6 (Prop_lut6_I5_O)        0.105    11.309 r  u_wb/defaultClockArea_cpu/unsignedDivider_2/MemIssueQueuePlugin_queue_3_payload_rRegs_0_valid_i_1/O
                         net (fo=1, unplaced)         0.000    11.309    u_wb/defaultClockArea_cpu/unsignedDivider_2_n_191
                         FDRE                                         r  u_wb/defaultClockArea_cpu/MemIssueQueuePlugin_queue_3_payload_rRegs_0_valid_reg/D
  -------------------------------------------------------------------    -------------------

                         (clock aclk rise edge)      10.000    10.000 r  
                                                      0.000    10.000 r  aclk (IN)
                         net (fo=0)                   0.000    10.000    aclk
                         IBUF (Prop_ibuf_I_O)         0.751    10.751 r  aclk_IBUF_inst/O
                         net (fo=1, unplaced)         0.613    11.365    aclk_IBUF
                         BUFG (Prop_bufg_I_O)         0.077    11.442 r  aclk_IBUF_BUFG_inst/O
                         net (fo=17739, unplaced)     0.439    11.881    u_wb/defaultClockArea_cpu/aclk_IBUF_BUFG
                         FDRE                                         r  u_wb/defaultClockArea_cpu/MemIssueQueuePlugin_queue_3_payload_rRegs_0_valid_reg/C
                         clock pessimism              0.167    12.048    
                         clock uncertainty           -0.035    12.012    
                         FDRE (Setup_fdre_C_D)        0.029    12.041    u_wb/defaultClockArea_cpu/MemIssueQueuePlugin_queue_3_payload_rRegs_0_valid_reg
  -------------------------------------------------------------------
                         required time                         12.041    
                         arrival time                         -11.309    
  -------------------------------------------------------------------
                         slack                                  0.733    

Slack (MET) :             0.752ns  (required time - arrival time)
  Source:                 u_wb/defaultClockArea_cpu/MULDIV_RRD_to_MULDIV_EXE_ISSUE_SLOT_uop_signed_reg/C
                            (rising edge-triggered cell FDRE clocked by aclk  {rise@0.000ns fall@5.000ns period=10.000ns})
  Destination:            u_wb/defaultClockArea_cpu/MemIssueQueuePlugin_queue_1_payload_rRegs_1_valid_reg/D
                            (rising edge-triggered cell FDRE clocked by aclk  {rise@0.000ns fall@5.000ns period=10.000ns})
  Path Group:             aclk
  Path Type:              Setup (Max at Slow Process Corner)
  Requirement:            10.000ns  (aclk rise@10.000ns - aclk rise@0.000ns)
  Data Path Delay:        9.097ns  (logic 3.137ns (34.484%)  route 5.960ns (65.516%))
  Logic Levels:           19  (CARRY4=6 LUT3=4 LUT4=3 LUT5=3 LUT6=3)
  Clock Path Skew:        -0.145ns (DCD - SCD + CPR)
    Destination Clock Delay (DCD):    1.881ns = ( 11.881 - 10.000 ) 
    Source Clock Delay      (SCD):    2.193ns
    Clock Pessimism Removal (CPR):    0.167ns
  Clock Uncertainty:      0.035ns  ((TSJ^2 + TIJ^2)^1/2 + DJ) / 2 + PE
    Total System Jitter     (TSJ):    0.071ns
    Total Input Jitter      (TIJ):    0.000ns
    Discrete Jitter          (DJ):    0.000ns
    Phase Error              (PE):    0.000ns

    Location             Delay type                Incr(ns)  Path(ns)    Netlist Resource(s)
  -------------------------------------------------------------------    -------------------
                         (clock aclk rise edge)       0.000     0.000 r  
                                                      0.000     0.000 r  aclk (IN)
                         net (fo=0)                   0.000     0.000    aclk
                         IBUF (Prop_ibuf_I_O)         0.882     0.882 r  aclk_IBUF_inst/O
                         net (fo=1, unplaced)         0.646     1.528    aclk_IBUF
                         BUFG (Prop_bufg_I_O)         0.081     1.609 r  aclk_IBUF_BUFG_inst/O
                         net (fo=17739, unplaced)     0.584     2.193    u_wb/defaultClockArea_cpu/aclk_IBUF_BUFG
                         FDRE                                         r  u_wb/defaultClockArea_cpu/MULDIV_RRD_to_MULDIV_EXE_ISSUE_SLOT_uop_signed_reg/C
  -------------------------------------------------------------------    -------------------
                         FDRE (Prop_fdre_C_Q)         0.379     2.572 r  u_wb/defaultClockArea_cpu/MULDIV_RRD_to_MULDIV_EXE_ISSUE_SLOT_uop_signed_reg/Q
                         net (fo=64, unplaced)        0.687     3.259    u_wb/defaultClockArea_cpu/unsignedDivider_2/MULDIV_RRD_to_MULDIV_EXE_ISSUE_SLOT_uop_signed
                         LUT3 (Prop_lut3_I0_O)        0.232     3.491 r  u_wb/defaultClockArea_cpu/unsignedDivider_2/MULDIV_EXE_MulDivExecutePlugin_multiplier_i_48/O
                         net (fo=1, unplaced)         0.000     3.491    u_wb/defaultClockArea_cpu/unsignedDivider_2/_zz_MULDIV_EXE_MulDivExecutePlugin_absRj[1]
                         CARRY4 (Prop_carry4_S[1]_CO[3])
                                                      0.444     3.935 r  u_wb/defaultClockArea_cpu/unsignedDivider_2/MULDIV_EXE_MulDivExecutePlugin_multiplier_i_8/CO[3]
                         net (fo=1, unplaced)         0.008     3.943    u_wb/defaultClockArea_cpu/unsignedDivider_2/MULDIV_EXE_MulDivExecutePlugin_multiplier_i_8_n_0
                         CARRY4 (Prop_carry4_CI_CO[3])
                                                      0.100     4.043 r  u_wb/defaultClockArea_cpu/unsignedDivider_2/MULDIV_EXE_MulDivExecutePlugin_multiplier_i_7/CO[3]
                         net (fo=1, unplaced)         0.000     4.043    u_wb/defaultClockArea_cpu/unsignedDivider_2/MULDIV_EXE_MulDivExecutePlugin_multiplier_i_7_n_0
                         CARRY4 (Prop_carry4_CI_CO[3])
                                                      0.100     4.143 r  u_wb/defaultClockArea_cpu/unsignedDivider_2/MULDIV_EXE_MulDivExecutePlugin_multiplier_i_6/CO[3]
                         net (fo=1, unplaced)         0.000     4.143    u_wb/defaultClockArea_cpu/unsignedDivider_2/MULDIV_EXE_MulDivExecutePlugin_multiplier_i_6_n_0
                         CARRY4 (Prop_carry4_CI_CO[3])
                                                      0.100     4.243 r  u_wb/defaultClockArea_cpu/unsignedDivider_2/MULDIV_EXE_MulDivExecutePlugin_multiplier_i_5/CO[3]
                         net (fo=1, unplaced)         0.000     4.243    u_wb/defaultClockArea_cpu/unsignedDivider_2/MULDIV_EXE_MulDivExecutePlugin_multiplier_i_5_n_0
                         CARRY4 (Prop_carry4_CI_CO[3])
                                                      0.100     4.343 r  u_wb/defaultClockArea_cpu/unsignedDivider_2/MULDIV_EXE_MulDivExecutePlugin_multiplier_i_4/CO[3]
                         net (fo=1, unplaced)         0.000     4.343    u_wb/defaultClockArea_cpu/unsignedDivider_2/MULDIV_EXE_MulDivExecutePlugin_multiplier_i_4_n_0
                         CARRY4 (Prop_carry4_CI_O[3])
                                                      0.277     4.620 f  u_wb/defaultClockArea_cpu/unsignedDivider_2/MULDIV_EXE_MulDivExecutePlugin_multiplier_i_3/O[3]
                         net (fo=3, unplaced)         0.668     5.288    u_wb/defaultClockArea_cpu/unsignedDivider_2/A[23]
                         LUT4 (Prop_lut4_I0_O)        0.250     5.538 r  u_wb/defaultClockArea_cpu/unsignedDivider_2/done_i_11/O
                         net (fo=1, unplaced)         0.347     5.885    u_wb/defaultClockArea_cpu/unsignedDivider_2/done_i_11_n_0
                         LUT5 (Prop_lut5_I4_O)        0.105     5.990 r  u_wb/defaultClockArea_cpu/unsignedDivider_2/done_i_7/O
                         net (fo=1, unplaced)         0.582     6.572    u_wb/defaultClockArea_cpu/unsignedDivider_2/done_i_7_n_0
                         LUT4 (Prop_lut4_I3_O)        0.105     6.677 r  u_wb/defaultClockArea_cpu/unsignedDivider_2/done_i_2/O
                         net (fo=66, unplaced)        0.436     7.113    u_wb/defaultClockArea_cpu/unsignedDivider_2/p_8715_in
                         LUT5 (Prop_lut5_I2_O)        0.105     7.218 f  u_wb/defaultClockArea_cpu/unsignedDivider_2/MulDivIssueQueuePlugin_queue_0_payload_robIdx[4]_i_4/O
                         net (fo=10, unplaced)        0.390     7.608    u_wb/defaultClockArea_cpu/unsignedDivider_2/MULDIV_EXE_arbitration_isStuck
                         LUT4 (Prop_lut4_I3_O)        0.105     7.713 r  u_wb/defaultClockArea_cpu/unsignedDivider_2/MemIssueQueuePlugin_queue_4_payload_rRegs_0_valid_i_14/O
                         net (fo=23, unplaced)        0.410     8.123    u_wb/defaultClockArea_cpu/unsignedDivider_2/MULDIV_EXE_MulDivExecutePlugin_wakeupCycle
                         LUT3 (Prop_lut3_I1_O)        0.105     8.228 r  u_wb/defaultClockArea_cpu/unsignedDivider_2/MemIssueQueuePlugin_queue_4_payload_rRegs_0_valid_i_8/O
                         net (fo=24, unplaced)        0.411     8.639    u_wb/defaultClockArea_cpu/unsignedDivider_2/MemIssueQueuePlugin_queue_4_payload_rRegs_0_valid_i_8_n_0
                         LUT5 (Prop_lut5_I0_O)        0.105     8.744 r  u_wb/defaultClockArea_cpu/unsignedDivider_2/IntIssueQueuePlugin_queue_6_payload_rRegs_1_valid_i_49/O
                         net (fo=1, unplaced)         0.347     9.091    u_wb/defaultClockArea_cpu/unsignedDivider_2/IntIssueQueuePlugin_queue_6_payload_rRegs_1_valid_i_49_n_0
                         LUT6 (Prop_lut6_I5_O)        0.105     9.196 r  u_wb/defaultClockArea_cpu/unsignedDivider_2/IntIssueQueuePlugin_queue_6_payload_rRegs_1_valid_i_28/O
                         net (fo=1, unplaced)         0.347     9.543    u_wb/defaultClockArea_cpu/unsignedDivider_2/IntIssueQueuePlugin_queue_6_payload_rRegs_1_valid_i_28_n_0
                         LUT6 (Prop_lut6_I3_O)        0.105     9.648 r  u_wb/defaultClockArea_cpu/unsignedDivider_2/IntIssueQueuePlugin_queue_6_payload_rRegs_1_valid_i_12/O
                         net (fo=7, unplaced)         0.382    10.030    u_wb/defaultClockArea_cpu/unsignedDivider_2/IntIssueQueuePlugin_queue_6_payload_rRegs_1_valid_i_12_n_0
                         LUT3 (Prop_lut3_I2_O)        0.105    10.135 r  u_wb/defaultClockArea_cpu/unsignedDivider_2/MemIssueQueuePlugin_queue_1_payload_rRegs_1_valid_i_4/O
                         net (fo=4, unplaced)         0.606    10.741    u_wb/defaultClockArea_cpu/unsignedDivider_2/MemIssueQueuePlugin_queue_1_payload_rRegs_1_valid_i_4_n_0
                         LUT6 (Prop_lut6_I2_O)        0.105    10.846 r  u_wb/defaultClockArea_cpu/unsignedDivider_2/MemIssueQueuePlugin_queue_1_payload_rRegs_1_valid_i_2/O
                         net (fo=2, unplaced)         0.339    11.185    u_wb/defaultClockArea_cpu/unsignedDivider_2/MemIssueQueuePlugin_queue_1_payload_rRegs_1_valid_i_2_n_0
                         LUT3 (Prop_lut3_I0_O)        0.105    11.290 r  u_wb/defaultClockArea_cpu/unsignedDivider_2/MemIssueQueuePlugin_queue_1_payload_rRegs_1_valid_i_1/O
                         net (fo=1, unplaced)         0.000    11.290    u_wb/defaultClockArea_cpu/unsignedDivider_2_n_190
                         FDRE                                         r  u_wb/defaultClockArea_cpu/MemIssueQueuePlugin_queue_1_payload_rRegs_1_valid_reg/D
  -------------------------------------------------------------------    -------------------

                         (clock aclk rise edge)      10.000    10.000 r  
                                                      0.000    10.000 r  aclk (IN)
                         net (fo=0)                   0.000    10.000    aclk
                         IBUF (Prop_ibuf_I_O)         0.751    10.751 r  aclk_IBUF_inst/O
                         net (fo=1, unplaced)         0.613    11.365    aclk_IBUF
                         BUFG (Prop_bufg_I_O)         0.077    11.442 r  aclk_IBUF_BUFG_inst/O
                         net (fo=17739, unplaced)     0.439    11.881    u_wb/defaultClockArea_cpu/aclk_IBUF_BUFG
                         FDRE                                         r  u_wb/defaultClockArea_cpu/MemIssueQueuePlugin_queue_1_payload_rRegs_1_valid_reg/C
                         clock pessimism              0.167    12.048    
                         clock uncertainty           -0.035    12.012    
                         FDRE (Setup_fdre_C_D)        0.029    12.041    u_wb/defaultClockArea_cpu/MemIssueQueuePlugin_queue_1_payload_rRegs_1_valid_reg
  -------------------------------------------------------------------
                         required time                         12.041    
                         arrival time                         -11.290    
  -------------------------------------------------------------------
                         slack                                  0.752    

Slack (MET) :             0.777ns  (required time - arrival time)
  Source:                 u_wb/defaultClockArea_cpu/MULDIV_RRD_to_MULDIV_EXE_ISSUE_SLOT_uop_signed_reg/C
                            (rising edge-triggered cell FDRE clocked by aclk  {rise@0.000ns fall@5.000ns period=10.000ns})
  Destination:            u_wb/defaultClockArea_cpu/IntIssueQueuePlugin_queue_6_payload_rRegs_0_valid_reg/D
                            (rising edge-triggered cell FDRE clocked by aclk  {rise@0.000ns fall@5.000ns period=10.000ns})
  Path Group:             aclk
  Path Type:              Setup (Max at Slow Process Corner)
  Requirement:            10.000ns  (aclk rise@10.000ns - aclk rise@0.000ns)
  Data Path Delay:        9.072ns  (logic 3.137ns (34.579%)  route 5.935ns (65.421%))
  Logic Levels:           19  (CARRY4=6 LUT3=2 LUT4=3 LUT5=5 LUT6=3)
  Clock Path Skew:        -0.145ns (DCD - SCD + CPR)
    Destination Clock Delay (DCD):    1.881ns = ( 11.881 - 10.000 ) 
    Source Clock Delay      (SCD):    2.193ns
    Clock Pessimism Removal (CPR):    0.167ns
  Clock Uncertainty:      0.035ns  ((TSJ^2 + TIJ^2)^1/2 + DJ) / 2 + PE
    Total System Jitter     (TSJ):    0.071ns
    Total Input Jitter      (TIJ):    0.000ns
    Discrete Jitter          (DJ):    0.000ns
    Phase Error              (PE):    0.000ns

    Location             Delay type                Incr(ns)  Path(ns)    Netlist Resource(s)
  -------------------------------------------------------------------    -------------------
                         (clock aclk rise edge)       0.000     0.000 r  
                                                      0.000     0.000 r  aclk (IN)
                         net (fo=0)                   0.000     0.000    aclk
                         IBUF (Prop_ibuf_I_O)         0.882     0.882 r  aclk_IBUF_inst/O
                         net (fo=1, unplaced)         0.646     1.528    aclk_IBUF
                         BUFG (Prop_bufg_I_O)         0.081     1.609 r  aclk_IBUF_BUFG_inst/O
                         net (fo=17739, unplaced)     0.584     2.193    u_wb/defaultClockArea_cpu/aclk_IBUF_BUFG
                         FDRE                                         r  u_wb/defaultClockArea_cpu/MULDIV_RRD_to_MULDIV_EXE_ISSUE_SLOT_uop_signed_reg/C
  -------------------------------------------------------------------    -------------------
                         FDRE (Prop_fdre_C_Q)         0.379     2.572 r  u_wb/defaultClockArea_cpu/MULDIV_RRD_to_MULDIV_EXE_ISSUE_SLOT_uop_signed_reg/Q
                         net (fo=64, unplaced)        0.687     3.259    u_wb/defaultClockArea_cpu/unsignedDivider_2/MULDIV_RRD_to_MULDIV_EXE_ISSUE_SLOT_uop_signed
                         LUT3 (Prop_lut3_I0_O)        0.232     3.491 r  u_wb/defaultClockArea_cpu/unsignedDivider_2/MULDIV_EXE_MulDivExecutePlugin_multiplier_i_48/O
                         net (fo=1, unplaced)         0.000     3.491    u_wb/defaultClockArea_cpu/unsignedDivider_2/_zz_MULDIV_EXE_MulDivExecutePlugin_absRj[1]
                         CARRY4 (Prop_carry4_S[1]_CO[3])
                                                      0.444     3.935 r  u_wb/defaultClockArea_cpu/unsignedDivider_2/MULDIV_EXE_MulDivExecutePlugin_multiplier_i_8/CO[3]
                         net (fo=1, unplaced)         0.008     3.943    u_wb/defaultClockArea_cpu/unsignedDivider_2/MULDIV_EXE_MulDivExecutePlugin_multiplier_i_8_n_0
                         CARRY4 (Prop_carry4_CI_CO[3])
                                                      0.100     4.043 r  u_wb/defaultClockArea_cpu/unsignedDivider_2/MULDIV_EXE_MulDivExecutePlugin_multiplier_i_7/CO[3]
                         net (fo=1, unplaced)         0.000     4.043    u_wb/defaultClockArea_cpu/unsignedDivider_2/MULDIV_EXE_MulDivExecutePlugin_multiplier_i_7_n_0
                         CARRY4 (Prop_carry4_CI_CO[3])
                                                      0.100     4.143 r  u_wb/defaultClockArea_cpu/unsignedDivider_2/MULDIV_EXE_MulDivExecutePlugin_multiplier_i_6/CO[3]
                         net (fo=1, unplaced)         0.000     4.143    u_wb/defaultClockArea_cpu/unsignedDivider_2/MULDIV_EXE_MulDivExecutePlugin_multiplier_i_6_n_0
                         CARRY4 (Prop_carry4_CI_CO[3])
                                                      0.100     4.243 r  u_wb/defaultClockArea_cpu/unsignedDivider_2/MULDIV_EXE_MulDivExecutePlugin_multiplier_i_5/CO[3]
                         net (fo=1, unplaced)         0.000     4.243    u_wb/defaultClockArea_cpu/unsignedDivider_2/MULDIV_EXE_MulDivExecutePlugin_multiplier_i_5_n_0
                         CARRY4 (Prop_carry4_CI_CO[3])
                                                      0.100     4.343 r  u_wb/defaultClockArea_cpu/unsignedDivider_2/MULDIV_EXE_MulDivExecutePlugin_multiplier_i_4/CO[3]
                         net (fo=1, unplaced)         0.000     4.343    u_wb/defaultClockArea_cpu/unsignedDivider_2/MULDIV_EXE_MulDivExecutePlugin_multiplier_i_4_n_0
                         CARRY4 (Prop_carry4_CI_O[3])
                                                      0.277     4.620 f  u_wb/defaultClockArea_cpu/unsignedDivider_2/MULDIV_EXE_MulDivExecutePlugin_multiplier_i_3/O[3]
                         net (fo=3, unplaced)         0.668     5.288    u_wb/defaultClockArea_cpu/unsignedDivider_2/A[23]
                         LUT4 (Prop_lut4_I0_O)        0.250     5.538 r  u_wb/defaultClockArea_cpu/unsignedDivider_2/done_i_11/O
                         net (fo=1, unplaced)         0.347     5.885    u_wb/defaultClockArea_cpu/unsignedDivider_2/done_i_11_n_0
                         LUT5 (Prop_lut5_I4_O)        0.105     5.990 r  u_wb/defaultClockArea_cpu/unsignedDivider_2/done_i_7/O
                         net (fo=1, unplaced)         0.582     6.572    u_wb/defaultClockArea_cpu/unsignedDivider_2/done_i_7_n_0
                         LUT4 (Prop_lut4_I3_O)        0.105     6.677 r  u_wb/defaultClockArea_cpu/unsignedDivider_2/done_i_2/O
                         net (fo=66, unplaced)        0.436     7.113    u_wb/defaultClockArea_cpu/unsignedDivider_2/p_8715_in
                         LUT5 (Prop_lut5_I2_O)        0.105     7.218 f  u_wb/defaultClockArea_cpu/unsignedDivider_2/MulDivIssueQueuePlugin_queue_0_payload_robIdx[4]_i_4/O
                         net (fo=10, unplaced)        0.390     7.608    u_wb/defaultClockArea_cpu/unsignedDivider_2/MULDIV_EXE_arbitration_isStuck
                         LUT4 (Prop_lut4_I3_O)        0.105     7.713 r  u_wb/defaultClockArea_cpu/unsignedDivider_2/MemIssueQueuePlugin_queue_4_payload_rRegs_0_valid_i_14/O
                         net (fo=23, unplaced)        0.410     8.123    u_wb/defaultClockArea_cpu/unsignedDivider_2/MULDIV_EXE_MulDivExecutePlugin_wakeupCycle
                         LUT5 (Prop_lut5_I3_O)        0.105     8.228 f  u_wb/defaultClockArea_cpu/unsignedDivider_2/MemIssueQueuePlugin_queue_3_payload_rRegs_0_valid_i_50/O
                         net (fo=1, unplaced)         0.347     8.575    u_wb/defaultClockArea_cpu/unsignedDivider_2/MemIssueQueuePlugin_queue_3_payload_rRegs_0_valid_i_50_n_0
                         LUT6 (Prop_lut6_I5_O)        0.105     8.680 r  u_wb/defaultClockArea_cpu/unsignedDivider_2/MemIssueQueuePlugin_queue_3_payload_rRegs_0_valid_i_25/O
                         net (fo=1, unplaced)         0.347     9.027    u_wb/defaultClockArea_cpu/unsignedDivider_2/MemIssueQueuePlugin_queue_3_payload_rRegs_0_valid_i_25_n_0
                         LUT6 (Prop_lut6_I5_O)        0.105     9.132 r  u_wb/defaultClockArea_cpu/unsignedDivider_2/MemIssueQueuePlugin_queue_3_payload_rRegs_0_valid_i_12/O
                         net (fo=1, unplaced)         0.347     9.479    u_wb/defaultClockArea_cpu/unsignedDivider_2/MemIssueQueuePlugin_queue_3_payload_rRegs_0_valid_i_12_n_0
                         LUT5 (Prop_lut5_I3_O)        0.105     9.584 f  u_wb/defaultClockArea_cpu/unsignedDivider_2/MemIssueQueuePlugin_queue_3_payload_rRegs_0_valid_i_5/O
                         net (fo=14, unplaced)        0.633    10.217    u_wb/defaultClockArea_cpu/unsignedDivider_2/MemIssueQueuePlugin_queue_3_payload_rRegs_0_valid_i_5_n_0
                         LUT5 (Prop_lut5_I0_O)        0.105    10.322 r  u_wb/defaultClockArea_cpu/unsignedDivider_2/IntIssueQueuePlugin_queue_6_payload_rRegs_0_valid_i_8/O
                         net (fo=5, unplaced)         0.375    10.697    u_wb/defaultClockArea_cpu/unsignedDivider_2/IntIssueQueuePlugin_queue_6_payload_rRegs_0_valid_i_8_n_0
                         LUT3 (Prop_lut3_I1_O)        0.105    10.802 f  u_wb/defaultClockArea_cpu/unsignedDivider_2/IntIssueQueuePlugin_queue_6_payload_rRegs_0_valid_i_4/O
                         net (fo=2, unplaced)         0.358    11.160    u_wb/defaultClockArea_cpu/unsignedDivider_2/IntIssueQueuePlugin_queue_6_payload_rRegs_0_valid_i_4_n_0
                         LUT6 (Prop_lut6_I4_O)        0.105    11.265 r  u_wb/defaultClockArea_cpu/unsignedDivider_2/IntIssueQueuePlugin_queue_6_payload_rRegs_0_valid_i_1/O
                         net (fo=3, unplaced)         0.000    11.265    u_wb/defaultClockArea_cpu/unsignedDivider_2_n_3
                         FDRE                                         r  u_wb/defaultClockArea_cpu/IntIssueQueuePlugin_queue_6_payload_rRegs_0_valid_reg/D
  -------------------------------------------------------------------    -------------------

                         (clock aclk rise edge)      10.000    10.000 r  
                                                      0.000    10.000 r  aclk (IN)
                         net (fo=0)                   0.000    10.000    aclk
                         IBUF (Prop_ibuf_I_O)         0.751    10.751 r  aclk_IBUF_inst/O
                         net (fo=1, unplaced)         0.613    11.365    aclk_IBUF
                         BUFG (Prop_bufg_I_O)         0.077    11.442 r  aclk_IBUF_BUFG_inst/O
                         net (fo=17739, unplaced)     0.439    11.881    u_wb/defaultClockArea_cpu/aclk_IBUF_BUFG
                         FDRE                                         r  u_wb/defaultClockArea_cpu/IntIssueQueuePlugin_queue_6_payload_rRegs_0_valid_reg/C
                         clock pessimism              0.167    12.048    
                         clock uncertainty           -0.035    12.012    
                         FDRE (Setup_fdre_C_D)        0.029    12.041    u_wb/defaultClockArea_cpu/IntIssueQueuePlugin_queue_6_payload_rRegs_0_valid_reg
  -------------------------------------------------------------------
                         required time                         12.041    
                         arrival time                         -11.265    
  -------------------------------------------------------------------
                         slack                                  0.777    

Slack (MET) :             0.777ns  (required time - arrival time)
  Source:                 u_wb/defaultClockArea_cpu/MULDIV_RRD_to_MULDIV_EXE_ISSUE_SLOT_uop_signed_reg/C
                            (rising edge-triggered cell FDRE clocked by aclk  {rise@0.000ns fall@5.000ns period=10.000ns})
  Destination:            u_wb/defaultClockArea_cpu/MemIssueQueuePlugin_queue_4_payload_rRegs_0_valid_reg/D
                            (rising edge-triggered cell FDRE clocked by aclk  {rise@0.000ns fall@5.000ns period=10.000ns})
  Path Group:             aclk
  Path Type:              Setup (Max at Slow Process Corner)
  Requirement:            10.000ns  (aclk rise@10.000ns - aclk rise@0.000ns)
  Data Path Delay:        9.072ns  (logic 3.137ns (34.579%)  route 5.935ns (65.421%))
  Logic Levels:           19  (CARRY4=6 LUT3=1 LUT4=3 LUT5=5 LUT6=4)
  Clock Path Skew:        -0.145ns (DCD - SCD + CPR)
    Destination Clock Delay (DCD):    1.881ns = ( 11.881 - 10.000 ) 
    Source Clock Delay      (SCD):    2.193ns
    Clock Pessimism Removal (CPR):    0.167ns
  Clock Uncertainty:      0.035ns  ((TSJ^2 + TIJ^2)^1/2 + DJ) / 2 + PE
    Total System Jitter     (TSJ):    0.071ns
    Total Input Jitter      (TIJ):    0.000ns
    Discrete Jitter          (DJ):    0.000ns
    Phase Error              (PE):    0.000ns

    Location             Delay type                Incr(ns)  Path(ns)    Netlist Resource(s)
  -------------------------------------------------------------------    -------------------
                         (clock aclk rise edge)       0.000     0.000 r  
                                                      0.000     0.000 r  aclk (IN)
                         net (fo=0)                   0.000     0.000    aclk
                         IBUF (Prop_ibuf_I_O)         0.882     0.882 r  aclk_IBUF_inst/O
                         net (fo=1, unplaced)         0.646     1.528    aclk_IBUF
                         BUFG (Prop_bufg_I_O)         0.081     1.609 r  aclk_IBUF_BUFG_inst/O
                         net (fo=17739, unplaced)     0.584     2.193    u_wb/defaultClockArea_cpu/aclk_IBUF_BUFG
                         FDRE                                         r  u_wb/defaultClockArea_cpu/MULDIV_RRD_to_MULDIV_EXE_ISSUE_SLOT_uop_signed_reg/C
  -------------------------------------------------------------------    -------------------
                         FDRE (Prop_fdre_C_Q)         0.379     2.572 r  u_wb/defaultClockArea_cpu/MULDIV_RRD_to_MULDIV_EXE_ISSUE_SLOT_uop_signed_reg/Q
                         net (fo=64, unplaced)        0.687     3.259    u_wb/defaultClockArea_cpu/unsignedDivider_2/MULDIV_RRD_to_MULDIV_EXE_ISSUE_SLOT_uop_signed
                         LUT3 (Prop_lut3_I0_O)        0.232     3.491 r  u_wb/defaultClockArea_cpu/unsignedDivider_2/MULDIV_EXE_MulDivExecutePlugin_multiplier_i_48/O
                         net (fo=1, unplaced)         0.000     3.491    u_wb/defaultClockArea_cpu/unsignedDivider_2/_zz_MULDIV_EXE_MulDivExecutePlugin_absRj[1]
                         CARRY4 (Prop_carry4_S[1]_CO[3])
                                                      0.444     3.935 r  u_wb/defaultClockArea_cpu/unsignedDivider_2/MULDIV_EXE_MulDivExecutePlugin_multiplier_i_8/CO[3]
                         net (fo=1, unplaced)         0.008     3.943    u_wb/defaultClockArea_cpu/unsignedDivider_2/MULDIV_EXE_MulDivExecutePlugin_multiplier_i_8_n_0
                         CARRY4 (Prop_carry4_CI_CO[3])
                                                      0.100     4.043 r  u_wb/defaultClockArea_cpu/unsignedDivider_2/MULDIV_EXE_MulDivExecutePlugin_multiplier_i_7/CO[3]
                         net (fo=1, unplaced)         0.000     4.043    u_wb/defaultClockArea_cpu/unsignedDivider_2/MULDIV_EXE_MulDivExecutePlugin_multiplier_i_7_n_0
                         CARRY4 (Prop_carry4_CI_CO[3])
                                                      0.100     4.143 r  u_wb/defaultClockArea_cpu/unsignedDivider_2/MULDIV_EXE_MulDivExecutePlugin_multiplier_i_6/CO[3]
                         net (fo=1, unplaced)         0.000     4.143    u_wb/defaultClockArea_cpu/unsignedDivider_2/MULDIV_EXE_MulDivExecutePlugin_multiplier_i_6_n_0
                         CARRY4 (Prop_carry4_CI_CO[3])
                                                      0.100     4.243 r  u_wb/defaultClockArea_cpu/unsignedDivider_2/MULDIV_EXE_MulDivExecutePlugin_multiplier_i_5/CO[3]
                         net (fo=1, unplaced)         0.000     4.243    u_wb/defaultClockArea_cpu/unsignedDivider_2/MULDIV_EXE_MulDivExecutePlugin_multiplier_i_5_n_0
                         CARRY4 (Prop_carry4_CI_CO[3])
                                                      0.100     4.343 r  u_wb/defaultClockArea_cpu/unsignedDivider_2/MULDIV_EXE_MulDivExecutePlugin_multiplier_i_4/CO[3]
                         net (fo=1, unplaced)         0.000     4.343    u_wb/defaultClockArea_cpu/unsignedDivider_2/MULDIV_EXE_MulDivExecutePlugin_multiplier_i_4_n_0
                         CARRY4 (Prop_carry4_CI_O[3])
                                                      0.277     4.620 f  u_wb/defaultClockArea_cpu/unsignedDivider_2/MULDIV_EXE_MulDivExecutePlugin_multiplier_i_3/O[3]
                         net (fo=3, unplaced)         0.668     5.288    u_wb/defaultClockArea_cpu/unsignedDivider_2/A[23]
                         LUT4 (Prop_lut4_I0_O)        0.250     5.538 r  u_wb/defaultClockArea_cpu/unsignedDivider_2/done_i_11/O
                         net (fo=1, unplaced)         0.347     5.885    u_wb/defaultClockArea_cpu/unsignedDivider_2/done_i_11_n_0
                         LUT5 (Prop_lut5_I4_O)        0.105     5.990 r  u_wb/defaultClockArea_cpu/unsignedDivider_2/done_i_7/O
                         net (fo=1, unplaced)         0.582     6.572    u_wb/defaultClockArea_cpu/unsignedDivider_2/done_i_7_n_0
                         LUT4 (Prop_lut4_I3_O)        0.105     6.677 r  u_wb/defaultClockArea_cpu/unsignedDivider_2/done_i_2/O
                         net (fo=66, unplaced)        0.436     7.113    u_wb/defaultClockArea_cpu/unsignedDivider_2/p_8715_in
                         LUT5 (Prop_lut5_I2_O)        0.105     7.218 f  u_wb/defaultClockArea_cpu/unsignedDivider_2/MulDivIssueQueuePlugin_queue_0_payload_robIdx[4]_i_4/O
                         net (fo=10, unplaced)        0.390     7.608    u_wb/defaultClockArea_cpu/unsignedDivider_2/MULDIV_EXE_arbitration_isStuck
                         LUT4 (Prop_lut4_I3_O)        0.105     7.713 r  u_wb/defaultClockArea_cpu/unsignedDivider_2/MemIssueQueuePlugin_queue_4_payload_rRegs_0_valid_i_14/O
                         net (fo=23, unplaced)        0.410     8.123    u_wb/defaultClockArea_cpu/unsignedDivider_2/MULDIV_EXE_MulDivExecutePlugin_wakeupCycle
                         LUT5 (Prop_lut5_I3_O)        0.105     8.228 f  u_wb/defaultClockArea_cpu/unsignedDivider_2/MemIssueQueuePlugin_queue_3_payload_rRegs_0_valid_i_50/O
                         net (fo=1, unplaced)         0.347     8.575    u_wb/defaultClockArea_cpu/unsignedDivider_2/MemIssueQueuePlugin_queue_3_payload_rRegs_0_valid_i_50_n_0
                         LUT6 (Prop_lut6_I5_O)        0.105     8.680 r  u_wb/defaultClockArea_cpu/unsignedDivider_2/MemIssueQueuePlugin_queue_3_payload_rRegs_0_valid_i_25/O
                         net (fo=1, unplaced)         0.347     9.027    u_wb/defaultClockArea_cpu/unsignedDivider_2/MemIssueQueuePlugin_queue_3_payload_rRegs_0_valid_i_25_n_0
                         LUT6 (Prop_lut6_I5_O)        0.105     9.132 r  u_wb/defaultClockArea_cpu/unsignedDivider_2/MemIssueQueuePlugin_queue_3_payload_rRegs_0_valid_i_12/O
                         net (fo=1, unplaced)         0.347     9.479    u_wb/defaultClockArea_cpu/unsignedDivider_2/MemIssueQueuePlugin_queue_3_payload_rRegs_0_valid_i_12_n_0
                         LUT5 (Prop_lut5_I3_O)        0.105     9.584 f  u_wb/defaultClockArea_cpu/unsignedDivider_2/MemIssueQueuePlugin_queue_3_payload_rRegs_0_valid_i_5/O
                         net (fo=14, unplaced)        0.633    10.217    u_wb/defaultClockArea_cpu/unsignedDivider_2/MemIssueQueuePlugin_queue_3_payload_rRegs_0_valid_i_5_n_0
                         LUT5 (Prop_lut5_I1_O)        0.105    10.322 r  u_wb/defaultClockArea_cpu/unsignedDivider_2/MemIssueQueuePlugin_queue_0_payload_rRegs_0_valid_i_2/O
                         net (fo=5, unplaced)         0.375    10.697    u_wb/defaultClockArea_cpu/unsignedDivider_2/MemIssueQueuePlugin_queue_0_payload_rRegs_0_valid_i_2_n_0
                         LUT6 (Prop_lut6_I1_O)        0.105    10.802 r  u_wb/defaultClockArea_cpu/unsignedDivider_2/MemIssueQueuePlugin_queue_3_payload_rRegs_0_valid_i_2/O
                         net (fo=2, unplaced)         0.358    11.160    u_wb/defaultClockArea_cpu/unsignedDivider_2/MemIssueQueuePlugin_queue_3_payload_rRegs_0_valid_i_2_n_0
                         LUT6 (Prop_lut6_I0_O)        0.105    11.265 r  u_wb/defaultClockArea_cpu/unsignedDivider_2/MemIssueQueuePlugin_queue_4_payload_rRegs_0_valid_i_1/O
                         net (fo=1, unplaced)         0.000    11.265    u_wb/defaultClockArea_cpu/unsignedDivider_2_n_192
                         FDRE                                         r  u_wb/defaultClockArea_cpu/MemIssueQueuePlugin_queue_4_payload_rRegs_0_valid_reg/D
  -------------------------------------------------------------------    -------------------

                         (clock aclk rise edge)      10.000    10.000 r  
                                                      0.000    10.000 r  aclk (IN)
                         net (fo=0)                   0.000    10.000    aclk
                         IBUF (Prop_ibuf_I_O)         0.751    10.751 r  aclk_IBUF_inst/O
                         net (fo=1, unplaced)         0.613    11.365    aclk_IBUF
                         BUFG (Prop_bufg_I_O)         0.077    11.442 r  aclk_IBUF_BUFG_inst/O
                         net (fo=17739, unplaced)     0.439    11.881    u_wb/defaultClockArea_cpu/aclk_IBUF_BUFG
                         FDRE                                         r  u_wb/defaultClockArea_cpu/MemIssueQueuePlugin_queue_4_payload_rRegs_0_valid_reg/C
                         clock pessimism              0.167    12.048    
                         clock uncertainty           -0.035    12.012    
                         FDRE (Setup_fdre_C_D)        0.029    12.041    u_wb/defaultClockArea_cpu/MemIssueQueuePlugin_queue_4_payload_rRegs_0_valid_reg
  -------------------------------------------------------------------
                         required time                         12.041    
                         arrival time                         -11.265    
  -------------------------------------------------------------------
                         slack                                  0.777    





Pulse Width Checks
--------------------------------------------------------------------------------------
Clock Name:         aclk
Waveform(ns):       { 0.000 5.000 }
Period(ns):         10.000
Sources:            { aclk }

Check Type        Corner  Lib Pin             Reference Pin  Required(ns)  Actual(ns)  Slack(ns)  Location  Pin
Min Period        n/a     DSP48E1/CLK         n/a            3.109         10.000      6.891                core_top/wb_raw_top/MyCPUCore/multiplier/<hidden>/<hidden>/<hidden>
Min Period        n/a     RAMB36E1/CLKARDCLK  n/a            2.472         10.000      7.528                u_wb/defaultClockArea_axiBuffer/fifo/xpm_fifo_base_inst/gen_sdpram.xpm_memory_base_inst/gen_wr_a.gen_word_narrow.mem_reg_0/CLKARDCLK
Min Period        n/a     RAMB36E1/CLKARDCLK  n/a            2.472         10.000      7.528                u_wb/defaultClockArea_axiBuffer/fifo/xpm_fifo_base_inst/gen_sdpram.xpm_memory_base_inst/gen_wr_a.gen_word_narrow.mem_reg_1/CLKARDCLK
Min Period        n/a     RAMB18E1/CLKARDCLK  n/a            2.472         10.000      7.528                u_wb/defaultClockArea_axiBuffer/fifo/xpm_fifo_base_inst/gen_sdpram.xpm_memory_base_inst/gen_wr_a.gen_word_narrow.mem_reg_2/CLKARDCLK
Min Period        n/a     RAMB36E1/CLKARDCLK  n/a            2.472         10.000      7.528                u_wb/defaultClockArea_cpu/DCachePlugin_dataRAMs_0/mem/xpm_memory_base_inst/gen_wr_a.gen_byte_narrow.for_mem_cols[1].mem_reg/CLKARDCLK
Min Period        n/a     RAMB36E1/CLKARDCLK  n/a            2.472         10.000      7.528                u_wb/defaultClockArea_cpu/DCachePlugin_dataRAMs_1/mem/xpm_memory_base_inst/gen_wr_a.gen_byte_narrow.for_mem_cols[1].mem_reg/CLKARDCLK
Min Period        n/a     RAMB36E1/CLKARDCLK  n/a            2.472         10.000      7.528                u_wb/defaultClockArea_cpu/DCachePlugin_infoRAM/mem/xpm_memory_base_inst/gen_wr_a.gen_word_narrow.mem_reg/CLKARDCLK
Min Period        n/a     RAMB36E1/CLKBWRCLK  n/a            2.472         10.000      7.528                u_wb/defaultClockArea_cpu/DCachePlugin_infoRAM/mem/xpm_memory_base_inst/gen_wr_a.gen_word_narrow.mem_reg/CLKBWRCLK
Min Period        n/a     RAMB36E1/CLKARDCLK  n/a            2.472         10.000      7.528                u_wb/defaultClockArea_cpu/GlobalPredictorBTBPlugin_btb/rams_0/mem/xpm_memory_base_inst/gen_wr_a.gen_word_narrow.mem_reg/CLKARDCLK
Min Period        n/a     RAMB36E1/CLKBWRCLK  n/a            2.472         10.000      7.528                u_wb/defaultClockArea_cpu/GlobalPredictorBTBPlugin_btb/rams_0/mem/xpm_memory_base_inst/gen_wr_a.gen_word_narrow.mem_reg/CLKBWRCLK
Min Period        n/a     RAMB36E1/CLKARDCLK  n/a            2.472         10.000      7.528                u_wb/defaultClockArea_cpu/GlobalPredictorBTBPlugin_btb/rams_1/mem/xpm_memory_base_inst/gen_wr_a.gen_word_narrow.mem_reg/CLKARDCLK
Min Period        n/a     RAMB36E1/CLKBWRCLK  n/a            2.472         10.000      7.528                u_wb/defaultClockArea_cpu/GlobalPredictorBTBPlugin_btb/rams_1/mem/xpm_memory_base_inst/gen_wr_a.gen_word_narrow.mem_reg/CLKBWRCLK
Min Period        n/a     RAMB36E1/CLKARDCLK  n/a            2.472         10.000      7.528                u_wb/defaultClockArea_cpu/GlobalPredictorBTBPlugin_btb/rams_2/mem/xpm_memory_base_inst/gen_wr_a.gen_word_narrow.mem_reg/CLKARDCLK
Min Period        n/a     RAMB36E1/CLKBWRCLK  n/a            2.472         10.000      7.528                u_wb/defaultClockArea_cpu/GlobalPredictorBTBPlugin_btb/rams_2/mem/xpm_memory_base_inst/gen_wr_a.gen_word_narrow.mem_reg/CLKBWRCLK
Min Period        n/a     RAMB36E1/CLKARDCLK  n/a            2.472         10.000      7.528                u_wb/defaultClockArea_cpu/GlobalPredictorBTBPlugin_btb/rams_3/mem/xpm_memory_base_inst/gen_wr_a.gen_word_narrow.mem_reg/CLKARDCLK
Min Period        n/a     RAMB36E1/CLKBWRCLK  n/a            2.472         10.000      7.528                u_wb/defaultClockArea_cpu/GlobalPredictorBTBPlugin_btb/rams_3/mem/xpm_memory_base_inst/gen_wr_a.gen_word_narrow.mem_reg/CLKBWRCLK
Min Period        n/a     RAMB18E1/CLKARDCLK  n/a            2.472         10.000      7.528                u_wb/defaultClockArea_cpu/GlobalPredictorBTBPlugin_predictor/pht/rams_0/mem/xpm_memory_base_inst/gen_wr_a.gen_word_narrow.mem_reg/CLKARDCLK
Min Period        n/a     RAMB18E1/CLKARDCLK  n/a            2.472         10.000      7.528                u_wb/defaultClockArea_cpu/GlobalPredictorBTBPlugin_predictor/pht/rams_1/mem/xpm_memory_base_inst/gen_wr_a.gen_word_narrow.mem_reg/CLKARDCLK
Min Period        n/a     RAMB18E1/CLKARDCLK  n/a            2.472         10.000      7.528                u_wb/defaultClockArea_cpu/GlobalPredictorBTBPlugin_predictor/pht/rams_2/mem/xpm_memory_base_inst/gen_wr_a.gen_word_narrow.mem_reg/CLKARDCLK
Min Period        n/a     RAMB18E1/CLKARDCLK  n/a            2.472         10.000      7.528                u_wb/defaultClockArea_cpu/GlobalPredictorBTBPlugin_predictor/pht/rams_3/mem/xpm_memory_base_inst/gen_wr_a.gen_word_narrow.mem_reg/CLKARDCLK
Low Pulse Width   Slow    RAMD32/CLK          n/a            1.130         5.000       3.870                u_wb/defaultClockArea_cpu/ROBFIFOPlugin_robInfo/ram/rams_0/mem/xpm_memory_base_inst/gen_wr_a.gen_word_narrow.mem_reg_0_7_0_5/RAMA/CLK
Low Pulse Width   Fast    RAMD32/CLK          n/a            1.130         5.000       3.870                u_wb/defaultClockArea_cpu/ROBFIFOPlugin_robInfo/ram/rams_0/mem/xpm_memory_base_inst/gen_wr_a.gen_word_narrow.mem_reg_0_7_0_5/RAMA/CLK
Low Pulse Width   Slow    RAMD32/CLK          n/a            1.130         5.000       3.870                u_wb/defaultClockArea_cpu/ROBFIFOPlugin_robInfo/ram/rams_0/mem/xpm_memory_base_inst/gen_wr_a.gen_word_narrow.mem_reg_0_7_0_5/RAMA_D1/CLK
Low Pulse Width   Fast    RAMD32/CLK          n/a            1.130         5.000       3.870                u_wb/defaultClockArea_cpu/ROBFIFOPlugin_robInfo/ram/rams_0/mem/xpm_memory_base_inst/gen_wr_a.gen_word_narrow.mem_reg_0_7_0_5/RAMA_D1/CLK
Low Pulse Width   Slow    RAMD32/CLK          n/a            1.130         5.000       3.870                u_wb/defaultClockArea_cpu/ROBFIFOPlugin_robInfo/ram/rams_0/mem/xpm_memory_base_inst/gen_wr_a.gen_word_narrow.mem_reg_0_7_0_5/RAMB/CLK
Low Pulse Width   Fast    RAMD32/CLK          n/a            1.130         5.000       3.870                u_wb/defaultClockArea_cpu/ROBFIFOPlugin_robInfo/ram/rams_0/mem/xpm_memory_base_inst/gen_wr_a.gen_word_narrow.mem_reg_0_7_0_5/RAMB/CLK
Low Pulse Width   Slow    RAMD32/CLK          n/a            1.130         5.000       3.870                u_wb/defaultClockArea_cpu/ROBFIFOPlugin_robInfo/ram/rams_0/mem/xpm_memory_base_inst/gen_wr_a.gen_word_narrow.mem_reg_0_7_0_5/RAMB_D1/CLK
Low Pulse Width   Fast    RAMD32/CLK          n/a            1.130         5.000       3.870                u_wb/defaultClockArea_cpu/ROBFIFOPlugin_robInfo/ram/rams_0/mem/xpm_memory_base_inst/gen_wr_a.gen_word_narrow.mem_reg_0_7_0_5/RAMB_D1/CLK
Low Pulse Width   Slow    RAMD32/CLK          n/a            1.130         5.000       3.870                u_wb/defaultClockArea_cpu/ROBFIFOPlugin_robInfo/ram/rams_0/mem/xpm_memory_base_inst/gen_wr_a.gen_word_narrow.mem_reg_0_7_0_5/RAMC/CLK
Low Pulse Width   Fast    RAMD32/CLK          n/a            1.130         5.000       3.870                u_wb/defaultClockArea_cpu/ROBFIFOPlugin_robInfo/ram/rams_0/mem/xpm_memory_base_inst/gen_wr_a.gen_word_narrow.mem_reg_0_7_0_5/RAMC/CLK
Low Pulse Width   Slow    RAMD32/CLK          n/a            1.130         5.000       3.870                u_wb/defaultClockArea_cpu/ROBFIFOPlugin_robInfo/ram/rams_0/mem/xpm_memory_base_inst/gen_wr_a.gen_word_narrow.mem_reg_0_7_0_5/RAMC_D1/CLK
Low Pulse Width   Fast    RAMD32/CLK          n/a            1.130         5.000       3.870                u_wb/defaultClockArea_cpu/ROBFIFOPlugin_robInfo/ram/rams_0/mem/xpm_memory_base_inst/gen_wr_a.gen_word_narrow.mem_reg_0_7_0_5/RAMC_D1/CLK
Low Pulse Width   Slow    RAMS32/CLK          n/a            1.130         5.000       3.870                u_wb/defaultClockArea_cpu/ROBFIFOPlugin_robInfo/ram/rams_0/mem/xpm_memory_base_inst/gen_wr_a.gen_word_narrow.mem_reg_0_7_0_5/RAMD/CLK
Low Pulse Width   Fast    RAMS32/CLK          n/a            1.130         5.000       3.870                u_wb/defaultClockArea_cpu/ROBFIFOPlugin_robInfo/ram/rams_0/mem/xpm_memory_base_inst/gen_wr_a.gen_word_narrow.mem_reg_0_7_0_5/RAMD/CLK
Low Pulse Width   Slow    RAMS32/CLK          n/a            1.130         5.000       3.870                u_wb/defaultClockArea_cpu/ROBFIFOPlugin_robInfo/ram/rams_0/mem/xpm_memory_base_inst/gen_wr_a.gen_word_narrow.mem_reg_0_7_0_5/RAMD_D1/CLK
Low Pulse Width   Fast    RAMS32/CLK          n/a            1.130         5.000       3.870                u_wb/defaultClockArea_cpu/ROBFIFOPlugin_robInfo/ram/rams_0/mem/xpm_memory_base_inst/gen_wr_a.gen_word_narrow.mem_reg_0_7_0_5/RAMD_D1/CLK
Low Pulse Width   Slow    RAMD32/CLK          n/a            1.130         5.000       3.870                u_wb/defaultClockArea_cpu/ROBFIFOPlugin_robInfo/ram/rams_0/mem/xpm_memory_base_inst/gen_wr_a.gen_word_narrow.mem_reg_0_7_102_107/RAMA/CLK
Low Pulse Width   Fast    RAMD32/CLK          n/a            1.130         5.000       3.870                u_wb/defaultClockArea_cpu/ROBFIFOPlugin_robInfo/ram/rams_0/mem/xpm_memory_base_inst/gen_wr_a.gen_word_narrow.mem_reg_0_7_102_107/RAMA/CLK
Low Pulse Width   Slow    RAMD32/CLK          n/a            1.130         5.000       3.870                u_wb/defaultClockArea_cpu/ROBFIFOPlugin_robInfo/ram/rams_0/mem/xpm_memory_base_inst/gen_wr_a.gen_word_narrow.mem_reg_0_7_102_107/RAMA_D1/CLK
Low Pulse Width   Fast    RAMD32/CLK          n/a            1.130         5.000       3.870                u_wb/defaultClockArea_cpu/ROBFIFOPlugin_robInfo/ram/rams_0/mem/xpm_memory_base_inst/gen_wr_a.gen_word_narrow.mem_reg_0_7_102_107/RAMA_D1/CLK
High Pulse Width  Slow    RAMD32/CLK          n/a            1.130         5.000       3.870                u_wb/defaultClockArea_cpu/ROBFIFOPlugin_robInfo/ram/rams_0/mem/xpm_memory_base_inst/gen_wr_a.gen_word_narrow.mem_reg_0_7_0_5/RAMA/CLK
High Pulse Width  Fast    RAMD32/CLK          n/a            1.130         5.000       3.870                u_wb/defaultClockArea_cpu/ROBFIFOPlugin_robInfo/ram/rams_0/mem/xpm_memory_base_inst/gen_wr_a.gen_word_narrow.mem_reg_0_7_0_5/RAMA/CLK
High Pulse Width  Slow    RAMD32/CLK          n/a            1.130         5.000       3.870                u_wb/defaultClockArea_cpu/ROBFIFOPlugin_robInfo/ram/rams_0/mem/xpm_memory_base_inst/gen_wr_a.gen_word_narrow.mem_reg_0_7_0_5/RAMA_D1/CLK
High Pulse Width  Fast    RAMD32/CLK          n/a            1.130         5.000       3.870                u_wb/defaultClockArea_cpu/ROBFIFOPlugin_robInfo/ram/rams_0/mem/xpm_memory_base_inst/gen_wr_a.gen_word_narrow.mem_reg_0_7_0_5/RAMA_D1/CLK
High Pulse Width  Slow    RAMD32/CLK          n/a            1.130         5.000       3.870                u_wb/defaultClockArea_cpu/ROBFIFOPlugin_robInfo/ram/rams_0/mem/xpm_memory_base_inst/gen_wr_a.gen_word_narrow.mem_reg_0_7_0_5/RAMB/CLK
High Pulse Width  Fast    RAMD32/CLK          n/a            1.130         5.000       3.870                u_wb/defaultClockArea_cpu/ROBFIFOPlugin_robInfo/ram/rams_0/mem/xpm_memory_base_inst/gen_wr_a.gen_word_narrow.mem_reg_0_7_0_5/RAMB/CLK
High Pulse Width  Slow    RAMD32/CLK          n/a            1.130         5.000       3.870                u_wb/defaultClockArea_cpu/ROBFIFOPlugin_robInfo/ram/rams_0/mem/xpm_memory_base_inst/gen_wr_a.gen_word_narrow.mem_reg_0_7_0_5/RAMB_D1/CLK
High Pulse Width  Fast    RAMD32/CLK          n/a            1.130         5.000       3.870                u_wb/defaultClockArea_cpu/ROBFIFOPlugin_robInfo/ram/rams_0/mem/xpm_memory_base_inst/gen_wr_a.gen_word_narrow.mem_reg_0_7_0_5/RAMB_D1/CLK
High Pulse Width  Slow    RAMD32/CLK          n/a            1.130         5.000       3.870                u_wb/defaultClockArea_cpu/ROBFIFOPlugin_robInfo/ram/rams_0/mem/xpm_memory_base_inst/gen_wr_a.gen_word_narrow.mem_reg_0_7_0_5/RAMC/CLK
High Pulse Width  Fast    RAMD32/CLK          n/a            1.130         5.000       3.870                u_wb/defaultClockArea_cpu/ROBFIFOPlugin_robInfo/ram/rams_0/mem/xpm_memory_base_inst/gen_wr_a.gen_word_narrow.mem_reg_0_7_0_5/RAMC/CLK
High Pulse Width  Slow    RAMD32/CLK          n/a            1.130         5.000       3.870                u_wb/defaultClockArea_cpu/ROBFIFOPlugin_robInfo/ram/rams_0/mem/xpm_memory_base_inst/gen_wr_a.gen_word_narrow.mem_reg_0_7_0_5/RAMC_D1/CLK
High Pulse Width  Fast    RAMD32/CLK          n/a            1.130         5.000       3.870                u_wb/defaultClockArea_cpu/ROBFIFOPlugin_robInfo/ram/rams_0/mem/xpm_memory_base_inst/gen_wr_a.gen_word_narrow.mem_reg_0_7_0_5/RAMC_D1/CLK
High Pulse Width  Slow    RAMS32/CLK          n/a            1.130         5.000       3.870                u_wb/defaultClockArea_cpu/ROBFIFOPlugin_robInfo/ram/rams_0/mem/xpm_memory_base_inst/gen_wr_a.gen_word_narrow.mem_reg_0_7_0_5/RAMD/CLK
High Pulse Width  Fast    RAMS32/CLK          n/a            1.130         5.000       3.870                u_wb/defaultClockArea_cpu/ROBFIFOPlugin_robInfo/ram/rams_0/mem/xpm_memory_base_inst/gen_wr_a.gen_word_narrow.mem_reg_0_7_0_5/RAMD/CLK
High Pulse Width  Slow    RAMS32/CLK          n/a            1.130         5.000       3.870                u_wb/defaultClockArea_cpu/ROBFIFOPlugin_robInfo/ram/rams_0/mem/xpm_memory_base_inst/gen_wr_a.gen_word_narrow.mem_reg_0_7_0_5/RAMD_D1/CLK
High Pulse Width  Fast    RAMS32/CLK          n/a            1.130         5.000       3.870                u_wb/defaultClockArea_cpu/ROBFIFOPlugin_robInfo/ram/rams_0/mem/xpm_memory_base_inst/gen_wr_a.gen_word_narrow.mem_reg_0_7_0_5/RAMD_D1/CLK
High Pulse Width  Slow    RAMD32/CLK          n/a            1.130         5.000       3.870                u_wb/defaultClockArea_cpu/ROBFIFOPlugin_robInfo/ram/rams_0/mem/xpm_memory_base_inst/gen_wr_a.gen_word_narrow.mem_reg_0_7_102_107/RAMA/CLK
High Pulse Width  Fast    RAMD32/CLK          n/a            1.130         5.000       3.870                u_wb/defaultClockArea_cpu/ROBFIFOPlugin_robInfo/ram/rams_0/mem/xpm_memory_base_inst/gen_wr_a.gen_word_narrow.mem_reg_0_7_102_107/RAMA/CLK
High Pulse Width  Slow    RAMD32/CLK          n/a            1.130         5.000       3.870                u_wb/defaultClockArea_cpu/ROBFIFOPlugin_robInfo/ram/rams_0/mem/xpm_memory_base_inst/gen_wr_a.gen_word_narrow.mem_reg_0_7_102_107/RAMA_D1/CLK
High Pulse Width  Fast    RAMD32/CLK          n/a            1.130         5.000       3.870                u_wb/defaultClockArea_cpu/ROBFIFOPlugin_robInfo/ram/rams_0/mem/xpm_memory_base_inst/gen_wr_a.gen_word_narrow.mem_reg_0_7_102_107/RAMA_D1/CLK



