Copyright 1986-2022 Xilinx, Inc. All Rights Reserved. Copyright 2022-2025 Advanced Micro Devices, Inc. All Rights Reserved.
-----------------------------------------------------------------------------------------------------------------------------------------------------------
| Tool Version : Vivado v.2025.2 (win64) Build 6299465 Fri Nov 14 19:35:11 GMT 2025
| Date         : Wed Jul 29 23:44:50 2026
| Host         : MM的ThinkBook16p running 64-bit major release  (build 9200)
| Command      : report_timing_summary -delay_type max -max_paths 20 -file D:/NSCSCC2026/WeBattle-Core/reports/WB-N6B/implementation/timing_route_10ns.rpt
| Design       : core_top
| Device       : 7a200t-fbg676
| Speed File   : -2  PRODUCTION 1.23 2018-06-13
| Design State : Routed
-----------------------------------------------------------------------------------------------------------------------------------------------------------

Timing Summary Report

------------------------------------------------------------------------------------------------
| Timer Settings
| --------------
------------------------------------------------------------------------------------------------

  Enable Multi Corner Analysis               :  Yes
  Enable Pessimism Removal                   :  Yes
  Pessimism Removal Resolution               :  Nearest Common Node
  Enable Input Delay Default Clock           :  No
  Enable Preset / Clear Arcs                 :  No
  Disable Flight Delays                      :  No
  Ignore I/O Paths                           :  No
  Timing Early Launch at Borrowing Latches   :  No
  Borrow Time for Max Delay Exceptions       :  Yes
  Merge Timing Exceptions                    :  Yes
  Inter-SLR Compensation                     :  Conservative

  Corner  Analyze    Analyze    
  Name    Max Paths  Min Paths  
  ------  ---------  ---------  
  Slow    Yes        Yes        
  Fast    Yes        Yes        


------------------------------------------------------------------------------------------------
| Report Methodology
| ------------------
------------------------------------------------------------------------------------------------

No report available as report_methodology has not been run prior. Run report_methodology on the current design for the summary of methodology violations.



check_timing report

Table of Contents
-----------------
1. checking no_clock (0)
2. checking constant_clock (0)
3. checking pulse_width_clock (0)
4. checking unconstrained_internal_endpoints (0)
5. checking no_input_delay (47)
6. checking no_output_delay (234)
7. checking multiple_clock (0)
8. checking generated_clocks (0)
9. checking loops (0)
10. checking partial_input_delay (0)
11. checking partial_output_delay (0)
12. checking latch_loops (0)

1. checking no_clock (0)
------------------------
 There are 0 register/latch pins with no clock.


2. checking constant_clock (0)
------------------------------
 There are 0 register/latch pins with constant_clock.


3. checking pulse_width_clock (0)
---------------------------------
 There are 0 register/latch pins which need pulse_width check


4. checking unconstrained_internal_endpoints (0)
------------------------------------------------
 There are 0 pins that are not constrained for maximum delay.

 There are 0 pins that are not constrained for maximum delay due to constant clock.


5. checking no_input_delay (47)
-------------------------------
 There are 47 input ports with no input delay specified. (HIGH)

 There are 0 input ports with no input delay but user has a false path constraint.


6. checking no_output_delay (234)
---------------------------------
 There are 234 ports with no output delay specified. (HIGH)

 There are 0 ports with no output delay but user has a false path constraint

 There are 0 ports with no output delay but with a timing clock defined on it or propagating through it


7. checking multiple_clock (0)
------------------------------
 There are 0 register/latch pins with multiple clocks.


8. checking generated_clocks (0)
--------------------------------
 There are 0 generated clocks that are not connected to a clock source.


9. checking loops (0)
---------------------
 There are 0 combinational loops in the design.


10. checking partial_input_delay (0)
------------------------------------
 There are 0 input ports with partial input delay specified.


11. checking partial_output_delay (0)
-------------------------------------
 There are 0 ports with partial output delay specified.


12. checking latch_loops (0)
----------------------------
 There are 0 combinational latch loops in the design through latch input



------------------------------------------------------------------------------------------------
| Design Timing Summary
| ---------------------
------------------------------------------------------------------------------------------------

    WNS(ns)      TNS(ns)  TNS Failing Endpoints  TNS Total Endpoints     WPWS(ns)     TPWS(ns)  TPWS Failing Endpoints  TPWS Total Endpoints  
    -------      -------  ---------------------  -------------------     --------     --------  ----------------------  --------------------  
     -0.062       -0.062                      1                35651        3.870        0.000                       0                 17751  


Timing constraints are not met.


------------------------------------------------------------------------------------------------
| Clock Summary
| -------------
------------------------------------------------------------------------------------------------

Clock  Waveform(ns)       Period(ns)      Frequency(MHz)
-----  ------------       ----------      --------------
aclk   {0.000 5.000}      10.000          100.000         


------------------------------------------------------------------------------------------------
| Intra Clock Table
| -----------------
------------------------------------------------------------------------------------------------

Clock             WNS(ns)      TNS(ns)  TNS Failing Endpoints  TNS Total Endpoints     WPWS(ns)     TPWS(ns)  TPWS Failing Endpoints  TPWS Total Endpoints  
-----             -------      -------  ---------------------  -------------------     --------     --------  ----------------------  --------------------  
aclk               -0.062       -0.062                      1                35651        3.870        0.000                       0                 17751  


------------------------------------------------------------------------------------------------
| Inter Clock Table
| -----------------
------------------------------------------------------------------------------------------------

From Clock    To Clock          WNS(ns)      TNS(ns)  TNS Failing Endpoints  TNS Total Endpoints  
----------    --------          -------      -------  ---------------------  -------------------  


------------------------------------------------------------------------------------------------
| Other Path Groups Table
| -----------------------
------------------------------------------------------------------------------------------------

Path Group    From Clock    To Clock          WNS(ns)      TNS(ns)  TNS Failing Endpoints  TNS Total Endpoints  
----------    ----------    --------          -------      -------  ---------------------  -------------------  


------------------------------------------------------------------------------------------------
| Timing Details
| --------------
------------------------------------------------------------------------------------------------


---------------------------------------------------------------------------------------------------
From Clock:  aclk
  To Clock:  aclk

Setup :            1  Failing Endpoint ,  Worst Slack       -0.062ns,  Total Violation       -0.062ns
Hold  :           NA  Failing Endpoints,  Worst Slack           NA  ,  Total Violation           NA
PW    :            0  Failing Endpoints,  Worst Slack        3.870ns,  Total Violation        0.000ns
---------------------------------------------------------------------------------------------------


Max Delay Paths
--------------------------------------------------------------------------------------
Slack (VIOLATED) :        -0.062ns  (required time - arrival time)
  Source:                 u_wb/defaultClockArea_cpu/MULDIV_RRD_to_MULDIV_EXE_ISSUE_SLOT_uop_signed_reg_replica/C
                            (rising edge-triggered cell FDRE clocked by aclk  {rise@0.000ns fall@5.000ns period=10.000ns})
  Destination:            u_wb/defaultClockArea_cpu/IntIssueQueuePlugin_queue_1_payload_rRegs_1_valid_reg/D
                            (rising edge-triggered cell FDRE clocked by aclk  {rise@0.000ns fall@5.000ns period=10.000ns})
  Path Group:             aclk
  Path Type:              Setup (Max at Slow Process Corner)
  Requirement:            10.000ns  (aclk rise@10.000ns - aclk rise@0.000ns)
  Data Path Delay:        10.154ns  (logic 2.999ns (29.534%)  route 7.155ns (70.466%))
  Logic Levels:           20  (CARRY4=7 LUT3=3 LUT4=2 LUT5=4 LUT6=4)
  Clock Path Skew:        0.054ns (DCD - SCD + CPR)
    Destination Clock Delay (DCD):    4.006ns = ( 14.006 - 10.000 ) 
    Source Clock Delay      (SCD):    4.185ns
    Clock Pessimism Removal (CPR):    0.234ns
  Clock Uncertainty:      0.035ns  ((TSJ^2 + TIJ^2)^1/2 + DJ) / 2 + PE
    Total System Jitter     (TSJ):    0.071ns
    Total Input Jitter      (TIJ):    0.000ns
    Discrete Jitter          (DJ):    0.000ns
    Phase Error              (PE):    0.000ns

    Location             Delay type                Incr(ns)  Path(ns)    Netlist Resource(s)
  -------------------------------------------------------------------    -------------------
                         (clock aclk rise edge)       0.000     0.000 r  
    L22                                               0.000     0.000 r  aclk (IN)
                         net (fo=0)                   0.000     0.000    aclk
    L22                  IBUF (Prop_ibuf_I_O)         0.893     0.893 r  aclk_IBUF_inst/O
                         net (fo=1, routed)           1.827     2.720    aclk_IBUF
    BUFGCTRL_X0Y0        BUFG (Prop_bufg_I_O)         0.081     2.801 r  aclk_IBUF_BUFG_inst/O
                         net (fo=17753, routed)       1.385     4.185    u_wb/defaultClockArea_cpu/aclk_IBUF_BUFG
    SLICE_X75Y119        FDRE                                         r  u_wb/defaultClockArea_cpu/MULDIV_RRD_to_MULDIV_EXE_ISSUE_SLOT_uop_signed_reg_replica/C
  -------------------------------------------------------------------    -------------------
    SLICE_X75Y119        FDRE (Prop_fdre_C_Q)         0.379     4.564 r  u_wb/defaultClockArea_cpu/MULDIV_RRD_to_MULDIV_EXE_ISSUE_SLOT_uop_signed_reg_replica/Q
                         net (fo=52, routed)          0.712     5.276    u_wb/defaultClockArea_cpu/unsignedDivider_2/MULDIV_RRD_to_MULDIV_EXE_ISSUE_SLOT_uop_signed_repN_alias
    SLICE_X74Y117        LUT3 (Prop_lut3_I0_O)        0.105     5.381 r  u_wb/defaultClockArea_cpu/unsignedDivider_2/MULDIV_EXE_MulDivExecutePlugin_multiplier_i_43/O
                         net (fo=1, routed)           0.000     5.381    u_wb/defaultClockArea_cpu/unsignedDivider_2/_zz_MULDIV_EXE_MulDivExecutePlugin_absRj[5]
    SLICE_X74Y117        CARRY4 (Prop_carry4_S[1]_CO[3])
                                                      0.444     5.825 r  u_wb/defaultClockArea_cpu/unsignedDivider_2/MULDIV_EXE_MulDivExecutePlugin_multiplier_i_7/CO[3]
                         net (fo=1, routed)           0.000     5.825    u_wb/defaultClockArea_cpu/unsignedDivider_2/MULDIV_EXE_MulDivExecutePlugin_multiplier_i_7_n_0
    SLICE_X74Y118        CARRY4 (Prop_carry4_CI_CO[3])
                                                      0.100     5.925 r  u_wb/defaultClockArea_cpu/unsignedDivider_2/MULDIV_EXE_MulDivExecutePlugin_multiplier_i_6/CO[3]
                         net (fo=1, routed)           0.000     5.925    u_wb/defaultClockArea_cpu/unsignedDivider_2/MULDIV_EXE_MulDivExecutePlugin_multiplier_i_6_n_0
    SLICE_X74Y119        CARRY4 (Prop_carry4_CI_CO[3])
                                                      0.100     6.025 r  u_wb/defaultClockArea_cpu/unsignedDivider_2/MULDIV_EXE_MulDivExecutePlugin_multiplier_i_5/CO[3]
                         net (fo=1, routed)           0.000     6.025    u_wb/defaultClockArea_cpu/unsignedDivider_2/MULDIV_EXE_MulDivExecutePlugin_multiplier_i_5_n_0
    SLICE_X74Y120        CARRY4 (Prop_carry4_CI_CO[3])
                                                      0.100     6.125 r  u_wb/defaultClockArea_cpu/unsignedDivider_2/MULDIV_EXE_MulDivExecutePlugin_multiplier_i_4/CO[3]
                         net (fo=1, routed)           0.000     6.125    u_wb/defaultClockArea_cpu/unsignedDivider_2/MULDIV_EXE_MulDivExecutePlugin_multiplier_i_4_n_0
    SLICE_X74Y121        CARRY4 (Prop_carry4_CI_CO[3])
                                                      0.100     6.225 r  u_wb/defaultClockArea_cpu/unsignedDivider_2/MULDIV_EXE_MulDivExecutePlugin_multiplier_i_3/CO[3]
                         net (fo=1, routed)           0.000     6.225    u_wb/defaultClockArea_cpu/unsignedDivider_2/MULDIV_EXE_MulDivExecutePlugin_multiplier_i_3_n_0
    SLICE_X74Y122        CARRY4 (Prop_carry4_CI_CO[3])
                                                      0.100     6.325 r  u_wb/defaultClockArea_cpu/unsignedDivider_2/MULDIV_EXE_MulDivExecutePlugin_multiplier_i_2/CO[3]
                         net (fo=1, routed)           0.000     6.325    u_wb/defaultClockArea_cpu/unsignedDivider_2/MULDIV_EXE_MulDivExecutePlugin_multiplier_i_2_n_0
    SLICE_X74Y123        CARRY4 (Prop_carry4_CI_O[0])
                                                      0.178     6.503 f  u_wb/defaultClockArea_cpu/unsignedDivider_2/MULDIV_EXE_MulDivExecutePlugin_multiplier_i_1/O[0]
                         net (fo=3, routed)           0.821     7.324    u_wb/defaultClockArea_cpu/unsignedDivider_2/A[28]
    SLICE_X73Y122        LUT5 (Prop_lut5_I0_O)        0.238     7.562 r  u_wb/defaultClockArea_cpu/unsignedDivider_2/done_i_6/O
                         net (fo=1, routed)           0.616     8.178    u_wb/defaultClockArea_cpu/unsignedDivider_2/done_i_6_n_0
    SLICE_X73Y120        LUT4 (Prop_lut4_I2_O)        0.105     8.283 r  u_wb/defaultClockArea_cpu/unsignedDivider_2/done_i_2/O
                         net (fo=66, routed)          0.295     8.578    u_wb/defaultClockArea_cpu/unsignedDivider_2/p_8715_in
    SLICE_X72Y118        LUT5 (Prop_lut5_I2_O)        0.105     8.683 r  u_wb/defaultClockArea_cpu/unsignedDivider_2/MulDivIssueQueuePlugin_queue_0_payload_robIdx[4]_i_4/O
                         net (fo=94, routed)          0.273     8.956    u_wb/defaultClockArea_cpu/unsignedDivider_2/waitRsp_reg_0[0]
    SLICE_X72Y117        LUT4 (Prop_lut4_I3_O)        0.105     9.061 r  u_wb/defaultClockArea_cpu/unsignedDivider_2/MemIssueQueuePlugin_queue_4_payload_rRegs_0_valid_i_14/O
                         net (fo=23, routed)          0.427     9.488    u_wb/defaultClockArea_cpu/unsignedDivider_2/MULDIV_EXE_MulDivExecutePlugin_wakeupCycle
    SLICE_X72Y117        LUT3 (Prop_lut3_I1_O)        0.105     9.593 r  u_wb/defaultClockArea_cpu/unsignedDivider_2/MemIssueQueuePlugin_queue_4_payload_rRegs_0_valid_i_8/O
                         net (fo=24, routed)          0.610    10.204    u_wb/defaultClockArea_cpu/unsignedDivider_2/MemIssueQueuePlugin_queue_4_payload_rRegs_0_valid_i_8_n_0
    SLICE_X72Y111        LUT5 (Prop_lut5_I0_O)        0.105    10.309 r  u_wb/defaultClockArea_cpu/unsignedDivider_2/IntIssueQueuePlugin_queue_6_payload_rRegs_1_valid_i_49/O
                         net (fo=1, routed)           0.657    10.966    u_wb/defaultClockArea_cpu/unsignedDivider_2/IntIssueQueuePlugin_queue_6_payload_rRegs_1_valid_i_49_n_0
    SLICE_X69Y99         LUT6 (Prop_lut6_I5_O)        0.105    11.071 r  u_wb/defaultClockArea_cpu/unsignedDivider_2/IntIssueQueuePlugin_queue_6_payload_rRegs_1_valid_i_28/O
                         net (fo=1, routed)           0.310    11.381    u_wb/defaultClockArea_cpu/unsignedDivider_2/IntIssueQueuePlugin_queue_6_payload_rRegs_1_valid_i_28_n_0
    SLICE_X69Y98         LUT6 (Prop_lut6_I3_O)        0.105    11.486 r  u_wb/defaultClockArea_cpu/unsignedDivider_2/IntIssueQueuePlugin_queue_6_payload_rRegs_1_valid_i_12/O
                         net (fo=7, routed)           0.621    12.107    u_wb/defaultClockArea_cpu/unsignedDivider_2/IntIssueQueuePlugin_queue_6_payload_rRegs_1_valid_i_12_n_0
    SLICE_X68Y96         LUT5 (Prop_lut5_I2_O)        0.105    12.212 f  u_wb/defaultClockArea_cpu/unsignedDivider_2/IntIssueQueuePlugin_queue_6_payload_rRegs_1_valid_i_5/O
                         net (fo=9, routed)           0.391    12.603    u_wb/defaultClockArea_cpu/unsignedDivider_2/IntIssueQueuePlugin_queue_6_payload_rRegs_1_valid_i_5_n_0
    SLICE_X66Y97         LUT3 (Prop_lut3_I1_O)        0.105    12.708 r  u_wb/defaultClockArea_cpu/unsignedDivider_2/IntIssueQueuePlugin_queue_1_payload_rRegs_1_valid_i_12/O
                         net (fo=2, routed)           0.629    13.337    u_wb/defaultClockArea_cpu/unsignedDivider_2/IntIssueQueuePlugin_queue_1_payload_rRegs_1_valid_i_12_n_0
    SLICE_X69Y98         LUT6 (Prop_lut6_I5_O)        0.105    13.442 r  u_wb/defaultClockArea_cpu/unsignedDivider_2/IntIssueQueuePlugin_queue_1_payload_rRegs_1_valid_i_4/O
                         net (fo=1, routed)           0.793    14.235    u_wb/defaultClockArea_cpu/unsignedDivider_2/IntIssueQueuePlugin_queue_1_payload_rRegs_1_valid_i_4_n_0
    SLICE_X62Y99         LUT6 (Prop_lut6_I3_O)        0.105    14.340 r  u_wb/defaultClockArea_cpu/unsignedDivider_2/IntIssueQueuePlugin_queue_1_payload_rRegs_1_valid_i_1/O
                         net (fo=1, routed)           0.000    14.340    u_wb/defaultClockArea_cpu/unsignedDivider_2_n_181
    SLICE_X62Y99         FDRE                                         r  u_wb/defaultClockArea_cpu/IntIssueQueuePlugin_queue_1_payload_rRegs_1_valid_reg/D
  -------------------------------------------------------------------    -------------------

                         (clock aclk rise edge)      10.000    10.000 r  
    L22                                               0.000    10.000 r  aclk (IN)
                         net (fo=0)                   0.000    10.000    aclk
    L22                  IBUF (Prop_ibuf_I_O)         0.762    10.762 r  aclk_IBUF_inst/O
                         net (fo=1, routed)           1.734    12.496    aclk_IBUF
    BUFGCTRL_X0Y0        BUFG (Prop_bufg_I_O)         0.077    12.573 r  aclk_IBUF_BUFG_inst/O
                         net (fo=17753, routed)       1.433    14.006    u_wb/defaultClockArea_cpu/aclk_IBUF_BUFG
    SLICE_X62Y99         FDRE                                         r  u_wb/defaultClockArea_cpu/IntIssueQueuePlugin_queue_1_payload_rRegs_1_valid_reg/C
                         clock pessimism              0.234    14.240    
                         clock uncertainty           -0.035    14.204    
    SLICE_X62Y99         FDRE (Setup_fdre_C_D)        0.074    14.278    u_wb/defaultClockArea_cpu/IntIssueQueuePlugin_queue_1_payload_rRegs_1_valid_reg
  -------------------------------------------------------------------
                         required time                         14.278    
                         arrival time                         -14.340    
  -------------------------------------------------------------------
                         slack                                 -0.062    

Slack (MET) :             0.032ns  (required time - arrival time)
  Source:                 u_wb/defaultClockArea_cpu/MULDIV_RRD_to_MULDIV_EXE_ISSUE_SLOT_uop_signed_reg_replica/C
                            (rising edge-triggered cell FDRE clocked by aclk  {rise@0.000ns fall@5.000ns period=10.000ns})
  Destination:            u_wb/defaultClockArea_cpu/IntIssueQueuePlugin_queue_4_payload_rRegs_0_valid_reg/D
                            (rising edge-triggered cell FDRE clocked by aclk  {rise@0.000ns fall@5.000ns period=10.000ns})
  Path Group:             aclk
  Path Type:              Setup (Max at Slow Process Corner)
  Requirement:            10.000ns  (aclk rise@10.000ns - aclk rise@0.000ns)
  Data Path Delay:        10.020ns  (logic 2.999ns (29.931%)  route 7.021ns (70.069%))
  Logic Levels:           20  (CARRY4=7 LUT3=3 LUT4=2 LUT5=5 LUT6=3)
  Clock Path Skew:        0.054ns (DCD - SCD + CPR)
    Destination Clock Delay (DCD):    4.006ns = ( 14.006 - 10.000 ) 
    Source Clock Delay      (SCD):    4.185ns
    Clock Pessimism Removal (CPR):    0.234ns
  Clock Uncertainty:      0.035ns  ((TSJ^2 + TIJ^2)^1/2 + DJ) / 2 + PE
    Total System Jitter     (TSJ):    0.071ns
    Total Input Jitter      (TIJ):    0.000ns
    Discrete Jitter          (DJ):    0.000ns
    Phase Error              (PE):    0.000ns

    Location             Delay type                Incr(ns)  Path(ns)    Netlist Resource(s)
  -------------------------------------------------------------------    -------------------
                         (clock aclk rise edge)       0.000     0.000 r  
    L22                                               0.000     0.000 r  aclk (IN)
                         net (fo=0)                   0.000     0.000    aclk
    L22                  IBUF (Prop_ibuf_I_O)         0.893     0.893 r  aclk_IBUF_inst/O
                         net (fo=1, routed)           1.827     2.720    aclk_IBUF
    BUFGCTRL_X0Y0        BUFG (Prop_bufg_I_O)         0.081     2.801 r  aclk_IBUF_BUFG_inst/O
                         net (fo=17753, routed)       1.385     4.185    u_wb/defaultClockArea_cpu/aclk_IBUF_BUFG
    SLICE_X75Y119        FDRE                                         r  u_wb/defaultClockArea_cpu/MULDIV_RRD_to_MULDIV_EXE_ISSUE_SLOT_uop_signed_reg_replica/C
  -------------------------------------------------------------------    -------------------
    SLICE_X75Y119        FDRE (Prop_fdre_C_Q)         0.379     4.564 r  u_wb/defaultClockArea_cpu/MULDIV_RRD_to_MULDIV_EXE_ISSUE_SLOT_uop_signed_reg_replica/Q
                         net (fo=52, routed)          0.712     5.276    u_wb/defaultClockArea_cpu/unsignedDivider_2/MULDIV_RRD_to_MULDIV_EXE_ISSUE_SLOT_uop_signed_repN_alias
    SLICE_X74Y117        LUT3 (Prop_lut3_I0_O)        0.105     5.381 r  u_wb/defaultClockArea_cpu/unsignedDivider_2/MULDIV_EXE_MulDivExecutePlugin_multiplier_i_43/O
                         net (fo=1, routed)           0.000     5.381    u_wb/defaultClockArea_cpu/unsignedDivider_2/_zz_MULDIV_EXE_MulDivExecutePlugin_absRj[5]
    SLICE_X74Y117        CARRY4 (Prop_carry4_S[1]_CO[3])
                                                      0.444     5.825 r  u_wb/defaultClockArea_cpu/unsignedDivider_2/MULDIV_EXE_MulDivExecutePlugin_multiplier_i_7/CO[3]
                         net (fo=1, routed)           0.000     5.825    u_wb/defaultClockArea_cpu/unsignedDivider_2/MULDIV_EXE_MulDivExecutePlugin_multiplier_i_7_n_0
    SLICE_X74Y118        CARRY4 (Prop_carry4_CI_CO[3])
                                                      0.100     5.925 r  u_wb/defaultClockArea_cpu/unsignedDivider_2/MULDIV_EXE_MulDivExecutePlugin_multiplier_i_6/CO[3]
                         net (fo=1, routed)           0.000     5.925    u_wb/defaultClockArea_cpu/unsignedDivider_2/MULDIV_EXE_MulDivExecutePlugin_multiplier_i_6_n_0
    SLICE_X74Y119        CARRY4 (Prop_carry4_CI_CO[3])
                                                      0.100     6.025 r  u_wb/defaultClockArea_cpu/unsignedDivider_2/MULDIV_EXE_MulDivExecutePlugin_multiplier_i_5/CO[3]
                         net (fo=1, routed)           0.000     6.025    u_wb/defaultClockArea_cpu/unsignedDivider_2/MULDIV_EXE_MulDivExecutePlugin_multiplier_i_5_n_0
    SLICE_X74Y120        CARRY4 (Prop_carry4_CI_CO[3])
                                                      0.100     6.125 r  u_wb/defaultClockArea_cpu/unsignedDivider_2/MULDIV_EXE_MulDivExecutePlugin_multiplier_i_4/CO[3]
                         net (fo=1, routed)           0.000     6.125    u_wb/defaultClockArea_cpu/unsignedDivider_2/MULDIV_EXE_MulDivExecutePlugin_multiplier_i_4_n_0
    SLICE_X74Y121        CARRY4 (Prop_carry4_CI_CO[3])
                                                      0.100     6.225 r  u_wb/defaultClockArea_cpu/unsignedDivider_2/MULDIV_EXE_MulDivExecutePlugin_multiplier_i_3/CO[3]
                         net (fo=1, routed)           0.000     6.225    u_wb/defaultClockArea_cpu/unsignedDivider_2/MULDIV_EXE_MulDivExecutePlugin_multiplier_i_3_n_0
    SLICE_X74Y122        CARRY4 (Prop_carry4_CI_CO[3])
                                                      0.100     6.325 r  u_wb/defaultClockArea_cpu/unsignedDivider_2/MULDIV_EXE_MulDivExecutePlugin_multiplier_i_2/CO[3]
                         net (fo=1, routed)           0.000     6.325    u_wb/defaultClockArea_cpu/unsignedDivider_2/MULDIV_EXE_MulDivExecutePlugin_multiplier_i_2_n_0
    SLICE_X74Y123        CARRY4 (Prop_carry4_CI_O[0])
                                                      0.178     6.503 f  u_wb/defaultClockArea_cpu/unsignedDivider_2/MULDIV_EXE_MulDivExecutePlugin_multiplier_i_1/O[0]
                         net (fo=3, routed)           0.821     7.324    u_wb/defaultClockArea_cpu/unsignedDivider_2/A[28]
    SLICE_X73Y122        LUT5 (Prop_lut5_I0_O)        0.238     7.562 r  u_wb/defaultClockArea_cpu/unsignedDivider_2/done_i_6/O
                         net (fo=1, routed)           0.616     8.178    u_wb/defaultClockArea_cpu/unsignedDivider_2/done_i_6_n_0
    SLICE_X73Y120        LUT4 (Prop_lut4_I2_O)        0.105     8.283 r  u_wb/defaultClockArea_cpu/unsignedDivider_2/done_i_2/O
                         net (fo=66, routed)          0.295     8.578    u_wb/defaultClockArea_cpu/unsignedDivider_2/p_8715_in
    SLICE_X72Y118        LUT5 (Prop_lut5_I2_O)        0.105     8.683 r  u_wb/defaultClockArea_cpu/unsignedDivider_2/MulDivIssueQueuePlugin_queue_0_payload_robIdx[4]_i_4/O
                         net (fo=94, routed)          0.273     8.956    u_wb/defaultClockArea_cpu/unsignedDivider_2/waitRsp_reg_0[0]
    SLICE_X72Y117        LUT4 (Prop_lut4_I3_O)        0.105     9.061 r  u_wb/defaultClockArea_cpu/unsignedDivider_2/MemIssueQueuePlugin_queue_4_payload_rRegs_0_valid_i_14/O
                         net (fo=23, routed)          0.427     9.488    u_wb/defaultClockArea_cpu/unsignedDivider_2/MULDIV_EXE_MulDivExecutePlugin_wakeupCycle
    SLICE_X72Y117        LUT3 (Prop_lut3_I1_O)        0.105     9.593 r  u_wb/defaultClockArea_cpu/unsignedDivider_2/MemIssueQueuePlugin_queue_4_payload_rRegs_0_valid_i_8/O
                         net (fo=24, routed)          0.657    10.251    u_wb/defaultClockArea_cpu/unsignedDivider_2/MemIssueQueuePlugin_queue_4_payload_rRegs_0_valid_i_8_n_0
    SLICE_X64Y118        LUT6 (Prop_lut6_I2_O)        0.105    10.356 r  u_wb/defaultClockArea_cpu/unsignedDivider_2/IntIssueQueuePlugin_queue_6_payload_rRegs_0_valid_i_53/O
                         net (fo=1, routed)           0.872    11.228    u_wb/defaultClockArea_cpu/unsignedDivider_2/IntIssueQueuePlugin_queue_6_payload_rRegs_0_valid_i_53_n_0
    SLICE_X64Y99         LUT6 (Prop_lut6_I5_O)        0.105    11.333 r  u_wb/defaultClockArea_cpu/unsignedDivider_2/IntIssueQueuePlugin_queue_6_payload_rRegs_0_valid_i_20/O
                         net (fo=2, routed)           0.232    11.565    u_wb/defaultClockArea_cpu/unsignedDivider_2/IntIssueQueuePlugin_queue_6_payload_rRegs_0_valid_i_20_n_0
    SLICE_X65Y98         LUT5 (Prop_lut5_I3_O)        0.105    11.670 r  u_wb/defaultClockArea_cpu/unsignedDivider_2/IntIssueQueuePlugin_queue_6_payload_rRegs_0_valid_i_7/O
                         net (fo=8, routed)           0.481    12.152    u_wb/defaultClockArea_cpu/unsignedDivider_2/IntIssueQueuePlugin_queue_6_payload_rRegs_0_valid_i_7_n_0
    SLICE_X65Y98         LUT5 (Prop_lut5_I2_O)        0.105    12.257 r  u_wb/defaultClockArea_cpu/unsignedDivider_2/IntIssueQueuePlugin_queue_6_payload_rRegs_0_valid_i_8/O
                         net (fo=5, routed)           0.474    12.731    u_wb/defaultClockArea_cpu/unsignedDivider_2/IntIssueQueuePlugin_queue_6_payload_rRegs_0_valid_i_8_n_0
    SLICE_X65Y101        LUT3 (Prop_lut3_I1_O)        0.105    12.836 f  u_wb/defaultClockArea_cpu/unsignedDivider_2/IntIssueQueuePlugin_queue_6_payload_rRegs_0_valid_i_4/O
                         net (fo=2, routed)           0.549    13.385    u_wb/defaultClockArea_cpu/unsignedDivider_2/IntIssueQueuePlugin_queue_6_payload_rRegs_0_valid_i_4_n_0
    SLICE_X64Y101        LUT6 (Prop_lut6_I4_O)        0.105    13.490 r  u_wb/defaultClockArea_cpu/unsignedDivider_2/IntIssueQueuePlugin_queue_6_payload_rRegs_0_valid_i_1/O
                         net (fo=3, routed)           0.610    14.100    u_wb/defaultClockArea_cpu/unsignedDivider_2/RENAME_to_DISPATCH_PUSH_INDEXES_2_payload_reg[1]_0
    SLICE_X63Y99         LUT5 (Prop_lut5_I0_O)        0.105    14.205 r  u_wb/defaultClockArea_cpu/unsignedDivider_2/IntIssueQueuePlugin_queue_4_payload_rRegs_0_valid_i_1/O
                         net (fo=1, routed)           0.000    14.205    u_wb/defaultClockArea_cpu/unsignedDivider_2_n_184
    SLICE_X63Y99         FDRE                                         r  u_wb/defaultClockArea_cpu/IntIssueQueuePlugin_queue_4_payload_rRegs_0_valid_reg/D
  -------------------------------------------------------------------    -------------------

                         (clock aclk rise edge)      10.000    10.000 r  
    L22                                               0.000    10.000 r  aclk (IN)
                         net (fo=0)                   0.000    10.000    aclk
    L22                  IBUF (Prop_ibuf_I_O)         0.762    10.762 r  aclk_IBUF_inst/O
                         net (fo=1, routed)           1.734    12.496    aclk_IBUF
    BUFGCTRL_X0Y0        BUFG (Prop_bufg_I_O)         0.077    12.573 r  aclk_IBUF_BUFG_inst/O
                         net (fo=17753, routed)       1.433    14.006    u_wb/defaultClockArea_cpu/aclk_IBUF_BUFG
    SLICE_X63Y99         FDRE                                         r  u_wb/defaultClockArea_cpu/IntIssueQueuePlugin_queue_4_payload_rRegs_0_valid_reg/C
                         clock pessimism              0.234    14.240    
                         clock uncertainty           -0.035    14.204    
    SLICE_X63Y99         FDRE (Setup_fdre_C_D)        0.033    14.237    u_wb/defaultClockArea_cpu/IntIssueQueuePlugin_queue_4_payload_rRegs_0_valid_reg
  -------------------------------------------------------------------
                         required time                         14.237    
                         arrival time                         -14.205    
  -------------------------------------------------------------------
                         slack                                  0.032    

Slack (MET) :             0.055ns  (required time - arrival time)
  Source:                 u_wb/defaultClockArea_cpu/IntIssueQueuePlugin_queue_0_payload_rRegs_0_valid_reg/C
                            (rising edge-triggered cell FDRE clocked by aclk  {rise@0.000ns fall@5.000ns period=10.000ns})
  Destination:            u_wb/defaultClockArea_cpu/IntIssueQueuePlugin_queue_1_payload_rRegs_0_valid_reg/D
                            (rising edge-triggered cell FDRE clocked by aclk  {rise@0.000ns fall@5.000ns period=10.000ns})
  Path Group:             aclk
  Path Type:              Setup (Max at Slow Process Corner)
  Requirement:            10.000ns  (aclk rise@10.000ns - aclk rise@0.000ns)
  Data Path Delay:        9.976ns  (logic 2.113ns (21.181%)  route 7.863ns (78.819%))
  Logic Levels:           16  (LUT2=1 LUT3=2 LUT4=1 LUT5=4 LUT6=8)
  Clock Path Skew:        0.034ns (DCD - SCD + CPR)
    Destination Clock Delay (DCD):    4.006ns = ( 14.006 - 10.000 ) 
    Source Clock Delay      (SCD):    4.205ns
    Clock Pessimism Removal (CPR):    0.234ns
  Clock Uncertainty:      0.035ns  ((TSJ^2 + TIJ^2)^1/2 + DJ) / 2 + PE
    Total System Jitter     (TSJ):    0.071ns
    Total Input Jitter      (TIJ):    0.000ns
    Discrete Jitter          (DJ):    0.000ns
    Phase Error              (PE):    0.000ns

    Location             Delay type                Incr(ns)  Path(ns)    Netlist Resource(s)
  -------------------------------------------------------------------    -------------------
                         (clock aclk rise edge)       0.000     0.000 r  
    L22                                               0.000     0.000 r  aclk (IN)
                         net (fo=0)                   0.000     0.000    aclk
    L22                  IBUF (Prop_ibuf_I_O)         0.893     0.893 r  aclk_IBUF_inst/O
                         net (fo=1, routed)           1.827     2.720    aclk_IBUF
    BUFGCTRL_X0Y0        BUFG (Prop_bufg_I_O)         0.081     2.801 r  aclk_IBUF_BUFG_inst/O
                         net (fo=17753, routed)       1.405     4.205    u_wb/defaultClockArea_cpu/aclk_IBUF_BUFG
    SLICE_X64Y103        FDRE                                         r  u_wb/defaultClockArea_cpu/IntIssueQueuePlugin_queue_0_payload_rRegs_0_valid_reg/C
  -------------------------------------------------------------------    -------------------
    SLICE_X64Y103        FDRE (Prop_fdre_C_Q)         0.433     4.638 f  u_wb/defaultClockArea_cpu/IntIssueQueuePlugin_queue_0_payload_rRegs_0_valid_reg/Q
                         net (fo=2, routed)           0.506     5.144    u_wb/defaultClockArea_cpu/IntIssueQueuePlugin_queue_0_payload_rRegs_0_valid_reg_n_0
    SLICE_X66Y101        LUT2 (Prop_lut2_I0_O)        0.105     5.249 f  u_wb/defaultClockArea_cpu/IntIssueQueuePlugin_queue_0_payload_uop_pc[31]_i_9/O
                         net (fo=15, routed)          0.695     5.944    u_wb/defaultClockArea_cpu/p_8186_in
    SLICE_X65Y108        LUT5 (Prop_lut5_I4_O)        0.105     6.049 r  u_wb/defaultClockArea_cpu/INT1_ISS_to_INT1_RRD_ISSUE_SLOT_uop_pc[31]_i_12/O
                         net (fo=1, routed)           0.357     6.406    u_wb/defaultClockArea_cpu/INT1_ISS_to_INT1_RRD_ISSUE_SLOT_uop_pc[31]_i_12_n_0
    SLICE_X64Y108        LUT6 (Prop_lut6_I0_O)        0.105     6.511 f  u_wb/defaultClockArea_cpu/INT1_ISS_to_INT1_RRD_ISSUE_SLOT_uop_pc[31]_i_11/O
                         net (fo=2, routed)           0.238     6.749    u_wb/defaultClockArea_cpu/INT1_ISS_to_INT1_RRD_ISSUE_SLOT_uop_pc[31]_i_11_n_0
    SLICE_X65Y108        LUT6 (Prop_lut6_I0_O)        0.105     6.854 f  u_wb/defaultClockArea_cpu/INT1_ISS_to_INT1_RRD_ISSUE_SLOT_uop_pc[31]_i_10/O
                         net (fo=3, routed)           0.355     7.209    u_wb/defaultClockArea_cpu/INT1_ISS_to_INT1_RRD_ISSUE_SLOT_uop_pc[31]_i_10_n_0
    SLICE_X65Y106        LUT3 (Prop_lut3_I0_O)        0.105     7.314 f  u_wb/defaultClockArea_cpu/IntIssueQueuePlugin_queue_4_payload_uop_pc[31]_i_12/O
                         net (fo=11, routed)          0.710     8.024    u_wb/defaultClockArea_cpu/IntIssueQueuePlugin_queue_4_payload_uop_pc[31]_i_12_n_0
    SLICE_X64Y107        LUT6 (Prop_lut6_I5_O)        0.105     8.129 f  u_wb/defaultClockArea_cpu/IntIssueQueuePlugin_queue_5_payload_uop_pc[31]_i_16/O
                         net (fo=7, routed)           0.600     8.729    u_wb/defaultClockArea_cpu/IntIssueQueuePlugin_queue_5_payload_uop_pc[31]_i_16_n_0
    SLICE_X65Y105        LUT5 (Prop_lut5_I4_O)        0.105     8.834 f  u_wb/defaultClockArea_cpu/INT0_ISS_to_INT0_RRD_ISSUE_SLOT_robIdx[4]_i_8/O
                         net (fo=3, routed)           0.358     9.192    u_wb/defaultClockArea_cpu/INT0_ISS_to_INT0_RRD_ISSUE_SLOT_robIdx[4]_i_8_n_0
    SLICE_X65Y103        LUT6 (Prop_lut6_I3_O)        0.105     9.297 r  u_wb/defaultClockArea_cpu/INT0_ISS_to_INT0_RRD_ISSUE_SLOT_robIdx[4]_i_7/O
                         net (fo=142, routed)         0.659     9.956    u_wb/defaultClockArea_cpu/_zz_INT0_ISS_IntExecutePlugin_issSlot_rRegs_0_valid_3[1]
    SLICE_X70Y104        LUT6 (Prop_lut6_I3_O)        0.105    10.061 r  u_wb/defaultClockArea_cpu/INT0_ISS_to_INT0_RRD_ISSUE_SLOT_wReg[4]_i_2/O
                         net (fo=1, routed)           0.607    10.668    u_wb/defaultClockArea_cpu/INT0_ISS_to_INT0_RRD_ISSUE_SLOT_wReg[4]_i_2_n_0
    SLICE_X68Y102        LUT6 (Prop_lut6_I1_O)        0.105    10.773 r  u_wb/defaultClockArea_cpu/INT0_ISS_to_INT0_RRD_ISSUE_SLOT_wReg[4]_i_1/O
                         net (fo=17, routed)          0.557    11.331    u_wb/defaultClockArea_cpu/_zz_INT0_ISS_IntExecutePlugin_issSlot_wReg[4]
    SLICE_X69Y104        LUT4 (Prop_lut4_I3_O)        0.105    11.436 f  u_wb/defaultClockArea_cpu/IntIssueQueuePlugin_queue_1_payload_rRegs_0_valid_i_55/O
                         net (fo=1, routed)           0.339    11.775    u_wb/defaultClockArea_cpu/IntIssueQueuePlugin_queue_1_payload_rRegs_0_valid_i_55_n_0
    SLICE_X68Y105        LUT6 (Prop_lut6_I1_O)        0.105    11.880 r  u_wb/defaultClockArea_cpu/IntIssueQueuePlugin_queue_1_payload_rRegs_0_valid_i_35/O
                         net (fo=1, routed)           0.607    12.487    u_wb/defaultClockArea_cpu/IntIssueQueuePlugin_queue_1_payload_rRegs_0_valid_i_35_n_0
    SLICE_X65Y103        LUT5 (Prop_lut5_I1_O)        0.105    12.592 f  u_wb/defaultClockArea_cpu/IntIssueQueuePlugin_queue_1_payload_rRegs_0_valid_i_14/O
                         net (fo=1, routed)           0.453    13.045    u_wb/defaultClockArea_cpu/unsignedDivider_2/IntIssueQueuePlugin_queue_1_payload_rRegs_0_valid_i_3_1
    SLICE_X63Y101        LUT6 (Prop_lut6_I4_O)        0.105    13.150 f  u_wb/defaultClockArea_cpu/unsignedDivider_2/IntIssueQueuePlugin_queue_1_payload_rRegs_0_valid_i_6/O
                         net (fo=2, routed)           0.473    13.623    u_wb/defaultClockArea_cpu/unsignedDivider_2/IntIssueQueuePlugin_queue_1_payload_rRegs_0_valid_i_6_n_0
    SLICE_X63Y99         LUT5 (Prop_lut5_I1_O)        0.105    13.728 r  u_wb/defaultClockArea_cpu/unsignedDivider_2/IntIssueQueuePlugin_queue_1_payload_rRegs_0_valid_i_3/O
                         net (fo=1, routed)           0.348    14.076    u_wb/defaultClockArea_cpu/unsignedDivider_2/IntIssueQueuePlugin_queue_1_payload_rRegs_0_valid_i_3_n_0
    SLICE_X63Y99         LUT3 (Prop_lut3_I2_O)        0.105    14.181 r  u_wb/defaultClockArea_cpu/unsignedDivider_2/IntIssueQueuePlugin_queue_1_payload_rRegs_0_valid_i_1/O
                         net (fo=1, routed)           0.000    14.181    u_wb/defaultClockArea_cpu/unsignedDivider_2_n_185
    SLICE_X63Y99         FDRE                                         r  u_wb/defaultClockArea_cpu/IntIssueQueuePlugin_queue_1_payload_rRegs_0_valid_reg/D
  -------------------------------------------------------------------    -------------------

                         (clock aclk rise edge)      10.000    10.000 r  
    L22                                               0.000    10.000 r  aclk (IN)
                         net (fo=0)                   0.000    10.000    aclk
    L22                  IBUF (Prop_ibuf_I_O)         0.762    10.762 r  aclk_IBUF_inst/O
                         net (fo=1, routed)           1.734    12.496    aclk_IBUF
    BUFGCTRL_X0Y0        BUFG (Prop_bufg_I_O)         0.077    12.573 r  aclk_IBUF_BUFG_inst/O
                         net (fo=17753, routed)       1.433    14.006    u_wb/defaultClockArea_cpu/aclk_IBUF_BUFG
    SLICE_X63Y99         FDRE                                         r  u_wb/defaultClockArea_cpu/IntIssueQueuePlugin_queue_1_payload_rRegs_0_valid_reg/C
                         clock pessimism              0.234    14.240    
                         clock uncertainty           -0.035    14.204    
    SLICE_X63Y99         FDRE (Setup_fdre_C_D)        0.032    14.236    u_wb/defaultClockArea_cpu/IntIssueQueuePlugin_queue_1_payload_rRegs_0_valid_reg
  -------------------------------------------------------------------
                         required time                         14.236    
                         arrival time                         -14.181    
  -------------------------------------------------------------------
                         slack                                  0.055    

Slack (MET) :             0.096ns  (required time - arrival time)
  Source:                 u_wb/defaultClockArea_cpu/INT1_EXE_to_INT1_WB_WRITE_REG_payload_reg[5]/C
                            (rising edge-triggered cell FDRE clocked by aclk  {rise@0.000ns fall@5.000ns period=10.000ns})
  Destination:            u_wb/defaultClockArea_cpu/INT2_EXE_to_INT2_WB_EXE_RESULT_reg[19]/D
                            (rising edge-triggered cell FDRE clocked by aclk  {rise@0.000ns fall@5.000ns period=10.000ns})
  Path Group:             aclk
  Path Type:              Setup (Max at Slow Process Corner)
  Requirement:            10.000ns  (aclk rise@10.000ns - aclk rise@0.000ns)
  Data Path Delay:        9.725ns  (logic 1.699ns (17.471%)  route 8.026ns (82.529%))
  Logic Levels:           9  (LUT2=1 LUT3=1 LUT4=1 LUT5=1 LUT6=5)
  Clock Path Skew:        -0.081ns (DCD - SCD + CPR)
    Destination Clock Delay (DCD):    3.867ns = ( 13.867 - 10.000 ) 
    Source Clock Delay      (SCD):    4.181ns
    Clock Pessimism Removal (CPR):    0.234ns
  Clock Uncertainty:      0.035ns  ((TSJ^2 + TIJ^2)^1/2 + DJ) / 2 + PE
    Total System Jitter     (TSJ):    0.071ns
    Total Input Jitter      (TIJ):    0.000ns
    Discrete Jitter          (DJ):    0.000ns
    Phase Error              (PE):    0.000ns

    Location             Delay type                Incr(ns)  Path(ns)    Netlist Resource(s)
  -------------------------------------------------------------------    -------------------
                         (clock aclk rise edge)       0.000     0.000 r  
    L22                                               0.000     0.000 r  aclk (IN)
                         net (fo=0)                   0.000     0.000    aclk
    L22                  IBUF (Prop_ibuf_I_O)         0.893     0.893 r  aclk_IBUF_inst/O
                         net (fo=1, routed)           1.827     2.720    aclk_IBUF
    BUFGCTRL_X0Y0        BUFG (Prop_bufg_I_O)         0.081     2.801 r  aclk_IBUF_BUFG_inst/O
                         net (fo=17753, routed)       1.381     4.181    u_wb/defaultClockArea_cpu/aclk_IBUF_BUFG
    SLICE_X89Y126        FDRE                                         r  u_wb/defaultClockArea_cpu/INT1_EXE_to_INT1_WB_WRITE_REG_payload_reg[5]/C
  -------------------------------------------------------------------    -------------------
    SLICE_X89Y126        FDRE (Prop_fdre_C_Q)         0.379     4.560 r  u_wb/defaultClockArea_cpu/INT1_EXE_to_INT1_WB_WRITE_REG_payload_reg[5]/Q
                         net (fo=18, routed)          1.573     6.133    u_wb/defaultClockArea_cpu/INT1_EXE_to_INT1_WB_WRITE_REG_payload[5]
    SLICE_X68Y131        LUT6 (Prop_lut6_I3_O)        0.105     6.238 r  u_wb/defaultClockArea_cpu/INT2_EXE_to_INT2_WB_EXE_RESULT[30]_i_28/O
                         net (fo=1, routed)           0.449     6.687    u_wb/defaultClockArea_cpu/INT2_EXE_to_INT2_WB_EXE_RESULT[30]_i_28_n_0
    SLICE_X67Y131        LUT4 (Prop_lut4_I2_O)        0.105     6.792 r  u_wb/defaultClockArea_cpu/INT2_EXE_to_INT2_WB_EXE_RESULT[30]_i_22/O
                         net (fo=33, routed)          0.681     7.473    u_wb/defaultClockArea_cpu/_zz_IntExecutePlugin_bypassRsp_1_payload_7[0]
    SLICE_X66Y131        LUT6 (Prop_lut6_I0_O)        0.105     7.578 r  u_wb/defaultClockArea_cpu/INT2_EXE_to_INT2_WB_EXE_RESULT[30]_i_15/O
                         net (fo=31, routed)          0.895     8.473    u_wb/defaultClockArea_cpu/when_BypassNetworkPlugin_l36_1
    SLICE_X59Y131        LUT5 (Prop_lut5_I1_O)        0.105     8.578 f  u_wb/defaultClockArea_cpu/INT2_EXE_to_INT2_WB_EXE_RESULT[30]_i_17/O
                         net (fo=67, routed)          1.069     9.647    u_wb/defaultClockArea_cpu/INT2_EXE_IntExecutePlugin_alu_io_sa[3]
    SLICE_X42Y129        LUT2 (Prop_lut2_I0_O)        0.126     9.773 r  u_wb/defaultClockArea_cpu/INT2_EXE_to_INT2_WB_EXE_RESULT[31]_i_36/O
                         net (fo=55, routed)          0.997    10.770    u_wb/defaultClockArea_cpu/INT2_EXE_to_INT2_WB_EXE_RESULT[31]_i_36_n_0
    SLICE_X38Y130        LUT6 (Prop_lut6_I3_O)        0.283    11.053 r  u_wb/defaultClockArea_cpu/INT2_EXE_to_INT2_WB_EXE_RESULT[20]_i_12/O
                         net (fo=2, routed)           0.787    11.840    u_wb/defaultClockArea_cpu/INT2_EXE_to_INT2_WB_EXE_RESULT[20]_i_12_n_0
    SLICE_X41Y131        LUT3 (Prop_lut3_I0_O)        0.119    11.959 r  u_wb/defaultClockArea_cpu/INT2_EXE_to_INT2_WB_EXE_RESULT[20]_i_7/O
                         net (fo=2, routed)           0.574    12.533    u_wb/defaultClockArea_cpu/INT2_EXE_to_INT2_WB_EXE_RESULT[20]_i_7_n_0
    SLICE_X40Y132        LUT6 (Prop_lut6_I4_O)        0.267    12.800 r  u_wb/defaultClockArea_cpu/INT2_EXE_to_INT2_WB_EXE_RESULT[19]_i_4/O
                         net (fo=1, routed)           0.571    13.371    u_wb/defaultClockArea_cpu/INT2_EXE_to_INT2_WB_EXE_RESULT[19]_i_4_n_0
    SLICE_X46Y131        LUT6 (Prop_lut6_I5_O)        0.105    13.476 r  u_wb/defaultClockArea_cpu/INT2_EXE_to_INT2_WB_EXE_RESULT[19]_i_1/O
                         net (fo=1, routed)           0.430    13.906    u_wb/defaultClockArea_cpu/INT2_EXE_to_INT2_WB_EXE_RESULT[19]_i_1_n_0
    SLICE_X49Y131        FDRE                                         r  u_wb/defaultClockArea_cpu/INT2_EXE_to_INT2_WB_EXE_RESULT_reg[19]/D
  -------------------------------------------------------------------    -------------------

                         (clock aclk rise edge)      10.000    10.000 r  
    L22                                               0.000    10.000 r  aclk (IN)
                         net (fo=0)                   0.000    10.000    aclk
    L22                  IBUF (Prop_ibuf_I_O)         0.762    10.762 r  aclk_IBUF_inst/O
                         net (fo=1, routed)           1.734    12.496    aclk_IBUF
    BUFGCTRL_X0Y0        BUFG (Prop_bufg_I_O)         0.077    12.573 r  aclk_IBUF_BUFG_inst/O
                         net (fo=17753, routed)       1.294    13.867    u_wb/defaultClockArea_cpu/aclk_IBUF_BUFG
    SLICE_X49Y131        FDRE                                         r  u_wb/defaultClockArea_cpu/INT2_EXE_to_INT2_WB_EXE_RESULT_reg[19]/C
                         clock pessimism              0.234    14.100    
                         clock uncertainty           -0.035    14.065    
    SLICE_X49Y131        FDRE (Setup_fdre_C_D)       -0.063    14.002    u_wb/defaultClockArea_cpu/INT2_EXE_to_INT2_WB_EXE_RESULT_reg[19]
  -------------------------------------------------------------------
                         required time                         14.002    
                         arrival time                         -13.906    
  -------------------------------------------------------------------
                         slack                                  0.096    

Slack (MET) :             0.162ns  (required time - arrival time)
  Source:                 u_wb/defaultClockArea_cpu/IntIssueQueuePlugin_queue_2_payload_rRegs_1_valid_reg/C
                            (rising edge-triggered cell FDRE clocked by aclk  {rise@0.000ns fall@5.000ns period=10.000ns})
  Destination:            u_wb/defaultClockArea_cpu/IntIssueQueuePlugin_queue_0_payload_rRegs_0_valid_reg/D
                            (rising edge-triggered cell FDRE clocked by aclk  {rise@0.000ns fall@5.000ns period=10.000ns})
  Path Group:             aclk
  Path Type:              Setup (Max at Slow Process Corner)
  Requirement:            10.000ns  (aclk rise@10.000ns - aclk rise@0.000ns)
  Data Path Delay:        9.632ns  (logic 1.954ns (20.286%)  route 7.678ns (79.714%))
  Logic Levels:           15  (LUT2=1 LUT3=1 LUT4=1 LUT5=4 LUT6=8)
  Clock Path Skew:        -0.246ns (DCD - SCD + CPR)
    Destination Clock Delay (DCD):    3.867ns = ( 13.867 - 10.000 ) 
    Source Clock Delay      (SCD):    4.347ns
    Clock Pessimism Removal (CPR):    0.234ns
  Clock Uncertainty:      0.035ns  ((TSJ^2 + TIJ^2)^1/2 + DJ) / 2 + PE
    Total System Jitter     (TSJ):    0.071ns
    Total Input Jitter      (TIJ):    0.000ns
    Discrete Jitter          (DJ):    0.000ns
    Phase Error              (PE):    0.000ns

    Location             Delay type                Incr(ns)  Path(ns)    Netlist Resource(s)
  -------------------------------------------------------------------    -------------------
                         (clock aclk rise edge)       0.000     0.000 r  
    L22                                               0.000     0.000 r  aclk (IN)
                         net (fo=0)                   0.000     0.000    aclk
    L22                  IBUF (Prop_ibuf_I_O)         0.893     0.893 r  aclk_IBUF_inst/O
                         net (fo=1, routed)           1.827     2.720    aclk_IBUF
    BUFGCTRL_X0Y0        BUFG (Prop_bufg_I_O)         0.081     2.801 r  aclk_IBUF_BUFG_inst/O
                         net (fo=17753, routed)       1.546     4.347    u_wb/defaultClockArea_cpu/aclk_IBUF_BUFG
    SLICE_X67Y97         FDRE                                         r  u_wb/defaultClockArea_cpu/IntIssueQueuePlugin_queue_2_payload_rRegs_1_valid_reg/C
  -------------------------------------------------------------------    -------------------
    SLICE_X67Y97         FDRE (Prop_fdre_C_Q)         0.379     4.726 r  u_wb/defaultClockArea_cpu/IntIssueQueuePlugin_queue_2_payload_rRegs_1_valid_reg/Q
                         net (fo=3, routed)           0.802     5.528    u_wb/defaultClockArea_cpu/IntIssueQueuePlugin_queue_2_payload_rRegs_1_valid_reg_n_0
    SLICE_X62Y107        LUT2 (Prop_lut2_I0_O)        0.105     5.633 r  u_wb/defaultClockArea_cpu/IntIssueQueuePlugin_queue_5_payload_uop_pc[31]_i_23/O
                         net (fo=5, routed)           0.389     6.022    u_wb/defaultClockArea_cpu/p_8192_in
    SLICE_X63Y107        LUT5 (Prop_lut5_I1_O)        0.105     6.127 r  u_wb/defaultClockArea_cpu/INT2_ISS_to_INT2_RRD_ISSUE_SLOT_uop_pc[31]_i_12/O
                         net (fo=2, routed)           0.493     6.621    u_wb/defaultClockArea_cpu/INT2_ISS_to_INT2_RRD_ISSUE_SLOT_uop_pc[31]_i_12_n_0
    SLICE_X65Y108        LUT6 (Prop_lut6_I5_O)        0.105     6.726 r  u_wb/defaultClockArea_cpu/INT2_ISS_to_INT2_RRD_ISSUE_SLOT_uop_pc[31]_i_8/O
                         net (fo=4, routed)           0.498     7.223    u_wb/defaultClockArea_cpu/INT2_ISS_to_INT2_RRD_ISSUE_SLOT_uop_pc[31]_i_8_n_0
    SLICE_X65Y106        LUT3 (Prop_lut3_I1_O)        0.105     7.328 f  u_wb/defaultClockArea_cpu/IntIssueQueuePlugin_queue_4_payload_uop_pc[31]_i_12/O
                         net (fo=11, routed)          0.710     8.039    u_wb/defaultClockArea_cpu/IntIssueQueuePlugin_queue_4_payload_uop_pc[31]_i_12_n_0
    SLICE_X64Y107        LUT6 (Prop_lut6_I5_O)        0.105     8.144 f  u_wb/defaultClockArea_cpu/IntIssueQueuePlugin_queue_5_payload_uop_pc[31]_i_16/O
                         net (fo=7, routed)           0.600     8.744    u_wb/defaultClockArea_cpu/IntIssueQueuePlugin_queue_5_payload_uop_pc[31]_i_16_n_0
    SLICE_X65Y105        LUT5 (Prop_lut5_I4_O)        0.105     8.849 f  u_wb/defaultClockArea_cpu/INT0_ISS_to_INT0_RRD_ISSUE_SLOT_robIdx[4]_i_8/O
                         net (fo=3, routed)           0.358     9.207    u_wb/defaultClockArea_cpu/INT0_ISS_to_INT0_RRD_ISSUE_SLOT_robIdx[4]_i_8_n_0
    SLICE_X65Y103        LUT6 (Prop_lut6_I3_O)        0.105     9.312 r  u_wb/defaultClockArea_cpu/INT0_ISS_to_INT0_RRD_ISSUE_SLOT_robIdx[4]_i_7/O
                         net (fo=142, routed)         0.659     9.970    u_wb/defaultClockArea_cpu/_zz_INT0_ISS_IntExecutePlugin_issSlot_rRegs_0_valid_3[1]
    SLICE_X70Y104        LUT6 (Prop_lut6_I3_O)        0.105    10.075 r  u_wb/defaultClockArea_cpu/INT0_ISS_to_INT0_RRD_ISSUE_SLOT_wReg[4]_i_2/O
                         net (fo=1, routed)           0.607    10.683    u_wb/defaultClockArea_cpu/INT0_ISS_to_INT0_RRD_ISSUE_SLOT_wReg[4]_i_2_n_0
    SLICE_X68Y102        LUT6 (Prop_lut6_I1_O)        0.105    10.788 r  u_wb/defaultClockArea_cpu/INT0_ISS_to_INT0_RRD_ISSUE_SLOT_wReg[4]_i_1/O
                         net (fo=17, routed)          0.557    11.345    u_wb/defaultClockArea_cpu/_zz_INT0_ISS_IntExecutePlugin_issSlot_wReg[4]
    SLICE_X69Y104        LUT4 (Prop_lut4_I3_O)        0.105    11.450 f  u_wb/defaultClockArea_cpu/IntIssueQueuePlugin_queue_1_payload_rRegs_0_valid_i_55/O
                         net (fo=1, routed)           0.339    11.789    u_wb/defaultClockArea_cpu/IntIssueQueuePlugin_queue_1_payload_rRegs_0_valid_i_55_n_0
    SLICE_X68Y105        LUT6 (Prop_lut6_I1_O)        0.105    11.894 r  u_wb/defaultClockArea_cpu/IntIssueQueuePlugin_queue_1_payload_rRegs_0_valid_i_35/O
                         net (fo=1, routed)           0.607    12.502    u_wb/defaultClockArea_cpu/IntIssueQueuePlugin_queue_1_payload_rRegs_0_valid_i_35_n_0
    SLICE_X65Y103        LUT5 (Prop_lut5_I1_O)        0.105    12.607 f  u_wb/defaultClockArea_cpu/IntIssueQueuePlugin_queue_1_payload_rRegs_0_valid_i_14/O
                         net (fo=1, routed)           0.453    13.059    u_wb/defaultClockArea_cpu/unsignedDivider_2/IntIssueQueuePlugin_queue_1_payload_rRegs_0_valid_i_3_1
    SLICE_X63Y101        LUT6 (Prop_lut6_I4_O)        0.105    13.164 f  u_wb/defaultClockArea_cpu/unsignedDivider_2/IntIssueQueuePlugin_queue_1_payload_rRegs_0_valid_i_6/O
                         net (fo=2, routed)           0.483    13.647    u_wb/defaultClockArea_cpu/unsignedDivider_2/IntIssueQueuePlugin_queue_1_payload_rRegs_0_valid_i_6_n_0
    SLICE_X64Y103        LUT6 (Prop_lut6_I5_O)        0.105    13.752 r  u_wb/defaultClockArea_cpu/unsignedDivider_2/IntIssueQueuePlugin_queue_0_payload_rRegs_0_valid_i_2/O
                         net (fo=1, routed)           0.121    13.874    u_wb/defaultClockArea_cpu/unsignedDivider_2/IntIssueQueuePlugin_queue_0_payload_rRegs_0_valid_i_2_n_0
    SLICE_X64Y103        LUT5 (Prop_lut5_I0_O)        0.105    13.979 r  u_wb/defaultClockArea_cpu/unsignedDivider_2/IntIssueQueuePlugin_queue_0_payload_rRegs_0_valid_i_1/O
                         net (fo=1, routed)           0.000    13.979    u_wb/defaultClockArea_cpu/unsignedDivider_2_n_42
    SLICE_X64Y103        FDRE                                         r  u_wb/defaultClockArea_cpu/IntIssueQueuePlugin_queue_0_payload_rRegs_0_valid_reg/D
  -------------------------------------------------------------------    -------------------

                         (clock aclk rise edge)      10.000    10.000 r  
    L22                                               0.000    10.000 r  aclk (IN)
                         net (fo=0)                   0.000    10.000    aclk
    L22                  IBUF (Prop_ibuf_I_O)         0.762    10.762 r  aclk_IBUF_inst/O
                         net (fo=1, routed)           1.734    12.496    aclk_IBUF
    BUFGCTRL_X0Y0        BUFG (Prop_bufg_I_O)         0.077    12.573 r  aclk_IBUF_BUFG_inst/O
                         net (fo=17753, routed)       1.294    13.867    u_wb/defaultClockArea_cpu/aclk_IBUF_BUFG
    SLICE_X64Y103        FDRE                                         r  u_wb/defaultClockArea_cpu/IntIssueQueuePlugin_queue_0_payload_rRegs_0_valid_reg/C
                         clock pessimism              0.234    14.100    
                         clock uncertainty           -0.035    14.065    
    SLICE_X64Y103        FDRE (Setup_fdre_C_D)        0.076    14.141    u_wb/defaultClockArea_cpu/IntIssueQueuePlugin_queue_0_payload_rRegs_0_valid_reg
  -------------------------------------------------------------------
                         required time                         14.141    
                         arrival time                         -13.979    
  -------------------------------------------------------------------
                         slack                                  0.162    

Slack (MET) :             0.216ns  (required time - arrival time)
  Source:                 u_wb/defaultClockArea_cpu/MULDIV_RRD_to_MULDIV_EXE_ISSUE_SLOT_uop_signed_reg_replica/C
                            (rising edge-triggered cell FDRE clocked by aclk  {rise@0.000ns fall@5.000ns period=10.000ns})
  Destination:            u_wb/defaultClockArea_cpu/IntIssueQueuePlugin_queue_3_payload_rRegs_0_valid_reg/D
                            (rising edge-triggered cell FDRE clocked by aclk  {rise@0.000ns fall@5.000ns period=10.000ns})
  Path Group:             aclk
  Path Type:              Setup (Max at Slow Process Corner)
  Requirement:            10.000ns  (aclk rise@10.000ns - aclk rise@0.000ns)
  Data Path Delay:        9.877ns  (logic 2.999ns (30.363%)  route 6.878ns (69.637%))
  Logic Levels:           20  (CARRY4=7 LUT3=3 LUT4=2 LUT5=4 LUT6=4)
  Clock Path Skew:        0.052ns (DCD - SCD + CPR)
    Destination Clock Delay (DCD):    4.004ns = ( 14.004 - 10.000 ) 
    Source Clock Delay      (SCD):    4.185ns
    Clock Pessimism Removal (CPR):    0.234ns
  Clock Uncertainty:      0.035ns  ((TSJ^2 + TIJ^2)^1/2 + DJ) / 2 + PE
    Total System Jitter     (TSJ):    0.071ns
    Total Input Jitter      (TIJ):    0.000ns
    Discrete Jitter          (DJ):    0.000ns
    Phase Error              (PE):    0.000ns

    Location             Delay type                Incr(ns)  Path(ns)    Netlist Resource(s)
  -------------------------------------------------------------------    -------------------
                         (clock aclk rise edge)       0.000     0.000 r  
    L22                                               0.000     0.000 r  aclk (IN)
                         net (fo=0)                   0.000     0.000    aclk
    L22                  IBUF (Prop_ibuf_I_O)         0.893     0.893 r  aclk_IBUF_inst/O
                         net (fo=1, routed)           1.827     2.720    aclk_IBUF
    BUFGCTRL_X0Y0        BUFG (Prop_bufg_I_O)         0.081     2.801 r  aclk_IBUF_BUFG_inst/O
                         net (fo=17753, routed)       1.385     4.185    u_wb/defaultClockArea_cpu/aclk_IBUF_BUFG
    SLICE_X75Y119        FDRE                                         r  u_wb/defaultClockArea_cpu/MULDIV_RRD_to_MULDIV_EXE_ISSUE_SLOT_uop_signed_reg_replica/C
  -------------------------------------------------------------------    -------------------
    SLICE_X75Y119        FDRE (Prop_fdre_C_Q)         0.379     4.564 r  u_wb/defaultClockArea_cpu/MULDIV_RRD_to_MULDIV_EXE_ISSUE_SLOT_uop_signed_reg_replica/Q
                         net (fo=52, routed)          0.712     5.276    u_wb/defaultClockArea_cpu/unsignedDivider_2/MULDIV_RRD_to_MULDIV_EXE_ISSUE_SLOT_uop_signed_repN_alias
    SLICE_X74Y117        LUT3 (Prop_lut3_I0_O)        0.105     5.381 r  u_wb/defaultClockArea_cpu/unsignedDivider_2/MULDIV_EXE_MulDivExecutePlugin_multiplier_i_43/O
                         net (fo=1, routed)           0.000     5.381    u_wb/defaultClockArea_cpu/unsignedDivider_2/_zz_MULDIV_EXE_MulDivExecutePlugin_absRj[5]
    SLICE_X74Y117        CARRY4 (Prop_carry4_S[1]_CO[3])
                                                      0.444     5.825 r  u_wb/defaultClockArea_cpu/unsignedDivider_2/MULDIV_EXE_MulDivExecutePlugin_multiplier_i_7/CO[3]
                         net (fo=1, routed)           0.000     5.825    u_wb/defaultClockArea_cpu/unsignedDivider_2/MULDIV_EXE_MulDivExecutePlugin_multiplier_i_7_n_0
    SLICE_X74Y118        CARRY4 (Prop_carry4_CI_CO[3])
                                                      0.100     5.925 r  u_wb/defaultClockArea_cpu/unsignedDivider_2/MULDIV_EXE_MulDivExecutePlugin_multiplier_i_6/CO[3]
                         net (fo=1, routed)           0.000     5.925    u_wb/defaultClockArea_cpu/unsignedDivider_2/MULDIV_EXE_MulDivExecutePlugin_multiplier_i_6_n_0
    SLICE_X74Y119        CARRY4 (Prop_carry4_CI_CO[3])
                                                      0.100     6.025 r  u_wb/defaultClockArea_cpu/unsignedDivider_2/MULDIV_EXE_MulDivExecutePlugin_multiplier_i_5/CO[3]
                         net (fo=1, routed)           0.000     6.025    u_wb/defaultClockArea_cpu/unsignedDivider_2/MULDIV_EXE_MulDivExecutePlugin_multiplier_i_5_n_0
    SLICE_X74Y120        CARRY4 (Prop_carry4_CI_CO[3])
                                                      0.100     6.125 r  u_wb/defaultClockArea_cpu/unsignedDivider_2/MULDIV_EXE_MulDivExecutePlugin_multiplier_i_4/CO[3]
                         net (fo=1, routed)           0.000     6.125    u_wb/defaultClockArea_cpu/unsignedDivider_2/MULDIV_EXE_MulDivExecutePlugin_multiplier_i_4_n_0
    SLICE_X74Y121        CARRY4 (Prop_carry4_CI_CO[3])
                                                      0.100     6.225 r  u_wb/defaultClockArea_cpu/unsignedDivider_2/MULDIV_EXE_MulDivExecutePlugin_multiplier_i_3/CO[3]
                         net (fo=1, routed)           0.000     6.225    u_wb/defaultClockArea_cpu/unsignedDivider_2/MULDIV_EXE_MulDivExecutePlugin_multiplier_i_3_n_0
    SLICE_X74Y122        CARRY4 (Prop_carry4_CI_CO[3])
                                                      0.100     6.325 r  u_wb/defaultClockArea_cpu/unsignedDivider_2/MULDIV_EXE_MulDivExecutePlugin_multiplier_i_2/CO[3]
                         net (fo=1, routed)           0.000     6.325    u_wb/defaultClockArea_cpu/unsignedDivider_2/MULDIV_EXE_MulDivExecutePlugin_multiplier_i_2_n_0
    SLICE_X74Y123        CARRY4 (Prop_carry4_CI_O[0])
                                                      0.178     6.503 f  u_wb/defaultClockArea_cpu/unsignedDivider_2/MULDIV_EXE_MulDivExecutePlugin_multiplier_i_1/O[0]
                         net (fo=3, routed)           0.821     7.324    u_wb/defaultClockArea_cpu/unsignedDivider_2/A[28]
    SLICE_X73Y122        LUT5 (Prop_lut5_I0_O)        0.238     7.562 r  u_wb/defaultClockArea_cpu/unsignedDivider_2/done_i_6/O
                         net (fo=1, routed)           0.616     8.178    u_wb/defaultClockArea_cpu/unsignedDivider_2/done_i_6_n_0
    SLICE_X73Y120        LUT4 (Prop_lut4_I2_O)        0.105     8.283 r  u_wb/defaultClockArea_cpu/unsignedDivider_2/done_i_2/O
                         net (fo=66, routed)          0.295     8.578    u_wb/defaultClockArea_cpu/unsignedDivider_2/p_8715_in
    SLICE_X72Y118        LUT5 (Prop_lut5_I2_O)        0.105     8.683 r  u_wb/defaultClockArea_cpu/unsignedDivider_2/MulDivIssueQueuePlugin_queue_0_payload_robIdx[4]_i_4/O
                         net (fo=94, routed)          0.273     8.956    u_wb/defaultClockArea_cpu/unsignedDivider_2/waitRsp_reg_0[0]
    SLICE_X72Y117        LUT4 (Prop_lut4_I3_O)        0.105     9.061 r  u_wb/defaultClockArea_cpu/unsignedDivider_2/MemIssueQueuePlugin_queue_4_payload_rRegs_0_valid_i_14/O
                         net (fo=23, routed)          0.427     9.488    u_wb/defaultClockArea_cpu/unsignedDivider_2/MULDIV_EXE_MulDivExecutePlugin_wakeupCycle
    SLICE_X72Y117        LUT3 (Prop_lut3_I1_O)        0.105     9.593 r  u_wb/defaultClockArea_cpu/unsignedDivider_2/MemIssueQueuePlugin_queue_4_payload_rRegs_0_valid_i_8/O
                         net (fo=24, routed)          0.657    10.251    u_wb/defaultClockArea_cpu/unsignedDivider_2/MemIssueQueuePlugin_queue_4_payload_rRegs_0_valid_i_8_n_0
    SLICE_X64Y118        LUT6 (Prop_lut6_I2_O)        0.105    10.356 r  u_wb/defaultClockArea_cpu/unsignedDivider_2/IntIssueQueuePlugin_queue_6_payload_rRegs_0_valid_i_53/O
                         net (fo=1, routed)           0.872    11.228    u_wb/defaultClockArea_cpu/unsignedDivider_2/IntIssueQueuePlugin_queue_6_payload_rRegs_0_valid_i_53_n_0
    SLICE_X64Y99         LUT6 (Prop_lut6_I5_O)        0.105    11.333 r  u_wb/defaultClockArea_cpu/unsignedDivider_2/IntIssueQueuePlugin_queue_6_payload_rRegs_0_valid_i_20/O
                         net (fo=2, routed)           0.232    11.565    u_wb/defaultClockArea_cpu/unsignedDivider_2/IntIssueQueuePlugin_queue_6_payload_rRegs_0_valid_i_20_n_0
    SLICE_X65Y98         LUT5 (Prop_lut5_I3_O)        0.105    11.670 r  u_wb/defaultClockArea_cpu/unsignedDivider_2/IntIssueQueuePlugin_queue_6_payload_rRegs_0_valid_i_7/O
                         net (fo=8, routed)           0.481    12.152    u_wb/defaultClockArea_cpu/unsignedDivider_2/IntIssueQueuePlugin_queue_6_payload_rRegs_0_valid_i_7_n_0
    SLICE_X65Y98         LUT5 (Prop_lut5_I2_O)        0.105    12.257 r  u_wb/defaultClockArea_cpu/unsignedDivider_2/IntIssueQueuePlugin_queue_6_payload_rRegs_0_valid_i_8/O
                         net (fo=5, routed)           0.416    12.673    u_wb/defaultClockArea_cpu/unsignedDivider_2/IntIssueQueuePlugin_queue_6_payload_rRegs_0_valid_i_8_n_0
    SLICE_X65Y100        LUT3 (Prop_lut3_I2_O)        0.105    12.778 f  u_wb/defaultClockArea_cpu/unsignedDivider_2/IntIssueQueuePlugin_queue_2_payload_rRegs_0_valid_i_4/O
                         net (fo=2, routed)           0.597    13.375    u_wb/defaultClockArea_cpu/unsignedDivider_2/IntIssueQueuePlugin_queue_2_payload_rRegs_0_valid_i_4_n_0
    SLICE_X64Y97         LUT6 (Prop_lut6_I2_O)        0.105    13.480 r  u_wb/defaultClockArea_cpu/unsignedDivider_2/IntIssueQueuePlugin_queue_3_payload_rRegs_0_valid_i_2/O
                         net (fo=1, routed)           0.478    13.957    u_wb/defaultClockArea_cpu/unsignedDivider_2/IntIssueQueuePlugin_queue_3_payload_rRegs_0_valid_i_2_n_0
    SLICE_X64Y99         LUT6 (Prop_lut6_I0_O)        0.105    14.062 r  u_wb/defaultClockArea_cpu/unsignedDivider_2/IntIssueQueuePlugin_queue_3_payload_rRegs_0_valid_i_1/O
                         net (fo=1, routed)           0.000    14.062    u_wb/defaultClockArea_cpu/unsignedDivider_2_n_182
    SLICE_X64Y99         FDRE                                         r  u_wb/defaultClockArea_cpu/IntIssueQueuePlugin_queue_3_payload_rRegs_0_valid_reg/D
  -------------------------------------------------------------------    -------------------

                         (clock aclk rise edge)      10.000    10.000 r  
    L22                                               0.000    10.000 r  aclk (IN)
                         net (fo=0)                   0.000    10.000    aclk
    L22                  IBUF (Prop_ibuf_I_O)         0.762    10.762 r  aclk_IBUF_inst/O
                         net (fo=1, routed)           1.734    12.496    aclk_IBUF
    BUFGCTRL_X0Y0        BUFG (Prop_bufg_I_O)         0.077    12.573 r  aclk_IBUF_BUFG_inst/O
                         net (fo=17753, routed)       1.431    14.004    u_wb/defaultClockArea_cpu/aclk_IBUF_BUFG
    SLICE_X64Y99         FDRE                                         r  u_wb/defaultClockArea_cpu/IntIssueQueuePlugin_queue_3_payload_rRegs_0_valid_reg/C
                         clock pessimism              0.234    14.238    
                         clock uncertainty           -0.035    14.202    
    SLICE_X64Y99         FDRE (Setup_fdre_C_D)        0.076    14.278    u_wb/defaultClockArea_cpu/IntIssueQueuePlugin_queue_3_payload_rRegs_0_valid_reg
  -------------------------------------------------------------------
                         required time                         14.278    
                         arrival time                         -14.062    
  -------------------------------------------------------------------
                         slack                                  0.216    

Slack (MET) :             0.221ns  (required time - arrival time)
  Source:                 u_wb/defaultClockArea_cpu/INT1_EXE_to_INT1_WB_WRITE_REG_payload_reg[5]/C
                            (rising edge-triggered cell FDRE clocked by aclk  {rise@0.000ns fall@5.000ns period=10.000ns})
  Destination:            u_wb/defaultClockArea_cpu/INT1_EXE_to_INT1_WB_EXE_RESULT_reg[7]/D
                            (rising edge-triggered cell FDRE clocked by aclk  {rise@0.000ns fall@5.000ns period=10.000ns})
  Path Group:             aclk
  Path Type:              Setup (Max at Slow Process Corner)
  Requirement:            10.000ns  (aclk rise@10.000ns - aclk rise@0.000ns)
  Data Path Delay:        9.557ns  (logic 2.055ns (21.502%)  route 7.502ns (78.498%))
  Logic Levels:           11  (LUT2=1 LUT3=1 LUT4=2 LUT5=2 LUT6=5)
  Clock Path Skew:        -0.015ns (DCD - SCD + CPR)
    Destination Clock Delay (DCD):    3.873ns = ( 13.873 - 10.000 ) 
    Source Clock Delay      (SCD):    4.181ns
    Clock Pessimism Removal (CPR):    0.294ns
  Clock Uncertainty:      0.035ns  ((TSJ^2 + TIJ^2)^1/2 + DJ) / 2 + PE
    Total System Jitter     (TSJ):    0.071ns
    Total Input Jitter      (TIJ):    0.000ns
    Discrete Jitter          (DJ):    0.000ns
    Phase Error              (PE):    0.000ns

    Location             Delay type                Incr(ns)  Path(ns)    Netlist Resource(s)
  -------------------------------------------------------------------    -------------------
                         (clock aclk rise edge)       0.000     0.000 r  
    L22                                               0.000     0.000 r  aclk (IN)
                         net (fo=0)                   0.000     0.000    aclk
    L22                  IBUF (Prop_ibuf_I_O)         0.893     0.893 r  aclk_IBUF_inst/O
                         net (fo=1, routed)           1.827     2.720    aclk_IBUF
    BUFGCTRL_X0Y0        BUFG (Prop_bufg_I_O)         0.081     2.801 r  aclk_IBUF_BUFG_inst/O
                         net (fo=17753, routed)       1.381     4.181    u_wb/defaultClockArea_cpu/aclk_IBUF_BUFG
    SLICE_X89Y126        FDRE                                         r  u_wb/defaultClockArea_cpu/INT1_EXE_to_INT1_WB_WRITE_REG_payload_reg[5]/C
  -------------------------------------------------------------------    -------------------
    SLICE_X89Y126        FDRE (Prop_fdre_C_Q)         0.379     4.560 r  u_wb/defaultClockArea_cpu/INT1_EXE_to_INT1_WB_WRITE_REG_payload_reg[5]/Q
                         net (fo=18, routed)          0.860     5.420    u_wb/defaultClockArea_cpu/INT1_EXE_to_INT1_WB_WRITE_REG_payload[5]
    SLICE_X89Y127        LUT6 (Prop_lut6_I3_O)        0.105     5.525 r  u_wb/defaultClockArea_cpu/INT1_EXE_to_INT1_WB_EXE_RESULT[30]_i_30/O
                         net (fo=1, routed)           0.546     6.072    u_wb/defaultClockArea_cpu/INT1_EXE_to_INT1_WB_EXE_RESULT[30]_i_30_n_0
    SLICE_X89Y127        LUT4 (Prop_lut4_I2_O)        0.105     6.177 r  u_wb/defaultClockArea_cpu/INT1_EXE_to_INT1_WB_EXE_RESULT[30]_i_21/O
                         net (fo=33, routed)          0.517     6.693    u_wb/defaultClockArea_cpu/_zz_IntExecutePlugin_bypassRsp_1_payload_1_2[0]
    SLICE_X89Y125        LUT6 (Prop_lut6_I0_O)        0.105     6.798 r  u_wb/defaultClockArea_cpu/INT1_EXE_to_INT1_WB_EXE_RESULT[30]_i_17/O
                         net (fo=31, routed)          0.679     7.477    u_wb/defaultClockArea_cpu/when_BypassNetworkPlugin_l36_3
    SLICE_X93Y123        LUT5 (Prop_lut5_I1_O)        0.108     7.585 f  u_wb/defaultClockArea_cpu/INT1_EXE_to_INT1_WB_EXE_RESULT[30]_i_19/O
                         net (fo=67, routed)          1.008     8.594    u_wb/defaultClockArea_cpu/INT1_EXE_IntExecutePlugin_alu_io_sa[3]
    SLICE_X111Y122       LUT2 (Prop_lut2_I0_O)        0.269     8.863 r  u_wb/defaultClockArea_cpu/INT1_EXE_to_INT1_WB_EXE_RESULT[31]_i_24/O
                         net (fo=55, routed)          0.804     9.667    u_wb/defaultClockArea_cpu/INT1_EXE_to_INT1_WB_EXE_RESULT[31]_i_24_n_0
    SLICE_X107Y120       LUT4 (Prop_lut4_I2_O)        0.277     9.944 r  u_wb/defaultClockArea_cpu/INT1_EXE_to_INT1_WB_EXE_RESULT[7]_i_16/O
                         net (fo=1, routed)           0.367    10.311    u_wb/defaultClockArea_cpu/INT1_EXE_to_INT1_WB_EXE_RESULT[7]_i_16_n_0
    SLICE_X108Y119       LUT6 (Prop_lut6_I5_O)        0.267    10.578 r  u_wb/defaultClockArea_cpu/INT1_EXE_to_INT1_WB_EXE_RESULT[7]_i_8/O
                         net (fo=2, routed)           0.385    10.963    u_wb/defaultClockArea_cpu/INT1_EXE_to_INT1_WB_EXE_RESULT[7]_i_8_n_0
    SLICE_X109Y122       LUT6 (Prop_lut6_I5_O)        0.105    11.068 r  u_wb/defaultClockArea_cpu/INT1_EXE_to_INT1_WB_EXE_RESULT[7]_i_4/O
                         net (fo=1, routed)           0.484    11.552    u_wb/defaultClockArea_cpu/INT1_EXE_to_INT1_WB_EXE_RESULT[7]_i_4_n_0
    SLICE_X104Y120       LUT6 (Prop_lut6_I2_O)        0.105    11.657 r  u_wb/defaultClockArea_cpu/INT1_EXE_to_INT1_WB_EXE_RESULT[7]_i_3/O
                         net (fo=1, routed)           0.776    12.433    u_wb/defaultClockArea_cpu/INT1_EXE_IntExecutePlugin_alu_io_result[7]
    SLICE_X100Y108       LUT5 (Prop_lut5_I4_O)        0.105    12.538 r  u_wb/defaultClockArea_cpu/INT1_EXE_to_INT1_WB_EXE_RESULT[7]_i_2/O
                         net (fo=1, routed)           0.589    13.126    u_wb/defaultClockArea_cpu/INT1_EXE_to_INT1_WB_EXE_RESULT[7]_i_2_n_0
    SLICE_X100Y111       LUT3 (Prop_lut3_I2_O)        0.125    13.251 r  u_wb/defaultClockArea_cpu/INT1_EXE_to_INT1_WB_EXE_RESULT[7]_i_1/O
                         net (fo=1, routed)           0.487    13.739    u_wb/defaultClockArea_cpu/INT1_EXE_to_INT1_WB_EXE_RESULT[7]_i_1_n_0
    SLICE_X100Y111       FDRE                                         r  u_wb/defaultClockArea_cpu/INT1_EXE_to_INT1_WB_EXE_RESULT_reg[7]/D
  -------------------------------------------------------------------    -------------------

                         (clock aclk rise edge)      10.000    10.000 r  
    L22                                               0.000    10.000 r  aclk (IN)
                         net (fo=0)                   0.000    10.000    aclk
    L22                  IBUF (Prop_ibuf_I_O)         0.762    10.762 r  aclk_IBUF_inst/O
                         net (fo=1, routed)           1.734    12.496    aclk_IBUF
    BUFGCTRL_X0Y0        BUFG (Prop_bufg_I_O)         0.077    12.573 r  aclk_IBUF_BUFG_inst/O
                         net (fo=17753, routed)       1.300    13.873    u_wb/defaultClockArea_cpu/aclk_IBUF_BUFG
    SLICE_X100Y111       FDRE                                         r  u_wb/defaultClockArea_cpu/INT1_EXE_to_INT1_WB_EXE_RESULT_reg[7]/C
                         clock pessimism              0.294    14.166    
                         clock uncertainty           -0.035    14.131    
    SLICE_X100Y111       FDRE (Setup_fdre_C_D)       -0.171    13.960    u_wb/defaultClockArea_cpu/INT1_EXE_to_INT1_WB_EXE_RESULT_reg[7]
  -------------------------------------------------------------------
                         required time                         13.960    
                         arrival time                         -13.739    
  -------------------------------------------------------------------
                         slack                                  0.221    

Slack (MET) :             0.234ns  (required time - arrival time)
  Source:                 u_wb/defaultClockArea_cpu/MULDIV_RRD_to_MULDIV_EXE_ISSUE_SLOT_uop_signed_reg_replica/C
                            (rising edge-triggered cell FDRE clocked by aclk  {rise@0.000ns fall@5.000ns period=10.000ns})
  Destination:            u_wb/defaultClockArea_cpu/IntIssueQueuePlugin_queue_5_payload_rRegs_0_valid_reg/D
                            (rising edge-triggered cell FDRE clocked by aclk  {rise@0.000ns fall@5.000ns period=10.000ns})
  Path Group:             aclk
  Path Type:              Setup (Max at Slow Process Corner)
  Requirement:            10.000ns  (aclk rise@10.000ns - aclk rise@0.000ns)
  Data Path Delay:        9.738ns  (logic 2.999ns (30.796%)  route 6.739ns (69.204%))
  Logic Levels:           20  (CARRY4=7 LUT3=3 LUT4=3 LUT5=4 LUT6=3)
  Clock Path Skew:        -0.025ns (DCD - SCD + CPR)
    Destination Clock Delay (DCD):    3.867ns = ( 13.867 - 10.000 ) 
    Source Clock Delay      (SCD):    4.185ns
    Clock Pessimism Removal (CPR):    0.294ns
  Clock Uncertainty:      0.035ns  ((TSJ^2 + TIJ^2)^1/2 + DJ) / 2 + PE
    Total System Jitter     (TSJ):    0.071ns
    Total Input Jitter      (TIJ):    0.000ns
    Discrete Jitter          (DJ):    0.000ns
    Phase Error              (PE):    0.000ns

    Location             Delay type                Incr(ns)  Path(ns)    Netlist Resource(s)
  -------------------------------------------------------------------    -------------------
                         (clock aclk rise edge)       0.000     0.000 r  
    L22                                               0.000     0.000 r  aclk (IN)
                         net (fo=0)                   0.000     0.000    aclk
    L22                  IBUF (Prop_ibuf_I_O)         0.893     0.893 r  aclk_IBUF_inst/O
                         net (fo=1, routed)           1.827     2.720    aclk_IBUF
    BUFGCTRL_X0Y0        BUFG (Prop_bufg_I_O)         0.081     2.801 r  aclk_IBUF_BUFG_inst/O
                         net (fo=17753, routed)       1.385     4.185    u_wb/defaultClockArea_cpu/aclk_IBUF_BUFG
    SLICE_X75Y119        FDRE                                         r  u_wb/defaultClockArea_cpu/MULDIV_RRD_to_MULDIV_EXE_ISSUE_SLOT_uop_signed_reg_replica/C
  -------------------------------------------------------------------    -------------------
    SLICE_X75Y119        FDRE (Prop_fdre_C_Q)         0.379     4.564 r  u_wb/defaultClockArea_cpu/MULDIV_RRD_to_MULDIV_EXE_ISSUE_SLOT_uop_signed_reg_replica/Q
                         net (fo=52, routed)          0.712     5.276    u_wb/defaultClockArea_cpu/unsignedDivider_2/MULDIV_RRD_to_MULDIV_EXE_ISSUE_SLOT_uop_signed_repN_alias
    SLICE_X74Y117        LUT3 (Prop_lut3_I0_O)        0.105     5.381 r  u_wb/defaultClockArea_cpu/unsignedDivider_2/MULDIV_EXE_MulDivExecutePlugin_multiplier_i_43/O
                         net (fo=1, routed)           0.000     5.381    u_wb/defaultClockArea_cpu/unsignedDivider_2/_zz_MULDIV_EXE_MulDivExecutePlugin_absRj[5]
    SLICE_X74Y117        CARRY4 (Prop_carry4_S[1]_CO[3])
                                                      0.444     5.825 r  u_wb/defaultClockArea_cpu/unsignedDivider_2/MULDIV_EXE_MulDivExecutePlugin_multiplier_i_7/CO[3]
                         net (fo=1, routed)           0.000     5.825    u_wb/defaultClockArea_cpu/unsignedDivider_2/MULDIV_EXE_MulDivExecutePlugin_multiplier_i_7_n_0
    SLICE_X74Y118        CARRY4 (Prop_carry4_CI_CO[3])
                                                      0.100     5.925 r  u_wb/defaultClockArea_cpu/unsignedDivider_2/MULDIV_EXE_MulDivExecutePlugin_multiplier_i_6/CO[3]
                         net (fo=1, routed)           0.000     5.925    u_wb/defaultClockArea_cpu/unsignedDivider_2/MULDIV_EXE_MulDivExecutePlugin_multiplier_i_6_n_0
    SLICE_X74Y119        CARRY4 (Prop_carry4_CI_CO[3])
                                                      0.100     6.025 r  u_wb/defaultClockArea_cpu/unsignedDivider_2/MULDIV_EXE_MulDivExecutePlugin_multiplier_i_5/CO[3]
                         net (fo=1, routed)           0.000     6.025    u_wb/defaultClockArea_cpu/unsignedDivider_2/MULDIV_EXE_MulDivExecutePlugin_multiplier_i_5_n_0
    SLICE_X74Y120        CARRY4 (Prop_carry4_CI_CO[3])
                                                      0.100     6.125 r  u_wb/defaultClockArea_cpu/unsignedDivider_2/MULDIV_EXE_MulDivExecutePlugin_multiplier_i_4/CO[3]
                         net (fo=1, routed)           0.000     6.125    u_wb/defaultClockArea_cpu/unsignedDivider_2/MULDIV_EXE_MulDivExecutePlugin_multiplier_i_4_n_0
    SLICE_X74Y121        CARRY4 (Prop_carry4_CI_CO[3])
                                                      0.100     6.225 r  u_wb/defaultClockArea_cpu/unsignedDivider_2/MULDIV_EXE_MulDivExecutePlugin_multiplier_i_3/CO[3]
                         net (fo=1, routed)           0.000     6.225    u_wb/defaultClockArea_cpu/unsignedDivider_2/MULDIV_EXE_MulDivExecutePlugin_multiplier_i_3_n_0
    SLICE_X74Y122        CARRY4 (Prop_carry4_CI_CO[3])
                                                      0.100     6.325 r  u_wb/defaultClockArea_cpu/unsignedDivider_2/MULDIV_EXE_MulDivExecutePlugin_multiplier_i_2/CO[3]
                         net (fo=1, routed)           0.000     6.325    u_wb/defaultClockArea_cpu/unsignedDivider_2/MULDIV_EXE_MulDivExecutePlugin_multiplier_i_2_n_0
    SLICE_X74Y123        CARRY4 (Prop_carry4_CI_O[0])
                                                      0.178     6.503 f  u_wb/defaultClockArea_cpu/unsignedDivider_2/MULDIV_EXE_MulDivExecutePlugin_multiplier_i_1/O[0]
                         net (fo=3, routed)           0.821     7.324    u_wb/defaultClockArea_cpu/unsignedDivider_2/A[28]
    SLICE_X73Y122        LUT5 (Prop_lut5_I0_O)        0.238     7.562 r  u_wb/defaultClockArea_cpu/unsignedDivider_2/done_i_6/O
                         net (fo=1, routed)           0.616     8.178    u_wb/defaultClockArea_cpu/unsignedDivider_2/done_i_6_n_0
    SLICE_X73Y120        LUT4 (Prop_lut4_I2_O)        0.105     8.283 r  u_wb/defaultClockArea_cpu/unsignedDivider_2/done_i_2/O
                         net (fo=66, routed)          0.295     8.578    u_wb/defaultClockArea_cpu/unsignedDivider_2/p_8715_in
    SLICE_X72Y118        LUT5 (Prop_lut5_I2_O)        0.105     8.683 r  u_wb/defaultClockArea_cpu/unsignedDivider_2/MulDivIssueQueuePlugin_queue_0_payload_robIdx[4]_i_4/O
                         net (fo=94, routed)          0.273     8.956    u_wb/defaultClockArea_cpu/unsignedDivider_2/waitRsp_reg_0[0]
    SLICE_X72Y117        LUT4 (Prop_lut4_I3_O)        0.105     9.061 r  u_wb/defaultClockArea_cpu/unsignedDivider_2/MemIssueQueuePlugin_queue_4_payload_rRegs_0_valid_i_14/O
                         net (fo=23, routed)          0.427     9.488    u_wb/defaultClockArea_cpu/unsignedDivider_2/MULDIV_EXE_MulDivExecutePlugin_wakeupCycle
    SLICE_X72Y117        LUT3 (Prop_lut3_I1_O)        0.105     9.593 r  u_wb/defaultClockArea_cpu/unsignedDivider_2/MemIssueQueuePlugin_queue_4_payload_rRegs_0_valid_i_8/O
                         net (fo=24, routed)          0.657    10.251    u_wb/defaultClockArea_cpu/unsignedDivider_2/MemIssueQueuePlugin_queue_4_payload_rRegs_0_valid_i_8_n_0
    SLICE_X64Y118        LUT6 (Prop_lut6_I2_O)        0.105    10.356 r  u_wb/defaultClockArea_cpu/unsignedDivider_2/IntIssueQueuePlugin_queue_6_payload_rRegs_0_valid_i_53/O
                         net (fo=1, routed)           0.872    11.228    u_wb/defaultClockArea_cpu/unsignedDivider_2/IntIssueQueuePlugin_queue_6_payload_rRegs_0_valid_i_53_n_0
    SLICE_X64Y99         LUT6 (Prop_lut6_I5_O)        0.105    11.333 r  u_wb/defaultClockArea_cpu/unsignedDivider_2/IntIssueQueuePlugin_queue_6_payload_rRegs_0_valid_i_20/O
                         net (fo=2, routed)           0.232    11.565    u_wb/defaultClockArea_cpu/unsignedDivider_2/IntIssueQueuePlugin_queue_6_payload_rRegs_0_valid_i_20_n_0
    SLICE_X65Y98         LUT5 (Prop_lut5_I3_O)        0.105    11.670 r  u_wb/defaultClockArea_cpu/unsignedDivider_2/IntIssueQueuePlugin_queue_6_payload_rRegs_0_valid_i_7/O
                         net (fo=8, routed)           0.481    12.152    u_wb/defaultClockArea_cpu/unsignedDivider_2/IntIssueQueuePlugin_queue_6_payload_rRegs_0_valid_i_7_n_0
    SLICE_X65Y98         LUT5 (Prop_lut5_I2_O)        0.105    12.257 r  u_wb/defaultClockArea_cpu/unsignedDivider_2/IntIssueQueuePlugin_queue_6_payload_rRegs_0_valid_i_8/O
                         net (fo=5, routed)           0.474    12.731    u_wb/defaultClockArea_cpu/unsignedDivider_2/IntIssueQueuePlugin_queue_6_payload_rRegs_0_valid_i_8_n_0
    SLICE_X65Y101        LUT3 (Prop_lut3_I1_O)        0.105    12.836 f  u_wb/defaultClockArea_cpu/unsignedDivider_2/IntIssueQueuePlugin_queue_6_payload_rRegs_0_valid_i_4/O
                         net (fo=2, routed)           0.549    13.385    u_wb/defaultClockArea_cpu/unsignedDivider_2/IntIssueQueuePlugin_queue_6_payload_rRegs_0_valid_i_4_n_0
    SLICE_X64Y101        LUT6 (Prop_lut6_I4_O)        0.105    13.490 r  u_wb/defaultClockArea_cpu/unsignedDivider_2/IntIssueQueuePlugin_queue_6_payload_rRegs_0_valid_i_1/O
                         net (fo=3, routed)           0.329    13.819    u_wb/defaultClockArea_cpu/unsignedDivider_2/RENAME_to_DISPATCH_PUSH_INDEXES_2_payload_reg[1]_0
    SLICE_X65Y100        LUT4 (Prop_lut4_I2_O)        0.105    13.924 r  u_wb/defaultClockArea_cpu/unsignedDivider_2/IntIssueQueuePlugin_queue_5_payload_rRegs_0_valid_i_1/O
                         net (fo=1, routed)           0.000    13.924    u_wb/defaultClockArea_cpu/unsignedDivider_2_n_2
    SLICE_X65Y100        FDRE                                         r  u_wb/defaultClockArea_cpu/IntIssueQueuePlugin_queue_5_payload_rRegs_0_valid_reg/D
  -------------------------------------------------------------------    -------------------

                         (clock aclk rise edge)      10.000    10.000 r  
    L22                                               0.000    10.000 r  aclk (IN)
                         net (fo=0)                   0.000    10.000    aclk
    L22                  IBUF (Prop_ibuf_I_O)         0.762    10.762 r  aclk_IBUF_inst/O
                         net (fo=1, routed)           1.734    12.496    aclk_IBUF
    BUFGCTRL_X0Y0        BUFG (Prop_bufg_I_O)         0.077    12.573 r  aclk_IBUF_BUFG_inst/O
                         net (fo=17753, routed)       1.294    13.867    u_wb/defaultClockArea_cpu/aclk_IBUF_BUFG
    SLICE_X65Y100        FDRE                                         r  u_wb/defaultClockArea_cpu/IntIssueQueuePlugin_queue_5_payload_rRegs_0_valid_reg/C
                         clock pessimism              0.294    14.160    
                         clock uncertainty           -0.035    14.125    
    SLICE_X65Y100        FDRE (Setup_fdre_C_D)        0.033    14.158    u_wb/defaultClockArea_cpu/IntIssueQueuePlugin_queue_5_payload_rRegs_0_valid_reg
  -------------------------------------------------------------------
                         required time                         14.158    
                         arrival time                         -13.924    
  -------------------------------------------------------------------
                         slack                                  0.234    

Slack (MET) :             0.236ns  (required time - arrival time)
  Source:                 u_wb/defaultClockArea_cpu/IntIssueQueuePlugin_queue_0_payload_rRegs_0_valid_reg/C
                            (rising edge-triggered cell FDRE clocked by aclk  {rise@0.000ns fall@5.000ns period=10.000ns})
  Destination:            u_wb/defaultClockArea_cpu/IntIssueQueuePlugin_queue_0_payload_rRegs_1_valid_reg/D
                            (rising edge-triggered cell FDRE clocked by aclk  {rise@0.000ns fall@5.000ns period=10.000ns})
  Path Group:             aclk
  Path Type:              Setup (Max at Slow Process Corner)
  Requirement:            10.000ns  (aclk rise@10.000ns - aclk rise@0.000ns)
  Data Path Delay:        9.831ns  (logic 2.113ns (21.494%)  route 7.718ns (78.506%))
  Logic Levels:           16  (LUT2=1 LUT3=1 LUT4=1 LUT5=3 LUT6=10)
  Clock Path Skew:        0.030ns (DCD - SCD + CPR)
    Destination Clock Delay (DCD):    4.002ns = ( 14.002 - 10.000 ) 
    Source Clock Delay      (SCD):    4.205ns
    Clock Pessimism Removal (CPR):    0.234ns
  Clock Uncertainty:      0.035ns  ((TSJ^2 + TIJ^2)^1/2 + DJ) / 2 + PE
    Total System Jitter     (TSJ):    0.071ns
    Total Input Jitter      (TIJ):    0.000ns
    Discrete Jitter          (DJ):    0.000ns
    Phase Error              (PE):    0.000ns

    Location             Delay type                Incr(ns)  Path(ns)    Netlist Resource(s)
  -------------------------------------------------------------------    -------------------
                         (clock aclk rise edge)       0.000     0.000 r  
    L22                                               0.000     0.000 r  aclk (IN)
                         net (fo=0)                   0.000     0.000    aclk
    L22                  IBUF (Prop_ibuf_I_O)         0.893     0.893 r  aclk_IBUF_inst/O
                         net (fo=1, routed)           1.827     2.720    aclk_IBUF
    BUFGCTRL_X0Y0        BUFG (Prop_bufg_I_O)         0.081     2.801 r  aclk_IBUF_BUFG_inst/O
                         net (fo=17753, routed)       1.405     4.205    u_wb/defaultClockArea_cpu/aclk_IBUF_BUFG
    SLICE_X64Y103        FDRE                                         r  u_wb/defaultClockArea_cpu/IntIssueQueuePlugin_queue_0_payload_rRegs_0_valid_reg/C
  -------------------------------------------------------------------    -------------------
    SLICE_X64Y103        FDRE (Prop_fdre_C_Q)         0.433     4.638 f  u_wb/defaultClockArea_cpu/IntIssueQueuePlugin_queue_0_payload_rRegs_0_valid_reg/Q
                         net (fo=2, routed)           0.506     5.144    u_wb/defaultClockArea_cpu/IntIssueQueuePlugin_queue_0_payload_rRegs_0_valid_reg_n_0
    SLICE_X66Y101        LUT2 (Prop_lut2_I0_O)        0.105     5.249 f  u_wb/defaultClockArea_cpu/IntIssueQueuePlugin_queue_0_payload_uop_pc[31]_i_9/O
                         net (fo=15, routed)          0.695     5.944    u_wb/defaultClockArea_cpu/p_8186_in
    SLICE_X65Y108        LUT5 (Prop_lut5_I4_O)        0.105     6.049 r  u_wb/defaultClockArea_cpu/INT1_ISS_to_INT1_RRD_ISSUE_SLOT_uop_pc[31]_i_12/O
                         net (fo=1, routed)           0.357     6.406    u_wb/defaultClockArea_cpu/INT1_ISS_to_INT1_RRD_ISSUE_SLOT_uop_pc[31]_i_12_n_0
    SLICE_X64Y108        LUT6 (Prop_lut6_I0_O)        0.105     6.511 f  u_wb/defaultClockArea_cpu/INT1_ISS_to_INT1_RRD_ISSUE_SLOT_uop_pc[31]_i_11/O
                         net (fo=2, routed)           0.238     6.749    u_wb/defaultClockArea_cpu/INT1_ISS_to_INT1_RRD_ISSUE_SLOT_uop_pc[31]_i_11_n_0
    SLICE_X65Y108        LUT6 (Prop_lut6_I0_O)        0.105     6.854 f  u_wb/defaultClockArea_cpu/INT1_ISS_to_INT1_RRD_ISSUE_SLOT_uop_pc[31]_i_10/O
                         net (fo=3, routed)           0.355     7.209    u_wb/defaultClockArea_cpu/INT1_ISS_to_INT1_RRD_ISSUE_SLOT_uop_pc[31]_i_10_n_0
    SLICE_X65Y106        LUT3 (Prop_lut3_I0_O)        0.105     7.314 f  u_wb/defaultClockArea_cpu/IntIssueQueuePlugin_queue_4_payload_uop_pc[31]_i_12/O
                         net (fo=11, routed)          0.710     8.024    u_wb/defaultClockArea_cpu/IntIssueQueuePlugin_queue_4_payload_uop_pc[31]_i_12_n_0
    SLICE_X64Y107        LUT6 (Prop_lut6_I5_O)        0.105     8.129 f  u_wb/defaultClockArea_cpu/IntIssueQueuePlugin_queue_5_payload_uop_pc[31]_i_16/O
                         net (fo=7, routed)           0.600     8.729    u_wb/defaultClockArea_cpu/IntIssueQueuePlugin_queue_5_payload_uop_pc[31]_i_16_n_0
    SLICE_X65Y105        LUT5 (Prop_lut5_I4_O)        0.105     8.834 f  u_wb/defaultClockArea_cpu/INT0_ISS_to_INT0_RRD_ISSUE_SLOT_robIdx[4]_i_8/O
                         net (fo=3, routed)           0.358     9.192    u_wb/defaultClockArea_cpu/INT0_ISS_to_INT0_RRD_ISSUE_SLOT_robIdx[4]_i_8_n_0
    SLICE_X65Y103        LUT6 (Prop_lut6_I3_O)        0.105     9.297 r  u_wb/defaultClockArea_cpu/INT0_ISS_to_INT0_RRD_ISSUE_SLOT_robIdx[4]_i_7/O
                         net (fo=142, routed)         0.576     9.873    u_wb/defaultClockArea_cpu/_zz_INT0_ISS_IntExecutePlugin_issSlot_rRegs_0_valid_3[1]
    SLICE_X66Y103        LUT4 (Prop_lut4_I3_O)        0.105     9.978 r  u_wb/defaultClockArea_cpu/INT0_ISS_to_INT0_RRD_ISSUE_SLOT_rRegs_0_payload[5]_i_3/O
                         net (fo=43, routed)          0.586    10.564    u_wb/defaultClockArea_cpu/INT0_ISS_to_INT0_RRD_ISSUE_SLOT_rRegs_0_payload[5]_i_3_n_0
    SLICE_X67Y103        LUT6 (Prop_lut6_I4_O)        0.105    10.669 r  u_wb/defaultClockArea_cpu/INT0_ISS_to_INT0_RRD_ISSUE_SLOT_wReg[1]_i_1/O
                         net (fo=15, routed)          0.712    11.382    u_wb/defaultClockArea_cpu/_zz_INT0_ISS_IntExecutePlugin_issSlot_wReg[1]
    SLICE_X70Y102        LUT6 (Prop_lut6_I4_O)        0.105    11.487 f  u_wb/defaultClockArea_cpu/IntIssueQueuePlugin_queue_0_payload_rRegs_1_valid_i_43/O
                         net (fo=1, routed)           0.376    11.863    u_wb/defaultClockArea_cpu/IntIssueQueuePlugin_queue_0_payload_rRegs_1_valid_i_43_n_0
    SLICE_X70Y102        LUT6 (Prop_lut6_I5_O)        0.105    11.968 r  u_wb/defaultClockArea_cpu/IntIssueQueuePlugin_queue_0_payload_rRegs_1_valid_i_26/O
                         net (fo=2, routed)           0.421    12.389    u_wb/defaultClockArea_cpu/IntIssueQueuePlugin_queue_0_payload_rRegs_1_valid_i_26_n_0
    SLICE_X70Y101        LUT6 (Prop_lut6_I2_O)        0.105    12.494 r  u_wb/defaultClockArea_cpu/IntIssueQueuePlugin_queue_0_payload_rRegs_1_valid_i_22/O
                         net (fo=1, routed)           0.396    12.889    u_wb/defaultClockArea_cpu/unsignedDivider_2/IntIssueQueuePlugin_queue_0_payload_rRegs_1_valid_i_6_0
    SLICE_X69Y99         LUT6 (Prop_lut6_I5_O)        0.105    12.994 f  u_wb/defaultClockArea_cpu/unsignedDivider_2/IntIssueQueuePlugin_queue_0_payload_rRegs_1_valid_i_13/O
                         net (fo=1, routed)           0.351    13.345    u_wb/defaultClockArea_cpu/unsignedDivider_2/IntIssueQueuePlugin_queue_0_payload_rRegs_1_valid_i_13_n_0
    SLICE_X66Y97         LUT5 (Prop_lut5_I4_O)        0.105    13.450 r  u_wb/defaultClockArea_cpu/unsignedDivider_2/IntIssueQueuePlugin_queue_0_payload_rRegs_1_valid_i_6/O
                         net (fo=1, routed)           0.481    13.931    u_wb/defaultClockArea_cpu/unsignedDivider_2/IntIssueQueuePlugin_queue_0_payload_rRegs_1_valid_i_6_n_0
    SLICE_X66Y99         LUT6 (Prop_lut6_I4_O)        0.105    14.036 r  u_wb/defaultClockArea_cpu/unsignedDivider_2/IntIssueQueuePlugin_queue_0_payload_rRegs_1_valid_i_1/O
                         net (fo=1, routed)           0.000    14.036    u_wb/defaultClockArea_cpu/unsignedDivider_2_n_43
    SLICE_X66Y99         FDRE                                         r  u_wb/defaultClockArea_cpu/IntIssueQueuePlugin_queue_0_payload_rRegs_1_valid_reg/D
  -------------------------------------------------------------------    -------------------

                         (clock aclk rise edge)      10.000    10.000 r  
    L22                                               0.000    10.000 r  aclk (IN)
                         net (fo=0)                   0.000    10.000    aclk
    L22                  IBUF (Prop_ibuf_I_O)         0.762    10.762 r  aclk_IBUF_inst/O
                         net (fo=1, routed)           1.734    12.496    aclk_IBUF
    BUFGCTRL_X0Y0        BUFG (Prop_bufg_I_O)         0.077    12.573 r  aclk_IBUF_BUFG_inst/O
                         net (fo=17753, routed)       1.429    14.002    u_wb/defaultClockArea_cpu/aclk_IBUF_BUFG
    SLICE_X66Y99         FDRE                                         r  u_wb/defaultClockArea_cpu/IntIssueQueuePlugin_queue_0_payload_rRegs_1_valid_reg/C
                         clock pessimism              0.234    14.236    
                         clock uncertainty           -0.035    14.200    
    SLICE_X66Y99         FDRE (Setup_fdre_C_D)        0.072    14.272    u_wb/defaultClockArea_cpu/IntIssueQueuePlugin_queue_0_payload_rRegs_1_valid_reg
  -------------------------------------------------------------------
                         required time                         14.272    
                         arrival time                         -14.036    
  -------------------------------------------------------------------
                         slack                                  0.236    

Slack (MET) :             0.252ns  (required time - arrival time)
  Source:                 u_wb/defaultClockArea_cpu/IntIssueQueuePlugin_queue_2_payload_rRegs_1_valid_reg/C
                            (rising edge-triggered cell FDRE clocked by aclk  {rise@0.000ns fall@5.000ns period=10.000ns})
  Destination:            u_wb/defaultClockArea_cpu/IntIssueQueuePlugin_queue_2_payload_rRegs_0_valid_reg/D
                            (rising edge-triggered cell FDRE clocked by aclk  {rise@0.000ns fall@5.000ns period=10.000ns})
  Path Group:             aclk
  Path Type:              Setup (Max at Slow Process Corner)
  Requirement:            10.000ns  (aclk rise@10.000ns - aclk rise@0.000ns)
  Data Path Delay:        9.500ns  (logic 1.849ns (19.463%)  route 7.651ns (80.537%))
  Logic Levels:           14  (LUT2=1 LUT3=2 LUT4=1 LUT5=2 LUT6=8)
  Clock Path Skew:        -0.244ns (DCD - SCD + CPR)
    Destination Clock Delay (DCD):    3.869ns = ( 13.869 - 10.000 ) 
    Source Clock Delay      (SCD):    4.347ns
    Clock Pessimism Removal (CPR):    0.234ns
  Clock Uncertainty:      0.035ns  ((TSJ^2 + TIJ^2)^1/2 + DJ) / 2 + PE
    Total System Jitter     (TSJ):    0.071ns
    Total Input Jitter      (TIJ):    0.000ns
    Discrete Jitter          (DJ):    0.000ns
    Phase Error              (PE):    0.000ns

    Location             Delay type                Incr(ns)  Path(ns)    Netlist Resource(s)
  -------------------------------------------------------------------    -------------------
                         (clock aclk rise edge)       0.000     0.000 r  
    L22                                               0.000     0.000 r  aclk (IN)
                         net (fo=0)                   0.000     0.000    aclk
    L22                  IBUF (Prop_ibuf_I_O)         0.893     0.893 r  aclk_IBUF_inst/O
                         net (fo=1, routed)           1.827     2.720    aclk_IBUF
    BUFGCTRL_X0Y0        BUFG (Prop_bufg_I_O)         0.081     2.801 r  aclk_IBUF_BUFG_inst/O
                         net (fo=17753, routed)       1.546     4.347    u_wb/defaultClockArea_cpu/aclk_IBUF_BUFG
    SLICE_X67Y97         FDRE                                         r  u_wb/defaultClockArea_cpu/IntIssueQueuePlugin_queue_2_payload_rRegs_1_valid_reg/C
  -------------------------------------------------------------------    -------------------
    SLICE_X67Y97         FDRE (Prop_fdre_C_Q)         0.379     4.726 r  u_wb/defaultClockArea_cpu/IntIssueQueuePlugin_queue_2_payload_rRegs_1_valid_reg/Q
                         net (fo=3, routed)           0.802     5.528    u_wb/defaultClockArea_cpu/IntIssueQueuePlugin_queue_2_payload_rRegs_1_valid_reg_n_0
    SLICE_X62Y107        LUT2 (Prop_lut2_I0_O)        0.105     5.633 r  u_wb/defaultClockArea_cpu/IntIssueQueuePlugin_queue_5_payload_uop_pc[31]_i_23/O
                         net (fo=5, routed)           0.389     6.022    u_wb/defaultClockArea_cpu/p_8192_in
    SLICE_X63Y107        LUT5 (Prop_lut5_I1_O)        0.105     6.127 r  u_wb/defaultClockArea_cpu/INT2_ISS_to_INT2_RRD_ISSUE_SLOT_uop_pc[31]_i_12/O
                         net (fo=2, routed)           0.344     6.471    u_wb/defaultClockArea_cpu/INT2_ISS_to_INT2_RRD_ISSUE_SLOT_uop_pc[31]_i_12_n_0
    SLICE_X65Y107        LUT6 (Prop_lut6_I5_O)        0.105     6.576 r  u_wb/defaultClockArea_cpu/INT2_RRD_arbitration_isValid_i_5/O
                         net (fo=7, routed)           0.507     7.083    u_wb/defaultClockArea_cpu/INT2_RRD_arbitration_isValid_i_5_n_0
    SLICE_X63Y107        LUT3 (Prop_lut3_I1_O)        0.105     7.188 r  u_wb/defaultClockArea_cpu/INT2_ISS_to_INT2_RRD_ISSUE_SLOT_uop_useRj_i_6/O
                         net (fo=4, routed)           0.324     7.511    u_wb/defaultClockArea_cpu/INT2_ISS_to_INT2_RRD_ISSUE_SLOT_uop_useRj_i_6_n_0
    SLICE_X63Y107        LUT6 (Prop_lut6_I0_O)        0.105     7.616 r  u_wb/defaultClockArea_cpu/INT1_RRD_arbitration_isValid_i_3/O
                         net (fo=3, routed)           0.658     8.274    u_wb/defaultClockArea_cpu/INT1_RRD_arbitration_isValid_i_3_n_0
    SLICE_X63Y105        LUT6 (Prop_lut6_I1_O)        0.105     8.379 f  u_wb/defaultClockArea_cpu/INT1_ISS_to_INT1_RRD_ISSUE_SLOT_uop_pc[31]_i_7/O
                         net (fo=11, routed)          0.393     8.771    u_wb/defaultClockArea_cpu/INT1_ISS_to_INT1_RRD_ISSUE_SLOT_uop_pc[31]_i_7_n_0
    SLICE_X65Y104        LUT6 (Prop_lut6_I5_O)        0.105     8.876 r  u_wb/defaultClockArea_cpu/INT1_ISS_to_INT1_RRD_ISSUE_SLOT_uop_pc[31]_i_6/O
                         net (fo=96, routed)          0.582     9.459    u_wb/defaultClockArea_cpu/INT1_ISS_to_INT1_RRD_ISSUE_SLOT_uop_pc[31]_i_6_n_0
    SLICE_X67Y104        LUT3 (Prop_lut3_I2_O)        0.105     9.564 r  u_wb/defaultClockArea_cpu/INT1_ISS_to_INT1_RRD_ISSUE_SLOT_wReg[5]_i_2/O
                         net (fo=43, routed)          0.685    10.249    u_wb/defaultClockArea_cpu/INT1_ISS_to_INT1_RRD_ISSUE_SLOT_wReg[5]_i_2_n_0
    SLICE_X74Y105        LUT6 (Prop_lut6_I2_O)        0.105    10.354 r  u_wb/defaultClockArea_cpu/INT1_ISS_to_INT1_RRD_ISSUE_SLOT_wReg[3]_i_1/O
                         net (fo=17, routed)          1.065    11.419    u_wb/defaultClockArea_cpu/_zz_INT1_ISS_IntExecutePlugin_issSlot_wReg[3]
    SLICE_X66Y105        LUT6 (Prop_lut6_I1_O)        0.105    11.524 f  u_wb/defaultClockArea_cpu/IntIssueQueuePlugin_queue_1_payload_rRegs_0_valid_i_38/O
                         net (fo=1, routed)           0.845    12.368    u_wb/defaultClockArea_cpu/unsignedDivider_2/IntIssueQueuePlugin_queue_1_payload_rRegs_0_valid_i_7_0
    SLICE_X64Y102        LUT6 (Prop_lut6_I0_O)        0.105    12.473 f  u_wb/defaultClockArea_cpu/unsignedDivider_2/IntIssueQueuePlugin_queue_1_payload_rRegs_0_valid_i_15/O
                         net (fo=1, routed)           0.353    12.826    u_wb/defaultClockArea_cpu/unsignedDivider_2/IntIssueQueuePlugin_queue_1_payload_rRegs_0_valid_i_15_n_0
    SLICE_X63Y102        LUT6 (Prop_lut6_I4_O)        0.105    12.931 f  u_wb/defaultClockArea_cpu/unsignedDivider_2/IntIssueQueuePlugin_queue_1_payload_rRegs_0_valid_i_7/O
                         net (fo=3, routed)           0.388    13.319    u_wb/defaultClockArea_cpu/unsignedDivider_2/IntIssueQueuePlugin_queue_1_payload_rRegs_0_valid_i_7_n_0
    SLICE_X63Y101        LUT4 (Prop_lut4_I1_O)        0.105    13.424 r  u_wb/defaultClockArea_cpu/unsignedDivider_2/IntIssueQueuePlugin_queue_2_payload_rRegs_0_valid_i_2/O
                         net (fo=1, routed)           0.317    13.742    u_wb/defaultClockArea_cpu/unsignedDivider_2/IntIssueQueuePlugin_queue_2_payload_rRegs_0_valid_i_2_n_0
    SLICE_X63Y101        LUT5 (Prop_lut5_I2_O)        0.105    13.847 r  u_wb/defaultClockArea_cpu/unsignedDivider_2/IntIssueQueuePlugin_queue_2_payload_rRegs_0_valid_i_1/O
                         net (fo=1, routed)           0.000    13.847    u_wb/defaultClockArea_cpu/unsignedDivider_2_n_183
    SLICE_X63Y101        FDRE                                         r  u_wb/defaultClockArea_cpu/IntIssueQueuePlugin_queue_2_payload_rRegs_0_valid_reg/D
  -------------------------------------------------------------------    -------------------

                         (clock aclk rise edge)      10.000    10.000 r  
    L22                                               0.000    10.000 r  aclk (IN)
                         net (fo=0)                   0.000    10.000    aclk
    L22                  IBUF (Prop_ibuf_I_O)         0.762    10.762 r  aclk_IBUF_inst/O
                         net (fo=1, routed)           1.734    12.496    aclk_IBUF
    BUFGCTRL_X0Y0        BUFG (Prop_bufg_I_O)         0.077    12.573 r  aclk_IBUF_BUFG_inst/O
                         net (fo=17753, routed)       1.296    13.869    u_wb/defaultClockArea_cpu/aclk_IBUF_BUFG
    SLICE_X63Y101        FDRE                                         r  u_wb/defaultClockArea_cpu/IntIssueQueuePlugin_queue_2_payload_rRegs_0_valid_reg/C
                         clock pessimism              0.234    14.102    
                         clock uncertainty           -0.035    14.067    
    SLICE_X63Y101        FDRE (Setup_fdre_C_D)        0.032    14.099    u_wb/defaultClockArea_cpu/IntIssueQueuePlugin_queue_2_payload_rRegs_0_valid_reg
  -------------------------------------------------------------------
                         required time                         14.099    
                         arrival time                         -13.847    
  -------------------------------------------------------------------
                         slack                                  0.252    

Slack (MET) :             0.261ns  (required time - arrival time)
  Source:                 u_wb/defaultClockArea_cpu/INT1_EXE_to_INT1_WB_WRITE_REG_payload_reg[5]/C
                            (rising edge-triggered cell FDRE clocked by aclk  {rise@0.000ns fall@5.000ns period=10.000ns})
  Destination:            u_wb/defaultClockArea_cpu/INT2_EXE_to_INT2_WB_EXE_RESULT_reg[20]/D
                            (rising edge-triggered cell FDRE clocked by aclk  {rise@0.000ns fall@5.000ns period=10.000ns})
  Path Group:             aclk
  Path Type:              Setup (Max at Slow Process Corner)
  Requirement:            10.000ns  (aclk rise@10.000ns - aclk rise@0.000ns)
  Data Path Delay:        9.561ns  (logic 1.699ns (17.771%)  route 7.862ns (82.229%))
  Logic Levels:           9  (LUT2=1 LUT3=1 LUT4=1 LUT5=1 LUT6=5)
  Clock Path Skew:        -0.080ns (DCD - SCD + CPR)
    Destination Clock Delay (DCD):    3.868ns = ( 13.868 - 10.000 ) 
    Source Clock Delay      (SCD):    4.181ns
    Clock Pessimism Removal (CPR):    0.234ns
  Clock Uncertainty:      0.035ns  ((TSJ^2 + TIJ^2)^1/2 + DJ) / 2 + PE
    Total System Jitter     (TSJ):    0.071ns
    Total Input Jitter      (TIJ):    0.000ns
    Discrete Jitter          (DJ):    0.000ns
    Phase Error              (PE):    0.000ns

    Location             Delay type                Incr(ns)  Path(ns)    Netlist Resource(s)
  -------------------------------------------------------------------    -------------------
                         (clock aclk rise edge)       0.000     0.000 r  
    L22                                               0.000     0.000 r  aclk (IN)
                         net (fo=0)                   0.000     0.000    aclk
    L22                  IBUF (Prop_ibuf_I_O)         0.893     0.893 r  aclk_IBUF_inst/O
                         net (fo=1, routed)           1.827     2.720    aclk_IBUF
    BUFGCTRL_X0Y0        BUFG (Prop_bufg_I_O)         0.081     2.801 r  aclk_IBUF_BUFG_inst/O
                         net (fo=17753, routed)       1.381     4.181    u_wb/defaultClockArea_cpu/aclk_IBUF_BUFG
    SLICE_X89Y126        FDRE                                         r  u_wb/defaultClockArea_cpu/INT1_EXE_to_INT1_WB_WRITE_REG_payload_reg[5]/C
  -------------------------------------------------------------------    -------------------
    SLICE_X89Y126        FDRE (Prop_fdre_C_Q)         0.379     4.560 r  u_wb/defaultClockArea_cpu/INT1_EXE_to_INT1_WB_WRITE_REG_payload_reg[5]/Q
                         net (fo=18, routed)          1.573     6.133    u_wb/defaultClockArea_cpu/INT1_EXE_to_INT1_WB_WRITE_REG_payload[5]
    SLICE_X68Y131        LUT6 (Prop_lut6_I3_O)        0.105     6.238 r  u_wb/defaultClockArea_cpu/INT2_EXE_to_INT2_WB_EXE_RESULT[30]_i_28/O
                         net (fo=1, routed)           0.449     6.687    u_wb/defaultClockArea_cpu/INT2_EXE_to_INT2_WB_EXE_RESULT[30]_i_28_n_0
    SLICE_X67Y131        LUT4 (Prop_lut4_I2_O)        0.105     6.792 r  u_wb/defaultClockArea_cpu/INT2_EXE_to_INT2_WB_EXE_RESULT[30]_i_22/O
                         net (fo=33, routed)          0.681     7.473    u_wb/defaultClockArea_cpu/_zz_IntExecutePlugin_bypassRsp_1_payload_7[0]
    SLICE_X66Y131        LUT6 (Prop_lut6_I0_O)        0.105     7.578 r  u_wb/defaultClockArea_cpu/INT2_EXE_to_INT2_WB_EXE_RESULT[30]_i_15/O
                         net (fo=31, routed)          0.895     8.473    u_wb/defaultClockArea_cpu/when_BypassNetworkPlugin_l36_1
    SLICE_X59Y131        LUT5 (Prop_lut5_I1_O)        0.105     8.578 f  u_wb/defaultClockArea_cpu/INT2_EXE_to_INT2_WB_EXE_RESULT[30]_i_17/O
                         net (fo=67, routed)          1.069     9.647    u_wb/defaultClockArea_cpu/INT2_EXE_IntExecutePlugin_alu_io_sa[3]
    SLICE_X42Y129        LUT2 (Prop_lut2_I0_O)        0.126     9.773 r  u_wb/defaultClockArea_cpu/INT2_EXE_to_INT2_WB_EXE_RESULT[31]_i_36/O
                         net (fo=55, routed)          0.997    10.770    u_wb/defaultClockArea_cpu/INT2_EXE_to_INT2_WB_EXE_RESULT[31]_i_36_n_0
    SLICE_X38Y130        LUT6 (Prop_lut6_I3_O)        0.283    11.053 r  u_wb/defaultClockArea_cpu/INT2_EXE_to_INT2_WB_EXE_RESULT[20]_i_12/O
                         net (fo=2, routed)           0.787    11.840    u_wb/defaultClockArea_cpu/INT2_EXE_to_INT2_WB_EXE_RESULT[20]_i_12_n_0
    SLICE_X41Y131        LUT3 (Prop_lut3_I0_O)        0.119    11.959 r  u_wb/defaultClockArea_cpu/INT2_EXE_to_INT2_WB_EXE_RESULT[20]_i_7/O
                         net (fo=2, routed)           0.493    12.452    u_wb/defaultClockArea_cpu/INT2_EXE_to_INT2_WB_EXE_RESULT[20]_i_7_n_0
    SLICE_X40Y133        LUT6 (Prop_lut6_I0_O)        0.267    12.719 r  u_wb/defaultClockArea_cpu/INT2_EXE_to_INT2_WB_EXE_RESULT[20]_i_4/O
                         net (fo=1, routed)           0.604    13.323    u_wb/defaultClockArea_cpu/INT2_EXE_to_INT2_WB_EXE_RESULT[20]_i_4_n_0
    SLICE_X46Y132        LUT6 (Prop_lut6_I5_O)        0.105    13.428 r  u_wb/defaultClockArea_cpu/INT2_EXE_to_INT2_WB_EXE_RESULT[20]_i_1/O
                         net (fo=1, routed)           0.314    13.742    u_wb/defaultClockArea_cpu/INT2_EXE_to_INT2_WB_EXE_RESULT[20]_i_1_n_0
    SLICE_X49Y132        FDRE                                         r  u_wb/defaultClockArea_cpu/INT2_EXE_to_INT2_WB_EXE_RESULT_reg[20]/D
  -------------------------------------------------------------------    -------------------

                         (clock aclk rise edge)      10.000    10.000 r  
    L22                                               0.000    10.000 r  aclk (IN)
                         net (fo=0)                   0.000    10.000    aclk
    L22                  IBUF (Prop_ibuf_I_O)         0.762    10.762 r  aclk_IBUF_inst/O
                         net (fo=1, routed)           1.734    12.496    aclk_IBUF
    BUFGCTRL_X0Y0        BUFG (Prop_bufg_I_O)         0.077    12.573 r  aclk_IBUF_BUFG_inst/O
                         net (fo=17753, routed)       1.295    13.868    u_wb/defaultClockArea_cpu/aclk_IBUF_BUFG
    SLICE_X49Y132        FDRE                                         r  u_wb/defaultClockArea_cpu/INT2_EXE_to_INT2_WB_EXE_RESULT_reg[20]/C
                         clock pessimism              0.234    14.101    
                         clock uncertainty           -0.035    14.066    
    SLICE_X49Y132        FDRE (Setup_fdre_C_D)       -0.063    14.003    u_wb/defaultClockArea_cpu/INT2_EXE_to_INT2_WB_EXE_RESULT_reg[20]
  -------------------------------------------------------------------
                         required time                         14.003    
                         arrival time                         -13.742    
  -------------------------------------------------------------------
                         slack                                  0.261    

Slack (MET) :             0.283ns  (required time - arrival time)
  Source:                 u_wb/defaultClockArea_cpu/IntIssueQueuePlugin_queue_0_payload_rRegs_0_valid_reg/C
                            (rising edge-triggered cell FDRE clocked by aclk  {rise@0.000ns fall@5.000ns period=10.000ns})
  Destination:            u_wb/defaultClockArea_cpu/IntIssueQueuePlugin_queue_3_payload_rRegs_1_valid_reg/D
                            (rising edge-triggered cell FDRE clocked by aclk  {rise@0.000ns fall@5.000ns period=10.000ns})
  Path Group:             aclk
  Path Type:              Setup (Max at Slow Process Corner)
  Requirement:            10.000ns  (aclk rise@10.000ns - aclk rise@0.000ns)
  Data Path Delay:        9.743ns  (logic 2.062ns (21.163%)  route 7.681ns (78.837%))
  Logic Levels:           14  (LUT2=2 LUT3=3 LUT4=2 LUT5=2 LUT6=5)
  Clock Path Skew:        0.030ns (DCD - SCD + CPR)
    Destination Clock Delay (DCD):    4.002ns = ( 14.002 - 10.000 ) 
    Source Clock Delay      (SCD):    4.205ns
    Clock Pessimism Removal (CPR):    0.234ns
  Clock Uncertainty:      0.035ns  ((TSJ^2 + TIJ^2)^1/2 + DJ) / 2 + PE
    Total System Jitter     (TSJ):    0.071ns
    Total Input Jitter      (TIJ):    0.000ns
    Discrete Jitter          (DJ):    0.000ns
    Phase Error              (PE):    0.000ns

    Location             Delay type                Incr(ns)  Path(ns)    Netlist Resource(s)
  -------------------------------------------------------------------    -------------------
                         (clock aclk rise edge)       0.000     0.000 r  
    L22                                               0.000     0.000 r  aclk (IN)
                         net (fo=0)                   0.000     0.000    aclk
    L22                  IBUF (Prop_ibuf_I_O)         0.893     0.893 r  aclk_IBUF_inst/O
                         net (fo=1, routed)           1.827     2.720    aclk_IBUF
    BUFGCTRL_X0Y0        BUFG (Prop_bufg_I_O)         0.081     2.801 r  aclk_IBUF_BUFG_inst/O
                         net (fo=17753, routed)       1.405     4.205    u_wb/defaultClockArea_cpu/aclk_IBUF_BUFG
    SLICE_X64Y103        FDRE                                         r  u_wb/defaultClockArea_cpu/IntIssueQueuePlugin_queue_0_payload_rRegs_0_valid_reg/C
  -------------------------------------------------------------------    -------------------
    SLICE_X64Y103        FDRE (Prop_fdre_C_Q)         0.433     4.638 r  u_wb/defaultClockArea_cpu/IntIssueQueuePlugin_queue_0_payload_rRegs_0_valid_reg/Q
                         net (fo=2, routed)           0.506     5.144    u_wb/defaultClockArea_cpu/IntIssueQueuePlugin_queue_0_payload_rRegs_0_valid_reg_n_0
    SLICE_X66Y101        LUT2 (Prop_lut2_I0_O)        0.105     5.249 r  u_wb/defaultClockArea_cpu/IntIssueQueuePlugin_queue_0_payload_uop_pc[31]_i_9/O
                         net (fo=15, routed)          0.445     5.694    u_wb/defaultClockArea_cpu/p_8186_in
    SLICE_X67Y107        LUT2 (Prop_lut2_I1_O)        0.105     5.799 f  u_wb/defaultClockArea_cpu/IntIssueQueuePlugin_queue_0_payload_uop_pc[31]_i_20/O
                         net (fo=6, routed)           0.628     6.427    u_wb/defaultClockArea_cpu/IntIssueQueuePlugin_queue_0_payload_uop_pc[31]_i_20_n_0
    SLICE_X65Y107        LUT6 (Prop_lut6_I0_O)        0.105     6.532 r  u_wb/defaultClockArea_cpu/INT2_RRD_arbitration_isValid_i_5/O
                         net (fo=7, routed)           0.507     7.039    u_wb/defaultClockArea_cpu/INT2_RRD_arbitration_isValid_i_5_n_0
    SLICE_X63Y107        LUT3 (Prop_lut3_I1_O)        0.105     7.144 r  u_wb/defaultClockArea_cpu/INT2_ISS_to_INT2_RRD_ISSUE_SLOT_uop_useRj_i_6/O
                         net (fo=4, routed)           0.416     7.559    u_wb/defaultClockArea_cpu/INT2_ISS_to_INT2_RRD_ISSUE_SLOT_uop_useRj_i_6_n_0
    SLICE_X62Y105        LUT6 (Prop_lut6_I5_O)        0.105     7.664 f  u_wb/defaultClockArea_cpu/INT2_ISS_to_INT2_RRD_ISSUE_SLOT_uop_useRj_i_5/O
                         net (fo=4, routed)           0.631     8.296    u_wb/defaultClockArea_cpu/INT2_ISS_to_INT2_RRD_ISSUE_SLOT_uop_useRj_i_5_n_0
    SLICE_X66Y105        LUT3 (Prop_lut3_I1_O)        0.105     8.401 r  u_wb/defaultClockArea_cpu/INT2_ISS_to_INT2_RRD_ISSUE_SLOT_uop_pc[31]_i_5/O
                         net (fo=91, routed)          0.752     9.153    u_wb/defaultClockArea_cpu/INT2_ISS_to_INT2_RRD_ISSUE_SLOT_uop_pc[31]_i_5_n_0
    SLICE_X66Y106        LUT4 (Prop_lut4_I0_O)        0.264     9.417 r  u_wb/defaultClockArea_cpu/INT2_ISS_to_INT2_RRD_ISSUE_SLOT_wReg[5]_i_3/O
                         net (fo=43, routed)          0.786    10.203    u_wb/defaultClockArea_cpu/INT2_ISS_to_INT2_RRD_ISSUE_SLOT_wReg[5]_i_3_n_0
    SLICE_X74Y104        LUT6 (Prop_lut6_I4_O)        0.105    10.308 r  u_wb/defaultClockArea_cpu/INT2_ISS_to_INT2_RRD_ISSUE_SLOT_wReg[5]_i_1/O
                         net (fo=16, routed)          0.833    11.142    u_wb/defaultClockArea_cpu/_zz_INT2_ISS_IntExecutePlugin_issSlot_wReg[5]
    SLICE_X73Y99         LUT4 (Prop_lut4_I3_O)        0.105    11.247 f  u_wb/defaultClockArea_cpu/IntIssueQueuePlugin_queue_1_payload_rRegs_1_valid_i_67/O
                         net (fo=1, routed)           0.475    11.722    u_wb/defaultClockArea_cpu/IntIssueQueuePlugin_queue_1_payload_rRegs_1_valid_i_67_n_0
    SLICE_X68Y100        LUT5 (Prop_lut5_I0_O)        0.105    11.827 f  u_wb/defaultClockArea_cpu/IntIssueQueuePlugin_queue_1_payload_rRegs_1_valid_i_29/O
                         net (fo=1, routed)           0.575    12.402    u_wb/defaultClockArea_cpu/unsignedDivider_2/IntIssueQueuePlugin_queue_1_payload_rRegs_1_valid_i_5_0
    SLICE_X69Y98         LUT6 (Prop_lut6_I0_O)        0.105    12.507 f  u_wb/defaultClockArea_cpu/unsignedDivider_2/IntIssueQueuePlugin_queue_1_payload_rRegs_1_valid_i_13/O
                         net (fo=2, routed)           0.464    12.971    u_wb/defaultClockArea_cpu/unsignedDivider_2/IntIssueQueuePlugin_queue_1_payload_rRegs_1_valid_i_13_n_0
    SLICE_X68Y97         LUT6 (Prop_lut6_I1_O)        0.105    13.076 f  u_wb/defaultClockArea_cpu/unsignedDivider_2/IntIssueQueuePlugin_queue_1_payload_rRegs_1_valid_i_5/O
                         net (fo=3, routed)           0.344    13.421    u_wb/defaultClockArea_cpu/unsignedDivider_2/IntIssueQueuePlugin_queue_1_payload_rRegs_1_valid_i_5_n_0
    SLICE_X68Y98         LUT5 (Prop_lut5_I4_O)        0.105    13.526 r  u_wb/defaultClockArea_cpu/unsignedDivider_2/IntIssueQueuePlugin_queue_3_payload_rRegs_1_valid_i_2/O
                         net (fo=1, routed)           0.318    13.844    u_wb/defaultClockArea_cpu/unsignedDivider_2/IntIssueQueuePlugin_queue_3_payload_rRegs_1_valid_i_2_n_0
    SLICE_X67Y98         LUT3 (Prop_lut3_I2_O)        0.105    13.949 r  u_wb/defaultClockArea_cpu/unsignedDivider_2/IntIssueQueuePlugin_queue_3_payload_rRegs_1_valid_i_1/O
                         net (fo=1, routed)           0.000    13.949    u_wb/defaultClockArea_cpu/unsignedDivider_2_n_180
    SLICE_X67Y98         FDRE                                         r  u_wb/defaultClockArea_cpu/IntIssueQueuePlugin_queue_3_payload_rRegs_1_valid_reg/D
  -------------------------------------------------------------------    -------------------

                         (clock aclk rise edge)      10.000    10.000 r  
    L22                                               0.000    10.000 r  aclk (IN)
                         net (fo=0)                   0.000    10.000    aclk
    L22                  IBUF (Prop_ibuf_I_O)         0.762    10.762 r  aclk_IBUF_inst/O
                         net (fo=1, routed)           1.734    12.496    aclk_IBUF
    BUFGCTRL_X0Y0        BUFG (Prop_bufg_I_O)         0.077    12.573 r  aclk_IBUF_BUFG_inst/O
                         net (fo=17753, routed)       1.429    14.002    u_wb/defaultClockArea_cpu/aclk_IBUF_BUFG
    SLICE_X67Y98         FDRE                                         r  u_wb/defaultClockArea_cpu/IntIssueQueuePlugin_queue_3_payload_rRegs_1_valid_reg/C
                         clock pessimism              0.234    14.236    
                         clock uncertainty           -0.035    14.200    
    SLICE_X67Y98         FDRE (Setup_fdre_C_D)        0.032    14.232    u_wb/defaultClockArea_cpu/IntIssueQueuePlugin_queue_3_payload_rRegs_1_valid_reg
  -------------------------------------------------------------------
                         required time                         14.232    
                         arrival time                         -13.949    
  -------------------------------------------------------------------
                         slack                                  0.283    

Slack (MET) :             0.285ns  (required time - arrival time)
  Source:                 u_wb/defaultClockArea_cpu/INT1_EXE_to_INT1_WB_WRITE_REG_payload_reg[5]/C
                            (rising edge-triggered cell FDRE clocked by aclk  {rise@0.000ns fall@5.000ns period=10.000ns})
  Destination:            u_wb/defaultClockArea_cpu/INT2_EXE_to_INT2_WB_EXE_RESULT_reg[18]/D
                            (rising edge-triggered cell FDRE clocked by aclk  {rise@0.000ns fall@5.000ns period=10.000ns})
  Path Group:             aclk
  Path Type:              Setup (Max at Slow Process Corner)
  Requirement:            10.000ns  (aclk rise@10.000ns - aclk rise@0.000ns)
  Data Path Delay:        9.517ns  (logic 1.523ns (16.003%)  route 7.994ns (83.997%))
  Logic Levels:           9  (LUT2=1 LUT4=1 LUT5=2 LUT6=5)
  Clock Path Skew:        -0.082ns (DCD - SCD + CPR)
    Destination Clock Delay (DCD):    3.866ns = ( 13.866 - 10.000 ) 
    Source Clock Delay      (SCD):    4.181ns
    Clock Pessimism Removal (CPR):    0.234ns
  Clock Uncertainty:      0.035ns  ((TSJ^2 + TIJ^2)^1/2 + DJ) / 2 + PE
    Total System Jitter     (TSJ):    0.071ns
    Total Input Jitter      (TIJ):    0.000ns
    Discrete Jitter          (DJ):    0.000ns
    Phase Error              (PE):    0.000ns

    Location             Delay type                Incr(ns)  Path(ns)    Netlist Resource(s)
  -------------------------------------------------------------------    -------------------
                         (clock aclk rise edge)       0.000     0.000 r  
    L22                                               0.000     0.000 r  aclk (IN)
                         net (fo=0)                   0.000     0.000    aclk
    L22                  IBUF (Prop_ibuf_I_O)         0.893     0.893 r  aclk_IBUF_inst/O
                         net (fo=1, routed)           1.827     2.720    aclk_IBUF
    BUFGCTRL_X0Y0        BUFG (Prop_bufg_I_O)         0.081     2.801 r  aclk_IBUF_BUFG_inst/O
                         net (fo=17753, routed)       1.381     4.181    u_wb/defaultClockArea_cpu/aclk_IBUF_BUFG
    SLICE_X89Y126        FDRE                                         r  u_wb/defaultClockArea_cpu/INT1_EXE_to_INT1_WB_WRITE_REG_payload_reg[5]/C
  -------------------------------------------------------------------    -------------------
    SLICE_X89Y126        FDRE (Prop_fdre_C_Q)         0.379     4.560 r  u_wb/defaultClockArea_cpu/INT1_EXE_to_INT1_WB_WRITE_REG_payload_reg[5]/Q
                         net (fo=18, routed)          1.573     6.133    u_wb/defaultClockArea_cpu/INT1_EXE_to_INT1_WB_WRITE_REG_payload[5]
    SLICE_X68Y131        LUT6 (Prop_lut6_I3_O)        0.105     6.238 r  u_wb/defaultClockArea_cpu/INT2_EXE_to_INT2_WB_EXE_RESULT[30]_i_28/O
                         net (fo=1, routed)           0.449     6.687    u_wb/defaultClockArea_cpu/INT2_EXE_to_INT2_WB_EXE_RESULT[30]_i_28_n_0
    SLICE_X67Y131        LUT4 (Prop_lut4_I2_O)        0.105     6.792 r  u_wb/defaultClockArea_cpu/INT2_EXE_to_INT2_WB_EXE_RESULT[30]_i_22/O
                         net (fo=33, routed)          0.681     7.473    u_wb/defaultClockArea_cpu/_zz_IntExecutePlugin_bypassRsp_1_payload_7[0]
    SLICE_X66Y131        LUT6 (Prop_lut6_I0_O)        0.105     7.578 r  u_wb/defaultClockArea_cpu/INT2_EXE_to_INT2_WB_EXE_RESULT[30]_i_15/O
                         net (fo=31, routed)          0.895     8.473    u_wb/defaultClockArea_cpu/when_BypassNetworkPlugin_l36_1
    SLICE_X59Y131        LUT5 (Prop_lut5_I1_O)        0.105     8.578 f  u_wb/defaultClockArea_cpu/INT2_EXE_to_INT2_WB_EXE_RESULT[30]_i_17/O
                         net (fo=67, routed)          1.069     9.647    u_wb/defaultClockArea_cpu/INT2_EXE_IntExecutePlugin_alu_io_sa[3]
    SLICE_X42Y129        LUT2 (Prop_lut2_I0_O)        0.126     9.773 r  u_wb/defaultClockArea_cpu/INT2_EXE_to_INT2_WB_EXE_RESULT[31]_i_36/O
                         net (fo=55, routed)          1.203    10.976    u_wb/defaultClockArea_cpu/INT2_EXE_to_INT2_WB_EXE_RESULT[31]_i_36_n_0
    SLICE_X40Y132        LUT6 (Prop_lut6_I5_O)        0.283    11.259 r  u_wb/defaultClockArea_cpu/INT2_EXE_to_INT2_WB_EXE_RESULT[21]_i_13/O
                         net (fo=2, routed)           0.382    11.641    u_wb/defaultClockArea_cpu/INT2_EXE_to_INT2_WB_EXE_RESULT[21]_i_13_n_0
    SLICE_X40Y132        LUT5 (Prop_lut5_I0_O)        0.105    11.746 r  u_wb/defaultClockArea_cpu/INT2_EXE_to_INT2_WB_EXE_RESULT[19]_i_10/O
                         net (fo=2, routed)           0.618    12.364    u_wb/defaultClockArea_cpu/INT2_EXE_to_INT2_WB_EXE_RESULT[19]_i_10_n_0
    SLICE_X40Y131        LUT6 (Prop_lut6_I1_O)        0.105    12.469 r  u_wb/defaultClockArea_cpu/INT2_EXE_to_INT2_WB_EXE_RESULT[18]_i_4/O
                         net (fo=1, routed)           0.669    13.138    u_wb/defaultClockArea_cpu/INT2_EXE_to_INT2_WB_EXE_RESULT[18]_i_4_n_0
    SLICE_X46Y130        LUT6 (Prop_lut6_I5_O)        0.105    13.243 r  u_wb/defaultClockArea_cpu/INT2_EXE_to_INT2_WB_EXE_RESULT[18]_i_1/O
                         net (fo=1, routed)           0.455    13.698    u_wb/defaultClockArea_cpu/INT2_EXE_to_INT2_WB_EXE_RESULT[18]_i_1_n_0
    SLICE_X49Y130        FDRE                                         r  u_wb/defaultClockArea_cpu/INT2_EXE_to_INT2_WB_EXE_RESULT_reg[18]/D
  -------------------------------------------------------------------    -------------------

                         (clock aclk rise edge)      10.000    10.000 r  
    L22                                               0.000    10.000 r  aclk (IN)
                         net (fo=0)                   0.000    10.000    aclk
    L22                  IBUF (Prop_ibuf_I_O)         0.762    10.762 r  aclk_IBUF_inst/O
                         net (fo=1, routed)           1.734    12.496    aclk_IBUF
    BUFGCTRL_X0Y0        BUFG (Prop_bufg_I_O)         0.077    12.573 r  aclk_IBUF_BUFG_inst/O
                         net (fo=17753, routed)       1.293    13.866    u_wb/defaultClockArea_cpu/aclk_IBUF_BUFG
    SLICE_X49Y130        FDRE                                         r  u_wb/defaultClockArea_cpu/INT2_EXE_to_INT2_WB_EXE_RESULT_reg[18]/C
                         clock pessimism              0.234    14.099    
                         clock uncertainty           -0.035    14.064    
    SLICE_X49Y130        FDRE (Setup_fdre_C_D)       -0.081    13.983    u_wb/defaultClockArea_cpu/INT2_EXE_to_INT2_WB_EXE_RESULT_reg[18]
  -------------------------------------------------------------------
                         required time                         13.983    
                         arrival time                         -13.698    
  -------------------------------------------------------------------
                         slack                                  0.285    

Slack (MET) :             0.309ns  (required time - arrival time)
  Source:                 u_wb/defaultClockArea_cpu/INT1_EXE_to_INT1_WB_WRITE_REG_payload_reg[5]/C
                            (rising edge-triggered cell FDRE clocked by aclk  {rise@0.000ns fall@5.000ns period=10.000ns})
  Destination:            u_wb/defaultClockArea_cpu/INT1_EXE_to_INT1_WB_EXE_RESULT_reg[11]/D
                            (rising edge-triggered cell FDRE clocked by aclk  {rise@0.000ns fall@5.000ns period=10.000ns})
  Path Group:             aclk
  Path Type:              Setup (Max at Slow Process Corner)
  Requirement:            10.000ns  (aclk rise@10.000ns - aclk rise@0.000ns)
  Data Path Delay:        9.458ns  (logic 2.039ns (21.558%)  route 7.419ns (78.442%))
  Logic Levels:           11  (LUT2=1 LUT3=2 LUT4=1 LUT5=2 LUT6=5)
  Clock Path Skew:        -0.012ns (DCD - SCD + CPR)
    Destination Clock Delay (DCD):    3.876ns = ( 13.876 - 10.000 ) 
    Source Clock Delay      (SCD):    4.181ns
    Clock Pessimism Removal (CPR):    0.294ns
  Clock Uncertainty:      0.035ns  ((TSJ^2 + TIJ^2)^1/2 + DJ) / 2 + PE
    Total System Jitter     (TSJ):    0.071ns
    Total Input Jitter      (TIJ):    0.000ns
    Discrete Jitter          (DJ):    0.000ns
    Phase Error              (PE):    0.000ns

    Location             Delay type                Incr(ns)  Path(ns)    Netlist Resource(s)
  -------------------------------------------------------------------    -------------------
                         (clock aclk rise edge)       0.000     0.000 r  
    L22                                               0.000     0.000 r  aclk (IN)
                         net (fo=0)                   0.000     0.000    aclk
    L22                  IBUF (Prop_ibuf_I_O)         0.893     0.893 r  aclk_IBUF_inst/O
                         net (fo=1, routed)           1.827     2.720    aclk_IBUF
    BUFGCTRL_X0Y0        BUFG (Prop_bufg_I_O)         0.081     2.801 r  aclk_IBUF_BUFG_inst/O
                         net (fo=17753, routed)       1.381     4.181    u_wb/defaultClockArea_cpu/aclk_IBUF_BUFG
    SLICE_X89Y126        FDRE                                         r  u_wb/defaultClockArea_cpu/INT1_EXE_to_INT1_WB_WRITE_REG_payload_reg[5]/C
  -------------------------------------------------------------------    -------------------
    SLICE_X89Y126        FDRE (Prop_fdre_C_Q)         0.379     4.560 r  u_wb/defaultClockArea_cpu/INT1_EXE_to_INT1_WB_WRITE_REG_payload_reg[5]/Q
                         net (fo=18, routed)          0.860     5.420    u_wb/defaultClockArea_cpu/INT1_EXE_to_INT1_WB_WRITE_REG_payload[5]
    SLICE_X89Y127        LUT6 (Prop_lut6_I3_O)        0.105     5.525 r  u_wb/defaultClockArea_cpu/INT1_EXE_to_INT1_WB_EXE_RESULT[30]_i_30/O
                         net (fo=1, routed)           0.546     6.072    u_wb/defaultClockArea_cpu/INT1_EXE_to_INT1_WB_EXE_RESULT[30]_i_30_n_0
    SLICE_X89Y127        LUT4 (Prop_lut4_I2_O)        0.105     6.177 r  u_wb/defaultClockArea_cpu/INT1_EXE_to_INT1_WB_EXE_RESULT[30]_i_21/O
                         net (fo=33, routed)          0.517     6.693    u_wb/defaultClockArea_cpu/_zz_IntExecutePlugin_bypassRsp_1_payload_1_2[0]
    SLICE_X89Y125        LUT6 (Prop_lut6_I0_O)        0.105     6.798 r  u_wb/defaultClockArea_cpu/INT1_EXE_to_INT1_WB_EXE_RESULT[30]_i_17/O
                         net (fo=31, routed)          0.679     7.477    u_wb/defaultClockArea_cpu/when_BypassNetworkPlugin_l36_3
    SLICE_X93Y123        LUT5 (Prop_lut5_I1_O)        0.108     7.585 f  u_wb/defaultClockArea_cpu/INT1_EXE_to_INT1_WB_EXE_RESULT[30]_i_19/O
                         net (fo=67, routed)          1.008     8.594    u_wb/defaultClockArea_cpu/INT1_EXE_IntExecutePlugin_alu_io_sa[3]
    SLICE_X111Y122       LUT2 (Prop_lut2_I0_O)        0.269     8.863 r  u_wb/defaultClockArea_cpu/INT1_EXE_to_INT1_WB_EXE_RESULT[31]_i_24/O
                         net (fo=55, routed)          0.711     9.574    u_wb/defaultClockArea_cpu/INT1_EXE_to_INT1_WB_EXE_RESULT[31]_i_24_n_0
    SLICE_X107Y121       LUT6 (Prop_lut6_I5_O)        0.274     9.848 r  u_wb/defaultClockArea_cpu/INT1_EXE_to_INT1_WB_EXE_RESULT[12]_i_11/O
                         net (fo=2, routed)           0.681    10.529    u_wb/defaultClockArea_cpu/INT1_EXE_to_INT1_WB_EXE_RESULT[12]_i_11_n_0
    SLICE_X108Y121       LUT3 (Prop_lut3_I0_O)        0.115    10.644 r  u_wb/defaultClockArea_cpu/INT1_EXE_to_INT1_WB_EXE_RESULT[12]_i_7/O
                         net (fo=2, routed)           0.484    11.128    u_wb/defaultClockArea_cpu/INT1_EXE_to_INT1_WB_EXE_RESULT[12]_i_7_n_0
    SLICE_X105Y121       LUT6 (Prop_lut6_I4_O)        0.264    11.392 r  u_wb/defaultClockArea_cpu/INT1_EXE_to_INT1_WB_EXE_RESULT[11]_i_4/O
                         net (fo=1, routed)           0.780    12.172    u_wb/defaultClockArea_cpu/INT1_EXE_to_INT1_WB_EXE_RESULT[11]_i_4_n_0
    SLICE_X105Y105       LUT6 (Prop_lut6_I2_O)        0.105    12.277 r  u_wb/defaultClockArea_cpu/INT1_EXE_to_INT1_WB_EXE_RESULT[11]_i_3/O
                         net (fo=1, routed)           0.205    12.482    u_wb/defaultClockArea_cpu/INT1_EXE_IntExecutePlugin_alu_io_result[11]
    SLICE_X105Y105       LUT5 (Prop_lut5_I4_O)        0.105    12.587 r  u_wb/defaultClockArea_cpu/INT1_EXE_to_INT1_WB_EXE_RESULT[11]_i_2/O
                         net (fo=1, routed)           0.659    13.246    u_wb/defaultClockArea_cpu/INT1_EXE_to_INT1_WB_EXE_RESULT[11]_i_2_n_0
    SLICE_X100Y105       LUT3 (Prop_lut3_I2_O)        0.105    13.351 r  u_wb/defaultClockArea_cpu/INT1_EXE_to_INT1_WB_EXE_RESULT[11]_i_1/O
                         net (fo=1, routed)           0.289    13.639    u_wb/defaultClockArea_cpu/INT1_EXE_to_INT1_WB_EXE_RESULT[11]_i_1_n_0
    SLICE_X100Y105       FDRE                                         r  u_wb/defaultClockArea_cpu/INT1_EXE_to_INT1_WB_EXE_RESULT_reg[11]/D
  -------------------------------------------------------------------    -------------------

                         (clock aclk rise edge)      10.000    10.000 r  
    L22                                               0.000    10.000 r  aclk (IN)
                         net (fo=0)                   0.000    10.000    aclk
    L22                  IBUF (Prop_ibuf_I_O)         0.762    10.762 r  aclk_IBUF_inst/O
                         net (fo=1, routed)           1.734    12.496    aclk_IBUF
    BUFGCTRL_X0Y0        BUFG (Prop_bufg_I_O)         0.077    12.573 r  aclk_IBUF_BUFG_inst/O
                         net (fo=17753, routed)       1.303    13.876    u_wb/defaultClockArea_cpu/aclk_IBUF_BUFG
    SLICE_X100Y105       FDRE                                         r  u_wb/defaultClockArea_cpu/INT1_EXE_to_INT1_WB_EXE_RESULT_reg[11]/C
                         clock pessimism              0.294    14.169    
                         clock uncertainty           -0.035    14.134    
    SLICE_X100Y105       FDRE (Setup_fdre_C_D)       -0.186    13.948    u_wb/defaultClockArea_cpu/INT1_EXE_to_INT1_WB_EXE_RESULT_reg[11]
  -------------------------------------------------------------------
                         required time                         13.948    
                         arrival time                         -13.639    
  -------------------------------------------------------------------
                         slack                                  0.309    

Slack (MET) :             0.321ns  (required time - arrival time)
  Source:                 u_wb/defaultClockArea_cpu/INT1_EXE_to_INT1_WB_WRITE_REG_payload_reg[5]/C
                            (rising edge-triggered cell FDRE clocked by aclk  {rise@0.000ns fall@5.000ns period=10.000ns})
  Destination:            u_wb/defaultClockArea_cpu/INT2_EXE_to_INT2_WB_EXE_RESULT_reg[17]/D
                            (rising edge-triggered cell FDRE clocked by aclk  {rise@0.000ns fall@5.000ns period=10.000ns})
  Path Group:             aclk
  Path Type:              Setup (Max at Slow Process Corner)
  Requirement:            10.000ns  (aclk rise@10.000ns - aclk rise@0.000ns)
  Data Path Delay:        9.517ns  (logic 1.510ns (15.866%)  route 8.007ns (84.134%))
  Logic Levels:           9  (LUT2=1 LUT4=2 LUT5=1 LUT6=5)
  Clock Path Skew:        -0.080ns (DCD - SCD + CPR)
    Destination Clock Delay (DCD):    3.868ns = ( 13.868 - 10.000 ) 
    Source Clock Delay      (SCD):    4.181ns
    Clock Pessimism Removal (CPR):    0.234ns
  Clock Uncertainty:      0.035ns  ((TSJ^2 + TIJ^2)^1/2 + DJ) / 2 + PE
    Total System Jitter     (TSJ):    0.071ns
    Total Input Jitter      (TIJ):    0.000ns
    Discrete Jitter          (DJ):    0.000ns
    Phase Error              (PE):    0.000ns

    Location             Delay type                Incr(ns)  Path(ns)    Netlist Resource(s)
  -------------------------------------------------------------------    -------------------
                         (clock aclk rise edge)       0.000     0.000 r  
    L22                                               0.000     0.000 r  aclk (IN)
                         net (fo=0)                   0.000     0.000    aclk
    L22                  IBUF (Prop_ibuf_I_O)         0.893     0.893 r  aclk_IBUF_inst/O
                         net (fo=1, routed)           1.827     2.720    aclk_IBUF
    BUFGCTRL_X0Y0        BUFG (Prop_bufg_I_O)         0.081     2.801 r  aclk_IBUF_BUFG_inst/O
                         net (fo=17753, routed)       1.381     4.181    u_wb/defaultClockArea_cpu/aclk_IBUF_BUFG
    SLICE_X89Y126        FDRE                                         r  u_wb/defaultClockArea_cpu/INT1_EXE_to_INT1_WB_WRITE_REG_payload_reg[5]/C
  -------------------------------------------------------------------    -------------------
    SLICE_X89Y126        FDRE (Prop_fdre_C_Q)         0.379     4.560 r  u_wb/defaultClockArea_cpu/INT1_EXE_to_INT1_WB_WRITE_REG_payload_reg[5]/Q
                         net (fo=18, routed)          1.573     6.133    u_wb/defaultClockArea_cpu/INT1_EXE_to_INT1_WB_WRITE_REG_payload[5]
    SLICE_X68Y131        LUT6 (Prop_lut6_I3_O)        0.105     6.238 r  u_wb/defaultClockArea_cpu/INT2_EXE_to_INT2_WB_EXE_RESULT[30]_i_28/O
                         net (fo=1, routed)           0.449     6.687    u_wb/defaultClockArea_cpu/INT2_EXE_to_INT2_WB_EXE_RESULT[30]_i_28_n_0
    SLICE_X67Y131        LUT4 (Prop_lut4_I2_O)        0.105     6.792 r  u_wb/defaultClockArea_cpu/INT2_EXE_to_INT2_WB_EXE_RESULT[30]_i_22/O
                         net (fo=33, routed)          0.681     7.473    u_wb/defaultClockArea_cpu/_zz_IntExecutePlugin_bypassRsp_1_payload_7[0]
    SLICE_X66Y131        LUT6 (Prop_lut6_I0_O)        0.105     7.578 r  u_wb/defaultClockArea_cpu/INT2_EXE_to_INT2_WB_EXE_RESULT[30]_i_15/O
                         net (fo=31, routed)          0.895     8.473    u_wb/defaultClockArea_cpu/when_BypassNetworkPlugin_l36_1
    SLICE_X59Y131        LUT5 (Prop_lut5_I1_O)        0.105     8.578 r  u_wb/defaultClockArea_cpu/INT2_EXE_to_INT2_WB_EXE_RESULT[30]_i_17/O
                         net (fo=67, routed)          1.099     9.677    u_wb/defaultClockArea_cpu/INT2_EXE_IntExecutePlugin_alu_io_sa[3]
    SLICE_X42Y129        LUT2 (Prop_lut2_I0_O)        0.128     9.805 r  u_wb/defaultClockArea_cpu/INT2_EXE_to_INT2_WB_EXE_RESULT[23]_i_35/O
                         net (fo=38, routed)          1.012    10.817    u_wb/defaultClockArea_cpu/INT2_EXE_to_INT2_WB_EXE_RESULT[23]_i_35_n_0
    SLICE_X41Y131        LUT4 (Prop_lut4_I1_O)        0.268    11.085 r  u_wb/defaultClockArea_cpu/INT2_EXE_to_INT2_WB_EXE_RESULT[19]_i_27/O
                         net (fo=2, routed)           0.668    11.753    u_wb/defaultClockArea_cpu/INT2_EXE_to_INT2_WB_EXE_RESULT[19]_i_27_n_0
    SLICE_X40Y130        LUT6 (Prop_lut6_I0_O)        0.105    11.858 r  u_wb/defaultClockArea_cpu/INT2_EXE_to_INT2_WB_EXE_RESULT[17]_i_8/O
                         net (fo=2, routed)           0.484    12.342    u_wb/defaultClockArea_cpu/INT2_EXE_to_INT2_WB_EXE_RESULT[17]_i_8_n_0
    SLICE_X40Y131        LUT6 (Prop_lut6_I5_O)        0.105    12.447 r  u_wb/defaultClockArea_cpu/INT2_EXE_to_INT2_WB_EXE_RESULT[17]_i_4/O
                         net (fo=1, routed)           0.743    13.190    u_wb/defaultClockArea_cpu/INT2_EXE_to_INT2_WB_EXE_RESULT[17]_i_4_n_0
    SLICE_X50Y131        LUT6 (Prop_lut6_I5_O)        0.105    13.295 r  u_wb/defaultClockArea_cpu/INT2_EXE_to_INT2_WB_EXE_RESULT[17]_i_1/O
                         net (fo=1, routed)           0.404    13.698    u_wb/defaultClockArea_cpu/INT2_EXE_to_INT2_WB_EXE_RESULT[17]_i_1_n_0
    SLICE_X50Y132        FDRE                                         r  u_wb/defaultClockArea_cpu/INT2_EXE_to_INT2_WB_EXE_RESULT_reg[17]/D
  -------------------------------------------------------------------    -------------------

                         (clock aclk rise edge)      10.000    10.000 r  
    L22                                               0.000    10.000 r  aclk (IN)
                         net (fo=0)                   0.000    10.000    aclk
    L22                  IBUF (Prop_ibuf_I_O)         0.762    10.762 r  aclk_IBUF_inst/O
                         net (fo=1, routed)           1.734    12.496    aclk_IBUF
    BUFGCTRL_X0Y0        BUFG (Prop_bufg_I_O)         0.077    12.573 r  aclk_IBUF_BUFG_inst/O
                         net (fo=17753, routed)       1.295    13.868    u_wb/defaultClockArea_cpu/aclk_IBUF_BUFG
    SLICE_X50Y132        FDRE                                         r  u_wb/defaultClockArea_cpu/INT2_EXE_to_INT2_WB_EXE_RESULT_reg[17]/C
                         clock pessimism              0.234    14.101    
                         clock uncertainty           -0.035    14.066    
    SLICE_X50Y132        FDRE (Setup_fdre_C_D)       -0.047    14.019    u_wb/defaultClockArea_cpu/INT2_EXE_to_INT2_WB_EXE_RESULT_reg[17]
  -------------------------------------------------------------------
                         required time                         14.019    
                         arrival time                         -13.698    
  -------------------------------------------------------------------
                         slack                                  0.321    

Slack (MET) :             0.351ns  (required time - arrival time)
  Source:                 u_wb/defaultClockArea_cpu/ExceptionHandlerPlugin_ESTAT_IS_2_reg[5]/C
                            (rising edge-triggered cell FDCE clocked by aclk  {rise@0.000ns fall@5.000ns period=10.000ns})
  Destination:            u_wb/defaultClockArea_cpu/MMUPlugin_TLBTable_7_E_reg/D
                            (rising edge-triggered cell FDCE clocked by aclk  {rise@0.000ns fall@5.000ns period=10.000ns})
  Path Group:             aclk
  Path Type:              Setup (Max at Slow Process Corner)
  Requirement:            10.000ns  (aclk rise@10.000ns - aclk rise@0.000ns)
  Data Path Delay:        9.551ns  (logic 2.503ns (26.205%)  route 7.048ns (73.795%))
  Logic Levels:           13  (CARRY4=2 LUT2=1 LUT3=1 LUT5=4 LUT6=5)
  Clock Path Skew:        -0.094ns (DCD - SCD + CPR)
    Destination Clock Delay (DCD):    4.017ns = ( 14.017 - 10.000 ) 
    Source Clock Delay      (SCD):    4.352ns
    Clock Pessimism Removal (CPR):    0.241ns
  Clock Uncertainty:      0.035ns  ((TSJ^2 + TIJ^2)^1/2 + DJ) / 2 + PE
    Total System Jitter     (TSJ):    0.071ns
    Total Input Jitter      (TIJ):    0.000ns
    Discrete Jitter          (DJ):    0.000ns
    Phase Error              (PE):    0.000ns

    Location             Delay type                Incr(ns)  Path(ns)    Netlist Resource(s)
  -------------------------------------------------------------------    -------------------
                         (clock aclk rise edge)       0.000     0.000 r  
    L22                                               0.000     0.000 r  aclk (IN)
                         net (fo=0)                   0.000     0.000    aclk
    L22                  IBUF (Prop_ibuf_I_O)         0.893     0.893 r  aclk_IBUF_inst/O
                         net (fo=1, routed)           1.827     2.720    aclk_IBUF
    BUFGCTRL_X0Y0        BUFG (Prop_bufg_I_O)         0.081     2.801 r  aclk_IBUF_BUFG_inst/O
                         net (fo=17753, routed)       1.551     4.352    u_wb/defaultClockArea_cpu/aclk_IBUF_BUFG
    SLICE_X55Y62         FDCE                                         r  u_wb/defaultClockArea_cpu/ExceptionHandlerPlugin_ESTAT_IS_2_reg[5]/C
  -------------------------------------------------------------------    -------------------
    SLICE_X55Y62         FDCE (Prop_fdce_C_Q)         0.379     4.731 r  u_wb/defaultClockArea_cpu/ExceptionHandlerPlugin_ESTAT_IS_2_reg[5]/Q
                         net (fo=3, routed)           0.713     5.444    u_wb/defaultClockArea_cpu/GlobalPredictorBTBPlugin_predictor/pht/rams_2/ExceptionHandlerPlugin_ESTAT_ECODE[5]_i_3_3[5]
    SLICE_X55Y61         LUT6 (Prop_lut6_I2_O)        0.105     5.549 r  u_wb/defaultClockArea_cpu/GlobalPredictorBTBPlugin_predictor/pht/rams_2/ExceptionHandlerPlugin_ESTAT_ECODE[5]_i_9/O
                         net (fo=1, routed)           0.652     6.201    u_wb/defaultClockArea_cpu/GlobalPredictorBTBPlugin_predictor/pht/rams_2/ExceptionHandlerPlugin_ESTAT_ECODE[5]_i_9_n_0
    SLICE_X54Y62         LUT6 (Prop_lut6_I4_O)        0.105     6.306 r  u_wb/defaultClockArea_cpu/GlobalPredictorBTBPlugin_predictor/pht/rams_2/ExceptionHandlerPlugin_ESTAT_ECODE[5]_i_3/O
                         net (fo=40, routed)          0.308     6.613    u_wb/defaultClockArea_cpu/ROBFIFOPlugin_robInfo/ram/rams_1/p_8622_in
    SLICE_X51Y62         LUT3 (Prop_lut3_I2_O)        0.105     6.718 r  u_wb/defaultClockArea_cpu/ROBFIFOPlugin_robInfo/ram/rams_1/mem_i_41__7/O
                         net (fo=3, routed)           0.358     7.077    u_wb/defaultClockArea_cpu/ROBFIFOPlugin_robInfo/ram/rams_1/ROBFIFOPlugin_fifoIO_pop_0_payload_state_except_valid_reg
    SLICE_X51Y64         LUT6 (Prop_lut6_I0_O)        0.105     7.182 f  u_wb/defaultClockArea_cpu/ROBFIFOPlugin_robInfo/ram/rams_1/CommitPlugin_port0Commit_uncachedProcess_fsm_stateReg[0]_i_2/O
                         net (fo=7, routed)           0.404     7.585    u_wb/defaultClockArea_cpu/ROBFIFOPlugin_robInfo/ram/rams_1/CommitPlugin_port0Commit_uncachedProcess_fsm_stateNext[0]
    SLICE_X50Y63         LUT5 (Prop_lut5_I4_O)        0.105     7.690 r  u_wb/defaultClockArea_cpu/ROBFIFOPlugin_robInfo/ram/rams_1/debug0_wb_pc_OBUF[31]_inst_i_6/O
                         net (fo=6, routed)           0.341     8.031    u_wb/defaultClockArea_cpu/ROBFIFOPlugin_robInfo/ram/defaultClockArea_cpu_ROBFIFOPlugin_debug_fifoIO_pop_0_ready
    SLICE_X53Y63         LUT5 (Prop_lut5_I4_O)        0.105     8.136 r  u_wb/defaultClockArea_cpu/ROBFIFOPlugin_robInfo/ram/ExceptionHandlerPlugin_LLBCTL_LLBIT_i_3/O
                         net (fo=107, routed)         0.814     8.950    u_wb/defaultClockArea_cpu/ROBFIFOPlugin_robInfo/ram/when_CommitPlugin_l184
    SLICE_X63Y63         LUT2 (Prop_lut2_I0_O)        0.126     9.076 r  u_wb/defaultClockArea_cpu/ROBFIFOPlugin_robInfo/ram/MMUPlugin_TLBTable_0_E_i_51/O
                         net (fo=16, routed)          1.704    10.780    u_wb/defaultClockArea_cpu/ROBFIFOPlugin_robInfo/ram/MMUPlugin_TLBTable_0_E_i_51_n_0
    SLICE_X99Y72         LUT6 (Prop_lut6_I1_O)        0.267    11.047 r  u_wb/defaultClockArea_cpu/ROBFIFOPlugin_robInfo/ram/MMUPlugin_TLBTable_7_E_i_24/O
                         net (fo=1, routed)           0.000    11.047    u_wb/defaultClockArea_cpu/ROBFIFOPlugin_robInfo/ram/MMUPlugin_TLBTable_7_E_i_24_n_0
    SLICE_X99Y72         CARRY4 (Prop_carry4_S[0]_CO[3])
                                                      0.440    11.487 r  u_wb/defaultClockArea_cpu/ROBFIFOPlugin_robInfo/ram/MMUPlugin_TLBTable_7_E_reg_i_14/CO[3]
                         net (fo=1, routed)           0.000    11.487    u_wb/defaultClockArea_cpu/ROBFIFOPlugin_robInfo/ram/MMUPlugin_TLBTable_7_E_reg_i_14_n_0
    SLICE_X99Y73         CARRY4 (Prop_carry4_CI_CO[2])
                                                      0.190    11.677 f  u_wb/defaultClockArea_cpu/ROBFIFOPlugin_robInfo/ram/MMUPlugin_TLBTable_7_E_reg_i_8/CO[2]
                         net (fo=1, routed)           0.428    12.105    u_wb/defaultClockArea_cpu/ROBFIFOPlugin_robInfo/ram/MMUPlugin_TLBTable_7_E_reg_i_8_n_1
    SLICE_X99Y74         LUT5 (Prop_lut5_I0_O)        0.261    12.366 r  u_wb/defaultClockArea_cpu/ROBFIFOPlugin_robInfo/ram/MMUPlugin_TLBTable_7_E_i_6/O
                         net (fo=1, routed)           0.627    12.994    u_wb/defaultClockArea_cpu/ROBFIFOPlugin_robInfo/ram/MMUPlugin_TLBTable_7_E_i_6_n_0
    SLICE_X99Y67         LUT6 (Prop_lut6_I1_O)        0.105    13.099 r  u_wb/defaultClockArea_cpu/ROBFIFOPlugin_robInfo/ram/MMUPlugin_TLBTable_7_E_i_3/O
                         net (fo=1, routed)           0.699    13.798    u_wb/defaultClockArea_cpu/ROBFIFOPlugin_robInfo/ram/MMUPlugin_TLBTable_7_E_i_3_n_0
    SLICE_X111Y66        LUT5 (Prop_lut5_I1_O)        0.105    13.903 r  u_wb/defaultClockArea_cpu/ROBFIFOPlugin_robInfo/ram/MMUPlugin_TLBTable_7_E_i_1/O
                         net (fo=1, routed)           0.000    13.903    u_wb/defaultClockArea_cpu/ROBFIFOPlugin_robInfo_n_647
    SLICE_X111Y66        FDCE                                         r  u_wb/defaultClockArea_cpu/MMUPlugin_TLBTable_7_E_reg/D
  -------------------------------------------------------------------    -------------------

                         (clock aclk rise edge)      10.000    10.000 r  
    L22                                               0.000    10.000 r  aclk (IN)
                         net (fo=0)                   0.000    10.000    aclk
    L22                  IBUF (Prop_ibuf_I_O)         0.762    10.762 r  aclk_IBUF_inst/O
                         net (fo=1, routed)           1.734    12.496    aclk_IBUF
    BUFGCTRL_X0Y0        BUFG (Prop_bufg_I_O)         0.077    12.573 r  aclk_IBUF_BUFG_inst/O
                         net (fo=17753, routed)       1.444    14.017    u_wb/defaultClockArea_cpu/aclk_IBUF_BUFG
    SLICE_X111Y66        FDCE                                         r  u_wb/defaultClockArea_cpu/MMUPlugin_TLBTable_7_E_reg/C
                         clock pessimism              0.241    14.258    
                         clock uncertainty           -0.035    14.222    
    SLICE_X111Y66        FDCE (Setup_fdce_C_D)        0.032    14.254    u_wb/defaultClockArea_cpu/MMUPlugin_TLBTable_7_E_reg
  -------------------------------------------------------------------
                         required time                         14.254    
                         arrival time                         -13.903    
  -------------------------------------------------------------------
                         slack                                  0.351    

Slack (MET) :             0.360ns  (required time - arrival time)
  Source:                 u_wb/defaultClockArea_cpu/ExceptionHandlerPlugin_ESTAT_IS_2_reg[5]/C
                            (rising edge-triggered cell FDCE clocked by aclk  {rise@0.000ns fall@5.000ns period=10.000ns})
  Destination:            u_wb/defaultClockArea_cpu/MMUPlugin_TLBTable_0_ASID_reg[6]/CE
                            (rising edge-triggered cell FDCE clocked by aclk  {rise@0.000ns fall@5.000ns period=10.000ns})
  Path Group:             aclk
  Path Type:              Setup (Max at Slow Process Corner)
  Requirement:            10.000ns  (aclk rise@10.000ns - aclk rise@0.000ns)
  Data Path Delay:        9.332ns  (logic 1.496ns (16.031%)  route 7.836ns (83.969%))
  Logic Levels:           9  (LUT2=2 LUT3=1 LUT5=2 LUT6=4)
  Clock Path Skew:        -0.105ns (DCD - SCD + CPR)
    Destination Clock Delay (DCD):    4.006ns = ( 14.006 - 10.000 ) 
    Source Clock Delay      (SCD):    4.352ns
    Clock Pessimism Removal (CPR):    0.241ns
  Clock Uncertainty:      0.035ns  ((TSJ^2 + TIJ^2)^1/2 + DJ) / 2 + PE
    Total System Jitter     (TSJ):    0.071ns
    Total Input Jitter      (TIJ):    0.000ns
    Discrete Jitter          (DJ):    0.000ns
    Phase Error              (PE):    0.000ns

    Location             Delay type                Incr(ns)  Path(ns)    Netlist Resource(s)
  -------------------------------------------------------------------    -------------------
                         (clock aclk rise edge)       0.000     0.000 r  
    L22                                               0.000     0.000 r  aclk (IN)
                         net (fo=0)                   0.000     0.000    aclk
    L22                  IBUF (Prop_ibuf_I_O)         0.893     0.893 r  aclk_IBUF_inst/O
                         net (fo=1, routed)           1.827     2.720    aclk_IBUF
    BUFGCTRL_X0Y0        BUFG (Prop_bufg_I_O)         0.081     2.801 r  aclk_IBUF_BUFG_inst/O
                         net (fo=17753, routed)       1.551     4.352    u_wb/defaultClockArea_cpu/aclk_IBUF_BUFG
    SLICE_X55Y62         FDCE                                         r  u_wb/defaultClockArea_cpu/ExceptionHandlerPlugin_ESTAT_IS_2_reg[5]/C
  -------------------------------------------------------------------    -------------------
    SLICE_X55Y62         FDCE (Prop_fdce_C_Q)         0.379     4.731 f  u_wb/defaultClockArea_cpu/ExceptionHandlerPlugin_ESTAT_IS_2_reg[5]/Q
                         net (fo=3, routed)           0.713     5.444    u_wb/defaultClockArea_cpu/GlobalPredictorBTBPlugin_predictor/pht/rams_2/ExceptionHandlerPlugin_ESTAT_ECODE[5]_i_3_3[5]
    SLICE_X55Y61         LUT6 (Prop_lut6_I2_O)        0.105     5.549 f  u_wb/defaultClockArea_cpu/GlobalPredictorBTBPlugin_predictor/pht/rams_2/ExceptionHandlerPlugin_ESTAT_ECODE[5]_i_9/O
                         net (fo=1, routed)           0.652     6.201    u_wb/defaultClockArea_cpu/GlobalPredictorBTBPlugin_predictor/pht/rams_2/ExceptionHandlerPlugin_ESTAT_ECODE[5]_i_9_n_0
    SLICE_X54Y62         LUT6 (Prop_lut6_I4_O)        0.105     6.306 f  u_wb/defaultClockArea_cpu/GlobalPredictorBTBPlugin_predictor/pht/rams_2/ExceptionHandlerPlugin_ESTAT_ECODE[5]_i_3/O
                         net (fo=40, routed)          0.308     6.613    u_wb/defaultClockArea_cpu/ROBFIFOPlugin_robInfo/ram/rams_1/p_8622_in
    SLICE_X51Y62         LUT3 (Prop_lut3_I2_O)        0.105     6.718 f  u_wb/defaultClockArea_cpu/ROBFIFOPlugin_robInfo/ram/rams_1/mem_i_41__7/O
                         net (fo=3, routed)           0.358     7.077    u_wb/defaultClockArea_cpu/ROBFIFOPlugin_robInfo/ram/rams_1/ROBFIFOPlugin_fifoIO_pop_0_payload_state_except_valid_reg
    SLICE_X51Y64         LUT6 (Prop_lut6_I0_O)        0.105     7.182 r  u_wb/defaultClockArea_cpu/ROBFIFOPlugin_robInfo/ram/rams_1/CommitPlugin_port0Commit_uncachedProcess_fsm_stateReg[0]_i_2/O
                         net (fo=7, routed)           0.404     7.585    u_wb/defaultClockArea_cpu/ROBFIFOPlugin_robInfo/ram/rams_1/CommitPlugin_port0Commit_uncachedProcess_fsm_stateNext[0]
    SLICE_X50Y63         LUT5 (Prop_lut5_I4_O)        0.105     7.690 f  u_wb/defaultClockArea_cpu/ROBFIFOPlugin_robInfo/ram/rams_1/debug0_wb_pc_OBUF[31]_inst_i_6/O
                         net (fo=6, routed)           0.341     8.031    u_wb/defaultClockArea_cpu/ROBFIFOPlugin_robInfo/ram/defaultClockArea_cpu_ROBFIFOPlugin_debug_fifoIO_pop_0_ready
    SLICE_X53Y63         LUT5 (Prop_lut5_I4_O)        0.105     8.136 f  u_wb/defaultClockArea_cpu/ROBFIFOPlugin_robInfo/ram/ExceptionHandlerPlugin_LLBCTL_LLBIT_i_3/O
                         net (fo=107, routed)         1.559     9.695    u_wb/defaultClockArea_cpu/ROBFIFOPlugin_robInfo/ram/when_CommitPlugin_l184
    SLICE_X87Y70         LUT2 (Prop_lut2_I1_O)        0.105     9.800 f  u_wb/defaultClockArea_cpu/ROBFIFOPlugin_robInfo/ram/MMUPlugin_TLBTable_4_PPN1[19]_i_2/O
                         net (fo=37, routed)          1.566    11.366    u_wb/defaultClockArea_cpu/ROBFIFOPlugin_robInfo/ram/CommitPlugin_tlbOp[3]
    SLICE_X110Y72        LUT2 (Prop_lut2_I1_O)        0.115    11.481 r  u_wb/defaultClockArea_cpu/ROBFIFOPlugin_robInfo/ram/MMUPlugin_TLBTable_0_PPN1[19]_i_5/O
                         net (fo=8, routed)           0.721    12.202    u_wb/defaultClockArea_cpu/ROBFIFOPlugin_robInfo/ram/MMUPlugin_TLBTable_0_PPN1[19]_i_5_n_0
    SLICE_X116Y69        LUT6 (Prop_lut6_I5_O)        0.267    12.469 r  u_wb/defaultClockArea_cpu/ROBFIFOPlugin_robInfo/ram/MMUPlugin_TLBTable_0_PPN1[19]_i_1/O
                         net (fo=89, routed)          1.214    13.683    u_wb/defaultClockArea_cpu/ROBFIFOPlugin_robInfo_n_2376
    SLICE_X97Y64         FDCE                                         r  u_wb/defaultClockArea_cpu/MMUPlugin_TLBTable_0_ASID_reg[6]/CE
  -------------------------------------------------------------------    -------------------

                         (clock aclk rise edge)      10.000    10.000 r  
    L22                                               0.000    10.000 r  aclk (IN)
                         net (fo=0)                   0.000    10.000    aclk
    L22                  IBUF (Prop_ibuf_I_O)         0.762    10.762 r  aclk_IBUF_inst/O
                         net (fo=1, routed)           1.734    12.496    aclk_IBUF
    BUFGCTRL_X0Y0        BUFG (Prop_bufg_I_O)         0.077    12.573 r  aclk_IBUF_BUFG_inst/O
                         net (fo=17753, routed)       1.433    14.006    u_wb/defaultClockArea_cpu/aclk_IBUF_BUFG
    SLICE_X97Y64         FDCE                                         r  u_wb/defaultClockArea_cpu/MMUPlugin_TLBTable_0_ASID_reg[6]/C
                         clock pessimism              0.241    14.247    
                         clock uncertainty           -0.035    14.211    
    SLICE_X97Y64         FDCE (Setup_fdce_C_CE)      -0.168    14.043    u_wb/defaultClockArea_cpu/MMUPlugin_TLBTable_0_ASID_reg[6]
  -------------------------------------------------------------------
                         required time                         14.043    
                         arrival time                         -13.683    
  -------------------------------------------------------------------
                         slack                                  0.360    

Slack (MET) :             0.367ns  (required time - arrival time)
  Source:                 u_wb/defaultClockArea_cpu/INT1_EXE_to_INT1_WB_WRITE_REG_payload_reg[5]/C
                            (rising edge-triggered cell FDRE clocked by aclk  {rise@0.000ns fall@5.000ns period=10.000ns})
  Destination:            u_wb/defaultClockArea_cpu/INT1_EXE_to_INT1_WB_EXE_RESULT_reg[17]/D
                            (rising edge-triggered cell FDRE clocked by aclk  {rise@0.000ns fall@5.000ns period=10.000ns})
  Path Group:             aclk
  Path Type:              Setup (Max at Slow Process Corner)
  Requirement:            10.000ns  (aclk rise@10.000ns - aclk rise@0.000ns)
  Data Path Delay:        9.394ns  (logic 1.890ns (20.118%)  route 7.504ns (79.882%))
  Logic Levels:           11  (LUT2=1 LUT3=1 LUT4=2 LUT5=2 LUT6=5)
  Clock Path Skew:        -0.017ns (DCD - SCD + CPR)
    Destination Clock Delay (DCD):    3.871ns = ( 13.871 - 10.000 ) 
    Source Clock Delay      (SCD):    4.181ns
    Clock Pessimism Removal (CPR):    0.294ns
  Clock Uncertainty:      0.035ns  ((TSJ^2 + TIJ^2)^1/2 + DJ) / 2 + PE
    Total System Jitter     (TSJ):    0.071ns
    Total Input Jitter      (TIJ):    0.000ns
    Discrete Jitter          (DJ):    0.000ns
    Phase Error              (PE):    0.000ns

    Location             Delay type                Incr(ns)  Path(ns)    Netlist Resource(s)
  -------------------------------------------------------------------    -------------------
                         (clock aclk rise edge)       0.000     0.000 r  
    L22                                               0.000     0.000 r  aclk (IN)
                         net (fo=0)                   0.000     0.000    aclk
    L22                  IBUF (Prop_ibuf_I_O)         0.893     0.893 r  aclk_IBUF_inst/O
                         net (fo=1, routed)           1.827     2.720    aclk_IBUF
    BUFGCTRL_X0Y0        BUFG (Prop_bufg_I_O)         0.081     2.801 r  aclk_IBUF_BUFG_inst/O
                         net (fo=17753, routed)       1.381     4.181    u_wb/defaultClockArea_cpu/aclk_IBUF_BUFG
    SLICE_X89Y126        FDRE                                         r  u_wb/defaultClockArea_cpu/INT1_EXE_to_INT1_WB_WRITE_REG_payload_reg[5]/C
  -------------------------------------------------------------------    -------------------
    SLICE_X89Y126        FDRE (Prop_fdre_C_Q)         0.379     4.560 r  u_wb/defaultClockArea_cpu/INT1_EXE_to_INT1_WB_WRITE_REG_payload_reg[5]/Q
                         net (fo=18, routed)          0.860     5.420    u_wb/defaultClockArea_cpu/INT1_EXE_to_INT1_WB_WRITE_REG_payload[5]
    SLICE_X89Y127        LUT6 (Prop_lut6_I3_O)        0.105     5.525 r  u_wb/defaultClockArea_cpu/INT1_EXE_to_INT1_WB_EXE_RESULT[30]_i_30/O
                         net (fo=1, routed)           0.546     6.072    u_wb/defaultClockArea_cpu/INT1_EXE_to_INT1_WB_EXE_RESULT[30]_i_30_n_0
    SLICE_X89Y127        LUT4 (Prop_lut4_I2_O)        0.105     6.177 r  u_wb/defaultClockArea_cpu/INT1_EXE_to_INT1_WB_EXE_RESULT[30]_i_21/O
                         net (fo=33, routed)          0.517     6.693    u_wb/defaultClockArea_cpu/_zz_IntExecutePlugin_bypassRsp_1_payload_1_2[0]
    SLICE_X89Y125        LUT6 (Prop_lut6_I0_O)        0.105     6.798 r  u_wb/defaultClockArea_cpu/INT1_EXE_to_INT1_WB_EXE_RESULT[30]_i_17/O
                         net (fo=31, routed)          0.679     7.477    u_wb/defaultClockArea_cpu/when_BypassNetworkPlugin_l36_3
    SLICE_X93Y123        LUT5 (Prop_lut5_I1_O)        0.108     7.585 f  u_wb/defaultClockArea_cpu/INT1_EXE_to_INT1_WB_EXE_RESULT[30]_i_19/O
                         net (fo=67, routed)          1.008     8.594    u_wb/defaultClockArea_cpu/INT1_EXE_IntExecutePlugin_alu_io_sa[3]
    SLICE_X111Y122       LUT2 (Prop_lut2_I0_O)        0.269     8.863 r  u_wb/defaultClockArea_cpu/INT1_EXE_to_INT1_WB_EXE_RESULT[31]_i_24/O
                         net (fo=55, routed)          0.642     9.504    u_wb/defaultClockArea_cpu/INT1_EXE_to_INT1_WB_EXE_RESULT[31]_i_24_n_0
    SLICE_X112Y123       LUT4 (Prop_lut4_I3_O)        0.274     9.778 r  u_wb/defaultClockArea_cpu/INT1_EXE_to_INT1_WB_EXE_RESULT[19]_i_14/O
                         net (fo=2, routed)           0.653    10.431    u_wb/defaultClockArea_cpu/INT1_EXE_to_INT1_WB_EXE_RESULT[19]_i_14_n_0
    SLICE_X112Y122       LUT6 (Prop_lut6_I0_O)        0.105    10.536 r  u_wb/defaultClockArea_cpu/INT1_EXE_to_INT1_WB_EXE_RESULT[17]_i_8/O
                         net (fo=2, routed)           0.674    11.210    u_wb/defaultClockArea_cpu/INT1_EXE_to_INT1_WB_EXE_RESULT[17]_i_8_n_0
    SLICE_X109Y123       LUT6 (Prop_lut6_I5_O)        0.105    11.315 r  u_wb/defaultClockArea_cpu/INT1_EXE_to_INT1_WB_EXE_RESULT[17]_i_4/O
                         net (fo=1, routed)           0.355    11.670    u_wb/defaultClockArea_cpu/INT1_EXE_to_INT1_WB_EXE_RESULT[17]_i_4_n_0
    SLICE_X105Y122       LUT6 (Prop_lut6_I2_O)        0.105    11.775 r  u_wb/defaultClockArea_cpu/INT1_EXE_to_INT1_WB_EXE_RESULT[17]_i_3/O
                         net (fo=1, routed)           0.760    12.535    u_wb/defaultClockArea_cpu/INT1_EXE_IntExecutePlugin_alu_io_result[17]
    SLICE_X100Y113       LUT5 (Prop_lut5_I4_O)        0.105    12.640 r  u_wb/defaultClockArea_cpu/INT1_EXE_to_INT1_WB_EXE_RESULT[17]_i_2/O
                         net (fo=1, routed)           0.522    13.162    u_wb/defaultClockArea_cpu/INT1_EXE_to_INT1_WB_EXE_RESULT[17]_i_2_n_0
    SLICE_X100Y114       LUT3 (Prop_lut3_I2_O)        0.125    13.287 r  u_wb/defaultClockArea_cpu/INT1_EXE_to_INT1_WB_EXE_RESULT[17]_i_1/O
                         net (fo=1, routed)           0.289    13.576    u_wb/defaultClockArea_cpu/INT1_EXE_to_INT1_WB_EXE_RESULT[17]_i_1_n_0
    SLICE_X100Y114       FDRE                                         r  u_wb/defaultClockArea_cpu/INT1_EXE_to_INT1_WB_EXE_RESULT_reg[17]/D
  -------------------------------------------------------------------    -------------------

                         (clock aclk rise edge)      10.000    10.000 r  
    L22                                               0.000    10.000 r  aclk (IN)
                         net (fo=0)                   0.000    10.000    aclk
    L22                  IBUF (Prop_ibuf_I_O)         0.762    10.762 r  aclk_IBUF_inst/O
                         net (fo=1, routed)           1.734    12.496    aclk_IBUF
    BUFGCTRL_X0Y0        BUFG (Prop_bufg_I_O)         0.077    12.573 r  aclk_IBUF_BUFG_inst/O
                         net (fo=17753, routed)       1.298    13.871    u_wb/defaultClockArea_cpu/aclk_IBUF_BUFG
    SLICE_X100Y114       FDRE                                         r  u_wb/defaultClockArea_cpu/INT1_EXE_to_INT1_WB_EXE_RESULT_reg[17]/C
                         clock pessimism              0.294    14.164    
                         clock uncertainty           -0.035    14.129    
    SLICE_X100Y114       FDRE (Setup_fdre_C_D)       -0.186    13.943    u_wb/defaultClockArea_cpu/INT1_EXE_to_INT1_WB_EXE_RESULT_reg[17]
  -------------------------------------------------------------------
                         required time                         13.943    
                         arrival time                         -13.576    
  -------------------------------------------------------------------
                         slack                                  0.367    

Slack (MET) :             0.399ns  (required time - arrival time)
  Source:                 u_wb/defaultClockArea_cpu/ExceptionHandlerPlugin_ESTAT_IS_2_reg[5]/C
                            (rising edge-triggered cell FDCE clocked by aclk  {rise@0.000ns fall@5.000ns period=10.000ns})
  Destination:            u_wb/defaultClockArea_cpu/MMUPlugin_TLBTable_0_ASID_reg[1]/CE
                            (rising edge-triggered cell FDCE clocked by aclk  {rise@0.000ns fall@5.000ns period=10.000ns})
  Path Group:             aclk
  Path Type:              Setup (Max at Slow Process Corner)
  Requirement:            10.000ns  (aclk rise@10.000ns - aclk rise@0.000ns)
  Data Path Delay:        9.324ns  (logic 1.496ns (16.045%)  route 7.828ns (83.955%))
  Logic Levels:           9  (LUT2=2 LUT3=1 LUT5=2 LUT6=4)
  Clock Path Skew:        -0.106ns (DCD - SCD + CPR)
    Destination Clock Delay (DCD):    4.005ns = ( 14.005 - 10.000 ) 
    Source Clock Delay      (SCD):    4.352ns
    Clock Pessimism Removal (CPR):    0.241ns
  Clock Uncertainty:      0.035ns  ((TSJ^2 + TIJ^2)^1/2 + DJ) / 2 + PE
    Total System Jitter     (TSJ):    0.071ns
    Total Input Jitter      (TIJ):    0.000ns
    Discrete Jitter          (DJ):    0.000ns
    Phase Error              (PE):    0.000ns

    Location             Delay type                Incr(ns)  Path(ns)    Netlist Resource(s)
  -------------------------------------------------------------------    -------------------
                         (clock aclk rise edge)       0.000     0.000 r  
    L22                                               0.000     0.000 r  aclk (IN)
                         net (fo=0)                   0.000     0.000    aclk
    L22                  IBUF (Prop_ibuf_I_O)         0.893     0.893 r  aclk_IBUF_inst/O
                         net (fo=1, routed)           1.827     2.720    aclk_IBUF
    BUFGCTRL_X0Y0        BUFG (Prop_bufg_I_O)         0.081     2.801 r  aclk_IBUF_BUFG_inst/O
                         net (fo=17753, routed)       1.551     4.352    u_wb/defaultClockArea_cpu/aclk_IBUF_BUFG
    SLICE_X55Y62         FDCE                                         r  u_wb/defaultClockArea_cpu/ExceptionHandlerPlugin_ESTAT_IS_2_reg[5]/C
  -------------------------------------------------------------------    -------------------
    SLICE_X55Y62         FDCE (Prop_fdce_C_Q)         0.379     4.731 f  u_wb/defaultClockArea_cpu/ExceptionHandlerPlugin_ESTAT_IS_2_reg[5]/Q
                         net (fo=3, routed)           0.713     5.444    u_wb/defaultClockArea_cpu/GlobalPredictorBTBPlugin_predictor/pht/rams_2/ExceptionHandlerPlugin_ESTAT_ECODE[5]_i_3_3[5]
    SLICE_X55Y61         LUT6 (Prop_lut6_I2_O)        0.105     5.549 f  u_wb/defaultClockArea_cpu/GlobalPredictorBTBPlugin_predictor/pht/rams_2/ExceptionHandlerPlugin_ESTAT_ECODE[5]_i_9/O
                         net (fo=1, routed)           0.652     6.201    u_wb/defaultClockArea_cpu/GlobalPredictorBTBPlugin_predictor/pht/rams_2/ExceptionHandlerPlugin_ESTAT_ECODE[5]_i_9_n_0
    SLICE_X54Y62         LUT6 (Prop_lut6_I4_O)        0.105     6.306 f  u_wb/defaultClockArea_cpu/GlobalPredictorBTBPlugin_predictor/pht/rams_2/ExceptionHandlerPlugin_ESTAT_ECODE[5]_i_3/O
                         net (fo=40, routed)          0.308     6.613    u_wb/defaultClockArea_cpu/ROBFIFOPlugin_robInfo/ram/rams_1/p_8622_in
    SLICE_X51Y62         LUT3 (Prop_lut3_I2_O)        0.105     6.718 f  u_wb/defaultClockArea_cpu/ROBFIFOPlugin_robInfo/ram/rams_1/mem_i_41__7/O
                         net (fo=3, routed)           0.358     7.077    u_wb/defaultClockArea_cpu/ROBFIFOPlugin_robInfo/ram/rams_1/ROBFIFOPlugin_fifoIO_pop_0_payload_state_except_valid_reg
    SLICE_X51Y64         LUT6 (Prop_lut6_I0_O)        0.105     7.182 r  u_wb/defaultClockArea_cpu/ROBFIFOPlugin_robInfo/ram/rams_1/CommitPlugin_port0Commit_uncachedProcess_fsm_stateReg[0]_i_2/O
                         net (fo=7, routed)           0.404     7.585    u_wb/defaultClockArea_cpu/ROBFIFOPlugin_robInfo/ram/rams_1/CommitPlugin_port0Commit_uncachedProcess_fsm_stateNext[0]
    SLICE_X50Y63         LUT5 (Prop_lut5_I4_O)        0.105     7.690 f  u_wb/defaultClockArea_cpu/ROBFIFOPlugin_robInfo/ram/rams_1/debug0_wb_pc_OBUF[31]_inst_i_6/O
                         net (fo=6, routed)           0.341     8.031    u_wb/defaultClockArea_cpu/ROBFIFOPlugin_robInfo/ram/defaultClockArea_cpu_ROBFIFOPlugin_debug_fifoIO_pop_0_ready
    SLICE_X53Y63         LUT5 (Prop_lut5_I4_O)        0.105     8.136 f  u_wb/defaultClockArea_cpu/ROBFIFOPlugin_robInfo/ram/ExceptionHandlerPlugin_LLBCTL_LLBIT_i_3/O
                         net (fo=107, routed)         1.559     9.695    u_wb/defaultClockArea_cpu/ROBFIFOPlugin_robInfo/ram/when_CommitPlugin_l184
    SLICE_X87Y70         LUT2 (Prop_lut2_I1_O)        0.105     9.800 f  u_wb/defaultClockArea_cpu/ROBFIFOPlugin_robInfo/ram/MMUPlugin_TLBTable_4_PPN1[19]_i_2/O
                         net (fo=37, routed)          1.566    11.366    u_wb/defaultClockArea_cpu/ROBFIFOPlugin_robInfo/ram/CommitPlugin_tlbOp[3]
    SLICE_X110Y72        LUT2 (Prop_lut2_I1_O)        0.115    11.481 r  u_wb/defaultClockArea_cpu/ROBFIFOPlugin_robInfo/ram/MMUPlugin_TLBTable_0_PPN1[19]_i_5/O
                         net (fo=8, routed)           0.721    12.202    u_wb/defaultClockArea_cpu/ROBFIFOPlugin_robInfo/ram/MMUPlugin_TLBTable_0_PPN1[19]_i_5_n_0
    SLICE_X116Y69        LUT6 (Prop_lut6_I5_O)        0.267    12.469 r  u_wb/defaultClockArea_cpu/ROBFIFOPlugin_robInfo/ram/MMUPlugin_TLBTable_0_PPN1[19]_i_1/O
                         net (fo=89, routed)          1.206    13.676    u_wb/defaultClockArea_cpu/ROBFIFOPlugin_robInfo_n_2376
    SLICE_X96Y66         FDCE                                         r  u_wb/defaultClockArea_cpu/MMUPlugin_TLBTable_0_ASID_reg[1]/CE
  -------------------------------------------------------------------    -------------------

                         (clock aclk rise edge)      10.000    10.000 r  
    L22                                               0.000    10.000 r  aclk (IN)
                         net (fo=0)                   0.000    10.000    aclk
    L22                  IBUF (Prop_ibuf_I_O)         0.762    10.762 r  aclk_IBUF_inst/O
                         net (fo=1, routed)           1.734    12.496    aclk_IBUF
    BUFGCTRL_X0Y0        BUFG (Prop_bufg_I_O)         0.077    12.573 r  aclk_IBUF_BUFG_inst/O
                         net (fo=17753, routed)       1.432    14.005    u_wb/defaultClockArea_cpu/aclk_IBUF_BUFG
    SLICE_X96Y66         FDCE                                         r  u_wb/defaultClockArea_cpu/MMUPlugin_TLBTable_0_ASID_reg[1]/C
                         clock pessimism              0.241    14.246    
                         clock uncertainty           -0.035    14.210    
    SLICE_X96Y66         FDCE (Setup_fdce_C_CE)      -0.136    14.074    u_wb/defaultClockArea_cpu/MMUPlugin_TLBTable_0_ASID_reg[1]
  -------------------------------------------------------------------
                         required time                         14.074    
                         arrival time                         -13.676    
  -------------------------------------------------------------------
                         slack                                  0.399    

Slack (MET) :             0.400ns  (required time - arrival time)
  Source:                 u_wb/defaultClockArea_cpu/INT1_EXE_to_INT1_WB_WRITE_REG_payload_reg[5]/C
                            (rising edge-triggered cell FDRE clocked by aclk  {rise@0.000ns fall@5.000ns period=10.000ns})
  Destination:            u_wb/defaultClockArea_cpu/INT1_EXE_to_INT1_WB_EXE_RESULT_reg[15]/D
                            (rising edge-triggered cell FDRE clocked by aclk  {rise@0.000ns fall@5.000ns period=10.000ns})
  Path Group:             aclk
  Path Type:              Setup (Max at Slow Process Corner)
  Requirement:            10.000ns  (aclk rise@10.000ns - aclk rise@0.000ns)
  Data Path Delay:        9.367ns  (logic 1.890ns (20.178%)  route 7.477ns (79.822%))
  Logic Levels:           11  (LUT2=1 LUT3=1 LUT4=2 LUT5=2 LUT6=5)
  Clock Path Skew:        -0.012ns (DCD - SCD + CPR)
    Destination Clock Delay (DCD):    3.876ns = ( 13.876 - 10.000 ) 
    Source Clock Delay      (SCD):    4.181ns
    Clock Pessimism Removal (CPR):    0.294ns
  Clock Uncertainty:      0.035ns  ((TSJ^2 + TIJ^2)^1/2 + DJ) / 2 + PE
    Total System Jitter     (TSJ):    0.071ns
    Total Input Jitter      (TIJ):    0.000ns
    Discrete Jitter          (DJ):    0.000ns
    Phase Error              (PE):    0.000ns

    Location             Delay type                Incr(ns)  Path(ns)    Netlist Resource(s)
  -------------------------------------------------------------------    -------------------
                         (clock aclk rise edge)       0.000     0.000 r  
    L22                                               0.000     0.000 r  aclk (IN)
                         net (fo=0)                   0.000     0.000    aclk
    L22                  IBUF (Prop_ibuf_I_O)         0.893     0.893 r  aclk_IBUF_inst/O
                         net (fo=1, routed)           1.827     2.720    aclk_IBUF
    BUFGCTRL_X0Y0        BUFG (Prop_bufg_I_O)         0.081     2.801 r  aclk_IBUF_BUFG_inst/O
                         net (fo=17753, routed)       1.381     4.181    u_wb/defaultClockArea_cpu/aclk_IBUF_BUFG
    SLICE_X89Y126        FDRE                                         r  u_wb/defaultClockArea_cpu/INT1_EXE_to_INT1_WB_WRITE_REG_payload_reg[5]/C
  -------------------------------------------------------------------    -------------------
    SLICE_X89Y126        FDRE (Prop_fdre_C_Q)         0.379     4.560 r  u_wb/defaultClockArea_cpu/INT1_EXE_to_INT1_WB_WRITE_REG_payload_reg[5]/Q
                         net (fo=18, routed)          0.860     5.420    u_wb/defaultClockArea_cpu/INT1_EXE_to_INT1_WB_WRITE_REG_payload[5]
    SLICE_X89Y127        LUT6 (Prop_lut6_I3_O)        0.105     5.525 r  u_wb/defaultClockArea_cpu/INT1_EXE_to_INT1_WB_EXE_RESULT[30]_i_30/O
                         net (fo=1, routed)           0.546     6.072    u_wb/defaultClockArea_cpu/INT1_EXE_to_INT1_WB_EXE_RESULT[30]_i_30_n_0
    SLICE_X89Y127        LUT4 (Prop_lut4_I2_O)        0.105     6.177 r  u_wb/defaultClockArea_cpu/INT1_EXE_to_INT1_WB_EXE_RESULT[30]_i_21/O
                         net (fo=33, routed)          0.517     6.693    u_wb/defaultClockArea_cpu/_zz_IntExecutePlugin_bypassRsp_1_payload_1_2[0]
    SLICE_X89Y125        LUT6 (Prop_lut6_I0_O)        0.105     6.798 r  u_wb/defaultClockArea_cpu/INT1_EXE_to_INT1_WB_EXE_RESULT[30]_i_17/O
                         net (fo=31, routed)          0.679     7.477    u_wb/defaultClockArea_cpu/when_BypassNetworkPlugin_l36_3
    SLICE_X93Y123        LUT5 (Prop_lut5_I1_O)        0.108     7.585 f  u_wb/defaultClockArea_cpu/INT1_EXE_to_INT1_WB_EXE_RESULT[30]_i_19/O
                         net (fo=67, routed)          1.008     8.594    u_wb/defaultClockArea_cpu/INT1_EXE_IntExecutePlugin_alu_io_sa[3]
    SLICE_X111Y122       LUT2 (Prop_lut2_I0_O)        0.269     8.863 r  u_wb/defaultClockArea_cpu/INT1_EXE_to_INT1_WB_EXE_RESULT[31]_i_24/O
                         net (fo=55, routed)          0.812     9.675    u_wb/defaultClockArea_cpu/INT1_EXE_to_INT1_WB_EXE_RESULT[31]_i_24_n_0
    SLICE_X108Y124       LUT4 (Prop_lut4_I3_O)        0.274     9.949 r  u_wb/defaultClockArea_cpu/INT1_EXE_to_INT1_WB_EXE_RESULT[17]_i_11/O
                         net (fo=2, routed)           0.513    10.462    u_wb/defaultClockArea_cpu/INT1_EXE_to_INT1_WB_EXE_RESULT[17]_i_11_n_0
    SLICE_X108Y124       LUT6 (Prop_lut6_I3_O)        0.105    10.567 r  u_wb/defaultClockArea_cpu/INT1_EXE_to_INT1_WB_EXE_RESULT[15]_i_8/O
                         net (fo=2, routed)           0.775    11.342    u_wb/defaultClockArea_cpu/INT1_EXE_to_INT1_WB_EXE_RESULT[15]_i_8_n_0
    SLICE_X103Y126       LUT6 (Prop_lut6_I5_O)        0.105    11.447 r  u_wb/defaultClockArea_cpu/INT1_EXE_to_INT1_WB_EXE_RESULT[15]_i_4/O
                         net (fo=1, routed)           0.391    11.838    u_wb/defaultClockArea_cpu/INT1_EXE_to_INT1_WB_EXE_RESULT[15]_i_4_n_0
    SLICE_X102Y122       LUT6 (Prop_lut6_I2_O)        0.105    11.943 r  u_wb/defaultClockArea_cpu/INT1_EXE_to_INT1_WB_EXE_RESULT[15]_i_3/O
                         net (fo=1, routed)           0.583    12.526    u_wb/defaultClockArea_cpu/INT1_EXE_IntExecutePlugin_alu_io_result[15]
    SLICE_X102Y111       LUT5 (Prop_lut5_I4_O)        0.105    12.631 r  u_wb/defaultClockArea_cpu/INT1_EXE_to_INT1_WB_EXE_RESULT[15]_i_2/O
                         net (fo=1, routed)           0.503    13.135    u_wb/defaultClockArea_cpu/INT1_EXE_to_INT1_WB_EXE_RESULT[15]_i_2_n_0
    SLICE_X102Y111       LUT3 (Prop_lut3_I2_O)        0.125    13.260 r  u_wb/defaultClockArea_cpu/INT1_EXE_to_INT1_WB_EXE_RESULT[15]_i_1/O
                         net (fo=1, routed)           0.289    13.548    u_wb/defaultClockArea_cpu/INT1_EXE_to_INT1_WB_EXE_RESULT[15]_i_1_n_0
    SLICE_X102Y111       FDRE                                         r  u_wb/defaultClockArea_cpu/INT1_EXE_to_INT1_WB_EXE_RESULT_reg[15]/D
  -------------------------------------------------------------------    -------------------

                         (clock aclk rise edge)      10.000    10.000 r  
    L22                                               0.000    10.000 r  aclk (IN)
                         net (fo=0)                   0.000    10.000    aclk
    L22                  IBUF (Prop_ibuf_I_O)         0.762    10.762 r  aclk_IBUF_inst/O
                         net (fo=1, routed)           1.734    12.496    aclk_IBUF
    BUFGCTRL_X0Y0        BUFG (Prop_bufg_I_O)         0.077    12.573 r  aclk_IBUF_BUFG_inst/O
                         net (fo=17753, routed)       1.303    13.876    u_wb/defaultClockArea_cpu/aclk_IBUF_BUFG
    SLICE_X102Y111       FDRE                                         r  u_wb/defaultClockArea_cpu/INT1_EXE_to_INT1_WB_EXE_RESULT_reg[15]/C
                         clock pessimism              0.294    14.169    
                         clock uncertainty           -0.035    14.134    
    SLICE_X102Y111       FDRE (Setup_fdre_C_D)       -0.186    13.948    u_wb/defaultClockArea_cpu/INT1_EXE_to_INT1_WB_EXE_RESULT_reg[15]
  -------------------------------------------------------------------
                         required time                         13.948    
                         arrival time                         -13.548    
  -------------------------------------------------------------------
                         slack                                  0.400    





Pulse Width Checks
--------------------------------------------------------------------------------------
Clock Name:         aclk
Waveform(ns):       { 0.000 5.000 }
Period(ns):         10.000
Sources:            { aclk }

Check Type        Corner  Lib Pin             Reference Pin  Required(ns)  Actual(ns)  Slack(ns)  Location      Pin
Min Period        n/a     DSP48E1/CLK         n/a            3.109         10.000      6.891      DSP48_X3Y49   core_top/wb_raw_top/MyCPUCore/multiplier/<hidden>/<hidden>/<hidden>
Min Period        n/a     RAMB36E1/CLKARDCLK  n/a            2.472         10.000      7.528      RAMB36_X0Y10  u_wb/defaultClockArea_axiBuffer/fifo/xpm_fifo_base_inst/gen_sdpram.xpm_memory_base_inst/gen_wr_a.gen_word_narrow.mem_reg_0/CLKARDCLK
Min Period        n/a     RAMB36E1/CLKARDCLK  n/a            2.472         10.000      7.528      RAMB36_X0Y9   u_wb/defaultClockArea_axiBuffer/fifo/xpm_fifo_base_inst/gen_sdpram.xpm_memory_base_inst/gen_wr_a.gen_word_narrow.mem_reg_1/CLKARDCLK
Min Period        n/a     RAMB18E1/CLKARDCLK  n/a            2.472         10.000      7.528      RAMB18_X0Y22  u_wb/defaultClockArea_axiBuffer/fifo/xpm_fifo_base_inst/gen_sdpram.xpm_memory_base_inst/gen_wr_a.gen_word_narrow.mem_reg_2/CLKARDCLK
Min Period        n/a     RAMB36E1/CLKARDCLK  n/a            2.472         10.000      7.528      RAMB36_X1Y12  u_wb/defaultClockArea_cpu/DCachePlugin_dataRAMs_0/mem/xpm_memory_base_inst/gen_wr_a.gen_byte_narrow.for_mem_cols[1].mem_reg/CLKARDCLK
Min Period        n/a     RAMB36E1/CLKARDCLK  n/a            2.472         10.000      7.528      RAMB36_X1Y13  u_wb/defaultClockArea_cpu/DCachePlugin_dataRAMs_1/mem/xpm_memory_base_inst/gen_wr_a.gen_byte_narrow.for_mem_cols[1].mem_reg/CLKARDCLK
Min Period        n/a     RAMB36E1/CLKARDCLK  n/a            2.472         10.000      7.528      RAMB36_X0Y13  u_wb/defaultClockArea_cpu/DCachePlugin_infoRAM/mem/xpm_memory_base_inst/gen_wr_a.gen_word_narrow.mem_reg/CLKARDCLK
Min Period        n/a     RAMB36E1/CLKBWRCLK  n/a            2.472         10.000      7.528      RAMB36_X0Y13  u_wb/defaultClockArea_cpu/DCachePlugin_infoRAM/mem/xpm_memory_base_inst/gen_wr_a.gen_word_narrow.mem_reg/CLKBWRCLK
Min Period        n/a     RAMB36E1/CLKARDCLK  n/a            2.472         10.000      7.528      RAMB36_X2Y8   u_wb/defaultClockArea_cpu/GlobalPredictorBTBPlugin_btb/rams_0/mem/xpm_memory_base_inst/gen_wr_a.gen_word_narrow.mem_reg/CLKARDCLK
Min Period        n/a     RAMB36E1/CLKBWRCLK  n/a            2.472         10.000      7.528      RAMB36_X2Y8   u_wb/defaultClockArea_cpu/GlobalPredictorBTBPlugin_btb/rams_0/mem/xpm_memory_base_inst/gen_wr_a.gen_word_narrow.mem_reg/CLKBWRCLK
Min Period        n/a     RAMB36E1/CLKARDCLK  n/a            2.472         10.000      7.528      RAMB36_X2Y6   u_wb/defaultClockArea_cpu/GlobalPredictorBTBPlugin_btb/rams_1/mem/xpm_memory_base_inst/gen_wr_a.gen_word_narrow.mem_reg/CLKARDCLK
Min Period        n/a     RAMB36E1/CLKBWRCLK  n/a            2.472         10.000      7.528      RAMB36_X2Y6   u_wb/defaultClockArea_cpu/GlobalPredictorBTBPlugin_btb/rams_1/mem/xpm_memory_base_inst/gen_wr_a.gen_word_narrow.mem_reg/CLKBWRCLK
Min Period        n/a     RAMB36E1/CLKARDCLK  n/a            2.472         10.000      7.528      RAMB36_X2Y9   u_wb/defaultClockArea_cpu/GlobalPredictorBTBPlugin_btb/rams_2/mem/xpm_memory_base_inst/gen_wr_a.gen_word_narrow.mem_reg/CLKARDCLK
Min Period        n/a     RAMB36E1/CLKBWRCLK  n/a            2.472         10.000      7.528      RAMB36_X2Y9   u_wb/defaultClockArea_cpu/GlobalPredictorBTBPlugin_btb/rams_2/mem/xpm_memory_base_inst/gen_wr_a.gen_word_narrow.mem_reg/CLKBWRCLK
Min Period        n/a     RAMB36E1/CLKARDCLK  n/a            2.472         10.000      7.528      RAMB36_X1Y9   u_wb/defaultClockArea_cpu/GlobalPredictorBTBPlugin_btb/rams_3/mem/xpm_memory_base_inst/gen_wr_a.gen_word_narrow.mem_reg/CLKARDCLK
Min Period        n/a     RAMB36E1/CLKBWRCLK  n/a            2.472         10.000      7.528      RAMB36_X1Y9   u_wb/defaultClockArea_cpu/GlobalPredictorBTBPlugin_btb/rams_3/mem/xpm_memory_base_inst/gen_wr_a.gen_word_narrow.mem_reg/CLKBWRCLK
Min Period        n/a     RAMB18E1/CLKARDCLK  n/a            2.472         10.000      7.528      RAMB18_X2Y22  u_wb/defaultClockArea_cpu/GlobalPredictorBTBPlugin_predictor/pht/rams_0/mem/xpm_memory_base_inst/gen_wr_a.gen_word_narrow.mem_reg/CLKARDCLK
Min Period        n/a     RAMB18E1/CLKARDCLK  n/a            2.472         10.000      7.528      RAMB18_X2Y20  u_wb/defaultClockArea_cpu/GlobalPredictorBTBPlugin_predictor/pht/rams_1/mem/xpm_memory_base_inst/gen_wr_a.gen_word_narrow.mem_reg/CLKARDCLK
Min Period        n/a     RAMB18E1/CLKARDCLK  n/a            2.472         10.000      7.528      RAMB18_X3Y20  u_wb/defaultClockArea_cpu/GlobalPredictorBTBPlugin_predictor/pht/rams_2/mem/xpm_memory_base_inst/gen_wr_a.gen_word_narrow.mem_reg/CLKARDCLK
Min Period        n/a     RAMB18E1/CLKARDCLK  n/a            2.472         10.000      7.528      RAMB18_X2Y23  u_wb/defaultClockArea_cpu/GlobalPredictorBTBPlugin_predictor/pht/rams_3/mem/xpm_memory_base_inst/gen_wr_a.gen_word_narrow.mem_reg/CLKARDCLK
Low Pulse Width   Slow    RAMD32/CLK          n/a            1.130         5.000       3.870      SLICE_X46Y68  u_wb/defaultClockArea_cpu/ROBFIFOPlugin_robInfo/ram/rams_0/mem/xpm_memory_base_inst/gen_wr_a.gen_word_narrow.mem_reg_0_7_0_5/RAMA/CLK
Low Pulse Width   Fast    RAMD32/CLK          n/a            1.130         5.000       3.870      SLICE_X46Y68  u_wb/defaultClockArea_cpu/ROBFIFOPlugin_robInfo/ram/rams_0/mem/xpm_memory_base_inst/gen_wr_a.gen_word_narrow.mem_reg_0_7_0_5/RAMA/CLK
Low Pulse Width   Slow    RAMD32/CLK          n/a            1.130         5.000       3.870      SLICE_X46Y68  u_wb/defaultClockArea_cpu/ROBFIFOPlugin_robInfo/ram/rams_0/mem/xpm_memory_base_inst/gen_wr_a.gen_word_narrow.mem_reg_0_7_0_5/RAMA_D1/CLK
Low Pulse Width   Fast    RAMD32/CLK          n/a            1.130         5.000       3.870      SLICE_X46Y68  u_wb/defaultClockArea_cpu/ROBFIFOPlugin_robInfo/ram/rams_0/mem/xpm_memory_base_inst/gen_wr_a.gen_word_narrow.mem_reg_0_7_0_5/RAMA_D1/CLK
Low Pulse Width   Slow    RAMD32/CLK          n/a            1.130         5.000       3.870      SLICE_X46Y68  u_wb/defaultClockArea_cpu/ROBFIFOPlugin_robInfo/ram/rams_0/mem/xpm_memory_base_inst/gen_wr_a.gen_word_narrow.mem_reg_0_7_0_5/RAMB/CLK
Low Pulse Width   Fast    RAMD32/CLK          n/a            1.130         5.000       3.870      SLICE_X46Y68  u_wb/defaultClockArea_cpu/ROBFIFOPlugin_robInfo/ram/rams_0/mem/xpm_memory_base_inst/gen_wr_a.gen_word_narrow.mem_reg_0_7_0_5/RAMB/CLK
Low Pulse Width   Slow    RAMD32/CLK          n/a            1.130         5.000       3.870      SLICE_X46Y68  u_wb/defaultClockArea_cpu/ROBFIFOPlugin_robInfo/ram/rams_0/mem/xpm_memory_base_inst/gen_wr_a.gen_word_narrow.mem_reg_0_7_0_5/RAMB_D1/CLK
Low Pulse Width   Fast    RAMD32/CLK          n/a            1.130         5.000       3.870      SLICE_X46Y68  u_wb/defaultClockArea_cpu/ROBFIFOPlugin_robInfo/ram/rams_0/mem/xpm_memory_base_inst/gen_wr_a.gen_word_narrow.mem_reg_0_7_0_5/RAMB_D1/CLK
Low Pulse Width   Slow    RAMD32/CLK          n/a            1.130         5.000       3.870      SLICE_X46Y68  u_wb/defaultClockArea_cpu/ROBFIFOPlugin_robInfo/ram/rams_0/mem/xpm_memory_base_inst/gen_wr_a.gen_word_narrow.mem_reg_0_7_0_5/RAMC/CLK
Low Pulse Width   Fast    RAMD32/CLK          n/a            1.130         5.000       3.870      SLICE_X46Y68  u_wb/defaultClockArea_cpu/ROBFIFOPlugin_robInfo/ram/rams_0/mem/xpm_memory_base_inst/gen_wr_a.gen_word_narrow.mem_reg_0_7_0_5/RAMC/CLK
Low Pulse Width   Slow    RAMD32/CLK          n/a            1.130         5.000       3.870      SLICE_X46Y68  u_wb/defaultClockArea_cpu/ROBFIFOPlugin_robInfo/ram/rams_0/mem/xpm_memory_base_inst/gen_wr_a.gen_word_narrow.mem_reg_0_7_0_5/RAMC_D1/CLK
Low Pulse Width   Fast    RAMD32/CLK          n/a            1.130         5.000       3.870      SLICE_X46Y68  u_wb/defaultClockArea_cpu/ROBFIFOPlugin_robInfo/ram/rams_0/mem/xpm_memory_base_inst/gen_wr_a.gen_word_narrow.mem_reg_0_7_0_5/RAMC_D1/CLK
Low Pulse Width   Slow    RAMS32/CLK          n/a            1.130         5.000       3.870      SLICE_X46Y68  u_wb/defaultClockArea_cpu/ROBFIFOPlugin_robInfo/ram/rams_0/mem/xpm_memory_base_inst/gen_wr_a.gen_word_narrow.mem_reg_0_7_0_5/RAMD/CLK
Low Pulse Width   Fast    RAMS32/CLK          n/a            1.130         5.000       3.870      SLICE_X46Y68  u_wb/defaultClockArea_cpu/ROBFIFOPlugin_robInfo/ram/rams_0/mem/xpm_memory_base_inst/gen_wr_a.gen_word_narrow.mem_reg_0_7_0_5/RAMD/CLK
Low Pulse Width   Slow    RAMS32/CLK          n/a            1.130         5.000       3.870      SLICE_X46Y68  u_wb/defaultClockArea_cpu/ROBFIFOPlugin_robInfo/ram/rams_0/mem/xpm_memory_base_inst/gen_wr_a.gen_word_narrow.mem_reg_0_7_0_5/RAMD_D1/CLK
Low Pulse Width   Fast    RAMS32/CLK          n/a            1.130         5.000       3.870      SLICE_X46Y68  u_wb/defaultClockArea_cpu/ROBFIFOPlugin_robInfo/ram/rams_0/mem/xpm_memory_base_inst/gen_wr_a.gen_word_narrow.mem_reg_0_7_0_5/RAMD_D1/CLK
Low Pulse Width   Slow    RAMD32/CLK          n/a            1.130         5.000       3.870      SLICE_X48Y71  u_wb/defaultClockArea_cpu/ROBFIFOPlugin_robInfo/ram/rams_0/mem/xpm_memory_base_inst/gen_wr_a.gen_word_narrow.mem_reg_0_7_102_107/RAMA/CLK
Low Pulse Width   Fast    RAMD32/CLK          n/a            1.130         5.000       3.870      SLICE_X48Y71  u_wb/defaultClockArea_cpu/ROBFIFOPlugin_robInfo/ram/rams_0/mem/xpm_memory_base_inst/gen_wr_a.gen_word_narrow.mem_reg_0_7_102_107/RAMA/CLK
Low Pulse Width   Slow    RAMD32/CLK          n/a            1.130         5.000       3.870      SLICE_X48Y71  u_wb/defaultClockArea_cpu/ROBFIFOPlugin_robInfo/ram/rams_0/mem/xpm_memory_base_inst/gen_wr_a.gen_word_narrow.mem_reg_0_7_102_107/RAMA_D1/CLK
Low Pulse Width   Fast    RAMD32/CLK          n/a            1.130         5.000       3.870      SLICE_X48Y71  u_wb/defaultClockArea_cpu/ROBFIFOPlugin_robInfo/ram/rams_0/mem/xpm_memory_base_inst/gen_wr_a.gen_word_narrow.mem_reg_0_7_102_107/RAMA_D1/CLK
High Pulse Width  Slow    RAMD32/CLK          n/a            1.130         5.000       3.870      SLICE_X46Y68  u_wb/defaultClockArea_cpu/ROBFIFOPlugin_robInfo/ram/rams_0/mem/xpm_memory_base_inst/gen_wr_a.gen_word_narrow.mem_reg_0_7_0_5/RAMA/CLK
High Pulse Width  Fast    RAMD32/CLK          n/a            1.130         5.000       3.870      SLICE_X46Y68  u_wb/defaultClockArea_cpu/ROBFIFOPlugin_robInfo/ram/rams_0/mem/xpm_memory_base_inst/gen_wr_a.gen_word_narrow.mem_reg_0_7_0_5/RAMA/CLK
High Pulse Width  Slow    RAMD32/CLK          n/a            1.130         5.000       3.870      SLICE_X46Y68  u_wb/defaultClockArea_cpu/ROBFIFOPlugin_robInfo/ram/rams_0/mem/xpm_memory_base_inst/gen_wr_a.gen_word_narrow.mem_reg_0_7_0_5/RAMA_D1/CLK
High Pulse Width  Fast    RAMD32/CLK          n/a            1.130         5.000       3.870      SLICE_X46Y68  u_wb/defaultClockArea_cpu/ROBFIFOPlugin_robInfo/ram/rams_0/mem/xpm_memory_base_inst/gen_wr_a.gen_word_narrow.mem_reg_0_7_0_5/RAMA_D1/CLK
High Pulse Width  Slow    RAMD32/CLK          n/a            1.130         5.000       3.870      SLICE_X46Y68  u_wb/defaultClockArea_cpu/ROBFIFOPlugin_robInfo/ram/rams_0/mem/xpm_memory_base_inst/gen_wr_a.gen_word_narrow.mem_reg_0_7_0_5/RAMB/CLK
High Pulse Width  Fast    RAMD32/CLK          n/a            1.130         5.000       3.870      SLICE_X46Y68  u_wb/defaultClockArea_cpu/ROBFIFOPlugin_robInfo/ram/rams_0/mem/xpm_memory_base_inst/gen_wr_a.gen_word_narrow.mem_reg_0_7_0_5/RAMB/CLK
High Pulse Width  Slow    RAMD32/CLK          n/a            1.130         5.000       3.870      SLICE_X46Y68  u_wb/defaultClockArea_cpu/ROBFIFOPlugin_robInfo/ram/rams_0/mem/xpm_memory_base_inst/gen_wr_a.gen_word_narrow.mem_reg_0_7_0_5/RAMB_D1/CLK
High Pulse Width  Fast    RAMD32/CLK          n/a            1.130         5.000       3.870      SLICE_X46Y68  u_wb/defaultClockArea_cpu/ROBFIFOPlugin_robInfo/ram/rams_0/mem/xpm_memory_base_inst/gen_wr_a.gen_word_narrow.mem_reg_0_7_0_5/RAMB_D1/CLK
High Pulse Width  Slow    RAMD32/CLK          n/a            1.130         5.000       3.870      SLICE_X46Y68  u_wb/defaultClockArea_cpu/ROBFIFOPlugin_robInfo/ram/rams_0/mem/xpm_memory_base_inst/gen_wr_a.gen_word_narrow.mem_reg_0_7_0_5/RAMC/CLK
High Pulse Width  Fast    RAMD32/CLK          n/a            1.130         5.000       3.870      SLICE_X46Y68  u_wb/defaultClockArea_cpu/ROBFIFOPlugin_robInfo/ram/rams_0/mem/xpm_memory_base_inst/gen_wr_a.gen_word_narrow.mem_reg_0_7_0_5/RAMC/CLK
High Pulse Width  Slow    RAMD32/CLK          n/a            1.130         5.000       3.870      SLICE_X46Y68  u_wb/defaultClockArea_cpu/ROBFIFOPlugin_robInfo/ram/rams_0/mem/xpm_memory_base_inst/gen_wr_a.gen_word_narrow.mem_reg_0_7_0_5/RAMC_D1/CLK
High Pulse Width  Fast    RAMD32/CLK          n/a            1.130         5.000       3.870      SLICE_X46Y68  u_wb/defaultClockArea_cpu/ROBFIFOPlugin_robInfo/ram/rams_0/mem/xpm_memory_base_inst/gen_wr_a.gen_word_narrow.mem_reg_0_7_0_5/RAMC_D1/CLK
High Pulse Width  Slow    RAMS32/CLK          n/a            1.130         5.000       3.870      SLICE_X46Y68  u_wb/defaultClockArea_cpu/ROBFIFOPlugin_robInfo/ram/rams_0/mem/xpm_memory_base_inst/gen_wr_a.gen_word_narrow.mem_reg_0_7_0_5/RAMD/CLK
High Pulse Width  Fast    RAMS32/CLK          n/a            1.130         5.000       3.870      SLICE_X46Y68  u_wb/defaultClockArea_cpu/ROBFIFOPlugin_robInfo/ram/rams_0/mem/xpm_memory_base_inst/gen_wr_a.gen_word_narrow.mem_reg_0_7_0_5/RAMD/CLK
High Pulse Width  Slow    RAMS32/CLK          n/a            1.130         5.000       3.870      SLICE_X46Y68  u_wb/defaultClockArea_cpu/ROBFIFOPlugin_robInfo/ram/rams_0/mem/xpm_memory_base_inst/gen_wr_a.gen_word_narrow.mem_reg_0_7_0_5/RAMD_D1/CLK
High Pulse Width  Fast    RAMS32/CLK          n/a            1.130         5.000       3.870      SLICE_X46Y68  u_wb/defaultClockArea_cpu/ROBFIFOPlugin_robInfo/ram/rams_0/mem/xpm_memory_base_inst/gen_wr_a.gen_word_narrow.mem_reg_0_7_0_5/RAMD_D1/CLK
High Pulse Width  Slow    RAMD32/CLK          n/a            1.130         5.000       3.870      SLICE_X48Y71  u_wb/defaultClockArea_cpu/ROBFIFOPlugin_robInfo/ram/rams_0/mem/xpm_memory_base_inst/gen_wr_a.gen_word_narrow.mem_reg_0_7_102_107/RAMA/CLK
High Pulse Width  Fast    RAMD32/CLK          n/a            1.130         5.000       3.870      SLICE_X48Y71  u_wb/defaultClockArea_cpu/ROBFIFOPlugin_robInfo/ram/rams_0/mem/xpm_memory_base_inst/gen_wr_a.gen_word_narrow.mem_reg_0_7_102_107/RAMA/CLK
High Pulse Width  Slow    RAMD32/CLK          n/a            1.130         5.000       3.870      SLICE_X48Y71  u_wb/defaultClockArea_cpu/ROBFIFOPlugin_robInfo/ram/rams_0/mem/xpm_memory_base_inst/gen_wr_a.gen_word_narrow.mem_reg_0_7_102_107/RAMA_D1/CLK
High Pulse Width  Fast    RAMD32/CLK          n/a            1.130         5.000       3.870      SLICE_X48Y71  u_wb/defaultClockArea_cpu/ROBFIFOPlugin_robInfo/ram/rams_0/mem/xpm_memory_base_inst/gen_wr_a.gen_word_narrow.mem_reg_0_7_102_107/RAMA_D1/CLK



