Copyright 1986-2022 Xilinx, Inc. All Rights Reserved. Copyright 2022-2025 Advanced Micro Devices, Inc. All Rights Reserved.
------------------------------------------------------------------------------------------------------------------------------------------------------------------------
| Tool Version : Vivado v.2025.2 (win64) Build 6299465 Fri Nov 14 19:35:11 GMT 2025
| Date         : Wed Jul 29 23:49:44 2026
| Host         : MM的ThinkBook16p running 64-bit major release  (build 9200)
| Command      : report_timing_summary -delay_type max -max_paths 20 -file D:/NSCSCC2026/WeBattle-Core/reports/WB-N6B/implementation/timing_route_post_physopt_10ns.rpt
| Design       : core_top
| Device       : 7a200t-fbg676
| Speed File   : -2  PRODUCTION 1.23 2018-06-13
| Design State : Routed
------------------------------------------------------------------------------------------------------------------------------------------------------------------------

Timing Summary Report

------------------------------------------------------------------------------------------------
| Timer Settings
| --------------
------------------------------------------------------------------------------------------------

  Enable Multi Corner Analysis               :  Yes
  Enable Pessimism Removal                   :  Yes
  Pessimism Removal Resolution               :  Nearest Common Node
  Enable Input Delay Default Clock           :  No
  Enable Preset / Clear Arcs                 :  No
  Disable Flight Delays                      :  No
  Ignore I/O Paths                           :  No
  Timing Early Launch at Borrowing Latches   :  No
  Borrow Time for Max Delay Exceptions       :  Yes
  Merge Timing Exceptions                    :  Yes
  Inter-SLR Compensation                     :  Conservative

  Corner  Analyze    Analyze    
  Name    Max Paths  Min Paths  
  ------  ---------  ---------  
  Slow    Yes        Yes        
  Fast    Yes        Yes        


------------------------------------------------------------------------------------------------
| Report Methodology
| ------------------
------------------------------------------------------------------------------------------------

No report available as report_methodology has not been run prior. Run report_methodology on the current design for the summary of methodology violations.



check_timing report

Table of Contents
-----------------
1. checking no_clock (0)
2. checking constant_clock (0)
3. checking pulse_width_clock (0)
4. checking unconstrained_internal_endpoints (0)
5. checking no_input_delay (47)
6. checking no_output_delay (234)
7. checking multiple_clock (0)
8. checking generated_clocks (0)
9. checking loops (0)
10. checking partial_input_delay (0)
11. checking partial_output_delay (0)
12. checking latch_loops (0)

1. checking no_clock (0)
------------------------
 There are 0 register/latch pins with no clock.


2. checking constant_clock (0)
------------------------------
 There are 0 register/latch pins with constant_clock.


3. checking pulse_width_clock (0)
---------------------------------
 There are 0 register/latch pins which need pulse_width check


4. checking unconstrained_internal_endpoints (0)
------------------------------------------------
 There are 0 pins that are not constrained for maximum delay.

 There are 0 pins that are not constrained for maximum delay due to constant clock.


5. checking no_input_delay (47)
-------------------------------
 There are 47 input ports with no input delay specified. (HIGH)

 There are 0 input ports with no input delay but user has a false path constraint.


6. checking no_output_delay (234)
---------------------------------
 There are 234 ports with no output delay specified. (HIGH)

 There are 0 ports with no output delay but user has a false path constraint

 There are 0 ports with no output delay but with a timing clock defined on it or propagating through it


7. checking multiple_clock (0)
------------------------------
 There are 0 register/latch pins with multiple clocks.


8. checking generated_clocks (0)
--------------------------------
 There are 0 generated clocks that are not connected to a clock source.


9. checking loops (0)
---------------------
 There are 0 combinational loops in the design.


10. checking partial_input_delay (0)
------------------------------------
 There are 0 input ports with partial input delay specified.


11. checking partial_output_delay (0)
-------------------------------------
 There are 0 ports with partial output delay specified.


12. checking latch_loops (0)
----------------------------
 There are 0 combinational latch loops in the design through latch input



------------------------------------------------------------------------------------------------
| Design Timing Summary
| ---------------------
------------------------------------------------------------------------------------------------

    WNS(ns)      TNS(ns)  TNS Failing Endpoints  TNS Total Endpoints     WPWS(ns)     TPWS(ns)  TPWS Failing Endpoints  TPWS Total Endpoints  
    -------      -------  ---------------------  -------------------     --------     --------  ----------------------  --------------------  
      0.019        0.000                      0                35651        3.870        0.000                       0                 17752  


All user specified timing constraints are met.


------------------------------------------------------------------------------------------------
| Clock Summary
| -------------
------------------------------------------------------------------------------------------------

Clock  Waveform(ns)       Period(ns)      Frequency(MHz)
-----  ------------       ----------      --------------
aclk   {0.000 5.000}      10.000          100.000         


------------------------------------------------------------------------------------------------
| Intra Clock Table
| -----------------
------------------------------------------------------------------------------------------------

Clock             WNS(ns)      TNS(ns)  TNS Failing Endpoints  TNS Total Endpoints     WPWS(ns)     TPWS(ns)  TPWS Failing Endpoints  TPWS Total Endpoints  
-----             -------      -------  ---------------------  -------------------     --------     --------  ----------------------  --------------------  
aclk                0.019        0.000                      0                35651        3.870        0.000                       0                 17752  


------------------------------------------------------------------------------------------------
| Inter Clock Table
| -----------------
------------------------------------------------------------------------------------------------

From Clock    To Clock          WNS(ns)      TNS(ns)  TNS Failing Endpoints  TNS Total Endpoints  
----------    --------          -------      -------  ---------------------  -------------------  


------------------------------------------------------------------------------------------------
| Other Path Groups Table
| -----------------------
------------------------------------------------------------------------------------------------

Path Group    From Clock    To Clock          WNS(ns)      TNS(ns)  TNS Failing Endpoints  TNS Total Endpoints  
----------    ----------    --------          -------      -------  ---------------------  -------------------  


------------------------------------------------------------------------------------------------
| Timing Details
| --------------
------------------------------------------------------------------------------------------------


---------------------------------------------------------------------------------------------------
From Clock:  aclk
  To Clock:  aclk

Setup :            0  Failing Endpoints,  Worst Slack        0.019ns,  Total Violation        0.000ns
Hold  :           NA  Failing Endpoints,  Worst Slack           NA  ,  Total Violation           NA
PW    :            0  Failing Endpoints,  Worst Slack        3.870ns,  Total Violation        0.000ns
---------------------------------------------------------------------------------------------------


Max Delay Paths
--------------------------------------------------------------------------------------
Slack (MET) :             0.019ns  (required time - arrival time)
  Source:                 u_wb/defaultClockArea_cpu/MULDIV_RRD_to_MULDIV_EXE_REG_READ_RSP_1_reg[0]/C
                            (rising edge-triggered cell FDRE clocked by aclk  {rise@0.000ns fall@5.000ns period=10.000ns})
  Destination:            u_wb/defaultClockArea_cpu/IntIssueQueuePlugin_queue_1_payload_rRegs_1_valid_reg/D
                            (rising edge-triggered cell FDRE clocked by aclk  {rise@0.000ns fall@5.000ns period=10.000ns})
  Path Group:             aclk
  Path Type:              Setup (Max at Slow Process Corner)
  Requirement:            10.000ns  (aclk rise@10.000ns - aclk rise@0.000ns)
  Data Path Delay:        10.074ns  (logic 3.245ns (32.213%)  route 6.829ns (67.787%))
  Logic Levels:           20  (CARRY4=7 LUT3=2 LUT4=3 LUT5=4 LUT6=4)
  Clock Path Skew:        0.054ns (DCD - SCD + CPR)
    Destination Clock Delay (DCD):    4.195ns = ( 14.195 - 10.000 ) 
    Source Clock Delay      (SCD):    4.384ns
    Clock Pessimism Removal (CPR):    0.244ns
  Clock Uncertainty:      0.035ns  ((TSJ^2 + TIJ^2)^1/2 + DJ) / 2 + PE
    Total System Jitter     (TSJ):    0.071ns
    Total Input Jitter      (TIJ):    0.000ns
    Discrete Jitter          (DJ):    0.000ns
    Phase Error              (PE):    0.000ns

    Location             Delay type                Incr(ns)  Path(ns)    Netlist Resource(s)
  -------------------------------------------------------------------    -------------------
                         (clock aclk rise edge)       0.000     0.000 r  
    L22                                               0.000     0.000 r  aclk (IN)
                         net (fo=0)                   0.000     0.000    aclk
    L22                  IBUF (Prop_ibuf_I_O)         0.893     0.893 r  aclk_IBUF_inst/O
                         net (fo=1, routed)           1.827     2.720    aclk_IBUF
    BUFGCTRL_X0Y1        BUFG (Prop_bufg_I_O)         0.081     2.801 r  aclk_IBUF_BUFG_inst_replica/O
                         net (fo=3, routed)           0.118     2.919    aclk_IBUF_BUFG_repN
    BUFGCTRL_X0Y0        BUFG (Prop_bufg_I_O)         0.081     3.000 r  aclk_IBUF_BUFG_inst/O
                         net (fo=17751, routed)       1.385     4.384    u_wb/defaultClockArea_cpu/aclk_IBUF_BUFG
    SLICE_X76Y117        FDRE                                         r  u_wb/defaultClockArea_cpu/MULDIV_RRD_to_MULDIV_EXE_REG_READ_RSP_1_reg[0]/C
  -------------------------------------------------------------------    -------------------
    SLICE_X76Y117        FDRE (Prop_fdre_C_Q)         0.433     4.817 r  u_wb/defaultClockArea_cpu/MULDIV_RRD_to_MULDIV_EXE_REG_READ_RSP_1_reg[0]/Q
                         net (fo=1, routed)           0.523     5.340    u_wb/defaultClockArea_cpu/unsignedDivider_2/MULDIV_EXE_MulDivExecutePlugin_multiplier_i_16_0[0]
    SLICE_X75Y117        CARRY4 (Prop_carry4_S[0]_CO[3])
                                                      0.545     5.885 r  u_wb/defaultClockArea_cpu/unsignedDivider_2/MULDIV_EXE_MulDivExecutePlugin_multiplier_i_16/CO[3]
                         net (fo=1, routed)           0.000     5.885    u_wb/defaultClockArea_cpu/unsignedDivider_2/MULDIV_EXE_MulDivExecutePlugin_multiplier_i_16_n_0
    SLICE_X75Y118        CARRY4 (Prop_carry4_CI_CO[3])
                                                      0.098     5.983 r  u_wb/defaultClockArea_cpu/unsignedDivider_2/MULDIV_EXE_MulDivExecutePlugin_multiplier_i_15/CO[3]
                         net (fo=1, routed)           0.000     5.983    u_wb/defaultClockArea_cpu/unsignedDivider_2/MULDIV_EXE_MulDivExecutePlugin_multiplier_i_15_n_0
    SLICE_X75Y119        CARRY4 (Prop_carry4_CI_CO[3])
                                                      0.098     6.081 r  u_wb/defaultClockArea_cpu/unsignedDivider_2/MULDIV_EXE_MulDivExecutePlugin_multiplier_i_14/CO[3]
                         net (fo=1, routed)           0.000     6.081    u_wb/defaultClockArea_cpu/unsignedDivider_2/MULDIV_EXE_MulDivExecutePlugin_multiplier_i_14_n_0
    SLICE_X75Y120        CARRY4 (Prop_carry4_CI_CO[3])
                                                      0.098     6.179 r  u_wb/defaultClockArea_cpu/unsignedDivider_2/MULDIV_EXE_MulDivExecutePlugin_multiplier_i_13/CO[3]
                         net (fo=1, routed)           0.000     6.179    u_wb/defaultClockArea_cpu/unsignedDivider_2/MULDIV_EXE_MulDivExecutePlugin_multiplier_i_13_n_0
    SLICE_X75Y121        CARRY4 (Prop_carry4_CI_CO[3])
                                                      0.098     6.277 r  u_wb/defaultClockArea_cpu/unsignedDivider_2/MULDIV_EXE_MulDivExecutePlugin_multiplier_i_12/CO[3]
                         net (fo=1, routed)           0.000     6.277    u_wb/defaultClockArea_cpu/unsignedDivider_2/MULDIV_EXE_MulDivExecutePlugin_multiplier_i_12_n_0
    SLICE_X75Y122        CARRY4 (Prop_carry4_CI_CO[3])
                                                      0.098     6.375 r  u_wb/defaultClockArea_cpu/unsignedDivider_2/MULDIV_EXE_MulDivExecutePlugin_multiplier_i_11/CO[3]
                         net (fo=1, routed)           0.000     6.375    u_wb/defaultClockArea_cpu/unsignedDivider_2/MULDIV_EXE_MulDivExecutePlugin_multiplier_i_11_n_0
    SLICE_X75Y123        CARRY4 (Prop_carry4_CI_O[3])
                                                      0.260     6.635 f  u_wb/defaultClockArea_cpu/unsignedDivider_2/MULDIV_EXE_MulDivExecutePlugin_multiplier_i_10/O[3]
                         net (fo=4, routed)           0.604     7.239    u_wb/defaultClockArea_cpu/unsignedDivider_2/B[27]
    SLICE_X73Y123        LUT4 (Prop_lut4_I0_O)        0.257     7.496 r  u_wb/defaultClockArea_cpu/unsignedDivider_2/done_i_8/O
                         net (fo=1, routed)           0.231     7.727    u_wb/defaultClockArea_cpu/unsignedDivider_2/done_i_8_n_0
    SLICE_X72Y122        LUT5 (Prop_lut5_I4_O)        0.105     7.832 r  u_wb/defaultClockArea_cpu/unsignedDivider_2/done_i_4/O
                         net (fo=1, routed)           0.464     8.296    u_wb/defaultClockArea_cpu/unsignedDivider_2/done_i_4_n_0
    SLICE_X73Y120        LUT4 (Prop_lut4_I0_O)        0.105     8.401 r  u_wb/defaultClockArea_cpu/unsignedDivider_2/done_i_2/O
                         net (fo=66, routed)          0.295     8.697    u_wb/defaultClockArea_cpu/unsignedDivider_2/p_8715_in
    SLICE_X72Y118        LUT5 (Prop_lut5_I2_O)        0.105     8.802 r  u_wb/defaultClockArea_cpu/unsignedDivider_2/MulDivIssueQueuePlugin_queue_0_payload_robIdx[4]_i_4/O
                         net (fo=94, routed)          0.273     9.074    u_wb/defaultClockArea_cpu/unsignedDivider_2/waitRsp_reg_0[0]
    SLICE_X72Y117        LUT4 (Prop_lut4_I3_O)        0.105     9.179 r  u_wb/defaultClockArea_cpu/unsignedDivider_2/MemIssueQueuePlugin_queue_4_payload_rRegs_0_valid_i_14/O
                         net (fo=23, routed)          0.427     9.607    u_wb/defaultClockArea_cpu/unsignedDivider_2/MULDIV_EXE_MulDivExecutePlugin_wakeupCycle
    SLICE_X72Y117        LUT3 (Prop_lut3_I1_O)        0.105     9.712 r  u_wb/defaultClockArea_cpu/unsignedDivider_2/MemIssueQueuePlugin_queue_4_payload_rRegs_0_valid_i_8/O
                         net (fo=24, routed)          0.610    10.322    u_wb/defaultClockArea_cpu/unsignedDivider_2/MemIssueQueuePlugin_queue_4_payload_rRegs_0_valid_i_8_n_0
    SLICE_X72Y111        LUT5 (Prop_lut5_I0_O)        0.105    10.427 r  u_wb/defaultClockArea_cpu/unsignedDivider_2/IntIssueQueuePlugin_queue_6_payload_rRegs_1_valid_i_49/O
                         net (fo=1, routed)           0.657    11.084    u_wb/defaultClockArea_cpu/unsignedDivider_2/IntIssueQueuePlugin_queue_6_payload_rRegs_1_valid_i_49_n_0
    SLICE_X69Y99         LUT6 (Prop_lut6_I5_O)        0.105    11.189 r  u_wb/defaultClockArea_cpu/unsignedDivider_2/IntIssueQueuePlugin_queue_6_payload_rRegs_1_valid_i_28/O
                         net (fo=1, routed)           0.310    11.499    u_wb/defaultClockArea_cpu/unsignedDivider_2/IntIssueQueuePlugin_queue_6_payload_rRegs_1_valid_i_28_n_0
    SLICE_X69Y98         LUT6 (Prop_lut6_I3_O)        0.105    11.604 r  u_wb/defaultClockArea_cpu/unsignedDivider_2/IntIssueQueuePlugin_queue_6_payload_rRegs_1_valid_i_12/O
                         net (fo=7, routed)           0.621    12.225    u_wb/defaultClockArea_cpu/unsignedDivider_2/IntIssueQueuePlugin_queue_6_payload_rRegs_1_valid_i_12_n_0
    SLICE_X68Y96         LUT5 (Prop_lut5_I2_O)        0.105    12.330 f  u_wb/defaultClockArea_cpu/unsignedDivider_2/IntIssueQueuePlugin_queue_6_payload_rRegs_1_valid_i_5/O
                         net (fo=9, routed)           0.391    12.722    u_wb/defaultClockArea_cpu/unsignedDivider_2/IntIssueQueuePlugin_queue_6_payload_rRegs_1_valid_i_5_n_0
    SLICE_X66Y97         LUT3 (Prop_lut3_I1_O)        0.105    12.827 r  u_wb/defaultClockArea_cpu/unsignedDivider_2/IntIssueQueuePlugin_queue_1_payload_rRegs_1_valid_i_12/O
                         net (fo=2, routed)           0.629    13.455    u_wb/defaultClockArea_cpu/unsignedDivider_2/IntIssueQueuePlugin_queue_1_payload_rRegs_1_valid_i_12_n_0
    SLICE_X69Y98         LUT6 (Prop_lut6_I5_O)        0.105    13.560 r  u_wb/defaultClockArea_cpu/unsignedDivider_2/IntIssueQueuePlugin_queue_1_payload_rRegs_1_valid_i_4/O
                         net (fo=1, routed)           0.793    14.353    u_wb/defaultClockArea_cpu/unsignedDivider_2/IntIssueQueuePlugin_queue_1_payload_rRegs_1_valid_i_4_n_0
    SLICE_X62Y99         LUT6 (Prop_lut6_I3_O)        0.105    14.458 r  u_wb/defaultClockArea_cpu/unsignedDivider_2/IntIssueQueuePlugin_queue_1_payload_rRegs_1_valid_i_1/O
                         net (fo=1, routed)           0.000    14.458    u_wb/defaultClockArea_cpu/unsignedDivider_2_n_181
    SLICE_X62Y99         FDRE                                         r  u_wb/defaultClockArea_cpu/IntIssueQueuePlugin_queue_1_payload_rRegs_1_valid_reg/D
  -------------------------------------------------------------------    -------------------

                         (clock aclk rise edge)      10.000    10.000 r  
    L22                                               0.000    10.000 r  aclk (IN)
                         net (fo=0)                   0.000    10.000    aclk
    L22                  IBUF (Prop_ibuf_I_O)         0.762    10.762 r  aclk_IBUF_inst/O
                         net (fo=1, routed)           1.734    12.496    aclk_IBUF
    BUFGCTRL_X0Y1        BUFG (Prop_bufg_I_O)         0.077    12.573 r  aclk_IBUF_BUFG_inst_replica/O
                         net (fo=3, routed)           0.112    12.685    aclk_IBUF_BUFG_repN
    BUFGCTRL_X0Y0        BUFG (Prop_bufg_I_O)         0.077    12.762 r  aclk_IBUF_BUFG_inst/O
                         net (fo=17751, routed)       1.433    14.195    u_wb/defaultClockArea_cpu/aclk_IBUF_BUFG
    SLICE_X62Y99         FDRE                                         r  u_wb/defaultClockArea_cpu/IntIssueQueuePlugin_queue_1_payload_rRegs_1_valid_reg/C
                         clock pessimism              0.244    14.439    
                         clock uncertainty           -0.035    14.403    
    SLICE_X62Y99         FDRE (Setup_fdre_C_D)        0.074    14.477    u_wb/defaultClockArea_cpu/IntIssueQueuePlugin_queue_1_payload_rRegs_1_valid_reg
  -------------------------------------------------------------------
                         required time                         14.477    
                         arrival time                         -14.458    
  -------------------------------------------------------------------
                         slack                                  0.019    

Slack (MET) :             0.055ns  (required time - arrival time)
  Source:                 u_wb/defaultClockArea_cpu/IntIssueQueuePlugin_queue_0_payload_rRegs_0_valid_reg/C
                            (rising edge-triggered cell FDRE clocked by aclk  {rise@0.000ns fall@5.000ns period=10.000ns})
  Destination:            u_wb/defaultClockArea_cpu/IntIssueQueuePlugin_queue_1_payload_rRegs_0_valid_reg/D
                            (rising edge-triggered cell FDRE clocked by aclk  {rise@0.000ns fall@5.000ns period=10.000ns})
  Path Group:             aclk
  Path Type:              Setup (Max at Slow Process Corner)
  Requirement:            10.000ns  (aclk rise@10.000ns - aclk rise@0.000ns)
  Data Path Delay:        9.976ns  (logic 2.113ns (21.181%)  route 7.863ns (78.819%))
  Logic Levels:           16  (LUT2=1 LUT3=2 LUT4=1 LUT5=4 LUT6=8)
  Clock Path Skew:        0.034ns (DCD - SCD + CPR)
    Destination Clock Delay (DCD):    4.195ns = ( 14.195 - 10.000 ) 
    Source Clock Delay      (SCD):    4.404ns
    Clock Pessimism Removal (CPR):    0.244ns
  Clock Uncertainty:      0.035ns  ((TSJ^2 + TIJ^2)^1/2 + DJ) / 2 + PE
    Total System Jitter     (TSJ):    0.071ns
    Total Input Jitter      (TIJ):    0.000ns
    Discrete Jitter          (DJ):    0.000ns
    Phase Error              (PE):    0.000ns

    Location             Delay type                Incr(ns)  Path(ns)    Netlist Resource(s)
  -------------------------------------------------------------------    -------------------
                         (clock aclk rise edge)       0.000     0.000 r  
    L22                                               0.000     0.000 r  aclk (IN)
                         net (fo=0)                   0.000     0.000    aclk
    L22                  IBUF (Prop_ibuf_I_O)         0.893     0.893 r  aclk_IBUF_inst/O
                         net (fo=1, routed)           1.827     2.720    aclk_IBUF
    BUFGCTRL_X0Y1        BUFG (Prop_bufg_I_O)         0.081     2.801 r  aclk_IBUF_BUFG_inst_replica/O
                         net (fo=3, routed)           0.118     2.919    aclk_IBUF_BUFG_repN
    BUFGCTRL_X0Y0        BUFG (Prop_bufg_I_O)         0.081     3.000 r  aclk_IBUF_BUFG_inst/O
                         net (fo=17751, routed)       1.405     4.404    u_wb/defaultClockArea_cpu/aclk_IBUF_BUFG
    SLICE_X64Y103        FDRE                                         r  u_wb/defaultClockArea_cpu/IntIssueQueuePlugin_queue_0_payload_rRegs_0_valid_reg/C
  -------------------------------------------------------------------    -------------------
    SLICE_X64Y103        FDRE (Prop_fdre_C_Q)         0.433     4.837 f  u_wb/defaultClockArea_cpu/IntIssueQueuePlugin_queue_0_payload_rRegs_0_valid_reg/Q
                         net (fo=2, routed)           0.506     5.343    u_wb/defaultClockArea_cpu/IntIssueQueuePlugin_queue_0_payload_rRegs_0_valid_reg_n_0
    SLICE_X66Y101        LUT2 (Prop_lut2_I0_O)        0.105     5.448 f  u_wb/defaultClockArea_cpu/IntIssueQueuePlugin_queue_0_payload_uop_pc[31]_i_9/O
                         net (fo=15, routed)          0.695     6.143    u_wb/defaultClockArea_cpu/p_8186_in
    SLICE_X65Y108        LUT5 (Prop_lut5_I4_O)        0.105     6.248 r  u_wb/defaultClockArea_cpu/INT1_ISS_to_INT1_RRD_ISSUE_SLOT_uop_pc[31]_i_12/O
                         net (fo=1, routed)           0.357     6.605    u_wb/defaultClockArea_cpu/INT1_ISS_to_INT1_RRD_ISSUE_SLOT_uop_pc[31]_i_12_n_0
    SLICE_X64Y108        LUT6 (Prop_lut6_I0_O)        0.105     6.710 f  u_wb/defaultClockArea_cpu/INT1_ISS_to_INT1_RRD_ISSUE_SLOT_uop_pc[31]_i_11/O
                         net (fo=2, routed)           0.238     6.948    u_wb/defaultClockArea_cpu/INT1_ISS_to_INT1_RRD_ISSUE_SLOT_uop_pc[31]_i_11_n_0
    SLICE_X65Y108        LUT6 (Prop_lut6_I0_O)        0.105     7.053 f  u_wb/defaultClockArea_cpu/INT1_ISS_to_INT1_RRD_ISSUE_SLOT_uop_pc[31]_i_10/O
                         net (fo=3, routed)           0.355     7.408    u_wb/defaultClockArea_cpu/INT1_ISS_to_INT1_RRD_ISSUE_SLOT_uop_pc[31]_i_10_n_0
    SLICE_X65Y106        LUT3 (Prop_lut3_I0_O)        0.105     7.513 f  u_wb/defaultClockArea_cpu/IntIssueQueuePlugin_queue_4_payload_uop_pc[31]_i_12/O
                         net (fo=11, routed)          0.710     8.223    u_wb/defaultClockArea_cpu/IntIssueQueuePlugin_queue_4_payload_uop_pc[31]_i_12_n_0
    SLICE_X64Y107        LUT6 (Prop_lut6_I5_O)        0.105     8.328 f  u_wb/defaultClockArea_cpu/IntIssueQueuePlugin_queue_5_payload_uop_pc[31]_i_16/O
                         net (fo=7, routed)           0.600     8.928    u_wb/defaultClockArea_cpu/IntIssueQueuePlugin_queue_5_payload_uop_pc[31]_i_16_n_0
    SLICE_X65Y105        LUT5 (Prop_lut5_I4_O)        0.105     9.033 f  u_wb/defaultClockArea_cpu/INT0_ISS_to_INT0_RRD_ISSUE_SLOT_robIdx[4]_i_8/O
                         net (fo=3, routed)           0.358     9.391    u_wb/defaultClockArea_cpu/INT0_ISS_to_INT0_RRD_ISSUE_SLOT_robIdx[4]_i_8_n_0
    SLICE_X65Y103        LUT6 (Prop_lut6_I3_O)        0.105     9.496 r  u_wb/defaultClockArea_cpu/INT0_ISS_to_INT0_RRD_ISSUE_SLOT_robIdx[4]_i_7/O
                         net (fo=142, routed)         0.659    10.155    u_wb/defaultClockArea_cpu/_zz_INT0_ISS_IntExecutePlugin_issSlot_rRegs_0_valid_3[1]
    SLICE_X70Y104        LUT6 (Prop_lut6_I3_O)        0.105    10.260 r  u_wb/defaultClockArea_cpu/INT0_ISS_to_INT0_RRD_ISSUE_SLOT_wReg[4]_i_2/O
                         net (fo=1, routed)           0.607    10.867    u_wb/defaultClockArea_cpu/INT0_ISS_to_INT0_RRD_ISSUE_SLOT_wReg[4]_i_2_n_0
    SLICE_X68Y102        LUT6 (Prop_lut6_I1_O)        0.105    10.972 r  u_wb/defaultClockArea_cpu/INT0_ISS_to_INT0_RRD_ISSUE_SLOT_wReg[4]_i_1/O
                         net (fo=17, routed)          0.557    11.530    u_wb/defaultClockArea_cpu/_zz_INT0_ISS_IntExecutePlugin_issSlot_wReg[4]
    SLICE_X69Y104        LUT4 (Prop_lut4_I3_O)        0.105    11.635 f  u_wb/defaultClockArea_cpu/IntIssueQueuePlugin_queue_1_payload_rRegs_0_valid_i_55/O
                         net (fo=1, routed)           0.339    11.974    u_wb/defaultClockArea_cpu/IntIssueQueuePlugin_queue_1_payload_rRegs_0_valid_i_55_n_0
    SLICE_X68Y105        LUT6 (Prop_lut6_I1_O)        0.105    12.079 r  u_wb/defaultClockArea_cpu/IntIssueQueuePlugin_queue_1_payload_rRegs_0_valid_i_35/O
                         net (fo=1, routed)           0.607    12.686    u_wb/defaultClockArea_cpu/IntIssueQueuePlugin_queue_1_payload_rRegs_0_valid_i_35_n_0
    SLICE_X65Y103        LUT5 (Prop_lut5_I1_O)        0.105    12.791 f  u_wb/defaultClockArea_cpu/IntIssueQueuePlugin_queue_1_payload_rRegs_0_valid_i_14/O
                         net (fo=1, routed)           0.453    13.244    u_wb/defaultClockArea_cpu/unsignedDivider_2/IntIssueQueuePlugin_queue_1_payload_rRegs_0_valid_i_3_1
    SLICE_X63Y101        LUT6 (Prop_lut6_I4_O)        0.105    13.349 f  u_wb/defaultClockArea_cpu/unsignedDivider_2/IntIssueQueuePlugin_queue_1_payload_rRegs_0_valid_i_6/O
                         net (fo=2, routed)           0.473    13.822    u_wb/defaultClockArea_cpu/unsignedDivider_2/IntIssueQueuePlugin_queue_1_payload_rRegs_0_valid_i_6_n_0
    SLICE_X63Y99         LUT5 (Prop_lut5_I1_O)        0.105    13.927 r  u_wb/defaultClockArea_cpu/unsignedDivider_2/IntIssueQueuePlugin_queue_1_payload_rRegs_0_valid_i_3/O
                         net (fo=1, routed)           0.348    14.275    u_wb/defaultClockArea_cpu/unsignedDivider_2/IntIssueQueuePlugin_queue_1_payload_rRegs_0_valid_i_3_n_0
    SLICE_X63Y99         LUT3 (Prop_lut3_I2_O)        0.105    14.380 r  u_wb/defaultClockArea_cpu/unsignedDivider_2/IntIssueQueuePlugin_queue_1_payload_rRegs_0_valid_i_1/O
                         net (fo=1, routed)           0.000    14.380    u_wb/defaultClockArea_cpu/unsignedDivider_2_n_185
    SLICE_X63Y99         FDRE                                         r  u_wb/defaultClockArea_cpu/IntIssueQueuePlugin_queue_1_payload_rRegs_0_valid_reg/D
  -------------------------------------------------------------------    -------------------

                         (clock aclk rise edge)      10.000    10.000 r  
    L22                                               0.000    10.000 r  aclk (IN)
                         net (fo=0)                   0.000    10.000    aclk
    L22                  IBUF (Prop_ibuf_I_O)         0.762    10.762 r  aclk_IBUF_inst/O
                         net (fo=1, routed)           1.734    12.496    aclk_IBUF
    BUFGCTRL_X0Y1        BUFG (Prop_bufg_I_O)         0.077    12.573 r  aclk_IBUF_BUFG_inst_replica/O
                         net (fo=3, routed)           0.112    12.685    aclk_IBUF_BUFG_repN
    BUFGCTRL_X0Y0        BUFG (Prop_bufg_I_O)         0.077    12.762 r  aclk_IBUF_BUFG_inst/O
                         net (fo=17751, routed)       1.433    14.195    u_wb/defaultClockArea_cpu/aclk_IBUF_BUFG
    SLICE_X63Y99         FDRE                                         r  u_wb/defaultClockArea_cpu/IntIssueQueuePlugin_queue_1_payload_rRegs_0_valid_reg/C
                         clock pessimism              0.244    14.439    
                         clock uncertainty           -0.035    14.403    
    SLICE_X63Y99         FDRE (Setup_fdre_C_D)        0.032    14.435    u_wb/defaultClockArea_cpu/IntIssueQueuePlugin_queue_1_payload_rRegs_0_valid_reg
  -------------------------------------------------------------------
                         required time                         14.435    
                         arrival time                         -14.380    
  -------------------------------------------------------------------
                         slack                                  0.055    

Slack (MET) :             0.096ns  (required time - arrival time)
  Source:                 u_wb/defaultClockArea_cpu/INT1_EXE_to_INT1_WB_WRITE_REG_payload_reg[5]/C
                            (rising edge-triggered cell FDRE clocked by aclk  {rise@0.000ns fall@5.000ns period=10.000ns})
  Destination:            u_wb/defaultClockArea_cpu/INT2_EXE_to_INT2_WB_EXE_RESULT_reg[19]/D
                            (rising edge-triggered cell FDRE clocked by aclk  {rise@0.000ns fall@5.000ns period=10.000ns})
  Path Group:             aclk
  Path Type:              Setup (Max at Slow Process Corner)
  Requirement:            10.000ns  (aclk rise@10.000ns - aclk rise@0.000ns)
  Data Path Delay:        9.725ns  (logic 1.699ns (17.471%)  route 8.026ns (82.529%))
  Logic Levels:           9  (LUT2=1 LUT3=1 LUT4=1 LUT5=1 LUT6=5)
  Clock Path Skew:        -0.081ns (DCD - SCD + CPR)
    Destination Clock Delay (DCD):    4.056ns = ( 14.056 - 10.000 ) 
    Source Clock Delay      (SCD):    4.380ns
    Clock Pessimism Removal (CPR):    0.244ns
  Clock Uncertainty:      0.035ns  ((TSJ^2 + TIJ^2)^1/2 + DJ) / 2 + PE
    Total System Jitter     (TSJ):    0.071ns
    Total Input Jitter      (TIJ):    0.000ns
    Discrete Jitter          (DJ):    0.000ns
    Phase Error              (PE):    0.000ns

    Location             Delay type                Incr(ns)  Path(ns)    Netlist Resource(s)
  -------------------------------------------------------------------    -------------------
                         (clock aclk rise edge)       0.000     0.000 r  
    L22                                               0.000     0.000 r  aclk (IN)
                         net (fo=0)                   0.000     0.000    aclk
    L22                  IBUF (Prop_ibuf_I_O)         0.893     0.893 r  aclk_IBUF_inst/O
                         net (fo=1, routed)           1.827     2.720    aclk_IBUF
    BUFGCTRL_X0Y1        BUFG (Prop_bufg_I_O)         0.081     2.801 r  aclk_IBUF_BUFG_inst_replica/O
                         net (fo=3, routed)           0.118     2.919    aclk_IBUF_BUFG_repN
    BUFGCTRL_X0Y0        BUFG (Prop_bufg_I_O)         0.081     3.000 r  aclk_IBUF_BUFG_inst/O
                         net (fo=17751, routed)       1.381     4.380    u_wb/defaultClockArea_cpu/aclk_IBUF_BUFG
    SLICE_X89Y126        FDRE                                         r  u_wb/defaultClockArea_cpu/INT1_EXE_to_INT1_WB_WRITE_REG_payload_reg[5]/C
  -------------------------------------------------------------------    -------------------
    SLICE_X89Y126        FDRE (Prop_fdre_C_Q)         0.379     4.759 r  u_wb/defaultClockArea_cpu/INT1_EXE_to_INT1_WB_WRITE_REG_payload_reg[5]/Q
                         net (fo=18, routed)          1.573     6.332    u_wb/defaultClockArea_cpu/INT1_EXE_to_INT1_WB_WRITE_REG_payload[5]
    SLICE_X68Y131        LUT6 (Prop_lut6_I3_O)        0.105     6.437 r  u_wb/defaultClockArea_cpu/INT2_EXE_to_INT2_WB_EXE_RESULT[30]_i_28/O
                         net (fo=1, routed)           0.449     6.886    u_wb/defaultClockArea_cpu/INT2_EXE_to_INT2_WB_EXE_RESULT[30]_i_28_n_0
    SLICE_X67Y131        LUT4 (Prop_lut4_I2_O)        0.105     6.991 r  u_wb/defaultClockArea_cpu/INT2_EXE_to_INT2_WB_EXE_RESULT[30]_i_22/O
                         net (fo=33, routed)          0.681     7.672    u_wb/defaultClockArea_cpu/_zz_IntExecutePlugin_bypassRsp_1_payload_7[0]
    SLICE_X66Y131        LUT6 (Prop_lut6_I0_O)        0.105     7.777 r  u_wb/defaultClockArea_cpu/INT2_EXE_to_INT2_WB_EXE_RESULT[30]_i_15/O
                         net (fo=31, routed)          0.895     8.672    u_wb/defaultClockArea_cpu/when_BypassNetworkPlugin_l36_1
    SLICE_X59Y131        LUT5 (Prop_lut5_I1_O)        0.105     8.777 f  u_wb/defaultClockArea_cpu/INT2_EXE_to_INT2_WB_EXE_RESULT[30]_i_17/O
                         net (fo=67, routed)          1.069     9.846    u_wb/defaultClockArea_cpu/INT2_EXE_IntExecutePlugin_alu_io_sa[3]
    SLICE_X42Y129        LUT2 (Prop_lut2_I0_O)        0.126     9.972 r  u_wb/defaultClockArea_cpu/INT2_EXE_to_INT2_WB_EXE_RESULT[31]_i_36/O
                         net (fo=55, routed)          0.997    10.969    u_wb/defaultClockArea_cpu/INT2_EXE_to_INT2_WB_EXE_RESULT[31]_i_36_n_0
    SLICE_X38Y130        LUT6 (Prop_lut6_I3_O)        0.283    11.252 r  u_wb/defaultClockArea_cpu/INT2_EXE_to_INT2_WB_EXE_RESULT[20]_i_12/O
                         net (fo=2, routed)           0.787    12.039    u_wb/defaultClockArea_cpu/INT2_EXE_to_INT2_WB_EXE_RESULT[20]_i_12_n_0
    SLICE_X41Y131        LUT3 (Prop_lut3_I0_O)        0.119    12.158 r  u_wb/defaultClockArea_cpu/INT2_EXE_to_INT2_WB_EXE_RESULT[20]_i_7/O
                         net (fo=2, routed)           0.574    12.732    u_wb/defaultClockArea_cpu/INT2_EXE_to_INT2_WB_EXE_RESULT[20]_i_7_n_0
    SLICE_X40Y132        LUT6 (Prop_lut6_I4_O)        0.267    12.999 r  u_wb/defaultClockArea_cpu/INT2_EXE_to_INT2_WB_EXE_RESULT[19]_i_4/O
                         net (fo=1, routed)           0.571    13.570    u_wb/defaultClockArea_cpu/INT2_EXE_to_INT2_WB_EXE_RESULT[19]_i_4_n_0
    SLICE_X46Y131        LUT6 (Prop_lut6_I5_O)        0.105    13.675 r  u_wb/defaultClockArea_cpu/INT2_EXE_to_INT2_WB_EXE_RESULT[19]_i_1/O
                         net (fo=1, routed)           0.430    14.105    u_wb/defaultClockArea_cpu/INT2_EXE_to_INT2_WB_EXE_RESULT[19]_i_1_n_0
    SLICE_X49Y131        FDRE                                         r  u_wb/defaultClockArea_cpu/INT2_EXE_to_INT2_WB_EXE_RESULT_reg[19]/D
  -------------------------------------------------------------------    -------------------

                         (clock aclk rise edge)      10.000    10.000 r  
    L22                                               0.000    10.000 r  aclk (IN)
                         net (fo=0)                   0.000    10.000    aclk
    L22                  IBUF (Prop_ibuf_I_O)         0.762    10.762 r  aclk_IBUF_inst/O
                         net (fo=1, routed)           1.734    12.496    aclk_IBUF
    BUFGCTRL_X0Y1        BUFG (Prop_bufg_I_O)         0.077    12.573 r  aclk_IBUF_BUFG_inst_replica/O
                         net (fo=3, routed)           0.112    12.685    aclk_IBUF_BUFG_repN
    BUFGCTRL_X0Y0        BUFG (Prop_bufg_I_O)         0.077    12.762 r  aclk_IBUF_BUFG_inst/O
                         net (fo=17751, routed)       1.294    14.056    u_wb/defaultClockArea_cpu/aclk_IBUF_BUFG
    SLICE_X49Y131        FDRE                                         r  u_wb/defaultClockArea_cpu/INT2_EXE_to_INT2_WB_EXE_RESULT_reg[19]/C
                         clock pessimism              0.244    14.299    
                         clock uncertainty           -0.035    14.264    
    SLICE_X49Y131        FDRE (Setup_fdre_C_D)       -0.063    14.201    u_wb/defaultClockArea_cpu/INT2_EXE_to_INT2_WB_EXE_RESULT_reg[19]
  -------------------------------------------------------------------
                         required time                         14.201    
                         arrival time                         -14.105    
  -------------------------------------------------------------------
                         slack                                  0.096    

Slack (MET) :             0.113ns  (required time - arrival time)
  Source:                 u_wb/defaultClockArea_cpu/MULDIV_RRD_to_MULDIV_EXE_REG_READ_RSP_1_reg[0]/C
                            (rising edge-triggered cell FDRE clocked by aclk  {rise@0.000ns fall@5.000ns period=10.000ns})
  Destination:            u_wb/defaultClockArea_cpu/IntIssueQueuePlugin_queue_4_payload_rRegs_0_valid_reg/D
                            (rising edge-triggered cell FDRE clocked by aclk  {rise@0.000ns fall@5.000ns period=10.000ns})
  Path Group:             aclk
  Path Type:              Setup (Max at Slow Process Corner)
  Requirement:            10.000ns  (aclk rise@10.000ns - aclk rise@0.000ns)
  Data Path Delay:        9.939ns  (logic 3.245ns (32.649%)  route 6.694ns (67.351%))
  Logic Levels:           20  (CARRY4=7 LUT3=2 LUT4=3 LUT5=5 LUT6=3)
  Clock Path Skew:        0.054ns (DCD - SCD + CPR)
    Destination Clock Delay (DCD):    4.195ns = ( 14.195 - 10.000 ) 
    Source Clock Delay      (SCD):    4.384ns
    Clock Pessimism Removal (CPR):    0.244ns
  Clock Uncertainty:      0.035ns  ((TSJ^2 + TIJ^2)^1/2 + DJ) / 2 + PE
    Total System Jitter     (TSJ):    0.071ns
    Total Input Jitter      (TIJ):    0.000ns
    Discrete Jitter          (DJ):    0.000ns
    Phase Error              (PE):    0.000ns

    Location             Delay type                Incr(ns)  Path(ns)    Netlist Resource(s)
  -------------------------------------------------------------------    -------------------
                         (clock aclk rise edge)       0.000     0.000 r  
    L22                                               0.000     0.000 r  aclk (IN)
                         net (fo=0)                   0.000     0.000    aclk
    L22                  IBUF (Prop_ibuf_I_O)         0.893     0.893 r  aclk_IBUF_inst/O
                         net (fo=1, routed)           1.827     2.720    aclk_IBUF
    BUFGCTRL_X0Y1        BUFG (Prop_bufg_I_O)         0.081     2.801 r  aclk_IBUF_BUFG_inst_replica/O
                         net (fo=3, routed)           0.118     2.919    aclk_IBUF_BUFG_repN
    BUFGCTRL_X0Y0        BUFG (Prop_bufg_I_O)         0.081     3.000 r  aclk_IBUF_BUFG_inst/O
                         net (fo=17751, routed)       1.385     4.384    u_wb/defaultClockArea_cpu/aclk_IBUF_BUFG
    SLICE_X76Y117        FDRE                                         r  u_wb/defaultClockArea_cpu/MULDIV_RRD_to_MULDIV_EXE_REG_READ_RSP_1_reg[0]/C
  -------------------------------------------------------------------    -------------------
    SLICE_X76Y117        FDRE (Prop_fdre_C_Q)         0.433     4.817 r  u_wb/defaultClockArea_cpu/MULDIV_RRD_to_MULDIV_EXE_REG_READ_RSP_1_reg[0]/Q
                         net (fo=1, routed)           0.523     5.340    u_wb/defaultClockArea_cpu/unsignedDivider_2/MULDIV_EXE_MulDivExecutePlugin_multiplier_i_16_0[0]
    SLICE_X75Y117        CARRY4 (Prop_carry4_S[0]_CO[3])
                                                      0.545     5.885 r  u_wb/defaultClockArea_cpu/unsignedDivider_2/MULDIV_EXE_MulDivExecutePlugin_multiplier_i_16/CO[3]
                         net (fo=1, routed)           0.000     5.885    u_wb/defaultClockArea_cpu/unsignedDivider_2/MULDIV_EXE_MulDivExecutePlugin_multiplier_i_16_n_0
    SLICE_X75Y118        CARRY4 (Prop_carry4_CI_CO[3])
                                                      0.098     5.983 r  u_wb/defaultClockArea_cpu/unsignedDivider_2/MULDIV_EXE_MulDivExecutePlugin_multiplier_i_15/CO[3]
                         net (fo=1, routed)           0.000     5.983    u_wb/defaultClockArea_cpu/unsignedDivider_2/MULDIV_EXE_MulDivExecutePlugin_multiplier_i_15_n_0
    SLICE_X75Y119        CARRY4 (Prop_carry4_CI_CO[3])
                                                      0.098     6.081 r  u_wb/defaultClockArea_cpu/unsignedDivider_2/MULDIV_EXE_MulDivExecutePlugin_multiplier_i_14/CO[3]
                         net (fo=1, routed)           0.000     6.081    u_wb/defaultClockArea_cpu/unsignedDivider_2/MULDIV_EXE_MulDivExecutePlugin_multiplier_i_14_n_0
    SLICE_X75Y120        CARRY4 (Prop_carry4_CI_CO[3])
                                                      0.098     6.179 r  u_wb/defaultClockArea_cpu/unsignedDivider_2/MULDIV_EXE_MulDivExecutePlugin_multiplier_i_13/CO[3]
                         net (fo=1, routed)           0.000     6.179    u_wb/defaultClockArea_cpu/unsignedDivider_2/MULDIV_EXE_MulDivExecutePlugin_multiplier_i_13_n_0
    SLICE_X75Y121        CARRY4 (Prop_carry4_CI_CO[3])
                                                      0.098     6.277 r  u_wb/defaultClockArea_cpu/unsignedDivider_2/MULDIV_EXE_MulDivExecutePlugin_multiplier_i_12/CO[3]
                         net (fo=1, routed)           0.000     6.277    u_wb/defaultClockArea_cpu/unsignedDivider_2/MULDIV_EXE_MulDivExecutePlugin_multiplier_i_12_n_0
    SLICE_X75Y122        CARRY4 (Prop_carry4_CI_CO[3])
                                                      0.098     6.375 r  u_wb/defaultClockArea_cpu/unsignedDivider_2/MULDIV_EXE_MulDivExecutePlugin_multiplier_i_11/CO[3]
                         net (fo=1, routed)           0.000     6.375    u_wb/defaultClockArea_cpu/unsignedDivider_2/MULDIV_EXE_MulDivExecutePlugin_multiplier_i_11_n_0
    SLICE_X75Y123        CARRY4 (Prop_carry4_CI_O[3])
                                                      0.260     6.635 f  u_wb/defaultClockArea_cpu/unsignedDivider_2/MULDIV_EXE_MulDivExecutePlugin_multiplier_i_10/O[3]
                         net (fo=4, routed)           0.604     7.239    u_wb/defaultClockArea_cpu/unsignedDivider_2/B[27]
    SLICE_X73Y123        LUT4 (Prop_lut4_I0_O)        0.257     7.496 r  u_wb/defaultClockArea_cpu/unsignedDivider_2/done_i_8/O
                         net (fo=1, routed)           0.231     7.727    u_wb/defaultClockArea_cpu/unsignedDivider_2/done_i_8_n_0
    SLICE_X72Y122        LUT5 (Prop_lut5_I4_O)        0.105     7.832 r  u_wb/defaultClockArea_cpu/unsignedDivider_2/done_i_4/O
                         net (fo=1, routed)           0.464     8.296    u_wb/defaultClockArea_cpu/unsignedDivider_2/done_i_4_n_0
    SLICE_X73Y120        LUT4 (Prop_lut4_I0_O)        0.105     8.401 r  u_wb/defaultClockArea_cpu/unsignedDivider_2/done_i_2/O
                         net (fo=66, routed)          0.295     8.697    u_wb/defaultClockArea_cpu/unsignedDivider_2/p_8715_in
    SLICE_X72Y118        LUT5 (Prop_lut5_I2_O)        0.105     8.802 r  u_wb/defaultClockArea_cpu/unsignedDivider_2/MulDivIssueQueuePlugin_queue_0_payload_robIdx[4]_i_4/O
                         net (fo=94, routed)          0.273     9.074    u_wb/defaultClockArea_cpu/unsignedDivider_2/waitRsp_reg_0[0]
    SLICE_X72Y117        LUT4 (Prop_lut4_I3_O)        0.105     9.179 r  u_wb/defaultClockArea_cpu/unsignedDivider_2/MemIssueQueuePlugin_queue_4_payload_rRegs_0_valid_i_14/O
                         net (fo=23, routed)          0.427     9.607    u_wb/defaultClockArea_cpu/unsignedDivider_2/MULDIV_EXE_MulDivExecutePlugin_wakeupCycle
    SLICE_X72Y117        LUT3 (Prop_lut3_I1_O)        0.105     9.712 r  u_wb/defaultClockArea_cpu/unsignedDivider_2/MemIssueQueuePlugin_queue_4_payload_rRegs_0_valid_i_8/O
                         net (fo=24, routed)          0.657    10.369    u_wb/defaultClockArea_cpu/unsignedDivider_2/MemIssueQueuePlugin_queue_4_payload_rRegs_0_valid_i_8_n_0
    SLICE_X64Y118        LUT6 (Prop_lut6_I2_O)        0.105    10.474 r  u_wb/defaultClockArea_cpu/unsignedDivider_2/IntIssueQueuePlugin_queue_6_payload_rRegs_0_valid_i_53/O
                         net (fo=1, routed)           0.872    11.346    u_wb/defaultClockArea_cpu/unsignedDivider_2/IntIssueQueuePlugin_queue_6_payload_rRegs_0_valid_i_53_n_0
    SLICE_X64Y99         LUT6 (Prop_lut6_I5_O)        0.105    11.451 r  u_wb/defaultClockArea_cpu/unsignedDivider_2/IntIssueQueuePlugin_queue_6_payload_rRegs_0_valid_i_20/O
                         net (fo=2, routed)           0.232    11.683    u_wb/defaultClockArea_cpu/unsignedDivider_2/IntIssueQueuePlugin_queue_6_payload_rRegs_0_valid_i_20_n_0
    SLICE_X65Y98         LUT5 (Prop_lut5_I3_O)        0.105    11.788 r  u_wb/defaultClockArea_cpu/unsignedDivider_2/IntIssueQueuePlugin_queue_6_payload_rRegs_0_valid_i_7/O
                         net (fo=8, routed)           0.481    12.270    u_wb/defaultClockArea_cpu/unsignedDivider_2/IntIssueQueuePlugin_queue_6_payload_rRegs_0_valid_i_7_n_0
    SLICE_X65Y98         LUT5 (Prop_lut5_I2_O)        0.105    12.375 r  u_wb/defaultClockArea_cpu/unsignedDivider_2/IntIssueQueuePlugin_queue_6_payload_rRegs_0_valid_i_8/O
                         net (fo=5, routed)           0.474    12.849    u_wb/defaultClockArea_cpu/unsignedDivider_2/IntIssueQueuePlugin_queue_6_payload_rRegs_0_valid_i_8_n_0
    SLICE_X65Y101        LUT3 (Prop_lut3_I1_O)        0.105    12.954 f  u_wb/defaultClockArea_cpu/unsignedDivider_2/IntIssueQueuePlugin_queue_6_payload_rRegs_0_valid_i_4/O
                         net (fo=2, routed)           0.549    13.503    u_wb/defaultClockArea_cpu/unsignedDivider_2/IntIssueQueuePlugin_queue_6_payload_rRegs_0_valid_i_4_n_0
    SLICE_X64Y101        LUT6 (Prop_lut6_I4_O)        0.105    13.608 r  u_wb/defaultClockArea_cpu/unsignedDivider_2/IntIssueQueuePlugin_queue_6_payload_rRegs_0_valid_i_1/O
                         net (fo=3, routed)           0.610    14.218    u_wb/defaultClockArea_cpu/unsignedDivider_2/RENAME_to_DISPATCH_PUSH_INDEXES_2_payload_reg[1]_0
    SLICE_X63Y99         LUT5 (Prop_lut5_I0_O)        0.105    14.323 r  u_wb/defaultClockArea_cpu/unsignedDivider_2/IntIssueQueuePlugin_queue_4_payload_rRegs_0_valid_i_1/O
                         net (fo=1, routed)           0.000    14.323    u_wb/defaultClockArea_cpu/unsignedDivider_2_n_184
    SLICE_X63Y99         FDRE                                         r  u_wb/defaultClockArea_cpu/IntIssueQueuePlugin_queue_4_payload_rRegs_0_valid_reg/D
  -------------------------------------------------------------------    -------------------

                         (clock aclk rise edge)      10.000    10.000 r  
    L22                                               0.000    10.000 r  aclk (IN)
                         net (fo=0)                   0.000    10.000    aclk
    L22                  IBUF (Prop_ibuf_I_O)         0.762    10.762 r  aclk_IBUF_inst/O
                         net (fo=1, routed)           1.734    12.496    aclk_IBUF
    BUFGCTRL_X0Y1        BUFG (Prop_bufg_I_O)         0.077    12.573 r  aclk_IBUF_BUFG_inst_replica/O
                         net (fo=3, routed)           0.112    12.685    aclk_IBUF_BUFG_repN
    BUFGCTRL_X0Y0        BUFG (Prop_bufg_I_O)         0.077    12.762 r  aclk_IBUF_BUFG_inst/O
                         net (fo=17751, routed)       1.433    14.195    u_wb/defaultClockArea_cpu/aclk_IBUF_BUFG
    SLICE_X63Y99         FDRE                                         r  u_wb/defaultClockArea_cpu/IntIssueQueuePlugin_queue_4_payload_rRegs_0_valid_reg/C
                         clock pessimism              0.244    14.439    
                         clock uncertainty           -0.035    14.403    
    SLICE_X63Y99         FDRE (Setup_fdre_C_D)        0.033    14.436    u_wb/defaultClockArea_cpu/IntIssueQueuePlugin_queue_4_payload_rRegs_0_valid_reg
  -------------------------------------------------------------------
                         required time                         14.436    
                         arrival time                         -14.323    
  -------------------------------------------------------------------
                         slack                                  0.113    

Slack (MET) :             0.162ns  (required time - arrival time)
  Source:                 u_wb/defaultClockArea_cpu/IntIssueQueuePlugin_queue_2_payload_rRegs_1_valid_reg/C
                            (rising edge-triggered cell FDRE clocked by aclk  {rise@0.000ns fall@5.000ns period=10.000ns})
  Destination:            u_wb/defaultClockArea_cpu/IntIssueQueuePlugin_queue_0_payload_rRegs_0_valid_reg/D
                            (rising edge-triggered cell FDRE clocked by aclk  {rise@0.000ns fall@5.000ns period=10.000ns})
  Path Group:             aclk
  Path Type:              Setup (Max at Slow Process Corner)
  Requirement:            10.000ns  (aclk rise@10.000ns - aclk rise@0.000ns)
  Data Path Delay:        9.632ns  (logic 1.954ns (20.286%)  route 7.678ns (79.714%))
  Logic Levels:           15  (LUT2=1 LUT3=1 LUT4=1 LUT5=4 LUT6=8)
  Clock Path Skew:        -0.246ns (DCD - SCD + CPR)
    Destination Clock Delay (DCD):    4.056ns = ( 14.056 - 10.000 ) 
    Source Clock Delay      (SCD):    4.546ns
    Clock Pessimism Removal (CPR):    0.244ns
  Clock Uncertainty:      0.035ns  ((TSJ^2 + TIJ^2)^1/2 + DJ) / 2 + PE
    Total System Jitter     (TSJ):    0.071ns
    Total Input Jitter      (TIJ):    0.000ns
    Discrete Jitter          (DJ):    0.000ns
    Phase Error              (PE):    0.000ns

    Location             Delay type                Incr(ns)  Path(ns)    Netlist Resource(s)
  -------------------------------------------------------------------    -------------------
                         (clock aclk rise edge)       0.000     0.000 r  
    L22                                               0.000     0.000 r  aclk (IN)
                         net (fo=0)                   0.000     0.000    aclk
    L22                  IBUF (Prop_ibuf_I_O)         0.893     0.893 r  aclk_IBUF_inst/O
                         net (fo=1, routed)           1.827     2.720    aclk_IBUF
    BUFGCTRL_X0Y1        BUFG (Prop_bufg_I_O)         0.081     2.801 r  aclk_IBUF_BUFG_inst_replica/O
                         net (fo=3, routed)           0.118     2.919    aclk_IBUF_BUFG_repN
    BUFGCTRL_X0Y0        BUFG (Prop_bufg_I_O)         0.081     3.000 r  aclk_IBUF_BUFG_inst/O
                         net (fo=17751, routed)       1.546     4.546    u_wb/defaultClockArea_cpu/aclk_IBUF_BUFG
    SLICE_X67Y97         FDRE                                         r  u_wb/defaultClockArea_cpu/IntIssueQueuePlugin_queue_2_payload_rRegs_1_valid_reg/C
  -------------------------------------------------------------------    -------------------
    SLICE_X67Y97         FDRE (Prop_fdre_C_Q)         0.379     4.925 r  u_wb/defaultClockArea_cpu/IntIssueQueuePlugin_queue_2_payload_rRegs_1_valid_reg/Q
                         net (fo=3, routed)           0.802     5.727    u_wb/defaultClockArea_cpu/IntIssueQueuePlugin_queue_2_payload_rRegs_1_valid_reg_n_0
    SLICE_X62Y107        LUT2 (Prop_lut2_I0_O)        0.105     5.832 r  u_wb/defaultClockArea_cpu/IntIssueQueuePlugin_queue_5_payload_uop_pc[31]_i_23/O
                         net (fo=5, routed)           0.389     6.221    u_wb/defaultClockArea_cpu/p_8192_in
    SLICE_X63Y107        LUT5 (Prop_lut5_I1_O)        0.105     6.326 r  u_wb/defaultClockArea_cpu/INT2_ISS_to_INT2_RRD_ISSUE_SLOT_uop_pc[31]_i_12/O
                         net (fo=2, routed)           0.493     6.820    u_wb/defaultClockArea_cpu/INT2_ISS_to_INT2_RRD_ISSUE_SLOT_uop_pc[31]_i_12_n_0
    SLICE_X65Y108        LUT6 (Prop_lut6_I5_O)        0.105     6.925 r  u_wb/defaultClockArea_cpu/INT2_ISS_to_INT2_RRD_ISSUE_SLOT_uop_pc[31]_i_8/O
                         net (fo=4, routed)           0.498     7.422    u_wb/defaultClockArea_cpu/INT2_ISS_to_INT2_RRD_ISSUE_SLOT_uop_pc[31]_i_8_n_0
    SLICE_X65Y106        LUT3 (Prop_lut3_I1_O)        0.105     7.527 f  u_wb/defaultClockArea_cpu/IntIssueQueuePlugin_queue_4_payload_uop_pc[31]_i_12/O
                         net (fo=11, routed)          0.710     8.238    u_wb/defaultClockArea_cpu/IntIssueQueuePlugin_queue_4_payload_uop_pc[31]_i_12_n_0
    SLICE_X64Y107        LUT6 (Prop_lut6_I5_O)        0.105     8.343 f  u_wb/defaultClockArea_cpu/IntIssueQueuePlugin_queue_5_payload_uop_pc[31]_i_16/O
                         net (fo=7, routed)           0.600     8.943    u_wb/defaultClockArea_cpu/IntIssueQueuePlugin_queue_5_payload_uop_pc[31]_i_16_n_0
    SLICE_X65Y105        LUT5 (Prop_lut5_I4_O)        0.105     9.048 f  u_wb/defaultClockArea_cpu/INT0_ISS_to_INT0_RRD_ISSUE_SLOT_robIdx[4]_i_8/O
                         net (fo=3, routed)           0.358     9.406    u_wb/defaultClockArea_cpu/INT0_ISS_to_INT0_RRD_ISSUE_SLOT_robIdx[4]_i_8_n_0
    SLICE_X65Y103        LUT6 (Prop_lut6_I3_O)        0.105     9.511 r  u_wb/defaultClockArea_cpu/INT0_ISS_to_INT0_RRD_ISSUE_SLOT_robIdx[4]_i_7/O
                         net (fo=142, routed)         0.659    10.169    u_wb/defaultClockArea_cpu/_zz_INT0_ISS_IntExecutePlugin_issSlot_rRegs_0_valid_3[1]
    SLICE_X70Y104        LUT6 (Prop_lut6_I3_O)        0.105    10.274 r  u_wb/defaultClockArea_cpu/INT0_ISS_to_INT0_RRD_ISSUE_SLOT_wReg[4]_i_2/O
                         net (fo=1, routed)           0.607    10.882    u_wb/defaultClockArea_cpu/INT0_ISS_to_INT0_RRD_ISSUE_SLOT_wReg[4]_i_2_n_0
    SLICE_X68Y102        LUT6 (Prop_lut6_I1_O)        0.105    10.987 r  u_wb/defaultClockArea_cpu/INT0_ISS_to_INT0_RRD_ISSUE_SLOT_wReg[4]_i_1/O
                         net (fo=17, routed)          0.557    11.544    u_wb/defaultClockArea_cpu/_zz_INT0_ISS_IntExecutePlugin_issSlot_wReg[4]
    SLICE_X69Y104        LUT4 (Prop_lut4_I3_O)        0.105    11.649 f  u_wb/defaultClockArea_cpu/IntIssueQueuePlugin_queue_1_payload_rRegs_0_valid_i_55/O
                         net (fo=1, routed)           0.339    11.988    u_wb/defaultClockArea_cpu/IntIssueQueuePlugin_queue_1_payload_rRegs_0_valid_i_55_n_0
    SLICE_X68Y105        LUT6 (Prop_lut6_I1_O)        0.105    12.093 r  u_wb/defaultClockArea_cpu/IntIssueQueuePlugin_queue_1_payload_rRegs_0_valid_i_35/O
                         net (fo=1, routed)           0.607    12.701    u_wb/defaultClockArea_cpu/IntIssueQueuePlugin_queue_1_payload_rRegs_0_valid_i_35_n_0
    SLICE_X65Y103        LUT5 (Prop_lut5_I1_O)        0.105    12.806 f  u_wb/defaultClockArea_cpu/IntIssueQueuePlugin_queue_1_payload_rRegs_0_valid_i_14/O
                         net (fo=1, routed)           0.453    13.258    u_wb/defaultClockArea_cpu/unsignedDivider_2/IntIssueQueuePlugin_queue_1_payload_rRegs_0_valid_i_3_1
    SLICE_X63Y101        LUT6 (Prop_lut6_I4_O)        0.105    13.363 f  u_wb/defaultClockArea_cpu/unsignedDivider_2/IntIssueQueuePlugin_queue_1_payload_rRegs_0_valid_i_6/O
                         net (fo=2, routed)           0.483    13.846    u_wb/defaultClockArea_cpu/unsignedDivider_2/IntIssueQueuePlugin_queue_1_payload_rRegs_0_valid_i_6_n_0
    SLICE_X64Y103        LUT6 (Prop_lut6_I5_O)        0.105    13.951 r  u_wb/defaultClockArea_cpu/unsignedDivider_2/IntIssueQueuePlugin_queue_0_payload_rRegs_0_valid_i_2/O
                         net (fo=1, routed)           0.121    14.073    u_wb/defaultClockArea_cpu/unsignedDivider_2/IntIssueQueuePlugin_queue_0_payload_rRegs_0_valid_i_2_n_0
    SLICE_X64Y103        LUT5 (Prop_lut5_I0_O)        0.105    14.178 r  u_wb/defaultClockArea_cpu/unsignedDivider_2/IntIssueQueuePlugin_queue_0_payload_rRegs_0_valid_i_1/O
                         net (fo=1, routed)           0.000    14.178    u_wb/defaultClockArea_cpu/unsignedDivider_2_n_42
    SLICE_X64Y103        FDRE                                         r  u_wb/defaultClockArea_cpu/IntIssueQueuePlugin_queue_0_payload_rRegs_0_valid_reg/D
  -------------------------------------------------------------------    -------------------

                         (clock aclk rise edge)      10.000    10.000 r  
    L22                                               0.000    10.000 r  aclk (IN)
                         net (fo=0)                   0.000    10.000    aclk
    L22                  IBUF (Prop_ibuf_I_O)         0.762    10.762 r  aclk_IBUF_inst/O
                         net (fo=1, routed)           1.734    12.496    aclk_IBUF
    BUFGCTRL_X0Y1        BUFG (Prop_bufg_I_O)         0.077    12.573 r  aclk_IBUF_BUFG_inst_replica/O
                         net (fo=3, routed)           0.112    12.685    aclk_IBUF_BUFG_repN
    BUFGCTRL_X0Y0        BUFG (Prop_bufg_I_O)         0.077    12.762 r  aclk_IBUF_BUFG_inst/O
                         net (fo=17751, routed)       1.294    14.056    u_wb/defaultClockArea_cpu/aclk_IBUF_BUFG
    SLICE_X64Y103        FDRE                                         r  u_wb/defaultClockArea_cpu/IntIssueQueuePlugin_queue_0_payload_rRegs_0_valid_reg/C
                         clock pessimism              0.244    14.299    
                         clock uncertainty           -0.035    14.264    
    SLICE_X64Y103        FDRE (Setup_fdre_C_D)        0.076    14.340    u_wb/defaultClockArea_cpu/IntIssueQueuePlugin_queue_0_payload_rRegs_0_valid_reg
  -------------------------------------------------------------------
                         required time                         14.340    
                         arrival time                         -14.178    
  -------------------------------------------------------------------
                         slack                                  0.162    

Slack (MET) :             0.221ns  (required time - arrival time)
  Source:                 u_wb/defaultClockArea_cpu/INT1_EXE_to_INT1_WB_WRITE_REG_payload_reg[5]/C
                            (rising edge-triggered cell FDRE clocked by aclk  {rise@0.000ns fall@5.000ns period=10.000ns})
  Destination:            u_wb/defaultClockArea_cpu/INT1_EXE_to_INT1_WB_EXE_RESULT_reg[7]/D
                            (rising edge-triggered cell FDRE clocked by aclk  {rise@0.000ns fall@5.000ns period=10.000ns})
  Path Group:             aclk
  Path Type:              Setup (Max at Slow Process Corner)
  Requirement:            10.000ns  (aclk rise@10.000ns - aclk rise@0.000ns)
  Data Path Delay:        9.557ns  (logic 2.055ns (21.502%)  route 7.502ns (78.498%))
  Logic Levels:           11  (LUT2=1 LUT3=1 LUT4=2 LUT5=2 LUT6=5)
  Clock Path Skew:        -0.015ns (DCD - SCD + CPR)
    Destination Clock Delay (DCD):    4.062ns = ( 14.062 - 10.000 ) 
    Source Clock Delay      (SCD):    4.380ns
    Clock Pessimism Removal (CPR):    0.304ns
  Clock Uncertainty:      0.035ns  ((TSJ^2 + TIJ^2)^1/2 + DJ) / 2 + PE
    Total System Jitter     (TSJ):    0.071ns
    Total Input Jitter      (TIJ):    0.000ns
    Discrete Jitter          (DJ):    0.000ns
    Phase Error              (PE):    0.000ns

    Location             Delay type                Incr(ns)  Path(ns)    Netlist Resource(s)
  -------------------------------------------------------------------    -------------------
                         (clock aclk rise edge)       0.000     0.000 r  
    L22                                               0.000     0.000 r  aclk (IN)
                         net (fo=0)                   0.000     0.000    aclk
    L22                  IBUF (Prop_ibuf_I_O)         0.893     0.893 r  aclk_IBUF_inst/O
                         net (fo=1, routed)           1.827     2.720    aclk_IBUF
    BUFGCTRL_X0Y1        BUFG (Prop_bufg_I_O)         0.081     2.801 r  aclk_IBUF_BUFG_inst_replica/O
                         net (fo=3, routed)           0.118     2.919    aclk_IBUF_BUFG_repN
    BUFGCTRL_X0Y0        BUFG (Prop_bufg_I_O)         0.081     3.000 r  aclk_IBUF_BUFG_inst/O
                         net (fo=17751, routed)       1.381     4.380    u_wb/defaultClockArea_cpu/aclk_IBUF_BUFG
    SLICE_X89Y126        FDRE                                         r  u_wb/defaultClockArea_cpu/INT1_EXE_to_INT1_WB_WRITE_REG_payload_reg[5]/C
  -------------------------------------------------------------------    -------------------
    SLICE_X89Y126        FDRE (Prop_fdre_C_Q)         0.379     4.759 r  u_wb/defaultClockArea_cpu/INT1_EXE_to_INT1_WB_WRITE_REG_payload_reg[5]/Q
                         net (fo=18, routed)          0.860     5.619    u_wb/defaultClockArea_cpu/INT1_EXE_to_INT1_WB_WRITE_REG_payload[5]
    SLICE_X89Y127        LUT6 (Prop_lut6_I3_O)        0.105     5.724 r  u_wb/defaultClockArea_cpu/INT1_EXE_to_INT1_WB_EXE_RESULT[30]_i_30/O
                         net (fo=1, routed)           0.546     6.271    u_wb/defaultClockArea_cpu/INT1_EXE_to_INT1_WB_EXE_RESULT[30]_i_30_n_0
    SLICE_X89Y127        LUT4 (Prop_lut4_I2_O)        0.105     6.376 r  u_wb/defaultClockArea_cpu/INT1_EXE_to_INT1_WB_EXE_RESULT[30]_i_21/O
                         net (fo=33, routed)          0.517     6.892    u_wb/defaultClockArea_cpu/_zz_IntExecutePlugin_bypassRsp_1_payload_1_2[0]
    SLICE_X89Y125        LUT6 (Prop_lut6_I0_O)        0.105     6.997 r  u_wb/defaultClockArea_cpu/INT1_EXE_to_INT1_WB_EXE_RESULT[30]_i_17/O
                         net (fo=31, routed)          0.679     7.676    u_wb/defaultClockArea_cpu/when_BypassNetworkPlugin_l36_3
    SLICE_X93Y123        LUT5 (Prop_lut5_I1_O)        0.108     7.784 f  u_wb/defaultClockArea_cpu/INT1_EXE_to_INT1_WB_EXE_RESULT[30]_i_19/O
                         net (fo=67, routed)          1.008     8.793    u_wb/defaultClockArea_cpu/INT1_EXE_IntExecutePlugin_alu_io_sa[3]
    SLICE_X111Y122       LUT2 (Prop_lut2_I0_O)        0.269     9.062 r  u_wb/defaultClockArea_cpu/INT1_EXE_to_INT1_WB_EXE_RESULT[31]_i_24/O
                         net (fo=55, routed)          0.804     9.866    u_wb/defaultClockArea_cpu/INT1_EXE_to_INT1_WB_EXE_RESULT[31]_i_24_n_0
    SLICE_X107Y120       LUT4 (Prop_lut4_I2_O)        0.277    10.143 r  u_wb/defaultClockArea_cpu/INT1_EXE_to_INT1_WB_EXE_RESULT[7]_i_16/O
                         net (fo=1, routed)           0.367    10.510    u_wb/defaultClockArea_cpu/INT1_EXE_to_INT1_WB_EXE_RESULT[7]_i_16_n_0
    SLICE_X108Y119       LUT6 (Prop_lut6_I5_O)        0.267    10.777 r  u_wb/defaultClockArea_cpu/INT1_EXE_to_INT1_WB_EXE_RESULT[7]_i_8/O
                         net (fo=2, routed)           0.385    11.162    u_wb/defaultClockArea_cpu/INT1_EXE_to_INT1_WB_EXE_RESULT[7]_i_8_n_0
    SLICE_X109Y122       LUT6 (Prop_lut6_I5_O)        0.105    11.267 r  u_wb/defaultClockArea_cpu/INT1_EXE_to_INT1_WB_EXE_RESULT[7]_i_4/O
                         net (fo=1, routed)           0.484    11.751    u_wb/defaultClockArea_cpu/INT1_EXE_to_INT1_WB_EXE_RESULT[7]_i_4_n_0
    SLICE_X104Y120       LUT6 (Prop_lut6_I2_O)        0.105    11.856 r  u_wb/defaultClockArea_cpu/INT1_EXE_to_INT1_WB_EXE_RESULT[7]_i_3/O
                         net (fo=1, routed)           0.776    12.632    u_wb/defaultClockArea_cpu/INT1_EXE_IntExecutePlugin_alu_io_result[7]
    SLICE_X100Y108       LUT5 (Prop_lut5_I4_O)        0.105    12.737 r  u_wb/defaultClockArea_cpu/INT1_EXE_to_INT1_WB_EXE_RESULT[7]_i_2/O
                         net (fo=1, routed)           0.589    13.325    u_wb/defaultClockArea_cpu/INT1_EXE_to_INT1_WB_EXE_RESULT[7]_i_2_n_0
    SLICE_X100Y111       LUT3 (Prop_lut3_I2_O)        0.125    13.450 r  u_wb/defaultClockArea_cpu/INT1_EXE_to_INT1_WB_EXE_RESULT[7]_i_1/O
                         net (fo=1, routed)           0.487    13.938    u_wb/defaultClockArea_cpu/INT1_EXE_to_INT1_WB_EXE_RESULT[7]_i_1_n_0
    SLICE_X100Y111       FDRE                                         r  u_wb/defaultClockArea_cpu/INT1_EXE_to_INT1_WB_EXE_RESULT_reg[7]/D
  -------------------------------------------------------------------    -------------------

                         (clock aclk rise edge)      10.000    10.000 r  
    L22                                               0.000    10.000 r  aclk (IN)
                         net (fo=0)                   0.000    10.000    aclk
    L22                  IBUF (Prop_ibuf_I_O)         0.762    10.762 r  aclk_IBUF_inst/O
                         net (fo=1, routed)           1.734    12.496    aclk_IBUF
    BUFGCTRL_X0Y1        BUFG (Prop_bufg_I_O)         0.077    12.573 r  aclk_IBUF_BUFG_inst_replica/O
                         net (fo=3, routed)           0.112    12.685    aclk_IBUF_BUFG_repN
    BUFGCTRL_X0Y0        BUFG (Prop_bufg_I_O)         0.077    12.762 r  aclk_IBUF_BUFG_inst/O
                         net (fo=17751, routed)       1.300    14.062    u_wb/defaultClockArea_cpu/aclk_IBUF_BUFG
    SLICE_X100Y111       FDRE                                         r  u_wb/defaultClockArea_cpu/INT1_EXE_to_INT1_WB_EXE_RESULT_reg[7]/C
                         clock pessimism              0.304    14.365    
                         clock uncertainty           -0.035    14.330    
    SLICE_X100Y111       FDRE (Setup_fdre_C_D)       -0.171    14.159    u_wb/defaultClockArea_cpu/INT1_EXE_to_INT1_WB_EXE_RESULT_reg[7]
  -------------------------------------------------------------------
                         required time                         14.159    
                         arrival time                         -13.938    
  -------------------------------------------------------------------
                         slack                                  0.221    

Slack (MET) :             0.236ns  (required time - arrival time)
  Source:                 u_wb/defaultClockArea_cpu/IntIssueQueuePlugin_queue_0_payload_rRegs_0_valid_reg/C
                            (rising edge-triggered cell FDRE clocked by aclk  {rise@0.000ns fall@5.000ns period=10.000ns})
  Destination:            u_wb/defaultClockArea_cpu/IntIssueQueuePlugin_queue_0_payload_rRegs_1_valid_reg/D
                            (rising edge-triggered cell FDRE clocked by aclk  {rise@0.000ns fall@5.000ns period=10.000ns})
  Path Group:             aclk
  Path Type:              Setup (Max at Slow Process Corner)
  Requirement:            10.000ns  (aclk rise@10.000ns - aclk rise@0.000ns)
  Data Path Delay:        9.831ns  (logic 2.113ns (21.494%)  route 7.718ns (78.506%))
  Logic Levels:           16  (LUT2=1 LUT3=1 LUT4=1 LUT5=3 LUT6=10)
  Clock Path Skew:        0.030ns (DCD - SCD + CPR)
    Destination Clock Delay (DCD):    4.191ns = ( 14.191 - 10.000 ) 
    Source Clock Delay      (SCD):    4.404ns
    Clock Pessimism Removal (CPR):    0.244ns
  Clock Uncertainty:      0.035ns  ((TSJ^2 + TIJ^2)^1/2 + DJ) / 2 + PE
    Total System Jitter     (TSJ):    0.071ns
    Total Input Jitter      (TIJ):    0.000ns
    Discrete Jitter          (DJ):    0.000ns
    Phase Error              (PE):    0.000ns

    Location             Delay type                Incr(ns)  Path(ns)    Netlist Resource(s)
  -------------------------------------------------------------------    -------------------
                         (clock aclk rise edge)       0.000     0.000 r  
    L22                                               0.000     0.000 r  aclk (IN)
                         net (fo=0)                   0.000     0.000    aclk
    L22                  IBUF (Prop_ibuf_I_O)         0.893     0.893 r  aclk_IBUF_inst/O
                         net (fo=1, routed)           1.827     2.720    aclk_IBUF
    BUFGCTRL_X0Y1        BUFG (Prop_bufg_I_O)         0.081     2.801 r  aclk_IBUF_BUFG_inst_replica/O
                         net (fo=3, routed)           0.118     2.919    aclk_IBUF_BUFG_repN
    BUFGCTRL_X0Y0        BUFG (Prop_bufg_I_O)         0.081     3.000 r  aclk_IBUF_BUFG_inst/O
                         net (fo=17751, routed)       1.405     4.404    u_wb/defaultClockArea_cpu/aclk_IBUF_BUFG
    SLICE_X64Y103        FDRE                                         r  u_wb/defaultClockArea_cpu/IntIssueQueuePlugin_queue_0_payload_rRegs_0_valid_reg/C
  -------------------------------------------------------------------    -------------------
    SLICE_X64Y103        FDRE (Prop_fdre_C_Q)         0.433     4.837 f  u_wb/defaultClockArea_cpu/IntIssueQueuePlugin_queue_0_payload_rRegs_0_valid_reg/Q
                         net (fo=2, routed)           0.506     5.343    u_wb/defaultClockArea_cpu/IntIssueQueuePlugin_queue_0_payload_rRegs_0_valid_reg_n_0
    SLICE_X66Y101        LUT2 (Prop_lut2_I0_O)        0.105     5.448 f  u_wb/defaultClockArea_cpu/IntIssueQueuePlugin_queue_0_payload_uop_pc[31]_i_9/O
                         net (fo=15, routed)          0.695     6.143    u_wb/defaultClockArea_cpu/p_8186_in
    SLICE_X65Y108        LUT5 (Prop_lut5_I4_O)        0.105     6.248 r  u_wb/defaultClockArea_cpu/INT1_ISS_to_INT1_RRD_ISSUE_SLOT_uop_pc[31]_i_12/O
                         net (fo=1, routed)           0.357     6.605    u_wb/defaultClockArea_cpu/INT1_ISS_to_INT1_RRD_ISSUE_SLOT_uop_pc[31]_i_12_n_0
    SLICE_X64Y108        LUT6 (Prop_lut6_I0_O)        0.105     6.710 f  u_wb/defaultClockArea_cpu/INT1_ISS_to_INT1_RRD_ISSUE_SLOT_uop_pc[31]_i_11/O
                         net (fo=2, routed)           0.238     6.948    u_wb/defaultClockArea_cpu/INT1_ISS_to_INT1_RRD_ISSUE_SLOT_uop_pc[31]_i_11_n_0
    SLICE_X65Y108        LUT6 (Prop_lut6_I0_O)        0.105     7.053 f  u_wb/defaultClockArea_cpu/INT1_ISS_to_INT1_RRD_ISSUE_SLOT_uop_pc[31]_i_10/O
                         net (fo=3, routed)           0.355     7.408    u_wb/defaultClockArea_cpu/INT1_ISS_to_INT1_RRD_ISSUE_SLOT_uop_pc[31]_i_10_n_0
    SLICE_X65Y106        LUT3 (Prop_lut3_I0_O)        0.105     7.513 f  u_wb/defaultClockArea_cpu/IntIssueQueuePlugin_queue_4_payload_uop_pc[31]_i_12/O
                         net (fo=11, routed)          0.710     8.223    u_wb/defaultClockArea_cpu/IntIssueQueuePlugin_queue_4_payload_uop_pc[31]_i_12_n_0
    SLICE_X64Y107        LUT6 (Prop_lut6_I5_O)        0.105     8.328 f  u_wb/defaultClockArea_cpu/IntIssueQueuePlugin_queue_5_payload_uop_pc[31]_i_16/O
                         net (fo=7, routed)           0.600     8.928    u_wb/defaultClockArea_cpu/IntIssueQueuePlugin_queue_5_payload_uop_pc[31]_i_16_n_0
    SLICE_X65Y105        LUT5 (Prop_lut5_I4_O)        0.105     9.033 f  u_wb/defaultClockArea_cpu/INT0_ISS_to_INT0_RRD_ISSUE_SLOT_robIdx[4]_i_8/O
                         net (fo=3, routed)           0.358     9.391    u_wb/defaultClockArea_cpu/INT0_ISS_to_INT0_RRD_ISSUE_SLOT_robIdx[4]_i_8_n_0
    SLICE_X65Y103        LUT6 (Prop_lut6_I3_O)        0.105     9.496 r  u_wb/defaultClockArea_cpu/INT0_ISS_to_INT0_RRD_ISSUE_SLOT_robIdx[4]_i_7/O
                         net (fo=142, routed)         0.576    10.072    u_wb/defaultClockArea_cpu/_zz_INT0_ISS_IntExecutePlugin_issSlot_rRegs_0_valid_3[1]
    SLICE_X66Y103        LUT4 (Prop_lut4_I3_O)        0.105    10.177 r  u_wb/defaultClockArea_cpu/INT0_ISS_to_INT0_RRD_ISSUE_SLOT_rRegs_0_payload[5]_i_3/O
                         net (fo=43, routed)          0.586    10.763    u_wb/defaultClockArea_cpu/INT0_ISS_to_INT0_RRD_ISSUE_SLOT_rRegs_0_payload[5]_i_3_n_0
    SLICE_X67Y103        LUT6 (Prop_lut6_I4_O)        0.105    10.868 r  u_wb/defaultClockArea_cpu/INT0_ISS_to_INT0_RRD_ISSUE_SLOT_wReg[1]_i_1/O
                         net (fo=15, routed)          0.712    11.581    u_wb/defaultClockArea_cpu/_zz_INT0_ISS_IntExecutePlugin_issSlot_wReg[1]
    SLICE_X70Y102        LUT6 (Prop_lut6_I4_O)        0.105    11.686 f  u_wb/defaultClockArea_cpu/IntIssueQueuePlugin_queue_0_payload_rRegs_1_valid_i_43/O
                         net (fo=1, routed)           0.376    12.062    u_wb/defaultClockArea_cpu/IntIssueQueuePlugin_queue_0_payload_rRegs_1_valid_i_43_n_0
    SLICE_X70Y102        LUT6 (Prop_lut6_I5_O)        0.105    12.167 r  u_wb/defaultClockArea_cpu/IntIssueQueuePlugin_queue_0_payload_rRegs_1_valid_i_26/O
                         net (fo=2, routed)           0.421    12.588    u_wb/defaultClockArea_cpu/IntIssueQueuePlugin_queue_0_payload_rRegs_1_valid_i_26_n_0
    SLICE_X70Y101        LUT6 (Prop_lut6_I2_O)        0.105    12.693 r  u_wb/defaultClockArea_cpu/IntIssueQueuePlugin_queue_0_payload_rRegs_1_valid_i_22/O
                         net (fo=1, routed)           0.396    13.088    u_wb/defaultClockArea_cpu/unsignedDivider_2/IntIssueQueuePlugin_queue_0_payload_rRegs_1_valid_i_6_0
    SLICE_X69Y99         LUT6 (Prop_lut6_I5_O)        0.105    13.193 f  u_wb/defaultClockArea_cpu/unsignedDivider_2/IntIssueQueuePlugin_queue_0_payload_rRegs_1_valid_i_13/O
                         net (fo=1, routed)           0.351    13.544    u_wb/defaultClockArea_cpu/unsignedDivider_2/IntIssueQueuePlugin_queue_0_payload_rRegs_1_valid_i_13_n_0
    SLICE_X66Y97         LUT5 (Prop_lut5_I4_O)        0.105    13.649 r  u_wb/defaultClockArea_cpu/unsignedDivider_2/IntIssueQueuePlugin_queue_0_payload_rRegs_1_valid_i_6/O
                         net (fo=1, routed)           0.481    14.130    u_wb/defaultClockArea_cpu/unsignedDivider_2/IntIssueQueuePlugin_queue_0_payload_rRegs_1_valid_i_6_n_0
    SLICE_X66Y99         LUT6 (Prop_lut6_I4_O)        0.105    14.235 r  u_wb/defaultClockArea_cpu/unsignedDivider_2/IntIssueQueuePlugin_queue_0_payload_rRegs_1_valid_i_1/O
                         net (fo=1, routed)           0.000    14.235    u_wb/defaultClockArea_cpu/unsignedDivider_2_n_43
    SLICE_X66Y99         FDRE                                         r  u_wb/defaultClockArea_cpu/IntIssueQueuePlugin_queue_0_payload_rRegs_1_valid_reg/D
  -------------------------------------------------------------------    -------------------

                         (clock aclk rise edge)      10.000    10.000 r  
    L22                                               0.000    10.000 r  aclk (IN)
                         net (fo=0)                   0.000    10.000    aclk
    L22                  IBUF (Prop_ibuf_I_O)         0.762    10.762 r  aclk_IBUF_inst/O
                         net (fo=1, routed)           1.734    12.496    aclk_IBUF
    BUFGCTRL_X0Y1        BUFG (Prop_bufg_I_O)         0.077    12.573 r  aclk_IBUF_BUFG_inst_replica/O
                         net (fo=3, routed)           0.112    12.685    aclk_IBUF_BUFG_repN
    BUFGCTRL_X0Y0        BUFG (Prop_bufg_I_O)         0.077    12.762 r  aclk_IBUF_BUFG_inst/O
                         net (fo=17751, routed)       1.429    14.191    u_wb/defaultClockArea_cpu/aclk_IBUF_BUFG
    SLICE_X66Y99         FDRE                                         r  u_wb/defaultClockArea_cpu/IntIssueQueuePlugin_queue_0_payload_rRegs_1_valid_reg/C
                         clock pessimism              0.244    14.435    
                         clock uncertainty           -0.035    14.399    
    SLICE_X66Y99         FDRE (Setup_fdre_C_D)        0.072    14.471    u_wb/defaultClockArea_cpu/IntIssueQueuePlugin_queue_0_payload_rRegs_1_valid_reg
  -------------------------------------------------------------------
                         required time                         14.471    
                         arrival time                         -14.235    
  -------------------------------------------------------------------
                         slack                                  0.236    

Slack (MET) :             0.252ns  (required time - arrival time)
  Source:                 u_wb/defaultClockArea_cpu/IntIssueQueuePlugin_queue_2_payload_rRegs_1_valid_reg/C
                            (rising edge-triggered cell FDRE clocked by aclk  {rise@0.000ns fall@5.000ns period=10.000ns})
  Destination:            u_wb/defaultClockArea_cpu/IntIssueQueuePlugin_queue_2_payload_rRegs_0_valid_reg/D
                            (rising edge-triggered cell FDRE clocked by aclk  {rise@0.000ns fall@5.000ns period=10.000ns})
  Path Group:             aclk
  Path Type:              Setup (Max at Slow Process Corner)
  Requirement:            10.000ns  (aclk rise@10.000ns - aclk rise@0.000ns)
  Data Path Delay:        9.500ns  (logic 1.849ns (19.463%)  route 7.651ns (80.537%))
  Logic Levels:           14  (LUT2=1 LUT3=2 LUT4=1 LUT5=2 LUT6=8)
  Clock Path Skew:        -0.244ns (DCD - SCD + CPR)
    Destination Clock Delay (DCD):    4.058ns = ( 14.058 - 10.000 ) 
    Source Clock Delay      (SCD):    4.546ns
    Clock Pessimism Removal (CPR):    0.244ns
  Clock Uncertainty:      0.035ns  ((TSJ^2 + TIJ^2)^1/2 + DJ) / 2 + PE
    Total System Jitter     (TSJ):    0.071ns
    Total Input Jitter      (TIJ):    0.000ns
    Discrete Jitter          (DJ):    0.000ns
    Phase Error              (PE):    0.000ns

    Location             Delay type                Incr(ns)  Path(ns)    Netlist Resource(s)
  -------------------------------------------------------------------    -------------------
                         (clock aclk rise edge)       0.000     0.000 r  
    L22                                               0.000     0.000 r  aclk (IN)
                         net (fo=0)                   0.000     0.000    aclk
    L22                  IBUF (Prop_ibuf_I_O)         0.893     0.893 r  aclk_IBUF_inst/O
                         net (fo=1, routed)           1.827     2.720    aclk_IBUF
    BUFGCTRL_X0Y1        BUFG (Prop_bufg_I_O)         0.081     2.801 r  aclk_IBUF_BUFG_inst_replica/O
                         net (fo=3, routed)           0.118     2.919    aclk_IBUF_BUFG_repN
    BUFGCTRL_X0Y0        BUFG (Prop_bufg_I_O)         0.081     3.000 r  aclk_IBUF_BUFG_inst/O
                         net (fo=17751, routed)       1.546     4.546    u_wb/defaultClockArea_cpu/aclk_IBUF_BUFG
    SLICE_X67Y97         FDRE                                         r  u_wb/defaultClockArea_cpu/IntIssueQueuePlugin_queue_2_payload_rRegs_1_valid_reg/C
  -------------------------------------------------------------------    -------------------
    SLICE_X67Y97         FDRE (Prop_fdre_C_Q)         0.379     4.925 r  u_wb/defaultClockArea_cpu/IntIssueQueuePlugin_queue_2_payload_rRegs_1_valid_reg/Q
                         net (fo=3, routed)           0.802     5.727    u_wb/defaultClockArea_cpu/IntIssueQueuePlugin_queue_2_payload_rRegs_1_valid_reg_n_0
    SLICE_X62Y107        LUT2 (Prop_lut2_I0_O)        0.105     5.832 r  u_wb/defaultClockArea_cpu/IntIssueQueuePlugin_queue_5_payload_uop_pc[31]_i_23/O
                         net (fo=5, routed)           0.389     6.221    u_wb/defaultClockArea_cpu/p_8192_in
    SLICE_X63Y107        LUT5 (Prop_lut5_I1_O)        0.105     6.326 r  u_wb/defaultClockArea_cpu/INT2_ISS_to_INT2_RRD_ISSUE_SLOT_uop_pc[31]_i_12/O
                         net (fo=2, routed)           0.344     6.670    u_wb/defaultClockArea_cpu/INT2_ISS_to_INT2_RRD_ISSUE_SLOT_uop_pc[31]_i_12_n_0
    SLICE_X65Y107        LUT6 (Prop_lut6_I5_O)        0.105     6.775 r  u_wb/defaultClockArea_cpu/INT2_RRD_arbitration_isValid_i_5/O
                         net (fo=7, routed)           0.507     7.282    u_wb/defaultClockArea_cpu/INT2_RRD_arbitration_isValid_i_5_n_0
    SLICE_X63Y107        LUT3 (Prop_lut3_I1_O)        0.105     7.387 r  u_wb/defaultClockArea_cpu/INT2_ISS_to_INT2_RRD_ISSUE_SLOT_uop_useRj_i_6/O
                         net (fo=4, routed)           0.324     7.710    u_wb/defaultClockArea_cpu/INT2_ISS_to_INT2_RRD_ISSUE_SLOT_uop_useRj_i_6_n_0
    SLICE_X63Y107        LUT6 (Prop_lut6_I0_O)        0.105     7.815 r  u_wb/defaultClockArea_cpu/INT1_RRD_arbitration_isValid_i_3/O
                         net (fo=3, routed)           0.658     8.473    u_wb/defaultClockArea_cpu/INT1_RRD_arbitration_isValid_i_3_n_0
    SLICE_X63Y105        LUT6 (Prop_lut6_I1_O)        0.105     8.578 f  u_wb/defaultClockArea_cpu/INT1_ISS_to_INT1_RRD_ISSUE_SLOT_uop_pc[31]_i_7/O
                         net (fo=11, routed)          0.393     8.970    u_wb/defaultClockArea_cpu/INT1_ISS_to_INT1_RRD_ISSUE_SLOT_uop_pc[31]_i_7_n_0
    SLICE_X65Y104        LUT6 (Prop_lut6_I5_O)        0.105     9.075 r  u_wb/defaultClockArea_cpu/INT1_ISS_to_INT1_RRD_ISSUE_SLOT_uop_pc[31]_i_6/O
                         net (fo=96, routed)          0.582     9.658    u_wb/defaultClockArea_cpu/INT1_ISS_to_INT1_RRD_ISSUE_SLOT_uop_pc[31]_i_6_n_0
    SLICE_X67Y104        LUT3 (Prop_lut3_I2_O)        0.105     9.763 r  u_wb/defaultClockArea_cpu/INT1_ISS_to_INT1_RRD_ISSUE_SLOT_wReg[5]_i_2/O
                         net (fo=43, routed)          0.685    10.448    u_wb/defaultClockArea_cpu/INT1_ISS_to_INT1_RRD_ISSUE_SLOT_wReg[5]_i_2_n_0
    SLICE_X74Y105        LUT6 (Prop_lut6_I2_O)        0.105    10.553 r  u_wb/defaultClockArea_cpu/INT1_ISS_to_INT1_RRD_ISSUE_SLOT_wReg[3]_i_1/O
                         net (fo=17, routed)          1.065    11.618    u_wb/defaultClockArea_cpu/_zz_INT1_ISS_IntExecutePlugin_issSlot_wReg[3]
    SLICE_X66Y105        LUT6 (Prop_lut6_I1_O)        0.105    11.723 f  u_wb/defaultClockArea_cpu/IntIssueQueuePlugin_queue_1_payload_rRegs_0_valid_i_38/O
                         net (fo=1, routed)           0.845    12.567    u_wb/defaultClockArea_cpu/unsignedDivider_2/IntIssueQueuePlugin_queue_1_payload_rRegs_0_valid_i_7_0
    SLICE_X64Y102        LUT6 (Prop_lut6_I0_O)        0.105    12.672 f  u_wb/defaultClockArea_cpu/unsignedDivider_2/IntIssueQueuePlugin_queue_1_payload_rRegs_0_valid_i_15/O
                         net (fo=1, routed)           0.353    13.025    u_wb/defaultClockArea_cpu/unsignedDivider_2/IntIssueQueuePlugin_queue_1_payload_rRegs_0_valid_i_15_n_0
    SLICE_X63Y102        LUT6 (Prop_lut6_I4_O)        0.105    13.130 f  u_wb/defaultClockArea_cpu/unsignedDivider_2/IntIssueQueuePlugin_queue_1_payload_rRegs_0_valid_i_7/O
                         net (fo=3, routed)           0.388    13.518    u_wb/defaultClockArea_cpu/unsignedDivider_2/IntIssueQueuePlugin_queue_1_payload_rRegs_0_valid_i_7_n_0
    SLICE_X63Y101        LUT4 (Prop_lut4_I1_O)        0.105    13.623 r  u_wb/defaultClockArea_cpu/unsignedDivider_2/IntIssueQueuePlugin_queue_2_payload_rRegs_0_valid_i_2/O
                         net (fo=1, routed)           0.317    13.941    u_wb/defaultClockArea_cpu/unsignedDivider_2/IntIssueQueuePlugin_queue_2_payload_rRegs_0_valid_i_2_n_0
    SLICE_X63Y101        LUT5 (Prop_lut5_I2_O)        0.105    14.046 r  u_wb/defaultClockArea_cpu/unsignedDivider_2/IntIssueQueuePlugin_queue_2_payload_rRegs_0_valid_i_1/O
                         net (fo=1, routed)           0.000    14.046    u_wb/defaultClockArea_cpu/unsignedDivider_2_n_183
    SLICE_X63Y101        FDRE                                         r  u_wb/defaultClockArea_cpu/IntIssueQueuePlugin_queue_2_payload_rRegs_0_valid_reg/D
  -------------------------------------------------------------------    -------------------

                         (clock aclk rise edge)      10.000    10.000 r  
    L22                                               0.000    10.000 r  aclk (IN)
                         net (fo=0)                   0.000    10.000    aclk
    L22                  IBUF (Prop_ibuf_I_O)         0.762    10.762 r  aclk_IBUF_inst/O
                         net (fo=1, routed)           1.734    12.496    aclk_IBUF
    BUFGCTRL_X0Y1        BUFG (Prop_bufg_I_O)         0.077    12.573 r  aclk_IBUF_BUFG_inst_replica/O
                         net (fo=3, routed)           0.112    12.685    aclk_IBUF_BUFG_repN
    BUFGCTRL_X0Y0        BUFG (Prop_bufg_I_O)         0.077    12.762 r  aclk_IBUF_BUFG_inst/O
                         net (fo=17751, routed)       1.296    14.058    u_wb/defaultClockArea_cpu/aclk_IBUF_BUFG
    SLICE_X63Y101        FDRE                                         r  u_wb/defaultClockArea_cpu/IntIssueQueuePlugin_queue_2_payload_rRegs_0_valid_reg/C
                         clock pessimism              0.244    14.301    
                         clock uncertainty           -0.035    14.266    
    SLICE_X63Y101        FDRE (Setup_fdre_C_D)        0.032    14.298    u_wb/defaultClockArea_cpu/IntIssueQueuePlugin_queue_2_payload_rRegs_0_valid_reg
  -------------------------------------------------------------------
                         required time                         14.298    
                         arrival time                         -14.046    
  -------------------------------------------------------------------
                         slack                                  0.252    

Slack (MET) :             0.257ns  (required time - arrival time)
  Source:                 u_wb/defaultClockArea_cpu/IntIssueQueuePlugin_queue_2_payload_rRegs_1_valid_reg/C
                            (rising edge-triggered cell FDRE clocked by aclk  {rise@0.000ns fall@5.000ns period=10.000ns})
  Destination:            u_wb/defaultClockArea_cpu/IntIssueQueuePlugin_queue_5_payload_rRegs_0_valid_reg/D
                            (rising edge-triggered cell FDRE clocked by aclk  {rise@0.000ns fall@5.000ns period=10.000ns})
  Path Group:             aclk
  Path Type:              Setup (Max at Slow Process Corner)
  Requirement:            10.000ns  (aclk rise@10.000ns - aclk rise@0.000ns)
  Data Path Delay:        9.494ns  (logic 1.849ns (19.475%)  route 7.645ns (80.525%))
  Logic Levels:           14  (LUT2=1 LUT3=1 LUT4=2 LUT5=3 LUT6=7)
  Clock Path Skew:        -0.246ns (DCD - SCD + CPR)
    Destination Clock Delay (DCD):    4.056ns = ( 14.056 - 10.000 ) 
    Source Clock Delay      (SCD):    4.546ns
    Clock Pessimism Removal (CPR):    0.244ns
  Clock Uncertainty:      0.035ns  ((TSJ^2 + TIJ^2)^1/2 + DJ) / 2 + PE
    Total System Jitter     (TSJ):    0.071ns
    Total Input Jitter      (TIJ):    0.000ns
    Discrete Jitter          (DJ):    0.000ns
    Phase Error              (PE):    0.000ns

    Location             Delay type                Incr(ns)  Path(ns)    Netlist Resource(s)
  -------------------------------------------------------------------    -------------------
                         (clock aclk rise edge)       0.000     0.000 r  
    L22                                               0.000     0.000 r  aclk (IN)
                         net (fo=0)                   0.000     0.000    aclk
    L22                  IBUF (Prop_ibuf_I_O)         0.893     0.893 r  aclk_IBUF_inst/O
                         net (fo=1, routed)           1.827     2.720    aclk_IBUF
    BUFGCTRL_X0Y1        BUFG (Prop_bufg_I_O)         0.081     2.801 r  aclk_IBUF_BUFG_inst_replica/O
                         net (fo=3, routed)           0.118     2.919    aclk_IBUF_BUFG_repN
    BUFGCTRL_X0Y0        BUFG (Prop_bufg_I_O)         0.081     3.000 r  aclk_IBUF_BUFG_inst/O
                         net (fo=17751, routed)       1.546     4.546    u_wb/defaultClockArea_cpu/aclk_IBUF_BUFG
    SLICE_X67Y97         FDRE                                         r  u_wb/defaultClockArea_cpu/IntIssueQueuePlugin_queue_2_payload_rRegs_1_valid_reg/C
  -------------------------------------------------------------------    -------------------
    SLICE_X67Y97         FDRE (Prop_fdre_C_Q)         0.379     4.925 r  u_wb/defaultClockArea_cpu/IntIssueQueuePlugin_queue_2_payload_rRegs_1_valid_reg/Q
                         net (fo=3, routed)           0.802     5.727    u_wb/defaultClockArea_cpu/IntIssueQueuePlugin_queue_2_payload_rRegs_1_valid_reg_n_0
    SLICE_X62Y107        LUT2 (Prop_lut2_I0_O)        0.105     5.832 r  u_wb/defaultClockArea_cpu/IntIssueQueuePlugin_queue_5_payload_uop_pc[31]_i_23/O
                         net (fo=5, routed)           0.389     6.221    u_wb/defaultClockArea_cpu/p_8192_in
    SLICE_X63Y107        LUT5 (Prop_lut5_I1_O)        0.105     6.326 r  u_wb/defaultClockArea_cpu/INT2_ISS_to_INT2_RRD_ISSUE_SLOT_uop_pc[31]_i_12/O
                         net (fo=2, routed)           0.493     6.820    u_wb/defaultClockArea_cpu/INT2_ISS_to_INT2_RRD_ISSUE_SLOT_uop_pc[31]_i_12_n_0
    SLICE_X65Y108        LUT6 (Prop_lut6_I5_O)        0.105     6.925 r  u_wb/defaultClockArea_cpu/INT2_ISS_to_INT2_RRD_ISSUE_SLOT_uop_pc[31]_i_8/O
                         net (fo=4, routed)           0.498     7.422    u_wb/defaultClockArea_cpu/INT2_ISS_to_INT2_RRD_ISSUE_SLOT_uop_pc[31]_i_8_n_0
    SLICE_X65Y106        LUT3 (Prop_lut3_I1_O)        0.105     7.527 f  u_wb/defaultClockArea_cpu/IntIssueQueuePlugin_queue_4_payload_uop_pc[31]_i_12/O
                         net (fo=11, routed)          0.710     8.238    u_wb/defaultClockArea_cpu/IntIssueQueuePlugin_queue_4_payload_uop_pc[31]_i_12_n_0
    SLICE_X64Y107        LUT6 (Prop_lut6_I5_O)        0.105     8.343 f  u_wb/defaultClockArea_cpu/IntIssueQueuePlugin_queue_5_payload_uop_pc[31]_i_16/O
                         net (fo=7, routed)           0.600     8.943    u_wb/defaultClockArea_cpu/IntIssueQueuePlugin_queue_5_payload_uop_pc[31]_i_16_n_0
    SLICE_X65Y105        LUT5 (Prop_lut5_I4_O)        0.105     9.048 f  u_wb/defaultClockArea_cpu/INT0_ISS_to_INT0_RRD_ISSUE_SLOT_robIdx[4]_i_8/O
                         net (fo=3, routed)           0.358     9.406    u_wb/defaultClockArea_cpu/INT0_ISS_to_INT0_RRD_ISSUE_SLOT_robIdx[4]_i_8_n_0
    SLICE_X65Y103        LUT6 (Prop_lut6_I3_O)        0.105     9.511 r  u_wb/defaultClockArea_cpu/INT0_ISS_to_INT0_RRD_ISSUE_SLOT_robIdx[4]_i_7/O
                         net (fo=142, routed)         0.659    10.169    u_wb/defaultClockArea_cpu/_zz_INT0_ISS_IntExecutePlugin_issSlot_rRegs_0_valid_3[1]
    SLICE_X70Y104        LUT6 (Prop_lut6_I3_O)        0.105    10.274 r  u_wb/defaultClockArea_cpu/INT0_ISS_to_INT0_RRD_ISSUE_SLOT_wReg[4]_i_2/O
                         net (fo=1, routed)           0.607    10.882    u_wb/defaultClockArea_cpu/INT0_ISS_to_INT0_RRD_ISSUE_SLOT_wReg[4]_i_2_n_0
    SLICE_X68Y102        LUT6 (Prop_lut6_I1_O)        0.105    10.987 r  u_wb/defaultClockArea_cpu/INT0_ISS_to_INT0_RRD_ISSUE_SLOT_wReg[4]_i_1/O
                         net (fo=17, routed)          0.761    11.748    u_wb/defaultClockArea_cpu/_zz_INT0_ISS_IntExecutePlugin_issSlot_wReg[4]
    SLICE_X71Y103        LUT6 (Prop_lut6_I2_O)        0.105    11.853 f  u_wb/defaultClockArea_cpu/IntIssueQueuePlugin_queue_6_payload_rRegs_0_valid_i_24/O
                         net (fo=1, routed)           0.257    12.110    u_wb/defaultClockArea_cpu/IntIssueQueuePlugin_queue_6_payload_rRegs_0_valid_i_24_n_0
    SLICE_X68Y103        LUT4 (Prop_lut4_I3_O)        0.105    12.215 r  u_wb/defaultClockArea_cpu/IntIssueQueuePlugin_queue_6_payload_rRegs_0_valid_i_10/O
                         net (fo=1, routed)           0.708    12.923    u_wb/defaultClockArea_cpu/unsignedDivider_2/IntIssueQueuePlugin_queue_6_payload_rRegs_0_valid_reg_0
    SLICE_X65Y102        LUT5 (Prop_lut5_I1_O)        0.105    13.028 f  u_wb/defaultClockArea_cpu/unsignedDivider_2/IntIssueQueuePlugin_queue_6_payload_rRegs_0_valid_i_5/O
                         net (fo=2, routed)           0.474    13.501    u_wb/defaultClockArea_cpu/unsignedDivider_2/IntIssueQueuePlugin_queue_6_payload_rRegs_0_valid_i_5_n_0
    SLICE_X64Y101        LUT6 (Prop_lut6_I5_O)        0.105    13.606 r  u_wb/defaultClockArea_cpu/unsignedDivider_2/IntIssueQueuePlugin_queue_6_payload_rRegs_0_valid_i_1/O
                         net (fo=3, routed)           0.329    13.935    u_wb/defaultClockArea_cpu/unsignedDivider_2/RENAME_to_DISPATCH_PUSH_INDEXES_2_payload_reg[1]_0
    SLICE_X65Y100        LUT4 (Prop_lut4_I2_O)        0.105    14.040 r  u_wb/defaultClockArea_cpu/unsignedDivider_2/IntIssueQueuePlugin_queue_5_payload_rRegs_0_valid_i_1/O
                         net (fo=1, routed)           0.000    14.040    u_wb/defaultClockArea_cpu/unsignedDivider_2_n_2
    SLICE_X65Y100        FDRE                                         r  u_wb/defaultClockArea_cpu/IntIssueQueuePlugin_queue_5_payload_rRegs_0_valid_reg/D
  -------------------------------------------------------------------    -------------------

                         (clock aclk rise edge)      10.000    10.000 r  
    L22                                               0.000    10.000 r  aclk (IN)
                         net (fo=0)                   0.000    10.000    aclk
    L22                  IBUF (Prop_ibuf_I_O)         0.762    10.762 r  aclk_IBUF_inst/O
                         net (fo=1, routed)           1.734    12.496    aclk_IBUF
    BUFGCTRL_X0Y1        BUFG (Prop_bufg_I_O)         0.077    12.573 r  aclk_IBUF_BUFG_inst_replica/O
                         net (fo=3, routed)           0.112    12.685    aclk_IBUF_BUFG_repN
    BUFGCTRL_X0Y0        BUFG (Prop_bufg_I_O)         0.077    12.762 r  aclk_IBUF_BUFG_inst/O
                         net (fo=17751, routed)       1.294    14.056    u_wb/defaultClockArea_cpu/aclk_IBUF_BUFG
    SLICE_X65Y100        FDRE                                         r  u_wb/defaultClockArea_cpu/IntIssueQueuePlugin_queue_5_payload_rRegs_0_valid_reg/C
                         clock pessimism              0.244    14.299    
                         clock uncertainty           -0.035    14.264    
    SLICE_X65Y100        FDRE (Setup_fdre_C_D)        0.033    14.297    u_wb/defaultClockArea_cpu/IntIssueQueuePlugin_queue_5_payload_rRegs_0_valid_reg
  -------------------------------------------------------------------
                         required time                         14.297    
                         arrival time                         -14.040    
  -------------------------------------------------------------------
                         slack                                  0.257    

Slack (MET) :             0.261ns  (required time - arrival time)
  Source:                 u_wb/defaultClockArea_cpu/INT1_EXE_to_INT1_WB_WRITE_REG_payload_reg[5]/C
                            (rising edge-triggered cell FDRE clocked by aclk  {rise@0.000ns fall@5.000ns period=10.000ns})
  Destination:            u_wb/defaultClockArea_cpu/INT2_EXE_to_INT2_WB_EXE_RESULT_reg[20]/D
                            (rising edge-triggered cell FDRE clocked by aclk  {rise@0.000ns fall@5.000ns period=10.000ns})
  Path Group:             aclk
  Path Type:              Setup (Max at Slow Process Corner)
  Requirement:            10.000ns  (aclk rise@10.000ns - aclk rise@0.000ns)
  Data Path Delay:        9.561ns  (logic 1.699ns (17.771%)  route 7.862ns (82.229%))
  Logic Levels:           9  (LUT2=1 LUT3=1 LUT4=1 LUT5=1 LUT6=5)
  Clock Path Skew:        -0.080ns (DCD - SCD + CPR)
    Destination Clock Delay (DCD):    4.057ns = ( 14.057 - 10.000 ) 
    Source Clock Delay      (SCD):    4.380ns
    Clock Pessimism Removal (CPR):    0.244ns
  Clock Uncertainty:      0.035ns  ((TSJ^2 + TIJ^2)^1/2 + DJ) / 2 + PE
    Total System Jitter     (TSJ):    0.071ns
    Total Input Jitter      (TIJ):    0.000ns
    Discrete Jitter          (DJ):    0.000ns
    Phase Error              (PE):    0.000ns

    Location             Delay type                Incr(ns)  Path(ns)    Netlist Resource(s)
  -------------------------------------------------------------------    -------------------
                         (clock aclk rise edge)       0.000     0.000 r  
    L22                                               0.000     0.000 r  aclk (IN)
                         net (fo=0)                   0.000     0.000    aclk
    L22                  IBUF (Prop_ibuf_I_O)         0.893     0.893 r  aclk_IBUF_inst/O
                         net (fo=1, routed)           1.827     2.720    aclk_IBUF
    BUFGCTRL_X0Y1        BUFG (Prop_bufg_I_O)         0.081     2.801 r  aclk_IBUF_BUFG_inst_replica/O
                         net (fo=3, routed)           0.118     2.919    aclk_IBUF_BUFG_repN
    BUFGCTRL_X0Y0        BUFG (Prop_bufg_I_O)         0.081     3.000 r  aclk_IBUF_BUFG_inst/O
                         net (fo=17751, routed)       1.381     4.380    u_wb/defaultClockArea_cpu/aclk_IBUF_BUFG
    SLICE_X89Y126        FDRE                                         r  u_wb/defaultClockArea_cpu/INT1_EXE_to_INT1_WB_WRITE_REG_payload_reg[5]/C
  -------------------------------------------------------------------    -------------------
    SLICE_X89Y126        FDRE (Prop_fdre_C_Q)         0.379     4.759 r  u_wb/defaultClockArea_cpu/INT1_EXE_to_INT1_WB_WRITE_REG_payload_reg[5]/Q
                         net (fo=18, routed)          1.573     6.332    u_wb/defaultClockArea_cpu/INT1_EXE_to_INT1_WB_WRITE_REG_payload[5]
    SLICE_X68Y131        LUT6 (Prop_lut6_I3_O)        0.105     6.437 r  u_wb/defaultClockArea_cpu/INT2_EXE_to_INT2_WB_EXE_RESULT[30]_i_28/O
                         net (fo=1, routed)           0.449     6.886    u_wb/defaultClockArea_cpu/INT2_EXE_to_INT2_WB_EXE_RESULT[30]_i_28_n_0
    SLICE_X67Y131        LUT4 (Prop_lut4_I2_O)        0.105     6.991 r  u_wb/defaultClockArea_cpu/INT2_EXE_to_INT2_WB_EXE_RESULT[30]_i_22/O
                         net (fo=33, routed)          0.681     7.672    u_wb/defaultClockArea_cpu/_zz_IntExecutePlugin_bypassRsp_1_payload_7[0]
    SLICE_X66Y131        LUT6 (Prop_lut6_I0_O)        0.105     7.777 r  u_wb/defaultClockArea_cpu/INT2_EXE_to_INT2_WB_EXE_RESULT[30]_i_15/O
                         net (fo=31, routed)          0.895     8.672    u_wb/defaultClockArea_cpu/when_BypassNetworkPlugin_l36_1
    SLICE_X59Y131        LUT5 (Prop_lut5_I1_O)        0.105     8.777 f  u_wb/defaultClockArea_cpu/INT2_EXE_to_INT2_WB_EXE_RESULT[30]_i_17/O
                         net (fo=67, routed)          1.069     9.846    u_wb/defaultClockArea_cpu/INT2_EXE_IntExecutePlugin_alu_io_sa[3]
    SLICE_X42Y129        LUT2 (Prop_lut2_I0_O)        0.126     9.972 r  u_wb/defaultClockArea_cpu/INT2_EXE_to_INT2_WB_EXE_RESULT[31]_i_36/O
                         net (fo=55, routed)          0.997    10.969    u_wb/defaultClockArea_cpu/INT2_EXE_to_INT2_WB_EXE_RESULT[31]_i_36_n_0
    SLICE_X38Y130        LUT6 (Prop_lut6_I3_O)        0.283    11.252 r  u_wb/defaultClockArea_cpu/INT2_EXE_to_INT2_WB_EXE_RESULT[20]_i_12/O
                         net (fo=2, routed)           0.787    12.039    u_wb/defaultClockArea_cpu/INT2_EXE_to_INT2_WB_EXE_RESULT[20]_i_12_n_0
    SLICE_X41Y131        LUT3 (Prop_lut3_I0_O)        0.119    12.158 r  u_wb/defaultClockArea_cpu/INT2_EXE_to_INT2_WB_EXE_RESULT[20]_i_7/O
                         net (fo=2, routed)           0.493    12.651    u_wb/defaultClockArea_cpu/INT2_EXE_to_INT2_WB_EXE_RESULT[20]_i_7_n_0
    SLICE_X40Y133        LUT6 (Prop_lut6_I0_O)        0.267    12.918 r  u_wb/defaultClockArea_cpu/INT2_EXE_to_INT2_WB_EXE_RESULT[20]_i_4/O
                         net (fo=1, routed)           0.604    13.522    u_wb/defaultClockArea_cpu/INT2_EXE_to_INT2_WB_EXE_RESULT[20]_i_4_n_0
    SLICE_X46Y132        LUT6 (Prop_lut6_I5_O)        0.105    13.627 r  u_wb/defaultClockArea_cpu/INT2_EXE_to_INT2_WB_EXE_RESULT[20]_i_1/O
                         net (fo=1, routed)           0.314    13.941    u_wb/defaultClockArea_cpu/INT2_EXE_to_INT2_WB_EXE_RESULT[20]_i_1_n_0
    SLICE_X49Y132        FDRE                                         r  u_wb/defaultClockArea_cpu/INT2_EXE_to_INT2_WB_EXE_RESULT_reg[20]/D
  -------------------------------------------------------------------    -------------------

                         (clock aclk rise edge)      10.000    10.000 r  
    L22                                               0.000    10.000 r  aclk (IN)
                         net (fo=0)                   0.000    10.000    aclk
    L22                  IBUF (Prop_ibuf_I_O)         0.762    10.762 r  aclk_IBUF_inst/O
                         net (fo=1, routed)           1.734    12.496    aclk_IBUF
    BUFGCTRL_X0Y1        BUFG (Prop_bufg_I_O)         0.077    12.573 r  aclk_IBUF_BUFG_inst_replica/O
                         net (fo=3, routed)           0.112    12.685    aclk_IBUF_BUFG_repN
    BUFGCTRL_X0Y0        BUFG (Prop_bufg_I_O)         0.077    12.762 r  aclk_IBUF_BUFG_inst/O
                         net (fo=17751, routed)       1.295    14.057    u_wb/defaultClockArea_cpu/aclk_IBUF_BUFG
    SLICE_X49Y132        FDRE                                         r  u_wb/defaultClockArea_cpu/INT2_EXE_to_INT2_WB_EXE_RESULT_reg[20]/C
                         clock pessimism              0.244    14.300    
                         clock uncertainty           -0.035    14.265    
    SLICE_X49Y132        FDRE (Setup_fdre_C_D)       -0.063    14.202    u_wb/defaultClockArea_cpu/INT2_EXE_to_INT2_WB_EXE_RESULT_reg[20]
  -------------------------------------------------------------------
                         required time                         14.202    
                         arrival time                         -13.941    
  -------------------------------------------------------------------
                         slack                                  0.261    

Slack (MET) :             0.283ns  (required time - arrival time)
  Source:                 u_wb/defaultClockArea_cpu/IntIssueQueuePlugin_queue_0_payload_rRegs_0_valid_reg/C
                            (rising edge-triggered cell FDRE clocked by aclk  {rise@0.000ns fall@5.000ns period=10.000ns})
  Destination:            u_wb/defaultClockArea_cpu/IntIssueQueuePlugin_queue_3_payload_rRegs_1_valid_reg/D
                            (rising edge-triggered cell FDRE clocked by aclk  {rise@0.000ns fall@5.000ns period=10.000ns})
  Path Group:             aclk
  Path Type:              Setup (Max at Slow Process Corner)
  Requirement:            10.000ns  (aclk rise@10.000ns - aclk rise@0.000ns)
  Data Path Delay:        9.743ns  (logic 2.062ns (21.163%)  route 7.681ns (78.837%))
  Logic Levels:           14  (LUT2=2 LUT3=3 LUT4=2 LUT5=2 LUT6=5)
  Clock Path Skew:        0.030ns (DCD - SCD + CPR)
    Destination Clock Delay (DCD):    4.191ns = ( 14.191 - 10.000 ) 
    Source Clock Delay      (SCD):    4.404ns
    Clock Pessimism Removal (CPR):    0.244ns
  Clock Uncertainty:      0.035ns  ((TSJ^2 + TIJ^2)^1/2 + DJ) / 2 + PE
    Total System Jitter     (TSJ):    0.071ns
    Total Input Jitter      (TIJ):    0.000ns
    Discrete Jitter          (DJ):    0.000ns
    Phase Error              (PE):    0.000ns

    Location             Delay type                Incr(ns)  Path(ns)    Netlist Resource(s)
  -------------------------------------------------------------------    -------------------
                         (clock aclk rise edge)       0.000     0.000 r  
    L22                                               0.000     0.000 r  aclk (IN)
                         net (fo=0)                   0.000     0.000    aclk
    L22                  IBUF (Prop_ibuf_I_O)         0.893     0.893 r  aclk_IBUF_inst/O
                         net (fo=1, routed)           1.827     2.720    aclk_IBUF
    BUFGCTRL_X0Y1        BUFG (Prop_bufg_I_O)         0.081     2.801 r  aclk_IBUF_BUFG_inst_replica/O
                         net (fo=3, routed)           0.118     2.919    aclk_IBUF_BUFG_repN
    BUFGCTRL_X0Y0        BUFG (Prop_bufg_I_O)         0.081     3.000 r  aclk_IBUF_BUFG_inst/O
                         net (fo=17751, routed)       1.405     4.404    u_wb/defaultClockArea_cpu/aclk_IBUF_BUFG
    SLICE_X64Y103        FDRE                                         r  u_wb/defaultClockArea_cpu/IntIssueQueuePlugin_queue_0_payload_rRegs_0_valid_reg/C
  -------------------------------------------------------------------    -------------------
    SLICE_X64Y103        FDRE (Prop_fdre_C_Q)         0.433     4.837 r  u_wb/defaultClockArea_cpu/IntIssueQueuePlugin_queue_0_payload_rRegs_0_valid_reg/Q
                         net (fo=2, routed)           0.506     5.343    u_wb/defaultClockArea_cpu/IntIssueQueuePlugin_queue_0_payload_rRegs_0_valid_reg_n_0
    SLICE_X66Y101        LUT2 (Prop_lut2_I0_O)        0.105     5.448 r  u_wb/defaultClockArea_cpu/IntIssueQueuePlugin_queue_0_payload_uop_pc[31]_i_9/O
                         net (fo=15, routed)          0.445     5.893    u_wb/defaultClockArea_cpu/p_8186_in
    SLICE_X67Y107        LUT2 (Prop_lut2_I1_O)        0.105     5.998 f  u_wb/defaultClockArea_cpu/IntIssueQueuePlugin_queue_0_payload_uop_pc[31]_i_20/O
                         net (fo=6, routed)           0.628     6.626    u_wb/defaultClockArea_cpu/IntIssueQueuePlugin_queue_0_payload_uop_pc[31]_i_20_n_0
    SLICE_X65Y107        LUT6 (Prop_lut6_I0_O)        0.105     6.731 r  u_wb/defaultClockArea_cpu/INT2_RRD_arbitration_isValid_i_5/O
                         net (fo=7, routed)           0.507     7.238    u_wb/defaultClockArea_cpu/INT2_RRD_arbitration_isValid_i_5_n_0
    SLICE_X63Y107        LUT3 (Prop_lut3_I1_O)        0.105     7.343 r  u_wb/defaultClockArea_cpu/INT2_ISS_to_INT2_RRD_ISSUE_SLOT_uop_useRj_i_6/O
                         net (fo=4, routed)           0.416     7.758    u_wb/defaultClockArea_cpu/INT2_ISS_to_INT2_RRD_ISSUE_SLOT_uop_useRj_i_6_n_0
    SLICE_X62Y105        LUT6 (Prop_lut6_I5_O)        0.105     7.863 f  u_wb/defaultClockArea_cpu/INT2_ISS_to_INT2_RRD_ISSUE_SLOT_uop_useRj_i_5/O
                         net (fo=4, routed)           0.631     8.495    u_wb/defaultClockArea_cpu/INT2_ISS_to_INT2_RRD_ISSUE_SLOT_uop_useRj_i_5_n_0
    SLICE_X66Y105        LUT3 (Prop_lut3_I1_O)        0.105     8.600 r  u_wb/defaultClockArea_cpu/INT2_ISS_to_INT2_RRD_ISSUE_SLOT_uop_pc[31]_i_5/O
                         net (fo=91, routed)          0.752     9.352    u_wb/defaultClockArea_cpu/INT2_ISS_to_INT2_RRD_ISSUE_SLOT_uop_pc[31]_i_5_n_0
    SLICE_X66Y106        LUT4 (Prop_lut4_I0_O)        0.264     9.616 r  u_wb/defaultClockArea_cpu/INT2_ISS_to_INT2_RRD_ISSUE_SLOT_wReg[5]_i_3/O
                         net (fo=43, routed)          0.786    10.402    u_wb/defaultClockArea_cpu/INT2_ISS_to_INT2_RRD_ISSUE_SLOT_wReg[5]_i_3_n_0
    SLICE_X74Y104        LUT6 (Prop_lut6_I4_O)        0.105    10.507 r  u_wb/defaultClockArea_cpu/INT2_ISS_to_INT2_RRD_ISSUE_SLOT_wReg[5]_i_1/O
                         net (fo=16, routed)          0.833    11.341    u_wb/defaultClockArea_cpu/_zz_INT2_ISS_IntExecutePlugin_issSlot_wReg[5]
    SLICE_X73Y99         LUT4 (Prop_lut4_I3_O)        0.105    11.446 f  u_wb/defaultClockArea_cpu/IntIssueQueuePlugin_queue_1_payload_rRegs_1_valid_i_67/O
                         net (fo=1, routed)           0.475    11.921    u_wb/defaultClockArea_cpu/IntIssueQueuePlugin_queue_1_payload_rRegs_1_valid_i_67_n_0
    SLICE_X68Y100        LUT5 (Prop_lut5_I0_O)        0.105    12.026 f  u_wb/defaultClockArea_cpu/IntIssueQueuePlugin_queue_1_payload_rRegs_1_valid_i_29/O
                         net (fo=1, routed)           0.575    12.601    u_wb/defaultClockArea_cpu/unsignedDivider_2/IntIssueQueuePlugin_queue_1_payload_rRegs_1_valid_i_5_0
    SLICE_X69Y98         LUT6 (Prop_lut6_I0_O)        0.105    12.706 f  u_wb/defaultClockArea_cpu/unsignedDivider_2/IntIssueQueuePlugin_queue_1_payload_rRegs_1_valid_i_13/O
                         net (fo=2, routed)           0.464    13.170    u_wb/defaultClockArea_cpu/unsignedDivider_2/IntIssueQueuePlugin_queue_1_payload_rRegs_1_valid_i_13_n_0
    SLICE_X68Y97         LUT6 (Prop_lut6_I1_O)        0.105    13.275 f  u_wb/defaultClockArea_cpu/unsignedDivider_2/IntIssueQueuePlugin_queue_1_payload_rRegs_1_valid_i_5/O
                         net (fo=3, routed)           0.344    13.620    u_wb/defaultClockArea_cpu/unsignedDivider_2/IntIssueQueuePlugin_queue_1_payload_rRegs_1_valid_i_5_n_0
    SLICE_X68Y98         LUT5 (Prop_lut5_I4_O)        0.105    13.725 r  u_wb/defaultClockArea_cpu/unsignedDivider_2/IntIssueQueuePlugin_queue_3_payload_rRegs_1_valid_i_2/O
                         net (fo=1, routed)           0.318    14.043    u_wb/defaultClockArea_cpu/unsignedDivider_2/IntIssueQueuePlugin_queue_3_payload_rRegs_1_valid_i_2_n_0
    SLICE_X67Y98         LUT3 (Prop_lut3_I2_O)        0.105    14.148 r  u_wb/defaultClockArea_cpu/unsignedDivider_2/IntIssueQueuePlugin_queue_3_payload_rRegs_1_valid_i_1/O
                         net (fo=1, routed)           0.000    14.148    u_wb/defaultClockArea_cpu/unsignedDivider_2_n_180
    SLICE_X67Y98         FDRE                                         r  u_wb/defaultClockArea_cpu/IntIssueQueuePlugin_queue_3_payload_rRegs_1_valid_reg/D
  -------------------------------------------------------------------    -------------------

                         (clock aclk rise edge)      10.000    10.000 r  
    L22                                               0.000    10.000 r  aclk (IN)
                         net (fo=0)                   0.000    10.000    aclk
    L22                  IBUF (Prop_ibuf_I_O)         0.762    10.762 r  aclk_IBUF_inst/O
                         net (fo=1, routed)           1.734    12.496    aclk_IBUF
    BUFGCTRL_X0Y1        BUFG (Prop_bufg_I_O)         0.077    12.573 r  aclk_IBUF_BUFG_inst_replica/O
                         net (fo=3, routed)           0.112    12.685    aclk_IBUF_BUFG_repN
    BUFGCTRL_X0Y0        BUFG (Prop_bufg_I_O)         0.077    12.762 r  aclk_IBUF_BUFG_inst/O
                         net (fo=17751, routed)       1.429    14.191    u_wb/defaultClockArea_cpu/aclk_IBUF_BUFG
    SLICE_X67Y98         FDRE                                         r  u_wb/defaultClockArea_cpu/IntIssueQueuePlugin_queue_3_payload_rRegs_1_valid_reg/C
                         clock pessimism              0.244    14.435    
                         clock uncertainty           -0.035    14.399    
    SLICE_X67Y98         FDRE (Setup_fdre_C_D)        0.032    14.431    u_wb/defaultClockArea_cpu/IntIssueQueuePlugin_queue_3_payload_rRegs_1_valid_reg
  -------------------------------------------------------------------
                         required time                         14.431    
                         arrival time                         -14.148    
  -------------------------------------------------------------------
                         slack                                  0.283    

Slack (MET) :             0.285ns  (required time - arrival time)
  Source:                 u_wb/defaultClockArea_cpu/INT1_EXE_to_INT1_WB_WRITE_REG_payload_reg[5]/C
                            (rising edge-triggered cell FDRE clocked by aclk  {rise@0.000ns fall@5.000ns period=10.000ns})
  Destination:            u_wb/defaultClockArea_cpu/INT2_EXE_to_INT2_WB_EXE_RESULT_reg[18]/D
                            (rising edge-triggered cell FDRE clocked by aclk  {rise@0.000ns fall@5.000ns period=10.000ns})
  Path Group:             aclk
  Path Type:              Setup (Max at Slow Process Corner)
  Requirement:            10.000ns  (aclk rise@10.000ns - aclk rise@0.000ns)
  Data Path Delay:        9.517ns  (logic 1.523ns (16.003%)  route 7.994ns (83.997%))
  Logic Levels:           9  (LUT2=1 LUT4=1 LUT5=2 LUT6=5)
  Clock Path Skew:        -0.082ns (DCD - SCD + CPR)
    Destination Clock Delay (DCD):    4.055ns = ( 14.055 - 10.000 ) 
    Source Clock Delay      (SCD):    4.380ns
    Clock Pessimism Removal (CPR):    0.244ns
  Clock Uncertainty:      0.035ns  ((TSJ^2 + TIJ^2)^1/2 + DJ) / 2 + PE
    Total System Jitter     (TSJ):    0.071ns
    Total Input Jitter      (TIJ):    0.000ns
    Discrete Jitter          (DJ):    0.000ns
    Phase Error              (PE):    0.000ns

    Location             Delay type                Incr(ns)  Path(ns)    Netlist Resource(s)
  -------------------------------------------------------------------    -------------------
                         (clock aclk rise edge)       0.000     0.000 r  
    L22                                               0.000     0.000 r  aclk (IN)
                         net (fo=0)                   0.000     0.000    aclk
    L22                  IBUF (Prop_ibuf_I_O)         0.893     0.893 r  aclk_IBUF_inst/O
                         net (fo=1, routed)           1.827     2.720    aclk_IBUF
    BUFGCTRL_X0Y1        BUFG (Prop_bufg_I_O)         0.081     2.801 r  aclk_IBUF_BUFG_inst_replica/O
                         net (fo=3, routed)           0.118     2.919    aclk_IBUF_BUFG_repN
    BUFGCTRL_X0Y0        BUFG (Prop_bufg_I_O)         0.081     3.000 r  aclk_IBUF_BUFG_inst/O
                         net (fo=17751, routed)       1.381     4.380    u_wb/defaultClockArea_cpu/aclk_IBUF_BUFG
    SLICE_X89Y126        FDRE                                         r  u_wb/defaultClockArea_cpu/INT1_EXE_to_INT1_WB_WRITE_REG_payload_reg[5]/C
  -------------------------------------------------------------------    -------------------
    SLICE_X89Y126        FDRE (Prop_fdre_C_Q)         0.379     4.759 r  u_wb/defaultClockArea_cpu/INT1_EXE_to_INT1_WB_WRITE_REG_payload_reg[5]/Q
                         net (fo=18, routed)          1.573     6.332    u_wb/defaultClockArea_cpu/INT1_EXE_to_INT1_WB_WRITE_REG_payload[5]
    SLICE_X68Y131        LUT6 (Prop_lut6_I3_O)        0.105     6.437 r  u_wb/defaultClockArea_cpu/INT2_EXE_to_INT2_WB_EXE_RESULT[30]_i_28/O
                         net (fo=1, routed)           0.449     6.886    u_wb/defaultClockArea_cpu/INT2_EXE_to_INT2_WB_EXE_RESULT[30]_i_28_n_0
    SLICE_X67Y131        LUT4 (Prop_lut4_I2_O)        0.105     6.991 r  u_wb/defaultClockArea_cpu/INT2_EXE_to_INT2_WB_EXE_RESULT[30]_i_22/O
                         net (fo=33, routed)          0.681     7.672    u_wb/defaultClockArea_cpu/_zz_IntExecutePlugin_bypassRsp_1_payload_7[0]
    SLICE_X66Y131        LUT6 (Prop_lut6_I0_O)        0.105     7.777 r  u_wb/defaultClockArea_cpu/INT2_EXE_to_INT2_WB_EXE_RESULT[30]_i_15/O
                         net (fo=31, routed)          0.895     8.672    u_wb/defaultClockArea_cpu/when_BypassNetworkPlugin_l36_1
    SLICE_X59Y131        LUT5 (Prop_lut5_I1_O)        0.105     8.777 f  u_wb/defaultClockArea_cpu/INT2_EXE_to_INT2_WB_EXE_RESULT[30]_i_17/O
                         net (fo=67, routed)          1.069     9.846    u_wb/defaultClockArea_cpu/INT2_EXE_IntExecutePlugin_alu_io_sa[3]
    SLICE_X42Y129        LUT2 (Prop_lut2_I0_O)        0.126     9.972 r  u_wb/defaultClockArea_cpu/INT2_EXE_to_INT2_WB_EXE_RESULT[31]_i_36/O
                         net (fo=55, routed)          1.203    11.175    u_wb/defaultClockArea_cpu/INT2_EXE_to_INT2_WB_EXE_RESULT[31]_i_36_n_0
    SLICE_X40Y132        LUT6 (Prop_lut6_I5_O)        0.283    11.458 r  u_wb/defaultClockArea_cpu/INT2_EXE_to_INT2_WB_EXE_RESULT[21]_i_13/O
                         net (fo=2, routed)           0.382    11.840    u_wb/defaultClockArea_cpu/INT2_EXE_to_INT2_WB_EXE_RESULT[21]_i_13_n_0
    SLICE_X40Y132        LUT5 (Prop_lut5_I0_O)        0.105    11.945 r  u_wb/defaultClockArea_cpu/INT2_EXE_to_INT2_WB_EXE_RESULT[19]_i_10/O
                         net (fo=2, routed)           0.618    12.563    u_wb/defaultClockArea_cpu/INT2_EXE_to_INT2_WB_EXE_RESULT[19]_i_10_n_0
    SLICE_X40Y131        LUT6 (Prop_lut6_I1_O)        0.105    12.668 r  u_wb/defaultClockArea_cpu/INT2_EXE_to_INT2_WB_EXE_RESULT[18]_i_4/O
                         net (fo=1, routed)           0.669    13.337    u_wb/defaultClockArea_cpu/INT2_EXE_to_INT2_WB_EXE_RESULT[18]_i_4_n_0
    SLICE_X46Y130        LUT6 (Prop_lut6_I5_O)        0.105    13.442 r  u_wb/defaultClockArea_cpu/INT2_EXE_to_INT2_WB_EXE_RESULT[18]_i_1/O
                         net (fo=1, routed)           0.455    13.897    u_wb/defaultClockArea_cpu/INT2_EXE_to_INT2_WB_EXE_RESULT[18]_i_1_n_0
    SLICE_X49Y130        FDRE                                         r  u_wb/defaultClockArea_cpu/INT2_EXE_to_INT2_WB_EXE_RESULT_reg[18]/D
  -------------------------------------------------------------------    -------------------

                         (clock aclk rise edge)      10.000    10.000 r  
    L22                                               0.000    10.000 r  aclk (IN)
                         net (fo=0)                   0.000    10.000    aclk
    L22                  IBUF (Prop_ibuf_I_O)         0.762    10.762 r  aclk_IBUF_inst/O
                         net (fo=1, routed)           1.734    12.496    aclk_IBUF
    BUFGCTRL_X0Y1        BUFG (Prop_bufg_I_O)         0.077    12.573 r  aclk_IBUF_BUFG_inst_replica/O
                         net (fo=3, routed)           0.112    12.685    aclk_IBUF_BUFG_repN
    BUFGCTRL_X0Y0        BUFG (Prop_bufg_I_O)         0.077    12.762 r  aclk_IBUF_BUFG_inst/O
                         net (fo=17751, routed)       1.293    14.055    u_wb/defaultClockArea_cpu/aclk_IBUF_BUFG
    SLICE_X49Y130        FDRE                                         r  u_wb/defaultClockArea_cpu/INT2_EXE_to_INT2_WB_EXE_RESULT_reg[18]/C
                         clock pessimism              0.244    14.298    
                         clock uncertainty           -0.035    14.263    
    SLICE_X49Y130        FDRE (Setup_fdre_C_D)       -0.081    14.182    u_wb/defaultClockArea_cpu/INT2_EXE_to_INT2_WB_EXE_RESULT_reg[18]
  -------------------------------------------------------------------
                         required time                         14.182    
                         arrival time                         -13.897    
  -------------------------------------------------------------------
                         slack                                  0.285    

Slack (MET) :             0.297ns  (required time - arrival time)
  Source:                 u_wb/defaultClockArea_cpu/MULDIV_RRD_to_MULDIV_EXE_REG_READ_RSP_1_reg[0]/C
                            (rising edge-triggered cell FDRE clocked by aclk  {rise@0.000ns fall@5.000ns period=10.000ns})
  Destination:            u_wb/defaultClockArea_cpu/IntIssueQueuePlugin_queue_3_payload_rRegs_0_valid_reg/D
                            (rising edge-triggered cell FDRE clocked by aclk  {rise@0.000ns fall@5.000ns period=10.000ns})
  Path Group:             aclk
  Path Type:              Setup (Max at Slow Process Corner)
  Requirement:            10.000ns  (aclk rise@10.000ns - aclk rise@0.000ns)
  Data Path Delay:        9.796ns  (logic 3.245ns (33.125%)  route 6.551ns (66.875%))
  Logic Levels:           20  (CARRY4=7 LUT3=2 LUT4=3 LUT5=4 LUT6=4)
  Clock Path Skew:        0.052ns (DCD - SCD + CPR)
    Destination Clock Delay (DCD):    4.193ns = ( 14.193 - 10.000 ) 
    Source Clock Delay      (SCD):    4.384ns
    Clock Pessimism Removal (CPR):    0.244ns
  Clock Uncertainty:      0.035ns  ((TSJ^2 + TIJ^2)^1/2 + DJ) / 2 + PE
    Total System Jitter     (TSJ):    0.071ns
    Total Input Jitter      (TIJ):    0.000ns
    Discrete Jitter          (DJ):    0.000ns
    Phase Error              (PE):    0.000ns

    Location             Delay type                Incr(ns)  Path(ns)    Netlist Resource(s)
  -------------------------------------------------------------------    -------------------
                         (clock aclk rise edge)       0.000     0.000 r  
    L22                                               0.000     0.000 r  aclk (IN)
                         net (fo=0)                   0.000     0.000    aclk
    L22                  IBUF (Prop_ibuf_I_O)         0.893     0.893 r  aclk_IBUF_inst/O
                         net (fo=1, routed)           1.827     2.720    aclk_IBUF
    BUFGCTRL_X0Y1        BUFG (Prop_bufg_I_O)         0.081     2.801 r  aclk_IBUF_BUFG_inst_replica/O
                         net (fo=3, routed)           0.118     2.919    aclk_IBUF_BUFG_repN
    BUFGCTRL_X0Y0        BUFG (Prop_bufg_I_O)         0.081     3.000 r  aclk_IBUF_BUFG_inst/O
                         net (fo=17751, routed)       1.385     4.384    u_wb/defaultClockArea_cpu/aclk_IBUF_BUFG
    SLICE_X76Y117        FDRE                                         r  u_wb/defaultClockArea_cpu/MULDIV_RRD_to_MULDIV_EXE_REG_READ_RSP_1_reg[0]/C
  -------------------------------------------------------------------    -------------------
    SLICE_X76Y117        FDRE (Prop_fdre_C_Q)         0.433     4.817 r  u_wb/defaultClockArea_cpu/MULDIV_RRD_to_MULDIV_EXE_REG_READ_RSP_1_reg[0]/Q
                         net (fo=1, routed)           0.523     5.340    u_wb/defaultClockArea_cpu/unsignedDivider_2/MULDIV_EXE_MulDivExecutePlugin_multiplier_i_16_0[0]
    SLICE_X75Y117        CARRY4 (Prop_carry4_S[0]_CO[3])
                                                      0.545     5.885 r  u_wb/defaultClockArea_cpu/unsignedDivider_2/MULDIV_EXE_MulDivExecutePlugin_multiplier_i_16/CO[3]
                         net (fo=1, routed)           0.000     5.885    u_wb/defaultClockArea_cpu/unsignedDivider_2/MULDIV_EXE_MulDivExecutePlugin_multiplier_i_16_n_0
    SLICE_X75Y118        CARRY4 (Prop_carry4_CI_CO[3])
                                                      0.098     5.983 r  u_wb/defaultClockArea_cpu/unsignedDivider_2/MULDIV_EXE_MulDivExecutePlugin_multiplier_i_15/CO[3]
                         net (fo=1, routed)           0.000     5.983    u_wb/defaultClockArea_cpu/unsignedDivider_2/MULDIV_EXE_MulDivExecutePlugin_multiplier_i_15_n_0
    SLICE_X75Y119        CARRY4 (Prop_carry4_CI_CO[3])
                                                      0.098     6.081 r  u_wb/defaultClockArea_cpu/unsignedDivider_2/MULDIV_EXE_MulDivExecutePlugin_multiplier_i_14/CO[3]
                         net (fo=1, routed)           0.000     6.081    u_wb/defaultClockArea_cpu/unsignedDivider_2/MULDIV_EXE_MulDivExecutePlugin_multiplier_i_14_n_0
    SLICE_X75Y120        CARRY4 (Prop_carry4_CI_CO[3])
                                                      0.098     6.179 r  u_wb/defaultClockArea_cpu/unsignedDivider_2/MULDIV_EXE_MulDivExecutePlugin_multiplier_i_13/CO[3]
                         net (fo=1, routed)           0.000     6.179    u_wb/defaultClockArea_cpu/unsignedDivider_2/MULDIV_EXE_MulDivExecutePlugin_multiplier_i_13_n_0
    SLICE_X75Y121        CARRY4 (Prop_carry4_CI_CO[3])
                                                      0.098     6.277 r  u_wb/defaultClockArea_cpu/unsignedDivider_2/MULDIV_EXE_MulDivExecutePlugin_multiplier_i_12/CO[3]
                         net (fo=1, routed)           0.000     6.277    u_wb/defaultClockArea_cpu/unsignedDivider_2/MULDIV_EXE_MulDivExecutePlugin_multiplier_i_12_n_0
    SLICE_X75Y122        CARRY4 (Prop_carry4_CI_CO[3])
                                                      0.098     6.375 r  u_wb/defaultClockArea_cpu/unsignedDivider_2/MULDIV_EXE_MulDivExecutePlugin_multiplier_i_11/CO[3]
                         net (fo=1, routed)           0.000     6.375    u_wb/defaultClockArea_cpu/unsignedDivider_2/MULDIV_EXE_MulDivExecutePlugin_multiplier_i_11_n_0
    SLICE_X75Y123        CARRY4 (Prop_carry4_CI_O[3])
                                                      0.260     6.635 f  u_wb/defaultClockArea_cpu/unsignedDivider_2/MULDIV_EXE_MulDivExecutePlugin_multiplier_i_10/O[3]
                         net (fo=4, routed)           0.604     7.239    u_wb/defaultClockArea_cpu/unsignedDivider_2/B[27]
    SLICE_X73Y123        LUT4 (Prop_lut4_I0_O)        0.257     7.496 r  u_wb/defaultClockArea_cpu/unsignedDivider_2/done_i_8/O
                         net (fo=1, routed)           0.231     7.727    u_wb/defaultClockArea_cpu/unsignedDivider_2/done_i_8_n_0
    SLICE_X72Y122        LUT5 (Prop_lut5_I4_O)        0.105     7.832 r  u_wb/defaultClockArea_cpu/unsignedDivider_2/done_i_4/O
                         net (fo=1, routed)           0.464     8.296    u_wb/defaultClockArea_cpu/unsignedDivider_2/done_i_4_n_0
    SLICE_X73Y120        LUT4 (Prop_lut4_I0_O)        0.105     8.401 r  u_wb/defaultClockArea_cpu/unsignedDivider_2/done_i_2/O
                         net (fo=66, routed)          0.295     8.697    u_wb/defaultClockArea_cpu/unsignedDivider_2/p_8715_in
    SLICE_X72Y118        LUT5 (Prop_lut5_I2_O)        0.105     8.802 r  u_wb/defaultClockArea_cpu/unsignedDivider_2/MulDivIssueQueuePlugin_queue_0_payload_robIdx[4]_i_4/O
                         net (fo=94, routed)          0.273     9.074    u_wb/defaultClockArea_cpu/unsignedDivider_2/waitRsp_reg_0[0]
    SLICE_X72Y117        LUT4 (Prop_lut4_I3_O)        0.105     9.179 r  u_wb/defaultClockArea_cpu/unsignedDivider_2/MemIssueQueuePlugin_queue_4_payload_rRegs_0_valid_i_14/O
                         net (fo=23, routed)          0.427     9.607    u_wb/defaultClockArea_cpu/unsignedDivider_2/MULDIV_EXE_MulDivExecutePlugin_wakeupCycle
    SLICE_X72Y117        LUT3 (Prop_lut3_I1_O)        0.105     9.712 r  u_wb/defaultClockArea_cpu/unsignedDivider_2/MemIssueQueuePlugin_queue_4_payload_rRegs_0_valid_i_8/O
                         net (fo=24, routed)          0.657    10.369    u_wb/defaultClockArea_cpu/unsignedDivider_2/MemIssueQueuePlugin_queue_4_payload_rRegs_0_valid_i_8_n_0
    SLICE_X64Y118        LUT6 (Prop_lut6_I2_O)        0.105    10.474 r  u_wb/defaultClockArea_cpu/unsignedDivider_2/IntIssueQueuePlugin_queue_6_payload_rRegs_0_valid_i_53/O
                         net (fo=1, routed)           0.872    11.346    u_wb/defaultClockArea_cpu/unsignedDivider_2/IntIssueQueuePlugin_queue_6_payload_rRegs_0_valid_i_53_n_0
    SLICE_X64Y99         LUT6 (Prop_lut6_I5_O)        0.105    11.451 r  u_wb/defaultClockArea_cpu/unsignedDivider_2/IntIssueQueuePlugin_queue_6_payload_rRegs_0_valid_i_20/O
                         net (fo=2, routed)           0.232    11.683    u_wb/defaultClockArea_cpu/unsignedDivider_2/IntIssueQueuePlugin_queue_6_payload_rRegs_0_valid_i_20_n_0
    SLICE_X65Y98         LUT5 (Prop_lut5_I3_O)        0.105    11.788 r  u_wb/defaultClockArea_cpu/unsignedDivider_2/IntIssueQueuePlugin_queue_6_payload_rRegs_0_valid_i_7/O
                         net (fo=8, routed)           0.481    12.270    u_wb/defaultClockArea_cpu/unsignedDivider_2/IntIssueQueuePlugin_queue_6_payload_rRegs_0_valid_i_7_n_0
    SLICE_X65Y98         LUT5 (Prop_lut5_I2_O)        0.105    12.375 r  u_wb/defaultClockArea_cpu/unsignedDivider_2/IntIssueQueuePlugin_queue_6_payload_rRegs_0_valid_i_8/O
                         net (fo=5, routed)           0.416    12.791    u_wb/defaultClockArea_cpu/unsignedDivider_2/IntIssueQueuePlugin_queue_6_payload_rRegs_0_valid_i_8_n_0
    SLICE_X65Y100        LUT3 (Prop_lut3_I2_O)        0.105    12.896 f  u_wb/defaultClockArea_cpu/unsignedDivider_2/IntIssueQueuePlugin_queue_2_payload_rRegs_0_valid_i_4/O
                         net (fo=2, routed)           0.597    13.493    u_wb/defaultClockArea_cpu/unsignedDivider_2/IntIssueQueuePlugin_queue_2_payload_rRegs_0_valid_i_4_n_0
    SLICE_X64Y97         LUT6 (Prop_lut6_I2_O)        0.105    13.598 r  u_wb/defaultClockArea_cpu/unsignedDivider_2/IntIssueQueuePlugin_queue_3_payload_rRegs_0_valid_i_2/O
                         net (fo=1, routed)           0.478    14.076    u_wb/defaultClockArea_cpu/unsignedDivider_2/IntIssueQueuePlugin_queue_3_payload_rRegs_0_valid_i_2_n_0
    SLICE_X64Y99         LUT6 (Prop_lut6_I0_O)        0.105    14.181 r  u_wb/defaultClockArea_cpu/unsignedDivider_2/IntIssueQueuePlugin_queue_3_payload_rRegs_0_valid_i_1/O
                         net (fo=1, routed)           0.000    14.181    u_wb/defaultClockArea_cpu/unsignedDivider_2_n_182
    SLICE_X64Y99         FDRE                                         r  u_wb/defaultClockArea_cpu/IntIssueQueuePlugin_queue_3_payload_rRegs_0_valid_reg/D
  -------------------------------------------------------------------    -------------------

                         (clock aclk rise edge)      10.000    10.000 r  
    L22                                               0.000    10.000 r  aclk (IN)
                         net (fo=0)                   0.000    10.000    aclk
    L22                  IBUF (Prop_ibuf_I_O)         0.762    10.762 r  aclk_IBUF_inst/O
                         net (fo=1, routed)           1.734    12.496    aclk_IBUF
    BUFGCTRL_X0Y1        BUFG (Prop_bufg_I_O)         0.077    12.573 r  aclk_IBUF_BUFG_inst_replica/O
                         net (fo=3, routed)           0.112    12.685    aclk_IBUF_BUFG_repN
    BUFGCTRL_X0Y0        BUFG (Prop_bufg_I_O)         0.077    12.762 r  aclk_IBUF_BUFG_inst/O
                         net (fo=17751, routed)       1.431    14.193    u_wb/defaultClockArea_cpu/aclk_IBUF_BUFG
    SLICE_X64Y99         FDRE                                         r  u_wb/defaultClockArea_cpu/IntIssueQueuePlugin_queue_3_payload_rRegs_0_valid_reg/C
                         clock pessimism              0.244    14.437    
                         clock uncertainty           -0.035    14.401    
    SLICE_X64Y99         FDRE (Setup_fdre_C_D)        0.076    14.477    u_wb/defaultClockArea_cpu/IntIssueQueuePlugin_queue_3_payload_rRegs_0_valid_reg
  -------------------------------------------------------------------
                         required time                         14.477    
                         arrival time                         -14.181    
  -------------------------------------------------------------------
                         slack                                  0.297    

Slack (MET) :             0.309ns  (required time - arrival time)
  Source:                 u_wb/defaultClockArea_cpu/INT1_EXE_to_INT1_WB_WRITE_REG_payload_reg[5]/C
                            (rising edge-triggered cell FDRE clocked by aclk  {rise@0.000ns fall@5.000ns period=10.000ns})
  Destination:            u_wb/defaultClockArea_cpu/INT1_EXE_to_INT1_WB_EXE_RESULT_reg[11]/D
                            (rising edge-triggered cell FDRE clocked by aclk  {rise@0.000ns fall@5.000ns period=10.000ns})
  Path Group:             aclk
  Path Type:              Setup (Max at Slow Process Corner)
  Requirement:            10.000ns  (aclk rise@10.000ns - aclk rise@0.000ns)
  Data Path Delay:        9.458ns  (logic 2.039ns (21.558%)  route 7.419ns (78.442%))
  Logic Levels:           11  (LUT2=1 LUT3=2 LUT4=1 LUT5=2 LUT6=5)
  Clock Path Skew:        -0.012ns (DCD - SCD + CPR)
    Destination Clock Delay (DCD):    4.065ns = ( 14.065 - 10.000 ) 
    Source Clock Delay      (SCD):    4.380ns
    Clock Pessimism Removal (CPR):    0.304ns
  Clock Uncertainty:      0.035ns  ((TSJ^2 + TIJ^2)^1/2 + DJ) / 2 + PE
    Total System Jitter     (TSJ):    0.071ns
    Total Input Jitter      (TIJ):    0.000ns
    Discrete Jitter          (DJ):    0.000ns
    Phase Error              (PE):    0.000ns

    Location             Delay type                Incr(ns)  Path(ns)    Netlist Resource(s)
  -------------------------------------------------------------------    -------------------
                         (clock aclk rise edge)       0.000     0.000 r  
    L22                                               0.000     0.000 r  aclk (IN)
                         net (fo=0)                   0.000     0.000    aclk
    L22                  IBUF (Prop_ibuf_I_O)         0.893     0.893 r  aclk_IBUF_inst/O
                         net (fo=1, routed)           1.827     2.720    aclk_IBUF
    BUFGCTRL_X0Y1        BUFG (Prop_bufg_I_O)         0.081     2.801 r  aclk_IBUF_BUFG_inst_replica/O
                         net (fo=3, routed)           0.118     2.919    aclk_IBUF_BUFG_repN
    BUFGCTRL_X0Y0        BUFG (Prop_bufg_I_O)         0.081     3.000 r  aclk_IBUF_BUFG_inst/O
                         net (fo=17751, routed)       1.381     4.380    u_wb/defaultClockArea_cpu/aclk_IBUF_BUFG
    SLICE_X89Y126        FDRE                                         r  u_wb/defaultClockArea_cpu/INT1_EXE_to_INT1_WB_WRITE_REG_payload_reg[5]/C
  -------------------------------------------------------------------    -------------------
    SLICE_X89Y126        FDRE (Prop_fdre_C_Q)         0.379     4.759 r  u_wb/defaultClockArea_cpu/INT1_EXE_to_INT1_WB_WRITE_REG_payload_reg[5]/Q
                         net (fo=18, routed)          0.860     5.619    u_wb/defaultClockArea_cpu/INT1_EXE_to_INT1_WB_WRITE_REG_payload[5]
    SLICE_X89Y127        LUT6 (Prop_lut6_I3_O)        0.105     5.724 r  u_wb/defaultClockArea_cpu/INT1_EXE_to_INT1_WB_EXE_RESULT[30]_i_30/O
                         net (fo=1, routed)           0.546     6.271    u_wb/defaultClockArea_cpu/INT1_EXE_to_INT1_WB_EXE_RESULT[30]_i_30_n_0
    SLICE_X89Y127        LUT4 (Prop_lut4_I2_O)        0.105     6.376 r  u_wb/defaultClockArea_cpu/INT1_EXE_to_INT1_WB_EXE_RESULT[30]_i_21/O
                         net (fo=33, routed)          0.517     6.892    u_wb/defaultClockArea_cpu/_zz_IntExecutePlugin_bypassRsp_1_payload_1_2[0]
    SLICE_X89Y125        LUT6 (Prop_lut6_I0_O)        0.105     6.997 r  u_wb/defaultClockArea_cpu/INT1_EXE_to_INT1_WB_EXE_RESULT[30]_i_17/O
                         net (fo=31, routed)          0.679     7.676    u_wb/defaultClockArea_cpu/when_BypassNetworkPlugin_l36_3
    SLICE_X93Y123        LUT5 (Prop_lut5_I1_O)        0.108     7.784 f  u_wb/defaultClockArea_cpu/INT1_EXE_to_INT1_WB_EXE_RESULT[30]_i_19/O
                         net (fo=67, routed)          1.008     8.793    u_wb/defaultClockArea_cpu/INT1_EXE_IntExecutePlugin_alu_io_sa[3]
    SLICE_X111Y122       LUT2 (Prop_lut2_I0_O)        0.269     9.062 r  u_wb/defaultClockArea_cpu/INT1_EXE_to_INT1_WB_EXE_RESULT[31]_i_24/O
                         net (fo=55, routed)          0.711     9.773    u_wb/defaultClockArea_cpu/INT1_EXE_to_INT1_WB_EXE_RESULT[31]_i_24_n_0
    SLICE_X107Y121       LUT6 (Prop_lut6_I5_O)        0.274    10.047 r  u_wb/defaultClockArea_cpu/INT1_EXE_to_INT1_WB_EXE_RESULT[12]_i_11/O
                         net (fo=2, routed)           0.681    10.728    u_wb/defaultClockArea_cpu/INT1_EXE_to_INT1_WB_EXE_RESULT[12]_i_11_n_0
    SLICE_X108Y121       LUT3 (Prop_lut3_I0_O)        0.115    10.843 r  u_wb/defaultClockArea_cpu/INT1_EXE_to_INT1_WB_EXE_RESULT[12]_i_7/O
                         net (fo=2, routed)           0.484    11.327    u_wb/defaultClockArea_cpu/INT1_EXE_to_INT1_WB_EXE_RESULT[12]_i_7_n_0
    SLICE_X105Y121       LUT6 (Prop_lut6_I4_O)        0.264    11.591 r  u_wb/defaultClockArea_cpu/INT1_EXE_to_INT1_WB_EXE_RESULT[11]_i_4/O
                         net (fo=1, routed)           0.780    12.371    u_wb/defaultClockArea_cpu/INT1_EXE_to_INT1_WB_EXE_RESULT[11]_i_4_n_0
    SLICE_X105Y105       LUT6 (Prop_lut6_I2_O)        0.105    12.476 r  u_wb/defaultClockArea_cpu/INT1_EXE_to_INT1_WB_EXE_RESULT[11]_i_3/O
                         net (fo=1, routed)           0.205    12.681    u_wb/defaultClockArea_cpu/INT1_EXE_IntExecutePlugin_alu_io_result[11]
    SLICE_X105Y105       LUT5 (Prop_lut5_I4_O)        0.105    12.786 r  u_wb/defaultClockArea_cpu/INT1_EXE_to_INT1_WB_EXE_RESULT[11]_i_2/O
                         net (fo=1, routed)           0.659    13.445    u_wb/defaultClockArea_cpu/INT1_EXE_to_INT1_WB_EXE_RESULT[11]_i_2_n_0
    SLICE_X100Y105       LUT3 (Prop_lut3_I2_O)        0.105    13.550 r  u_wb/defaultClockArea_cpu/INT1_EXE_to_INT1_WB_EXE_RESULT[11]_i_1/O
                         net (fo=1, routed)           0.289    13.838    u_wb/defaultClockArea_cpu/INT1_EXE_to_INT1_WB_EXE_RESULT[11]_i_1_n_0
    SLICE_X100Y105       FDRE                                         r  u_wb/defaultClockArea_cpu/INT1_EXE_to_INT1_WB_EXE_RESULT_reg[11]/D
  -------------------------------------------------------------------    -------------------

                         (clock aclk rise edge)      10.000    10.000 r  
    L22                                               0.000    10.000 r  aclk (IN)
                         net (fo=0)                   0.000    10.000    aclk
    L22                  IBUF (Prop_ibuf_I_O)         0.762    10.762 r  aclk_IBUF_inst/O
                         net (fo=1, routed)           1.734    12.496    aclk_IBUF
    BUFGCTRL_X0Y1        BUFG (Prop_bufg_I_O)         0.077    12.573 r  aclk_IBUF_BUFG_inst_replica/O
                         net (fo=3, routed)           0.112    12.685    aclk_IBUF_BUFG_repN
    BUFGCTRL_X0Y0        BUFG (Prop_bufg_I_O)         0.077    12.762 r  aclk_IBUF_BUFG_inst/O
                         net (fo=17751, routed)       1.303    14.065    u_wb/defaultClockArea_cpu/aclk_IBUF_BUFG
    SLICE_X100Y105       FDRE                                         r  u_wb/defaultClockArea_cpu/INT1_EXE_to_INT1_WB_EXE_RESULT_reg[11]/C
                         clock pessimism              0.304    14.368    
                         clock uncertainty           -0.035    14.333    
    SLICE_X100Y105       FDRE (Setup_fdre_C_D)       -0.186    14.147    u_wb/defaultClockArea_cpu/INT1_EXE_to_INT1_WB_EXE_RESULT_reg[11]
  -------------------------------------------------------------------
                         required time                         14.147    
                         arrival time                         -13.838    
  -------------------------------------------------------------------
                         slack                                  0.309    

Slack (MET) :             0.321ns  (required time - arrival time)
  Source:                 u_wb/defaultClockArea_cpu/INT1_EXE_to_INT1_WB_WRITE_REG_payload_reg[5]/C
                            (rising edge-triggered cell FDRE clocked by aclk  {rise@0.000ns fall@5.000ns period=10.000ns})
  Destination:            u_wb/defaultClockArea_cpu/INT2_EXE_to_INT2_WB_EXE_RESULT_reg[17]/D
                            (rising edge-triggered cell FDRE clocked by aclk  {rise@0.000ns fall@5.000ns period=10.000ns})
  Path Group:             aclk
  Path Type:              Setup (Max at Slow Process Corner)
  Requirement:            10.000ns  (aclk rise@10.000ns - aclk rise@0.000ns)
  Data Path Delay:        9.517ns  (logic 1.510ns (15.866%)  route 8.007ns (84.134%))
  Logic Levels:           9  (LUT2=1 LUT4=2 LUT5=1 LUT6=5)
  Clock Path Skew:        -0.080ns (DCD - SCD + CPR)
    Destination Clock Delay (DCD):    4.057ns = ( 14.057 - 10.000 ) 
    Source Clock Delay      (SCD):    4.380ns
    Clock Pessimism Removal (CPR):    0.244ns
  Clock Uncertainty:      0.035ns  ((TSJ^2 + TIJ^2)^1/2 + DJ) / 2 + PE
    Total System Jitter     (TSJ):    0.071ns
    Total Input Jitter      (TIJ):    0.000ns
    Discrete Jitter          (DJ):    0.000ns
    Phase Error              (PE):    0.000ns

    Location             Delay type                Incr(ns)  Path(ns)    Netlist Resource(s)
  -------------------------------------------------------------------    -------------------
                         (clock aclk rise edge)       0.000     0.000 r  
    L22                                               0.000     0.000 r  aclk (IN)
                         net (fo=0)                   0.000     0.000    aclk
    L22                  IBUF (Prop_ibuf_I_O)         0.893     0.893 r  aclk_IBUF_inst/O
                         net (fo=1, routed)           1.827     2.720    aclk_IBUF
    BUFGCTRL_X0Y1        BUFG (Prop_bufg_I_O)         0.081     2.801 r  aclk_IBUF_BUFG_inst_replica/O
                         net (fo=3, routed)           0.118     2.919    aclk_IBUF_BUFG_repN
    BUFGCTRL_X0Y0        BUFG (Prop_bufg_I_O)         0.081     3.000 r  aclk_IBUF_BUFG_inst/O
                         net (fo=17751, routed)       1.381     4.380    u_wb/defaultClockArea_cpu/aclk_IBUF_BUFG
    SLICE_X89Y126        FDRE                                         r  u_wb/defaultClockArea_cpu/INT1_EXE_to_INT1_WB_WRITE_REG_payload_reg[5]/C
  -------------------------------------------------------------------    -------------------
    SLICE_X89Y126        FDRE (Prop_fdre_C_Q)         0.379     4.759 r  u_wb/defaultClockArea_cpu/INT1_EXE_to_INT1_WB_WRITE_REG_payload_reg[5]/Q
                         net (fo=18, routed)          1.573     6.332    u_wb/defaultClockArea_cpu/INT1_EXE_to_INT1_WB_WRITE_REG_payload[5]
    SLICE_X68Y131        LUT6 (Prop_lut6_I3_O)        0.105     6.437 r  u_wb/defaultClockArea_cpu/INT2_EXE_to_INT2_WB_EXE_RESULT[30]_i_28/O
                         net (fo=1, routed)           0.449     6.886    u_wb/defaultClockArea_cpu/INT2_EXE_to_INT2_WB_EXE_RESULT[30]_i_28_n_0
    SLICE_X67Y131        LUT4 (Prop_lut4_I2_O)        0.105     6.991 r  u_wb/defaultClockArea_cpu/INT2_EXE_to_INT2_WB_EXE_RESULT[30]_i_22/O
                         net (fo=33, routed)          0.681     7.672    u_wb/defaultClockArea_cpu/_zz_IntExecutePlugin_bypassRsp_1_payload_7[0]
    SLICE_X66Y131        LUT6 (Prop_lut6_I0_O)        0.105     7.777 r  u_wb/defaultClockArea_cpu/INT2_EXE_to_INT2_WB_EXE_RESULT[30]_i_15/O
                         net (fo=31, routed)          0.895     8.672    u_wb/defaultClockArea_cpu/when_BypassNetworkPlugin_l36_1
    SLICE_X59Y131        LUT5 (Prop_lut5_I1_O)        0.105     8.777 r  u_wb/defaultClockArea_cpu/INT2_EXE_to_INT2_WB_EXE_RESULT[30]_i_17/O
                         net (fo=67, routed)          1.099     9.876    u_wb/defaultClockArea_cpu/INT2_EXE_IntExecutePlugin_alu_io_sa[3]
    SLICE_X42Y129        LUT2 (Prop_lut2_I0_O)        0.128    10.004 r  u_wb/defaultClockArea_cpu/INT2_EXE_to_INT2_WB_EXE_RESULT[23]_i_35/O
                         net (fo=38, routed)          1.012    11.016    u_wb/defaultClockArea_cpu/INT2_EXE_to_INT2_WB_EXE_RESULT[23]_i_35_n_0
    SLICE_X41Y131        LUT4 (Prop_lut4_I1_O)        0.268    11.284 r  u_wb/defaultClockArea_cpu/INT2_EXE_to_INT2_WB_EXE_RESULT[19]_i_27/O
                         net (fo=2, routed)           0.668    11.952    u_wb/defaultClockArea_cpu/INT2_EXE_to_INT2_WB_EXE_RESULT[19]_i_27_n_0
    SLICE_X40Y130        LUT6 (Prop_lut6_I0_O)        0.105    12.057 r  u_wb/defaultClockArea_cpu/INT2_EXE_to_INT2_WB_EXE_RESULT[17]_i_8/O
                         net (fo=2, routed)           0.484    12.541    u_wb/defaultClockArea_cpu/INT2_EXE_to_INT2_WB_EXE_RESULT[17]_i_8_n_0
    SLICE_X40Y131        LUT6 (Prop_lut6_I5_O)        0.105    12.646 r  u_wb/defaultClockArea_cpu/INT2_EXE_to_INT2_WB_EXE_RESULT[17]_i_4/O
                         net (fo=1, routed)           0.743    13.389    u_wb/defaultClockArea_cpu/INT2_EXE_to_INT2_WB_EXE_RESULT[17]_i_4_n_0
    SLICE_X50Y131        LUT6 (Prop_lut6_I5_O)        0.105    13.494 r  u_wb/defaultClockArea_cpu/INT2_EXE_to_INT2_WB_EXE_RESULT[17]_i_1/O
                         net (fo=1, routed)           0.404    13.897    u_wb/defaultClockArea_cpu/INT2_EXE_to_INT2_WB_EXE_RESULT[17]_i_1_n_0
    SLICE_X50Y132        FDRE                                         r  u_wb/defaultClockArea_cpu/INT2_EXE_to_INT2_WB_EXE_RESULT_reg[17]/D
  -------------------------------------------------------------------    -------------------

                         (clock aclk rise edge)      10.000    10.000 r  
    L22                                               0.000    10.000 r  aclk (IN)
                         net (fo=0)                   0.000    10.000    aclk
    L22                  IBUF (Prop_ibuf_I_O)         0.762    10.762 r  aclk_IBUF_inst/O
                         net (fo=1, routed)           1.734    12.496    aclk_IBUF
    BUFGCTRL_X0Y1        BUFG (Prop_bufg_I_O)         0.077    12.573 r  aclk_IBUF_BUFG_inst_replica/O
                         net (fo=3, routed)           0.112    12.685    aclk_IBUF_BUFG_repN
    BUFGCTRL_X0Y0        BUFG (Prop_bufg_I_O)         0.077    12.762 r  aclk_IBUF_BUFG_inst/O
                         net (fo=17751, routed)       1.295    14.057    u_wb/defaultClockArea_cpu/aclk_IBUF_BUFG
    SLICE_X50Y132        FDRE                                         r  u_wb/defaultClockArea_cpu/INT2_EXE_to_INT2_WB_EXE_RESULT_reg[17]/C
                         clock pessimism              0.244    14.300    
                         clock uncertainty           -0.035    14.265    
    SLICE_X50Y132        FDRE (Setup_fdre_C_D)       -0.047    14.218    u_wb/defaultClockArea_cpu/INT2_EXE_to_INT2_WB_EXE_RESULT_reg[17]
  -------------------------------------------------------------------
                         required time                         14.218    
                         arrival time                         -13.897    
  -------------------------------------------------------------------
                         slack                                  0.321    

Slack (MET) :             0.351ns  (required time - arrival time)
  Source:                 u_wb/defaultClockArea_cpu/ExceptionHandlerPlugin_ESTAT_IS_2_reg[5]/C
                            (rising edge-triggered cell FDCE clocked by aclk  {rise@0.000ns fall@5.000ns period=10.000ns})
  Destination:            u_wb/defaultClockArea_cpu/MMUPlugin_TLBTable_7_E_reg/D
                            (rising edge-triggered cell FDCE clocked by aclk  {rise@0.000ns fall@5.000ns period=10.000ns})
  Path Group:             aclk
  Path Type:              Setup (Max at Slow Process Corner)
  Requirement:            10.000ns  (aclk rise@10.000ns - aclk rise@0.000ns)
  Data Path Delay:        9.551ns  (logic 2.503ns (26.205%)  route 7.048ns (73.795%))
  Logic Levels:           13  (CARRY4=2 LUT2=1 LUT3=1 LUT5=4 LUT6=5)
  Clock Path Skew:        -0.094ns (DCD - SCD + CPR)
    Destination Clock Delay (DCD):    4.206ns = ( 14.206 - 10.000 ) 
    Source Clock Delay      (SCD):    4.551ns
    Clock Pessimism Removal (CPR):    0.251ns
  Clock Uncertainty:      0.035ns  ((TSJ^2 + TIJ^2)^1/2 + DJ) / 2 + PE
    Total System Jitter     (TSJ):    0.071ns
    Total Input Jitter      (TIJ):    0.000ns
    Discrete Jitter          (DJ):    0.000ns
    Phase Error              (PE):    0.000ns

    Location             Delay type                Incr(ns)  Path(ns)    Netlist Resource(s)
  -------------------------------------------------------------------    -------------------
                         (clock aclk rise edge)       0.000     0.000 r  
    L22                                               0.000     0.000 r  aclk (IN)
                         net (fo=0)                   0.000     0.000    aclk
    L22                  IBUF (Prop_ibuf_I_O)         0.893     0.893 r  aclk_IBUF_inst/O
                         net (fo=1, routed)           1.827     2.720    aclk_IBUF
    BUFGCTRL_X0Y1        BUFG (Prop_bufg_I_O)         0.081     2.801 r  aclk_IBUF_BUFG_inst_replica/O
                         net (fo=3, routed)           0.118     2.919    aclk_IBUF_BUFG_repN
    BUFGCTRL_X0Y0        BUFG (Prop_bufg_I_O)         0.081     3.000 r  aclk_IBUF_BUFG_inst/O
                         net (fo=17751, routed)       1.551     4.551    u_wb/defaultClockArea_cpu/aclk_IBUF_BUFG
    SLICE_X55Y62         FDCE                                         r  u_wb/defaultClockArea_cpu/ExceptionHandlerPlugin_ESTAT_IS_2_reg[5]/C
  -------------------------------------------------------------------    -------------------
    SLICE_X55Y62         FDCE (Prop_fdce_C_Q)         0.379     4.930 r  u_wb/defaultClockArea_cpu/ExceptionHandlerPlugin_ESTAT_IS_2_reg[5]/Q
                         net (fo=3, routed)           0.713     5.643    u_wb/defaultClockArea_cpu/GlobalPredictorBTBPlugin_predictor/pht/rams_2/ExceptionHandlerPlugin_ESTAT_ECODE[5]_i_3_3[5]
    SLICE_X55Y61         LUT6 (Prop_lut6_I2_O)        0.105     5.748 r  u_wb/defaultClockArea_cpu/GlobalPredictorBTBPlugin_predictor/pht/rams_2/ExceptionHandlerPlugin_ESTAT_ECODE[5]_i_9/O
                         net (fo=1, routed)           0.652     6.400    u_wb/defaultClockArea_cpu/GlobalPredictorBTBPlugin_predictor/pht/rams_2/ExceptionHandlerPlugin_ESTAT_ECODE[5]_i_9_n_0
    SLICE_X54Y62         LUT6 (Prop_lut6_I4_O)        0.105     6.505 r  u_wb/defaultClockArea_cpu/GlobalPredictorBTBPlugin_predictor/pht/rams_2/ExceptionHandlerPlugin_ESTAT_ECODE[5]_i_3/O
                         net (fo=40, routed)          0.308     6.812    u_wb/defaultClockArea_cpu/ROBFIFOPlugin_robInfo/ram/rams_1/p_8622_in
    SLICE_X51Y62         LUT3 (Prop_lut3_I2_O)        0.105     6.917 r  u_wb/defaultClockArea_cpu/ROBFIFOPlugin_robInfo/ram/rams_1/mem_i_41__7/O
                         net (fo=3, routed)           0.358     7.276    u_wb/defaultClockArea_cpu/ROBFIFOPlugin_robInfo/ram/rams_1/ROBFIFOPlugin_fifoIO_pop_0_payload_state_except_valid_reg
    SLICE_X51Y64         LUT6 (Prop_lut6_I0_O)        0.105     7.381 f  u_wb/defaultClockArea_cpu/ROBFIFOPlugin_robInfo/ram/rams_1/CommitPlugin_port0Commit_uncachedProcess_fsm_stateReg[0]_i_2/O
                         net (fo=7, routed)           0.404     7.784    u_wb/defaultClockArea_cpu/ROBFIFOPlugin_robInfo/ram/rams_1/CommitPlugin_port0Commit_uncachedProcess_fsm_stateNext[0]
    SLICE_X50Y63         LUT5 (Prop_lut5_I4_O)        0.105     7.889 r  u_wb/defaultClockArea_cpu/ROBFIFOPlugin_robInfo/ram/rams_1/debug0_wb_pc_OBUF[31]_inst_i_6/O
                         net (fo=6, routed)           0.341     8.230    u_wb/defaultClockArea_cpu/ROBFIFOPlugin_robInfo/ram/defaultClockArea_cpu_ROBFIFOPlugin_debug_fifoIO_pop_0_ready
    SLICE_X53Y63         LUT5 (Prop_lut5_I4_O)        0.105     8.335 r  u_wb/defaultClockArea_cpu/ROBFIFOPlugin_robInfo/ram/ExceptionHandlerPlugin_LLBCTL_LLBIT_i_3/O
                         net (fo=107, routed)         0.814     9.149    u_wb/defaultClockArea_cpu/ROBFIFOPlugin_robInfo/ram/when_CommitPlugin_l184
    SLICE_X63Y63         LUT2 (Prop_lut2_I0_O)        0.126     9.275 r  u_wb/defaultClockArea_cpu/ROBFIFOPlugin_robInfo/ram/MMUPlugin_TLBTable_0_E_i_51/O
                         net (fo=16, routed)          1.704    10.979    u_wb/defaultClockArea_cpu/ROBFIFOPlugin_robInfo/ram/MMUPlugin_TLBTable_0_E_i_51_n_0
    SLICE_X99Y72         LUT6 (Prop_lut6_I1_O)        0.267    11.246 r  u_wb/defaultClockArea_cpu/ROBFIFOPlugin_robInfo/ram/MMUPlugin_TLBTable_7_E_i_24/O
                         net (fo=1, routed)           0.000    11.246    u_wb/defaultClockArea_cpu/ROBFIFOPlugin_robInfo/ram/MMUPlugin_TLBTable_7_E_i_24_n_0
    SLICE_X99Y72         CARRY4 (Prop_carry4_S[0]_CO[3])
                                                      0.440    11.686 r  u_wb/defaultClockArea_cpu/ROBFIFOPlugin_robInfo/ram/MMUPlugin_TLBTable_7_E_reg_i_14/CO[3]
                         net (fo=1, routed)           0.000    11.686    u_wb/defaultClockArea_cpu/ROBFIFOPlugin_robInfo/ram/MMUPlugin_TLBTable_7_E_reg_i_14_n_0
    SLICE_X99Y73         CARRY4 (Prop_carry4_CI_CO[2])
                                                      0.190    11.876 f  u_wb/defaultClockArea_cpu/ROBFIFOPlugin_robInfo/ram/MMUPlugin_TLBTable_7_E_reg_i_8/CO[2]
                         net (fo=1, routed)           0.428    12.304    u_wb/defaultClockArea_cpu/ROBFIFOPlugin_robInfo/ram/MMUPlugin_TLBTable_7_E_reg_i_8_n_1
    SLICE_X99Y74         LUT5 (Prop_lut5_I0_O)        0.261    12.565 r  u_wb/defaultClockArea_cpu/ROBFIFOPlugin_robInfo/ram/MMUPlugin_TLBTable_7_E_i_6/O
                         net (fo=1, routed)           0.627    13.193    u_wb/defaultClockArea_cpu/ROBFIFOPlugin_robInfo/ram/MMUPlugin_TLBTable_7_E_i_6_n_0
    SLICE_X99Y67         LUT6 (Prop_lut6_I1_O)        0.105    13.298 r  u_wb/defaultClockArea_cpu/ROBFIFOPlugin_robInfo/ram/MMUPlugin_TLBTable_7_E_i_3/O
                         net (fo=1, routed)           0.699    13.997    u_wb/defaultClockArea_cpu/ROBFIFOPlugin_robInfo/ram/MMUPlugin_TLBTable_7_E_i_3_n_0
    SLICE_X111Y66        LUT5 (Prop_lut5_I1_O)        0.105    14.102 r  u_wb/defaultClockArea_cpu/ROBFIFOPlugin_robInfo/ram/MMUPlugin_TLBTable_7_E_i_1/O
                         net (fo=1, routed)           0.000    14.102    u_wb/defaultClockArea_cpu/ROBFIFOPlugin_robInfo_n_647
    SLICE_X111Y66        FDCE                                         r  u_wb/defaultClockArea_cpu/MMUPlugin_TLBTable_7_E_reg/D
  -------------------------------------------------------------------    -------------------

                         (clock aclk rise edge)      10.000    10.000 r  
    L22                                               0.000    10.000 r  aclk (IN)
                         net (fo=0)                   0.000    10.000    aclk
    L22                  IBUF (Prop_ibuf_I_O)         0.762    10.762 r  aclk_IBUF_inst/O
                         net (fo=1, routed)           1.734    12.496    aclk_IBUF
    BUFGCTRL_X0Y1        BUFG (Prop_bufg_I_O)         0.077    12.573 r  aclk_IBUF_BUFG_inst_replica/O
                         net (fo=3, routed)           0.112    12.685    aclk_IBUF_BUFG_repN
    BUFGCTRL_X0Y0        BUFG (Prop_bufg_I_O)         0.077    12.762 r  aclk_IBUF_BUFG_inst/O
                         net (fo=17751, routed)       1.444    14.206    u_wb/defaultClockArea_cpu/aclk_IBUF_BUFG
    SLICE_X111Y66        FDCE                                         r  u_wb/defaultClockArea_cpu/MMUPlugin_TLBTable_7_E_reg/C
                         clock pessimism              0.251    14.457    
                         clock uncertainty           -0.035    14.421    
    SLICE_X111Y66        FDCE (Setup_fdce_C_D)        0.032    14.453    u_wb/defaultClockArea_cpu/MMUPlugin_TLBTable_7_E_reg
  -------------------------------------------------------------------
                         required time                         14.453    
                         arrival time                         -14.102    
  -------------------------------------------------------------------
                         slack                                  0.351    

Slack (MET) :             0.360ns  (required time - arrival time)
  Source:                 u_wb/defaultClockArea_cpu/ExceptionHandlerPlugin_ESTAT_IS_2_reg[5]/C
                            (rising edge-triggered cell FDCE clocked by aclk  {rise@0.000ns fall@5.000ns period=10.000ns})
  Destination:            u_wb/defaultClockArea_cpu/MMUPlugin_TLBTable_0_ASID_reg[6]/CE
                            (rising edge-triggered cell FDCE clocked by aclk  {rise@0.000ns fall@5.000ns period=10.000ns})
  Path Group:             aclk
  Path Type:              Setup (Max at Slow Process Corner)
  Requirement:            10.000ns  (aclk rise@10.000ns - aclk rise@0.000ns)
  Data Path Delay:        9.332ns  (logic 1.496ns (16.031%)  route 7.836ns (83.969%))
  Logic Levels:           9  (LUT2=2 LUT3=1 LUT5=2 LUT6=4)
  Clock Path Skew:        -0.105ns (DCD - SCD + CPR)
    Destination Clock Delay (DCD):    4.195ns = ( 14.195 - 10.000 ) 
    Source Clock Delay      (SCD):    4.551ns
    Clock Pessimism Removal (CPR):    0.251ns
  Clock Uncertainty:      0.035ns  ((TSJ^2 + TIJ^2)^1/2 + DJ) / 2 + PE
    Total System Jitter     (TSJ):    0.071ns
    Total Input Jitter      (TIJ):    0.000ns
    Discrete Jitter          (DJ):    0.000ns
    Phase Error              (PE):    0.000ns

    Location             Delay type                Incr(ns)  Path(ns)    Netlist Resource(s)
  -------------------------------------------------------------------    -------------------
                         (clock aclk rise edge)       0.000     0.000 r  
    L22                                               0.000     0.000 r  aclk (IN)
                         net (fo=0)                   0.000     0.000    aclk
    L22                  IBUF (Prop_ibuf_I_O)         0.893     0.893 r  aclk_IBUF_inst/O
                         net (fo=1, routed)           1.827     2.720    aclk_IBUF
    BUFGCTRL_X0Y1        BUFG (Prop_bufg_I_O)         0.081     2.801 r  aclk_IBUF_BUFG_inst_replica/O
                         net (fo=3, routed)           0.118     2.919    aclk_IBUF_BUFG_repN
    BUFGCTRL_X0Y0        BUFG (Prop_bufg_I_O)         0.081     3.000 r  aclk_IBUF_BUFG_inst/O
                         net (fo=17751, routed)       1.551     4.551    u_wb/defaultClockArea_cpu/aclk_IBUF_BUFG
    SLICE_X55Y62         FDCE                                         r  u_wb/defaultClockArea_cpu/ExceptionHandlerPlugin_ESTAT_IS_2_reg[5]/C
  -------------------------------------------------------------------    -------------------
    SLICE_X55Y62         FDCE (Prop_fdce_C_Q)         0.379     4.930 f  u_wb/defaultClockArea_cpu/ExceptionHandlerPlugin_ESTAT_IS_2_reg[5]/Q
                         net (fo=3, routed)           0.713     5.643    u_wb/defaultClockArea_cpu/GlobalPredictorBTBPlugin_predictor/pht/rams_2/ExceptionHandlerPlugin_ESTAT_ECODE[5]_i_3_3[5]
    SLICE_X55Y61         LUT6 (Prop_lut6_I2_O)        0.105     5.748 f  u_wb/defaultClockArea_cpu/GlobalPredictorBTBPlugin_predictor/pht/rams_2/ExceptionHandlerPlugin_ESTAT_ECODE[5]_i_9/O
                         net (fo=1, routed)           0.652     6.400    u_wb/defaultClockArea_cpu/GlobalPredictorBTBPlugin_predictor/pht/rams_2/ExceptionHandlerPlugin_ESTAT_ECODE[5]_i_9_n_0
    SLICE_X54Y62         LUT6 (Prop_lut6_I4_O)        0.105     6.505 f  u_wb/defaultClockArea_cpu/GlobalPredictorBTBPlugin_predictor/pht/rams_2/ExceptionHandlerPlugin_ESTAT_ECODE[5]_i_3/O
                         net (fo=40, routed)          0.308     6.812    u_wb/defaultClockArea_cpu/ROBFIFOPlugin_robInfo/ram/rams_1/p_8622_in
    SLICE_X51Y62         LUT3 (Prop_lut3_I2_O)        0.105     6.917 f  u_wb/defaultClockArea_cpu/ROBFIFOPlugin_robInfo/ram/rams_1/mem_i_41__7/O
                         net (fo=3, routed)           0.358     7.276    u_wb/defaultClockArea_cpu/ROBFIFOPlugin_robInfo/ram/rams_1/ROBFIFOPlugin_fifoIO_pop_0_payload_state_except_valid_reg
    SLICE_X51Y64         LUT6 (Prop_lut6_I0_O)        0.105     7.381 r  u_wb/defaultClockArea_cpu/ROBFIFOPlugin_robInfo/ram/rams_1/CommitPlugin_port0Commit_uncachedProcess_fsm_stateReg[0]_i_2/O
                         net (fo=7, routed)           0.404     7.784    u_wb/defaultClockArea_cpu/ROBFIFOPlugin_robInfo/ram/rams_1/CommitPlugin_port0Commit_uncachedProcess_fsm_stateNext[0]
    SLICE_X50Y63         LUT5 (Prop_lut5_I4_O)        0.105     7.889 f  u_wb/defaultClockArea_cpu/ROBFIFOPlugin_robInfo/ram/rams_1/debug0_wb_pc_OBUF[31]_inst_i_6/O
                         net (fo=6, routed)           0.341     8.230    u_wb/defaultClockArea_cpu/ROBFIFOPlugin_robInfo/ram/defaultClockArea_cpu_ROBFIFOPlugin_debug_fifoIO_pop_0_ready
    SLICE_X53Y63         LUT5 (Prop_lut5_I4_O)        0.105     8.335 f  u_wb/defaultClockArea_cpu/ROBFIFOPlugin_robInfo/ram/ExceptionHandlerPlugin_LLBCTL_LLBIT_i_3/O
                         net (fo=107, routed)         1.559     9.894    u_wb/defaultClockArea_cpu/ROBFIFOPlugin_robInfo/ram/when_CommitPlugin_l184
    SLICE_X87Y70         LUT2 (Prop_lut2_I1_O)        0.105     9.999 f  u_wb/defaultClockArea_cpu/ROBFIFOPlugin_robInfo/ram/MMUPlugin_TLBTable_4_PPN1[19]_i_2/O
                         net (fo=37, routed)          1.566    11.565    u_wb/defaultClockArea_cpu/ROBFIFOPlugin_robInfo/ram/CommitPlugin_tlbOp[3]
    SLICE_X110Y72        LUT2 (Prop_lut2_I1_O)        0.115    11.680 r  u_wb/defaultClockArea_cpu/ROBFIFOPlugin_robInfo/ram/MMUPlugin_TLBTable_0_PPN1[19]_i_5/O
                         net (fo=8, routed)           0.721    12.401    u_wb/defaultClockArea_cpu/ROBFIFOPlugin_robInfo/ram/MMUPlugin_TLBTable_0_PPN1[19]_i_5_n_0
    SLICE_X116Y69        LUT6 (Prop_lut6_I5_O)        0.267    12.668 r  u_wb/defaultClockArea_cpu/ROBFIFOPlugin_robInfo/ram/MMUPlugin_TLBTable_0_PPN1[19]_i_1/O
                         net (fo=89, routed)          1.214    13.882    u_wb/defaultClockArea_cpu/ROBFIFOPlugin_robInfo_n_2376
    SLICE_X97Y64         FDCE                                         r  u_wb/defaultClockArea_cpu/MMUPlugin_TLBTable_0_ASID_reg[6]/CE
  -------------------------------------------------------------------    -------------------

                         (clock aclk rise edge)      10.000    10.000 r  
    L22                                               0.000    10.000 r  aclk (IN)
                         net (fo=0)                   0.000    10.000    aclk
    L22                  IBUF (Prop_ibuf_I_O)         0.762    10.762 r  aclk_IBUF_inst/O
                         net (fo=1, routed)           1.734    12.496    aclk_IBUF
    BUFGCTRL_X0Y1        BUFG (Prop_bufg_I_O)         0.077    12.573 r  aclk_IBUF_BUFG_inst_replica/O
                         net (fo=3, routed)           0.112    12.685    aclk_IBUF_BUFG_repN
    BUFGCTRL_X0Y0        BUFG (Prop_bufg_I_O)         0.077    12.762 r  aclk_IBUF_BUFG_inst/O
                         net (fo=17751, routed)       1.433    14.195    u_wb/defaultClockArea_cpu/aclk_IBUF_BUFG
    SLICE_X97Y64         FDCE                                         r  u_wb/defaultClockArea_cpu/MMUPlugin_TLBTable_0_ASID_reg[6]/C
                         clock pessimism              0.251    14.446    
                         clock uncertainty           -0.035    14.410    
    SLICE_X97Y64         FDCE (Setup_fdce_C_CE)      -0.168    14.242    u_wb/defaultClockArea_cpu/MMUPlugin_TLBTable_0_ASID_reg[6]
  -------------------------------------------------------------------
                         required time                         14.242    
                         arrival time                         -13.882    
  -------------------------------------------------------------------
                         slack                                  0.360    

Slack (MET) :             0.367ns  (required time - arrival time)
  Source:                 u_wb/defaultClockArea_cpu/INT1_EXE_to_INT1_WB_WRITE_REG_payload_reg[5]/C
                            (rising edge-triggered cell FDRE clocked by aclk  {rise@0.000ns fall@5.000ns period=10.000ns})
  Destination:            u_wb/defaultClockArea_cpu/INT1_EXE_to_INT1_WB_EXE_RESULT_reg[17]/D
                            (rising edge-triggered cell FDRE clocked by aclk  {rise@0.000ns fall@5.000ns period=10.000ns})
  Path Group:             aclk
  Path Type:              Setup (Max at Slow Process Corner)
  Requirement:            10.000ns  (aclk rise@10.000ns - aclk rise@0.000ns)
  Data Path Delay:        9.394ns  (logic 1.890ns (20.118%)  route 7.504ns (79.882%))
  Logic Levels:           11  (LUT2=1 LUT3=1 LUT4=2 LUT5=2 LUT6=5)
  Clock Path Skew:        -0.017ns (DCD - SCD + CPR)
    Destination Clock Delay (DCD):    4.060ns = ( 14.060 - 10.000 ) 
    Source Clock Delay      (SCD):    4.380ns
    Clock Pessimism Removal (CPR):    0.304ns
  Clock Uncertainty:      0.035ns  ((TSJ^2 + TIJ^2)^1/2 + DJ) / 2 + PE
    Total System Jitter     (TSJ):    0.071ns
    Total Input Jitter      (TIJ):    0.000ns
    Discrete Jitter          (DJ):    0.000ns
    Phase Error              (PE):    0.000ns

    Location             Delay type                Incr(ns)  Path(ns)    Netlist Resource(s)
  -------------------------------------------------------------------    -------------------
                         (clock aclk rise edge)       0.000     0.000 r  
    L22                                               0.000     0.000 r  aclk (IN)
                         net (fo=0)                   0.000     0.000    aclk
    L22                  IBUF (Prop_ibuf_I_O)         0.893     0.893 r  aclk_IBUF_inst/O
                         net (fo=1, routed)           1.827     2.720    aclk_IBUF
    BUFGCTRL_X0Y1        BUFG (Prop_bufg_I_O)         0.081     2.801 r  aclk_IBUF_BUFG_inst_replica/O
                         net (fo=3, routed)           0.118     2.919    aclk_IBUF_BUFG_repN
    BUFGCTRL_X0Y0        BUFG (Prop_bufg_I_O)         0.081     3.000 r  aclk_IBUF_BUFG_inst/O
                         net (fo=17751, routed)       1.381     4.380    u_wb/defaultClockArea_cpu/aclk_IBUF_BUFG
    SLICE_X89Y126        FDRE                                         r  u_wb/defaultClockArea_cpu/INT1_EXE_to_INT1_WB_WRITE_REG_payload_reg[5]/C
  -------------------------------------------------------------------    -------------------
    SLICE_X89Y126        FDRE (Prop_fdre_C_Q)         0.379     4.759 r  u_wb/defaultClockArea_cpu/INT1_EXE_to_INT1_WB_WRITE_REG_payload_reg[5]/Q
                         net (fo=18, routed)          0.860     5.619    u_wb/defaultClockArea_cpu/INT1_EXE_to_INT1_WB_WRITE_REG_payload[5]
    SLICE_X89Y127        LUT6 (Prop_lut6_I3_O)        0.105     5.724 r  u_wb/defaultClockArea_cpu/INT1_EXE_to_INT1_WB_EXE_RESULT[30]_i_30/O
                         net (fo=1, routed)           0.546     6.271    u_wb/defaultClockArea_cpu/INT1_EXE_to_INT1_WB_EXE_RESULT[30]_i_30_n_0
    SLICE_X89Y127        LUT4 (Prop_lut4_I2_O)        0.105     6.376 r  u_wb/defaultClockArea_cpu/INT1_EXE_to_INT1_WB_EXE_RESULT[30]_i_21/O
                         net (fo=33, routed)          0.517     6.892    u_wb/defaultClockArea_cpu/_zz_IntExecutePlugin_bypassRsp_1_payload_1_2[0]
    SLICE_X89Y125        LUT6 (Prop_lut6_I0_O)        0.105     6.997 r  u_wb/defaultClockArea_cpu/INT1_EXE_to_INT1_WB_EXE_RESULT[30]_i_17/O
                         net (fo=31, routed)          0.679     7.676    u_wb/defaultClockArea_cpu/when_BypassNetworkPlugin_l36_3
    SLICE_X93Y123        LUT5 (Prop_lut5_I1_O)        0.108     7.784 f  u_wb/defaultClockArea_cpu/INT1_EXE_to_INT1_WB_EXE_RESULT[30]_i_19/O
                         net (fo=67, routed)          1.008     8.793    u_wb/defaultClockArea_cpu/INT1_EXE_IntExecutePlugin_alu_io_sa[3]
    SLICE_X111Y122       LUT2 (Prop_lut2_I0_O)        0.269     9.062 r  u_wb/defaultClockArea_cpu/INT1_EXE_to_INT1_WB_EXE_RESULT[31]_i_24/O
                         net (fo=55, routed)          0.642     9.703    u_wb/defaultClockArea_cpu/INT1_EXE_to_INT1_WB_EXE_RESULT[31]_i_24_n_0
    SLICE_X112Y123       LUT4 (Prop_lut4_I3_O)        0.274     9.977 r  u_wb/defaultClockArea_cpu/INT1_EXE_to_INT1_WB_EXE_RESULT[19]_i_14/O
                         net (fo=2, routed)           0.653    10.630    u_wb/defaultClockArea_cpu/INT1_EXE_to_INT1_WB_EXE_RESULT[19]_i_14_n_0
    SLICE_X112Y122       LUT6 (Prop_lut6_I0_O)        0.105    10.735 r  u_wb/defaultClockArea_cpu/INT1_EXE_to_INT1_WB_EXE_RESULT[17]_i_8/O
                         net (fo=2, routed)           0.674    11.409    u_wb/defaultClockArea_cpu/INT1_EXE_to_INT1_WB_EXE_RESULT[17]_i_8_n_0
    SLICE_X109Y123       LUT6 (Prop_lut6_I5_O)        0.105    11.514 r  u_wb/defaultClockArea_cpu/INT1_EXE_to_INT1_WB_EXE_RESULT[17]_i_4/O
                         net (fo=1, routed)           0.355    11.869    u_wb/defaultClockArea_cpu/INT1_EXE_to_INT1_WB_EXE_RESULT[17]_i_4_n_0
    SLICE_X105Y122       LUT6 (Prop_lut6_I2_O)        0.105    11.974 r  u_wb/defaultClockArea_cpu/INT1_EXE_to_INT1_WB_EXE_RESULT[17]_i_3/O
                         net (fo=1, routed)           0.760    12.734    u_wb/defaultClockArea_cpu/INT1_EXE_IntExecutePlugin_alu_io_result[17]
    SLICE_X100Y113       LUT5 (Prop_lut5_I4_O)        0.105    12.839 r  u_wb/defaultClockArea_cpu/INT1_EXE_to_INT1_WB_EXE_RESULT[17]_i_2/O
                         net (fo=1, routed)           0.522    13.361    u_wb/defaultClockArea_cpu/INT1_EXE_to_INT1_WB_EXE_RESULT[17]_i_2_n_0
    SLICE_X100Y114       LUT3 (Prop_lut3_I2_O)        0.125    13.486 r  u_wb/defaultClockArea_cpu/INT1_EXE_to_INT1_WB_EXE_RESULT[17]_i_1/O
                         net (fo=1, routed)           0.289    13.775    u_wb/defaultClockArea_cpu/INT1_EXE_to_INT1_WB_EXE_RESULT[17]_i_1_n_0
    SLICE_X100Y114       FDRE                                         r  u_wb/defaultClockArea_cpu/INT1_EXE_to_INT1_WB_EXE_RESULT_reg[17]/D
  -------------------------------------------------------------------    -------------------

                         (clock aclk rise edge)      10.000    10.000 r  
    L22                                               0.000    10.000 r  aclk (IN)
                         net (fo=0)                   0.000    10.000    aclk
    L22                  IBUF (Prop_ibuf_I_O)         0.762    10.762 r  aclk_IBUF_inst/O
                         net (fo=1, routed)           1.734    12.496    aclk_IBUF
    BUFGCTRL_X0Y1        BUFG (Prop_bufg_I_O)         0.077    12.573 r  aclk_IBUF_BUFG_inst_replica/O
                         net (fo=3, routed)           0.112    12.685    aclk_IBUF_BUFG_repN
    BUFGCTRL_X0Y0        BUFG (Prop_bufg_I_O)         0.077    12.762 r  aclk_IBUF_BUFG_inst/O
                         net (fo=17751, routed)       1.298    14.060    u_wb/defaultClockArea_cpu/aclk_IBUF_BUFG
    SLICE_X100Y114       FDRE                                         r  u_wb/defaultClockArea_cpu/INT1_EXE_to_INT1_WB_EXE_RESULT_reg[17]/C
                         clock pessimism              0.304    14.363    
                         clock uncertainty           -0.035    14.328    
    SLICE_X100Y114       FDRE (Setup_fdre_C_D)       -0.186    14.142    u_wb/defaultClockArea_cpu/INT1_EXE_to_INT1_WB_EXE_RESULT_reg[17]
  -------------------------------------------------------------------
                         required time                         14.142    
                         arrival time                         -13.775    
  -------------------------------------------------------------------
                         slack                                  0.367    

Slack (MET) :             0.399ns  (required time - arrival time)
  Source:                 u_wb/defaultClockArea_cpu/ExceptionHandlerPlugin_ESTAT_IS_2_reg[5]/C
                            (rising edge-triggered cell FDCE clocked by aclk  {rise@0.000ns fall@5.000ns period=10.000ns})
  Destination:            u_wb/defaultClockArea_cpu/MMUPlugin_TLBTable_0_ASID_reg[1]/CE
                            (rising edge-triggered cell FDCE clocked by aclk  {rise@0.000ns fall@5.000ns period=10.000ns})
  Path Group:             aclk
  Path Type:              Setup (Max at Slow Process Corner)
  Requirement:            10.000ns  (aclk rise@10.000ns - aclk rise@0.000ns)
  Data Path Delay:        9.324ns  (logic 1.496ns (16.045%)  route 7.828ns (83.955%))
  Logic Levels:           9  (LUT2=2 LUT3=1 LUT5=2 LUT6=4)
  Clock Path Skew:        -0.106ns (DCD - SCD + CPR)
    Destination Clock Delay (DCD):    4.194ns = ( 14.194 - 10.000 ) 
    Source Clock Delay      (SCD):    4.551ns
    Clock Pessimism Removal (CPR):    0.251ns
  Clock Uncertainty:      0.035ns  ((TSJ^2 + TIJ^2)^1/2 + DJ) / 2 + PE
    Total System Jitter     (TSJ):    0.071ns
    Total Input Jitter      (TIJ):    0.000ns
    Discrete Jitter          (DJ):    0.000ns
    Phase Error              (PE):    0.000ns

    Location             Delay type                Incr(ns)  Path(ns)    Netlist Resource(s)
  -------------------------------------------------------------------    -------------------
                         (clock aclk rise edge)       0.000     0.000 r  
    L22                                               0.000     0.000 r  aclk (IN)
                         net (fo=0)                   0.000     0.000    aclk
    L22                  IBUF (Prop_ibuf_I_O)         0.893     0.893 r  aclk_IBUF_inst/O
                         net (fo=1, routed)           1.827     2.720    aclk_IBUF
    BUFGCTRL_X0Y1        BUFG (Prop_bufg_I_O)         0.081     2.801 r  aclk_IBUF_BUFG_inst_replica/O
                         net (fo=3, routed)           0.118     2.919    aclk_IBUF_BUFG_repN
    BUFGCTRL_X0Y0        BUFG (Prop_bufg_I_O)         0.081     3.000 r  aclk_IBUF_BUFG_inst/O
                         net (fo=17751, routed)       1.551     4.551    u_wb/defaultClockArea_cpu/aclk_IBUF_BUFG
    SLICE_X55Y62         FDCE                                         r  u_wb/defaultClockArea_cpu/ExceptionHandlerPlugin_ESTAT_IS_2_reg[5]/C
  -------------------------------------------------------------------    -------------------
    SLICE_X55Y62         FDCE (Prop_fdce_C_Q)         0.379     4.930 f  u_wb/defaultClockArea_cpu/ExceptionHandlerPlugin_ESTAT_IS_2_reg[5]/Q
                         net (fo=3, routed)           0.713     5.643    u_wb/defaultClockArea_cpu/GlobalPredictorBTBPlugin_predictor/pht/rams_2/ExceptionHandlerPlugin_ESTAT_ECODE[5]_i_3_3[5]
    SLICE_X55Y61         LUT6 (Prop_lut6_I2_O)        0.105     5.748 f  u_wb/defaultClockArea_cpu/GlobalPredictorBTBPlugin_predictor/pht/rams_2/ExceptionHandlerPlugin_ESTAT_ECODE[5]_i_9/O
                         net (fo=1, routed)           0.652     6.400    u_wb/defaultClockArea_cpu/GlobalPredictorBTBPlugin_predictor/pht/rams_2/ExceptionHandlerPlugin_ESTAT_ECODE[5]_i_9_n_0
    SLICE_X54Y62         LUT6 (Prop_lut6_I4_O)        0.105     6.505 f  u_wb/defaultClockArea_cpu/GlobalPredictorBTBPlugin_predictor/pht/rams_2/ExceptionHandlerPlugin_ESTAT_ECODE[5]_i_3/O
                         net (fo=40, routed)          0.308     6.812    u_wb/defaultClockArea_cpu/ROBFIFOPlugin_robInfo/ram/rams_1/p_8622_in
    SLICE_X51Y62         LUT3 (Prop_lut3_I2_O)        0.105     6.917 f  u_wb/defaultClockArea_cpu/ROBFIFOPlugin_robInfo/ram/rams_1/mem_i_41__7/O
                         net (fo=3, routed)           0.358     7.276    u_wb/defaultClockArea_cpu/ROBFIFOPlugin_robInfo/ram/rams_1/ROBFIFOPlugin_fifoIO_pop_0_payload_state_except_valid_reg
    SLICE_X51Y64         LUT6 (Prop_lut6_I0_O)        0.105     7.381 r  u_wb/defaultClockArea_cpu/ROBFIFOPlugin_robInfo/ram/rams_1/CommitPlugin_port0Commit_uncachedProcess_fsm_stateReg[0]_i_2/O
                         net (fo=7, routed)           0.404     7.784    u_wb/defaultClockArea_cpu/ROBFIFOPlugin_robInfo/ram/rams_1/CommitPlugin_port0Commit_uncachedProcess_fsm_stateNext[0]
    SLICE_X50Y63         LUT5 (Prop_lut5_I4_O)        0.105     7.889 f  u_wb/defaultClockArea_cpu/ROBFIFOPlugin_robInfo/ram/rams_1/debug0_wb_pc_OBUF[31]_inst_i_6/O
                         net (fo=6, routed)           0.341     8.230    u_wb/defaultClockArea_cpu/ROBFIFOPlugin_robInfo/ram/defaultClockArea_cpu_ROBFIFOPlugin_debug_fifoIO_pop_0_ready
    SLICE_X53Y63         LUT5 (Prop_lut5_I4_O)        0.105     8.335 f  u_wb/defaultClockArea_cpu/ROBFIFOPlugin_robInfo/ram/ExceptionHandlerPlugin_LLBCTL_LLBIT_i_3/O
                         net (fo=107, routed)         1.559     9.894    u_wb/defaultClockArea_cpu/ROBFIFOPlugin_robInfo/ram/when_CommitPlugin_l184
    SLICE_X87Y70         LUT2 (Prop_lut2_I1_O)        0.105     9.999 f  u_wb/defaultClockArea_cpu/ROBFIFOPlugin_robInfo/ram/MMUPlugin_TLBTable_4_PPN1[19]_i_2/O
                         net (fo=37, routed)          1.566    11.565    u_wb/defaultClockArea_cpu/ROBFIFOPlugin_robInfo/ram/CommitPlugin_tlbOp[3]
    SLICE_X110Y72        LUT2 (Prop_lut2_I1_O)        0.115    11.680 r  u_wb/defaultClockArea_cpu/ROBFIFOPlugin_robInfo/ram/MMUPlugin_TLBTable_0_PPN1[19]_i_5/O
                         net (fo=8, routed)           0.721    12.401    u_wb/defaultClockArea_cpu/ROBFIFOPlugin_robInfo/ram/MMUPlugin_TLBTable_0_PPN1[19]_i_5_n_0
    SLICE_X116Y69        LUT6 (Prop_lut6_I5_O)        0.267    12.668 r  u_wb/defaultClockArea_cpu/ROBFIFOPlugin_robInfo/ram/MMUPlugin_TLBTable_0_PPN1[19]_i_1/O
                         net (fo=89, routed)          1.206    13.875    u_wb/defaultClockArea_cpu/ROBFIFOPlugin_robInfo_n_2376
    SLICE_X96Y66         FDCE                                         r  u_wb/defaultClockArea_cpu/MMUPlugin_TLBTable_0_ASID_reg[1]/CE
  -------------------------------------------------------------------    -------------------

                         (clock aclk rise edge)      10.000    10.000 r  
    L22                                               0.000    10.000 r  aclk (IN)
                         net (fo=0)                   0.000    10.000    aclk
    L22                  IBUF (Prop_ibuf_I_O)         0.762    10.762 r  aclk_IBUF_inst/O
                         net (fo=1, routed)           1.734    12.496    aclk_IBUF
    BUFGCTRL_X0Y1        BUFG (Prop_bufg_I_O)         0.077    12.573 r  aclk_IBUF_BUFG_inst_replica/O
                         net (fo=3, routed)           0.112    12.685    aclk_IBUF_BUFG_repN
    BUFGCTRL_X0Y0        BUFG (Prop_bufg_I_O)         0.077    12.762 r  aclk_IBUF_BUFG_inst/O
                         net (fo=17751, routed)       1.432    14.194    u_wb/defaultClockArea_cpu/aclk_IBUF_BUFG
    SLICE_X96Y66         FDCE                                         r  u_wb/defaultClockArea_cpu/MMUPlugin_TLBTable_0_ASID_reg[1]/C
                         clock pessimism              0.251    14.445    
                         clock uncertainty           -0.035    14.409    
    SLICE_X96Y66         FDCE (Setup_fdce_C_CE)      -0.136    14.273    u_wb/defaultClockArea_cpu/MMUPlugin_TLBTable_0_ASID_reg[1]
  -------------------------------------------------------------------
                         required time                         14.273    
                         arrival time                         -13.875    
  -------------------------------------------------------------------
                         slack                                  0.399    

Slack (MET) :             0.400ns  (required time - arrival time)
  Source:                 u_wb/defaultClockArea_cpu/INT1_EXE_to_INT1_WB_WRITE_REG_payload_reg[5]/C
                            (rising edge-triggered cell FDRE clocked by aclk  {rise@0.000ns fall@5.000ns period=10.000ns})
  Destination:            u_wb/defaultClockArea_cpu/INT1_EXE_to_INT1_WB_EXE_RESULT_reg[15]/D
                            (rising edge-triggered cell FDRE clocked by aclk  {rise@0.000ns fall@5.000ns period=10.000ns})
  Path Group:             aclk
  Path Type:              Setup (Max at Slow Process Corner)
  Requirement:            10.000ns  (aclk rise@10.000ns - aclk rise@0.000ns)
  Data Path Delay:        9.367ns  (logic 1.890ns (20.178%)  route 7.477ns (79.822%))
  Logic Levels:           11  (LUT2=1 LUT3=1 LUT4=2 LUT5=2 LUT6=5)
  Clock Path Skew:        -0.012ns (DCD - SCD + CPR)
    Destination Clock Delay (DCD):    4.065ns = ( 14.065 - 10.000 ) 
    Source Clock Delay      (SCD):    4.380ns
    Clock Pessimism Removal (CPR):    0.304ns
  Clock Uncertainty:      0.035ns  ((TSJ^2 + TIJ^2)^1/2 + DJ) / 2 + PE
    Total System Jitter     (TSJ):    0.071ns
    Total Input Jitter      (TIJ):    0.000ns
    Discrete Jitter          (DJ):    0.000ns
    Phase Error              (PE):    0.000ns

    Location             Delay type                Incr(ns)  Path(ns)    Netlist Resource(s)
  -------------------------------------------------------------------    -------------------
                         (clock aclk rise edge)       0.000     0.000 r  
    L22                                               0.000     0.000 r  aclk (IN)
                         net (fo=0)                   0.000     0.000    aclk
    L22                  IBUF (Prop_ibuf_I_O)         0.893     0.893 r  aclk_IBUF_inst/O
                         net (fo=1, routed)           1.827     2.720    aclk_IBUF
    BUFGCTRL_X0Y1        BUFG (Prop_bufg_I_O)         0.081     2.801 r  aclk_IBUF_BUFG_inst_replica/O
                         net (fo=3, routed)           0.118     2.919    aclk_IBUF_BUFG_repN
    BUFGCTRL_X0Y0        BUFG (Prop_bufg_I_O)         0.081     3.000 r  aclk_IBUF_BUFG_inst/O
                         net (fo=17751, routed)       1.381     4.380    u_wb/defaultClockArea_cpu/aclk_IBUF_BUFG
    SLICE_X89Y126        FDRE                                         r  u_wb/defaultClockArea_cpu/INT1_EXE_to_INT1_WB_WRITE_REG_payload_reg[5]/C
  -------------------------------------------------------------------    -------------------
    SLICE_X89Y126        FDRE (Prop_fdre_C_Q)         0.379     4.759 r  u_wb/defaultClockArea_cpu/INT1_EXE_to_INT1_WB_WRITE_REG_payload_reg[5]/Q
                         net (fo=18, routed)          0.860     5.619    u_wb/defaultClockArea_cpu/INT1_EXE_to_INT1_WB_WRITE_REG_payload[5]
    SLICE_X89Y127        LUT6 (Prop_lut6_I3_O)        0.105     5.724 r  u_wb/defaultClockArea_cpu/INT1_EXE_to_INT1_WB_EXE_RESULT[30]_i_30/O
                         net (fo=1, routed)           0.546     6.271    u_wb/defaultClockArea_cpu/INT1_EXE_to_INT1_WB_EXE_RESULT[30]_i_30_n_0
    SLICE_X89Y127        LUT4 (Prop_lut4_I2_O)        0.105     6.376 r  u_wb/defaultClockArea_cpu/INT1_EXE_to_INT1_WB_EXE_RESULT[30]_i_21/O
                         net (fo=33, routed)          0.517     6.892    u_wb/defaultClockArea_cpu/_zz_IntExecutePlugin_bypassRsp_1_payload_1_2[0]
    SLICE_X89Y125        LUT6 (Prop_lut6_I0_O)        0.105     6.997 r  u_wb/defaultClockArea_cpu/INT1_EXE_to_INT1_WB_EXE_RESULT[30]_i_17/O
                         net (fo=31, routed)          0.679     7.676    u_wb/defaultClockArea_cpu/when_BypassNetworkPlugin_l36_3
    SLICE_X93Y123        LUT5 (Prop_lut5_I1_O)        0.108     7.784 f  u_wb/defaultClockArea_cpu/INT1_EXE_to_INT1_WB_EXE_RESULT[30]_i_19/O
                         net (fo=67, routed)          1.008     8.793    u_wb/defaultClockArea_cpu/INT1_EXE_IntExecutePlugin_alu_io_sa[3]
    SLICE_X111Y122       LUT2 (Prop_lut2_I0_O)        0.269     9.062 r  u_wb/defaultClockArea_cpu/INT1_EXE_to_INT1_WB_EXE_RESULT[31]_i_24/O
                         net (fo=55, routed)          0.812     9.874    u_wb/defaultClockArea_cpu/INT1_EXE_to_INT1_WB_EXE_RESULT[31]_i_24_n_0
    SLICE_X108Y124       LUT4 (Prop_lut4_I3_O)        0.274    10.148 r  u_wb/defaultClockArea_cpu/INT1_EXE_to_INT1_WB_EXE_RESULT[17]_i_11/O
                         net (fo=2, routed)           0.513    10.661    u_wb/defaultClockArea_cpu/INT1_EXE_to_INT1_WB_EXE_RESULT[17]_i_11_n_0
    SLICE_X108Y124       LUT6 (Prop_lut6_I3_O)        0.105    10.766 r  u_wb/defaultClockArea_cpu/INT1_EXE_to_INT1_WB_EXE_RESULT[15]_i_8/O
                         net (fo=2, routed)           0.775    11.541    u_wb/defaultClockArea_cpu/INT1_EXE_to_INT1_WB_EXE_RESULT[15]_i_8_n_0
    SLICE_X103Y126       LUT6 (Prop_lut6_I5_O)        0.105    11.646 r  u_wb/defaultClockArea_cpu/INT1_EXE_to_INT1_WB_EXE_RESULT[15]_i_4/O
                         net (fo=1, routed)           0.391    12.037    u_wb/defaultClockArea_cpu/INT1_EXE_to_INT1_WB_EXE_RESULT[15]_i_4_n_0
    SLICE_X102Y122       LUT6 (Prop_lut6_I2_O)        0.105    12.142 r  u_wb/defaultClockArea_cpu/INT1_EXE_to_INT1_WB_EXE_RESULT[15]_i_3/O
                         net (fo=1, routed)           0.583    12.725    u_wb/defaultClockArea_cpu/INT1_EXE_IntExecutePlugin_alu_io_result[15]
    SLICE_X102Y111       LUT5 (Prop_lut5_I4_O)        0.105    12.830 r  u_wb/defaultClockArea_cpu/INT1_EXE_to_INT1_WB_EXE_RESULT[15]_i_2/O
                         net (fo=1, routed)           0.503    13.334    u_wb/defaultClockArea_cpu/INT1_EXE_to_INT1_WB_EXE_RESULT[15]_i_2_n_0
    SLICE_X102Y111       LUT3 (Prop_lut3_I2_O)        0.125    13.459 r  u_wb/defaultClockArea_cpu/INT1_EXE_to_INT1_WB_EXE_RESULT[15]_i_1/O
                         net (fo=1, routed)           0.289    13.747    u_wb/defaultClockArea_cpu/INT1_EXE_to_INT1_WB_EXE_RESULT[15]_i_1_n_0
    SLICE_X102Y111       FDRE                                         r  u_wb/defaultClockArea_cpu/INT1_EXE_to_INT1_WB_EXE_RESULT_reg[15]/D
  -------------------------------------------------------------------    -------------------

                         (clock aclk rise edge)      10.000    10.000 r  
    L22                                               0.000    10.000 r  aclk (IN)
                         net (fo=0)                   0.000    10.000    aclk
    L22                  IBUF (Prop_ibuf_I_O)         0.762    10.762 r  aclk_IBUF_inst/O
                         net (fo=1, routed)           1.734    12.496    aclk_IBUF
    BUFGCTRL_X0Y1        BUFG (Prop_bufg_I_O)         0.077    12.573 r  aclk_IBUF_BUFG_inst_replica/O
                         net (fo=3, routed)           0.112    12.685    aclk_IBUF_BUFG_repN
    BUFGCTRL_X0Y0        BUFG (Prop_bufg_I_O)         0.077    12.762 r  aclk_IBUF_BUFG_inst/O
                         net (fo=17751, routed)       1.303    14.065    u_wb/defaultClockArea_cpu/aclk_IBUF_BUFG
    SLICE_X102Y111       FDRE                                         r  u_wb/defaultClockArea_cpu/INT1_EXE_to_INT1_WB_EXE_RESULT_reg[15]/C
                         clock pessimism              0.304    14.368    
                         clock uncertainty           -0.035    14.333    
    SLICE_X102Y111       FDRE (Setup_fdre_C_D)       -0.186    14.147    u_wb/defaultClockArea_cpu/INT1_EXE_to_INT1_WB_EXE_RESULT_reg[15]
  -------------------------------------------------------------------
                         required time                         14.147    
                         arrival time                         -13.747    
  -------------------------------------------------------------------
                         slack                                  0.400    





Pulse Width Checks
--------------------------------------------------------------------------------------
Clock Name:         aclk
Waveform(ns):       { 0.000 5.000 }
Period(ns):         10.000
Sources:            { aclk }

Check Type        Corner  Lib Pin             Reference Pin  Required(ns)  Actual(ns)  Slack(ns)  Location      Pin
Min Period        n/a     DSP48E1/CLK         n/a            3.109         10.000      6.891      DSP48_X3Y49   core_top/wb_raw_top/MyCPUCore/multiplier/<hidden>/<hidden>/<hidden>
Min Period        n/a     RAMB36E1/CLKARDCLK  n/a            2.472         10.000      7.528      RAMB36_X0Y10  u_wb/defaultClockArea_axiBuffer/fifo/xpm_fifo_base_inst/gen_sdpram.xpm_memory_base_inst/gen_wr_a.gen_word_narrow.mem_reg_0/CLKARDCLK
Min Period        n/a     RAMB36E1/CLKARDCLK  n/a            2.472         10.000      7.528      RAMB36_X0Y9   u_wb/defaultClockArea_axiBuffer/fifo/xpm_fifo_base_inst/gen_sdpram.xpm_memory_base_inst/gen_wr_a.gen_word_narrow.mem_reg_1/CLKARDCLK
Min Period        n/a     RAMB18E1/CLKARDCLK  n/a            2.472         10.000      7.528      RAMB18_X0Y22  u_wb/defaultClockArea_axiBuffer/fifo/xpm_fifo_base_inst/gen_sdpram.xpm_memory_base_inst/gen_wr_a.gen_word_narrow.mem_reg_2/CLKARDCLK
Min Period        n/a     RAMB36E1/CLKARDCLK  n/a            2.472         10.000      7.528      RAMB36_X1Y12  u_wb/defaultClockArea_cpu/DCachePlugin_dataRAMs_0/mem/xpm_memory_base_inst/gen_wr_a.gen_byte_narrow.for_mem_cols[1].mem_reg/CLKARDCLK
Min Period        n/a     RAMB36E1/CLKARDCLK  n/a            2.472         10.000      7.528      RAMB36_X1Y13  u_wb/defaultClockArea_cpu/DCachePlugin_dataRAMs_1/mem/xpm_memory_base_inst/gen_wr_a.gen_byte_narrow.for_mem_cols[1].mem_reg/CLKARDCLK
Min Period        n/a     RAMB36E1/CLKARDCLK  n/a            2.472         10.000      7.528      RAMB36_X0Y13  u_wb/defaultClockArea_cpu/DCachePlugin_infoRAM/mem/xpm_memory_base_inst/gen_wr_a.gen_word_narrow.mem_reg/CLKARDCLK
Min Period        n/a     RAMB36E1/CLKBWRCLK  n/a            2.472         10.000      7.528      RAMB36_X0Y13  u_wb/defaultClockArea_cpu/DCachePlugin_infoRAM/mem/xpm_memory_base_inst/gen_wr_a.gen_word_narrow.mem_reg/CLKBWRCLK
Min Period        n/a     RAMB36E1/CLKARDCLK  n/a            2.472         10.000      7.528      RAMB36_X2Y8   u_wb/defaultClockArea_cpu/GlobalPredictorBTBPlugin_btb/rams_0/mem/xpm_memory_base_inst/gen_wr_a.gen_word_narrow.mem_reg/CLKARDCLK
Min Period        n/a     RAMB36E1/CLKBWRCLK  n/a            2.472         10.000      7.528      RAMB36_X2Y8   u_wb/defaultClockArea_cpu/GlobalPredictorBTBPlugin_btb/rams_0/mem/xpm_memory_base_inst/gen_wr_a.gen_word_narrow.mem_reg/CLKBWRCLK
Min Period        n/a     RAMB36E1/CLKARDCLK  n/a            2.472         10.000      7.528      RAMB36_X2Y6   u_wb/defaultClockArea_cpu/GlobalPredictorBTBPlugin_btb/rams_1/mem/xpm_memory_base_inst/gen_wr_a.gen_word_narrow.mem_reg/CLKARDCLK
Min Period        n/a     RAMB36E1/CLKBWRCLK  n/a            2.472         10.000      7.528      RAMB36_X2Y6   u_wb/defaultClockArea_cpu/GlobalPredictorBTBPlugin_btb/rams_1/mem/xpm_memory_base_inst/gen_wr_a.gen_word_narrow.mem_reg/CLKBWRCLK
Min Period        n/a     RAMB36E1/CLKARDCLK  n/a            2.472         10.000      7.528      RAMB36_X2Y9   u_wb/defaultClockArea_cpu/GlobalPredictorBTBPlugin_btb/rams_2/mem/xpm_memory_base_inst/gen_wr_a.gen_word_narrow.mem_reg/CLKARDCLK
Min Period        n/a     RAMB36E1/CLKBWRCLK  n/a            2.472         10.000      7.528      RAMB36_X2Y9   u_wb/defaultClockArea_cpu/GlobalPredictorBTBPlugin_btb/rams_2/mem/xpm_memory_base_inst/gen_wr_a.gen_word_narrow.mem_reg/CLKBWRCLK
Min Period        n/a     RAMB36E1/CLKARDCLK  n/a            2.472         10.000      7.528      RAMB36_X1Y9   u_wb/defaultClockArea_cpu/GlobalPredictorBTBPlugin_btb/rams_3/mem/xpm_memory_base_inst/gen_wr_a.gen_word_narrow.mem_reg/CLKARDCLK
Min Period        n/a     RAMB36E1/CLKBWRCLK  n/a            2.472         10.000      7.528      RAMB36_X1Y9   u_wb/defaultClockArea_cpu/GlobalPredictorBTBPlugin_btb/rams_3/mem/xpm_memory_base_inst/gen_wr_a.gen_word_narrow.mem_reg/CLKBWRCLK
Min Period        n/a     RAMB18E1/CLKARDCLK  n/a            2.472         10.000      7.528      RAMB18_X2Y22  u_wb/defaultClockArea_cpu/GlobalPredictorBTBPlugin_predictor/pht/rams_0/mem/xpm_memory_base_inst/gen_wr_a.gen_word_narrow.mem_reg/CLKARDCLK
Min Period        n/a     RAMB18E1/CLKARDCLK  n/a            2.472         10.000      7.528      RAMB18_X2Y20  u_wb/defaultClockArea_cpu/GlobalPredictorBTBPlugin_predictor/pht/rams_1/mem/xpm_memory_base_inst/gen_wr_a.gen_word_narrow.mem_reg/CLKARDCLK
Min Period        n/a     RAMB18E1/CLKARDCLK  n/a            2.472         10.000      7.528      RAMB18_X3Y20  u_wb/defaultClockArea_cpu/GlobalPredictorBTBPlugin_predictor/pht/rams_2/mem/xpm_memory_base_inst/gen_wr_a.gen_word_narrow.mem_reg/CLKARDCLK
Min Period        n/a     RAMB18E1/CLKARDCLK  n/a            2.472         10.000      7.528      RAMB18_X2Y23  u_wb/defaultClockArea_cpu/GlobalPredictorBTBPlugin_predictor/pht/rams_3/mem/xpm_memory_base_inst/gen_wr_a.gen_word_narrow.mem_reg/CLKARDCLK
Low Pulse Width   Slow    RAMD32/CLK          n/a            1.130         5.000       3.870      SLICE_X46Y68  u_wb/defaultClockArea_cpu/ROBFIFOPlugin_robInfo/ram/rams_0/mem/xpm_memory_base_inst/gen_wr_a.gen_word_narrow.mem_reg_0_7_0_5/RAMA/CLK
Low Pulse Width   Fast    RAMD32/CLK          n/a            1.130         5.000       3.870      SLICE_X46Y68  u_wb/defaultClockArea_cpu/ROBFIFOPlugin_robInfo/ram/rams_0/mem/xpm_memory_base_inst/gen_wr_a.gen_word_narrow.mem_reg_0_7_0_5/RAMA/CLK
Low Pulse Width   Slow    RAMD32/CLK          n/a            1.130         5.000       3.870      SLICE_X46Y68  u_wb/defaultClockArea_cpu/ROBFIFOPlugin_robInfo/ram/rams_0/mem/xpm_memory_base_inst/gen_wr_a.gen_word_narrow.mem_reg_0_7_0_5/RAMA_D1/CLK
Low Pulse Width   Fast    RAMD32/CLK          n/a            1.130         5.000       3.870      SLICE_X46Y68  u_wb/defaultClockArea_cpu/ROBFIFOPlugin_robInfo/ram/rams_0/mem/xpm_memory_base_inst/gen_wr_a.gen_word_narrow.mem_reg_0_7_0_5/RAMA_D1/CLK
Low Pulse Width   Slow    RAMD32/CLK          n/a            1.130         5.000       3.870      SLICE_X46Y68  u_wb/defaultClockArea_cpu/ROBFIFOPlugin_robInfo/ram/rams_0/mem/xpm_memory_base_inst/gen_wr_a.gen_word_narrow.mem_reg_0_7_0_5/RAMB/CLK
Low Pulse Width   Fast    RAMD32/CLK          n/a            1.130         5.000       3.870      SLICE_X46Y68  u_wb/defaultClockArea_cpu/ROBFIFOPlugin_robInfo/ram/rams_0/mem/xpm_memory_base_inst/gen_wr_a.gen_word_narrow.mem_reg_0_7_0_5/RAMB/CLK
Low Pulse Width   Slow    RAMD32/CLK          n/a            1.130         5.000       3.870      SLICE_X46Y68  u_wb/defaultClockArea_cpu/ROBFIFOPlugin_robInfo/ram/rams_0/mem/xpm_memory_base_inst/gen_wr_a.gen_word_narrow.mem_reg_0_7_0_5/RAMB_D1/CLK
Low Pulse Width   Fast    RAMD32/CLK          n/a            1.130         5.000       3.870      SLICE_X46Y68  u_wb/defaultClockArea_cpu/ROBFIFOPlugin_robInfo/ram/rams_0/mem/xpm_memory_base_inst/gen_wr_a.gen_word_narrow.mem_reg_0_7_0_5/RAMB_D1/CLK
Low Pulse Width   Slow    RAMD32/CLK          n/a            1.130         5.000       3.870      SLICE_X46Y68  u_wb/defaultClockArea_cpu/ROBFIFOPlugin_robInfo/ram/rams_0/mem/xpm_memory_base_inst/gen_wr_a.gen_word_narrow.mem_reg_0_7_0_5/RAMC/CLK
Low Pulse Width   Fast    RAMD32/CLK          n/a            1.130         5.000       3.870      SLICE_X46Y68  u_wb/defaultClockArea_cpu/ROBFIFOPlugin_robInfo/ram/rams_0/mem/xpm_memory_base_inst/gen_wr_a.gen_word_narrow.mem_reg_0_7_0_5/RAMC/CLK
Low Pulse Width   Slow    RAMD32/CLK          n/a            1.130         5.000       3.870      SLICE_X46Y68  u_wb/defaultClockArea_cpu/ROBFIFOPlugin_robInfo/ram/rams_0/mem/xpm_memory_base_inst/gen_wr_a.gen_word_narrow.mem_reg_0_7_0_5/RAMC_D1/CLK
Low Pulse Width   Fast    RAMD32/CLK          n/a            1.130         5.000       3.870      SLICE_X46Y68  u_wb/defaultClockArea_cpu/ROBFIFOPlugin_robInfo/ram/rams_0/mem/xpm_memory_base_inst/gen_wr_a.gen_word_narrow.mem_reg_0_7_0_5/RAMC_D1/CLK
Low Pulse Width   Slow    RAMS32/CLK          n/a            1.130         5.000       3.870      SLICE_X46Y68  u_wb/defaultClockArea_cpu/ROBFIFOPlugin_robInfo/ram/rams_0/mem/xpm_memory_base_inst/gen_wr_a.gen_word_narrow.mem_reg_0_7_0_5/RAMD/CLK
Low Pulse Width   Fast    RAMS32/CLK          n/a            1.130         5.000       3.870      SLICE_X46Y68  u_wb/defaultClockArea_cpu/ROBFIFOPlugin_robInfo/ram/rams_0/mem/xpm_memory_base_inst/gen_wr_a.gen_word_narrow.mem_reg_0_7_0_5/RAMD/CLK
Low Pulse Width   Slow    RAMS32/CLK          n/a            1.130         5.000       3.870      SLICE_X46Y68  u_wb/defaultClockArea_cpu/ROBFIFOPlugin_robInfo/ram/rams_0/mem/xpm_memory_base_inst/gen_wr_a.gen_word_narrow.mem_reg_0_7_0_5/RAMD_D1/CLK
Low Pulse Width   Fast    RAMS32/CLK          n/a            1.130         5.000       3.870      SLICE_X46Y68  u_wb/defaultClockArea_cpu/ROBFIFOPlugin_robInfo/ram/rams_0/mem/xpm_memory_base_inst/gen_wr_a.gen_word_narrow.mem_reg_0_7_0_5/RAMD_D1/CLK
Low Pulse Width   Slow    RAMD32/CLK          n/a            1.130         5.000       3.870      SLICE_X48Y71  u_wb/defaultClockArea_cpu/ROBFIFOPlugin_robInfo/ram/rams_0/mem/xpm_memory_base_inst/gen_wr_a.gen_word_narrow.mem_reg_0_7_102_107/RAMA/CLK
Low Pulse Width   Fast    RAMD32/CLK          n/a            1.130         5.000       3.870      SLICE_X48Y71  u_wb/defaultClockArea_cpu/ROBFIFOPlugin_robInfo/ram/rams_0/mem/xpm_memory_base_inst/gen_wr_a.gen_word_narrow.mem_reg_0_7_102_107/RAMA/CLK
Low Pulse Width   Slow    RAMD32/CLK          n/a            1.130         5.000       3.870      SLICE_X48Y71  u_wb/defaultClockArea_cpu/ROBFIFOPlugin_robInfo/ram/rams_0/mem/xpm_memory_base_inst/gen_wr_a.gen_word_narrow.mem_reg_0_7_102_107/RAMA_D1/CLK
Low Pulse Width   Fast    RAMD32/CLK          n/a            1.130         5.000       3.870      SLICE_X48Y71  u_wb/defaultClockArea_cpu/ROBFIFOPlugin_robInfo/ram/rams_0/mem/xpm_memory_base_inst/gen_wr_a.gen_word_narrow.mem_reg_0_7_102_107/RAMA_D1/CLK
High Pulse Width  Slow    RAMD32/CLK          n/a            1.130         5.000       3.870      SLICE_X46Y68  u_wb/defaultClockArea_cpu/ROBFIFOPlugin_robInfo/ram/rams_0/mem/xpm_memory_base_inst/gen_wr_a.gen_word_narrow.mem_reg_0_7_0_5/RAMA/CLK
High Pulse Width  Fast    RAMD32/CLK          n/a            1.130         5.000       3.870      SLICE_X46Y68  u_wb/defaultClockArea_cpu/ROBFIFOPlugin_robInfo/ram/rams_0/mem/xpm_memory_base_inst/gen_wr_a.gen_word_narrow.mem_reg_0_7_0_5/RAMA/CLK
High Pulse Width  Slow    RAMD32/CLK          n/a            1.130         5.000       3.870      SLICE_X46Y68  u_wb/defaultClockArea_cpu/ROBFIFOPlugin_robInfo/ram/rams_0/mem/xpm_memory_base_inst/gen_wr_a.gen_word_narrow.mem_reg_0_7_0_5/RAMA_D1/CLK
High Pulse Width  Fast    RAMD32/CLK          n/a            1.130         5.000       3.870      SLICE_X46Y68  u_wb/defaultClockArea_cpu/ROBFIFOPlugin_robInfo/ram/rams_0/mem/xpm_memory_base_inst/gen_wr_a.gen_word_narrow.mem_reg_0_7_0_5/RAMA_D1/CLK
High Pulse Width  Slow    RAMD32/CLK          n/a            1.130         5.000       3.870      SLICE_X46Y68  u_wb/defaultClockArea_cpu/ROBFIFOPlugin_robInfo/ram/rams_0/mem/xpm_memory_base_inst/gen_wr_a.gen_word_narrow.mem_reg_0_7_0_5/RAMB/CLK
High Pulse Width  Fast    RAMD32/CLK          n/a            1.130         5.000       3.870      SLICE_X46Y68  u_wb/defaultClockArea_cpu/ROBFIFOPlugin_robInfo/ram/rams_0/mem/xpm_memory_base_inst/gen_wr_a.gen_word_narrow.mem_reg_0_7_0_5/RAMB/CLK
High Pulse Width  Slow    RAMD32/CLK          n/a            1.130         5.000       3.870      SLICE_X46Y68  u_wb/defaultClockArea_cpu/ROBFIFOPlugin_robInfo/ram/rams_0/mem/xpm_memory_base_inst/gen_wr_a.gen_word_narrow.mem_reg_0_7_0_5/RAMB_D1/CLK
High Pulse Width  Fast    RAMD32/CLK          n/a            1.130         5.000       3.870      SLICE_X46Y68  u_wb/defaultClockArea_cpu/ROBFIFOPlugin_robInfo/ram/rams_0/mem/xpm_memory_base_inst/gen_wr_a.gen_word_narrow.mem_reg_0_7_0_5/RAMB_D1/CLK
High Pulse Width  Slow    RAMD32/CLK          n/a            1.130         5.000       3.870      SLICE_X46Y68  u_wb/defaultClockArea_cpu/ROBFIFOPlugin_robInfo/ram/rams_0/mem/xpm_memory_base_inst/gen_wr_a.gen_word_narrow.mem_reg_0_7_0_5/RAMC/CLK
High Pulse Width  Fast    RAMD32/CLK          n/a            1.130         5.000       3.870      SLICE_X46Y68  u_wb/defaultClockArea_cpu/ROBFIFOPlugin_robInfo/ram/rams_0/mem/xpm_memory_base_inst/gen_wr_a.gen_word_narrow.mem_reg_0_7_0_5/RAMC/CLK
High Pulse Width  Slow    RAMD32/CLK          n/a            1.130         5.000       3.870      SLICE_X46Y68  u_wb/defaultClockArea_cpu/ROBFIFOPlugin_robInfo/ram/rams_0/mem/xpm_memory_base_inst/gen_wr_a.gen_word_narrow.mem_reg_0_7_0_5/RAMC_D1/CLK
High Pulse Width  Fast    RAMD32/CLK          n/a            1.130         5.000       3.870      SLICE_X46Y68  u_wb/defaultClockArea_cpu/ROBFIFOPlugin_robInfo/ram/rams_0/mem/xpm_memory_base_inst/gen_wr_a.gen_word_narrow.mem_reg_0_7_0_5/RAMC_D1/CLK
High Pulse Width  Slow    RAMS32/CLK          n/a            1.130         5.000       3.870      SLICE_X46Y68  u_wb/defaultClockArea_cpu/ROBFIFOPlugin_robInfo/ram/rams_0/mem/xpm_memory_base_inst/gen_wr_a.gen_word_narrow.mem_reg_0_7_0_5/RAMD/CLK
High Pulse Width  Fast    RAMS32/CLK          n/a            1.130         5.000       3.870      SLICE_X46Y68  u_wb/defaultClockArea_cpu/ROBFIFOPlugin_robInfo/ram/rams_0/mem/xpm_memory_base_inst/gen_wr_a.gen_word_narrow.mem_reg_0_7_0_5/RAMD/CLK
High Pulse Width  Slow    RAMS32/CLK          n/a            1.130         5.000       3.870      SLICE_X46Y68  u_wb/defaultClockArea_cpu/ROBFIFOPlugin_robInfo/ram/rams_0/mem/xpm_memory_base_inst/gen_wr_a.gen_word_narrow.mem_reg_0_7_0_5/RAMD_D1/CLK
High Pulse Width  Fast    RAMS32/CLK          n/a            1.130         5.000       3.870      SLICE_X46Y68  u_wb/defaultClockArea_cpu/ROBFIFOPlugin_robInfo/ram/rams_0/mem/xpm_memory_base_inst/gen_wr_a.gen_word_narrow.mem_reg_0_7_0_5/RAMD_D1/CLK
High Pulse Width  Slow    RAMD32/CLK          n/a            1.130         5.000       3.870      SLICE_X48Y71  u_wb/defaultClockArea_cpu/ROBFIFOPlugin_robInfo/ram/rams_0/mem/xpm_memory_base_inst/gen_wr_a.gen_word_narrow.mem_reg_0_7_102_107/RAMA/CLK
High Pulse Width  Fast    RAMD32/CLK          n/a            1.130         5.000       3.870      SLICE_X48Y71  u_wb/defaultClockArea_cpu/ROBFIFOPlugin_robInfo/ram/rams_0/mem/xpm_memory_base_inst/gen_wr_a.gen_word_narrow.mem_reg_0_7_102_107/RAMA/CLK
High Pulse Width  Slow    RAMD32/CLK          n/a            1.130         5.000       3.870      SLICE_X48Y71  u_wb/defaultClockArea_cpu/ROBFIFOPlugin_robInfo/ram/rams_0/mem/xpm_memory_base_inst/gen_wr_a.gen_word_narrow.mem_reg_0_7_102_107/RAMA_D1/CLK
High Pulse Width  Fast    RAMD32/CLK          n/a            1.130         5.000       3.870      SLICE_X48Y71  u_wb/defaultClockArea_cpu/ROBFIFOPlugin_robInfo/ram/rams_0/mem/xpm_memory_base_inst/gen_wr_a.gen_word_narrow.mem_reg_0_7_102_107/RAMA_D1/CLK



