Copyright 1986-2022 Xilinx, Inc. All Rights Reserved. Copyright 2022-2025 Advanced Micro Devices, Inc. All Rights Reserved.
-----------------------------------------------------------------------------------------------------------------------------------------------------
| Tool Version : Vivado v.2025.2 (win64) Build 6299465 Fri Nov 14 19:35:11 GMT 2025
| Date         : Wed Jul 29 09:52:56 2026
| Host         : MM的ThinkBook16p running 64-bit major release  (build 9200)
| Command      : report_timing_summary -delay_type max -max_paths 20 -file D:/NSCSCC2026/WeBattle-Core/reports/WB-N2/synth_dmw/timing_synth_10ns.rpt
| Design       : core_top
| Device       : 7a200t-fbg676
| Speed File   : -2  PRODUCTION 1.23 2018-06-13
| Design State : Synthesized
-----------------------------------------------------------------------------------------------------------------------------------------------------

Timing Summary Report

------------------------------------------------------------------------------------------------
| Timer Settings
| --------------
------------------------------------------------------------------------------------------------

  Enable Multi Corner Analysis               :  Yes
  Enable Pessimism Removal                   :  Yes
  Pessimism Removal Resolution               :  Nearest Common Node
  Enable Input Delay Default Clock           :  No
  Enable Preset / Clear Arcs                 :  No
  Disable Flight Delays                      :  No
  Ignore I/O Paths                           :  No
  Timing Early Launch at Borrowing Latches   :  No
  Borrow Time for Max Delay Exceptions       :  Yes
  Merge Timing Exceptions                    :  Yes
  Inter-SLR Compensation                     :  Conservative

  Corner  Analyze    Analyze    
  Name    Max Paths  Min Paths  
  ------  ---------  ---------  
  Slow    Yes        Yes        
  Fast    Yes        Yes        


------------------------------------------------------------------------------------------------
| Report Methodology
| ------------------
------------------------------------------------------------------------------------------------

No report available as report_methodology has not been run prior. Run report_methodology on the current design for the summary of methodology violations.



check_timing report

Table of Contents
-----------------
1. checking no_clock (0)
2. checking constant_clock (0)
3. checking pulse_width_clock (0)
4. checking unconstrained_internal_endpoints (0)
5. checking no_input_delay (47)
6. checking no_output_delay (234)
7. checking multiple_clock (0)
8. checking generated_clocks (0)
9. checking loops (0)
10. checking partial_input_delay (0)
11. checking partial_output_delay (0)
12. checking latch_loops (0)

1. checking no_clock (0)
------------------------
 There are 0 register/latch pins with no clock.


2. checking constant_clock (0)
------------------------------
 There are 0 register/latch pins with constant_clock.


3. checking pulse_width_clock (0)
---------------------------------
 There are 0 register/latch pins which need pulse_width check


4. checking unconstrained_internal_endpoints (0)
------------------------------------------------
 There are 0 pins that are not constrained for maximum delay.

 There are 0 pins that are not constrained for maximum delay due to constant clock.


5. checking no_input_delay (47)
-------------------------------
 There are 47 input ports with no input delay specified. (HIGH)

 There are 0 input ports with no input delay but user has a false path constraint.


6. checking no_output_delay (234)
---------------------------------
 There are 234 ports with no output delay specified. (HIGH)

 There are 0 ports with no output delay but user has a false path constraint

 There are 0 ports with no output delay but with a timing clock defined on it or propagating through it


7. checking multiple_clock (0)
------------------------------
 There are 0 register/latch pins with multiple clocks.


8. checking generated_clocks (0)
--------------------------------
 There are 0 generated clocks that are not connected to a clock source.


9. checking loops (0)
---------------------
 There are 0 combinational loops in the design.


10. checking partial_input_delay (0)
------------------------------------
 There are 0 input ports with partial input delay specified.


11. checking partial_output_delay (0)
-------------------------------------
 There are 0 ports with partial output delay specified.


12. checking latch_loops (0)
----------------------------
 There are 0 combinational latch loops in the design through latch input



------------------------------------------------------------------------------------------------
| Design Timing Summary
| ---------------------
------------------------------------------------------------------------------------------------

    WNS(ns)      TNS(ns)  TNS Failing Endpoints  TNS Total Endpoints     WPWS(ns)     TPWS(ns)  TPWS Failing Endpoints  TPWS Total Endpoints  
    -------      -------  ---------------------  -------------------     --------     --------  ----------------------  --------------------  
      0.280        0.000                      0                35429        3.870        0.000                       0                 17642  


All user specified timing constraints are met.


------------------------------------------------------------------------------------------------
| Clock Summary
| -------------
------------------------------------------------------------------------------------------------

Clock       Waveform(ns)       Period(ns)      Frequency(MHz)
-----       ------------       ----------      --------------
core_clock  {0.000 5.000}      10.000          100.000         


------------------------------------------------------------------------------------------------
| Intra Clock Table
| -----------------
------------------------------------------------------------------------------------------------

Clock             WNS(ns)      TNS(ns)  TNS Failing Endpoints  TNS Total Endpoints     WPWS(ns)     TPWS(ns)  TPWS Failing Endpoints  TPWS Total Endpoints  
-----             -------      -------  ---------------------  -------------------     --------     --------  ----------------------  --------------------  
core_clock          0.280        0.000                      0                35429        3.870        0.000                       0                 17642  


------------------------------------------------------------------------------------------------
| Inter Clock Table
| -----------------
------------------------------------------------------------------------------------------------

From Clock    To Clock          WNS(ns)      TNS(ns)  TNS Failing Endpoints  TNS Total Endpoints  
----------    --------          -------      -------  ---------------------  -------------------  


------------------------------------------------------------------------------------------------
| Other Path Groups Table
| -----------------------
------------------------------------------------------------------------------------------------

Path Group    From Clock    To Clock          WNS(ns)      TNS(ns)  TNS Failing Endpoints  TNS Total Endpoints  
----------    ----------    --------          -------      -------  ---------------------  -------------------  


------------------------------------------------------------------------------------------------
| Timing Details
| --------------
------------------------------------------------------------------------------------------------


---------------------------------------------------------------------------------------------------
From Clock:  core_clock
  To Clock:  core_clock

Setup :            0  Failing Endpoints,  Worst Slack        0.280ns,  Total Violation        0.000ns
Hold  :           NA  Failing Endpoints,  Worst Slack           NA  ,  Total Violation           NA
PW    :            0  Failing Endpoints,  Worst Slack        3.870ns,  Total Violation        0.000ns
---------------------------------------------------------------------------------------------------


Max Delay Paths
--------------------------------------------------------------------------------------
Slack (MET) :             0.280ns  (required time - arrival time)
  Source:                 u_wb/defaultClockArea_cpu/MULDIV_RRD_to_MULDIV_EXE_ISSUE_SLOT_uop_signed_reg/C
                            (rising edge-triggered cell FDRE clocked by core_clock  {rise@0.000ns fall@5.000ns period=10.000ns})
  Destination:            u_wb/defaultClockArea_cpu/IntIssueQueuePlugin_queue_3_payload_rRegs_1_valid_reg/D
                            (rising edge-triggered cell FDRE clocked by core_clock  {rise@0.000ns fall@5.000ns period=10.000ns})
  Path Group:             core_clock
  Path Type:              Setup (Max at Slow Process Corner)
  Requirement:            10.000ns  (core_clock rise@10.000ns - core_clock rise@0.000ns)
  Data Path Delay:        9.569ns  (logic 3.195ns (33.389%)  route 6.374ns (66.611%))
  Logic Levels:           20  (CARRY4=6 LUT3=1 LUT4=2 LUT5=5 LUT6=6)
  Clock Path Skew:        -0.145ns (DCD - SCD + CPR)
    Destination Clock Delay (DCD):    1.881ns = ( 11.881 - 10.000 ) 
    Source Clock Delay      (SCD):    2.193ns
    Clock Pessimism Removal (CPR):    0.167ns
  Clock Uncertainty:      0.035ns  ((TSJ^2 + TIJ^2)^1/2 + DJ) / 2 + PE
    Total System Jitter     (TSJ):    0.071ns
    Total Input Jitter      (TIJ):    0.000ns
    Discrete Jitter          (DJ):    0.000ns
    Phase Error              (PE):    0.000ns

    Location             Delay type                Incr(ns)  Path(ns)    Netlist Resource(s)
  -------------------------------------------------------------------    -------------------
                         (clock core_clock rise edge)
                                                      0.000     0.000 r  
                                                      0.000     0.000 r  aclk (IN)
                         net (fo=0)                   0.000     0.000    aclk
                         IBUF (Prop_ibuf_I_O)         0.882     0.882 r  aclk_IBUF_inst/O
                         net (fo=1, unplaced)         0.646     1.528    aclk_IBUF
                         BUFG (Prop_bufg_I_O)         0.081     1.609 r  aclk_IBUF_BUFG_inst/O
                         net (fo=17644, unplaced)     0.584     2.193    u_wb/defaultClockArea_cpu/aclk_IBUF_BUFG
                         FDRE                                         r  u_wb/defaultClockArea_cpu/MULDIV_RRD_to_MULDIV_EXE_ISSUE_SLOT_uop_signed_reg/C
  -------------------------------------------------------------------    -------------------
                         FDRE (Prop_fdre_C_Q)         0.379     2.572 r  u_wb/defaultClockArea_cpu/MULDIV_RRD_to_MULDIV_EXE_ISSUE_SLOT_uop_signed_reg/Q
                         net (fo=192, unplaced)       0.715     3.287    u_wb/defaultClockArea_cpu/unsignedDivider_2/MULDIV_RRD_to_MULDIV_EXE_ISSUE_SLOT_uop_signed
                         LUT3 (Prop_lut3_I0_O)        0.252     3.539 r  u_wb/defaultClockArea_cpu/unsignedDivider_2/MULDIV_EXE_MulDivExecutePlugin_multiplier_i_77/O
                         net (fo=1, unplaced)         0.000     3.539    u_wb/defaultClockArea_cpu/unsignedDivider_2/_zz_MULDIV_EXE_MulDivExecutePlugin_absRk[0]
                         CARRY4 (Prop_carry4_DI[0]_CO[3])
                                                      0.477     4.016 r  u_wb/defaultClockArea_cpu/unsignedDivider_2/MULDIV_EXE_MulDivExecutePlugin_multiplier_i_16/CO[3]
                         net (fo=1, unplaced)         0.008     4.024    u_wb/defaultClockArea_cpu/unsignedDivider_2/MULDIV_EXE_MulDivExecutePlugin_multiplier_i_16_n_0
                         CARRY4 (Prop_carry4_CI_CO[3])
                                                      0.100     4.124 r  u_wb/defaultClockArea_cpu/unsignedDivider_2/MULDIV_EXE_MulDivExecutePlugin_multiplier_i_15/CO[3]
                         net (fo=1, unplaced)         0.000     4.124    u_wb/defaultClockArea_cpu/unsignedDivider_2/MULDIV_EXE_MulDivExecutePlugin_multiplier_i_15_n_0
                         CARRY4 (Prop_carry4_CI_CO[3])
                                                      0.100     4.224 r  u_wb/defaultClockArea_cpu/unsignedDivider_2/MULDIV_EXE_MulDivExecutePlugin_multiplier_i_14/CO[3]
                         net (fo=1, unplaced)         0.000     4.224    u_wb/defaultClockArea_cpu/unsignedDivider_2/MULDIV_EXE_MulDivExecutePlugin_multiplier_i_14_n_0
                         CARRY4 (Prop_carry4_CI_CO[3])
                                                      0.100     4.324 r  u_wb/defaultClockArea_cpu/unsignedDivider_2/MULDIV_EXE_MulDivExecutePlugin_multiplier_i_13/CO[3]
                         net (fo=1, unplaced)         0.000     4.324    u_wb/defaultClockArea_cpu/unsignedDivider_2/MULDIV_EXE_MulDivExecutePlugin_multiplier_i_13_n_0
                         CARRY4 (Prop_carry4_CI_CO[3])
                                                      0.100     4.424 r  u_wb/defaultClockArea_cpu/unsignedDivider_2/MULDIV_EXE_MulDivExecutePlugin_multiplier_i_12/CO[3]
                         net (fo=1, unplaced)         0.000     4.424    u_wb/defaultClockArea_cpu/unsignedDivider_2/MULDIV_EXE_MulDivExecutePlugin_multiplier_i_12_n_0
                         CARRY4 (Prop_carry4_CI_O[0])
                                                      0.189     4.613 f  u_wb/defaultClockArea_cpu/unsignedDivider_2/MULDIV_EXE_MulDivExecutePlugin_multiplier_i_11/O[0]
                         net (fo=4, unplaced)         0.623     5.236    u_wb/defaultClockArea_cpu/unsignedDivider_2/B[20]
                         LUT4 (Prop_lut4_I1_O)        0.238     5.474 f  u_wb/defaultClockArea_cpu/unsignedDivider_2/MULDIV_RRD_to_MULDIV_EXE_ISSUE_SLOT_wReg[5]_i_10/O
                         net (fo=1, unplaced)         0.347     5.821    u_wb/defaultClockArea_cpu/unsignedDivider_2/MULDIV_RRD_to_MULDIV_EXE_ISSUE_SLOT_wReg[5]_i_10_n_0
                         LUT5 (Prop_lut5_I4_O)        0.105     5.926 r  u_wb/defaultClockArea_cpu/unsignedDivider_2/MULDIV_RRD_to_MULDIV_EXE_ISSUE_SLOT_wReg[5]_i_6/O
                         net (fo=1, unplaced)         0.582     6.508    u_wb/defaultClockArea_cpu/unsignedDivider_2/MULDIV_RRD_to_MULDIV_EXE_ISSUE_SLOT_wReg[5]_i_6_n_0
                         LUT4 (Prop_lut4_I1_O)        0.105     6.613 r  u_wb/defaultClockArea_cpu/unsignedDivider_2/MULDIV_RRD_to_MULDIV_EXE_ISSUE_SLOT_wReg[5]_i_4/O
                         net (fo=67, unplaced)        0.437     7.050    u_wb/defaultClockArea_cpu/unsignedDivider_3/MULDIV_RRD_to_MULDIV_EXE_ISSUE_SLOT_robIdx_reg[0]_0
                         LUT5 (Prop_lut5_I2_O)        0.105     7.155 r  u_wb/defaultClockArea_cpu/unsignedDivider_3/MULDIV_RRD_to_MULDIV_EXE_ISSUE_SLOT_wReg[5]_i_1/O
                         net (fo=88, unplaced)        0.443     7.598    u_wb/defaultClockArea_cpu/unsignedDivider_3/E[0]
                         LUT6 (Prop_lut6_I0_O)        0.105     7.703 r  u_wb/defaultClockArea_cpu/unsignedDivider_3/PhysRegFilePlugin_busys_31_i_4/O
                         net (fo=100, unplaced)       0.447     8.150    u_wb/defaultClockArea_cpu/unsignedDivider_3/PhysRegFilePlugin_busys_31_i_4_n_0
                         LUT6 (Prop_lut6_I2_O)        0.105     8.255 r  u_wb/defaultClockArea_cpu/unsignedDivider_3/MemIssueQueuePlugin_queue_4_payload_rRegs_1_valid_i_24/O
                         net (fo=1, unplaced)         0.347     8.602    u_wb/defaultClockArea_cpu/unsignedDivider_3/MemIssueQueuePlugin_queue_4_payload_rRegs_1_valid_i_24_n_0
                         LUT6 (Prop_lut6_I1_O)        0.105     8.707 r  u_wb/defaultClockArea_cpu/unsignedDivider_3/MemIssueQueuePlugin_queue_4_payload_rRegs_1_valid_i_14/O
                         net (fo=1, unplaced)         0.347     9.054    u_wb/defaultClockArea_cpu/unsignedDivider_3/MemIssueQueuePlugin_queue_4_payload_rRegs_1_valid_i_14_n_0
                         LUT6 (Prop_lut6_I0_O)        0.105     9.159 r  u_wb/defaultClockArea_cpu/unsignedDivider_3/MemIssueQueuePlugin_queue_4_payload_rRegs_1_valid_i_7/O
                         net (fo=11, unplaced)        0.393     9.552    u_wb/defaultClockArea_cpu/unsignedDivider_3/MemIssueQueuePlugin_queue_4_payload_rRegs_1_valid_i_7_n_0
                         LUT5 (Prop_lut5_I0_O)        0.105     9.657 r  u_wb/defaultClockArea_cpu/unsignedDivider_3/IntIssueQueuePlugin_queue_0_payload_rRegs_1_valid_i_6/O
                         net (fo=8, unplaced)         0.385    10.042    u_wb/defaultClockArea_cpu/unsignedDivider_3/IntIssueQueuePlugin_queue_0_payload_rRegs_1_valid_i_6_n_0
                         LUT6 (Prop_lut6_I1_O)        0.105    10.147 r  u_wb/defaultClockArea_cpu/unsignedDivider_3/IntIssueQueuePlugin_queue_6_payload_rRegs_1_valid_i_6/O
                         net (fo=1, unplaced)         0.347    10.494    u_wb/defaultClockArea_cpu/unsignedDivider_3/IntIssueQueuePlugin_queue_6_payload_rRegs_1_valid_i_6_n_0
                         LUT6 (Prop_lut6_I0_O)        0.105    10.599 r  u_wb/defaultClockArea_cpu/unsignedDivider_3/IntIssueQueuePlugin_queue_6_payload_rRegs_1_valid_i_3/O
                         net (fo=1, unplaced)         0.347    10.946    u_wb/defaultClockArea_cpu/unsignedDivider_3/IntIssueQueuePlugin_queue_6_payload_rRegs_1_valid_i_3_n_0
                         LUT5 (Prop_lut5_I2_O)        0.105    11.051 r  u_wb/defaultClockArea_cpu/unsignedDivider_3/IntIssueQueuePlugin_queue_6_payload_rRegs_1_valid_i_1/O
                         net (fo=4, unplaced)         0.606    11.657    u_wb/defaultClockArea_cpu/unsignedDivider_3/RENAME_to_DISPATCH_PUSH_INDEXES_2_payload_reg[1]_rep__0
                         LUT5 (Prop_lut5_I0_O)        0.105    11.762 r  u_wb/defaultClockArea_cpu/unsignedDivider_3/IntIssueQueuePlugin_queue_3_payload_rRegs_1_valid_i_1/O
                         net (fo=1, unplaced)         0.000    11.762    u_wb/defaultClockArea_cpu/unsignedDivider_3_n_82
                         FDRE                                         r  u_wb/defaultClockArea_cpu/IntIssueQueuePlugin_queue_3_payload_rRegs_1_valid_reg/D
  -------------------------------------------------------------------    -------------------

                         (clock core_clock rise edge)
                                                     10.000    10.000 r  
                                                      0.000    10.000 r  aclk (IN)
                         net (fo=0)                   0.000    10.000    aclk
                         IBUF (Prop_ibuf_I_O)         0.751    10.751 r  aclk_IBUF_inst/O
                         net (fo=1, unplaced)         0.613    11.365    aclk_IBUF
                         BUFG (Prop_bufg_I_O)         0.077    11.442 r  aclk_IBUF_BUFG_inst/O
                         net (fo=17644, unplaced)     0.439    11.881    u_wb/defaultClockArea_cpu/aclk_IBUF_BUFG
                         FDRE                                         r  u_wb/defaultClockArea_cpu/IntIssueQueuePlugin_queue_3_payload_rRegs_1_valid_reg/C
                         clock pessimism              0.167    12.048    
                         clock uncertainty           -0.035    12.012    
                         FDRE (Setup_fdre_C_D)        0.029    12.041    u_wb/defaultClockArea_cpu/IntIssueQueuePlugin_queue_3_payload_rRegs_1_valid_reg
  -------------------------------------------------------------------
                         required time                         12.041    
                         arrival time                         -11.762    
  -------------------------------------------------------------------
                         slack                                  0.280    

Slack (MET) :             0.297ns  (required time - arrival time)
  Source:                 u_wb/defaultClockArea_cpu/MULDIV_RRD_to_MULDIV_EXE_ISSUE_SLOT_uop_signed_reg/C
                            (rising edge-triggered cell FDRE clocked by core_clock  {rise@0.000ns fall@5.000ns period=10.000ns})
  Destination:            u_wb/defaultClockArea_cpu/IntIssueQueuePlugin_queue_0_payload_rRegs_0_valid_reg/D
                            (rising edge-triggered cell FDRE clocked by core_clock  {rise@0.000ns fall@5.000ns period=10.000ns})
  Path Group:             core_clock
  Path Type:              Setup (Max at Slow Process Corner)
  Requirement:            10.000ns  (core_clock rise@10.000ns - core_clock rise@0.000ns)
  Data Path Delay:        9.552ns  (logic 3.195ns (33.449%)  route 6.357ns (66.552%))
  Logic Levels:           20  (CARRY4=6 LUT3=2 LUT4=3 LUT5=4 LUT6=5)
  Clock Path Skew:        -0.145ns (DCD - SCD + CPR)
    Destination Clock Delay (DCD):    1.881ns = ( 11.881 - 10.000 ) 
    Source Clock Delay      (SCD):    2.193ns
    Clock Pessimism Removal (CPR):    0.167ns
  Clock Uncertainty:      0.035ns  ((TSJ^2 + TIJ^2)^1/2 + DJ) / 2 + PE
    Total System Jitter     (TSJ):    0.071ns
    Total Input Jitter      (TIJ):    0.000ns
    Discrete Jitter          (DJ):    0.000ns
    Phase Error              (PE):    0.000ns

    Location             Delay type                Incr(ns)  Path(ns)    Netlist Resource(s)
  -------------------------------------------------------------------    -------------------
                         (clock core_clock rise edge)
                                                      0.000     0.000 r  
                                                      0.000     0.000 r  aclk (IN)
                         net (fo=0)                   0.000     0.000    aclk
                         IBUF (Prop_ibuf_I_O)         0.882     0.882 r  aclk_IBUF_inst/O
                         net (fo=1, unplaced)         0.646     1.528    aclk_IBUF
                         BUFG (Prop_bufg_I_O)         0.081     1.609 r  aclk_IBUF_BUFG_inst/O
                         net (fo=17644, unplaced)     0.584     2.193    u_wb/defaultClockArea_cpu/aclk_IBUF_BUFG
                         FDRE                                         r  u_wb/defaultClockArea_cpu/MULDIV_RRD_to_MULDIV_EXE_ISSUE_SLOT_uop_signed_reg/C
  -------------------------------------------------------------------    -------------------
                         FDRE (Prop_fdre_C_Q)         0.379     2.572 r  u_wb/defaultClockArea_cpu/MULDIV_RRD_to_MULDIV_EXE_ISSUE_SLOT_uop_signed_reg/Q
                         net (fo=192, unplaced)       0.715     3.287    u_wb/defaultClockArea_cpu/unsignedDivider_2/MULDIV_RRD_to_MULDIV_EXE_ISSUE_SLOT_uop_signed
                         LUT3 (Prop_lut3_I0_O)        0.252     3.539 r  u_wb/defaultClockArea_cpu/unsignedDivider_2/MULDIV_EXE_MulDivExecutePlugin_multiplier_i_77/O
                         net (fo=1, unplaced)         0.000     3.539    u_wb/defaultClockArea_cpu/unsignedDivider_2/_zz_MULDIV_EXE_MulDivExecutePlugin_absRk[0]
                         CARRY4 (Prop_carry4_DI[0]_CO[3])
                                                      0.477     4.016 r  u_wb/defaultClockArea_cpu/unsignedDivider_2/MULDIV_EXE_MulDivExecutePlugin_multiplier_i_16/CO[3]
                         net (fo=1, unplaced)         0.008     4.024    u_wb/defaultClockArea_cpu/unsignedDivider_2/MULDIV_EXE_MulDivExecutePlugin_multiplier_i_16_n_0
                         CARRY4 (Prop_carry4_CI_CO[3])
                                                      0.100     4.124 r  u_wb/defaultClockArea_cpu/unsignedDivider_2/MULDIV_EXE_MulDivExecutePlugin_multiplier_i_15/CO[3]
                         net (fo=1, unplaced)         0.000     4.124    u_wb/defaultClockArea_cpu/unsignedDivider_2/MULDIV_EXE_MulDivExecutePlugin_multiplier_i_15_n_0
                         CARRY4 (Prop_carry4_CI_CO[3])
                                                      0.100     4.224 r  u_wb/defaultClockArea_cpu/unsignedDivider_2/MULDIV_EXE_MulDivExecutePlugin_multiplier_i_14/CO[3]
                         net (fo=1, unplaced)         0.000     4.224    u_wb/defaultClockArea_cpu/unsignedDivider_2/MULDIV_EXE_MulDivExecutePlugin_multiplier_i_14_n_0
                         CARRY4 (Prop_carry4_CI_CO[3])
                                                      0.100     4.324 r  u_wb/defaultClockArea_cpu/unsignedDivider_2/MULDIV_EXE_MulDivExecutePlugin_multiplier_i_13/CO[3]
                         net (fo=1, unplaced)         0.000     4.324    u_wb/defaultClockArea_cpu/unsignedDivider_2/MULDIV_EXE_MulDivExecutePlugin_multiplier_i_13_n_0
                         CARRY4 (Prop_carry4_CI_CO[3])
                                                      0.100     4.424 r  u_wb/defaultClockArea_cpu/unsignedDivider_2/MULDIV_EXE_MulDivExecutePlugin_multiplier_i_12/CO[3]
                         net (fo=1, unplaced)         0.000     4.424    u_wb/defaultClockArea_cpu/unsignedDivider_2/MULDIV_EXE_MulDivExecutePlugin_multiplier_i_12_n_0
                         CARRY4 (Prop_carry4_CI_O[0])
                                                      0.189     4.613 f  u_wb/defaultClockArea_cpu/unsignedDivider_2/MULDIV_EXE_MulDivExecutePlugin_multiplier_i_11/O[0]
                         net (fo=4, unplaced)         0.623     5.236    u_wb/defaultClockArea_cpu/unsignedDivider_2/B[20]
                         LUT4 (Prop_lut4_I1_O)        0.238     5.474 f  u_wb/defaultClockArea_cpu/unsignedDivider_2/MULDIV_RRD_to_MULDIV_EXE_ISSUE_SLOT_wReg[5]_i_10/O
                         net (fo=1, unplaced)         0.347     5.821    u_wb/defaultClockArea_cpu/unsignedDivider_2/MULDIV_RRD_to_MULDIV_EXE_ISSUE_SLOT_wReg[5]_i_10_n_0
                         LUT5 (Prop_lut5_I4_O)        0.105     5.926 r  u_wb/defaultClockArea_cpu/unsignedDivider_2/MULDIV_RRD_to_MULDIV_EXE_ISSUE_SLOT_wReg[5]_i_6/O
                         net (fo=1, unplaced)         0.582     6.508    u_wb/defaultClockArea_cpu/unsignedDivider_2/MULDIV_RRD_to_MULDIV_EXE_ISSUE_SLOT_wReg[5]_i_6_n_0
                         LUT4 (Prop_lut4_I1_O)        0.105     6.613 r  u_wb/defaultClockArea_cpu/unsignedDivider_2/MULDIV_RRD_to_MULDIV_EXE_ISSUE_SLOT_wReg[5]_i_4/O
                         net (fo=67, unplaced)        0.437     7.050    u_wb/defaultClockArea_cpu/unsignedDivider_3/MULDIV_RRD_to_MULDIV_EXE_ISSUE_SLOT_robIdx_reg[0]_0
                         LUT5 (Prop_lut5_I2_O)        0.105     7.155 r  u_wb/defaultClockArea_cpu/unsignedDivider_3/MULDIV_RRD_to_MULDIV_EXE_ISSUE_SLOT_wReg[5]_i_1/O
                         net (fo=88, unplaced)        0.443     7.598    u_wb/defaultClockArea_cpu/unsignedDivider_3/E[0]
                         LUT6 (Prop_lut6_I0_O)        0.105     7.703 r  u_wb/defaultClockArea_cpu/unsignedDivider_3/PhysRegFilePlugin_busys_31_i_4/O
                         net (fo=100, unplaced)       0.447     8.150    u_wb/defaultClockArea_cpu/unsignedDivider_3/PhysRegFilePlugin_busys_31_i_4_n_0
                         LUT5 (Prop_lut5_I2_O)        0.105     8.255 r  u_wb/defaultClockArea_cpu/unsignedDivider_3/IntIssueQueuePlugin_queue_6_payload_rRegs_0_valid_i_46/O
                         net (fo=1, unplaced)         0.347     8.602    u_wb/defaultClockArea_cpu/unsignedDivider_3/IntIssueQueuePlugin_queue_6_payload_rRegs_0_valid_i_46_n_0
                         LUT6 (Prop_lut6_I3_O)        0.105     8.707 r  u_wb/defaultClockArea_cpu/unsignedDivider_3/IntIssueQueuePlugin_queue_6_payload_rRegs_0_valid_i_24/O
                         net (fo=1, unplaced)         0.347     9.054    u_wb/defaultClockArea_cpu/unsignedDivider_3/IntIssueQueuePlugin_queue_6_payload_rRegs_0_valid_i_24_n_0
                         LUT6 (Prop_lut6_I3_O)        0.105     9.159 f  u_wb/defaultClockArea_cpu/unsignedDivider_3/IntIssueQueuePlugin_queue_6_payload_rRegs_0_valid_i_12/O
                         net (fo=6, unplaced)         0.379     9.538    u_wb/defaultClockArea_cpu/unsignedDivider_3/IntIssueQueuePlugin_queue_6_payload_rRegs_0_valid_i_12_n_0
                         LUT5 (Prop_lut5_I0_O)        0.105     9.643 r  u_wb/defaultClockArea_cpu/unsignedDivider_3/IntIssueQueuePlugin_queue_0_payload_rRegs_0_valid_i_6/O
                         net (fo=7, unplaced)         0.382    10.025    u_wb/defaultClockArea_cpu/unsignedDivider_3/IntIssueQueuePlugin_queue_0_payload_rRegs_0_valid_i_6_n_0
                         LUT3 (Prop_lut3_I1_O)        0.105    10.130 f  u_wb/defaultClockArea_cpu/unsignedDivider_3/IntIssueQueuePlugin_queue_1_payload_rRegs_0_valid_i_7/O
                         net (fo=1, unplaced)         0.582    10.712    u_wb/defaultClockArea_cpu/unsignedDivider_3/IntIssueQueuePlugin_queue_1_payload_rRegs_0_valid_i_7_n_0
                         LUT6 (Prop_lut6_I1_O)        0.105    10.817 f  u_wb/defaultClockArea_cpu/unsignedDivider_3/IntIssueQueuePlugin_queue_1_payload_rRegs_0_valid_i_2/O
                         net (fo=4, unplaced)         0.371    11.188    u_wb/defaultClockArea_cpu/unsignedDivider_3/IntIssueQueuePlugin_queue_1_payload_rRegs_0_valid_i_2_n_0
                         LUT4 (Prop_lut4_I3_O)        0.105    11.293 f  u_wb/defaultClockArea_cpu/unsignedDivider_3/IntIssueQueuePlugin_queue_0_payload_rRegs_0_valid_i_4/O
                         net (fo=1, unplaced)         0.347    11.640    u_wb/defaultClockArea_cpu/unsignedDivider_3/IntIssueQueuePlugin_queue_0_payload_rRegs_0_valid_i_4_n_0
                         LUT6 (Prop_lut6_I2_O)        0.105    11.745 r  u_wb/defaultClockArea_cpu/unsignedDivider_3/IntIssueQueuePlugin_queue_0_payload_rRegs_0_valid_i_1/O
                         net (fo=1, unplaced)         0.000    11.745    u_wb/defaultClockArea_cpu/unsignedDivider_3_n_36
                         FDRE                                         r  u_wb/defaultClockArea_cpu/IntIssueQueuePlugin_queue_0_payload_rRegs_0_valid_reg/D
  -------------------------------------------------------------------    -------------------

                         (clock core_clock rise edge)
                                                     10.000    10.000 r  
                                                      0.000    10.000 r  aclk (IN)
                         net (fo=0)                   0.000    10.000    aclk
                         IBUF (Prop_ibuf_I_O)         0.751    10.751 r  aclk_IBUF_inst/O
                         net (fo=1, unplaced)         0.613    11.365    aclk_IBUF
                         BUFG (Prop_bufg_I_O)         0.077    11.442 r  aclk_IBUF_BUFG_inst/O
                         net (fo=17644, unplaced)     0.439    11.881    u_wb/defaultClockArea_cpu/aclk_IBUF_BUFG
                         FDRE                                         r  u_wb/defaultClockArea_cpu/IntIssueQueuePlugin_queue_0_payload_rRegs_0_valid_reg/C
                         clock pessimism              0.167    12.048    
                         clock uncertainty           -0.035    12.012    
                         FDRE (Setup_fdre_C_D)        0.029    12.041    u_wb/defaultClockArea_cpu/IntIssueQueuePlugin_queue_0_payload_rRegs_0_valid_reg
  -------------------------------------------------------------------
                         required time                         12.041    
                         arrival time                         -11.745    
  -------------------------------------------------------------------
                         slack                                  0.297    

Slack (MET) :             0.297ns  (required time - arrival time)
  Source:                 u_wb/defaultClockArea_cpu/MULDIV_RRD_to_MULDIV_EXE_ISSUE_SLOT_uop_signed_reg/C
                            (rising edge-triggered cell FDRE clocked by core_clock  {rise@0.000ns fall@5.000ns period=10.000ns})
  Destination:            u_wb/defaultClockArea_cpu/IntIssueQueuePlugin_queue_3_payload_rRegs_0_valid_reg/D
                            (rising edge-triggered cell FDRE clocked by core_clock  {rise@0.000ns fall@5.000ns period=10.000ns})
  Path Group:             core_clock
  Path Type:              Setup (Max at Slow Process Corner)
  Requirement:            10.000ns  (core_clock rise@10.000ns - core_clock rise@0.000ns)
  Data Path Delay:        9.552ns  (logic 3.195ns (33.449%)  route 6.357ns (66.552%))
  Logic Levels:           20  (CARRY4=6 LUT3=3 LUT4=2 LUT5=5 LUT6=4)
  Clock Path Skew:        -0.145ns (DCD - SCD + CPR)
    Destination Clock Delay (DCD):    1.881ns = ( 11.881 - 10.000 ) 
    Source Clock Delay      (SCD):    2.193ns
    Clock Pessimism Removal (CPR):    0.167ns
  Clock Uncertainty:      0.035ns  ((TSJ^2 + TIJ^2)^1/2 + DJ) / 2 + PE
    Total System Jitter     (TSJ):    0.071ns
    Total Input Jitter      (TIJ):    0.000ns
    Discrete Jitter          (DJ):    0.000ns
    Phase Error              (PE):    0.000ns

    Location             Delay type                Incr(ns)  Path(ns)    Netlist Resource(s)
  -------------------------------------------------------------------    -------------------
                         (clock core_clock rise edge)
                                                      0.000     0.000 r  
                                                      0.000     0.000 r  aclk (IN)
                         net (fo=0)                   0.000     0.000    aclk
                         IBUF (Prop_ibuf_I_O)         0.882     0.882 r  aclk_IBUF_inst/O
                         net (fo=1, unplaced)         0.646     1.528    aclk_IBUF
                         BUFG (Prop_bufg_I_O)         0.081     1.609 r  aclk_IBUF_BUFG_inst/O
                         net (fo=17644, unplaced)     0.584     2.193    u_wb/defaultClockArea_cpu/aclk_IBUF_BUFG
                         FDRE                                         r  u_wb/defaultClockArea_cpu/MULDIV_RRD_to_MULDIV_EXE_ISSUE_SLOT_uop_signed_reg/C
  -------------------------------------------------------------------    -------------------
                         FDRE (Prop_fdre_C_Q)         0.379     2.572 r  u_wb/defaultClockArea_cpu/MULDIV_RRD_to_MULDIV_EXE_ISSUE_SLOT_uop_signed_reg/Q
                         net (fo=192, unplaced)       0.715     3.287    u_wb/defaultClockArea_cpu/unsignedDivider_2/MULDIV_RRD_to_MULDIV_EXE_ISSUE_SLOT_uop_signed
                         LUT3 (Prop_lut3_I0_O)        0.252     3.539 r  u_wb/defaultClockArea_cpu/unsignedDivider_2/MULDIV_EXE_MulDivExecutePlugin_multiplier_i_77/O
                         net (fo=1, unplaced)         0.000     3.539    u_wb/defaultClockArea_cpu/unsignedDivider_2/_zz_MULDIV_EXE_MulDivExecutePlugin_absRk[0]
                         CARRY4 (Prop_carry4_DI[0]_CO[3])
                                                      0.477     4.016 r  u_wb/defaultClockArea_cpu/unsignedDivider_2/MULDIV_EXE_MulDivExecutePlugin_multiplier_i_16/CO[3]
                         net (fo=1, unplaced)         0.008     4.024    u_wb/defaultClockArea_cpu/unsignedDivider_2/MULDIV_EXE_MulDivExecutePlugin_multiplier_i_16_n_0
                         CARRY4 (Prop_carry4_CI_CO[3])
                                                      0.100     4.124 r  u_wb/defaultClockArea_cpu/unsignedDivider_2/MULDIV_EXE_MulDivExecutePlugin_multiplier_i_15/CO[3]
                         net (fo=1, unplaced)         0.000     4.124    u_wb/defaultClockArea_cpu/unsignedDivider_2/MULDIV_EXE_MulDivExecutePlugin_multiplier_i_15_n_0
                         CARRY4 (Prop_carry4_CI_CO[3])
                                                      0.100     4.224 r  u_wb/defaultClockArea_cpu/unsignedDivider_2/MULDIV_EXE_MulDivExecutePlugin_multiplier_i_14/CO[3]
                         net (fo=1, unplaced)         0.000     4.224    u_wb/defaultClockArea_cpu/unsignedDivider_2/MULDIV_EXE_MulDivExecutePlugin_multiplier_i_14_n_0
                         CARRY4 (Prop_carry4_CI_CO[3])
                                                      0.100     4.324 r  u_wb/defaultClockArea_cpu/unsignedDivider_2/MULDIV_EXE_MulDivExecutePlugin_multiplier_i_13/CO[3]
                         net (fo=1, unplaced)         0.000     4.324    u_wb/defaultClockArea_cpu/unsignedDivider_2/MULDIV_EXE_MulDivExecutePlugin_multiplier_i_13_n_0
                         CARRY4 (Prop_carry4_CI_CO[3])
                                                      0.100     4.424 r  u_wb/defaultClockArea_cpu/unsignedDivider_2/MULDIV_EXE_MulDivExecutePlugin_multiplier_i_12/CO[3]
                         net (fo=1, unplaced)         0.000     4.424    u_wb/defaultClockArea_cpu/unsignedDivider_2/MULDIV_EXE_MulDivExecutePlugin_multiplier_i_12_n_0
                         CARRY4 (Prop_carry4_CI_O[0])
                                                      0.189     4.613 f  u_wb/defaultClockArea_cpu/unsignedDivider_2/MULDIV_EXE_MulDivExecutePlugin_multiplier_i_11/O[0]
                         net (fo=4, unplaced)         0.623     5.236    u_wb/defaultClockArea_cpu/unsignedDivider_2/B[20]
                         LUT4 (Prop_lut4_I1_O)        0.238     5.474 f  u_wb/defaultClockArea_cpu/unsignedDivider_2/MULDIV_RRD_to_MULDIV_EXE_ISSUE_SLOT_wReg[5]_i_10/O
                         net (fo=1, unplaced)         0.347     5.821    u_wb/defaultClockArea_cpu/unsignedDivider_2/MULDIV_RRD_to_MULDIV_EXE_ISSUE_SLOT_wReg[5]_i_10_n_0
                         LUT5 (Prop_lut5_I4_O)        0.105     5.926 r  u_wb/defaultClockArea_cpu/unsignedDivider_2/MULDIV_RRD_to_MULDIV_EXE_ISSUE_SLOT_wReg[5]_i_6/O
                         net (fo=1, unplaced)         0.582     6.508    u_wb/defaultClockArea_cpu/unsignedDivider_2/MULDIV_RRD_to_MULDIV_EXE_ISSUE_SLOT_wReg[5]_i_6_n_0
                         LUT4 (Prop_lut4_I1_O)        0.105     6.613 r  u_wb/defaultClockArea_cpu/unsignedDivider_2/MULDIV_RRD_to_MULDIV_EXE_ISSUE_SLOT_wReg[5]_i_4/O
                         net (fo=67, unplaced)        0.437     7.050    u_wb/defaultClockArea_cpu/unsignedDivider_3/MULDIV_RRD_to_MULDIV_EXE_ISSUE_SLOT_robIdx_reg[0]_0
                         LUT5 (Prop_lut5_I2_O)        0.105     7.155 r  u_wb/defaultClockArea_cpu/unsignedDivider_3/MULDIV_RRD_to_MULDIV_EXE_ISSUE_SLOT_wReg[5]_i_1/O
                         net (fo=88, unplaced)        0.443     7.598    u_wb/defaultClockArea_cpu/unsignedDivider_3/E[0]
                         LUT6 (Prop_lut6_I0_O)        0.105     7.703 r  u_wb/defaultClockArea_cpu/unsignedDivider_3/PhysRegFilePlugin_busys_31_i_4/O
                         net (fo=100, unplaced)       0.447     8.150    u_wb/defaultClockArea_cpu/unsignedDivider_3/PhysRegFilePlugin_busys_31_i_4_n_0
                         LUT5 (Prop_lut5_I2_O)        0.105     8.255 r  u_wb/defaultClockArea_cpu/unsignedDivider_3/IntIssueQueuePlugin_queue_6_payload_rRegs_0_valid_i_46/O
                         net (fo=1, unplaced)         0.347     8.602    u_wb/defaultClockArea_cpu/unsignedDivider_3/IntIssueQueuePlugin_queue_6_payload_rRegs_0_valid_i_46_n_0
                         LUT6 (Prop_lut6_I3_O)        0.105     8.707 r  u_wb/defaultClockArea_cpu/unsignedDivider_3/IntIssueQueuePlugin_queue_6_payload_rRegs_0_valid_i_24/O
                         net (fo=1, unplaced)         0.347     9.054    u_wb/defaultClockArea_cpu/unsignedDivider_3/IntIssueQueuePlugin_queue_6_payload_rRegs_0_valid_i_24_n_0
                         LUT6 (Prop_lut6_I3_O)        0.105     9.159 f  u_wb/defaultClockArea_cpu/unsignedDivider_3/IntIssueQueuePlugin_queue_6_payload_rRegs_0_valid_i_12/O
                         net (fo=6, unplaced)         0.379     9.538    u_wb/defaultClockArea_cpu/unsignedDivider_3/IntIssueQueuePlugin_queue_6_payload_rRegs_0_valid_i_12_n_0
                         LUT5 (Prop_lut5_I0_O)        0.105     9.643 r  u_wb/defaultClockArea_cpu/unsignedDivider_3/IntIssueQueuePlugin_queue_0_payload_rRegs_0_valid_i_6/O
                         net (fo=7, unplaced)         0.382    10.025    u_wb/defaultClockArea_cpu/unsignedDivider_3/IntIssueQueuePlugin_queue_0_payload_rRegs_0_valid_i_6_n_0
                         LUT3 (Prop_lut3_I1_O)        0.105    10.130 f  u_wb/defaultClockArea_cpu/unsignedDivider_3/IntIssueQueuePlugin_queue_1_payload_rRegs_0_valid_i_7/O
                         net (fo=1, unplaced)         0.582    10.712    u_wb/defaultClockArea_cpu/unsignedDivider_3/IntIssueQueuePlugin_queue_1_payload_rRegs_0_valid_i_7_n_0
                         LUT6 (Prop_lut6_I1_O)        0.105    10.817 f  u_wb/defaultClockArea_cpu/unsignedDivider_3/IntIssueQueuePlugin_queue_1_payload_rRegs_0_valid_i_2/O
                         net (fo=4, unplaced)         0.371    11.188    u_wb/defaultClockArea_cpu/unsignedDivider_3/IntIssueQueuePlugin_queue_1_payload_rRegs_0_valid_i_2_n_0
                         LUT3 (Prop_lut3_I2_O)        0.105    11.293 r  u_wb/defaultClockArea_cpu/unsignedDivider_3/IntIssueQueuePlugin_queue_3_payload_rRegs_0_valid_i_2/O
                         net (fo=1, unplaced)         0.347    11.640    u_wb/defaultClockArea_cpu/unsignedDivider_3/IntIssueQueuePlugin_queue_3_payload_rRegs_0_valid_i_2_n_0
                         LUT5 (Prop_lut5_I4_O)        0.105    11.745 r  u_wb/defaultClockArea_cpu/unsignedDivider_3/IntIssueQueuePlugin_queue_3_payload_rRegs_0_valid_i_1/O
                         net (fo=1, unplaced)         0.000    11.745    u_wb/defaultClockArea_cpu/unsignedDivider_3_n_83
                         FDRE                                         r  u_wb/defaultClockArea_cpu/IntIssueQueuePlugin_queue_3_payload_rRegs_0_valid_reg/D
  -------------------------------------------------------------------    -------------------

                         (clock core_clock rise edge)
                                                     10.000    10.000 r  
                                                      0.000    10.000 r  aclk (IN)
                         net (fo=0)                   0.000    10.000    aclk
                         IBUF (Prop_ibuf_I_O)         0.751    10.751 r  aclk_IBUF_inst/O
                         net (fo=1, unplaced)         0.613    11.365    aclk_IBUF
                         BUFG (Prop_bufg_I_O)         0.077    11.442 r  aclk_IBUF_BUFG_inst/O
                         net (fo=17644, unplaced)     0.439    11.881    u_wb/defaultClockArea_cpu/aclk_IBUF_BUFG
                         FDRE                                         r  u_wb/defaultClockArea_cpu/IntIssueQueuePlugin_queue_3_payload_rRegs_0_valid_reg/C
                         clock pessimism              0.167    12.048    
                         clock uncertainty           -0.035    12.012    
                         FDRE (Setup_fdre_C_D)        0.029    12.041    u_wb/defaultClockArea_cpu/IntIssueQueuePlugin_queue_3_payload_rRegs_0_valid_reg
  -------------------------------------------------------------------
                         required time                         12.041    
                         arrival time                         -11.745    
  -------------------------------------------------------------------
                         slack                                  0.297    

Slack (MET) :             0.315ns  (required time - arrival time)
  Source:                 u_wb/defaultClockArea_cpu/MULDIV_RRD_to_MULDIV_EXE_ISSUE_SLOT_uop_signed_reg/C
                            (rising edge-triggered cell FDRE clocked by core_clock  {rise@0.000ns fall@5.000ns period=10.000ns})
  Destination:            u_wb/defaultClockArea_cpu/IntIssueQueuePlugin_queue_2_payload_rRegs_0_valid_reg/D
                            (rising edge-triggered cell FDRE clocked by core_clock  {rise@0.000ns fall@5.000ns period=10.000ns})
  Path Group:             core_clock
  Path Type:              Setup (Max at Slow Process Corner)
  Requirement:            10.000ns  (core_clock rise@10.000ns - core_clock rise@0.000ns)
  Data Path Delay:        9.534ns  (logic 3.215ns (33.721%)  route 6.319ns (66.279%))
  Logic Levels:           20  (CARRY4=6 LUT3=3 LUT4=2 LUT5=4 LUT6=5)
  Clock Path Skew:        -0.145ns (DCD - SCD + CPR)
    Destination Clock Delay (DCD):    1.881ns = ( 11.881 - 10.000 ) 
    Source Clock Delay      (SCD):    2.193ns
    Clock Pessimism Removal (CPR):    0.167ns
  Clock Uncertainty:      0.035ns  ((TSJ^2 + TIJ^2)^1/2 + DJ) / 2 + PE
    Total System Jitter     (TSJ):    0.071ns
    Total Input Jitter      (TIJ):    0.000ns
    Discrete Jitter          (DJ):    0.000ns
    Phase Error              (PE):    0.000ns

    Location             Delay type                Incr(ns)  Path(ns)    Netlist Resource(s)
  -------------------------------------------------------------------    -------------------
                         (clock core_clock rise edge)
                                                      0.000     0.000 r  
                                                      0.000     0.000 r  aclk (IN)
                         net (fo=0)                   0.000     0.000    aclk
                         IBUF (Prop_ibuf_I_O)         0.882     0.882 r  aclk_IBUF_inst/O
                         net (fo=1, unplaced)         0.646     1.528    aclk_IBUF
                         BUFG (Prop_bufg_I_O)         0.081     1.609 r  aclk_IBUF_BUFG_inst/O
                         net (fo=17644, unplaced)     0.584     2.193    u_wb/defaultClockArea_cpu/aclk_IBUF_BUFG
                         FDRE                                         r  u_wb/defaultClockArea_cpu/MULDIV_RRD_to_MULDIV_EXE_ISSUE_SLOT_uop_signed_reg/C
  -------------------------------------------------------------------    -------------------
                         FDRE (Prop_fdre_C_Q)         0.379     2.572 r  u_wb/defaultClockArea_cpu/MULDIV_RRD_to_MULDIV_EXE_ISSUE_SLOT_uop_signed_reg/Q
                         net (fo=192, unplaced)       0.715     3.287    u_wb/defaultClockArea_cpu/unsignedDivider_2/MULDIV_RRD_to_MULDIV_EXE_ISSUE_SLOT_uop_signed
                         LUT3 (Prop_lut3_I0_O)        0.252     3.539 r  u_wb/defaultClockArea_cpu/unsignedDivider_2/MULDIV_EXE_MulDivExecutePlugin_multiplier_i_77/O
                         net (fo=1, unplaced)         0.000     3.539    u_wb/defaultClockArea_cpu/unsignedDivider_2/_zz_MULDIV_EXE_MulDivExecutePlugin_absRk[0]
                         CARRY4 (Prop_carry4_DI[0]_CO[3])
                                                      0.477     4.016 r  u_wb/defaultClockArea_cpu/unsignedDivider_2/MULDIV_EXE_MulDivExecutePlugin_multiplier_i_16/CO[3]
                         net (fo=1, unplaced)         0.008     4.024    u_wb/defaultClockArea_cpu/unsignedDivider_2/MULDIV_EXE_MulDivExecutePlugin_multiplier_i_16_n_0
                         CARRY4 (Prop_carry4_CI_CO[3])
                                                      0.100     4.124 r  u_wb/defaultClockArea_cpu/unsignedDivider_2/MULDIV_EXE_MulDivExecutePlugin_multiplier_i_15/CO[3]
                         net (fo=1, unplaced)         0.000     4.124    u_wb/defaultClockArea_cpu/unsignedDivider_2/MULDIV_EXE_MulDivExecutePlugin_multiplier_i_15_n_0
                         CARRY4 (Prop_carry4_CI_CO[3])
                                                      0.100     4.224 r  u_wb/defaultClockArea_cpu/unsignedDivider_2/MULDIV_EXE_MulDivExecutePlugin_multiplier_i_14/CO[3]
                         net (fo=1, unplaced)         0.000     4.224    u_wb/defaultClockArea_cpu/unsignedDivider_2/MULDIV_EXE_MulDivExecutePlugin_multiplier_i_14_n_0
                         CARRY4 (Prop_carry4_CI_CO[3])
                                                      0.100     4.324 r  u_wb/defaultClockArea_cpu/unsignedDivider_2/MULDIV_EXE_MulDivExecutePlugin_multiplier_i_13/CO[3]
                         net (fo=1, unplaced)         0.000     4.324    u_wb/defaultClockArea_cpu/unsignedDivider_2/MULDIV_EXE_MulDivExecutePlugin_multiplier_i_13_n_0
                         CARRY4 (Prop_carry4_CI_CO[3])
                                                      0.100     4.424 r  u_wb/defaultClockArea_cpu/unsignedDivider_2/MULDIV_EXE_MulDivExecutePlugin_multiplier_i_12/CO[3]
                         net (fo=1, unplaced)         0.000     4.424    u_wb/defaultClockArea_cpu/unsignedDivider_2/MULDIV_EXE_MulDivExecutePlugin_multiplier_i_12_n_0
                         CARRY4 (Prop_carry4_CI_O[0])
                                                      0.189     4.613 f  u_wb/defaultClockArea_cpu/unsignedDivider_2/MULDIV_EXE_MulDivExecutePlugin_multiplier_i_11/O[0]
                         net (fo=4, unplaced)         0.623     5.236    u_wb/defaultClockArea_cpu/unsignedDivider_2/B[20]
                         LUT4 (Prop_lut4_I1_O)        0.238     5.474 f  u_wb/defaultClockArea_cpu/unsignedDivider_2/MULDIV_RRD_to_MULDIV_EXE_ISSUE_SLOT_wReg[5]_i_10/O
                         net (fo=1, unplaced)         0.347     5.821    u_wb/defaultClockArea_cpu/unsignedDivider_2/MULDIV_RRD_to_MULDIV_EXE_ISSUE_SLOT_wReg[5]_i_10_n_0
                         LUT5 (Prop_lut5_I4_O)        0.105     5.926 r  u_wb/defaultClockArea_cpu/unsignedDivider_2/MULDIV_RRD_to_MULDIV_EXE_ISSUE_SLOT_wReg[5]_i_6/O
                         net (fo=1, unplaced)         0.582     6.508    u_wb/defaultClockArea_cpu/unsignedDivider_2/MULDIV_RRD_to_MULDIV_EXE_ISSUE_SLOT_wReg[5]_i_6_n_0
                         LUT4 (Prop_lut4_I1_O)        0.105     6.613 r  u_wb/defaultClockArea_cpu/unsignedDivider_2/MULDIV_RRD_to_MULDIV_EXE_ISSUE_SLOT_wReg[5]_i_4/O
                         net (fo=67, unplaced)        0.437     7.050    u_wb/defaultClockArea_cpu/unsignedDivider_3/MULDIV_RRD_to_MULDIV_EXE_ISSUE_SLOT_robIdx_reg[0]_0
                         LUT5 (Prop_lut5_I2_O)        0.105     7.155 r  u_wb/defaultClockArea_cpu/unsignedDivider_3/MULDIV_RRD_to_MULDIV_EXE_ISSUE_SLOT_wReg[5]_i_1/O
                         net (fo=88, unplaced)        0.443     7.598    u_wb/defaultClockArea_cpu/unsignedDivider_3/E[0]
                         LUT6 (Prop_lut6_I0_O)        0.105     7.703 r  u_wb/defaultClockArea_cpu/unsignedDivider_3/PhysRegFilePlugin_busys_31_i_4/O
                         net (fo=100, unplaced)       0.447     8.150    u_wb/defaultClockArea_cpu/unsignedDivider_3/PhysRegFilePlugin_busys_31_i_4_n_0
                         LUT5 (Prop_lut5_I2_O)        0.105     8.255 r  u_wb/defaultClockArea_cpu/unsignedDivider_3/IntIssueQueuePlugin_queue_6_payload_rRegs_0_valid_i_46/O
                         net (fo=1, unplaced)         0.347     8.602    u_wb/defaultClockArea_cpu/unsignedDivider_3/IntIssueQueuePlugin_queue_6_payload_rRegs_0_valid_i_46_n_0
                         LUT6 (Prop_lut6_I3_O)        0.105     8.707 r  u_wb/defaultClockArea_cpu/unsignedDivider_3/IntIssueQueuePlugin_queue_6_payload_rRegs_0_valid_i_24/O
                         net (fo=1, unplaced)         0.347     9.054    u_wb/defaultClockArea_cpu/unsignedDivider_3/IntIssueQueuePlugin_queue_6_payload_rRegs_0_valid_i_24_n_0
                         LUT6 (Prop_lut6_I3_O)        0.105     9.159 f  u_wb/defaultClockArea_cpu/unsignedDivider_3/IntIssueQueuePlugin_queue_6_payload_rRegs_0_valid_i_12/O
                         net (fo=6, unplaced)         0.379     9.538    u_wb/defaultClockArea_cpu/unsignedDivider_3/IntIssueQueuePlugin_queue_6_payload_rRegs_0_valid_i_12_n_0
                         LUT5 (Prop_lut5_I0_O)        0.105     9.643 r  u_wb/defaultClockArea_cpu/unsignedDivider_3/IntIssueQueuePlugin_queue_0_payload_rRegs_0_valid_i_6/O
                         net (fo=7, unplaced)         0.382    10.025    u_wb/defaultClockArea_cpu/unsignedDivider_3/IntIssueQueuePlugin_queue_0_payload_rRegs_0_valid_i_6_n_0
                         LUT3 (Prop_lut3_I1_O)        0.105    10.130 f  u_wb/defaultClockArea_cpu/unsignedDivider_3/IntIssueQueuePlugin_queue_1_payload_rRegs_0_valid_i_7/O
                         net (fo=1, unplaced)         0.582    10.712    u_wb/defaultClockArea_cpu/unsignedDivider_3/IntIssueQueuePlugin_queue_1_payload_rRegs_0_valid_i_7_n_0
                         LUT6 (Prop_lut6_I1_O)        0.105    10.817 f  u_wb/defaultClockArea_cpu/unsignedDivider_3/IntIssueQueuePlugin_queue_1_payload_rRegs_0_valid_i_2/O
                         net (fo=4, unplaced)         0.352    11.169    u_wb/defaultClockArea_cpu/unsignedDivider_3/IntIssueQueuePlugin_queue_1_payload_rRegs_0_valid_i_2_n_0
                         LUT3 (Prop_lut3_I0_O)        0.125    11.294 f  u_wb/defaultClockArea_cpu/unsignedDivider_3/IntIssueQueuePlugin_queue_2_payload_rRegs_0_valid_i_3/O
                         net (fo=1, unplaced)         0.328    11.622    u_wb/defaultClockArea_cpu/unsignedDivider_3/IntIssueQueuePlugin_queue_2_payload_rRegs_0_valid_i_3_n_0
                         LUT6 (Prop_lut6_I4_O)        0.105    11.727 r  u_wb/defaultClockArea_cpu/unsignedDivider_3/IntIssueQueuePlugin_queue_2_payload_rRegs_0_valid_i_1/O
                         net (fo=1, unplaced)         0.000    11.727    u_wb/defaultClockArea_cpu/unsignedDivider_3_n_50
                         FDRE                                         r  u_wb/defaultClockArea_cpu/IntIssueQueuePlugin_queue_2_payload_rRegs_0_valid_reg/D
  -------------------------------------------------------------------    -------------------

                         (clock core_clock rise edge)
                                                     10.000    10.000 r  
                                                      0.000    10.000 r  aclk (IN)
                         net (fo=0)                   0.000    10.000    aclk
                         IBUF (Prop_ibuf_I_O)         0.751    10.751 r  aclk_IBUF_inst/O
                         net (fo=1, unplaced)         0.613    11.365    aclk_IBUF
                         BUFG (Prop_bufg_I_O)         0.077    11.442 r  aclk_IBUF_BUFG_inst/O
                         net (fo=17644, unplaced)     0.439    11.881    u_wb/defaultClockArea_cpu/aclk_IBUF_BUFG
                         FDRE                                         r  u_wb/defaultClockArea_cpu/IntIssueQueuePlugin_queue_2_payload_rRegs_0_valid_reg/C
                         clock pessimism              0.167    12.048    
                         clock uncertainty           -0.035    12.012    
                         FDRE (Setup_fdre_C_D)        0.029    12.041    u_wb/defaultClockArea_cpu/IntIssueQueuePlugin_queue_2_payload_rRegs_0_valid_reg
  -------------------------------------------------------------------
                         required time                         12.041    
                         arrival time                         -11.727    
  -------------------------------------------------------------------
                         slack                                  0.315    

Slack (MET) :             0.514ns  (required time - arrival time)
  Source:                 u_wb/defaultClockArea_cpu/MULDIV_RRD_to_MULDIV_EXE_ISSUE_SLOT_uop_signed_reg/C
                            (rising edge-triggered cell FDRE clocked by core_clock  {rise@0.000ns fall@5.000ns period=10.000ns})
  Destination:            u_wb/defaultClockArea_cpu/IntIssueQueuePlugin_queue_1_payload_rRegs_0_valid_reg/D
                            (rising edge-triggered cell FDRE clocked by core_clock  {rise@0.000ns fall@5.000ns period=10.000ns})
  Path Group:             core_clock
  Path Type:              Setup (Max at Slow Process Corner)
  Requirement:            10.000ns  (core_clock rise@10.000ns - core_clock rise@0.000ns)
  Data Path Delay:        9.335ns  (logic 3.090ns (33.101%)  route 6.245ns (66.899%))
  Logic Levels:           19  (CARRY4=6 LUT3=2 LUT4=2 LUT5=5 LUT6=4)
  Clock Path Skew:        -0.145ns (DCD - SCD + CPR)
    Destination Clock Delay (DCD):    1.881ns = ( 11.881 - 10.000 ) 
    Source Clock Delay      (SCD):    2.193ns
    Clock Pessimism Removal (CPR):    0.167ns
  Clock Uncertainty:      0.035ns  ((TSJ^2 + TIJ^2)^1/2 + DJ) / 2 + PE
    Total System Jitter     (TSJ):    0.071ns
    Total Input Jitter      (TIJ):    0.000ns
    Discrete Jitter          (DJ):    0.000ns
    Phase Error              (PE):    0.000ns

    Location             Delay type                Incr(ns)  Path(ns)    Netlist Resource(s)
  -------------------------------------------------------------------    -------------------
                         (clock core_clock rise edge)
                                                      0.000     0.000 r  
                                                      0.000     0.000 r  aclk (IN)
                         net (fo=0)                   0.000     0.000    aclk
                         IBUF (Prop_ibuf_I_O)         0.882     0.882 r  aclk_IBUF_inst/O
                         net (fo=1, unplaced)         0.646     1.528    aclk_IBUF
                         BUFG (Prop_bufg_I_O)         0.081     1.609 r  aclk_IBUF_BUFG_inst/O
                         net (fo=17644, unplaced)     0.584     2.193    u_wb/defaultClockArea_cpu/aclk_IBUF_BUFG
                         FDRE                                         r  u_wb/defaultClockArea_cpu/MULDIV_RRD_to_MULDIV_EXE_ISSUE_SLOT_uop_signed_reg/C
  -------------------------------------------------------------------    -------------------
                         FDRE (Prop_fdre_C_Q)         0.379     2.572 r  u_wb/defaultClockArea_cpu/MULDIV_RRD_to_MULDIV_EXE_ISSUE_SLOT_uop_signed_reg/Q
                         net (fo=192, unplaced)       0.715     3.287    u_wb/defaultClockArea_cpu/unsignedDivider_2/MULDIV_RRD_to_MULDIV_EXE_ISSUE_SLOT_uop_signed
                         LUT3 (Prop_lut3_I0_O)        0.252     3.539 r  u_wb/defaultClockArea_cpu/unsignedDivider_2/MULDIV_EXE_MulDivExecutePlugin_multiplier_i_77/O
                         net (fo=1, unplaced)         0.000     3.539    u_wb/defaultClockArea_cpu/unsignedDivider_2/_zz_MULDIV_EXE_MulDivExecutePlugin_absRk[0]
                         CARRY4 (Prop_carry4_DI[0]_CO[3])
                                                      0.477     4.016 r  u_wb/defaultClockArea_cpu/unsignedDivider_2/MULDIV_EXE_MulDivExecutePlugin_multiplier_i_16/CO[3]
                         net (fo=1, unplaced)         0.008     4.024    u_wb/defaultClockArea_cpu/unsignedDivider_2/MULDIV_EXE_MulDivExecutePlugin_multiplier_i_16_n_0
                         CARRY4 (Prop_carry4_CI_CO[3])
                                                      0.100     4.124 r  u_wb/defaultClockArea_cpu/unsignedDivider_2/MULDIV_EXE_MulDivExecutePlugin_multiplier_i_15/CO[3]
                         net (fo=1, unplaced)         0.000     4.124    u_wb/defaultClockArea_cpu/unsignedDivider_2/MULDIV_EXE_MulDivExecutePlugin_multiplier_i_15_n_0
                         CARRY4 (Prop_carry4_CI_CO[3])
                                                      0.100     4.224 r  u_wb/defaultClockArea_cpu/unsignedDivider_2/MULDIV_EXE_MulDivExecutePlugin_multiplier_i_14/CO[3]
                         net (fo=1, unplaced)         0.000     4.224    u_wb/defaultClockArea_cpu/unsignedDivider_2/MULDIV_EXE_MulDivExecutePlugin_multiplier_i_14_n_0
                         CARRY4 (Prop_carry4_CI_CO[3])
                                                      0.100     4.324 r  u_wb/defaultClockArea_cpu/unsignedDivider_2/MULDIV_EXE_MulDivExecutePlugin_multiplier_i_13/CO[3]
                         net (fo=1, unplaced)         0.000     4.324    u_wb/defaultClockArea_cpu/unsignedDivider_2/MULDIV_EXE_MulDivExecutePlugin_multiplier_i_13_n_0
                         CARRY4 (Prop_carry4_CI_CO[3])
                                                      0.100     4.424 r  u_wb/defaultClockArea_cpu/unsignedDivider_2/MULDIV_EXE_MulDivExecutePlugin_multiplier_i_12/CO[3]
                         net (fo=1, unplaced)         0.000     4.424    u_wb/defaultClockArea_cpu/unsignedDivider_2/MULDIV_EXE_MulDivExecutePlugin_multiplier_i_12_n_0
                         CARRY4 (Prop_carry4_CI_O[0])
                                                      0.189     4.613 f  u_wb/defaultClockArea_cpu/unsignedDivider_2/MULDIV_EXE_MulDivExecutePlugin_multiplier_i_11/O[0]
                         net (fo=4, unplaced)         0.623     5.236    u_wb/defaultClockArea_cpu/unsignedDivider_2/B[20]
                         LUT4 (Prop_lut4_I1_O)        0.238     5.474 f  u_wb/defaultClockArea_cpu/unsignedDivider_2/MULDIV_RRD_to_MULDIV_EXE_ISSUE_SLOT_wReg[5]_i_10/O
                         net (fo=1, unplaced)         0.347     5.821    u_wb/defaultClockArea_cpu/unsignedDivider_2/MULDIV_RRD_to_MULDIV_EXE_ISSUE_SLOT_wReg[5]_i_10_n_0
                         LUT5 (Prop_lut5_I4_O)        0.105     5.926 r  u_wb/defaultClockArea_cpu/unsignedDivider_2/MULDIV_RRD_to_MULDIV_EXE_ISSUE_SLOT_wReg[5]_i_6/O
                         net (fo=1, unplaced)         0.582     6.508    u_wb/defaultClockArea_cpu/unsignedDivider_2/MULDIV_RRD_to_MULDIV_EXE_ISSUE_SLOT_wReg[5]_i_6_n_0
                         LUT4 (Prop_lut4_I1_O)        0.105     6.613 r  u_wb/defaultClockArea_cpu/unsignedDivider_2/MULDIV_RRD_to_MULDIV_EXE_ISSUE_SLOT_wReg[5]_i_4/O
                         net (fo=67, unplaced)        0.437     7.050    u_wb/defaultClockArea_cpu/unsignedDivider_3/MULDIV_RRD_to_MULDIV_EXE_ISSUE_SLOT_robIdx_reg[0]_0
                         LUT5 (Prop_lut5_I2_O)        0.105     7.155 r  u_wb/defaultClockArea_cpu/unsignedDivider_3/MULDIV_RRD_to_MULDIV_EXE_ISSUE_SLOT_wReg[5]_i_1/O
                         net (fo=88, unplaced)        0.443     7.598    u_wb/defaultClockArea_cpu/unsignedDivider_3/E[0]
                         LUT6 (Prop_lut6_I0_O)        0.105     7.703 r  u_wb/defaultClockArea_cpu/unsignedDivider_3/PhysRegFilePlugin_busys_31_i_4/O
                         net (fo=100, unplaced)       0.447     8.150    u_wb/defaultClockArea_cpu/unsignedDivider_3/PhysRegFilePlugin_busys_31_i_4_n_0
                         LUT5 (Prop_lut5_I2_O)        0.105     8.255 r  u_wb/defaultClockArea_cpu/unsignedDivider_3/IntIssueQueuePlugin_queue_6_payload_rRegs_0_valid_i_46/O
                         net (fo=1, unplaced)         0.347     8.602    u_wb/defaultClockArea_cpu/unsignedDivider_3/IntIssueQueuePlugin_queue_6_payload_rRegs_0_valid_i_46_n_0
                         LUT6 (Prop_lut6_I3_O)        0.105     8.707 r  u_wb/defaultClockArea_cpu/unsignedDivider_3/IntIssueQueuePlugin_queue_6_payload_rRegs_0_valid_i_24/O
                         net (fo=1, unplaced)         0.347     9.054    u_wb/defaultClockArea_cpu/unsignedDivider_3/IntIssueQueuePlugin_queue_6_payload_rRegs_0_valid_i_24_n_0
                         LUT6 (Prop_lut6_I3_O)        0.105     9.159 f  u_wb/defaultClockArea_cpu/unsignedDivider_3/IntIssueQueuePlugin_queue_6_payload_rRegs_0_valid_i_12/O
                         net (fo=6, unplaced)         0.379     9.538    u_wb/defaultClockArea_cpu/unsignedDivider_3/IntIssueQueuePlugin_queue_6_payload_rRegs_0_valid_i_12_n_0
                         LUT5 (Prop_lut5_I0_O)        0.105     9.643 r  u_wb/defaultClockArea_cpu/unsignedDivider_3/IntIssueQueuePlugin_queue_0_payload_rRegs_0_valid_i_6/O
                         net (fo=7, unplaced)         0.382    10.025    u_wb/defaultClockArea_cpu/unsignedDivider_3/IntIssueQueuePlugin_queue_0_payload_rRegs_0_valid_i_6_n_0
                         LUT3 (Prop_lut3_I1_O)        0.105    10.130 f  u_wb/defaultClockArea_cpu/unsignedDivider_3/IntIssueQueuePlugin_queue_1_payload_rRegs_0_valid_i_7/O
                         net (fo=1, unplaced)         0.582    10.712    u_wb/defaultClockArea_cpu/unsignedDivider_3/IntIssueQueuePlugin_queue_1_payload_rRegs_0_valid_i_7_n_0
                         LUT6 (Prop_lut6_I1_O)        0.105    10.817 f  u_wb/defaultClockArea_cpu/unsignedDivider_3/IntIssueQueuePlugin_queue_1_payload_rRegs_0_valid_i_2/O
                         net (fo=4, unplaced)         0.606    11.423    u_wb/defaultClockArea_cpu/unsignedDivider_3/IntIssueQueuePlugin_queue_1_payload_rRegs_0_valid_i_2_n_0
                         LUT5 (Prop_lut5_I0_O)        0.105    11.528 r  u_wb/defaultClockArea_cpu/unsignedDivider_3/IntIssueQueuePlugin_queue_1_payload_rRegs_0_valid_i_1/O
                         net (fo=1, unplaced)         0.000    11.528    u_wb/defaultClockArea_cpu/unsignedDivider_3_n_85
                         FDRE                                         r  u_wb/defaultClockArea_cpu/IntIssueQueuePlugin_queue_1_payload_rRegs_0_valid_reg/D
  -------------------------------------------------------------------    -------------------

                         (clock core_clock rise edge)
                                                     10.000    10.000 r  
                                                      0.000    10.000 r  aclk (IN)
                         net (fo=0)                   0.000    10.000    aclk
                         IBUF (Prop_ibuf_I_O)         0.751    10.751 r  aclk_IBUF_inst/O
                         net (fo=1, unplaced)         0.613    11.365    aclk_IBUF
                         BUFG (Prop_bufg_I_O)         0.077    11.442 r  aclk_IBUF_BUFG_inst/O
                         net (fo=17644, unplaced)     0.439    11.881    u_wb/defaultClockArea_cpu/aclk_IBUF_BUFG
                         FDRE                                         r  u_wb/defaultClockArea_cpu/IntIssueQueuePlugin_queue_1_payload_rRegs_0_valid_reg/C
                         clock pessimism              0.167    12.048    
                         clock uncertainty           -0.035    12.012    
                         FDRE (Setup_fdre_C_D)        0.029    12.041    u_wb/defaultClockArea_cpu/IntIssueQueuePlugin_queue_1_payload_rRegs_0_valid_reg
  -------------------------------------------------------------------
                         required time                         12.041    
                         arrival time                         -11.528    
  -------------------------------------------------------------------
                         slack                                  0.514    

Slack (MET) :             0.515ns  (required time - arrival time)
  Source:                 u_wb/defaultClockArea_cpu/MULDIV_RRD_to_MULDIV_EXE_ISSUE_SLOT_uop_signed_reg/C
                            (rising edge-triggered cell FDRE clocked by core_clock  {rise@0.000ns fall@5.000ns period=10.000ns})
  Destination:            u_wb/defaultClockArea_cpu/IntIssueQueuePlugin_queue_2_payload_rRegs_1_valid_reg/D
                            (rising edge-triggered cell FDRE clocked by core_clock  {rise@0.000ns fall@5.000ns period=10.000ns})
  Path Group:             core_clock
  Path Type:              Setup (Max at Slow Process Corner)
  Requirement:            10.000ns  (core_clock rise@10.000ns - core_clock rise@0.000ns)
  Data Path Delay:        9.334ns  (logic 3.195ns (34.230%)  route 6.139ns (65.770%))
  Logic Levels:           20  (CARRY4=6 LUT3=1 LUT4=2 LUT5=4 LUT6=7)
  Clock Path Skew:        -0.145ns (DCD - SCD + CPR)
    Destination Clock Delay (DCD):    1.881ns = ( 11.881 - 10.000 ) 
    Source Clock Delay      (SCD):    2.193ns
    Clock Pessimism Removal (CPR):    0.167ns
  Clock Uncertainty:      0.035ns  ((TSJ^2 + TIJ^2)^1/2 + DJ) / 2 + PE
    Total System Jitter     (TSJ):    0.071ns
    Total Input Jitter      (TIJ):    0.000ns
    Discrete Jitter          (DJ):    0.000ns
    Phase Error              (PE):    0.000ns

    Location             Delay type                Incr(ns)  Path(ns)    Netlist Resource(s)
  -------------------------------------------------------------------    -------------------
                         (clock core_clock rise edge)
                                                      0.000     0.000 r  
                                                      0.000     0.000 r  aclk (IN)
                         net (fo=0)                   0.000     0.000    aclk
                         IBUF (Prop_ibuf_I_O)         0.882     0.882 r  aclk_IBUF_inst/O
                         net (fo=1, unplaced)         0.646     1.528    aclk_IBUF
                         BUFG (Prop_bufg_I_O)         0.081     1.609 r  aclk_IBUF_BUFG_inst/O
                         net (fo=17644, unplaced)     0.584     2.193    u_wb/defaultClockArea_cpu/aclk_IBUF_BUFG
                         FDRE                                         r  u_wb/defaultClockArea_cpu/MULDIV_RRD_to_MULDIV_EXE_ISSUE_SLOT_uop_signed_reg/C
  -------------------------------------------------------------------    -------------------
                         FDRE (Prop_fdre_C_Q)         0.379     2.572 r  u_wb/defaultClockArea_cpu/MULDIV_RRD_to_MULDIV_EXE_ISSUE_SLOT_uop_signed_reg/Q
                         net (fo=192, unplaced)       0.715     3.287    u_wb/defaultClockArea_cpu/unsignedDivider_2/MULDIV_RRD_to_MULDIV_EXE_ISSUE_SLOT_uop_signed
                         LUT3 (Prop_lut3_I0_O)        0.252     3.539 r  u_wb/defaultClockArea_cpu/unsignedDivider_2/MULDIV_EXE_MulDivExecutePlugin_multiplier_i_77/O
                         net (fo=1, unplaced)         0.000     3.539    u_wb/defaultClockArea_cpu/unsignedDivider_2/_zz_MULDIV_EXE_MulDivExecutePlugin_absRk[0]
                         CARRY4 (Prop_carry4_DI[0]_CO[3])
                                                      0.477     4.016 r  u_wb/defaultClockArea_cpu/unsignedDivider_2/MULDIV_EXE_MulDivExecutePlugin_multiplier_i_16/CO[3]
                         net (fo=1, unplaced)         0.008     4.024    u_wb/defaultClockArea_cpu/unsignedDivider_2/MULDIV_EXE_MulDivExecutePlugin_multiplier_i_16_n_0
                         CARRY4 (Prop_carry4_CI_CO[3])
                                                      0.100     4.124 r  u_wb/defaultClockArea_cpu/unsignedDivider_2/MULDIV_EXE_MulDivExecutePlugin_multiplier_i_15/CO[3]
                         net (fo=1, unplaced)         0.000     4.124    u_wb/defaultClockArea_cpu/unsignedDivider_2/MULDIV_EXE_MulDivExecutePlugin_multiplier_i_15_n_0
                         CARRY4 (Prop_carry4_CI_CO[3])
                                                      0.100     4.224 r  u_wb/defaultClockArea_cpu/unsignedDivider_2/MULDIV_EXE_MulDivExecutePlugin_multiplier_i_14/CO[3]
                         net (fo=1, unplaced)         0.000     4.224    u_wb/defaultClockArea_cpu/unsignedDivider_2/MULDIV_EXE_MulDivExecutePlugin_multiplier_i_14_n_0
                         CARRY4 (Prop_carry4_CI_CO[3])
                                                      0.100     4.324 r  u_wb/defaultClockArea_cpu/unsignedDivider_2/MULDIV_EXE_MulDivExecutePlugin_multiplier_i_13/CO[3]
                         net (fo=1, unplaced)         0.000     4.324    u_wb/defaultClockArea_cpu/unsignedDivider_2/MULDIV_EXE_MulDivExecutePlugin_multiplier_i_13_n_0
                         CARRY4 (Prop_carry4_CI_CO[3])
                                                      0.100     4.424 r  u_wb/defaultClockArea_cpu/unsignedDivider_2/MULDIV_EXE_MulDivExecutePlugin_multiplier_i_12/CO[3]
                         net (fo=1, unplaced)         0.000     4.424    u_wb/defaultClockArea_cpu/unsignedDivider_2/MULDIV_EXE_MulDivExecutePlugin_multiplier_i_12_n_0
                         CARRY4 (Prop_carry4_CI_O[0])
                                                      0.189     4.613 f  u_wb/defaultClockArea_cpu/unsignedDivider_2/MULDIV_EXE_MulDivExecutePlugin_multiplier_i_11/O[0]
                         net (fo=4, unplaced)         0.623     5.236    u_wb/defaultClockArea_cpu/unsignedDivider_2/B[20]
                         LUT4 (Prop_lut4_I1_O)        0.238     5.474 f  u_wb/defaultClockArea_cpu/unsignedDivider_2/MULDIV_RRD_to_MULDIV_EXE_ISSUE_SLOT_wReg[5]_i_10/O
                         net (fo=1, unplaced)         0.347     5.821    u_wb/defaultClockArea_cpu/unsignedDivider_2/MULDIV_RRD_to_MULDIV_EXE_ISSUE_SLOT_wReg[5]_i_10_n_0
                         LUT5 (Prop_lut5_I4_O)        0.105     5.926 r  u_wb/defaultClockArea_cpu/unsignedDivider_2/MULDIV_RRD_to_MULDIV_EXE_ISSUE_SLOT_wReg[5]_i_6/O
                         net (fo=1, unplaced)         0.582     6.508    u_wb/defaultClockArea_cpu/unsignedDivider_2/MULDIV_RRD_to_MULDIV_EXE_ISSUE_SLOT_wReg[5]_i_6_n_0
                         LUT4 (Prop_lut4_I1_O)        0.105     6.613 r  u_wb/defaultClockArea_cpu/unsignedDivider_2/MULDIV_RRD_to_MULDIV_EXE_ISSUE_SLOT_wReg[5]_i_4/O
                         net (fo=67, unplaced)        0.437     7.050    u_wb/defaultClockArea_cpu/unsignedDivider_3/MULDIV_RRD_to_MULDIV_EXE_ISSUE_SLOT_robIdx_reg[0]_0
                         LUT5 (Prop_lut5_I2_O)        0.105     7.155 r  u_wb/defaultClockArea_cpu/unsignedDivider_3/MULDIV_RRD_to_MULDIV_EXE_ISSUE_SLOT_wReg[5]_i_1/O
                         net (fo=88, unplaced)        0.443     7.598    u_wb/defaultClockArea_cpu/unsignedDivider_3/E[0]
                         LUT6 (Prop_lut6_I0_O)        0.105     7.703 r  u_wb/defaultClockArea_cpu/unsignedDivider_3/PhysRegFilePlugin_busys_31_i_4/O
                         net (fo=100, unplaced)       0.447     8.150    u_wb/defaultClockArea_cpu/unsignedDivider_3/PhysRegFilePlugin_busys_31_i_4_n_0
                         LUT6 (Prop_lut6_I2_O)        0.105     8.255 r  u_wb/defaultClockArea_cpu/unsignedDivider_3/MemIssueQueuePlugin_queue_4_payload_rRegs_1_valid_i_24/O
                         net (fo=1, unplaced)         0.347     8.602    u_wb/defaultClockArea_cpu/unsignedDivider_3/MemIssueQueuePlugin_queue_4_payload_rRegs_1_valid_i_24_n_0
                         LUT6 (Prop_lut6_I1_O)        0.105     8.707 r  u_wb/defaultClockArea_cpu/unsignedDivider_3/MemIssueQueuePlugin_queue_4_payload_rRegs_1_valid_i_14/O
                         net (fo=1, unplaced)         0.347     9.054    u_wb/defaultClockArea_cpu/unsignedDivider_3/MemIssueQueuePlugin_queue_4_payload_rRegs_1_valid_i_14_n_0
                         LUT6 (Prop_lut6_I0_O)        0.105     9.159 r  u_wb/defaultClockArea_cpu/unsignedDivider_3/MemIssueQueuePlugin_queue_4_payload_rRegs_1_valid_i_7/O
                         net (fo=11, unplaced)        0.393     9.552    u_wb/defaultClockArea_cpu/unsignedDivider_3/MemIssueQueuePlugin_queue_4_payload_rRegs_1_valid_i_7_n_0
                         LUT5 (Prop_lut5_I0_O)        0.105     9.657 r  u_wb/defaultClockArea_cpu/unsignedDivider_3/IntIssueQueuePlugin_queue_0_payload_rRegs_1_valid_i_6/O
                         net (fo=8, unplaced)         0.385    10.042    u_wb/defaultClockArea_cpu/unsignedDivider_3/IntIssueQueuePlugin_queue_0_payload_rRegs_1_valid_i_6_n_0
                         LUT6 (Prop_lut6_I1_O)        0.105    10.147 r  u_wb/defaultClockArea_cpu/unsignedDivider_3/IntIssueQueuePlugin_queue_2_payload_rRegs_1_valid_i_5/O
                         net (fo=1, unplaced)         0.347    10.494    u_wb/defaultClockArea_cpu/unsignedDivider_3/IntIssueQueuePlugin_queue_2_payload_rRegs_1_valid_i_5_n_0
                         LUT6 (Prop_lut6_I0_O)        0.105    10.599 r  u_wb/defaultClockArea_cpu/unsignedDivider_3/IntIssueQueuePlugin_queue_2_payload_rRegs_1_valid_i_4/O
                         net (fo=1, unplaced)         0.347    10.946    u_wb/defaultClockArea_cpu/unsignedDivider_3/IntIssueQueuePlugin_queue_2_payload_rRegs_1_valid_i_4_n_0
                         LUT5 (Prop_lut5_I2_O)        0.105    11.051 r  u_wb/defaultClockArea_cpu/unsignedDivider_3/IntIssueQueuePlugin_queue_2_payload_rRegs_1_valid_i_3/O
                         net (fo=4, unplaced)         0.371    11.422    u_wb/defaultClockArea_cpu/unsignedDivider_3/IntIssueQueuePlugin_queue_2_payload_rRegs_1_valid_i_3_n_0
                         LUT6 (Prop_lut6_I5_O)        0.105    11.527 r  u_wb/defaultClockArea_cpu/unsignedDivider_3/IntIssueQueuePlugin_queue_2_payload_rRegs_1_valid_i_1/O
                         net (fo=1, unplaced)         0.000    11.527    u_wb/defaultClockArea_cpu/unsignedDivider_3_n_49
                         FDRE                                         r  u_wb/defaultClockArea_cpu/IntIssueQueuePlugin_queue_2_payload_rRegs_1_valid_reg/D
  -------------------------------------------------------------------    -------------------

                         (clock core_clock rise edge)
                                                     10.000    10.000 r  
                                                      0.000    10.000 r  aclk (IN)
                         net (fo=0)                   0.000    10.000    aclk
                         IBUF (Prop_ibuf_I_O)         0.751    10.751 r  aclk_IBUF_inst/O
                         net (fo=1, unplaced)         0.613    11.365    aclk_IBUF
                         BUFG (Prop_bufg_I_O)         0.077    11.442 r  aclk_IBUF_BUFG_inst/O
                         net (fo=17644, unplaced)     0.439    11.881    u_wb/defaultClockArea_cpu/aclk_IBUF_BUFG
                         FDRE                                         r  u_wb/defaultClockArea_cpu/IntIssueQueuePlugin_queue_2_payload_rRegs_1_valid_reg/C
                         clock pessimism              0.167    12.048    
                         clock uncertainty           -0.035    12.012    
                         FDRE (Setup_fdre_C_D)        0.029    12.041    u_wb/defaultClockArea_cpu/IntIssueQueuePlugin_queue_2_payload_rRegs_1_valid_reg
  -------------------------------------------------------------------
                         required time                         12.041    
                         arrival time                         -11.527    
  -------------------------------------------------------------------
                         slack                                  0.515    

Slack (MET) :             0.515ns  (required time - arrival time)
  Source:                 u_wb/defaultClockArea_cpu/MULDIV_RRD_to_MULDIV_EXE_ISSUE_SLOT_uop_signed_reg/C
                            (rising edge-triggered cell FDRE clocked by core_clock  {rise@0.000ns fall@5.000ns period=10.000ns})
  Destination:            u_wb/defaultClockArea_cpu/IntIssueQueuePlugin_queue_4_payload_rRegs_1_valid_reg/D
                            (rising edge-triggered cell FDRE clocked by core_clock  {rise@0.000ns fall@5.000ns period=10.000ns})
  Path Group:             core_clock
  Path Type:              Setup (Max at Slow Process Corner)
  Requirement:            10.000ns  (core_clock rise@10.000ns - core_clock rise@0.000ns)
  Data Path Delay:        9.334ns  (logic 3.195ns (34.230%)  route 6.139ns (65.770%))
  Logic Levels:           20  (CARRY4=6 LUT3=1 LUT4=2 LUT5=5 LUT6=6)
  Clock Path Skew:        -0.145ns (DCD - SCD + CPR)
    Destination Clock Delay (DCD):    1.881ns = ( 11.881 - 10.000 ) 
    Source Clock Delay      (SCD):    2.193ns
    Clock Pessimism Removal (CPR):    0.167ns
  Clock Uncertainty:      0.035ns  ((TSJ^2 + TIJ^2)^1/2 + DJ) / 2 + PE
    Total System Jitter     (TSJ):    0.071ns
    Total Input Jitter      (TIJ):    0.000ns
    Discrete Jitter          (DJ):    0.000ns
    Phase Error              (PE):    0.000ns

    Location             Delay type                Incr(ns)  Path(ns)    Netlist Resource(s)
  -------------------------------------------------------------------    -------------------
                         (clock core_clock rise edge)
                                                      0.000     0.000 r  
                                                      0.000     0.000 r  aclk (IN)
                         net (fo=0)                   0.000     0.000    aclk
                         IBUF (Prop_ibuf_I_O)         0.882     0.882 r  aclk_IBUF_inst/O
                         net (fo=1, unplaced)         0.646     1.528    aclk_IBUF
                         BUFG (Prop_bufg_I_O)         0.081     1.609 r  aclk_IBUF_BUFG_inst/O
                         net (fo=17644, unplaced)     0.584     2.193    u_wb/defaultClockArea_cpu/aclk_IBUF_BUFG
                         FDRE                                         r  u_wb/defaultClockArea_cpu/MULDIV_RRD_to_MULDIV_EXE_ISSUE_SLOT_uop_signed_reg/C
  -------------------------------------------------------------------    -------------------
                         FDRE (Prop_fdre_C_Q)         0.379     2.572 r  u_wb/defaultClockArea_cpu/MULDIV_RRD_to_MULDIV_EXE_ISSUE_SLOT_uop_signed_reg/Q
                         net (fo=192, unplaced)       0.715     3.287    u_wb/defaultClockArea_cpu/unsignedDivider_2/MULDIV_RRD_to_MULDIV_EXE_ISSUE_SLOT_uop_signed
                         LUT3 (Prop_lut3_I0_O)        0.252     3.539 r  u_wb/defaultClockArea_cpu/unsignedDivider_2/MULDIV_EXE_MulDivExecutePlugin_multiplier_i_77/O
                         net (fo=1, unplaced)         0.000     3.539    u_wb/defaultClockArea_cpu/unsignedDivider_2/_zz_MULDIV_EXE_MulDivExecutePlugin_absRk[0]
                         CARRY4 (Prop_carry4_DI[0]_CO[3])
                                                      0.477     4.016 r  u_wb/defaultClockArea_cpu/unsignedDivider_2/MULDIV_EXE_MulDivExecutePlugin_multiplier_i_16/CO[3]
                         net (fo=1, unplaced)         0.008     4.024    u_wb/defaultClockArea_cpu/unsignedDivider_2/MULDIV_EXE_MulDivExecutePlugin_multiplier_i_16_n_0
                         CARRY4 (Prop_carry4_CI_CO[3])
                                                      0.100     4.124 r  u_wb/defaultClockArea_cpu/unsignedDivider_2/MULDIV_EXE_MulDivExecutePlugin_multiplier_i_15/CO[3]
                         net (fo=1, unplaced)         0.000     4.124    u_wb/defaultClockArea_cpu/unsignedDivider_2/MULDIV_EXE_MulDivExecutePlugin_multiplier_i_15_n_0
                         CARRY4 (Prop_carry4_CI_CO[3])
                                                      0.100     4.224 r  u_wb/defaultClockArea_cpu/unsignedDivider_2/MULDIV_EXE_MulDivExecutePlugin_multiplier_i_14/CO[3]
                         net (fo=1, unplaced)         0.000     4.224    u_wb/defaultClockArea_cpu/unsignedDivider_2/MULDIV_EXE_MulDivExecutePlugin_multiplier_i_14_n_0
                         CARRY4 (Prop_carry4_CI_CO[3])
                                                      0.100     4.324 r  u_wb/defaultClockArea_cpu/unsignedDivider_2/MULDIV_EXE_MulDivExecutePlugin_multiplier_i_13/CO[3]
                         net (fo=1, unplaced)         0.000     4.324    u_wb/defaultClockArea_cpu/unsignedDivider_2/MULDIV_EXE_MulDivExecutePlugin_multiplier_i_13_n_0
                         CARRY4 (Prop_carry4_CI_CO[3])
                                                      0.100     4.424 r  u_wb/defaultClockArea_cpu/unsignedDivider_2/MULDIV_EXE_MulDivExecutePlugin_multiplier_i_12/CO[3]
                         net (fo=1, unplaced)         0.000     4.424    u_wb/defaultClockArea_cpu/unsignedDivider_2/MULDIV_EXE_MulDivExecutePlugin_multiplier_i_12_n_0
                         CARRY4 (Prop_carry4_CI_O[0])
                                                      0.189     4.613 f  u_wb/defaultClockArea_cpu/unsignedDivider_2/MULDIV_EXE_MulDivExecutePlugin_multiplier_i_11/O[0]
                         net (fo=4, unplaced)         0.623     5.236    u_wb/defaultClockArea_cpu/unsignedDivider_2/B[20]
                         LUT4 (Prop_lut4_I1_O)        0.238     5.474 f  u_wb/defaultClockArea_cpu/unsignedDivider_2/MULDIV_RRD_to_MULDIV_EXE_ISSUE_SLOT_wReg[5]_i_10/O
                         net (fo=1, unplaced)         0.347     5.821    u_wb/defaultClockArea_cpu/unsignedDivider_2/MULDIV_RRD_to_MULDIV_EXE_ISSUE_SLOT_wReg[5]_i_10_n_0
                         LUT5 (Prop_lut5_I4_O)        0.105     5.926 r  u_wb/defaultClockArea_cpu/unsignedDivider_2/MULDIV_RRD_to_MULDIV_EXE_ISSUE_SLOT_wReg[5]_i_6/O
                         net (fo=1, unplaced)         0.582     6.508    u_wb/defaultClockArea_cpu/unsignedDivider_2/MULDIV_RRD_to_MULDIV_EXE_ISSUE_SLOT_wReg[5]_i_6_n_0
                         LUT4 (Prop_lut4_I1_O)        0.105     6.613 r  u_wb/defaultClockArea_cpu/unsignedDivider_2/MULDIV_RRD_to_MULDIV_EXE_ISSUE_SLOT_wReg[5]_i_4/O
                         net (fo=67, unplaced)        0.437     7.050    u_wb/defaultClockArea_cpu/unsignedDivider_3/MULDIV_RRD_to_MULDIV_EXE_ISSUE_SLOT_robIdx_reg[0]_0
                         LUT5 (Prop_lut5_I2_O)        0.105     7.155 r  u_wb/defaultClockArea_cpu/unsignedDivider_3/MULDIV_RRD_to_MULDIV_EXE_ISSUE_SLOT_wReg[5]_i_1/O
                         net (fo=88, unplaced)        0.443     7.598    u_wb/defaultClockArea_cpu/unsignedDivider_3/E[0]
                         LUT6 (Prop_lut6_I0_O)        0.105     7.703 r  u_wb/defaultClockArea_cpu/unsignedDivider_3/PhysRegFilePlugin_busys_31_i_4/O
                         net (fo=100, unplaced)       0.447     8.150    u_wb/defaultClockArea_cpu/unsignedDivider_3/PhysRegFilePlugin_busys_31_i_4_n_0
                         LUT6 (Prop_lut6_I2_O)        0.105     8.255 r  u_wb/defaultClockArea_cpu/unsignedDivider_3/MemIssueQueuePlugin_queue_4_payload_rRegs_1_valid_i_24/O
                         net (fo=1, unplaced)         0.347     8.602    u_wb/defaultClockArea_cpu/unsignedDivider_3/MemIssueQueuePlugin_queue_4_payload_rRegs_1_valid_i_24_n_0
                         LUT6 (Prop_lut6_I1_O)        0.105     8.707 r  u_wb/defaultClockArea_cpu/unsignedDivider_3/MemIssueQueuePlugin_queue_4_payload_rRegs_1_valid_i_14/O
                         net (fo=1, unplaced)         0.347     9.054    u_wb/defaultClockArea_cpu/unsignedDivider_3/MemIssueQueuePlugin_queue_4_payload_rRegs_1_valid_i_14_n_0
                         LUT6 (Prop_lut6_I0_O)        0.105     9.159 r  u_wb/defaultClockArea_cpu/unsignedDivider_3/MemIssueQueuePlugin_queue_4_payload_rRegs_1_valid_i_7/O
                         net (fo=11, unplaced)        0.393     9.552    u_wb/defaultClockArea_cpu/unsignedDivider_3/MemIssueQueuePlugin_queue_4_payload_rRegs_1_valid_i_7_n_0
                         LUT5 (Prop_lut5_I0_O)        0.105     9.657 r  u_wb/defaultClockArea_cpu/unsignedDivider_3/IntIssueQueuePlugin_queue_0_payload_rRegs_1_valid_i_6/O
                         net (fo=8, unplaced)         0.385    10.042    u_wb/defaultClockArea_cpu/unsignedDivider_3/IntIssueQueuePlugin_queue_0_payload_rRegs_1_valid_i_6_n_0
                         LUT6 (Prop_lut6_I1_O)        0.105    10.147 r  u_wb/defaultClockArea_cpu/unsignedDivider_3/IntIssueQueuePlugin_queue_2_payload_rRegs_1_valid_i_5/O
                         net (fo=1, unplaced)         0.347    10.494    u_wb/defaultClockArea_cpu/unsignedDivider_3/IntIssueQueuePlugin_queue_2_payload_rRegs_1_valid_i_5_n_0
                         LUT6 (Prop_lut6_I0_O)        0.105    10.599 r  u_wb/defaultClockArea_cpu/unsignedDivider_3/IntIssueQueuePlugin_queue_2_payload_rRegs_1_valid_i_4/O
                         net (fo=1, unplaced)         0.347    10.946    u_wb/defaultClockArea_cpu/unsignedDivider_3/IntIssueQueuePlugin_queue_2_payload_rRegs_1_valid_i_4_n_0
                         LUT5 (Prop_lut5_I2_O)        0.105    11.051 r  u_wb/defaultClockArea_cpu/unsignedDivider_3/IntIssueQueuePlugin_queue_2_payload_rRegs_1_valid_i_3/O
                         net (fo=4, unplaced)         0.371    11.422    u_wb/defaultClockArea_cpu/unsignedDivider_3/IntIssueQueuePlugin_queue_2_payload_rRegs_1_valid_i_3_n_0
                         LUT5 (Prop_lut5_I3_O)        0.105    11.527 r  u_wb/defaultClockArea_cpu/unsignedDivider_3/IntIssueQueuePlugin_queue_4_payload_rRegs_1_valid_i_1/O
                         net (fo=1, unplaced)         0.000    11.527    u_wb/defaultClockArea_cpu/unsignedDivider_3_n_51
                         FDRE                                         r  u_wb/defaultClockArea_cpu/IntIssueQueuePlugin_queue_4_payload_rRegs_1_valid_reg/D
  -------------------------------------------------------------------    -------------------

                         (clock core_clock rise edge)
                                                     10.000    10.000 r  
                                                      0.000    10.000 r  aclk (IN)
                         net (fo=0)                   0.000    10.000    aclk
                         IBUF (Prop_ibuf_I_O)         0.751    10.751 r  aclk_IBUF_inst/O
                         net (fo=1, unplaced)         0.613    11.365    aclk_IBUF
                         BUFG (Prop_bufg_I_O)         0.077    11.442 r  aclk_IBUF_BUFG_inst/O
                         net (fo=17644, unplaced)     0.439    11.881    u_wb/defaultClockArea_cpu/aclk_IBUF_BUFG
                         FDRE                                         r  u_wb/defaultClockArea_cpu/IntIssueQueuePlugin_queue_4_payload_rRegs_1_valid_reg/C
                         clock pessimism              0.167    12.048    
                         clock uncertainty           -0.035    12.012    
                         FDRE (Setup_fdre_C_D)        0.029    12.041    u_wb/defaultClockArea_cpu/IntIssueQueuePlugin_queue_4_payload_rRegs_1_valid_reg
  -------------------------------------------------------------------
                         required time                         12.041    
                         arrival time                         -11.527    
  -------------------------------------------------------------------
                         slack                                  0.515    

Slack (MET) :             0.515ns  (required time - arrival time)
  Source:                 u_wb/defaultClockArea_cpu/MULDIV_RRD_to_MULDIV_EXE_ISSUE_SLOT_uop_signed_reg/C
                            (rising edge-triggered cell FDRE clocked by core_clock  {rise@0.000ns fall@5.000ns period=10.000ns})
  Destination:            u_wb/defaultClockArea_cpu/IntIssueQueuePlugin_queue_5_payload_rRegs_1_valid_reg/D
                            (rising edge-triggered cell FDRE clocked by core_clock  {rise@0.000ns fall@5.000ns period=10.000ns})
  Path Group:             core_clock
  Path Type:              Setup (Max at Slow Process Corner)
  Requirement:            10.000ns  (core_clock rise@10.000ns - core_clock rise@0.000ns)
  Data Path Delay:        9.334ns  (logic 3.195ns (34.230%)  route 6.139ns (65.770%))
  Logic Levels:           20  (CARRY4=6 LUT3=1 LUT4=3 LUT5=4 LUT6=6)
  Clock Path Skew:        -0.145ns (DCD - SCD + CPR)
    Destination Clock Delay (DCD):    1.881ns = ( 11.881 - 10.000 ) 
    Source Clock Delay      (SCD):    2.193ns
    Clock Pessimism Removal (CPR):    0.167ns
  Clock Uncertainty:      0.035ns  ((TSJ^2 + TIJ^2)^1/2 + DJ) / 2 + PE
    Total System Jitter     (TSJ):    0.071ns
    Total Input Jitter      (TIJ):    0.000ns
    Discrete Jitter          (DJ):    0.000ns
    Phase Error              (PE):    0.000ns

    Location             Delay type                Incr(ns)  Path(ns)    Netlist Resource(s)
  -------------------------------------------------------------------    -------------------
                         (clock core_clock rise edge)
                                                      0.000     0.000 r  
                                                      0.000     0.000 r  aclk (IN)
                         net (fo=0)                   0.000     0.000    aclk
                         IBUF (Prop_ibuf_I_O)         0.882     0.882 r  aclk_IBUF_inst/O
                         net (fo=1, unplaced)         0.646     1.528    aclk_IBUF
                         BUFG (Prop_bufg_I_O)         0.081     1.609 r  aclk_IBUF_BUFG_inst/O
                         net (fo=17644, unplaced)     0.584     2.193    u_wb/defaultClockArea_cpu/aclk_IBUF_BUFG
                         FDRE                                         r  u_wb/defaultClockArea_cpu/MULDIV_RRD_to_MULDIV_EXE_ISSUE_SLOT_uop_signed_reg/C
  -------------------------------------------------------------------    -------------------
                         FDRE (Prop_fdre_C_Q)         0.379     2.572 r  u_wb/defaultClockArea_cpu/MULDIV_RRD_to_MULDIV_EXE_ISSUE_SLOT_uop_signed_reg/Q
                         net (fo=192, unplaced)       0.715     3.287    u_wb/defaultClockArea_cpu/unsignedDivider_2/MULDIV_RRD_to_MULDIV_EXE_ISSUE_SLOT_uop_signed
                         LUT3 (Prop_lut3_I0_O)        0.252     3.539 r  u_wb/defaultClockArea_cpu/unsignedDivider_2/MULDIV_EXE_MulDivExecutePlugin_multiplier_i_77/O
                         net (fo=1, unplaced)         0.000     3.539    u_wb/defaultClockArea_cpu/unsignedDivider_2/_zz_MULDIV_EXE_MulDivExecutePlugin_absRk[0]
                         CARRY4 (Prop_carry4_DI[0]_CO[3])
                                                      0.477     4.016 r  u_wb/defaultClockArea_cpu/unsignedDivider_2/MULDIV_EXE_MulDivExecutePlugin_multiplier_i_16/CO[3]
                         net (fo=1, unplaced)         0.008     4.024    u_wb/defaultClockArea_cpu/unsignedDivider_2/MULDIV_EXE_MulDivExecutePlugin_multiplier_i_16_n_0
                         CARRY4 (Prop_carry4_CI_CO[3])
                                                      0.100     4.124 r  u_wb/defaultClockArea_cpu/unsignedDivider_2/MULDIV_EXE_MulDivExecutePlugin_multiplier_i_15/CO[3]
                         net (fo=1, unplaced)         0.000     4.124    u_wb/defaultClockArea_cpu/unsignedDivider_2/MULDIV_EXE_MulDivExecutePlugin_multiplier_i_15_n_0
                         CARRY4 (Prop_carry4_CI_CO[3])
                                                      0.100     4.224 r  u_wb/defaultClockArea_cpu/unsignedDivider_2/MULDIV_EXE_MulDivExecutePlugin_multiplier_i_14/CO[3]
                         net (fo=1, unplaced)         0.000     4.224    u_wb/defaultClockArea_cpu/unsignedDivider_2/MULDIV_EXE_MulDivExecutePlugin_multiplier_i_14_n_0
                         CARRY4 (Prop_carry4_CI_CO[3])
                                                      0.100     4.324 r  u_wb/defaultClockArea_cpu/unsignedDivider_2/MULDIV_EXE_MulDivExecutePlugin_multiplier_i_13/CO[3]
                         net (fo=1, unplaced)         0.000     4.324    u_wb/defaultClockArea_cpu/unsignedDivider_2/MULDIV_EXE_MulDivExecutePlugin_multiplier_i_13_n_0
                         CARRY4 (Prop_carry4_CI_CO[3])
                                                      0.100     4.424 r  u_wb/defaultClockArea_cpu/unsignedDivider_2/MULDIV_EXE_MulDivExecutePlugin_multiplier_i_12/CO[3]
                         net (fo=1, unplaced)         0.000     4.424    u_wb/defaultClockArea_cpu/unsignedDivider_2/MULDIV_EXE_MulDivExecutePlugin_multiplier_i_12_n_0
                         CARRY4 (Prop_carry4_CI_O[0])
                                                      0.189     4.613 f  u_wb/defaultClockArea_cpu/unsignedDivider_2/MULDIV_EXE_MulDivExecutePlugin_multiplier_i_11/O[0]
                         net (fo=4, unplaced)         0.623     5.236    u_wb/defaultClockArea_cpu/unsignedDivider_2/B[20]
                         LUT4 (Prop_lut4_I1_O)        0.238     5.474 f  u_wb/defaultClockArea_cpu/unsignedDivider_2/MULDIV_RRD_to_MULDIV_EXE_ISSUE_SLOT_wReg[5]_i_10/O
                         net (fo=1, unplaced)         0.347     5.821    u_wb/defaultClockArea_cpu/unsignedDivider_2/MULDIV_RRD_to_MULDIV_EXE_ISSUE_SLOT_wReg[5]_i_10_n_0
                         LUT5 (Prop_lut5_I4_O)        0.105     5.926 r  u_wb/defaultClockArea_cpu/unsignedDivider_2/MULDIV_RRD_to_MULDIV_EXE_ISSUE_SLOT_wReg[5]_i_6/O
                         net (fo=1, unplaced)         0.582     6.508    u_wb/defaultClockArea_cpu/unsignedDivider_2/MULDIV_RRD_to_MULDIV_EXE_ISSUE_SLOT_wReg[5]_i_6_n_0
                         LUT4 (Prop_lut4_I1_O)        0.105     6.613 r  u_wb/defaultClockArea_cpu/unsignedDivider_2/MULDIV_RRD_to_MULDIV_EXE_ISSUE_SLOT_wReg[5]_i_4/O
                         net (fo=67, unplaced)        0.437     7.050    u_wb/defaultClockArea_cpu/unsignedDivider_3/MULDIV_RRD_to_MULDIV_EXE_ISSUE_SLOT_robIdx_reg[0]_0
                         LUT5 (Prop_lut5_I2_O)        0.105     7.155 r  u_wb/defaultClockArea_cpu/unsignedDivider_3/MULDIV_RRD_to_MULDIV_EXE_ISSUE_SLOT_wReg[5]_i_1/O
                         net (fo=88, unplaced)        0.443     7.598    u_wb/defaultClockArea_cpu/unsignedDivider_3/E[0]
                         LUT6 (Prop_lut6_I0_O)        0.105     7.703 r  u_wb/defaultClockArea_cpu/unsignedDivider_3/PhysRegFilePlugin_busys_31_i_4/O
                         net (fo=100, unplaced)       0.447     8.150    u_wb/defaultClockArea_cpu/unsignedDivider_3/PhysRegFilePlugin_busys_31_i_4_n_0
                         LUT6 (Prop_lut6_I2_O)        0.105     8.255 r  u_wb/defaultClockArea_cpu/unsignedDivider_3/MemIssueQueuePlugin_queue_4_payload_rRegs_1_valid_i_24/O
                         net (fo=1, unplaced)         0.347     8.602    u_wb/defaultClockArea_cpu/unsignedDivider_3/MemIssueQueuePlugin_queue_4_payload_rRegs_1_valid_i_24_n_0
                         LUT6 (Prop_lut6_I1_O)        0.105     8.707 r  u_wb/defaultClockArea_cpu/unsignedDivider_3/MemIssueQueuePlugin_queue_4_payload_rRegs_1_valid_i_14/O
                         net (fo=1, unplaced)         0.347     9.054    u_wb/defaultClockArea_cpu/unsignedDivider_3/MemIssueQueuePlugin_queue_4_payload_rRegs_1_valid_i_14_n_0
                         LUT6 (Prop_lut6_I0_O)        0.105     9.159 r  u_wb/defaultClockArea_cpu/unsignedDivider_3/MemIssueQueuePlugin_queue_4_payload_rRegs_1_valid_i_7/O
                         net (fo=11, unplaced)        0.393     9.552    u_wb/defaultClockArea_cpu/unsignedDivider_3/MemIssueQueuePlugin_queue_4_payload_rRegs_1_valid_i_7_n_0
                         LUT5 (Prop_lut5_I0_O)        0.105     9.657 r  u_wb/defaultClockArea_cpu/unsignedDivider_3/IntIssueQueuePlugin_queue_0_payload_rRegs_1_valid_i_6/O
                         net (fo=8, unplaced)         0.385    10.042    u_wb/defaultClockArea_cpu/unsignedDivider_3/IntIssueQueuePlugin_queue_0_payload_rRegs_1_valid_i_6_n_0
                         LUT6 (Prop_lut6_I1_O)        0.105    10.147 r  u_wb/defaultClockArea_cpu/unsignedDivider_3/IntIssueQueuePlugin_queue_2_payload_rRegs_1_valid_i_5/O
                         net (fo=1, unplaced)         0.347    10.494    u_wb/defaultClockArea_cpu/unsignedDivider_3/IntIssueQueuePlugin_queue_2_payload_rRegs_1_valid_i_5_n_0
                         LUT6 (Prop_lut6_I0_O)        0.105    10.599 r  u_wb/defaultClockArea_cpu/unsignedDivider_3/IntIssueQueuePlugin_queue_2_payload_rRegs_1_valid_i_4/O
                         net (fo=1, unplaced)         0.347    10.946    u_wb/defaultClockArea_cpu/unsignedDivider_3/IntIssueQueuePlugin_queue_2_payload_rRegs_1_valid_i_4_n_0
                         LUT5 (Prop_lut5_I2_O)        0.105    11.051 r  u_wb/defaultClockArea_cpu/unsignedDivider_3/IntIssueQueuePlugin_queue_2_payload_rRegs_1_valid_i_3/O
                         net (fo=4, unplaced)         0.371    11.422    u_wb/defaultClockArea_cpu/unsignedDivider_3/IntIssueQueuePlugin_queue_2_payload_rRegs_1_valid_i_3_n_0
                         LUT4 (Prop_lut4_I3_O)        0.105    11.527 r  u_wb/defaultClockArea_cpu/unsignedDivider_3/IntIssueQueuePlugin_queue_5_payload_rRegs_1_valid_i_1/O
                         net (fo=1, unplaced)         0.000    11.527    u_wb/defaultClockArea_cpu/unsignedDivider_3_n_45
                         FDRE                                         r  u_wb/defaultClockArea_cpu/IntIssueQueuePlugin_queue_5_payload_rRegs_1_valid_reg/D
  -------------------------------------------------------------------    -------------------

                         (clock core_clock rise edge)
                                                     10.000    10.000 r  
                                                      0.000    10.000 r  aclk (IN)
                         net (fo=0)                   0.000    10.000    aclk
                         IBUF (Prop_ibuf_I_O)         0.751    10.751 r  aclk_IBUF_inst/O
                         net (fo=1, unplaced)         0.613    11.365    aclk_IBUF
                         BUFG (Prop_bufg_I_O)         0.077    11.442 r  aclk_IBUF_BUFG_inst/O
                         net (fo=17644, unplaced)     0.439    11.881    u_wb/defaultClockArea_cpu/aclk_IBUF_BUFG
                         FDRE                                         r  u_wb/defaultClockArea_cpu/IntIssueQueuePlugin_queue_5_payload_rRegs_1_valid_reg/C
                         clock pessimism              0.167    12.048    
                         clock uncertainty           -0.035    12.012    
                         FDRE (Setup_fdre_C_D)        0.029    12.041    u_wb/defaultClockArea_cpu/IntIssueQueuePlugin_queue_5_payload_rRegs_1_valid_reg
  -------------------------------------------------------------------
                         required time                         12.041    
                         arrival time                         -11.527    
  -------------------------------------------------------------------
                         slack                                  0.515    

Slack (MET) :             0.518ns  (required time - arrival time)
  Source:                 u_wb/defaultClockArea_cpu/MULDIV_RRD_to_MULDIV_EXE_ISSUE_SLOT_uop_signed_reg/C
                            (rising edge-triggered cell FDRE clocked by core_clock  {rise@0.000ns fall@5.000ns period=10.000ns})
  Destination:            u_wb/defaultClockArea_cpu/IntIssueQueuePlugin_queue_0_payload_rRegs_1_valid_reg/D
                            (rising edge-triggered cell FDRE clocked by core_clock  {rise@0.000ns fall@5.000ns period=10.000ns})
  Path Group:             core_clock
  Path Type:              Setup (Max at Slow Process Corner)
  Requirement:            10.000ns  (core_clock rise@10.000ns - core_clock rise@0.000ns)
  Data Path Delay:        9.331ns  (logic 3.195ns (34.241%)  route 6.136ns (65.759%))
  Logic Levels:           20  (CARRY4=6 LUT3=2 LUT4=3 LUT5=3 LUT6=6)
  Clock Path Skew:        -0.145ns (DCD - SCD + CPR)
    Destination Clock Delay (DCD):    1.881ns = ( 11.881 - 10.000 ) 
    Source Clock Delay      (SCD):    2.193ns
    Clock Pessimism Removal (CPR):    0.167ns
  Clock Uncertainty:      0.035ns  ((TSJ^2 + TIJ^2)^1/2 + DJ) / 2 + PE
    Total System Jitter     (TSJ):    0.071ns
    Total Input Jitter      (TIJ):    0.000ns
    Discrete Jitter          (DJ):    0.000ns
    Phase Error              (PE):    0.000ns

    Location             Delay type                Incr(ns)  Path(ns)    Netlist Resource(s)
  -------------------------------------------------------------------    -------------------
                         (clock core_clock rise edge)
                                                      0.000     0.000 r  
                                                      0.000     0.000 r  aclk (IN)
                         net (fo=0)                   0.000     0.000    aclk
                         IBUF (Prop_ibuf_I_O)         0.882     0.882 r  aclk_IBUF_inst/O
                         net (fo=1, unplaced)         0.646     1.528    aclk_IBUF
                         BUFG (Prop_bufg_I_O)         0.081     1.609 r  aclk_IBUF_BUFG_inst/O
                         net (fo=17644, unplaced)     0.584     2.193    u_wb/defaultClockArea_cpu/aclk_IBUF_BUFG
                         FDRE                                         r  u_wb/defaultClockArea_cpu/MULDIV_RRD_to_MULDIV_EXE_ISSUE_SLOT_uop_signed_reg/C
  -------------------------------------------------------------------    -------------------
                         FDRE (Prop_fdre_C_Q)         0.379     2.572 r  u_wb/defaultClockArea_cpu/MULDIV_RRD_to_MULDIV_EXE_ISSUE_SLOT_uop_signed_reg/Q
                         net (fo=192, unplaced)       0.715     3.287    u_wb/defaultClockArea_cpu/unsignedDivider_2/MULDIV_RRD_to_MULDIV_EXE_ISSUE_SLOT_uop_signed
                         LUT3 (Prop_lut3_I0_O)        0.252     3.539 r  u_wb/defaultClockArea_cpu/unsignedDivider_2/MULDIV_EXE_MulDivExecutePlugin_multiplier_i_77/O
                         net (fo=1, unplaced)         0.000     3.539    u_wb/defaultClockArea_cpu/unsignedDivider_2/_zz_MULDIV_EXE_MulDivExecutePlugin_absRk[0]
                         CARRY4 (Prop_carry4_DI[0]_CO[3])
                                                      0.477     4.016 r  u_wb/defaultClockArea_cpu/unsignedDivider_2/MULDIV_EXE_MulDivExecutePlugin_multiplier_i_16/CO[3]
                         net (fo=1, unplaced)         0.008     4.024    u_wb/defaultClockArea_cpu/unsignedDivider_2/MULDIV_EXE_MulDivExecutePlugin_multiplier_i_16_n_0
                         CARRY4 (Prop_carry4_CI_CO[3])
                                                      0.100     4.124 r  u_wb/defaultClockArea_cpu/unsignedDivider_2/MULDIV_EXE_MulDivExecutePlugin_multiplier_i_15/CO[3]
                         net (fo=1, unplaced)         0.000     4.124    u_wb/defaultClockArea_cpu/unsignedDivider_2/MULDIV_EXE_MulDivExecutePlugin_multiplier_i_15_n_0
                         CARRY4 (Prop_carry4_CI_CO[3])
                                                      0.100     4.224 r  u_wb/defaultClockArea_cpu/unsignedDivider_2/MULDIV_EXE_MulDivExecutePlugin_multiplier_i_14/CO[3]
                         net (fo=1, unplaced)         0.000     4.224    u_wb/defaultClockArea_cpu/unsignedDivider_2/MULDIV_EXE_MulDivExecutePlugin_multiplier_i_14_n_0
                         CARRY4 (Prop_carry4_CI_CO[3])
                                                      0.100     4.324 r  u_wb/defaultClockArea_cpu/unsignedDivider_2/MULDIV_EXE_MulDivExecutePlugin_multiplier_i_13/CO[3]
                         net (fo=1, unplaced)         0.000     4.324    u_wb/defaultClockArea_cpu/unsignedDivider_2/MULDIV_EXE_MulDivExecutePlugin_multiplier_i_13_n_0
                         CARRY4 (Prop_carry4_CI_CO[3])
                                                      0.100     4.424 r  u_wb/defaultClockArea_cpu/unsignedDivider_2/MULDIV_EXE_MulDivExecutePlugin_multiplier_i_12/CO[3]
                         net (fo=1, unplaced)         0.000     4.424    u_wb/defaultClockArea_cpu/unsignedDivider_2/MULDIV_EXE_MulDivExecutePlugin_multiplier_i_12_n_0
                         CARRY4 (Prop_carry4_CI_O[0])
                                                      0.189     4.613 f  u_wb/defaultClockArea_cpu/unsignedDivider_2/MULDIV_EXE_MulDivExecutePlugin_multiplier_i_11/O[0]
                         net (fo=4, unplaced)         0.623     5.236    u_wb/defaultClockArea_cpu/unsignedDivider_2/B[20]
                         LUT4 (Prop_lut4_I1_O)        0.238     5.474 f  u_wb/defaultClockArea_cpu/unsignedDivider_2/MULDIV_RRD_to_MULDIV_EXE_ISSUE_SLOT_wReg[5]_i_10/O
                         net (fo=1, unplaced)         0.347     5.821    u_wb/defaultClockArea_cpu/unsignedDivider_2/MULDIV_RRD_to_MULDIV_EXE_ISSUE_SLOT_wReg[5]_i_10_n_0
                         LUT5 (Prop_lut5_I4_O)        0.105     5.926 r  u_wb/defaultClockArea_cpu/unsignedDivider_2/MULDIV_RRD_to_MULDIV_EXE_ISSUE_SLOT_wReg[5]_i_6/O
                         net (fo=1, unplaced)         0.582     6.508    u_wb/defaultClockArea_cpu/unsignedDivider_2/MULDIV_RRD_to_MULDIV_EXE_ISSUE_SLOT_wReg[5]_i_6_n_0
                         LUT4 (Prop_lut4_I1_O)        0.105     6.613 r  u_wb/defaultClockArea_cpu/unsignedDivider_2/MULDIV_RRD_to_MULDIV_EXE_ISSUE_SLOT_wReg[5]_i_4/O
                         net (fo=67, unplaced)        0.437     7.050    u_wb/defaultClockArea_cpu/unsignedDivider_3/MULDIV_RRD_to_MULDIV_EXE_ISSUE_SLOT_robIdx_reg[0]_0
                         LUT5 (Prop_lut5_I2_O)        0.105     7.155 r  u_wb/defaultClockArea_cpu/unsignedDivider_3/MULDIV_RRD_to_MULDIV_EXE_ISSUE_SLOT_wReg[5]_i_1/O
                         net (fo=88, unplaced)        0.443     7.598    u_wb/defaultClockArea_cpu/unsignedDivider_3/E[0]
                         LUT6 (Prop_lut6_I0_O)        0.105     7.703 r  u_wb/defaultClockArea_cpu/unsignedDivider_3/PhysRegFilePlugin_busys_31_i_4/O
                         net (fo=100, unplaced)       0.447     8.150    u_wb/defaultClockArea_cpu/unsignedDivider_3/PhysRegFilePlugin_busys_31_i_4_n_0
                         LUT6 (Prop_lut6_I2_O)        0.105     8.255 r  u_wb/defaultClockArea_cpu/unsignedDivider_3/MemIssueQueuePlugin_queue_4_payload_rRegs_1_valid_i_24/O
                         net (fo=1, unplaced)         0.347     8.602    u_wb/defaultClockArea_cpu/unsignedDivider_3/MemIssueQueuePlugin_queue_4_payload_rRegs_1_valid_i_24_n_0
                         LUT6 (Prop_lut6_I1_O)        0.105     8.707 r  u_wb/defaultClockArea_cpu/unsignedDivider_3/MemIssueQueuePlugin_queue_4_payload_rRegs_1_valid_i_14/O
                         net (fo=1, unplaced)         0.347     9.054    u_wb/defaultClockArea_cpu/unsignedDivider_3/MemIssueQueuePlugin_queue_4_payload_rRegs_1_valid_i_14_n_0
                         LUT6 (Prop_lut6_I0_O)        0.105     9.159 r  u_wb/defaultClockArea_cpu/unsignedDivider_3/MemIssueQueuePlugin_queue_4_payload_rRegs_1_valid_i_7/O
                         net (fo=11, unplaced)        0.393     9.552    u_wb/defaultClockArea_cpu/unsignedDivider_3/MemIssueQueuePlugin_queue_4_payload_rRegs_1_valid_i_7_n_0
                         LUT5 (Prop_lut5_I0_O)        0.105     9.657 f  u_wb/defaultClockArea_cpu/unsignedDivider_3/IntIssueQueuePlugin_queue_6_payload_rRegs_1_valid_i_4/O
                         net (fo=7, unplaced)         0.382    10.039    u_wb/defaultClockArea_cpu/unsignedDivider_3/IntIssueQueuePlugin_queue_6_payload_rRegs_1_valid_i_4_n_0
                         LUT3 (Prop_lut3_I1_O)        0.105    10.144 r  u_wb/defaultClockArea_cpu/unsignedDivider_3/IntIssueQueuePlugin_queue_1_payload_rRegs_1_valid_i_10/O
                         net (fo=1, unplaced)         0.347    10.491    u_wb/defaultClockArea_cpu/unsignedDivider_3/IntIssueQueuePlugin_queue_1_payload_rRegs_1_valid_i_10_n_0
                         LUT6 (Prop_lut6_I4_O)        0.105    10.596 r  u_wb/defaultClockArea_cpu/unsignedDivider_3/IntIssueQueuePlugin_queue_1_payload_rRegs_1_valid_i_2/O
                         net (fo=4, unplaced)         0.371    10.967    u_wb/defaultClockArea_cpu/unsignedDivider_3/IntIssueQueuePlugin_queue_1_payload_rRegs_1_valid_i_2_n_0
                         LUT4 (Prop_lut4_I3_O)        0.105    11.072 f  u_wb/defaultClockArea_cpu/unsignedDivider_3/IntIssueQueuePlugin_queue_0_payload_rRegs_1_valid_i_4/O
                         net (fo=1, unplaced)         0.347    11.419    u_wb/defaultClockArea_cpu/unsignedDivider_3/IntIssueQueuePlugin_queue_0_payload_rRegs_1_valid_i_4_n_0
                         LUT6 (Prop_lut6_I3_O)        0.105    11.524 r  u_wb/defaultClockArea_cpu/unsignedDivider_3/IntIssueQueuePlugin_queue_0_payload_rRegs_1_valid_i_1/O
                         net (fo=1, unplaced)         0.000    11.524    u_wb/defaultClockArea_cpu/unsignedDivider_3_n_35
                         FDRE                                         r  u_wb/defaultClockArea_cpu/IntIssueQueuePlugin_queue_0_payload_rRegs_1_valid_reg/D
  -------------------------------------------------------------------    -------------------

                         (clock core_clock rise edge)
                                                     10.000    10.000 r  
                                                      0.000    10.000 r  aclk (IN)
                         net (fo=0)                   0.000    10.000    aclk
                         IBUF (Prop_ibuf_I_O)         0.751    10.751 r  aclk_IBUF_inst/O
                         net (fo=1, unplaced)         0.613    11.365    aclk_IBUF
                         BUFG (Prop_bufg_I_O)         0.077    11.442 r  aclk_IBUF_BUFG_inst/O
                         net (fo=17644, unplaced)     0.439    11.881    u_wb/defaultClockArea_cpu/aclk_IBUF_BUFG
                         FDRE                                         r  u_wb/defaultClockArea_cpu/IntIssueQueuePlugin_queue_0_payload_rRegs_1_valid_reg/C
                         clock pessimism              0.167    12.048    
                         clock uncertainty           -0.035    12.012    
                         FDRE (Setup_fdre_C_D)        0.029    12.041    u_wb/defaultClockArea_cpu/IntIssueQueuePlugin_queue_0_payload_rRegs_1_valid_reg
  -------------------------------------------------------------------
                         required time                         12.041    
                         arrival time                         -11.524    
  -------------------------------------------------------------------
                         slack                                  0.518    

Slack (MET) :             0.521ns  (required time - arrival time)
  Source:                 u_wb/defaultClockArea_cpu/MULDIV_RRD_to_MULDIV_EXE_ISSUE_SLOT_uop_signed_reg/C
                            (rising edge-triggered cell FDRE clocked by core_clock  {rise@0.000ns fall@5.000ns period=10.000ns})
  Destination:            u_wb/defaultClockArea_cpu/IntIssueQueuePlugin_queue_1_payload_rRegs_1_valid_reg/D
                            (rising edge-triggered cell FDRE clocked by core_clock  {rise@0.000ns fall@5.000ns period=10.000ns})
  Path Group:             core_clock
  Path Type:              Setup (Max at Slow Process Corner)
  Requirement:            10.000ns  (core_clock rise@10.000ns - core_clock rise@0.000ns)
  Data Path Delay:        9.328ns  (logic 3.195ns (34.252%)  route 6.133ns (65.748%))
  Logic Levels:           20  (CARRY4=6 LUT2=1 LUT3=2 LUT4=2 LUT5=3 LUT6=6)
  Clock Path Skew:        -0.145ns (DCD - SCD + CPR)
    Destination Clock Delay (DCD):    1.881ns = ( 11.881 - 10.000 ) 
    Source Clock Delay      (SCD):    2.193ns
    Clock Pessimism Removal (CPR):    0.167ns
  Clock Uncertainty:      0.035ns  ((TSJ^2 + TIJ^2)^1/2 + DJ) / 2 + PE
    Total System Jitter     (TSJ):    0.071ns
    Total Input Jitter      (TIJ):    0.000ns
    Discrete Jitter          (DJ):    0.000ns
    Phase Error              (PE):    0.000ns

    Location             Delay type                Incr(ns)  Path(ns)    Netlist Resource(s)
  -------------------------------------------------------------------    -------------------
                         (clock core_clock rise edge)
                                                      0.000     0.000 r  
                                                      0.000     0.000 r  aclk (IN)
                         net (fo=0)                   0.000     0.000    aclk
                         IBUF (Prop_ibuf_I_O)         0.882     0.882 r  aclk_IBUF_inst/O
                         net (fo=1, unplaced)         0.646     1.528    aclk_IBUF
                         BUFG (Prop_bufg_I_O)         0.081     1.609 r  aclk_IBUF_BUFG_inst/O
                         net (fo=17644, unplaced)     0.584     2.193    u_wb/defaultClockArea_cpu/aclk_IBUF_BUFG
                         FDRE                                         r  u_wb/defaultClockArea_cpu/MULDIV_RRD_to_MULDIV_EXE_ISSUE_SLOT_uop_signed_reg/C
  -------------------------------------------------------------------    -------------------
                         FDRE (Prop_fdre_C_Q)         0.379     2.572 r  u_wb/defaultClockArea_cpu/MULDIV_RRD_to_MULDIV_EXE_ISSUE_SLOT_uop_signed_reg/Q
                         net (fo=192, unplaced)       0.715     3.287    u_wb/defaultClockArea_cpu/unsignedDivider_2/MULDIV_RRD_to_MULDIV_EXE_ISSUE_SLOT_uop_signed
                         LUT3 (Prop_lut3_I0_O)        0.252     3.539 r  u_wb/defaultClockArea_cpu/unsignedDivider_2/MULDIV_EXE_MulDivExecutePlugin_multiplier_i_77/O
                         net (fo=1, unplaced)         0.000     3.539    u_wb/defaultClockArea_cpu/unsignedDivider_2/_zz_MULDIV_EXE_MulDivExecutePlugin_absRk[0]
                         CARRY4 (Prop_carry4_DI[0]_CO[3])
                                                      0.477     4.016 r  u_wb/defaultClockArea_cpu/unsignedDivider_2/MULDIV_EXE_MulDivExecutePlugin_multiplier_i_16/CO[3]
                         net (fo=1, unplaced)         0.008     4.024    u_wb/defaultClockArea_cpu/unsignedDivider_2/MULDIV_EXE_MulDivExecutePlugin_multiplier_i_16_n_0
                         CARRY4 (Prop_carry4_CI_CO[3])
                                                      0.100     4.124 r  u_wb/defaultClockArea_cpu/unsignedDivider_2/MULDIV_EXE_MulDivExecutePlugin_multiplier_i_15/CO[3]
                         net (fo=1, unplaced)         0.000     4.124    u_wb/defaultClockArea_cpu/unsignedDivider_2/MULDIV_EXE_MulDivExecutePlugin_multiplier_i_15_n_0
                         CARRY4 (Prop_carry4_CI_CO[3])
                                                      0.100     4.224 r  u_wb/defaultClockArea_cpu/unsignedDivider_2/MULDIV_EXE_MulDivExecutePlugin_multiplier_i_14/CO[3]
                         net (fo=1, unplaced)         0.000     4.224    u_wb/defaultClockArea_cpu/unsignedDivider_2/MULDIV_EXE_MulDivExecutePlugin_multiplier_i_14_n_0
                         CARRY4 (Prop_carry4_CI_CO[3])
                                                      0.100     4.324 r  u_wb/defaultClockArea_cpu/unsignedDivider_2/MULDIV_EXE_MulDivExecutePlugin_multiplier_i_13/CO[3]
                         net (fo=1, unplaced)         0.000     4.324    u_wb/defaultClockArea_cpu/unsignedDivider_2/MULDIV_EXE_MulDivExecutePlugin_multiplier_i_13_n_0
                         CARRY4 (Prop_carry4_CI_CO[3])
                                                      0.100     4.424 r  u_wb/defaultClockArea_cpu/unsignedDivider_2/MULDIV_EXE_MulDivExecutePlugin_multiplier_i_12/CO[3]
                         net (fo=1, unplaced)         0.000     4.424    u_wb/defaultClockArea_cpu/unsignedDivider_2/MULDIV_EXE_MulDivExecutePlugin_multiplier_i_12_n_0
                         CARRY4 (Prop_carry4_CI_O[0])
                                                      0.189     4.613 f  u_wb/defaultClockArea_cpu/unsignedDivider_2/MULDIV_EXE_MulDivExecutePlugin_multiplier_i_11/O[0]
                         net (fo=4, unplaced)         0.623     5.236    u_wb/defaultClockArea_cpu/unsignedDivider_2/B[20]
                         LUT4 (Prop_lut4_I1_O)        0.238     5.474 f  u_wb/defaultClockArea_cpu/unsignedDivider_2/MULDIV_RRD_to_MULDIV_EXE_ISSUE_SLOT_wReg[5]_i_10/O
                         net (fo=1, unplaced)         0.347     5.821    u_wb/defaultClockArea_cpu/unsignedDivider_2/MULDIV_RRD_to_MULDIV_EXE_ISSUE_SLOT_wReg[5]_i_10_n_0
                         LUT5 (Prop_lut5_I4_O)        0.105     5.926 r  u_wb/defaultClockArea_cpu/unsignedDivider_2/MULDIV_RRD_to_MULDIV_EXE_ISSUE_SLOT_wReg[5]_i_6/O
                         net (fo=1, unplaced)         0.582     6.508    u_wb/defaultClockArea_cpu/unsignedDivider_2/MULDIV_RRD_to_MULDIV_EXE_ISSUE_SLOT_wReg[5]_i_6_n_0
                         LUT4 (Prop_lut4_I1_O)        0.105     6.613 r  u_wb/defaultClockArea_cpu/unsignedDivider_2/MULDIV_RRD_to_MULDIV_EXE_ISSUE_SLOT_wReg[5]_i_4/O
                         net (fo=67, unplaced)        0.437     7.050    u_wb/defaultClockArea_cpu/unsignedDivider_3/MULDIV_RRD_to_MULDIV_EXE_ISSUE_SLOT_robIdx_reg[0]_0
                         LUT5 (Prop_lut5_I2_O)        0.105     7.155 r  u_wb/defaultClockArea_cpu/unsignedDivider_3/MULDIV_RRD_to_MULDIV_EXE_ISSUE_SLOT_wReg[5]_i_1/O
                         net (fo=88, unplaced)        0.443     7.598    u_wb/defaultClockArea_cpu/unsignedDivider_3/E[0]
                         LUT6 (Prop_lut6_I0_O)        0.105     7.703 r  u_wb/defaultClockArea_cpu/unsignedDivider_3/PhysRegFilePlugin_busys_31_i_4/O
                         net (fo=100, unplaced)       0.447     8.150    u_wb/defaultClockArea_cpu/unsignedDivider_3/PhysRegFilePlugin_busys_31_i_4_n_0
                         LUT6 (Prop_lut6_I2_O)        0.105     8.255 r  u_wb/defaultClockArea_cpu/unsignedDivider_3/MemIssueQueuePlugin_queue_4_payload_rRegs_1_valid_i_24/O
                         net (fo=1, unplaced)         0.347     8.602    u_wb/defaultClockArea_cpu/unsignedDivider_3/MemIssueQueuePlugin_queue_4_payload_rRegs_1_valid_i_24_n_0
                         LUT6 (Prop_lut6_I1_O)        0.105     8.707 r  u_wb/defaultClockArea_cpu/unsignedDivider_3/MemIssueQueuePlugin_queue_4_payload_rRegs_1_valid_i_14/O
                         net (fo=1, unplaced)         0.347     9.054    u_wb/defaultClockArea_cpu/unsignedDivider_3/MemIssueQueuePlugin_queue_4_payload_rRegs_1_valid_i_14_n_0
                         LUT6 (Prop_lut6_I0_O)        0.105     9.159 r  u_wb/defaultClockArea_cpu/unsignedDivider_3/MemIssueQueuePlugin_queue_4_payload_rRegs_1_valid_i_7/O
                         net (fo=11, unplaced)        0.393     9.552    u_wb/defaultClockArea_cpu/unsignedDivider_3/MemIssueQueuePlugin_queue_4_payload_rRegs_1_valid_i_7_n_0
                         LUT5 (Prop_lut5_I0_O)        0.105     9.657 r  u_wb/defaultClockArea_cpu/unsignedDivider_3/IntIssueQueuePlugin_queue_0_payload_rRegs_1_valid_i_6/O
                         net (fo=8, unplaced)         0.385    10.042    u_wb/defaultClockArea_cpu/unsignedDivider_3/IntIssueQueuePlugin_queue_0_payload_rRegs_1_valid_i_6_n_0
                         LUT3 (Prop_lut3_I1_O)        0.105    10.147 f  u_wb/defaultClockArea_cpu/unsignedDivider_3/IntIssueQueuePlugin_queue_1_payload_rRegs_1_valid_i_32/O
                         net (fo=1, unplaced)         0.347    10.494    u_wb/defaultClockArea_cpu/unsignedDivider_3/IntIssueQueuePlugin_queue_1_payload_rRegs_1_valid_i_32_n_0
                         LUT6 (Prop_lut6_I5_O)        0.105    10.599 f  u_wb/defaultClockArea_cpu/unsignedDivider_3/IntIssueQueuePlugin_queue_1_payload_rRegs_1_valid_i_12/O
                         net (fo=3, unplaced)         0.365    10.964    u_wb/defaultClockArea_cpu/unsignedDivider_3/IntIssueQueuePlugin_queue_1_payload_rRegs_1_valid_i_12_n_0
                         LUT2 (Prop_lut2_I1_O)        0.105    11.069 r  u_wb/defaultClockArea_cpu/unsignedDivider_3/IntIssueQueuePlugin_queue_1_payload_rRegs_1_valid_i_3/O
                         net (fo=1, unplaced)         0.347    11.416    u_wb/defaultClockArea_cpu/unsignedDivider_3/IntIssueQueuePlugin_queue_1_payload_rRegs_1_valid_i_3_n_0
                         LUT6 (Prop_lut6_I2_O)        0.105    11.521 r  u_wb/defaultClockArea_cpu/unsignedDivider_3/IntIssueQueuePlugin_queue_1_payload_rRegs_1_valid_i_1/O
                         net (fo=1, unplaced)         0.000    11.521    u_wb/defaultClockArea_cpu/unsignedDivider_3_n_86
                         FDRE                                         r  u_wb/defaultClockArea_cpu/IntIssueQueuePlugin_queue_1_payload_rRegs_1_valid_reg/D
  -------------------------------------------------------------------    -------------------

                         (clock core_clock rise edge)
                                                     10.000    10.000 r  
                                                      0.000    10.000 r  aclk (IN)
                         net (fo=0)                   0.000    10.000    aclk
                         IBUF (Prop_ibuf_I_O)         0.751    10.751 r  aclk_IBUF_inst/O
                         net (fo=1, unplaced)         0.613    11.365    aclk_IBUF
                         BUFG (Prop_bufg_I_O)         0.077    11.442 r  aclk_IBUF_BUFG_inst/O
                         net (fo=17644, unplaced)     0.439    11.881    u_wb/defaultClockArea_cpu/aclk_IBUF_BUFG
                         FDRE                                         r  u_wb/defaultClockArea_cpu/IntIssueQueuePlugin_queue_1_payload_rRegs_1_valid_reg/C
                         clock pessimism              0.167    12.048    
                         clock uncertainty           -0.035    12.012    
                         FDRE (Setup_fdre_C_D)        0.029    12.041    u_wb/defaultClockArea_cpu/IntIssueQueuePlugin_queue_1_payload_rRegs_1_valid_reg
  -------------------------------------------------------------------
                         required time                         12.041    
                         arrival time                         -11.521    
  -------------------------------------------------------------------
                         slack                                  0.521    

Slack (MET) :             0.532ns  (required time - arrival time)
  Source:                 u_wb/defaultClockArea_cpu/MULDIV_RRD_to_MULDIV_EXE_ISSUE_SLOT_uop_signed_reg/C
                            (rising edge-triggered cell FDRE clocked by core_clock  {rise@0.000ns fall@5.000ns period=10.000ns})
  Destination:            u_wb/defaultClockArea_cpu/IntIssueQueuePlugin_queue_4_payload_rRegs_0_valid_reg/D
                            (rising edge-triggered cell FDRE clocked by core_clock  {rise@0.000ns fall@5.000ns period=10.000ns})
  Path Group:             core_clock
  Path Type:              Setup (Max at Slow Process Corner)
  Requirement:            10.000ns  (core_clock rise@10.000ns - core_clock rise@0.000ns)
  Data Path Delay:        9.317ns  (logic 3.195ns (34.292%)  route 6.122ns (65.708%))
  Logic Levels:           20  (CARRY4=6 LUT3=1 LUT4=2 LUT5=6 LUT6=5)
  Clock Path Skew:        -0.145ns (DCD - SCD + CPR)
    Destination Clock Delay (DCD):    1.881ns = ( 11.881 - 10.000 ) 
    Source Clock Delay      (SCD):    2.193ns
    Clock Pessimism Removal (CPR):    0.167ns
  Clock Uncertainty:      0.035ns  ((TSJ^2 + TIJ^2)^1/2 + DJ) / 2 + PE
    Total System Jitter     (TSJ):    0.071ns
    Total Input Jitter      (TIJ):    0.000ns
    Discrete Jitter          (DJ):    0.000ns
    Phase Error              (PE):    0.000ns

    Location             Delay type                Incr(ns)  Path(ns)    Netlist Resource(s)
  -------------------------------------------------------------------    -------------------
                         (clock core_clock rise edge)
                                                      0.000     0.000 r  
                                                      0.000     0.000 r  aclk (IN)
                         net (fo=0)                   0.000     0.000    aclk
                         IBUF (Prop_ibuf_I_O)         0.882     0.882 r  aclk_IBUF_inst/O
                         net (fo=1, unplaced)         0.646     1.528    aclk_IBUF
                         BUFG (Prop_bufg_I_O)         0.081     1.609 r  aclk_IBUF_BUFG_inst/O
                         net (fo=17644, unplaced)     0.584     2.193    u_wb/defaultClockArea_cpu/aclk_IBUF_BUFG
                         FDRE                                         r  u_wb/defaultClockArea_cpu/MULDIV_RRD_to_MULDIV_EXE_ISSUE_SLOT_uop_signed_reg/C
  -------------------------------------------------------------------    -------------------
                         FDRE (Prop_fdre_C_Q)         0.379     2.572 r  u_wb/defaultClockArea_cpu/MULDIV_RRD_to_MULDIV_EXE_ISSUE_SLOT_uop_signed_reg/Q
                         net (fo=192, unplaced)       0.715     3.287    u_wb/defaultClockArea_cpu/unsignedDivider_2/MULDIV_RRD_to_MULDIV_EXE_ISSUE_SLOT_uop_signed
                         LUT3 (Prop_lut3_I0_O)        0.252     3.539 r  u_wb/defaultClockArea_cpu/unsignedDivider_2/MULDIV_EXE_MulDivExecutePlugin_multiplier_i_77/O
                         net (fo=1, unplaced)         0.000     3.539    u_wb/defaultClockArea_cpu/unsignedDivider_2/_zz_MULDIV_EXE_MulDivExecutePlugin_absRk[0]
                         CARRY4 (Prop_carry4_DI[0]_CO[3])
                                                      0.477     4.016 r  u_wb/defaultClockArea_cpu/unsignedDivider_2/MULDIV_EXE_MulDivExecutePlugin_multiplier_i_16/CO[3]
                         net (fo=1, unplaced)         0.008     4.024    u_wb/defaultClockArea_cpu/unsignedDivider_2/MULDIV_EXE_MulDivExecutePlugin_multiplier_i_16_n_0
                         CARRY4 (Prop_carry4_CI_CO[3])
                                                      0.100     4.124 r  u_wb/defaultClockArea_cpu/unsignedDivider_2/MULDIV_EXE_MulDivExecutePlugin_multiplier_i_15/CO[3]
                         net (fo=1, unplaced)         0.000     4.124    u_wb/defaultClockArea_cpu/unsignedDivider_2/MULDIV_EXE_MulDivExecutePlugin_multiplier_i_15_n_0
                         CARRY4 (Prop_carry4_CI_CO[3])
                                                      0.100     4.224 r  u_wb/defaultClockArea_cpu/unsignedDivider_2/MULDIV_EXE_MulDivExecutePlugin_multiplier_i_14/CO[3]
                         net (fo=1, unplaced)         0.000     4.224    u_wb/defaultClockArea_cpu/unsignedDivider_2/MULDIV_EXE_MulDivExecutePlugin_multiplier_i_14_n_0
                         CARRY4 (Prop_carry4_CI_CO[3])
                                                      0.100     4.324 r  u_wb/defaultClockArea_cpu/unsignedDivider_2/MULDIV_EXE_MulDivExecutePlugin_multiplier_i_13/CO[3]
                         net (fo=1, unplaced)         0.000     4.324    u_wb/defaultClockArea_cpu/unsignedDivider_2/MULDIV_EXE_MulDivExecutePlugin_multiplier_i_13_n_0
                         CARRY4 (Prop_carry4_CI_CO[3])
                                                      0.100     4.424 r  u_wb/defaultClockArea_cpu/unsignedDivider_2/MULDIV_EXE_MulDivExecutePlugin_multiplier_i_12/CO[3]
                         net (fo=1, unplaced)         0.000     4.424    u_wb/defaultClockArea_cpu/unsignedDivider_2/MULDIV_EXE_MulDivExecutePlugin_multiplier_i_12_n_0
                         CARRY4 (Prop_carry4_CI_O[0])
                                                      0.189     4.613 f  u_wb/defaultClockArea_cpu/unsignedDivider_2/MULDIV_EXE_MulDivExecutePlugin_multiplier_i_11/O[0]
                         net (fo=4, unplaced)         0.623     5.236    u_wb/defaultClockArea_cpu/unsignedDivider_2/B[20]
                         LUT4 (Prop_lut4_I1_O)        0.238     5.474 f  u_wb/defaultClockArea_cpu/unsignedDivider_2/MULDIV_RRD_to_MULDIV_EXE_ISSUE_SLOT_wReg[5]_i_10/O
                         net (fo=1, unplaced)         0.347     5.821    u_wb/defaultClockArea_cpu/unsignedDivider_2/MULDIV_RRD_to_MULDIV_EXE_ISSUE_SLOT_wReg[5]_i_10_n_0
                         LUT5 (Prop_lut5_I4_O)        0.105     5.926 r  u_wb/defaultClockArea_cpu/unsignedDivider_2/MULDIV_RRD_to_MULDIV_EXE_ISSUE_SLOT_wReg[5]_i_6/O
                         net (fo=1, unplaced)         0.582     6.508    u_wb/defaultClockArea_cpu/unsignedDivider_2/MULDIV_RRD_to_MULDIV_EXE_ISSUE_SLOT_wReg[5]_i_6_n_0
                         LUT4 (Prop_lut4_I1_O)        0.105     6.613 r  u_wb/defaultClockArea_cpu/unsignedDivider_2/MULDIV_RRD_to_MULDIV_EXE_ISSUE_SLOT_wReg[5]_i_4/O
                         net (fo=67, unplaced)        0.437     7.050    u_wb/defaultClockArea_cpu/unsignedDivider_3/MULDIV_RRD_to_MULDIV_EXE_ISSUE_SLOT_robIdx_reg[0]_0
                         LUT5 (Prop_lut5_I2_O)        0.105     7.155 r  u_wb/defaultClockArea_cpu/unsignedDivider_3/MULDIV_RRD_to_MULDIV_EXE_ISSUE_SLOT_wReg[5]_i_1/O
                         net (fo=88, unplaced)        0.443     7.598    u_wb/defaultClockArea_cpu/unsignedDivider_3/E[0]
                         LUT6 (Prop_lut6_I0_O)        0.105     7.703 r  u_wb/defaultClockArea_cpu/unsignedDivider_3/PhysRegFilePlugin_busys_31_i_4/O
                         net (fo=100, unplaced)       0.447     8.150    u_wb/defaultClockArea_cpu/unsignedDivider_3/PhysRegFilePlugin_busys_31_i_4_n_0
                         LUT5 (Prop_lut5_I2_O)        0.105     8.255 r  u_wb/defaultClockArea_cpu/unsignedDivider_3/IntIssueQueuePlugin_queue_6_payload_rRegs_0_valid_i_46/O
                         net (fo=1, unplaced)         0.347     8.602    u_wb/defaultClockArea_cpu/unsignedDivider_3/IntIssueQueuePlugin_queue_6_payload_rRegs_0_valid_i_46_n_0
                         LUT6 (Prop_lut6_I3_O)        0.105     8.707 r  u_wb/defaultClockArea_cpu/unsignedDivider_3/IntIssueQueuePlugin_queue_6_payload_rRegs_0_valid_i_24/O
                         net (fo=1, unplaced)         0.347     9.054    u_wb/defaultClockArea_cpu/unsignedDivider_3/IntIssueQueuePlugin_queue_6_payload_rRegs_0_valid_i_24_n_0
                         LUT6 (Prop_lut6_I3_O)        0.105     9.159 f  u_wb/defaultClockArea_cpu/unsignedDivider_3/IntIssueQueuePlugin_queue_6_payload_rRegs_0_valid_i_12/O
                         net (fo=6, unplaced)         0.379     9.538    u_wb/defaultClockArea_cpu/unsignedDivider_3/IntIssueQueuePlugin_queue_6_payload_rRegs_0_valid_i_12_n_0
                         LUT5 (Prop_lut5_I0_O)        0.105     9.643 r  u_wb/defaultClockArea_cpu/unsignedDivider_3/IntIssueQueuePlugin_queue_0_payload_rRegs_0_valid_i_6/O
                         net (fo=7, unplaced)         0.382    10.025    u_wb/defaultClockArea_cpu/unsignedDivider_3/IntIssueQueuePlugin_queue_0_payload_rRegs_0_valid_i_6_n_0
                         LUT6 (Prop_lut6_I1_O)        0.105    10.130 r  u_wb/defaultClockArea_cpu/unsignedDivider_3/IntIssueQueuePlugin_queue_2_payload_rRegs_0_valid_i_6/O
                         net (fo=1, unplaced)         0.347    10.477    u_wb/defaultClockArea_cpu/unsignedDivider_3/IntIssueQueuePlugin_queue_2_payload_rRegs_0_valid_i_6_n_0
                         LUT6 (Prop_lut6_I0_O)        0.105    10.582 r  u_wb/defaultClockArea_cpu/unsignedDivider_3/IntIssueQueuePlugin_queue_2_payload_rRegs_0_valid_i_5/O
                         net (fo=1, unplaced)         0.347    10.929    u_wb/defaultClockArea_cpu/unsignedDivider_3/IntIssueQueuePlugin_queue_2_payload_rRegs_0_valid_i_5_n_0
                         LUT5 (Prop_lut5_I2_O)        0.105    11.034 r  u_wb/defaultClockArea_cpu/unsignedDivider_3/IntIssueQueuePlugin_queue_2_payload_rRegs_0_valid_i_4/O
                         net (fo=4, unplaced)         0.371    11.405    u_wb/defaultClockArea_cpu/unsignedDivider_3/IntIssueQueuePlugin_queue_2_payload_rRegs_0_valid_i_4_n_0
                         LUT5 (Prop_lut5_I2_O)        0.105    11.510 r  u_wb/defaultClockArea_cpu/unsignedDivider_3/IntIssueQueuePlugin_queue_4_payload_rRegs_0_valid_i_1/O
                         net (fo=1, unplaced)         0.000    11.510    u_wb/defaultClockArea_cpu/unsignedDivider_3_n_84
                         FDRE                                         r  u_wb/defaultClockArea_cpu/IntIssueQueuePlugin_queue_4_payload_rRegs_0_valid_reg/D
  -------------------------------------------------------------------    -------------------

                         (clock core_clock rise edge)
                                                     10.000    10.000 r  
                                                      0.000    10.000 r  aclk (IN)
                         net (fo=0)                   0.000    10.000    aclk
                         IBUF (Prop_ibuf_I_O)         0.751    10.751 r  aclk_IBUF_inst/O
                         net (fo=1, unplaced)         0.613    11.365    aclk_IBUF
                         BUFG (Prop_bufg_I_O)         0.077    11.442 r  aclk_IBUF_BUFG_inst/O
                         net (fo=17644, unplaced)     0.439    11.881    u_wb/defaultClockArea_cpu/aclk_IBUF_BUFG
                         FDRE                                         r  u_wb/defaultClockArea_cpu/IntIssueQueuePlugin_queue_4_payload_rRegs_0_valid_reg/C
                         clock pessimism              0.167    12.048    
                         clock uncertainty           -0.035    12.012    
                         FDRE (Setup_fdre_C_D)        0.029    12.041    u_wb/defaultClockArea_cpu/IntIssueQueuePlugin_queue_4_payload_rRegs_0_valid_reg
  -------------------------------------------------------------------
                         required time                         12.041    
                         arrival time                         -11.510    
  -------------------------------------------------------------------
                         slack                                  0.532    

Slack (MET) :             0.532ns  (required time - arrival time)
  Source:                 u_wb/defaultClockArea_cpu/MULDIV_RRD_to_MULDIV_EXE_ISSUE_SLOT_uop_signed_reg/C
                            (rising edge-triggered cell FDRE clocked by core_clock  {rise@0.000ns fall@5.000ns period=10.000ns})
  Destination:            u_wb/defaultClockArea_cpu/IntIssueQueuePlugin_queue_5_payload_rRegs_0_valid_reg/D
                            (rising edge-triggered cell FDRE clocked by core_clock  {rise@0.000ns fall@5.000ns period=10.000ns})
  Path Group:             core_clock
  Path Type:              Setup (Max at Slow Process Corner)
  Requirement:            10.000ns  (core_clock rise@10.000ns - core_clock rise@0.000ns)
  Data Path Delay:        9.317ns  (logic 3.195ns (34.292%)  route 6.122ns (65.708%))
  Logic Levels:           20  (CARRY4=6 LUT3=1 LUT4=3 LUT5=5 LUT6=5)
  Clock Path Skew:        -0.145ns (DCD - SCD + CPR)
    Destination Clock Delay (DCD):    1.881ns = ( 11.881 - 10.000 ) 
    Source Clock Delay      (SCD):    2.193ns
    Clock Pessimism Removal (CPR):    0.167ns
  Clock Uncertainty:      0.035ns  ((TSJ^2 + TIJ^2)^1/2 + DJ) / 2 + PE
    Total System Jitter     (TSJ):    0.071ns
    Total Input Jitter      (TIJ):    0.000ns
    Discrete Jitter          (DJ):    0.000ns
    Phase Error              (PE):    0.000ns

    Location             Delay type                Incr(ns)  Path(ns)    Netlist Resource(s)
  -------------------------------------------------------------------    -------------------
                         (clock core_clock rise edge)
                                                      0.000     0.000 r  
                                                      0.000     0.000 r  aclk (IN)
                         net (fo=0)                   0.000     0.000    aclk
                         IBUF (Prop_ibuf_I_O)         0.882     0.882 r  aclk_IBUF_inst/O
                         net (fo=1, unplaced)         0.646     1.528    aclk_IBUF
                         BUFG (Prop_bufg_I_O)         0.081     1.609 r  aclk_IBUF_BUFG_inst/O
                         net (fo=17644, unplaced)     0.584     2.193    u_wb/defaultClockArea_cpu/aclk_IBUF_BUFG
                         FDRE                                         r  u_wb/defaultClockArea_cpu/MULDIV_RRD_to_MULDIV_EXE_ISSUE_SLOT_uop_signed_reg/C
  -------------------------------------------------------------------    -------------------
                         FDRE (Prop_fdre_C_Q)         0.379     2.572 r  u_wb/defaultClockArea_cpu/MULDIV_RRD_to_MULDIV_EXE_ISSUE_SLOT_uop_signed_reg/Q
                         net (fo=192, unplaced)       0.715     3.287    u_wb/defaultClockArea_cpu/unsignedDivider_2/MULDIV_RRD_to_MULDIV_EXE_ISSUE_SLOT_uop_signed
                         LUT3 (Prop_lut3_I0_O)        0.252     3.539 r  u_wb/defaultClockArea_cpu/unsignedDivider_2/MULDIV_EXE_MulDivExecutePlugin_multiplier_i_77/O
                         net (fo=1, unplaced)         0.000     3.539    u_wb/defaultClockArea_cpu/unsignedDivider_2/_zz_MULDIV_EXE_MulDivExecutePlugin_absRk[0]
                         CARRY4 (Prop_carry4_DI[0]_CO[3])
                                                      0.477     4.016 r  u_wb/defaultClockArea_cpu/unsignedDivider_2/MULDIV_EXE_MulDivExecutePlugin_multiplier_i_16/CO[3]
                         net (fo=1, unplaced)         0.008     4.024    u_wb/defaultClockArea_cpu/unsignedDivider_2/MULDIV_EXE_MulDivExecutePlugin_multiplier_i_16_n_0
                         CARRY4 (Prop_carry4_CI_CO[3])
                                                      0.100     4.124 r  u_wb/defaultClockArea_cpu/unsignedDivider_2/MULDIV_EXE_MulDivExecutePlugin_multiplier_i_15/CO[3]
                         net (fo=1, unplaced)         0.000     4.124    u_wb/defaultClockArea_cpu/unsignedDivider_2/MULDIV_EXE_MulDivExecutePlugin_multiplier_i_15_n_0
                         CARRY4 (Prop_carry4_CI_CO[3])
                                                      0.100     4.224 r  u_wb/defaultClockArea_cpu/unsignedDivider_2/MULDIV_EXE_MulDivExecutePlugin_multiplier_i_14/CO[3]
                         net (fo=1, unplaced)         0.000     4.224    u_wb/defaultClockArea_cpu/unsignedDivider_2/MULDIV_EXE_MulDivExecutePlugin_multiplier_i_14_n_0
                         CARRY4 (Prop_carry4_CI_CO[3])
                                                      0.100     4.324 r  u_wb/defaultClockArea_cpu/unsignedDivider_2/MULDIV_EXE_MulDivExecutePlugin_multiplier_i_13/CO[3]
                         net (fo=1, unplaced)         0.000     4.324    u_wb/defaultClockArea_cpu/unsignedDivider_2/MULDIV_EXE_MulDivExecutePlugin_multiplier_i_13_n_0
                         CARRY4 (Prop_carry4_CI_CO[3])
                                                      0.100     4.424 r  u_wb/defaultClockArea_cpu/unsignedDivider_2/MULDIV_EXE_MulDivExecutePlugin_multiplier_i_12/CO[3]
                         net (fo=1, unplaced)         0.000     4.424    u_wb/defaultClockArea_cpu/unsignedDivider_2/MULDIV_EXE_MulDivExecutePlugin_multiplier_i_12_n_0
                         CARRY4 (Prop_carry4_CI_O[0])
                                                      0.189     4.613 f  u_wb/defaultClockArea_cpu/unsignedDivider_2/MULDIV_EXE_MulDivExecutePlugin_multiplier_i_11/O[0]
                         net (fo=4, unplaced)         0.623     5.236    u_wb/defaultClockArea_cpu/unsignedDivider_2/B[20]
                         LUT4 (Prop_lut4_I1_O)        0.238     5.474 f  u_wb/defaultClockArea_cpu/unsignedDivider_2/MULDIV_RRD_to_MULDIV_EXE_ISSUE_SLOT_wReg[5]_i_10/O
                         net (fo=1, unplaced)         0.347     5.821    u_wb/defaultClockArea_cpu/unsignedDivider_2/MULDIV_RRD_to_MULDIV_EXE_ISSUE_SLOT_wReg[5]_i_10_n_0
                         LUT5 (Prop_lut5_I4_O)        0.105     5.926 r  u_wb/defaultClockArea_cpu/unsignedDivider_2/MULDIV_RRD_to_MULDIV_EXE_ISSUE_SLOT_wReg[5]_i_6/O
                         net (fo=1, unplaced)         0.582     6.508    u_wb/defaultClockArea_cpu/unsignedDivider_2/MULDIV_RRD_to_MULDIV_EXE_ISSUE_SLOT_wReg[5]_i_6_n_0
                         LUT4 (Prop_lut4_I1_O)        0.105     6.613 r  u_wb/defaultClockArea_cpu/unsignedDivider_2/MULDIV_RRD_to_MULDIV_EXE_ISSUE_SLOT_wReg[5]_i_4/O
                         net (fo=67, unplaced)        0.437     7.050    u_wb/defaultClockArea_cpu/unsignedDivider_3/MULDIV_RRD_to_MULDIV_EXE_ISSUE_SLOT_robIdx_reg[0]_0
                         LUT5 (Prop_lut5_I2_O)        0.105     7.155 r  u_wb/defaultClockArea_cpu/unsignedDivider_3/MULDIV_RRD_to_MULDIV_EXE_ISSUE_SLOT_wReg[5]_i_1/O
                         net (fo=88, unplaced)        0.443     7.598    u_wb/defaultClockArea_cpu/unsignedDivider_3/E[0]
                         LUT6 (Prop_lut6_I0_O)        0.105     7.703 r  u_wb/defaultClockArea_cpu/unsignedDivider_3/PhysRegFilePlugin_busys_31_i_4/O
                         net (fo=100, unplaced)       0.447     8.150    u_wb/defaultClockArea_cpu/unsignedDivider_3/PhysRegFilePlugin_busys_31_i_4_n_0
                         LUT5 (Prop_lut5_I2_O)        0.105     8.255 r  u_wb/defaultClockArea_cpu/unsignedDivider_3/IntIssueQueuePlugin_queue_6_payload_rRegs_0_valid_i_46/O
                         net (fo=1, unplaced)         0.347     8.602    u_wb/defaultClockArea_cpu/unsignedDivider_3/IntIssueQueuePlugin_queue_6_payload_rRegs_0_valid_i_46_n_0
                         LUT6 (Prop_lut6_I3_O)        0.105     8.707 r  u_wb/defaultClockArea_cpu/unsignedDivider_3/IntIssueQueuePlugin_queue_6_payload_rRegs_0_valid_i_24/O
                         net (fo=1, unplaced)         0.347     9.054    u_wb/defaultClockArea_cpu/unsignedDivider_3/IntIssueQueuePlugin_queue_6_payload_rRegs_0_valid_i_24_n_0
                         LUT6 (Prop_lut6_I3_O)        0.105     9.159 f  u_wb/defaultClockArea_cpu/unsignedDivider_3/IntIssueQueuePlugin_queue_6_payload_rRegs_0_valid_i_12/O
                         net (fo=6, unplaced)         0.379     9.538    u_wb/defaultClockArea_cpu/unsignedDivider_3/IntIssueQueuePlugin_queue_6_payload_rRegs_0_valid_i_12_n_0
                         LUT5 (Prop_lut5_I0_O)        0.105     9.643 r  u_wb/defaultClockArea_cpu/unsignedDivider_3/IntIssueQueuePlugin_queue_0_payload_rRegs_0_valid_i_6/O
                         net (fo=7, unplaced)         0.382    10.025    u_wb/defaultClockArea_cpu/unsignedDivider_3/IntIssueQueuePlugin_queue_0_payload_rRegs_0_valid_i_6_n_0
                         LUT6 (Prop_lut6_I1_O)        0.105    10.130 r  u_wb/defaultClockArea_cpu/unsignedDivider_3/IntIssueQueuePlugin_queue_2_payload_rRegs_0_valid_i_6/O
                         net (fo=1, unplaced)         0.347    10.477    u_wb/defaultClockArea_cpu/unsignedDivider_3/IntIssueQueuePlugin_queue_2_payload_rRegs_0_valid_i_6_n_0
                         LUT6 (Prop_lut6_I0_O)        0.105    10.582 r  u_wb/defaultClockArea_cpu/unsignedDivider_3/IntIssueQueuePlugin_queue_2_payload_rRegs_0_valid_i_5/O
                         net (fo=1, unplaced)         0.347    10.929    u_wb/defaultClockArea_cpu/unsignedDivider_3/IntIssueQueuePlugin_queue_2_payload_rRegs_0_valid_i_5_n_0
                         LUT5 (Prop_lut5_I2_O)        0.105    11.034 r  u_wb/defaultClockArea_cpu/unsignedDivider_3/IntIssueQueuePlugin_queue_2_payload_rRegs_0_valid_i_4/O
                         net (fo=4, unplaced)         0.371    11.405    u_wb/defaultClockArea_cpu/unsignedDivider_3/IntIssueQueuePlugin_queue_2_payload_rRegs_0_valid_i_4_n_0
                         LUT4 (Prop_lut4_I3_O)        0.105    11.510 r  u_wb/defaultClockArea_cpu/unsignedDivider_3/IntIssueQueuePlugin_queue_5_payload_rRegs_0_valid_i_1/O
                         net (fo=1, unplaced)         0.000    11.510    u_wb/defaultClockArea_cpu/unsignedDivider_3_n_47
                         FDRE                                         r  u_wb/defaultClockArea_cpu/IntIssueQueuePlugin_queue_5_payload_rRegs_0_valid_reg/D
  -------------------------------------------------------------------    -------------------

                         (clock core_clock rise edge)
                                                     10.000    10.000 r  
                                                      0.000    10.000 r  aclk (IN)
                         net (fo=0)                   0.000    10.000    aclk
                         IBUF (Prop_ibuf_I_O)         0.751    10.751 r  aclk_IBUF_inst/O
                         net (fo=1, unplaced)         0.613    11.365    aclk_IBUF
                         BUFG (Prop_bufg_I_O)         0.077    11.442 r  aclk_IBUF_BUFG_inst/O
                         net (fo=17644, unplaced)     0.439    11.881    u_wb/defaultClockArea_cpu/aclk_IBUF_BUFG
                         FDRE                                         r  u_wb/defaultClockArea_cpu/IntIssueQueuePlugin_queue_5_payload_rRegs_0_valid_reg/C
                         clock pessimism              0.167    12.048    
                         clock uncertainty           -0.035    12.012    
                         FDRE (Setup_fdre_C_D)        0.029    12.041    u_wb/defaultClockArea_cpu/IntIssueQueuePlugin_queue_5_payload_rRegs_0_valid_reg
  -------------------------------------------------------------------
                         required time                         12.041    
                         arrival time                         -11.510    
  -------------------------------------------------------------------
                         slack                                  0.532    

Slack (MET) :             0.562ns  (required time - arrival time)
  Source:                 u_wb/defaultClockArea_cpu/MULDIV_RRD_to_MULDIV_EXE_ISSUE_SLOT_uop_signed_reg/C
                            (rising edge-triggered cell FDRE clocked by core_clock  {rise@0.000ns fall@5.000ns period=10.000ns})
  Destination:            u_wb/defaultClockArea_cpu/MulDivIssueQueuePlugin_queue_1_payload_rRegs_0_valid_reg/D
                            (rising edge-triggered cell FDRE clocked by core_clock  {rise@0.000ns fall@5.000ns period=10.000ns})
  Path Group:             core_clock
  Path Type:              Setup (Max at Slow Process Corner)
  Requirement:            10.000ns  (core_clock rise@10.000ns - core_clock rise@0.000ns)
  Data Path Delay:        9.287ns  (logic 3.195ns (34.403%)  route 6.092ns (65.597%))
  Logic Levels:           20  (CARRY4=6 LUT3=2 LUT4=3 LUT5=4 LUT6=5)
  Clock Path Skew:        -0.145ns (DCD - SCD + CPR)
    Destination Clock Delay (DCD):    1.881ns = ( 11.881 - 10.000 ) 
    Source Clock Delay      (SCD):    2.193ns
    Clock Pessimism Removal (CPR):    0.167ns
  Clock Uncertainty:      0.035ns  ((TSJ^2 + TIJ^2)^1/2 + DJ) / 2 + PE
    Total System Jitter     (TSJ):    0.071ns
    Total Input Jitter      (TIJ):    0.000ns
    Discrete Jitter          (DJ):    0.000ns
    Phase Error              (PE):    0.000ns

    Location             Delay type                Incr(ns)  Path(ns)    Netlist Resource(s)
  -------------------------------------------------------------------    -------------------
                         (clock core_clock rise edge)
                                                      0.000     0.000 r  
                                                      0.000     0.000 r  aclk (IN)
                         net (fo=0)                   0.000     0.000    aclk
                         IBUF (Prop_ibuf_I_O)         0.882     0.882 r  aclk_IBUF_inst/O
                         net (fo=1, unplaced)         0.646     1.528    aclk_IBUF
                         BUFG (Prop_bufg_I_O)         0.081     1.609 r  aclk_IBUF_BUFG_inst/O
                         net (fo=17644, unplaced)     0.584     2.193    u_wb/defaultClockArea_cpu/aclk_IBUF_BUFG
                         FDRE                                         r  u_wb/defaultClockArea_cpu/MULDIV_RRD_to_MULDIV_EXE_ISSUE_SLOT_uop_signed_reg/C
  -------------------------------------------------------------------    -------------------
                         FDRE (Prop_fdre_C_Q)         0.379     2.572 r  u_wb/defaultClockArea_cpu/MULDIV_RRD_to_MULDIV_EXE_ISSUE_SLOT_uop_signed_reg/Q
                         net (fo=192, unplaced)       0.715     3.287    u_wb/defaultClockArea_cpu/unsignedDivider_2/MULDIV_RRD_to_MULDIV_EXE_ISSUE_SLOT_uop_signed
                         LUT3 (Prop_lut3_I0_O)        0.252     3.539 r  u_wb/defaultClockArea_cpu/unsignedDivider_2/MULDIV_EXE_MulDivExecutePlugin_multiplier_i_77/O
                         net (fo=1, unplaced)         0.000     3.539    u_wb/defaultClockArea_cpu/unsignedDivider_2/_zz_MULDIV_EXE_MulDivExecutePlugin_absRk[0]
                         CARRY4 (Prop_carry4_DI[0]_CO[3])
                                                      0.477     4.016 r  u_wb/defaultClockArea_cpu/unsignedDivider_2/MULDIV_EXE_MulDivExecutePlugin_multiplier_i_16/CO[3]
                         net (fo=1, unplaced)         0.008     4.024    u_wb/defaultClockArea_cpu/unsignedDivider_2/MULDIV_EXE_MulDivExecutePlugin_multiplier_i_16_n_0
                         CARRY4 (Prop_carry4_CI_CO[3])
                                                      0.100     4.124 r  u_wb/defaultClockArea_cpu/unsignedDivider_2/MULDIV_EXE_MulDivExecutePlugin_multiplier_i_15/CO[3]
                         net (fo=1, unplaced)         0.000     4.124    u_wb/defaultClockArea_cpu/unsignedDivider_2/MULDIV_EXE_MulDivExecutePlugin_multiplier_i_15_n_0
                         CARRY4 (Prop_carry4_CI_CO[3])
                                                      0.100     4.224 r  u_wb/defaultClockArea_cpu/unsignedDivider_2/MULDIV_EXE_MulDivExecutePlugin_multiplier_i_14/CO[3]
                         net (fo=1, unplaced)         0.000     4.224    u_wb/defaultClockArea_cpu/unsignedDivider_2/MULDIV_EXE_MulDivExecutePlugin_multiplier_i_14_n_0
                         CARRY4 (Prop_carry4_CI_CO[3])
                                                      0.100     4.324 r  u_wb/defaultClockArea_cpu/unsignedDivider_2/MULDIV_EXE_MulDivExecutePlugin_multiplier_i_13/CO[3]
                         net (fo=1, unplaced)         0.000     4.324    u_wb/defaultClockArea_cpu/unsignedDivider_2/MULDIV_EXE_MulDivExecutePlugin_multiplier_i_13_n_0
                         CARRY4 (Prop_carry4_CI_CO[3])
                                                      0.100     4.424 r  u_wb/defaultClockArea_cpu/unsignedDivider_2/MULDIV_EXE_MulDivExecutePlugin_multiplier_i_12/CO[3]
                         net (fo=1, unplaced)         0.000     4.424    u_wb/defaultClockArea_cpu/unsignedDivider_2/MULDIV_EXE_MulDivExecutePlugin_multiplier_i_12_n_0
                         CARRY4 (Prop_carry4_CI_O[0])
                                                      0.189     4.613 f  u_wb/defaultClockArea_cpu/unsignedDivider_2/MULDIV_EXE_MulDivExecutePlugin_multiplier_i_11/O[0]
                         net (fo=4, unplaced)         0.623     5.236    u_wb/defaultClockArea_cpu/unsignedDivider_2/B[20]
                         LUT4 (Prop_lut4_I1_O)        0.238     5.474 f  u_wb/defaultClockArea_cpu/unsignedDivider_2/MULDIV_RRD_to_MULDIV_EXE_ISSUE_SLOT_wReg[5]_i_10/O
                         net (fo=1, unplaced)         0.347     5.821    u_wb/defaultClockArea_cpu/unsignedDivider_2/MULDIV_RRD_to_MULDIV_EXE_ISSUE_SLOT_wReg[5]_i_10_n_0
                         LUT5 (Prop_lut5_I4_O)        0.105     5.926 r  u_wb/defaultClockArea_cpu/unsignedDivider_2/MULDIV_RRD_to_MULDIV_EXE_ISSUE_SLOT_wReg[5]_i_6/O
                         net (fo=1, unplaced)         0.582     6.508    u_wb/defaultClockArea_cpu/unsignedDivider_2/MULDIV_RRD_to_MULDIV_EXE_ISSUE_SLOT_wReg[5]_i_6_n_0
                         LUT4 (Prop_lut4_I1_O)        0.105     6.613 r  u_wb/defaultClockArea_cpu/unsignedDivider_2/MULDIV_RRD_to_MULDIV_EXE_ISSUE_SLOT_wReg[5]_i_4/O
                         net (fo=67, unplaced)        0.437     7.050    u_wb/defaultClockArea_cpu/unsignedDivider_3/MULDIV_RRD_to_MULDIV_EXE_ISSUE_SLOT_robIdx_reg[0]_0
                         LUT5 (Prop_lut5_I2_O)        0.105     7.155 r  u_wb/defaultClockArea_cpu/unsignedDivider_3/MULDIV_RRD_to_MULDIV_EXE_ISSUE_SLOT_wReg[5]_i_1/O
                         net (fo=88, unplaced)        0.443     7.598    u_wb/defaultClockArea_cpu/unsignedDivider_3/E[0]
                         LUT6 (Prop_lut6_I0_O)        0.105     7.703 r  u_wb/defaultClockArea_cpu/unsignedDivider_3/PhysRegFilePlugin_busys_31_i_4/O
                         net (fo=100, unplaced)       0.447     8.150    u_wb/defaultClockArea_cpu/unsignedDivider_3/PhysRegFilePlugin_busys_31_i_4_n_0
                         LUT5 (Prop_lut5_I2_O)        0.105     8.255 r  u_wb/defaultClockArea_cpu/unsignedDivider_3/IntIssueQueuePlugin_queue_6_payload_rRegs_0_valid_i_46/O
                         net (fo=1, unplaced)         0.347     8.602    u_wb/defaultClockArea_cpu/unsignedDivider_3/IntIssueQueuePlugin_queue_6_payload_rRegs_0_valid_i_46_n_0
                         LUT6 (Prop_lut6_I3_O)        0.105     8.707 r  u_wb/defaultClockArea_cpu/unsignedDivider_3/IntIssueQueuePlugin_queue_6_payload_rRegs_0_valid_i_24/O
                         net (fo=1, unplaced)         0.347     9.054    u_wb/defaultClockArea_cpu/unsignedDivider_3/IntIssueQueuePlugin_queue_6_payload_rRegs_0_valid_i_24_n_0
                         LUT6 (Prop_lut6_I3_O)        0.105     9.159 f  u_wb/defaultClockArea_cpu/unsignedDivider_3/IntIssueQueuePlugin_queue_6_payload_rRegs_0_valid_i_12/O
                         net (fo=6, unplaced)         0.379     9.538    u_wb/defaultClockArea_cpu/unsignedDivider_3/IntIssueQueuePlugin_queue_6_payload_rRegs_0_valid_i_12_n_0
                         LUT5 (Prop_lut5_I2_O)        0.105     9.643 f  u_wb/defaultClockArea_cpu/unsignedDivider_3/MulDivIssueQueuePlugin_queue_0_payload_rRegs_0_valid_i_2/O
                         net (fo=3, unplaced)         0.365    10.008    u_wb/defaultClockArea_cpu/unsignedDivider_3/MulDivIssueQueuePlugin_queue_0_payload_rRegs_0_valid_i_2_n_0
                         LUT4 (Prop_lut4_I3_O)        0.105    10.113 r  u_wb/defaultClockArea_cpu/unsignedDivider_3/MulDivIssueQueuePlugin_queue_2_payload_rRegs_0_valid_i_9/O
                         net (fo=1, unplaced)         0.347    10.460    u_wb/defaultClockArea_cpu/unsignedDivider_3/MulDivIssueQueuePlugin_queue_2_payload_rRegs_0_valid_i_9_n_0
                         LUT6 (Prop_lut6_I0_O)        0.105    10.565 r  u_wb/defaultClockArea_cpu/unsignedDivider_3/MulDivIssueQueuePlugin_queue_2_payload_rRegs_0_valid_i_5/O
                         net (fo=1, unplaced)         0.347    10.912    u_wb/defaultClockArea_cpu/unsignedDivider_3/MulDivIssueQueuePlugin_queue_2_payload_rRegs_0_valid_i_5_n_0
                         LUT6 (Prop_lut6_I5_O)        0.105    11.017 r  u_wb/defaultClockArea_cpu/unsignedDivider_3/MulDivIssueQueuePlugin_queue_2_payload_rRegs_0_valid_i_1/O
                         net (fo=2, unplaced)         0.358    11.375    u_wb/defaultClockArea_cpu/unsignedDivider_3/MulDivIssueQueuePlugin_queue_2_payload_rRegs_0_payload_reg[3]
                         LUT3 (Prop_lut3_I0_O)        0.105    11.480 r  u_wb/defaultClockArea_cpu/unsignedDivider_3/MulDivIssueQueuePlugin_queue_1_payload_rRegs_0_valid_i_1/O
                         net (fo=1, unplaced)         0.000    11.480    u_wb/defaultClockArea_cpu/unsignedDivider_3_n_97
                         FDRE                                         r  u_wb/defaultClockArea_cpu/MulDivIssueQueuePlugin_queue_1_payload_rRegs_0_valid_reg/D
  -------------------------------------------------------------------    -------------------

                         (clock core_clock rise edge)
                                                     10.000    10.000 r  
                                                      0.000    10.000 r  aclk (IN)
                         net (fo=0)                   0.000    10.000    aclk
                         IBUF (Prop_ibuf_I_O)         0.751    10.751 r  aclk_IBUF_inst/O
                         net (fo=1, unplaced)         0.613    11.365    aclk_IBUF
                         BUFG (Prop_bufg_I_O)         0.077    11.442 r  aclk_IBUF_BUFG_inst/O
                         net (fo=17644, unplaced)     0.439    11.881    u_wb/defaultClockArea_cpu/aclk_IBUF_BUFG
                         FDRE                                         r  u_wb/defaultClockArea_cpu/MulDivIssueQueuePlugin_queue_1_payload_rRegs_0_valid_reg/C
                         clock pessimism              0.167    12.048    
                         clock uncertainty           -0.035    12.012    
                         FDRE (Setup_fdre_C_D)        0.029    12.041    u_wb/defaultClockArea_cpu/MulDivIssueQueuePlugin_queue_1_payload_rRegs_0_valid_reg
  -------------------------------------------------------------------
                         required time                         12.041    
                         arrival time                         -11.480    
  -------------------------------------------------------------------
                         slack                                  0.562    

Slack (MET) :             0.989ns  (required time - arrival time)
  Source:                 u_wb/defaultClockArea_cpu/MULDIV_RRD_to_MULDIV_EXE_ISSUE_SLOT_uop_signed_reg/C
                            (rising edge-triggered cell FDRE clocked by core_clock  {rise@0.000ns fall@5.000ns period=10.000ns})
  Destination:            u_wb/defaultClockArea_cpu/MemIssueQueuePlugin_queue_3_payload_rRegs_1_valid_reg/D
                            (rising edge-triggered cell FDRE clocked by core_clock  {rise@0.000ns fall@5.000ns period=10.000ns})
  Path Group:             core_clock
  Path Type:              Setup (Max at Slow Process Corner)
  Requirement:            10.000ns  (core_clock rise@10.000ns - core_clock rise@0.000ns)
  Data Path Delay:        8.860ns  (logic 3.110ns (35.102%)  route 5.750ns (64.898%))
  Logic Levels:           19  (CARRY4=6 LUT3=2 LUT4=2 LUT5=3 LUT6=6)
  Clock Path Skew:        -0.145ns (DCD - SCD + CPR)
    Destination Clock Delay (DCD):    1.881ns = ( 11.881 - 10.000 ) 
    Source Clock Delay      (SCD):    2.193ns
    Clock Pessimism Removal (CPR):    0.167ns
  Clock Uncertainty:      0.035ns  ((TSJ^2 + TIJ^2)^1/2 + DJ) / 2 + PE
    Total System Jitter     (TSJ):    0.071ns
    Total Input Jitter      (TIJ):    0.000ns
    Discrete Jitter          (DJ):    0.000ns
    Phase Error              (PE):    0.000ns

    Location             Delay type                Incr(ns)  Path(ns)    Netlist Resource(s)
  -------------------------------------------------------------------    -------------------
                         (clock core_clock rise edge)
                                                      0.000     0.000 r  
                                                      0.000     0.000 r  aclk (IN)
                         net (fo=0)                   0.000     0.000    aclk
                         IBUF (Prop_ibuf_I_O)         0.882     0.882 r  aclk_IBUF_inst/O
                         net (fo=1, unplaced)         0.646     1.528    aclk_IBUF
                         BUFG (Prop_bufg_I_O)         0.081     1.609 r  aclk_IBUF_BUFG_inst/O
                         net (fo=17644, unplaced)     0.584     2.193    u_wb/defaultClockArea_cpu/aclk_IBUF_BUFG
                         FDRE                                         r  u_wb/defaultClockArea_cpu/MULDIV_RRD_to_MULDIV_EXE_ISSUE_SLOT_uop_signed_reg/C
  -------------------------------------------------------------------    -------------------
                         FDRE (Prop_fdre_C_Q)         0.379     2.572 r  u_wb/defaultClockArea_cpu/MULDIV_RRD_to_MULDIV_EXE_ISSUE_SLOT_uop_signed_reg/Q
                         net (fo=192, unplaced)       0.715     3.287    u_wb/defaultClockArea_cpu/unsignedDivider_2/MULDIV_RRD_to_MULDIV_EXE_ISSUE_SLOT_uop_signed
                         LUT3 (Prop_lut3_I0_O)        0.252     3.539 r  u_wb/defaultClockArea_cpu/unsignedDivider_2/MULDIV_EXE_MulDivExecutePlugin_multiplier_i_77/O
                         net (fo=1, unplaced)         0.000     3.539    u_wb/defaultClockArea_cpu/unsignedDivider_2/_zz_MULDIV_EXE_MulDivExecutePlugin_absRk[0]
                         CARRY4 (Prop_carry4_DI[0]_CO[3])
                                                      0.477     4.016 r  u_wb/defaultClockArea_cpu/unsignedDivider_2/MULDIV_EXE_MulDivExecutePlugin_multiplier_i_16/CO[3]
                         net (fo=1, unplaced)         0.008     4.024    u_wb/defaultClockArea_cpu/unsignedDivider_2/MULDIV_EXE_MulDivExecutePlugin_multiplier_i_16_n_0
                         CARRY4 (Prop_carry4_CI_CO[3])
                                                      0.100     4.124 r  u_wb/defaultClockArea_cpu/unsignedDivider_2/MULDIV_EXE_MulDivExecutePlugin_multiplier_i_15/CO[3]
                         net (fo=1, unplaced)         0.000     4.124    u_wb/defaultClockArea_cpu/unsignedDivider_2/MULDIV_EXE_MulDivExecutePlugin_multiplier_i_15_n_0
                         CARRY4 (Prop_carry4_CI_CO[3])
                                                      0.100     4.224 r  u_wb/defaultClockArea_cpu/unsignedDivider_2/MULDIV_EXE_MulDivExecutePlugin_multiplier_i_14/CO[3]
                         net (fo=1, unplaced)         0.000     4.224    u_wb/defaultClockArea_cpu/unsignedDivider_2/MULDIV_EXE_MulDivExecutePlugin_multiplier_i_14_n_0
                         CARRY4 (Prop_carry4_CI_CO[3])
                                                      0.100     4.324 r  u_wb/defaultClockArea_cpu/unsignedDivider_2/MULDIV_EXE_MulDivExecutePlugin_multiplier_i_13/CO[3]
                         net (fo=1, unplaced)         0.000     4.324    u_wb/defaultClockArea_cpu/unsignedDivider_2/MULDIV_EXE_MulDivExecutePlugin_multiplier_i_13_n_0
                         CARRY4 (Prop_carry4_CI_CO[3])
                                                      0.100     4.424 r  u_wb/defaultClockArea_cpu/unsignedDivider_2/MULDIV_EXE_MulDivExecutePlugin_multiplier_i_12/CO[3]
                         net (fo=1, unplaced)         0.000     4.424    u_wb/defaultClockArea_cpu/unsignedDivider_2/MULDIV_EXE_MulDivExecutePlugin_multiplier_i_12_n_0
                         CARRY4 (Prop_carry4_CI_O[0])
                                                      0.189     4.613 f  u_wb/defaultClockArea_cpu/unsignedDivider_2/MULDIV_EXE_MulDivExecutePlugin_multiplier_i_11/O[0]
                         net (fo=4, unplaced)         0.623     5.236    u_wb/defaultClockArea_cpu/unsignedDivider_2/B[20]
                         LUT4 (Prop_lut4_I1_O)        0.238     5.474 f  u_wb/defaultClockArea_cpu/unsignedDivider_2/MULDIV_RRD_to_MULDIV_EXE_ISSUE_SLOT_wReg[5]_i_10/O
                         net (fo=1, unplaced)         0.347     5.821    u_wb/defaultClockArea_cpu/unsignedDivider_2/MULDIV_RRD_to_MULDIV_EXE_ISSUE_SLOT_wReg[5]_i_10_n_0
                         LUT5 (Prop_lut5_I4_O)        0.105     5.926 r  u_wb/defaultClockArea_cpu/unsignedDivider_2/MULDIV_RRD_to_MULDIV_EXE_ISSUE_SLOT_wReg[5]_i_6/O
                         net (fo=1, unplaced)         0.582     6.508    u_wb/defaultClockArea_cpu/unsignedDivider_2/MULDIV_RRD_to_MULDIV_EXE_ISSUE_SLOT_wReg[5]_i_6_n_0
                         LUT4 (Prop_lut4_I1_O)        0.105     6.613 r  u_wb/defaultClockArea_cpu/unsignedDivider_2/MULDIV_RRD_to_MULDIV_EXE_ISSUE_SLOT_wReg[5]_i_4/O
                         net (fo=67, unplaced)        0.437     7.050    u_wb/defaultClockArea_cpu/unsignedDivider_3/MULDIV_RRD_to_MULDIV_EXE_ISSUE_SLOT_robIdx_reg[0]_0
                         LUT5 (Prop_lut5_I2_O)        0.105     7.155 r  u_wb/defaultClockArea_cpu/unsignedDivider_3/MULDIV_RRD_to_MULDIV_EXE_ISSUE_SLOT_wReg[5]_i_1/O
                         net (fo=88, unplaced)        0.443     7.598    u_wb/defaultClockArea_cpu/unsignedDivider_3/E[0]
                         LUT6 (Prop_lut6_I0_O)        0.105     7.703 r  u_wb/defaultClockArea_cpu/unsignedDivider_3/PhysRegFilePlugin_busys_31_i_4/O
                         net (fo=100, unplaced)       0.447     8.150    u_wb/defaultClockArea_cpu/unsignedDivider_3/PhysRegFilePlugin_busys_31_i_4_n_0
                         LUT6 (Prop_lut6_I2_O)        0.105     8.255 r  u_wb/defaultClockArea_cpu/unsignedDivider_3/MemIssueQueuePlugin_queue_4_payload_rRegs_1_valid_i_24/O
                         net (fo=1, unplaced)         0.347     8.602    u_wb/defaultClockArea_cpu/unsignedDivider_3/MemIssueQueuePlugin_queue_4_payload_rRegs_1_valid_i_24_n_0
                         LUT6 (Prop_lut6_I1_O)        0.105     8.707 r  u_wb/defaultClockArea_cpu/unsignedDivider_3/MemIssueQueuePlugin_queue_4_payload_rRegs_1_valid_i_14/O
                         net (fo=1, unplaced)         0.347     9.054    u_wb/defaultClockArea_cpu/unsignedDivider_3/MemIssueQueuePlugin_queue_4_payload_rRegs_1_valid_i_14_n_0
                         LUT6 (Prop_lut6_I0_O)        0.105     9.159 r  u_wb/defaultClockArea_cpu/unsignedDivider_3/MemIssueQueuePlugin_queue_4_payload_rRegs_1_valid_i_7/O
                         net (fo=11, unplaced)        0.393     9.552    u_wb/defaultClockArea_cpu/unsignedDivider_3/MemIssueQueuePlugin_queue_4_payload_rRegs_1_valid_i_7_n_0
                         LUT5 (Prop_lut5_I0_O)        0.105     9.657 f  u_wb/defaultClockArea_cpu/unsignedDivider_3/MemIssueQueuePlugin_queue_0_payload_rRegs_1_valid_i_2/O
                         net (fo=5, unplaced)         0.375    10.032    u_wb/defaultClockArea_cpu/unsignedDivider_3/MemIssueQueuePlugin_queue_0_payload_rRegs_1_valid_i_2_n_0
                         LUT6 (Prop_lut6_I4_O)        0.105    10.137 r  u_wb/defaultClockArea_cpu/unsignedDivider_3/MemIssueQueuePlugin_queue_4_payload_rRegs_1_valid_i_2/O
                         net (fo=1, unplaced)         0.347    10.484    u_wb/defaultClockArea_cpu/unsignedDivider_3/MemIssueQueuePlugin_queue_4_payload_rRegs_1_valid_i_2_n_0
                         LUT6 (Prop_lut6_I0_O)        0.105    10.589 r  u_wb/defaultClockArea_cpu/unsignedDivider_3/MemIssueQueuePlugin_queue_4_payload_rRegs_1_valid_i_1/O
                         net (fo=2, unplaced)         0.339    10.928    u_wb/defaultClockArea_cpu/unsignedDivider_3/MemIssueQueuePlugin_queue_4_payload_rRegs_1_payload_reg[3]
                         LUT3 (Prop_lut3_I0_O)        0.125    11.053 r  u_wb/defaultClockArea_cpu/unsignedDivider_3/MemIssueQueuePlugin_queue_3_payload_rRegs_1_valid_i_1/O
                         net (fo=1, unplaced)         0.000    11.053    u_wb/defaultClockArea_cpu/unsignedDivider_3_n_89
                         FDRE                                         r  u_wb/defaultClockArea_cpu/MemIssueQueuePlugin_queue_3_payload_rRegs_1_valid_reg/D
  -------------------------------------------------------------------    -------------------

                         (clock core_clock rise edge)
                                                     10.000    10.000 r  
                                                      0.000    10.000 r  aclk (IN)
                         net (fo=0)                   0.000    10.000    aclk
                         IBUF (Prop_ibuf_I_O)         0.751    10.751 r  aclk_IBUF_inst/O
                         net (fo=1, unplaced)         0.613    11.365    aclk_IBUF
                         BUFG (Prop_bufg_I_O)         0.077    11.442 r  aclk_IBUF_BUFG_inst/O
                         net (fo=17644, unplaced)     0.439    11.881    u_wb/defaultClockArea_cpu/aclk_IBUF_BUFG
                         FDRE                                         r  u_wb/defaultClockArea_cpu/MemIssueQueuePlugin_queue_3_payload_rRegs_1_valid_reg/C
                         clock pessimism              0.167    12.048    
                         clock uncertainty           -0.035    12.012    
                         FDRE (Setup_fdre_C_D)        0.029    12.041    u_wb/defaultClockArea_cpu/MemIssueQueuePlugin_queue_3_payload_rRegs_1_valid_reg
  -------------------------------------------------------------------
                         required time                         12.041    
                         arrival time                         -11.053    
  -------------------------------------------------------------------
                         slack                                  0.989    

Slack (MET) :             0.990ns  (required time - arrival time)
  Source:                 u_wb/defaultClockArea_cpu/MULDIV_RRD_to_MULDIV_EXE_ISSUE_SLOT_uop_signed_reg/C
                            (rising edge-triggered cell FDRE clocked by core_clock  {rise@0.000ns fall@5.000ns period=10.000ns})
  Destination:            u_wb/defaultClockArea_cpu/MemIssueQueuePlugin_queue_1_payload_rRegs_1_valid_reg/D
                            (rising edge-triggered cell FDRE clocked by core_clock  {rise@0.000ns fall@5.000ns period=10.000ns})
  Path Group:             core_clock
  Path Type:              Setup (Max at Slow Process Corner)
  Requirement:            10.000ns  (core_clock rise@10.000ns - core_clock rise@0.000ns)
  Data Path Delay:        8.859ns  (logic 3.090ns (34.880%)  route 5.769ns (65.120%))
  Logic Levels:           19  (CARRY4=6 LUT3=2 LUT4=2 LUT5=3 LUT6=6)
  Clock Path Skew:        -0.145ns (DCD - SCD + CPR)
    Destination Clock Delay (DCD):    1.881ns = ( 11.881 - 10.000 ) 
    Source Clock Delay      (SCD):    2.193ns
    Clock Pessimism Removal (CPR):    0.167ns
  Clock Uncertainty:      0.035ns  ((TSJ^2 + TIJ^2)^1/2 + DJ) / 2 + PE
    Total System Jitter     (TSJ):    0.071ns
    Total Input Jitter      (TIJ):    0.000ns
    Discrete Jitter          (DJ):    0.000ns
    Phase Error              (PE):    0.000ns

    Location             Delay type                Incr(ns)  Path(ns)    Netlist Resource(s)
  -------------------------------------------------------------------    -------------------
                         (clock core_clock rise edge)
                                                      0.000     0.000 r  
                                                      0.000     0.000 r  aclk (IN)
                         net (fo=0)                   0.000     0.000    aclk
                         IBUF (Prop_ibuf_I_O)         0.882     0.882 r  aclk_IBUF_inst/O
                         net (fo=1, unplaced)         0.646     1.528    aclk_IBUF
                         BUFG (Prop_bufg_I_O)         0.081     1.609 r  aclk_IBUF_BUFG_inst/O
                         net (fo=17644, unplaced)     0.584     2.193    u_wb/defaultClockArea_cpu/aclk_IBUF_BUFG
                         FDRE                                         r  u_wb/defaultClockArea_cpu/MULDIV_RRD_to_MULDIV_EXE_ISSUE_SLOT_uop_signed_reg/C
  -------------------------------------------------------------------    -------------------
                         FDRE (Prop_fdre_C_Q)         0.379     2.572 r  u_wb/defaultClockArea_cpu/MULDIV_RRD_to_MULDIV_EXE_ISSUE_SLOT_uop_signed_reg/Q
                         net (fo=192, unplaced)       0.715     3.287    u_wb/defaultClockArea_cpu/unsignedDivider_2/MULDIV_RRD_to_MULDIV_EXE_ISSUE_SLOT_uop_signed
                         LUT3 (Prop_lut3_I0_O)        0.252     3.539 r  u_wb/defaultClockArea_cpu/unsignedDivider_2/MULDIV_EXE_MulDivExecutePlugin_multiplier_i_77/O
                         net (fo=1, unplaced)         0.000     3.539    u_wb/defaultClockArea_cpu/unsignedDivider_2/_zz_MULDIV_EXE_MulDivExecutePlugin_absRk[0]
                         CARRY4 (Prop_carry4_DI[0]_CO[3])
                                                      0.477     4.016 r  u_wb/defaultClockArea_cpu/unsignedDivider_2/MULDIV_EXE_MulDivExecutePlugin_multiplier_i_16/CO[3]
                         net (fo=1, unplaced)         0.008     4.024    u_wb/defaultClockArea_cpu/unsignedDivider_2/MULDIV_EXE_MulDivExecutePlugin_multiplier_i_16_n_0
                         CARRY4 (Prop_carry4_CI_CO[3])
                                                      0.100     4.124 r  u_wb/defaultClockArea_cpu/unsignedDivider_2/MULDIV_EXE_MulDivExecutePlugin_multiplier_i_15/CO[3]
                         net (fo=1, unplaced)         0.000     4.124    u_wb/defaultClockArea_cpu/unsignedDivider_2/MULDIV_EXE_MulDivExecutePlugin_multiplier_i_15_n_0
                         CARRY4 (Prop_carry4_CI_CO[3])
                                                      0.100     4.224 r  u_wb/defaultClockArea_cpu/unsignedDivider_2/MULDIV_EXE_MulDivExecutePlugin_multiplier_i_14/CO[3]
                         net (fo=1, unplaced)         0.000     4.224    u_wb/defaultClockArea_cpu/unsignedDivider_2/MULDIV_EXE_MulDivExecutePlugin_multiplier_i_14_n_0
                         CARRY4 (Prop_carry4_CI_CO[3])
                                                      0.100     4.324 r  u_wb/defaultClockArea_cpu/unsignedDivider_2/MULDIV_EXE_MulDivExecutePlugin_multiplier_i_13/CO[3]
                         net (fo=1, unplaced)         0.000     4.324    u_wb/defaultClockArea_cpu/unsignedDivider_2/MULDIV_EXE_MulDivExecutePlugin_multiplier_i_13_n_0
                         CARRY4 (Prop_carry4_CI_CO[3])
                                                      0.100     4.424 r  u_wb/defaultClockArea_cpu/unsignedDivider_2/MULDIV_EXE_MulDivExecutePlugin_multiplier_i_12/CO[3]
                         net (fo=1, unplaced)         0.000     4.424    u_wb/defaultClockArea_cpu/unsignedDivider_2/MULDIV_EXE_MulDivExecutePlugin_multiplier_i_12_n_0
                         CARRY4 (Prop_carry4_CI_O[0])
                                                      0.189     4.613 f  u_wb/defaultClockArea_cpu/unsignedDivider_2/MULDIV_EXE_MulDivExecutePlugin_multiplier_i_11/O[0]
                         net (fo=4, unplaced)         0.623     5.236    u_wb/defaultClockArea_cpu/unsignedDivider_2/B[20]
                         LUT4 (Prop_lut4_I1_O)        0.238     5.474 f  u_wb/defaultClockArea_cpu/unsignedDivider_2/MULDIV_RRD_to_MULDIV_EXE_ISSUE_SLOT_wReg[5]_i_10/O
                         net (fo=1, unplaced)         0.347     5.821    u_wb/defaultClockArea_cpu/unsignedDivider_2/MULDIV_RRD_to_MULDIV_EXE_ISSUE_SLOT_wReg[5]_i_10_n_0
                         LUT5 (Prop_lut5_I4_O)        0.105     5.926 r  u_wb/defaultClockArea_cpu/unsignedDivider_2/MULDIV_RRD_to_MULDIV_EXE_ISSUE_SLOT_wReg[5]_i_6/O
                         net (fo=1, unplaced)         0.582     6.508    u_wb/defaultClockArea_cpu/unsignedDivider_2/MULDIV_RRD_to_MULDIV_EXE_ISSUE_SLOT_wReg[5]_i_6_n_0
                         LUT4 (Prop_lut4_I1_O)        0.105     6.613 r  u_wb/defaultClockArea_cpu/unsignedDivider_2/MULDIV_RRD_to_MULDIV_EXE_ISSUE_SLOT_wReg[5]_i_4/O
                         net (fo=67, unplaced)        0.437     7.050    u_wb/defaultClockArea_cpu/unsignedDivider_3/MULDIV_RRD_to_MULDIV_EXE_ISSUE_SLOT_robIdx_reg[0]_0
                         LUT5 (Prop_lut5_I2_O)        0.105     7.155 r  u_wb/defaultClockArea_cpu/unsignedDivider_3/MULDIV_RRD_to_MULDIV_EXE_ISSUE_SLOT_wReg[5]_i_1/O
                         net (fo=88, unplaced)        0.443     7.598    u_wb/defaultClockArea_cpu/unsignedDivider_3/E[0]
                         LUT6 (Prop_lut6_I0_O)        0.105     7.703 r  u_wb/defaultClockArea_cpu/unsignedDivider_3/PhysRegFilePlugin_busys_31_i_4/O
                         net (fo=100, unplaced)       0.447     8.150    u_wb/defaultClockArea_cpu/unsignedDivider_3/PhysRegFilePlugin_busys_31_i_4_n_0
                         LUT6 (Prop_lut6_I2_O)        0.105     8.255 r  u_wb/defaultClockArea_cpu/unsignedDivider_3/MemIssueQueuePlugin_queue_4_payload_rRegs_1_valid_i_24/O
                         net (fo=1, unplaced)         0.347     8.602    u_wb/defaultClockArea_cpu/unsignedDivider_3/MemIssueQueuePlugin_queue_4_payload_rRegs_1_valid_i_24_n_0
                         LUT6 (Prop_lut6_I1_O)        0.105     8.707 r  u_wb/defaultClockArea_cpu/unsignedDivider_3/MemIssueQueuePlugin_queue_4_payload_rRegs_1_valid_i_14/O
                         net (fo=1, unplaced)         0.347     9.054    u_wb/defaultClockArea_cpu/unsignedDivider_3/MemIssueQueuePlugin_queue_4_payload_rRegs_1_valid_i_14_n_0
                         LUT6 (Prop_lut6_I0_O)        0.105     9.159 r  u_wb/defaultClockArea_cpu/unsignedDivider_3/MemIssueQueuePlugin_queue_4_payload_rRegs_1_valid_i_7/O
                         net (fo=11, unplaced)        0.393     9.552    u_wb/defaultClockArea_cpu/unsignedDivider_3/MemIssueQueuePlugin_queue_4_payload_rRegs_1_valid_i_7_n_0
                         LUT5 (Prop_lut5_I0_O)        0.105     9.657 f  u_wb/defaultClockArea_cpu/unsignedDivider_3/MemIssueQueuePlugin_queue_0_payload_rRegs_1_valid_i_2/O
                         net (fo=5, unplaced)         0.375    10.032    u_wb/defaultClockArea_cpu/unsignedDivider_3/MemIssueQueuePlugin_queue_0_payload_rRegs_1_valid_i_2_n_0
                         LUT6 (Prop_lut6_I4_O)        0.105    10.137 r  u_wb/defaultClockArea_cpu/unsignedDivider_3/MemIssueQueuePlugin_queue_2_payload_rRegs_1_valid_i_6/O
                         net (fo=1, unplaced)         0.347    10.484    u_wb/defaultClockArea_cpu/unsignedDivider_3/MemIssueQueuePlugin_queue_2_payload_rRegs_1_valid_i_6_n_0
                         LUT6 (Prop_lut6_I5_O)        0.105    10.589 r  u_wb/defaultClockArea_cpu/unsignedDivider_3/MemIssueQueuePlugin_queue_2_payload_rRegs_1_valid_i_2/O
                         net (fo=2, unplaced)         0.358    10.947    u_wb/defaultClockArea_cpu/unsignedDivider_3/MemIssueQueuePlugin_queue_2_payload_rRegs_1_valid_i_2_n_0
                         LUT3 (Prop_lut3_I0_O)        0.105    11.052 r  u_wb/defaultClockArea_cpu/unsignedDivider_3/MemIssueQueuePlugin_queue_1_payload_rRegs_1_valid_i_1/O
                         net (fo=1, unplaced)         0.000    11.052    u_wb/defaultClockArea_cpu/unsignedDivider_3_n_87
                         FDRE                                         r  u_wb/defaultClockArea_cpu/MemIssueQueuePlugin_queue_1_payload_rRegs_1_valid_reg/D
  -------------------------------------------------------------------    -------------------

                         (clock core_clock rise edge)
                                                     10.000    10.000 r  
                                                      0.000    10.000 r  aclk (IN)
                         net (fo=0)                   0.000    10.000    aclk
                         IBUF (Prop_ibuf_I_O)         0.751    10.751 r  aclk_IBUF_inst/O
                         net (fo=1, unplaced)         0.613    11.365    aclk_IBUF
                         BUFG (Prop_bufg_I_O)         0.077    11.442 r  aclk_IBUF_BUFG_inst/O
                         net (fo=17644, unplaced)     0.439    11.881    u_wb/defaultClockArea_cpu/aclk_IBUF_BUFG
                         FDRE                                         r  u_wb/defaultClockArea_cpu/MemIssueQueuePlugin_queue_1_payload_rRegs_1_valid_reg/C
                         clock pessimism              0.167    12.048    
                         clock uncertainty           -0.035    12.012    
                         FDRE (Setup_fdre_C_D)        0.029    12.041    u_wb/defaultClockArea_cpu/MemIssueQueuePlugin_queue_1_payload_rRegs_1_valid_reg
  -------------------------------------------------------------------
                         required time                         12.041    
                         arrival time                         -11.052    
  -------------------------------------------------------------------
                         slack                                  0.990    

Slack (MET) :             0.990ns  (required time - arrival time)
  Source:                 u_wb/defaultClockArea_cpu/MULDIV_RRD_to_MULDIV_EXE_ISSUE_SLOT_uop_signed_reg/C
                            (rising edge-triggered cell FDRE clocked by core_clock  {rise@0.000ns fall@5.000ns period=10.000ns})
  Destination:            u_wb/defaultClockArea_cpu/MemIssueQueuePlugin_queue_2_payload_rRegs_1_valid_reg/D
                            (rising edge-triggered cell FDRE clocked by core_clock  {rise@0.000ns fall@5.000ns period=10.000ns})
  Path Group:             core_clock
  Path Type:              Setup (Max at Slow Process Corner)
  Requirement:            10.000ns  (core_clock rise@10.000ns - core_clock rise@0.000ns)
  Data Path Delay:        8.859ns  (logic 3.090ns (34.880%)  route 5.769ns (65.120%))
  Logic Levels:           19  (CARRY4=6 LUT3=2 LUT4=2 LUT5=3 LUT6=6)
  Clock Path Skew:        -0.145ns (DCD - SCD + CPR)
    Destination Clock Delay (DCD):    1.881ns = ( 11.881 - 10.000 ) 
    Source Clock Delay      (SCD):    2.193ns
    Clock Pessimism Removal (CPR):    0.167ns
  Clock Uncertainty:      0.035ns  ((TSJ^2 + TIJ^2)^1/2 + DJ) / 2 + PE
    Total System Jitter     (TSJ):    0.071ns
    Total Input Jitter      (TIJ):    0.000ns
    Discrete Jitter          (DJ):    0.000ns
    Phase Error              (PE):    0.000ns

    Location             Delay type                Incr(ns)  Path(ns)    Netlist Resource(s)
  -------------------------------------------------------------------    -------------------
                         (clock core_clock rise edge)
                                                      0.000     0.000 r  
                                                      0.000     0.000 r  aclk (IN)
                         net (fo=0)                   0.000     0.000    aclk
                         IBUF (Prop_ibuf_I_O)         0.882     0.882 r  aclk_IBUF_inst/O
                         net (fo=1, unplaced)         0.646     1.528    aclk_IBUF
                         BUFG (Prop_bufg_I_O)         0.081     1.609 r  aclk_IBUF_BUFG_inst/O
                         net (fo=17644, unplaced)     0.584     2.193    u_wb/defaultClockArea_cpu/aclk_IBUF_BUFG
                         FDRE                                         r  u_wb/defaultClockArea_cpu/MULDIV_RRD_to_MULDIV_EXE_ISSUE_SLOT_uop_signed_reg/C
  -------------------------------------------------------------------    -------------------
                         FDRE (Prop_fdre_C_Q)         0.379     2.572 r  u_wb/defaultClockArea_cpu/MULDIV_RRD_to_MULDIV_EXE_ISSUE_SLOT_uop_signed_reg/Q
                         net (fo=192, unplaced)       0.715     3.287    u_wb/defaultClockArea_cpu/unsignedDivider_2/MULDIV_RRD_to_MULDIV_EXE_ISSUE_SLOT_uop_signed
                         LUT3 (Prop_lut3_I0_O)        0.252     3.539 r  u_wb/defaultClockArea_cpu/unsignedDivider_2/MULDIV_EXE_MulDivExecutePlugin_multiplier_i_77/O
                         net (fo=1, unplaced)         0.000     3.539    u_wb/defaultClockArea_cpu/unsignedDivider_2/_zz_MULDIV_EXE_MulDivExecutePlugin_absRk[0]
                         CARRY4 (Prop_carry4_DI[0]_CO[3])
                                                      0.477     4.016 r  u_wb/defaultClockArea_cpu/unsignedDivider_2/MULDIV_EXE_MulDivExecutePlugin_multiplier_i_16/CO[3]
                         net (fo=1, unplaced)         0.008     4.024    u_wb/defaultClockArea_cpu/unsignedDivider_2/MULDIV_EXE_MulDivExecutePlugin_multiplier_i_16_n_0
                         CARRY4 (Prop_carry4_CI_CO[3])
                                                      0.100     4.124 r  u_wb/defaultClockArea_cpu/unsignedDivider_2/MULDIV_EXE_MulDivExecutePlugin_multiplier_i_15/CO[3]
                         net (fo=1, unplaced)         0.000     4.124    u_wb/defaultClockArea_cpu/unsignedDivider_2/MULDIV_EXE_MulDivExecutePlugin_multiplier_i_15_n_0
                         CARRY4 (Prop_carry4_CI_CO[3])
                                                      0.100     4.224 r  u_wb/defaultClockArea_cpu/unsignedDivider_2/MULDIV_EXE_MulDivExecutePlugin_multiplier_i_14/CO[3]
                         net (fo=1, unplaced)         0.000     4.224    u_wb/defaultClockArea_cpu/unsignedDivider_2/MULDIV_EXE_MulDivExecutePlugin_multiplier_i_14_n_0
                         CARRY4 (Prop_carry4_CI_CO[3])
                                                      0.100     4.324 r  u_wb/defaultClockArea_cpu/unsignedDivider_2/MULDIV_EXE_MulDivExecutePlugin_multiplier_i_13/CO[3]
                         net (fo=1, unplaced)         0.000     4.324    u_wb/defaultClockArea_cpu/unsignedDivider_2/MULDIV_EXE_MulDivExecutePlugin_multiplier_i_13_n_0
                         CARRY4 (Prop_carry4_CI_CO[3])
                                                      0.100     4.424 r  u_wb/defaultClockArea_cpu/unsignedDivider_2/MULDIV_EXE_MulDivExecutePlugin_multiplier_i_12/CO[3]
                         net (fo=1, unplaced)         0.000     4.424    u_wb/defaultClockArea_cpu/unsignedDivider_2/MULDIV_EXE_MulDivExecutePlugin_multiplier_i_12_n_0
                         CARRY4 (Prop_carry4_CI_O[0])
                                                      0.189     4.613 f  u_wb/defaultClockArea_cpu/unsignedDivider_2/MULDIV_EXE_MulDivExecutePlugin_multiplier_i_11/O[0]
                         net (fo=4, unplaced)         0.623     5.236    u_wb/defaultClockArea_cpu/unsignedDivider_2/B[20]
                         LUT4 (Prop_lut4_I1_O)        0.238     5.474 f  u_wb/defaultClockArea_cpu/unsignedDivider_2/MULDIV_RRD_to_MULDIV_EXE_ISSUE_SLOT_wReg[5]_i_10/O
                         net (fo=1, unplaced)         0.347     5.821    u_wb/defaultClockArea_cpu/unsignedDivider_2/MULDIV_RRD_to_MULDIV_EXE_ISSUE_SLOT_wReg[5]_i_10_n_0
                         LUT5 (Prop_lut5_I4_O)        0.105     5.926 r  u_wb/defaultClockArea_cpu/unsignedDivider_2/MULDIV_RRD_to_MULDIV_EXE_ISSUE_SLOT_wReg[5]_i_6/O
                         net (fo=1, unplaced)         0.582     6.508    u_wb/defaultClockArea_cpu/unsignedDivider_2/MULDIV_RRD_to_MULDIV_EXE_ISSUE_SLOT_wReg[5]_i_6_n_0
                         LUT4 (Prop_lut4_I1_O)        0.105     6.613 r  u_wb/defaultClockArea_cpu/unsignedDivider_2/MULDIV_RRD_to_MULDIV_EXE_ISSUE_SLOT_wReg[5]_i_4/O
                         net (fo=67, unplaced)        0.437     7.050    u_wb/defaultClockArea_cpu/unsignedDivider_3/MULDIV_RRD_to_MULDIV_EXE_ISSUE_SLOT_robIdx_reg[0]_0
                         LUT5 (Prop_lut5_I2_O)        0.105     7.155 r  u_wb/defaultClockArea_cpu/unsignedDivider_3/MULDIV_RRD_to_MULDIV_EXE_ISSUE_SLOT_wReg[5]_i_1/O
                         net (fo=88, unplaced)        0.443     7.598    u_wb/defaultClockArea_cpu/unsignedDivider_3/E[0]
                         LUT6 (Prop_lut6_I0_O)        0.105     7.703 r  u_wb/defaultClockArea_cpu/unsignedDivider_3/PhysRegFilePlugin_busys_31_i_4/O
                         net (fo=100, unplaced)       0.447     8.150    u_wb/defaultClockArea_cpu/unsignedDivider_3/PhysRegFilePlugin_busys_31_i_4_n_0
                         LUT6 (Prop_lut6_I2_O)        0.105     8.255 r  u_wb/defaultClockArea_cpu/unsignedDivider_3/MemIssueQueuePlugin_queue_4_payload_rRegs_1_valid_i_24/O
                         net (fo=1, unplaced)         0.347     8.602    u_wb/defaultClockArea_cpu/unsignedDivider_3/MemIssueQueuePlugin_queue_4_payload_rRegs_1_valid_i_24_n_0
                         LUT6 (Prop_lut6_I1_O)        0.105     8.707 r  u_wb/defaultClockArea_cpu/unsignedDivider_3/MemIssueQueuePlugin_queue_4_payload_rRegs_1_valid_i_14/O
                         net (fo=1, unplaced)         0.347     9.054    u_wb/defaultClockArea_cpu/unsignedDivider_3/MemIssueQueuePlugin_queue_4_payload_rRegs_1_valid_i_14_n_0
                         LUT6 (Prop_lut6_I0_O)        0.105     9.159 r  u_wb/defaultClockArea_cpu/unsignedDivider_3/MemIssueQueuePlugin_queue_4_payload_rRegs_1_valid_i_7/O
                         net (fo=11, unplaced)        0.393     9.552    u_wb/defaultClockArea_cpu/unsignedDivider_3/MemIssueQueuePlugin_queue_4_payload_rRegs_1_valid_i_7_n_0
                         LUT5 (Prop_lut5_I0_O)        0.105     9.657 f  u_wb/defaultClockArea_cpu/unsignedDivider_3/MemIssueQueuePlugin_queue_0_payload_rRegs_1_valid_i_2/O
                         net (fo=5, unplaced)         0.375    10.032    u_wb/defaultClockArea_cpu/unsignedDivider_3/MemIssueQueuePlugin_queue_0_payload_rRegs_1_valid_i_2_n_0
                         LUT6 (Prop_lut6_I4_O)        0.105    10.137 r  u_wb/defaultClockArea_cpu/unsignedDivider_3/MemIssueQueuePlugin_queue_2_payload_rRegs_1_valid_i_6/O
                         net (fo=1, unplaced)         0.347    10.484    u_wb/defaultClockArea_cpu/unsignedDivider_3/MemIssueQueuePlugin_queue_2_payload_rRegs_1_valid_i_6_n_0
                         LUT6 (Prop_lut6_I5_O)        0.105    10.589 r  u_wb/defaultClockArea_cpu/unsignedDivider_3/MemIssueQueuePlugin_queue_2_payload_rRegs_1_valid_i_2/O
                         net (fo=2, unplaced)         0.358    10.947    u_wb/defaultClockArea_cpu/unsignedDivider_3/MemIssueQueuePlugin_queue_2_payload_rRegs_1_valid_i_2_n_0
                         LUT3 (Prop_lut3_I2_O)        0.105    11.052 r  u_wb/defaultClockArea_cpu/unsignedDivider_3/MemIssueQueuePlugin_queue_2_payload_rRegs_1_valid_i_1/O
                         net (fo=1, unplaced)         0.000    11.052    u_wb/defaultClockArea_cpu/unsignedDivider_3_n_91
                         FDRE                                         r  u_wb/defaultClockArea_cpu/MemIssueQueuePlugin_queue_2_payload_rRegs_1_valid_reg/D
  -------------------------------------------------------------------    -------------------

                         (clock core_clock rise edge)
                                                     10.000    10.000 r  
                                                      0.000    10.000 r  aclk (IN)
                         net (fo=0)                   0.000    10.000    aclk
                         IBUF (Prop_ibuf_I_O)         0.751    10.751 r  aclk_IBUF_inst/O
                         net (fo=1, unplaced)         0.613    11.365    aclk_IBUF
                         BUFG (Prop_bufg_I_O)         0.077    11.442 r  aclk_IBUF_BUFG_inst/O
                         net (fo=17644, unplaced)     0.439    11.881    u_wb/defaultClockArea_cpu/aclk_IBUF_BUFG
                         FDRE                                         r  u_wb/defaultClockArea_cpu/MemIssueQueuePlugin_queue_2_payload_rRegs_1_valid_reg/C
                         clock pessimism              0.167    12.048    
                         clock uncertainty           -0.035    12.012    
                         FDRE (Setup_fdre_C_D)        0.029    12.041    u_wb/defaultClockArea_cpu/MemIssueQueuePlugin_queue_2_payload_rRegs_1_valid_reg
  -------------------------------------------------------------------
                         required time                         12.041    
                         arrival time                         -11.052    
  -------------------------------------------------------------------
                         slack                                  0.990    

Slack (MET) :             0.991ns  (required time - arrival time)
  Source:                 u_wb/defaultClockArea_cpu/MULDIV_RRD_to_MULDIV_EXE_ISSUE_SLOT_uop_signed_reg/C
                            (rising edge-triggered cell FDRE clocked by core_clock  {rise@0.000ns fall@5.000ns period=10.000ns})
  Destination:            u_wb/defaultClockArea_cpu/IntIssueQueuePlugin_queue_6_payload_rRegs_1_valid_reg/D
                            (rising edge-triggered cell FDRE clocked by core_clock  {rise@0.000ns fall@5.000ns period=10.000ns})
  Path Group:             core_clock
  Path Type:              Setup (Max at Slow Process Corner)
  Requirement:            10.000ns  (core_clock rise@10.000ns - core_clock rise@0.000ns)
  Data Path Delay:        8.858ns  (logic 3.090ns (34.884%)  route 5.768ns (65.116%))
  Logic Levels:           19  (CARRY4=6 LUT3=1 LUT4=2 LUT5=4 LUT6=6)
  Clock Path Skew:        -0.145ns (DCD - SCD + CPR)
    Destination Clock Delay (DCD):    1.881ns = ( 11.881 - 10.000 ) 
    Source Clock Delay      (SCD):    2.193ns
    Clock Pessimism Removal (CPR):    0.167ns
  Clock Uncertainty:      0.035ns  ((TSJ^2 + TIJ^2)^1/2 + DJ) / 2 + PE
    Total System Jitter     (TSJ):    0.071ns
    Total Input Jitter      (TIJ):    0.000ns
    Discrete Jitter          (DJ):    0.000ns
    Phase Error              (PE):    0.000ns

    Location             Delay type                Incr(ns)  Path(ns)    Netlist Resource(s)
  -------------------------------------------------------------------    -------------------
                         (clock core_clock rise edge)
                                                      0.000     0.000 r  
                                                      0.000     0.000 r  aclk (IN)
                         net (fo=0)                   0.000     0.000    aclk
                         IBUF (Prop_ibuf_I_O)         0.882     0.882 r  aclk_IBUF_inst/O
                         net (fo=1, unplaced)         0.646     1.528    aclk_IBUF
                         BUFG (Prop_bufg_I_O)         0.081     1.609 r  aclk_IBUF_BUFG_inst/O
                         net (fo=17644, unplaced)     0.584     2.193    u_wb/defaultClockArea_cpu/aclk_IBUF_BUFG
                         FDRE                                         r  u_wb/defaultClockArea_cpu/MULDIV_RRD_to_MULDIV_EXE_ISSUE_SLOT_uop_signed_reg/C
  -------------------------------------------------------------------    -------------------
                         FDRE (Prop_fdre_C_Q)         0.379     2.572 r  u_wb/defaultClockArea_cpu/MULDIV_RRD_to_MULDIV_EXE_ISSUE_SLOT_uop_signed_reg/Q
                         net (fo=192, unplaced)       0.715     3.287    u_wb/defaultClockArea_cpu/unsignedDivider_2/MULDIV_RRD_to_MULDIV_EXE_ISSUE_SLOT_uop_signed
                         LUT3 (Prop_lut3_I0_O)        0.252     3.539 r  u_wb/defaultClockArea_cpu/unsignedDivider_2/MULDIV_EXE_MulDivExecutePlugin_multiplier_i_77/O
                         net (fo=1, unplaced)         0.000     3.539    u_wb/defaultClockArea_cpu/unsignedDivider_2/_zz_MULDIV_EXE_MulDivExecutePlugin_absRk[0]
                         CARRY4 (Prop_carry4_DI[0]_CO[3])
                                                      0.477     4.016 r  u_wb/defaultClockArea_cpu/unsignedDivider_2/MULDIV_EXE_MulDivExecutePlugin_multiplier_i_16/CO[3]
                         net (fo=1, unplaced)         0.008     4.024    u_wb/defaultClockArea_cpu/unsignedDivider_2/MULDIV_EXE_MulDivExecutePlugin_multiplier_i_16_n_0
                         CARRY4 (Prop_carry4_CI_CO[3])
                                                      0.100     4.124 r  u_wb/defaultClockArea_cpu/unsignedDivider_2/MULDIV_EXE_MulDivExecutePlugin_multiplier_i_15/CO[3]
                         net (fo=1, unplaced)         0.000     4.124    u_wb/defaultClockArea_cpu/unsignedDivider_2/MULDIV_EXE_MulDivExecutePlugin_multiplier_i_15_n_0
                         CARRY4 (Prop_carry4_CI_CO[3])
                                                      0.100     4.224 r  u_wb/defaultClockArea_cpu/unsignedDivider_2/MULDIV_EXE_MulDivExecutePlugin_multiplier_i_14/CO[3]
                         net (fo=1, unplaced)         0.000     4.224    u_wb/defaultClockArea_cpu/unsignedDivider_2/MULDIV_EXE_MulDivExecutePlugin_multiplier_i_14_n_0
                         CARRY4 (Prop_carry4_CI_CO[3])
                                                      0.100     4.324 r  u_wb/defaultClockArea_cpu/unsignedDivider_2/MULDIV_EXE_MulDivExecutePlugin_multiplier_i_13/CO[3]
                         net (fo=1, unplaced)         0.000     4.324    u_wb/defaultClockArea_cpu/unsignedDivider_2/MULDIV_EXE_MulDivExecutePlugin_multiplier_i_13_n_0
                         CARRY4 (Prop_carry4_CI_CO[3])
                                                      0.100     4.424 r  u_wb/defaultClockArea_cpu/unsignedDivider_2/MULDIV_EXE_MulDivExecutePlugin_multiplier_i_12/CO[3]
                         net (fo=1, unplaced)         0.000     4.424    u_wb/defaultClockArea_cpu/unsignedDivider_2/MULDIV_EXE_MulDivExecutePlugin_multiplier_i_12_n_0
                         CARRY4 (Prop_carry4_CI_O[0])
                                                      0.189     4.613 f  u_wb/defaultClockArea_cpu/unsignedDivider_2/MULDIV_EXE_MulDivExecutePlugin_multiplier_i_11/O[0]
                         net (fo=4, unplaced)         0.623     5.236    u_wb/defaultClockArea_cpu/unsignedDivider_2/B[20]
                         LUT4 (Prop_lut4_I1_O)        0.238     5.474 f  u_wb/defaultClockArea_cpu/unsignedDivider_2/MULDIV_RRD_to_MULDIV_EXE_ISSUE_SLOT_wReg[5]_i_10/O
                         net (fo=1, unplaced)         0.347     5.821    u_wb/defaultClockArea_cpu/unsignedDivider_2/MULDIV_RRD_to_MULDIV_EXE_ISSUE_SLOT_wReg[5]_i_10_n_0
                         LUT5 (Prop_lut5_I4_O)        0.105     5.926 r  u_wb/defaultClockArea_cpu/unsignedDivider_2/MULDIV_RRD_to_MULDIV_EXE_ISSUE_SLOT_wReg[5]_i_6/O
                         net (fo=1, unplaced)         0.582     6.508    u_wb/defaultClockArea_cpu/unsignedDivider_2/MULDIV_RRD_to_MULDIV_EXE_ISSUE_SLOT_wReg[5]_i_6_n_0
                         LUT4 (Prop_lut4_I1_O)        0.105     6.613 r  u_wb/defaultClockArea_cpu/unsignedDivider_2/MULDIV_RRD_to_MULDIV_EXE_ISSUE_SLOT_wReg[5]_i_4/O
                         net (fo=67, unplaced)        0.437     7.050    u_wb/defaultClockArea_cpu/unsignedDivider_3/MULDIV_RRD_to_MULDIV_EXE_ISSUE_SLOT_robIdx_reg[0]_0
                         LUT5 (Prop_lut5_I2_O)        0.105     7.155 r  u_wb/defaultClockArea_cpu/unsignedDivider_3/MULDIV_RRD_to_MULDIV_EXE_ISSUE_SLOT_wReg[5]_i_1/O
                         net (fo=88, unplaced)        0.443     7.598    u_wb/defaultClockArea_cpu/unsignedDivider_3/E[0]
                         LUT6 (Prop_lut6_I0_O)        0.105     7.703 r  u_wb/defaultClockArea_cpu/unsignedDivider_3/PhysRegFilePlugin_busys_31_i_4/O
                         net (fo=100, unplaced)       0.447     8.150    u_wb/defaultClockArea_cpu/unsignedDivider_3/PhysRegFilePlugin_busys_31_i_4_n_0
                         LUT6 (Prop_lut6_I2_O)        0.105     8.255 r  u_wb/defaultClockArea_cpu/unsignedDivider_3/MemIssueQueuePlugin_queue_4_payload_rRegs_1_valid_i_24/O
                         net (fo=1, unplaced)         0.347     8.602    u_wb/defaultClockArea_cpu/unsignedDivider_3/MemIssueQueuePlugin_queue_4_payload_rRegs_1_valid_i_24_n_0
                         LUT6 (Prop_lut6_I1_O)        0.105     8.707 r  u_wb/defaultClockArea_cpu/unsignedDivider_3/MemIssueQueuePlugin_queue_4_payload_rRegs_1_valid_i_14/O
                         net (fo=1, unplaced)         0.347     9.054    u_wb/defaultClockArea_cpu/unsignedDivider_3/MemIssueQueuePlugin_queue_4_payload_rRegs_1_valid_i_14_n_0
                         LUT6 (Prop_lut6_I0_O)        0.105     9.159 r  u_wb/defaultClockArea_cpu/unsignedDivider_3/MemIssueQueuePlugin_queue_4_payload_rRegs_1_valid_i_7/O
                         net (fo=11, unplaced)        0.393     9.552    u_wb/defaultClockArea_cpu/unsignedDivider_3/MemIssueQueuePlugin_queue_4_payload_rRegs_1_valid_i_7_n_0
                         LUT5 (Prop_lut5_I0_O)        0.105     9.657 r  u_wb/defaultClockArea_cpu/unsignedDivider_3/IntIssueQueuePlugin_queue_0_payload_rRegs_1_valid_i_6/O
                         net (fo=8, unplaced)         0.385    10.042    u_wb/defaultClockArea_cpu/unsignedDivider_3/IntIssueQueuePlugin_queue_0_payload_rRegs_1_valid_i_6_n_0
                         LUT6 (Prop_lut6_I1_O)        0.105    10.147 r  u_wb/defaultClockArea_cpu/unsignedDivider_3/IntIssueQueuePlugin_queue_6_payload_rRegs_1_valid_i_6/O
                         net (fo=1, unplaced)         0.347    10.494    u_wb/defaultClockArea_cpu/unsignedDivider_3/IntIssueQueuePlugin_queue_6_payload_rRegs_1_valid_i_6_n_0
                         LUT6 (Prop_lut6_I0_O)        0.105    10.599 r  u_wb/defaultClockArea_cpu/unsignedDivider_3/IntIssueQueuePlugin_queue_6_payload_rRegs_1_valid_i_3/O
                         net (fo=1, unplaced)         0.347    10.946    u_wb/defaultClockArea_cpu/unsignedDivider_3/IntIssueQueuePlugin_queue_6_payload_rRegs_1_valid_i_3_n_0
                         LUT5 (Prop_lut5_I2_O)        0.105    11.051 r  u_wb/defaultClockArea_cpu/unsignedDivider_3/IntIssueQueuePlugin_queue_6_payload_rRegs_1_valid_i_1/O
                         net (fo=4, unplaced)         0.000    11.051    u_wb/defaultClockArea_cpu/unsignedDivider_3_n_46
                         FDRE                                         r  u_wb/defaultClockArea_cpu/IntIssueQueuePlugin_queue_6_payload_rRegs_1_valid_reg/D
  -------------------------------------------------------------------    -------------------

                         (clock core_clock rise edge)
                                                     10.000    10.000 r  
                                                      0.000    10.000 r  aclk (IN)
                         net (fo=0)                   0.000    10.000    aclk
                         IBUF (Prop_ibuf_I_O)         0.751    10.751 r  aclk_IBUF_inst/O
                         net (fo=1, unplaced)         0.613    11.365    aclk_IBUF
                         BUFG (Prop_bufg_I_O)         0.077    11.442 r  aclk_IBUF_BUFG_inst/O
                         net (fo=17644, unplaced)     0.439    11.881    u_wb/defaultClockArea_cpu/aclk_IBUF_BUFG
                         FDRE                                         r  u_wb/defaultClockArea_cpu/IntIssueQueuePlugin_queue_6_payload_rRegs_1_valid_reg/C
                         clock pessimism              0.167    12.048    
                         clock uncertainty           -0.035    12.012    
                         FDRE (Setup_fdre_C_D)        0.029    12.041    u_wb/defaultClockArea_cpu/IntIssueQueuePlugin_queue_6_payload_rRegs_1_valid_reg
  -------------------------------------------------------------------
                         required time                         12.041    
                         arrival time                         -11.051    
  -------------------------------------------------------------------
                         slack                                  0.991    

Slack (MET) :             1.004ns  (required time - arrival time)
  Source:                 u_wb/defaultClockArea_cpu/MULDIV_RRD_to_MULDIV_EXE_ISSUE_SLOT_uop_signed_reg/C
                            (rising edge-triggered cell FDRE clocked by core_clock  {rise@0.000ns fall@5.000ns period=10.000ns})
  Destination:            u_wb/defaultClockArea_cpu/MemIssueQueuePlugin_queue_1_payload_rRegs_0_valid_reg/D
                            (rising edge-triggered cell FDRE clocked by core_clock  {rise@0.000ns fall@5.000ns period=10.000ns})
  Path Group:             core_clock
  Path Type:              Setup (Max at Slow Process Corner)
  Requirement:            10.000ns  (core_clock rise@10.000ns - core_clock rise@0.000ns)
  Data Path Delay:        8.845ns  (logic 3.090ns (34.935%)  route 5.755ns (65.065%))
  Logic Levels:           19  (CARRY4=6 LUT3=2 LUT4=2 LUT5=4 LUT6=5)
  Clock Path Skew:        -0.145ns (DCD - SCD + CPR)
    Destination Clock Delay (DCD):    1.881ns = ( 11.881 - 10.000 ) 
    Source Clock Delay      (SCD):    2.193ns
    Clock Pessimism Removal (CPR):    0.167ns
  Clock Uncertainty:      0.035ns  ((TSJ^2 + TIJ^2)^1/2 + DJ) / 2 + PE
    Total System Jitter     (TSJ):    0.071ns
    Total Input Jitter      (TIJ):    0.000ns
    Discrete Jitter          (DJ):    0.000ns
    Phase Error              (PE):    0.000ns

    Location             Delay type                Incr(ns)  Path(ns)    Netlist Resource(s)
  -------------------------------------------------------------------    -------------------
                         (clock core_clock rise edge)
                                                      0.000     0.000 r  
                                                      0.000     0.000 r  aclk (IN)
                         net (fo=0)                   0.000     0.000    aclk
                         IBUF (Prop_ibuf_I_O)         0.882     0.882 r  aclk_IBUF_inst/O
                         net (fo=1, unplaced)         0.646     1.528    aclk_IBUF
                         BUFG (Prop_bufg_I_O)         0.081     1.609 r  aclk_IBUF_BUFG_inst/O
                         net (fo=17644, unplaced)     0.584     2.193    u_wb/defaultClockArea_cpu/aclk_IBUF_BUFG
                         FDRE                                         r  u_wb/defaultClockArea_cpu/MULDIV_RRD_to_MULDIV_EXE_ISSUE_SLOT_uop_signed_reg/C
  -------------------------------------------------------------------    -------------------
                         FDRE (Prop_fdre_C_Q)         0.379     2.572 r  u_wb/defaultClockArea_cpu/MULDIV_RRD_to_MULDIV_EXE_ISSUE_SLOT_uop_signed_reg/Q
                         net (fo=192, unplaced)       0.715     3.287    u_wb/defaultClockArea_cpu/unsignedDivider_2/MULDIV_RRD_to_MULDIV_EXE_ISSUE_SLOT_uop_signed
                         LUT3 (Prop_lut3_I0_O)        0.252     3.539 r  u_wb/defaultClockArea_cpu/unsignedDivider_2/MULDIV_EXE_MulDivExecutePlugin_multiplier_i_77/O
                         net (fo=1, unplaced)         0.000     3.539    u_wb/defaultClockArea_cpu/unsignedDivider_2/_zz_MULDIV_EXE_MulDivExecutePlugin_absRk[0]
                         CARRY4 (Prop_carry4_DI[0]_CO[3])
                                                      0.477     4.016 r  u_wb/defaultClockArea_cpu/unsignedDivider_2/MULDIV_EXE_MulDivExecutePlugin_multiplier_i_16/CO[3]
                         net (fo=1, unplaced)         0.008     4.024    u_wb/defaultClockArea_cpu/unsignedDivider_2/MULDIV_EXE_MulDivExecutePlugin_multiplier_i_16_n_0
                         CARRY4 (Prop_carry4_CI_CO[3])
                                                      0.100     4.124 r  u_wb/defaultClockArea_cpu/unsignedDivider_2/MULDIV_EXE_MulDivExecutePlugin_multiplier_i_15/CO[3]
                         net (fo=1, unplaced)         0.000     4.124    u_wb/defaultClockArea_cpu/unsignedDivider_2/MULDIV_EXE_MulDivExecutePlugin_multiplier_i_15_n_0
                         CARRY4 (Prop_carry4_CI_CO[3])
                                                      0.100     4.224 r  u_wb/defaultClockArea_cpu/unsignedDivider_2/MULDIV_EXE_MulDivExecutePlugin_multiplier_i_14/CO[3]
                         net (fo=1, unplaced)         0.000     4.224    u_wb/defaultClockArea_cpu/unsignedDivider_2/MULDIV_EXE_MulDivExecutePlugin_multiplier_i_14_n_0
                         CARRY4 (Prop_carry4_CI_CO[3])
                                                      0.100     4.324 r  u_wb/defaultClockArea_cpu/unsignedDivider_2/MULDIV_EXE_MulDivExecutePlugin_multiplier_i_13/CO[3]
                         net (fo=1, unplaced)         0.000     4.324    u_wb/defaultClockArea_cpu/unsignedDivider_2/MULDIV_EXE_MulDivExecutePlugin_multiplier_i_13_n_0
                         CARRY4 (Prop_carry4_CI_CO[3])
                                                      0.100     4.424 r  u_wb/defaultClockArea_cpu/unsignedDivider_2/MULDIV_EXE_MulDivExecutePlugin_multiplier_i_12/CO[3]
                         net (fo=1, unplaced)         0.000     4.424    u_wb/defaultClockArea_cpu/unsignedDivider_2/MULDIV_EXE_MulDivExecutePlugin_multiplier_i_12_n_0
                         CARRY4 (Prop_carry4_CI_O[0])
                                                      0.189     4.613 f  u_wb/defaultClockArea_cpu/unsignedDivider_2/MULDIV_EXE_MulDivExecutePlugin_multiplier_i_11/O[0]
                         net (fo=4, unplaced)         0.623     5.236    u_wb/defaultClockArea_cpu/unsignedDivider_2/B[20]
                         LUT4 (Prop_lut4_I1_O)        0.238     5.474 f  u_wb/defaultClockArea_cpu/unsignedDivider_2/MULDIV_RRD_to_MULDIV_EXE_ISSUE_SLOT_wReg[5]_i_10/O
                         net (fo=1, unplaced)         0.347     5.821    u_wb/defaultClockArea_cpu/unsignedDivider_2/MULDIV_RRD_to_MULDIV_EXE_ISSUE_SLOT_wReg[5]_i_10_n_0
                         LUT5 (Prop_lut5_I4_O)        0.105     5.926 r  u_wb/defaultClockArea_cpu/unsignedDivider_2/MULDIV_RRD_to_MULDIV_EXE_ISSUE_SLOT_wReg[5]_i_6/O
                         net (fo=1, unplaced)         0.582     6.508    u_wb/defaultClockArea_cpu/unsignedDivider_2/MULDIV_RRD_to_MULDIV_EXE_ISSUE_SLOT_wReg[5]_i_6_n_0
                         LUT4 (Prop_lut4_I1_O)        0.105     6.613 r  u_wb/defaultClockArea_cpu/unsignedDivider_2/MULDIV_RRD_to_MULDIV_EXE_ISSUE_SLOT_wReg[5]_i_4/O
                         net (fo=67, unplaced)        0.437     7.050    u_wb/defaultClockArea_cpu/unsignedDivider_3/MULDIV_RRD_to_MULDIV_EXE_ISSUE_SLOT_robIdx_reg[0]_0
                         LUT5 (Prop_lut5_I2_O)        0.105     7.155 r  u_wb/defaultClockArea_cpu/unsignedDivider_3/MULDIV_RRD_to_MULDIV_EXE_ISSUE_SLOT_wReg[5]_i_1/O
                         net (fo=88, unplaced)        0.443     7.598    u_wb/defaultClockArea_cpu/unsignedDivider_3/E[0]
                         LUT6 (Prop_lut6_I0_O)        0.105     7.703 r  u_wb/defaultClockArea_cpu/unsignedDivider_3/PhysRegFilePlugin_busys_31_i_4/O
                         net (fo=100, unplaced)       0.447     8.150    u_wb/defaultClockArea_cpu/unsignedDivider_3/PhysRegFilePlugin_busys_31_i_4_n_0
                         LUT5 (Prop_lut5_I2_O)        0.105     8.255 r  u_wb/defaultClockArea_cpu/unsignedDivider_3/IntIssueQueuePlugin_queue_6_payload_rRegs_0_valid_i_46/O
                         net (fo=1, unplaced)         0.347     8.602    u_wb/defaultClockArea_cpu/unsignedDivider_3/IntIssueQueuePlugin_queue_6_payload_rRegs_0_valid_i_46_n_0
                         LUT6 (Prop_lut6_I3_O)        0.105     8.707 r  u_wb/defaultClockArea_cpu/unsignedDivider_3/IntIssueQueuePlugin_queue_6_payload_rRegs_0_valid_i_24/O
                         net (fo=1, unplaced)         0.347     9.054    u_wb/defaultClockArea_cpu/unsignedDivider_3/IntIssueQueuePlugin_queue_6_payload_rRegs_0_valid_i_24_n_0
                         LUT6 (Prop_lut6_I3_O)        0.105     9.159 f  u_wb/defaultClockArea_cpu/unsignedDivider_3/IntIssueQueuePlugin_queue_6_payload_rRegs_0_valid_i_12/O
                         net (fo=6, unplaced)         0.379     9.538    u_wb/defaultClockArea_cpu/unsignedDivider_3/IntIssueQueuePlugin_queue_6_payload_rRegs_0_valid_i_12_n_0
                         LUT5 (Prop_lut5_I2_O)        0.105     9.643 f  u_wb/defaultClockArea_cpu/unsignedDivider_3/MemIssueQueuePlugin_queue_0_payload_rRegs_0_valid_i_2/O
                         net (fo=5, unplaced)         0.375    10.018    u_wb/defaultClockArea_cpu/unsignedDivider_3/MemIssueQueuePlugin_queue_0_payload_rRegs_0_valid_i_2_n_0
                         LUT6 (Prop_lut6_I4_O)        0.105    10.123 r  u_wb/defaultClockArea_cpu/unsignedDivider_3/MemIssueQueuePlugin_queue_2_payload_rRegs_0_valid_i_6/O
                         net (fo=1, unplaced)         0.347    10.470    u_wb/defaultClockArea_cpu/unsignedDivider_3/MemIssueQueuePlugin_queue_2_payload_rRegs_0_valid_i_6_n_0
                         LUT6 (Prop_lut6_I5_O)        0.105    10.575 r  u_wb/defaultClockArea_cpu/unsignedDivider_3/MemIssueQueuePlugin_queue_2_payload_rRegs_0_valid_i_2/O
                         net (fo=2, unplaced)         0.358    10.933    u_wb/defaultClockArea_cpu/unsignedDivider_3/MemIssueQueuePlugin_queue_2_payload_rRegs_0_valid_i_2_n_0
                         LUT3 (Prop_lut3_I0_O)        0.105    11.038 r  u_wb/defaultClockArea_cpu/unsignedDivider_3/MemIssueQueuePlugin_queue_1_payload_rRegs_0_valid_i_1/O
                         net (fo=1, unplaced)         0.000    11.038    u_wb/defaultClockArea_cpu/unsignedDivider_3_n_88
                         FDRE                                         r  u_wb/defaultClockArea_cpu/MemIssueQueuePlugin_queue_1_payload_rRegs_0_valid_reg/D
  -------------------------------------------------------------------    -------------------

                         (clock core_clock rise edge)
                                                     10.000    10.000 r  
                                                      0.000    10.000 r  aclk (IN)
                         net (fo=0)                   0.000    10.000    aclk
                         IBUF (Prop_ibuf_I_O)         0.751    10.751 r  aclk_IBUF_inst/O
                         net (fo=1, unplaced)         0.613    11.365    aclk_IBUF
                         BUFG (Prop_bufg_I_O)         0.077    11.442 r  aclk_IBUF_BUFG_inst/O
                         net (fo=17644, unplaced)     0.439    11.881    u_wb/defaultClockArea_cpu/aclk_IBUF_BUFG
                         FDRE                                         r  u_wb/defaultClockArea_cpu/MemIssueQueuePlugin_queue_1_payload_rRegs_0_valid_reg/C
                         clock pessimism              0.167    12.048    
                         clock uncertainty           -0.035    12.012    
                         FDRE (Setup_fdre_C_D)        0.029    12.041    u_wb/defaultClockArea_cpu/MemIssueQueuePlugin_queue_1_payload_rRegs_0_valid_reg
  -------------------------------------------------------------------
                         required time                         12.041    
                         arrival time                         -11.038    
  -------------------------------------------------------------------
                         slack                                  1.004    

Slack (MET) :             1.004ns  (required time - arrival time)
  Source:                 u_wb/defaultClockArea_cpu/MULDIV_RRD_to_MULDIV_EXE_ISSUE_SLOT_uop_signed_reg/C
                            (rising edge-triggered cell FDRE clocked by core_clock  {rise@0.000ns fall@5.000ns period=10.000ns})
  Destination:            u_wb/defaultClockArea_cpu/MemIssueQueuePlugin_queue_2_payload_rRegs_0_valid_reg/D
                            (rising edge-triggered cell FDRE clocked by core_clock  {rise@0.000ns fall@5.000ns period=10.000ns})
  Path Group:             core_clock
  Path Type:              Setup (Max at Slow Process Corner)
  Requirement:            10.000ns  (core_clock rise@10.000ns - core_clock rise@0.000ns)
  Data Path Delay:        8.845ns  (logic 3.090ns (34.935%)  route 5.755ns (65.065%))
  Logic Levels:           19  (CARRY4=6 LUT3=2 LUT4=2 LUT5=4 LUT6=5)
  Clock Path Skew:        -0.145ns (DCD - SCD + CPR)
    Destination Clock Delay (DCD):    1.881ns = ( 11.881 - 10.000 ) 
    Source Clock Delay      (SCD):    2.193ns
    Clock Pessimism Removal (CPR):    0.167ns
  Clock Uncertainty:      0.035ns  ((TSJ^2 + TIJ^2)^1/2 + DJ) / 2 + PE
    Total System Jitter     (TSJ):    0.071ns
    Total Input Jitter      (TIJ):    0.000ns
    Discrete Jitter          (DJ):    0.000ns
    Phase Error              (PE):    0.000ns

    Location             Delay type                Incr(ns)  Path(ns)    Netlist Resource(s)
  -------------------------------------------------------------------    -------------------
                         (clock core_clock rise edge)
                                                      0.000     0.000 r  
                                                      0.000     0.000 r  aclk (IN)
                         net (fo=0)                   0.000     0.000    aclk
                         IBUF (Prop_ibuf_I_O)         0.882     0.882 r  aclk_IBUF_inst/O
                         net (fo=1, unplaced)         0.646     1.528    aclk_IBUF
                         BUFG (Prop_bufg_I_O)         0.081     1.609 r  aclk_IBUF_BUFG_inst/O
                         net (fo=17644, unplaced)     0.584     2.193    u_wb/defaultClockArea_cpu/aclk_IBUF_BUFG
                         FDRE                                         r  u_wb/defaultClockArea_cpu/MULDIV_RRD_to_MULDIV_EXE_ISSUE_SLOT_uop_signed_reg/C
  -------------------------------------------------------------------    -------------------
                         FDRE (Prop_fdre_C_Q)         0.379     2.572 r  u_wb/defaultClockArea_cpu/MULDIV_RRD_to_MULDIV_EXE_ISSUE_SLOT_uop_signed_reg/Q
                         net (fo=192, unplaced)       0.715     3.287    u_wb/defaultClockArea_cpu/unsignedDivider_2/MULDIV_RRD_to_MULDIV_EXE_ISSUE_SLOT_uop_signed
                         LUT3 (Prop_lut3_I0_O)        0.252     3.539 r  u_wb/defaultClockArea_cpu/unsignedDivider_2/MULDIV_EXE_MulDivExecutePlugin_multiplier_i_77/O
                         net (fo=1, unplaced)         0.000     3.539    u_wb/defaultClockArea_cpu/unsignedDivider_2/_zz_MULDIV_EXE_MulDivExecutePlugin_absRk[0]
                         CARRY4 (Prop_carry4_DI[0]_CO[3])
                                                      0.477     4.016 r  u_wb/defaultClockArea_cpu/unsignedDivider_2/MULDIV_EXE_MulDivExecutePlugin_multiplier_i_16/CO[3]
                         net (fo=1, unplaced)         0.008     4.024    u_wb/defaultClockArea_cpu/unsignedDivider_2/MULDIV_EXE_MulDivExecutePlugin_multiplier_i_16_n_0
                         CARRY4 (Prop_carry4_CI_CO[3])
                                                      0.100     4.124 r  u_wb/defaultClockArea_cpu/unsignedDivider_2/MULDIV_EXE_MulDivExecutePlugin_multiplier_i_15/CO[3]
                         net (fo=1, unplaced)         0.000     4.124    u_wb/defaultClockArea_cpu/unsignedDivider_2/MULDIV_EXE_MulDivExecutePlugin_multiplier_i_15_n_0
                         CARRY4 (Prop_carry4_CI_CO[3])
                                                      0.100     4.224 r  u_wb/defaultClockArea_cpu/unsignedDivider_2/MULDIV_EXE_MulDivExecutePlugin_multiplier_i_14/CO[3]
                         net (fo=1, unplaced)         0.000     4.224    u_wb/defaultClockArea_cpu/unsignedDivider_2/MULDIV_EXE_MulDivExecutePlugin_multiplier_i_14_n_0
                         CARRY4 (Prop_carry4_CI_CO[3])
                                                      0.100     4.324 r  u_wb/defaultClockArea_cpu/unsignedDivider_2/MULDIV_EXE_MulDivExecutePlugin_multiplier_i_13/CO[3]
                         net (fo=1, unplaced)         0.000     4.324    u_wb/defaultClockArea_cpu/unsignedDivider_2/MULDIV_EXE_MulDivExecutePlugin_multiplier_i_13_n_0
                         CARRY4 (Prop_carry4_CI_CO[3])
                                                      0.100     4.424 r  u_wb/defaultClockArea_cpu/unsignedDivider_2/MULDIV_EXE_MulDivExecutePlugin_multiplier_i_12/CO[3]
                         net (fo=1, unplaced)         0.000     4.424    u_wb/defaultClockArea_cpu/unsignedDivider_2/MULDIV_EXE_MulDivExecutePlugin_multiplier_i_12_n_0
                         CARRY4 (Prop_carry4_CI_O[0])
                                                      0.189     4.613 f  u_wb/defaultClockArea_cpu/unsignedDivider_2/MULDIV_EXE_MulDivExecutePlugin_multiplier_i_11/O[0]
                         net (fo=4, unplaced)         0.623     5.236    u_wb/defaultClockArea_cpu/unsignedDivider_2/B[20]
                         LUT4 (Prop_lut4_I1_O)        0.238     5.474 f  u_wb/defaultClockArea_cpu/unsignedDivider_2/MULDIV_RRD_to_MULDIV_EXE_ISSUE_SLOT_wReg[5]_i_10/O
                         net (fo=1, unplaced)         0.347     5.821    u_wb/defaultClockArea_cpu/unsignedDivider_2/MULDIV_RRD_to_MULDIV_EXE_ISSUE_SLOT_wReg[5]_i_10_n_0
                         LUT5 (Prop_lut5_I4_O)        0.105     5.926 r  u_wb/defaultClockArea_cpu/unsignedDivider_2/MULDIV_RRD_to_MULDIV_EXE_ISSUE_SLOT_wReg[5]_i_6/O
                         net (fo=1, unplaced)         0.582     6.508    u_wb/defaultClockArea_cpu/unsignedDivider_2/MULDIV_RRD_to_MULDIV_EXE_ISSUE_SLOT_wReg[5]_i_6_n_0
                         LUT4 (Prop_lut4_I1_O)        0.105     6.613 r  u_wb/defaultClockArea_cpu/unsignedDivider_2/MULDIV_RRD_to_MULDIV_EXE_ISSUE_SLOT_wReg[5]_i_4/O
                         net (fo=67, unplaced)        0.437     7.050    u_wb/defaultClockArea_cpu/unsignedDivider_3/MULDIV_RRD_to_MULDIV_EXE_ISSUE_SLOT_robIdx_reg[0]_0
                         LUT5 (Prop_lut5_I2_O)        0.105     7.155 r  u_wb/defaultClockArea_cpu/unsignedDivider_3/MULDIV_RRD_to_MULDIV_EXE_ISSUE_SLOT_wReg[5]_i_1/O
                         net (fo=88, unplaced)        0.443     7.598    u_wb/defaultClockArea_cpu/unsignedDivider_3/E[0]
                         LUT6 (Prop_lut6_I0_O)        0.105     7.703 r  u_wb/defaultClockArea_cpu/unsignedDivider_3/PhysRegFilePlugin_busys_31_i_4/O
                         net (fo=100, unplaced)       0.447     8.150    u_wb/defaultClockArea_cpu/unsignedDivider_3/PhysRegFilePlugin_busys_31_i_4_n_0
                         LUT5 (Prop_lut5_I2_O)        0.105     8.255 r  u_wb/defaultClockArea_cpu/unsignedDivider_3/IntIssueQueuePlugin_queue_6_payload_rRegs_0_valid_i_46/O
                         net (fo=1, unplaced)         0.347     8.602    u_wb/defaultClockArea_cpu/unsignedDivider_3/IntIssueQueuePlugin_queue_6_payload_rRegs_0_valid_i_46_n_0
                         LUT6 (Prop_lut6_I3_O)        0.105     8.707 r  u_wb/defaultClockArea_cpu/unsignedDivider_3/IntIssueQueuePlugin_queue_6_payload_rRegs_0_valid_i_24/O
                         net (fo=1, unplaced)         0.347     9.054    u_wb/defaultClockArea_cpu/unsignedDivider_3/IntIssueQueuePlugin_queue_6_payload_rRegs_0_valid_i_24_n_0
                         LUT6 (Prop_lut6_I3_O)        0.105     9.159 f  u_wb/defaultClockArea_cpu/unsignedDivider_3/IntIssueQueuePlugin_queue_6_payload_rRegs_0_valid_i_12/O
                         net (fo=6, unplaced)         0.379     9.538    u_wb/defaultClockArea_cpu/unsignedDivider_3/IntIssueQueuePlugin_queue_6_payload_rRegs_0_valid_i_12_n_0
                         LUT5 (Prop_lut5_I2_O)        0.105     9.643 f  u_wb/defaultClockArea_cpu/unsignedDivider_3/MemIssueQueuePlugin_queue_0_payload_rRegs_0_valid_i_2/O
                         net (fo=5, unplaced)         0.375    10.018    u_wb/defaultClockArea_cpu/unsignedDivider_3/MemIssueQueuePlugin_queue_0_payload_rRegs_0_valid_i_2_n_0
                         LUT6 (Prop_lut6_I4_O)        0.105    10.123 r  u_wb/defaultClockArea_cpu/unsignedDivider_3/MemIssueQueuePlugin_queue_2_payload_rRegs_0_valid_i_6/O
                         net (fo=1, unplaced)         0.347    10.470    u_wb/defaultClockArea_cpu/unsignedDivider_3/MemIssueQueuePlugin_queue_2_payload_rRegs_0_valid_i_6_n_0
                         LUT6 (Prop_lut6_I5_O)        0.105    10.575 r  u_wb/defaultClockArea_cpu/unsignedDivider_3/MemIssueQueuePlugin_queue_2_payload_rRegs_0_valid_i_2/O
                         net (fo=2, unplaced)         0.358    10.933    u_wb/defaultClockArea_cpu/unsignedDivider_3/MemIssueQueuePlugin_queue_2_payload_rRegs_0_valid_i_2_n_0
                         LUT3 (Prop_lut3_I2_O)        0.105    11.038 r  u_wb/defaultClockArea_cpu/unsignedDivider_3/MemIssueQueuePlugin_queue_2_payload_rRegs_0_valid_i_1/O
                         net (fo=1, unplaced)         0.000    11.038    u_wb/defaultClockArea_cpu/unsignedDivider_3_n_94
                         FDRE                                         r  u_wb/defaultClockArea_cpu/MemIssueQueuePlugin_queue_2_payload_rRegs_0_valid_reg/D
  -------------------------------------------------------------------    -------------------

                         (clock core_clock rise edge)
                                                     10.000    10.000 r  
                                                      0.000    10.000 r  aclk (IN)
                         net (fo=0)                   0.000    10.000    aclk
                         IBUF (Prop_ibuf_I_O)         0.751    10.751 r  aclk_IBUF_inst/O
                         net (fo=1, unplaced)         0.613    11.365    aclk_IBUF
                         BUFG (Prop_bufg_I_O)         0.077    11.442 r  aclk_IBUF_BUFG_inst/O
                         net (fo=17644, unplaced)     0.439    11.881    u_wb/defaultClockArea_cpu/aclk_IBUF_BUFG
                         FDRE                                         r  u_wb/defaultClockArea_cpu/MemIssueQueuePlugin_queue_2_payload_rRegs_0_valid_reg/C
                         clock pessimism              0.167    12.048    
                         clock uncertainty           -0.035    12.012    
                         FDRE (Setup_fdre_C_D)        0.029    12.041    u_wb/defaultClockArea_cpu/MemIssueQueuePlugin_queue_2_payload_rRegs_0_valid_reg
  -------------------------------------------------------------------
                         required time                         12.041    
                         arrival time                         -11.038    
  -------------------------------------------------------------------
                         slack                                  1.004    

Slack (MET) :             1.008ns  (required time - arrival time)
  Source:                 u_wb/defaultClockArea_cpu/MULDIV_RRD_to_MULDIV_EXE_ISSUE_SLOT_uop_signed_reg/C
                            (rising edge-triggered cell FDRE clocked by core_clock  {rise@0.000ns fall@5.000ns period=10.000ns})
  Destination:            u_wb/defaultClockArea_cpu/IntIssueQueuePlugin_queue_6_payload_rRegs_0_valid_reg/D
                            (rising edge-triggered cell FDRE clocked by core_clock  {rise@0.000ns fall@5.000ns period=10.000ns})
  Path Group:             core_clock
  Path Type:              Setup (Max at Slow Process Corner)
  Requirement:            10.000ns  (core_clock rise@10.000ns - core_clock rise@0.000ns)
  Data Path Delay:        8.841ns  (logic 3.090ns (34.951%)  route 5.751ns (65.049%))
  Logic Levels:           19  (CARRY4=6 LUT3=1 LUT4=2 LUT5=5 LUT6=5)
  Clock Path Skew:        -0.145ns (DCD - SCD + CPR)
    Destination Clock Delay (DCD):    1.881ns = ( 11.881 - 10.000 ) 
    Source Clock Delay      (SCD):    2.193ns
    Clock Pessimism Removal (CPR):    0.167ns
  Clock Uncertainty:      0.035ns  ((TSJ^2 + TIJ^2)^1/2 + DJ) / 2 + PE
    Total System Jitter     (TSJ):    0.071ns
    Total Input Jitter      (TIJ):    0.000ns
    Discrete Jitter          (DJ):    0.000ns
    Phase Error              (PE):    0.000ns

    Location             Delay type                Incr(ns)  Path(ns)    Netlist Resource(s)
  -------------------------------------------------------------------    -------------------
                         (clock core_clock rise edge)
                                                      0.000     0.000 r  
                                                      0.000     0.000 r  aclk (IN)
                         net (fo=0)                   0.000     0.000    aclk
                         IBUF (Prop_ibuf_I_O)         0.882     0.882 r  aclk_IBUF_inst/O
                         net (fo=1, unplaced)         0.646     1.528    aclk_IBUF
                         BUFG (Prop_bufg_I_O)         0.081     1.609 r  aclk_IBUF_BUFG_inst/O
                         net (fo=17644, unplaced)     0.584     2.193    u_wb/defaultClockArea_cpu/aclk_IBUF_BUFG
                         FDRE                                         r  u_wb/defaultClockArea_cpu/MULDIV_RRD_to_MULDIV_EXE_ISSUE_SLOT_uop_signed_reg/C
  -------------------------------------------------------------------    -------------------
                         FDRE (Prop_fdre_C_Q)         0.379     2.572 r  u_wb/defaultClockArea_cpu/MULDIV_RRD_to_MULDIV_EXE_ISSUE_SLOT_uop_signed_reg/Q
                         net (fo=192, unplaced)       0.715     3.287    u_wb/defaultClockArea_cpu/unsignedDivider_2/MULDIV_RRD_to_MULDIV_EXE_ISSUE_SLOT_uop_signed
                         LUT3 (Prop_lut3_I0_O)        0.252     3.539 r  u_wb/defaultClockArea_cpu/unsignedDivider_2/MULDIV_EXE_MulDivExecutePlugin_multiplier_i_77/O
                         net (fo=1, unplaced)         0.000     3.539    u_wb/defaultClockArea_cpu/unsignedDivider_2/_zz_MULDIV_EXE_MulDivExecutePlugin_absRk[0]
                         CARRY4 (Prop_carry4_DI[0]_CO[3])
                                                      0.477     4.016 r  u_wb/defaultClockArea_cpu/unsignedDivider_2/MULDIV_EXE_MulDivExecutePlugin_multiplier_i_16/CO[3]
                         net (fo=1, unplaced)         0.008     4.024    u_wb/defaultClockArea_cpu/unsignedDivider_2/MULDIV_EXE_MulDivExecutePlugin_multiplier_i_16_n_0
                         CARRY4 (Prop_carry4_CI_CO[3])
                                                      0.100     4.124 r  u_wb/defaultClockArea_cpu/unsignedDivider_2/MULDIV_EXE_MulDivExecutePlugin_multiplier_i_15/CO[3]
                         net (fo=1, unplaced)         0.000     4.124    u_wb/defaultClockArea_cpu/unsignedDivider_2/MULDIV_EXE_MulDivExecutePlugin_multiplier_i_15_n_0
                         CARRY4 (Prop_carry4_CI_CO[3])
                                                      0.100     4.224 r  u_wb/defaultClockArea_cpu/unsignedDivider_2/MULDIV_EXE_MulDivExecutePlugin_multiplier_i_14/CO[3]
                         net (fo=1, unplaced)         0.000     4.224    u_wb/defaultClockArea_cpu/unsignedDivider_2/MULDIV_EXE_MulDivExecutePlugin_multiplier_i_14_n_0
                         CARRY4 (Prop_carry4_CI_CO[3])
                                                      0.100     4.324 r  u_wb/defaultClockArea_cpu/unsignedDivider_2/MULDIV_EXE_MulDivExecutePlugin_multiplier_i_13/CO[3]
                         net (fo=1, unplaced)         0.000     4.324    u_wb/defaultClockArea_cpu/unsignedDivider_2/MULDIV_EXE_MulDivExecutePlugin_multiplier_i_13_n_0
                         CARRY4 (Prop_carry4_CI_CO[3])
                                                      0.100     4.424 r  u_wb/defaultClockArea_cpu/unsignedDivider_2/MULDIV_EXE_MulDivExecutePlugin_multiplier_i_12/CO[3]
                         net (fo=1, unplaced)         0.000     4.424    u_wb/defaultClockArea_cpu/unsignedDivider_2/MULDIV_EXE_MulDivExecutePlugin_multiplier_i_12_n_0
                         CARRY4 (Prop_carry4_CI_O[0])
                                                      0.189     4.613 f  u_wb/defaultClockArea_cpu/unsignedDivider_2/MULDIV_EXE_MulDivExecutePlugin_multiplier_i_11/O[0]
                         net (fo=4, unplaced)         0.623     5.236    u_wb/defaultClockArea_cpu/unsignedDivider_2/B[20]
                         LUT4 (Prop_lut4_I1_O)        0.238     5.474 f  u_wb/defaultClockArea_cpu/unsignedDivider_2/MULDIV_RRD_to_MULDIV_EXE_ISSUE_SLOT_wReg[5]_i_10/O
                         net (fo=1, unplaced)         0.347     5.821    u_wb/defaultClockArea_cpu/unsignedDivider_2/MULDIV_RRD_to_MULDIV_EXE_ISSUE_SLOT_wReg[5]_i_10_n_0
                         LUT5 (Prop_lut5_I4_O)        0.105     5.926 r  u_wb/defaultClockArea_cpu/unsignedDivider_2/MULDIV_RRD_to_MULDIV_EXE_ISSUE_SLOT_wReg[5]_i_6/O
                         net (fo=1, unplaced)         0.582     6.508    u_wb/defaultClockArea_cpu/unsignedDivider_2/MULDIV_RRD_to_MULDIV_EXE_ISSUE_SLOT_wReg[5]_i_6_n_0
                         LUT4 (Prop_lut4_I1_O)        0.105     6.613 r  u_wb/defaultClockArea_cpu/unsignedDivider_2/MULDIV_RRD_to_MULDIV_EXE_ISSUE_SLOT_wReg[5]_i_4/O
                         net (fo=67, unplaced)        0.437     7.050    u_wb/defaultClockArea_cpu/unsignedDivider_3/MULDIV_RRD_to_MULDIV_EXE_ISSUE_SLOT_robIdx_reg[0]_0
                         LUT5 (Prop_lut5_I2_O)        0.105     7.155 r  u_wb/defaultClockArea_cpu/unsignedDivider_3/MULDIV_RRD_to_MULDIV_EXE_ISSUE_SLOT_wReg[5]_i_1/O
                         net (fo=88, unplaced)        0.443     7.598    u_wb/defaultClockArea_cpu/unsignedDivider_3/E[0]
                         LUT6 (Prop_lut6_I0_O)        0.105     7.703 r  u_wb/defaultClockArea_cpu/unsignedDivider_3/PhysRegFilePlugin_busys_31_i_4/O
                         net (fo=100, unplaced)       0.447     8.150    u_wb/defaultClockArea_cpu/unsignedDivider_3/PhysRegFilePlugin_busys_31_i_4_n_0
                         LUT5 (Prop_lut5_I2_O)        0.105     8.255 r  u_wb/defaultClockArea_cpu/unsignedDivider_3/IntIssueQueuePlugin_queue_6_payload_rRegs_0_valid_i_46/O
                         net (fo=1, unplaced)         0.347     8.602    u_wb/defaultClockArea_cpu/unsignedDivider_3/IntIssueQueuePlugin_queue_6_payload_rRegs_0_valid_i_46_n_0
                         LUT6 (Prop_lut6_I3_O)        0.105     8.707 r  u_wb/defaultClockArea_cpu/unsignedDivider_3/IntIssueQueuePlugin_queue_6_payload_rRegs_0_valid_i_24/O
                         net (fo=1, unplaced)         0.347     9.054    u_wb/defaultClockArea_cpu/unsignedDivider_3/IntIssueQueuePlugin_queue_6_payload_rRegs_0_valid_i_24_n_0
                         LUT6 (Prop_lut6_I3_O)        0.105     9.159 f  u_wb/defaultClockArea_cpu/unsignedDivider_3/IntIssueQueuePlugin_queue_6_payload_rRegs_0_valid_i_12/O
                         net (fo=6, unplaced)         0.379     9.538    u_wb/defaultClockArea_cpu/unsignedDivider_3/IntIssueQueuePlugin_queue_6_payload_rRegs_0_valid_i_12_n_0
                         LUT5 (Prop_lut5_I0_O)        0.105     9.643 r  u_wb/defaultClockArea_cpu/unsignedDivider_3/IntIssueQueuePlugin_queue_0_payload_rRegs_0_valid_i_6/O
                         net (fo=7, unplaced)         0.382    10.025    u_wb/defaultClockArea_cpu/unsignedDivider_3/IntIssueQueuePlugin_queue_0_payload_rRegs_0_valid_i_6_n_0
                         LUT6 (Prop_lut6_I1_O)        0.105    10.130 r  u_wb/defaultClockArea_cpu/unsignedDivider_3/IntIssueQueuePlugin_queue_6_payload_rRegs_0_valid_i_6/O
                         net (fo=1, unplaced)         0.347    10.477    u_wb/defaultClockArea_cpu/unsignedDivider_3/IntIssueQueuePlugin_queue_6_payload_rRegs_0_valid_i_6_n_0
                         LUT6 (Prop_lut6_I0_O)        0.105    10.582 r  u_wb/defaultClockArea_cpu/unsignedDivider_3/IntIssueQueuePlugin_queue_6_payload_rRegs_0_valid_i_3/O
                         net (fo=1, unplaced)         0.347    10.929    u_wb/defaultClockArea_cpu/unsignedDivider_3/IntIssueQueuePlugin_queue_6_payload_rRegs_0_valid_i_3_n_0
                         LUT5 (Prop_lut5_I2_O)        0.105    11.034 r  u_wb/defaultClockArea_cpu/unsignedDivider_3/IntIssueQueuePlugin_queue_6_payload_rRegs_0_valid_i_1/O
                         net (fo=4, unplaced)         0.000    11.034    u_wb/defaultClockArea_cpu/unsignedDivider_3_n_48
                         FDRE                                         r  u_wb/defaultClockArea_cpu/IntIssueQueuePlugin_queue_6_payload_rRegs_0_valid_reg/D
  -------------------------------------------------------------------    -------------------

                         (clock core_clock rise edge)
                                                     10.000    10.000 r  
                                                      0.000    10.000 r  aclk (IN)
                         net (fo=0)                   0.000    10.000    aclk
                         IBUF (Prop_ibuf_I_O)         0.751    10.751 r  aclk_IBUF_inst/O
                         net (fo=1, unplaced)         0.613    11.365    aclk_IBUF
                         BUFG (Prop_bufg_I_O)         0.077    11.442 r  aclk_IBUF_BUFG_inst/O
                         net (fo=17644, unplaced)     0.439    11.881    u_wb/defaultClockArea_cpu/aclk_IBUF_BUFG
                         FDRE                                         r  u_wb/defaultClockArea_cpu/IntIssueQueuePlugin_queue_6_payload_rRegs_0_valid_reg/C
                         clock pessimism              0.167    12.048    
                         clock uncertainty           -0.035    12.012    
                         FDRE (Setup_fdre_C_D)        0.029    12.041    u_wb/defaultClockArea_cpu/IntIssueQueuePlugin_queue_6_payload_rRegs_0_valid_reg
  -------------------------------------------------------------------
                         required time                         12.041    
                         arrival time                         -11.034    
  -------------------------------------------------------------------
                         slack                                  1.008    





Pulse Width Checks
--------------------------------------------------------------------------------------
Clock Name:         core_clock
Waveform(ns):       { 0.000 5.000 }
Period(ns):         10.000
Sources:            { aclk }

Check Type        Corner  Lib Pin             Reference Pin  Required(ns)  Actual(ns)  Slack(ns)  Location  Pin
Min Period        n/a     DSP48E1/CLK         n/a            3.109         10.000      6.891                core_top/wb_raw_top/MyCPUCore/multiplier/<hidden>/<hidden>/<hidden>
Min Period        n/a     RAMB36E1/CLKARDCLK  n/a            2.472         10.000      7.528                u_wb/defaultClockArea_axiBuffer/fifo/xpm_fifo_base_inst/gen_sdpram.xpm_memory_base_inst/gen_wr_a.gen_word_narrow.mem_reg_0/CLKARDCLK
Min Period        n/a     RAMB36E1/CLKARDCLK  n/a            2.472         10.000      7.528                u_wb/defaultClockArea_axiBuffer/fifo/xpm_fifo_base_inst/gen_sdpram.xpm_memory_base_inst/gen_wr_a.gen_word_narrow.mem_reg_1/CLKARDCLK
Min Period        n/a     RAMB18E1/CLKARDCLK  n/a            2.472         10.000      7.528                u_wb/defaultClockArea_axiBuffer/fifo/xpm_fifo_base_inst/gen_sdpram.xpm_memory_base_inst/gen_wr_a.gen_word_narrow.mem_reg_2/CLKARDCLK
Min Period        n/a     RAMB36E1/CLKARDCLK  n/a            2.472         10.000      7.528                u_wb/defaultClockArea_cpu/DCachePlugin_dataRAMs_0/mem/xpm_memory_base_inst/gen_wr_a.gen_byte_narrow.for_mem_cols[1].mem_reg/CLKARDCLK
Min Period        n/a     RAMB36E1/CLKARDCLK  n/a            2.472         10.000      7.528                u_wb/defaultClockArea_cpu/DCachePlugin_dataRAMs_1/mem/xpm_memory_base_inst/gen_wr_a.gen_byte_narrow.for_mem_cols[1].mem_reg/CLKARDCLK
Min Period        n/a     RAMB36E1/CLKARDCLK  n/a            2.472         10.000      7.528                u_wb/defaultClockArea_cpu/DCachePlugin_infoRAM/mem/xpm_memory_base_inst/gen_wr_a.gen_word_narrow.mem_reg/CLKARDCLK
Min Period        n/a     RAMB36E1/CLKBWRCLK  n/a            2.472         10.000      7.528                u_wb/defaultClockArea_cpu/DCachePlugin_infoRAM/mem/xpm_memory_base_inst/gen_wr_a.gen_word_narrow.mem_reg/CLKBWRCLK
Min Period        n/a     RAMB36E1/CLKARDCLK  n/a            2.472         10.000      7.528                u_wb/defaultClockArea_cpu/GlobalPredictorBTBPlugin_btb/rams_0/mem/xpm_memory_base_inst/gen_wr_a.gen_word_narrow.mem_reg/CLKARDCLK
Min Period        n/a     RAMB36E1/CLKBWRCLK  n/a            2.472         10.000      7.528                u_wb/defaultClockArea_cpu/GlobalPredictorBTBPlugin_btb/rams_0/mem/xpm_memory_base_inst/gen_wr_a.gen_word_narrow.mem_reg/CLKBWRCLK
Min Period        n/a     RAMB36E1/CLKARDCLK  n/a            2.472         10.000      7.528                u_wb/defaultClockArea_cpu/GlobalPredictorBTBPlugin_btb/rams_1/mem/xpm_memory_base_inst/gen_wr_a.gen_word_narrow.mem_reg/CLKARDCLK
Min Period        n/a     RAMB36E1/CLKBWRCLK  n/a            2.472         10.000      7.528                u_wb/defaultClockArea_cpu/GlobalPredictorBTBPlugin_btb/rams_1/mem/xpm_memory_base_inst/gen_wr_a.gen_word_narrow.mem_reg/CLKBWRCLK
Min Period        n/a     RAMB36E1/CLKARDCLK  n/a            2.472         10.000      7.528                u_wb/defaultClockArea_cpu/GlobalPredictorBTBPlugin_btb/rams_2/mem/xpm_memory_base_inst/gen_wr_a.gen_word_narrow.mem_reg/CLKARDCLK
Min Period        n/a     RAMB36E1/CLKBWRCLK  n/a            2.472         10.000      7.528                u_wb/defaultClockArea_cpu/GlobalPredictorBTBPlugin_btb/rams_2/mem/xpm_memory_base_inst/gen_wr_a.gen_word_narrow.mem_reg/CLKBWRCLK
Min Period        n/a     RAMB36E1/CLKARDCLK  n/a            2.472         10.000      7.528                u_wb/defaultClockArea_cpu/GlobalPredictorBTBPlugin_btb/rams_3/mem/xpm_memory_base_inst/gen_wr_a.gen_word_narrow.mem_reg/CLKARDCLK
Min Period        n/a     RAMB36E1/CLKBWRCLK  n/a            2.472         10.000      7.528                u_wb/defaultClockArea_cpu/GlobalPredictorBTBPlugin_btb/rams_3/mem/xpm_memory_base_inst/gen_wr_a.gen_word_narrow.mem_reg/CLKBWRCLK
Min Period        n/a     RAMB18E1/CLKARDCLK  n/a            2.472         10.000      7.528                u_wb/defaultClockArea_cpu/GlobalPredictorBTBPlugin_predictor/pht/rams_0/mem/xpm_memory_base_inst/gen_wr_a.gen_word_narrow.mem_reg/CLKARDCLK
Min Period        n/a     RAMB18E1/CLKARDCLK  n/a            2.472         10.000      7.528                u_wb/defaultClockArea_cpu/GlobalPredictorBTBPlugin_predictor/pht/rams_1/mem/xpm_memory_base_inst/gen_wr_a.gen_word_narrow.mem_reg/CLKARDCLK
Min Period        n/a     RAMB18E1/CLKARDCLK  n/a            2.472         10.000      7.528                u_wb/defaultClockArea_cpu/GlobalPredictorBTBPlugin_predictor/pht/rams_2/mem/xpm_memory_base_inst/gen_wr_a.gen_word_narrow.mem_reg/CLKARDCLK
Min Period        n/a     RAMB18E1/CLKARDCLK  n/a            2.472         10.000      7.528                u_wb/defaultClockArea_cpu/GlobalPredictorBTBPlugin_predictor/pht/rams_3/mem/xpm_memory_base_inst/gen_wr_a.gen_word_narrow.mem_reg/CLKARDCLK
Low Pulse Width   Slow    RAMD32/CLK          n/a            1.130         5.000       3.870                u_wb/defaultClockArea_cpu/ROBFIFOPlugin_robInfo/ram/rams_0/mem/xpm_memory_base_inst/gen_wr_a.gen_word_narrow.mem_reg_0_7_0_5/RAMA/CLK
Low Pulse Width   Fast    RAMD32/CLK          n/a            1.130         5.000       3.870                u_wb/defaultClockArea_cpu/ROBFIFOPlugin_robInfo/ram/rams_0/mem/xpm_memory_base_inst/gen_wr_a.gen_word_narrow.mem_reg_0_7_0_5/RAMA/CLK
Low Pulse Width   Slow    RAMD32/CLK          n/a            1.130         5.000       3.870                u_wb/defaultClockArea_cpu/ROBFIFOPlugin_robInfo/ram/rams_0/mem/xpm_memory_base_inst/gen_wr_a.gen_word_narrow.mem_reg_0_7_0_5/RAMA_D1/CLK
Low Pulse Width   Fast    RAMD32/CLK          n/a            1.130         5.000       3.870                u_wb/defaultClockArea_cpu/ROBFIFOPlugin_robInfo/ram/rams_0/mem/xpm_memory_base_inst/gen_wr_a.gen_word_narrow.mem_reg_0_7_0_5/RAMA_D1/CLK
Low Pulse Width   Slow    RAMD32/CLK          n/a            1.130         5.000       3.870                u_wb/defaultClockArea_cpu/ROBFIFOPlugin_robInfo/ram/rams_0/mem/xpm_memory_base_inst/gen_wr_a.gen_word_narrow.mem_reg_0_7_0_5/RAMB/CLK
Low Pulse Width   Fast    RAMD32/CLK          n/a            1.130         5.000       3.870                u_wb/defaultClockArea_cpu/ROBFIFOPlugin_robInfo/ram/rams_0/mem/xpm_memory_base_inst/gen_wr_a.gen_word_narrow.mem_reg_0_7_0_5/RAMB/CLK
Low Pulse Width   Slow    RAMD32/CLK          n/a            1.130         5.000       3.870                u_wb/defaultClockArea_cpu/ROBFIFOPlugin_robInfo/ram/rams_0/mem/xpm_memory_base_inst/gen_wr_a.gen_word_narrow.mem_reg_0_7_0_5/RAMB_D1/CLK
Low Pulse Width   Fast    RAMD32/CLK          n/a            1.130         5.000       3.870                u_wb/defaultClockArea_cpu/ROBFIFOPlugin_robInfo/ram/rams_0/mem/xpm_memory_base_inst/gen_wr_a.gen_word_narrow.mem_reg_0_7_0_5/RAMB_D1/CLK
Low Pulse Width   Slow    RAMD32/CLK          n/a            1.130         5.000       3.870                u_wb/defaultClockArea_cpu/ROBFIFOPlugin_robInfo/ram/rams_0/mem/xpm_memory_base_inst/gen_wr_a.gen_word_narrow.mem_reg_0_7_0_5/RAMC/CLK
Low Pulse Width   Fast    RAMD32/CLK          n/a            1.130         5.000       3.870                u_wb/defaultClockArea_cpu/ROBFIFOPlugin_robInfo/ram/rams_0/mem/xpm_memory_base_inst/gen_wr_a.gen_word_narrow.mem_reg_0_7_0_5/RAMC/CLK
Low Pulse Width   Slow    RAMD32/CLK          n/a            1.130         5.000       3.870                u_wb/defaultClockArea_cpu/ROBFIFOPlugin_robInfo/ram/rams_0/mem/xpm_memory_base_inst/gen_wr_a.gen_word_narrow.mem_reg_0_7_0_5/RAMC_D1/CLK
Low Pulse Width   Fast    RAMD32/CLK          n/a            1.130         5.000       3.870                u_wb/defaultClockArea_cpu/ROBFIFOPlugin_robInfo/ram/rams_0/mem/xpm_memory_base_inst/gen_wr_a.gen_word_narrow.mem_reg_0_7_0_5/RAMC_D1/CLK
Low Pulse Width   Slow    RAMS32/CLK          n/a            1.130         5.000       3.870                u_wb/defaultClockArea_cpu/ROBFIFOPlugin_robInfo/ram/rams_0/mem/xpm_memory_base_inst/gen_wr_a.gen_word_narrow.mem_reg_0_7_0_5/RAMD/CLK
Low Pulse Width   Fast    RAMS32/CLK          n/a            1.130         5.000       3.870                u_wb/defaultClockArea_cpu/ROBFIFOPlugin_robInfo/ram/rams_0/mem/xpm_memory_base_inst/gen_wr_a.gen_word_narrow.mem_reg_0_7_0_5/RAMD/CLK
Low Pulse Width   Slow    RAMS32/CLK          n/a            1.130         5.000       3.870                u_wb/defaultClockArea_cpu/ROBFIFOPlugin_robInfo/ram/rams_0/mem/xpm_memory_base_inst/gen_wr_a.gen_word_narrow.mem_reg_0_7_0_5/RAMD_D1/CLK
Low Pulse Width   Fast    RAMS32/CLK          n/a            1.130         5.000       3.870                u_wb/defaultClockArea_cpu/ROBFIFOPlugin_robInfo/ram/rams_0/mem/xpm_memory_base_inst/gen_wr_a.gen_word_narrow.mem_reg_0_7_0_5/RAMD_D1/CLK
Low Pulse Width   Slow    RAMD32/CLK          n/a            1.130         5.000       3.870                u_wb/defaultClockArea_cpu/ROBFIFOPlugin_robInfo/ram/rams_0/mem/xpm_memory_base_inst/gen_wr_a.gen_word_narrow.mem_reg_0_7_102_107/RAMA/CLK
Low Pulse Width   Fast    RAMD32/CLK          n/a            1.130         5.000       3.870                u_wb/defaultClockArea_cpu/ROBFIFOPlugin_robInfo/ram/rams_0/mem/xpm_memory_base_inst/gen_wr_a.gen_word_narrow.mem_reg_0_7_102_107/RAMA/CLK
Low Pulse Width   Slow    RAMD32/CLK          n/a            1.130         5.000       3.870                u_wb/defaultClockArea_cpu/ROBFIFOPlugin_robInfo/ram/rams_0/mem/xpm_memory_base_inst/gen_wr_a.gen_word_narrow.mem_reg_0_7_102_107/RAMA_D1/CLK
Low Pulse Width   Fast    RAMD32/CLK          n/a            1.130         5.000       3.870                u_wb/defaultClockArea_cpu/ROBFIFOPlugin_robInfo/ram/rams_0/mem/xpm_memory_base_inst/gen_wr_a.gen_word_narrow.mem_reg_0_7_102_107/RAMA_D1/CLK
High Pulse Width  Slow    RAMD32/CLK          n/a            1.130         5.000       3.870                u_wb/defaultClockArea_cpu/ROBFIFOPlugin_robInfo/ram/rams_0/mem/xpm_memory_base_inst/gen_wr_a.gen_word_narrow.mem_reg_0_7_0_5/RAMA/CLK
High Pulse Width  Fast    RAMD32/CLK          n/a            1.130         5.000       3.870                u_wb/defaultClockArea_cpu/ROBFIFOPlugin_robInfo/ram/rams_0/mem/xpm_memory_base_inst/gen_wr_a.gen_word_narrow.mem_reg_0_7_0_5/RAMA/CLK
High Pulse Width  Slow    RAMD32/CLK          n/a            1.130         5.000       3.870                u_wb/defaultClockArea_cpu/ROBFIFOPlugin_robInfo/ram/rams_0/mem/xpm_memory_base_inst/gen_wr_a.gen_word_narrow.mem_reg_0_7_0_5/RAMA_D1/CLK
High Pulse Width  Fast    RAMD32/CLK          n/a            1.130         5.000       3.870                u_wb/defaultClockArea_cpu/ROBFIFOPlugin_robInfo/ram/rams_0/mem/xpm_memory_base_inst/gen_wr_a.gen_word_narrow.mem_reg_0_7_0_5/RAMA_D1/CLK
High Pulse Width  Slow    RAMD32/CLK          n/a            1.130         5.000       3.870                u_wb/defaultClockArea_cpu/ROBFIFOPlugin_robInfo/ram/rams_0/mem/xpm_memory_base_inst/gen_wr_a.gen_word_narrow.mem_reg_0_7_0_5/RAMB/CLK
High Pulse Width  Fast    RAMD32/CLK          n/a            1.130         5.000       3.870                u_wb/defaultClockArea_cpu/ROBFIFOPlugin_robInfo/ram/rams_0/mem/xpm_memory_base_inst/gen_wr_a.gen_word_narrow.mem_reg_0_7_0_5/RAMB/CLK
High Pulse Width  Slow    RAMD32/CLK          n/a            1.130         5.000       3.870                u_wb/defaultClockArea_cpu/ROBFIFOPlugin_robInfo/ram/rams_0/mem/xpm_memory_base_inst/gen_wr_a.gen_word_narrow.mem_reg_0_7_0_5/RAMB_D1/CLK
High Pulse Width  Fast    RAMD32/CLK          n/a            1.130         5.000       3.870                u_wb/defaultClockArea_cpu/ROBFIFOPlugin_robInfo/ram/rams_0/mem/xpm_memory_base_inst/gen_wr_a.gen_word_narrow.mem_reg_0_7_0_5/RAMB_D1/CLK
High Pulse Width  Slow    RAMD32/CLK          n/a            1.130         5.000       3.870                u_wb/defaultClockArea_cpu/ROBFIFOPlugin_robInfo/ram/rams_0/mem/xpm_memory_base_inst/gen_wr_a.gen_word_narrow.mem_reg_0_7_0_5/RAMC/CLK
High Pulse Width  Fast    RAMD32/CLK          n/a            1.130         5.000       3.870                u_wb/defaultClockArea_cpu/ROBFIFOPlugin_robInfo/ram/rams_0/mem/xpm_memory_base_inst/gen_wr_a.gen_word_narrow.mem_reg_0_7_0_5/RAMC/CLK
High Pulse Width  Slow    RAMD32/CLK          n/a            1.130         5.000       3.870                u_wb/defaultClockArea_cpu/ROBFIFOPlugin_robInfo/ram/rams_0/mem/xpm_memory_base_inst/gen_wr_a.gen_word_narrow.mem_reg_0_7_0_5/RAMC_D1/CLK
High Pulse Width  Fast    RAMD32/CLK          n/a            1.130         5.000       3.870                u_wb/defaultClockArea_cpu/ROBFIFOPlugin_robInfo/ram/rams_0/mem/xpm_memory_base_inst/gen_wr_a.gen_word_narrow.mem_reg_0_7_0_5/RAMC_D1/CLK
High Pulse Width  Slow    RAMS32/CLK          n/a            1.130         5.000       3.870                u_wb/defaultClockArea_cpu/ROBFIFOPlugin_robInfo/ram/rams_0/mem/xpm_memory_base_inst/gen_wr_a.gen_word_narrow.mem_reg_0_7_0_5/RAMD/CLK
High Pulse Width  Fast    RAMS32/CLK          n/a            1.130         5.000       3.870                u_wb/defaultClockArea_cpu/ROBFIFOPlugin_robInfo/ram/rams_0/mem/xpm_memory_base_inst/gen_wr_a.gen_word_narrow.mem_reg_0_7_0_5/RAMD/CLK
High Pulse Width  Slow    RAMS32/CLK          n/a            1.130         5.000       3.870                u_wb/defaultClockArea_cpu/ROBFIFOPlugin_robInfo/ram/rams_0/mem/xpm_memory_base_inst/gen_wr_a.gen_word_narrow.mem_reg_0_7_0_5/RAMD_D1/CLK
High Pulse Width  Fast    RAMS32/CLK          n/a            1.130         5.000       3.870                u_wb/defaultClockArea_cpu/ROBFIFOPlugin_robInfo/ram/rams_0/mem/xpm_memory_base_inst/gen_wr_a.gen_word_narrow.mem_reg_0_7_0_5/RAMD_D1/CLK
High Pulse Width  Slow    RAMD32/CLK          n/a            1.130         5.000       3.870                u_wb/defaultClockArea_cpu/ROBFIFOPlugin_robInfo/ram/rams_0/mem/xpm_memory_base_inst/gen_wr_a.gen_word_narrow.mem_reg_0_7_102_107/RAMA/CLK
High Pulse Width  Fast    RAMD32/CLK          n/a            1.130         5.000       3.870                u_wb/defaultClockArea_cpu/ROBFIFOPlugin_robInfo/ram/rams_0/mem/xpm_memory_base_inst/gen_wr_a.gen_word_narrow.mem_reg_0_7_102_107/RAMA/CLK
High Pulse Width  Slow    RAMD32/CLK          n/a            1.130         5.000       3.870                u_wb/defaultClockArea_cpu/ROBFIFOPlugin_robInfo/ram/rams_0/mem/xpm_memory_base_inst/gen_wr_a.gen_word_narrow.mem_reg_0_7_102_107/RAMA_D1/CLK
High Pulse Width  Fast    RAMD32/CLK          n/a            1.130         5.000       3.870                u_wb/defaultClockArea_cpu/ROBFIFOPlugin_robInfo/ram/rams_0/mem/xpm_memory_base_inst/gen_wr_a.gen_word_narrow.mem_reg_0_7_102_107/RAMA_D1/CLK



