Copyright 1986-2022 Xilinx, Inc. All Rights Reserved. Copyright 2022-2025 Advanced Micro Devices, Inc. All Rights Reserved.
----------------------------------------------------------------------------------------------------------------------------------------------------------
| Tool Version : Vivado v.2025.2 (win64) Build 6299465 Fri Nov 14 19:35:11 GMT 2025
| Date         : Thu Jul 30 09:50:59 2026
| Host         : MM的ThinkBook16p running 64-bit major release  (build 9200)
| Command      : report_timing_summary -delay_type max -max_paths 20 -file D:/NSCSCC2026/WeBattle-Core/reports/WB-N7/implementation/timing_synth_10ns.rpt
| Design       : core_top
| Device       : 7a200t-fbg676
| Speed File   : -2  PRODUCTION 1.23 2018-06-13
| Design State : Synthesized
----------------------------------------------------------------------------------------------------------------------------------------------------------

Timing Summary Report

------------------------------------------------------------------------------------------------
| Timer Settings
| --------------
------------------------------------------------------------------------------------------------

  Enable Multi Corner Analysis               :  Yes
  Enable Pessimism Removal                   :  Yes
  Pessimism Removal Resolution               :  Nearest Common Node
  Enable Input Delay Default Clock           :  No
  Enable Preset / Clear Arcs                 :  No
  Disable Flight Delays                      :  No
  Ignore I/O Paths                           :  No
  Timing Early Launch at Borrowing Latches   :  No
  Borrow Time for Max Delay Exceptions       :  Yes
  Merge Timing Exceptions                    :  Yes
  Inter-SLR Compensation                     :  Conservative

  Corner  Analyze    Analyze    
  Name    Max Paths  Min Paths  
  ------  ---------  ---------  
  Slow    Yes        Yes        
  Fast    Yes        Yes        


------------------------------------------------------------------------------------------------
| Report Methodology
| ------------------
------------------------------------------------------------------------------------------------

No report available as report_methodology has not been run prior. Run report_methodology on the current design for the summary of methodology violations.



check_timing report

Table of Contents
-----------------
1. checking no_clock (0)
2. checking constant_clock (0)
3. checking pulse_width_clock (0)
4. checking unconstrained_internal_endpoints (0)
5. checking no_input_delay (47)
6. checking no_output_delay (234)
7. checking multiple_clock (0)
8. checking generated_clocks (0)
9. checking loops (0)
10. checking partial_input_delay (0)
11. checking partial_output_delay (0)
12. checking latch_loops (0)

1. checking no_clock (0)
------------------------
 There are 0 register/latch pins with no clock.


2. checking constant_clock (0)
------------------------------
 There are 0 register/latch pins with constant_clock.


3. checking pulse_width_clock (0)
---------------------------------
 There are 0 register/latch pins which need pulse_width check


4. checking unconstrained_internal_endpoints (0)
------------------------------------------------
 There are 0 pins that are not constrained for maximum delay.

 There are 0 pins that are not constrained for maximum delay due to constant clock.


5. checking no_input_delay (47)
-------------------------------
 There are 47 input ports with no input delay specified. (HIGH)

 There are 0 input ports with no input delay but user has a false path constraint.


6. checking no_output_delay (234)
---------------------------------
 There are 234 ports with no output delay specified. (HIGH)

 There are 0 ports with no output delay but user has a false path constraint

 There are 0 ports with no output delay but with a timing clock defined on it or propagating through it


7. checking multiple_clock (0)
------------------------------
 There are 0 register/latch pins with multiple clocks.


8. checking generated_clocks (0)
--------------------------------
 There are 0 generated clocks that are not connected to a clock source.


9. checking loops (0)
---------------------
 There are 0 combinational loops in the design.


10. checking partial_input_delay (0)
------------------------------------
 There are 0 input ports with partial input delay specified.


11. checking partial_output_delay (0)
-------------------------------------
 There are 0 ports with partial output delay specified.


12. checking latch_loops (0)
----------------------------
 There are 0 combinational latch loops in the design through latch input



------------------------------------------------------------------------------------------------
| Design Timing Summary
| ---------------------
------------------------------------------------------------------------------------------------

    WNS(ns)      TNS(ns)  TNS Failing Endpoints  TNS Total Endpoints     WPWS(ns)     TPWS(ns)  TPWS Failing Endpoints  TPWS Total Endpoints  
    -------      -------  ---------------------  -------------------     --------     --------  ----------------------  --------------------  
      0.523        0.000                      0                35843        3.870        0.000                       0                 17762  


All user specified timing constraints are met.


------------------------------------------------------------------------------------------------
| Clock Summary
| -------------
------------------------------------------------------------------------------------------------

Clock  Waveform(ns)       Period(ns)      Frequency(MHz)
-----  ------------       ----------      --------------
aclk   {0.000 5.000}      10.000          100.000         


------------------------------------------------------------------------------------------------
| Intra Clock Table
| -----------------
------------------------------------------------------------------------------------------------

Clock             WNS(ns)      TNS(ns)  TNS Failing Endpoints  TNS Total Endpoints     WPWS(ns)     TPWS(ns)  TPWS Failing Endpoints  TPWS Total Endpoints  
-----             -------      -------  ---------------------  -------------------     --------     --------  ----------------------  --------------------  
aclk                0.523        0.000                      0                35843        3.870        0.000                       0                 17762  


------------------------------------------------------------------------------------------------
| Inter Clock Table
| -----------------
------------------------------------------------------------------------------------------------

From Clock    To Clock          WNS(ns)      TNS(ns)  TNS Failing Endpoints  TNS Total Endpoints  
----------    --------          -------      -------  ---------------------  -------------------  


------------------------------------------------------------------------------------------------
| Other Path Groups Table
| -----------------------
------------------------------------------------------------------------------------------------

Path Group    From Clock    To Clock          WNS(ns)      TNS(ns)  TNS Failing Endpoints  TNS Total Endpoints  
----------    ----------    --------          -------      -------  ---------------------  -------------------  


------------------------------------------------------------------------------------------------
| Timing Details
| --------------
------------------------------------------------------------------------------------------------


---------------------------------------------------------------------------------------------------
From Clock:  aclk
  To Clock:  aclk

Setup :            0  Failing Endpoints,  Worst Slack        0.523ns,  Total Violation        0.000ns
Hold  :           NA  Failing Endpoints,  Worst Slack           NA  ,  Total Violation           NA
PW    :            0  Failing Endpoints,  Worst Slack        3.870ns,  Total Violation        0.000ns
---------------------------------------------------------------------------------------------------


Max Delay Paths
--------------------------------------------------------------------------------------
Slack (MET) :             0.523ns  (required time - arrival time)
  Source:                 u_wb/defaultClockArea_cpu/ROBFIFOPlugin_robInfo/popPtr_reg[1]/C
                            (rising edge-triggered cell FDCE clocked by aclk  {rise@0.000ns fall@5.000ns period=10.000ns})
  Destination:            u_wb/defaultClockArea_cpu/RenamePlugin_freeList/io_pop_2_payload_reg[5]/D
                            (rising edge-triggered cell FDRE clocked by aclk  {rise@0.000ns fall@5.000ns period=10.000ns})
  Path Group:             aclk
  Path Type:              Setup (Max at Slow Process Corner)
  Requirement:            10.000ns  (aclk rise@10.000ns - aclk rise@0.000ns)
  Data Path Delay:        9.326ns  (logic 1.976ns (21.188%)  route 7.350ns (78.812%))
  Logic Levels:           14  (LUT4=1 LUT5=2 LUT6=11)
  Clock Path Skew:        -0.145ns (DCD - SCD + CPR)
    Destination Clock Delay (DCD):    1.881ns = ( 11.881 - 10.000 ) 
    Source Clock Delay      (SCD):    2.193ns
    Clock Pessimism Removal (CPR):    0.167ns
  Clock Uncertainty:      0.035ns  ((TSJ^2 + TIJ^2)^1/2 + DJ) / 2 + PE
    Total System Jitter     (TSJ):    0.071ns
    Total Input Jitter      (TIJ):    0.000ns
    Discrete Jitter          (DJ):    0.000ns
    Phase Error              (PE):    0.000ns

    Location             Delay type                Incr(ns)  Path(ns)    Netlist Resource(s)
  -------------------------------------------------------------------    -------------------
                         (clock aclk rise edge)       0.000     0.000 r  
                                                      0.000     0.000 r  aclk (IN)
                         net (fo=0)                   0.000     0.000    aclk
                         IBUF (Prop_ibuf_I_O)         0.882     0.882 r  aclk_IBUF_inst/O
                         net (fo=1, unplaced)         0.646     1.528    aclk_IBUF
                         BUFG (Prop_bufg_I_O)         0.081     1.609 r  aclk_IBUF_BUFG_inst/O
                         net (fo=17764, unplaced)     0.584     2.193    u_wb/defaultClockArea_cpu/ROBFIFOPlugin_robInfo/aclk_IBUF_BUFG
                         FDCE                                         r  u_wb/defaultClockArea_cpu/ROBFIFOPlugin_robInfo/popPtr_reg[1]/C
  -------------------------------------------------------------------    -------------------
                         FDCE (Prop_fdce_C_Q)         0.379     2.572 r  u_wb/defaultClockArea_cpu/ROBFIFOPlugin_robInfo/popPtr_reg[1]/Q
                         net (fo=57, unplaced)        0.865     3.437    u_wb/defaultClockArea_cpu/ROBFIFOPlugin_robInfo/ram/rams_1/CommitPlugin_regFlush_i_9[1]
                         LUT6 (Prop_lut6_I0_O)        0.232     3.669 f  u_wb/defaultClockArea_cpu/ROBFIFOPlugin_robInfo/ram/rams_1/CommitPlugin_regFlush_i_15/O
                         net (fo=3, unplaced)         0.365     4.034    u_wb/defaultClockArea_cpu/ROBFIFOPlugin_robInfo/ram/rams_1/popPtr_reg[1]
                         LUT5 (Prop_lut5_I4_O)        0.105     4.139 f  u_wb/defaultClockArea_cpu/ROBFIFOPlugin_robInfo/ram/rams_1/ROBFIFOPlugin_fifoIO_pop_0_payload_state_except_payload_subcode[7]_i_18/O
                         net (fo=1, unplaced)         0.347     4.486    u_wb/defaultClockArea_cpu/ROBFIFOPlugin_robInfo/ram/rams_1/isEmpty0
                         LUT6 (Prop_lut6_I4_O)        0.105     4.591 f  u_wb/defaultClockArea_cpu/ROBFIFOPlugin_robInfo/ram/rams_1/ROBFIFOPlugin_fifoIO_pop_0_payload_state_except_payload_subcode[7]_i_15/O
                         net (fo=3, unplaced)         0.365     4.956    u_wb/defaultClockArea_cpu/ROBFIFOPlugin_robInfo/ram_n_1860
                         LUT5 (Prop_lut5_I4_O)        0.105     5.061 f  u_wb/defaultClockArea_cpu/ROBFIFOPlugin_robInfo/ROBFIFOPlugin_fifoIO_pop_0_payload_state_except_payload_subcode[7]_i_12/O
                         net (fo=3, unplaced)         0.600     5.661    u_wb/defaultClockArea_cpu/ROBFIFOPlugin_robInfo/popPtr_reg[0]_0
                         LUT6 (Prop_lut6_I0_O)        0.105     5.766 r  u_wb/defaultClockArea_cpu/ROBFIFOPlugin_robInfo/ID_to_RENAME_DECODE_PACKET_2_payload_isBranch_i_11/O
                         net (fo=1, unplaced)         0.347     6.113    u_wb/defaultClockArea_cpu/RenamePlugin_freeList/ID_to_RENAME_DECODE_PACKET_2_payload_isBranch_i_4_0
                         LUT6 (Prop_lut6_I5_O)        0.105     6.218 r  u_wb/defaultClockArea_cpu/RenamePlugin_freeList/ID_to_RENAME_DECODE_PACKET_2_payload_isBranch_i_10/O
                         net (fo=1, unplaced)         0.347     6.565    u_wb/defaultClockArea_cpu/RenamePlugin_freeList/ID_to_RENAME_DECODE_PACKET_2_payload_isBranch_i_10_n_0
                         LUT6 (Prop_lut6_I5_O)        0.105     6.670 r  u_wb/defaultClockArea_cpu/RenamePlugin_freeList/ID_to_RENAME_DECODE_PACKET_2_payload_isBranch_i_4/O
                         net (fo=1, unplaced)         0.347     7.017    u_wb/defaultClockArea_cpu/RenamePlugin_freeList/ID_to_RENAME_DECODE_PACKET_2_payload_isBranch_i_4_n_0
                         LUT6 (Prop_lut6_I2_O)        0.105     7.122 f  u_wb/defaultClockArea_cpu/RenamePlugin_freeList/ID_to_RENAME_DECODE_PACKET_2_payload_isBranch_i_1/O
                         net (fo=515, unplaced)       0.487     7.609    u_wb/defaultClockArea_cpu/RenamePlugin_freeList/E[0]
                         LUT6 (Prop_lut6_I1_O)        0.105     7.714 r  u_wb/defaultClockArea_cpu/RenamePlugin_freeList/popPtr[1]_i_4/O
                         net (fo=15, unplaced)        0.635     8.349    u_wb/defaultClockArea_cpu/RenamePlugin_freeList/popPtr[1]_i_4_n_0
                         LUT6 (Prop_lut6_I2_O)        0.105     8.454 f  u_wb/defaultClockArea_cpu/RenamePlugin_freeList/popPtr[0]_i_1/O
                         net (fo=81, unplaced)        0.441     8.895    u_wb/defaultClockArea_cpu/RenamePlugin_freeList/_zz_io_pop_0_payload_2[0]
                         LUT4 (Prop_lut4_I2_O)        0.105     9.000 f  u_wb/defaultClockArea_cpu/RenamePlugin_freeList/io_pop_2_payload[5]_i_24/O
                         net (fo=1, unplaced)         0.938     9.938    u_wb/defaultClockArea_cpu/RenamePlugin_freeList/io_pop_2_payload[5]_i_24_n_0
                         LUT6 (Prop_lut6_I0_O)        0.105    10.043 f  u_wb/defaultClockArea_cpu/RenamePlugin_freeList/io_pop_2_payload[5]_i_16/O
                         net (fo=1, unplaced)         0.938    10.981    u_wb/defaultClockArea_cpu/RenamePlugin_freeList/io_pop_2_payload[5]_i_16_n_0
                         LUT6 (Prop_lut6_I0_O)        0.105    11.086 f  u_wb/defaultClockArea_cpu/RenamePlugin_freeList/io_pop_2_payload[5]_i_5/O
                         net (fo=1, unplaced)         0.328    11.414    u_wb/defaultClockArea_cpu/RenamePlugin_freeList/io_pop_2_payload[5]_i_5_n_0
                         LUT6 (Prop_lut6_I4_O)        0.105    11.519 r  u_wb/defaultClockArea_cpu/RenamePlugin_freeList/io_pop_2_payload[5]_i_1/O
                         net (fo=1, unplaced)         0.000    11.519    u_wb/defaultClockArea_cpu/RenamePlugin_freeList/io_pop_2_payload[5]_i_1_n_0
                         FDRE                                         r  u_wb/defaultClockArea_cpu/RenamePlugin_freeList/io_pop_2_payload_reg[5]/D
  -------------------------------------------------------------------    -------------------

                         (clock aclk rise edge)      10.000    10.000 r  
                                                      0.000    10.000 r  aclk (IN)
                         net (fo=0)                   0.000    10.000    aclk
                         IBUF (Prop_ibuf_I_O)         0.751    10.751 r  aclk_IBUF_inst/O
                         net (fo=1, unplaced)         0.613    11.365    aclk_IBUF
                         BUFG (Prop_bufg_I_O)         0.077    11.442 r  aclk_IBUF_BUFG_inst/O
                         net (fo=17764, unplaced)     0.439    11.881    u_wb/defaultClockArea_cpu/RenamePlugin_freeList/aclk_IBUF_BUFG
                         FDRE                                         r  u_wb/defaultClockArea_cpu/RenamePlugin_freeList/io_pop_2_payload_reg[5]/C
                         clock pessimism              0.167    12.048    
                         clock uncertainty           -0.035    12.012    
                         FDRE (Setup_fdre_C_D)        0.029    12.041    u_wb/defaultClockArea_cpu/RenamePlugin_freeList/io_pop_2_payload_reg[5]
  -------------------------------------------------------------------
                         required time                         12.041    
                         arrival time                         -11.519    
  -------------------------------------------------------------------
                         slack                                  0.523    

Slack (MET) :             0.576ns  (required time - arrival time)
  Source:                 u_wb/defaultClockArea_cpu/ExceptionHandlerPlugin_ESTAT_IS_2_reg[1]/C
                            (rising edge-triggered cell FDCE clocked by aclk  {rise@0.000ns fall@5.000ns period=10.000ns})
  Destination:            u_wb/defaultClockArea_cpu/GlobalPredictorBTBPlugin_predictor/tournamentPht/rams_0/mem/xpm_memory_base_inst/gen_wr_a.gen_word_narrow.mem_reg/ADDRBWRADDR[10]
                            (rising edge-triggered cell RAMB18E1 clocked by aclk  {rise@0.000ns fall@5.000ns period=10.000ns})
  Path Group:             aclk
  Path Type:              Setup (Max at Slow Process Corner)
  Requirement:            10.000ns  (aclk rise@10.000ns - aclk rise@0.000ns)
  Data Path Delay:        8.754ns  (logic 1.976ns (22.574%)  route 6.778ns (77.426%))
  Logic Levels:           14  (LUT2=1 LUT3=3 LUT4=2 LUT5=2 LUT6=6)
  Clock Path Skew:        -0.145ns (DCD - SCD + CPR)
    Destination Clock Delay (DCD):    1.881ns = ( 11.881 - 10.000 ) 
    Source Clock Delay      (SCD):    2.193ns
    Clock Pessimism Removal (CPR):    0.167ns
  Clock Uncertainty:      0.035ns  ((TSJ^2 + TIJ^2)^1/2 + DJ) / 2 + PE
    Total System Jitter     (TSJ):    0.071ns
    Total Input Jitter      (TIJ):    0.000ns
    Discrete Jitter          (DJ):    0.000ns
    Phase Error              (PE):    0.000ns

    Location             Delay type                Incr(ns)  Path(ns)    Netlist Resource(s)
  -------------------------------------------------------------------    -------------------
                         (clock aclk rise edge)       0.000     0.000 r  
                                                      0.000     0.000 r  aclk (IN)
                         net (fo=0)                   0.000     0.000    aclk
                         IBUF (Prop_ibuf_I_O)         0.882     0.882 r  aclk_IBUF_inst/O
                         net (fo=1, unplaced)         0.646     1.528    aclk_IBUF
                         BUFG (Prop_bufg_I_O)         0.081     1.609 r  aclk_IBUF_BUFG_inst/O
                         net (fo=17764, unplaced)     0.584     2.193    u_wb/defaultClockArea_cpu/aclk_IBUF_BUFG
                         FDCE                                         r  u_wb/defaultClockArea_cpu/ExceptionHandlerPlugin_ESTAT_IS_2_reg[1]/C
  -------------------------------------------------------------------    -------------------
                         FDCE (Prop_fdce_C_Q)         0.379     2.572 r  u_wb/defaultClockArea_cpu/ExceptionHandlerPlugin_ESTAT_IS_2_reg[1]/Q
                         net (fo=3, unplaced)         0.617     3.189    u_wb/defaultClockArea_cpu/GlobalPredictorBTBPlugin_predictor/tournamentPht/rams_1/ProgramCounterPlugin_backendJumpInterface_rData[31]_i_2_3[1]
                         LUT4 (Prop_lut4_I1_O)        0.232     3.421 r  u_wb/defaultClockArea_cpu/GlobalPredictorBTBPlugin_predictor/tournamentPht/rams_1/ProgramCounterPlugin_backendJumpInterface_rData[31]_i_11/O
                         net (fo=1, unplaced)         0.347     3.768    u_wb/defaultClockArea_cpu/GlobalPredictorBTBPlugin_predictor/tournamentPht/rams_1/ProgramCounterPlugin_backendJumpInterface_rData[31]_i_11_n_0
                         LUT5 (Prop_lut5_I4_O)        0.105     3.873 r  u_wb/defaultClockArea_cpu/GlobalPredictorBTBPlugin_predictor/tournamentPht/rams_1/ProgramCounterPlugin_backendJumpInterface_rData[31]_i_5/O
                         net (fo=1, unplaced)         0.347     4.220    u_wb/defaultClockArea_cpu/GlobalPredictorBTBPlugin_predictor/tournamentPht/rams_1/ProgramCounterPlugin_backendJumpInterface_rData[31]_i_5_n_0
                         LUT5 (Prop_lut5_I1_O)        0.105     4.325 r  u_wb/defaultClockArea_cpu/GlobalPredictorBTBPlugin_predictor/tournamentPht/rams_1/ProgramCounterPlugin_backendJumpInterface_rData[31]_i_2/O
                         net (fo=49, unplaced)        0.429     4.754    u_wb/defaultClockArea_cpu/ROBFIFOPlugin_robInfo/ram/rams_0/p_8621_in
                         LUT3 (Prop_lut3_I2_O)        0.105     4.859 r  u_wb/defaultClockArea_cpu/ROBFIFOPlugin_robInfo/ram/rams_0/CommitPlugin_regFlush_i_4/O
                         net (fo=6, unplaced)         0.379     5.238    u_wb/defaultClockArea_cpu/ROBFIFOPlugin_robInfo/ram/rams_1/CommitPlugin_regFlush_reg_rep__0
                         LUT6 (Prop_lut6_I2_O)        0.105     5.343 f  u_wb/defaultClockArea_cpu/ROBFIFOPlugin_robInfo/ram/rams_1/CommitPlugin_regFlush_i_2/O
                         net (fo=3, unplaced)         0.365     5.708    u_wb/defaultClockArea_cpu/ROBFIFOPlugin_robInfo/ram/rams_1_n_71
                         LUT6 (Prop_lut6_I5_O)        0.105     5.813 f  u_wb/defaultClockArea_cpu/ROBFIFOPlugin_robInfo/ram/mem_i_27__11/O
                         net (fo=28, unplaced)        0.415     6.228    u_wb/defaultClockArea_cpu/ROBFIFOPlugin_robInfo/ram/mem_i_27__11_n_0
                         LUT4 (Prop_lut4_I3_O)        0.105     6.333 f  u_wb/defaultClockArea_cpu/ROBFIFOPlugin_robInfo/ram/ExceptionHandlerPlugin_LLBCTL_LLBIT_i_2/O
                         net (fo=139, unplaced)       0.455     6.788    u_wb/defaultClockArea_cpu/ROBFIFOPlugin_robInfo/ram/ExceptionHandlerPlugin_LLBCTL_LLBIT_i_2_n_0
                         LUT2 (Prop_lut2_I1_O)        0.105     6.893 r  u_wb/defaultClockArea_cpu/ROBFIFOPlugin_robInfo/ram/ProgramCounterPlugin_backendJumpInterface_rData[5]_i_3/O
                         net (fo=40, unplaced)        0.659     7.552    u_wb/defaultClockArea_cpu/ROBFIFOPlugin_robInfo/ram/ProgramCounterPlugin_backendJumpInterface_rData[5]_i_3_n_0
                         LUT6 (Prop_lut6_I1_O)        0.105     7.657 f  u_wb/defaultClockArea_cpu/ROBFIFOPlugin_robInfo/ram/ProgramCounterPlugin_backendJumpInterface_rData[6]_i_2/O
                         net (fo=1, unplaced)         0.347     8.004    u_wb/defaultClockArea_cpu/ROBFIFOPlugin_robInfo/ram/ProgramCounterPlugin_backendJumpInterface_rData[6]_i_2_n_0
                         LUT6 (Prop_lut6_I5_O)        0.105     8.109 f  u_wb/defaultClockArea_cpu/ROBFIFOPlugin_robInfo/ram/ProgramCounterPlugin_backendJumpInterface_rData[6]_i_1/O
                         net (fo=2, unplaced)         0.358     8.467    u_wb/defaultClockArea_cpu/ROBFIFOPlugin_robInfo/ram/ROBFIFOPlugin_fifoIO_pop_0_payload_state_except_payload_isTLBRefill_reg[6]
                         LUT3 (Prop_lut3_I2_O)        0.105     8.572 f  u_wb/defaultClockArea_cpu/ROBFIFOPlugin_robInfo/ram/mem_i_33__11/O
                         net (fo=4, unplaced)         0.371     8.943    u_wb/defaultClockArea_cpu/ROBFIFOPlugin_robInfo/ram/mem_i_33__11_n_0
                         LUT6 (Prop_lut6_I0_O)        0.105     9.048 f  u_wb/defaultClockArea_cpu/ROBFIFOPlugin_robInfo/ram/mem_i_12__18/O
                         net (fo=26, unplaced)        0.648     9.696    u_wb/defaultClockArea_cpu/ROBFIFOPlugin_robInfo/ram/ProgramCounterPlugin_backendJumpInterface_rValid_reg_inv_2
                         LUT6 (Prop_lut6_I1_O)        0.105     9.801 r  u_wb/defaultClockArea_cpu/ROBFIFOPlugin_robInfo/ram/mem_i_33__7/O
                         net (fo=12, unplaced)        0.395    10.196    u_wb/defaultClockArea_cpu/ROBFIFOPlugin_robInfo/ram/mem_i_33__7_n_0
                         LUT3 (Prop_lut3_I1_O)        0.105    10.301 r  u_wb/defaultClockArea_cpu/ROBFIFOPlugin_robInfo/ram/mem_i_18__8/O
                         net (fo=1, unplaced)         0.646    10.946    u_wb/defaultClockArea_cpu/GlobalPredictorBTBPlugin_predictor/tournamentPht/rams_0/mem/xpm_memory_base_inst/addrb[6]
                         RAMB18E1                                     r  u_wb/defaultClockArea_cpu/GlobalPredictorBTBPlugin_predictor/tournamentPht/rams_0/mem/xpm_memory_base_inst/gen_wr_a.gen_word_narrow.mem_reg/ADDRBWRADDR[10]
  -------------------------------------------------------------------    -------------------

                         (clock aclk rise edge)      10.000    10.000 r  
                                                      0.000    10.000 r  aclk (IN)
                         net (fo=0)                   0.000    10.000    aclk
                         IBUF (Prop_ibuf_I_O)         0.751    10.751 r  aclk_IBUF_inst/O
                         net (fo=1, unplaced)         0.613    11.365    aclk_IBUF
                         BUFG (Prop_bufg_I_O)         0.077    11.442 r  aclk_IBUF_BUFG_inst/O
                         net (fo=17764, unplaced)     0.439    11.881    u_wb/defaultClockArea_cpu/GlobalPredictorBTBPlugin_predictor/tournamentPht/rams_0/mem/xpm_memory_base_inst/clka
                         RAMB18E1                                     r  u_wb/defaultClockArea_cpu/GlobalPredictorBTBPlugin_predictor/tournamentPht/rams_0/mem/xpm_memory_base_inst/gen_wr_a.gen_word_narrow.mem_reg/CLKBWRCLK
                         clock pessimism              0.167    12.048    
                         clock uncertainty           -0.035    12.012    
                         RAMB18E1 (Setup_ramb18e1_CLKBWRCLK_ADDRBWRADDR[10])
                                                     -0.490    11.522    u_wb/defaultClockArea_cpu/GlobalPredictorBTBPlugin_predictor/tournamentPht/rams_0/mem/xpm_memory_base_inst/gen_wr_a.gen_word_narrow.mem_reg
  -------------------------------------------------------------------
                         required time                         11.522    
                         arrival time                         -10.946    
  -------------------------------------------------------------------
                         slack                                  0.576    

Slack (MET) :             0.576ns  (required time - arrival time)
  Source:                 u_wb/defaultClockArea_cpu/ExceptionHandlerPlugin_ESTAT_IS_2_reg[1]/C
                            (rising edge-triggered cell FDCE clocked by aclk  {rise@0.000ns fall@5.000ns period=10.000ns})
  Destination:            u_wb/defaultClockArea_cpu/GlobalPredictorBTBPlugin_predictor/tournamentPht/rams_0/mem/xpm_memory_base_inst/gen_wr_a.gen_word_narrow.mem_reg/ADDRBWRADDR[11]
                            (rising edge-triggered cell RAMB18E1 clocked by aclk  {rise@0.000ns fall@5.000ns period=10.000ns})
  Path Group:             aclk
  Path Type:              Setup (Max at Slow Process Corner)
  Requirement:            10.000ns  (aclk rise@10.000ns - aclk rise@0.000ns)
  Data Path Delay:        8.754ns  (logic 1.976ns (22.574%)  route 6.778ns (77.426%))
  Logic Levels:           14  (LUT2=1 LUT3=2 LUT4=3 LUT5=2 LUT6=6)
  Clock Path Skew:        -0.145ns (DCD - SCD + CPR)
    Destination Clock Delay (DCD):    1.881ns = ( 11.881 - 10.000 ) 
    Source Clock Delay      (SCD):    2.193ns
    Clock Pessimism Removal (CPR):    0.167ns
  Clock Uncertainty:      0.035ns  ((TSJ^2 + TIJ^2)^1/2 + DJ) / 2 + PE
    Total System Jitter     (TSJ):    0.071ns
    Total Input Jitter      (TIJ):    0.000ns
    Discrete Jitter          (DJ):    0.000ns
    Phase Error              (PE):    0.000ns

    Location             Delay type                Incr(ns)  Path(ns)    Netlist Resource(s)
  -------------------------------------------------------------------    -------------------
                         (clock aclk rise edge)       0.000     0.000 r  
                                                      0.000     0.000 r  aclk (IN)
                         net (fo=0)                   0.000     0.000    aclk
                         IBUF (Prop_ibuf_I_O)         0.882     0.882 r  aclk_IBUF_inst/O
                         net (fo=1, unplaced)         0.646     1.528    aclk_IBUF
                         BUFG (Prop_bufg_I_O)         0.081     1.609 r  aclk_IBUF_BUFG_inst/O
                         net (fo=17764, unplaced)     0.584     2.193    u_wb/defaultClockArea_cpu/aclk_IBUF_BUFG
                         FDCE                                         r  u_wb/defaultClockArea_cpu/ExceptionHandlerPlugin_ESTAT_IS_2_reg[1]/C
  -------------------------------------------------------------------    -------------------
                         FDCE (Prop_fdce_C_Q)         0.379     2.572 r  u_wb/defaultClockArea_cpu/ExceptionHandlerPlugin_ESTAT_IS_2_reg[1]/Q
                         net (fo=3, unplaced)         0.617     3.189    u_wb/defaultClockArea_cpu/GlobalPredictorBTBPlugin_predictor/tournamentPht/rams_1/ProgramCounterPlugin_backendJumpInterface_rData[31]_i_2_3[1]
                         LUT4 (Prop_lut4_I1_O)        0.232     3.421 r  u_wb/defaultClockArea_cpu/GlobalPredictorBTBPlugin_predictor/tournamentPht/rams_1/ProgramCounterPlugin_backendJumpInterface_rData[31]_i_11/O
                         net (fo=1, unplaced)         0.347     3.768    u_wb/defaultClockArea_cpu/GlobalPredictorBTBPlugin_predictor/tournamentPht/rams_1/ProgramCounterPlugin_backendJumpInterface_rData[31]_i_11_n_0
                         LUT5 (Prop_lut5_I4_O)        0.105     3.873 r  u_wb/defaultClockArea_cpu/GlobalPredictorBTBPlugin_predictor/tournamentPht/rams_1/ProgramCounterPlugin_backendJumpInterface_rData[31]_i_5/O
                         net (fo=1, unplaced)         0.347     4.220    u_wb/defaultClockArea_cpu/GlobalPredictorBTBPlugin_predictor/tournamentPht/rams_1/ProgramCounterPlugin_backendJumpInterface_rData[31]_i_5_n_0
                         LUT5 (Prop_lut5_I1_O)        0.105     4.325 r  u_wb/defaultClockArea_cpu/GlobalPredictorBTBPlugin_predictor/tournamentPht/rams_1/ProgramCounterPlugin_backendJumpInterface_rData[31]_i_2/O
                         net (fo=49, unplaced)        0.429     4.754    u_wb/defaultClockArea_cpu/ROBFIFOPlugin_robInfo/ram/rams_0/p_8621_in
                         LUT3 (Prop_lut3_I2_O)        0.105     4.859 r  u_wb/defaultClockArea_cpu/ROBFIFOPlugin_robInfo/ram/rams_0/CommitPlugin_regFlush_i_4/O
                         net (fo=6, unplaced)         0.379     5.238    u_wb/defaultClockArea_cpu/ROBFIFOPlugin_robInfo/ram/rams_1/CommitPlugin_regFlush_reg_rep__0
                         LUT6 (Prop_lut6_I2_O)        0.105     5.343 f  u_wb/defaultClockArea_cpu/ROBFIFOPlugin_robInfo/ram/rams_1/CommitPlugin_regFlush_i_2/O
                         net (fo=3, unplaced)         0.365     5.708    u_wb/defaultClockArea_cpu/ROBFIFOPlugin_robInfo/ram/rams_1_n_71
                         LUT6 (Prop_lut6_I5_O)        0.105     5.813 f  u_wb/defaultClockArea_cpu/ROBFIFOPlugin_robInfo/ram/mem_i_27__11/O
                         net (fo=28, unplaced)        0.415     6.228    u_wb/defaultClockArea_cpu/ROBFIFOPlugin_robInfo/ram/mem_i_27__11_n_0
                         LUT4 (Prop_lut4_I3_O)        0.105     6.333 f  u_wb/defaultClockArea_cpu/ROBFIFOPlugin_robInfo/ram/ExceptionHandlerPlugin_LLBCTL_LLBIT_i_2/O
                         net (fo=139, unplaced)       0.455     6.788    u_wb/defaultClockArea_cpu/ROBFIFOPlugin_robInfo/ram/ExceptionHandlerPlugin_LLBCTL_LLBIT_i_2_n_0
                         LUT2 (Prop_lut2_I1_O)        0.105     6.893 r  u_wb/defaultClockArea_cpu/ROBFIFOPlugin_robInfo/ram/ProgramCounterPlugin_backendJumpInterface_rData[5]_i_3/O
                         net (fo=40, unplaced)        0.659     7.552    u_wb/defaultClockArea_cpu/ROBFIFOPlugin_robInfo/ram/ProgramCounterPlugin_backendJumpInterface_rData[5]_i_3_n_0
                         LUT6 (Prop_lut6_I1_O)        0.105     7.657 f  u_wb/defaultClockArea_cpu/ROBFIFOPlugin_robInfo/ram/ProgramCounterPlugin_backendJumpInterface_rData[6]_i_2/O
                         net (fo=1, unplaced)         0.347     8.004    u_wb/defaultClockArea_cpu/ROBFIFOPlugin_robInfo/ram/ProgramCounterPlugin_backendJumpInterface_rData[6]_i_2_n_0
                         LUT6 (Prop_lut6_I5_O)        0.105     8.109 f  u_wb/defaultClockArea_cpu/ROBFIFOPlugin_robInfo/ram/ProgramCounterPlugin_backendJumpInterface_rData[6]_i_1/O
                         net (fo=2, unplaced)         0.358     8.467    u_wb/defaultClockArea_cpu/ROBFIFOPlugin_robInfo/ram/ROBFIFOPlugin_fifoIO_pop_0_payload_state_except_payload_isTLBRefill_reg[6]
                         LUT3 (Prop_lut3_I2_O)        0.105     8.572 f  u_wb/defaultClockArea_cpu/ROBFIFOPlugin_robInfo/ram/mem_i_33__11/O
                         net (fo=4, unplaced)         0.371     8.943    u_wb/defaultClockArea_cpu/ROBFIFOPlugin_robInfo/ram/mem_i_33__11_n_0
                         LUT6 (Prop_lut6_I0_O)        0.105     9.048 f  u_wb/defaultClockArea_cpu/ROBFIFOPlugin_robInfo/ram/mem_i_12__18/O
                         net (fo=26, unplaced)        0.648     9.696    u_wb/defaultClockArea_cpu/ROBFIFOPlugin_robInfo/ram/ProgramCounterPlugin_backendJumpInterface_rValid_reg_inv_2
                         LUT6 (Prop_lut6_I1_O)        0.105     9.801 r  u_wb/defaultClockArea_cpu/ROBFIFOPlugin_robInfo/ram/mem_i_33__7/O
                         net (fo=12, unplaced)        0.395    10.196    u_wb/defaultClockArea_cpu/ROBFIFOPlugin_robInfo/ram/mem_i_33__7_n_0
                         LUT4 (Prop_lut4_I1_O)        0.105    10.301 r  u_wb/defaultClockArea_cpu/ROBFIFOPlugin_robInfo/ram/mem_i_17__10/O
                         net (fo=1, unplaced)         0.646    10.946    u_wb/defaultClockArea_cpu/GlobalPredictorBTBPlugin_predictor/tournamentPht/rams_0/mem/xpm_memory_base_inst/addrb[7]
                         RAMB18E1                                     r  u_wb/defaultClockArea_cpu/GlobalPredictorBTBPlugin_predictor/tournamentPht/rams_0/mem/xpm_memory_base_inst/gen_wr_a.gen_word_narrow.mem_reg/ADDRBWRADDR[11]
  -------------------------------------------------------------------    -------------------

                         (clock aclk rise edge)      10.000    10.000 r  
                                                      0.000    10.000 r  aclk (IN)
                         net (fo=0)                   0.000    10.000    aclk
                         IBUF (Prop_ibuf_I_O)         0.751    10.751 r  aclk_IBUF_inst/O
                         net (fo=1, unplaced)         0.613    11.365    aclk_IBUF
                         BUFG (Prop_bufg_I_O)         0.077    11.442 r  aclk_IBUF_BUFG_inst/O
                         net (fo=17764, unplaced)     0.439    11.881    u_wb/defaultClockArea_cpu/GlobalPredictorBTBPlugin_predictor/tournamentPht/rams_0/mem/xpm_memory_base_inst/clka
                         RAMB18E1                                     r  u_wb/defaultClockArea_cpu/GlobalPredictorBTBPlugin_predictor/tournamentPht/rams_0/mem/xpm_memory_base_inst/gen_wr_a.gen_word_narrow.mem_reg/CLKBWRCLK
                         clock pessimism              0.167    12.048    
                         clock uncertainty           -0.035    12.012    
                         RAMB18E1 (Setup_ramb18e1_CLKBWRCLK_ADDRBWRADDR[11])
                                                     -0.490    11.522    u_wb/defaultClockArea_cpu/GlobalPredictorBTBPlugin_predictor/tournamentPht/rams_0/mem/xpm_memory_base_inst/gen_wr_a.gen_word_narrow.mem_reg
  -------------------------------------------------------------------
                         required time                         11.522    
                         arrival time                         -10.946    
  -------------------------------------------------------------------
                         slack                                  0.576    

Slack (MET) :             0.576ns  (required time - arrival time)
  Source:                 u_wb/defaultClockArea_cpu/ExceptionHandlerPlugin_ESTAT_IS_2_reg[1]/C
                            (rising edge-triggered cell FDCE clocked by aclk  {rise@0.000ns fall@5.000ns period=10.000ns})
  Destination:            u_wb/defaultClockArea_cpu/GlobalPredictorBTBPlugin_predictor/tournamentPht/rams_0/mem/xpm_memory_base_inst/gen_wr_a.gen_word_narrow.mem_reg/ADDRBWRADDR[12]
                            (rising edge-triggered cell RAMB18E1 clocked by aclk  {rise@0.000ns fall@5.000ns period=10.000ns})
  Path Group:             aclk
  Path Type:              Setup (Max at Slow Process Corner)
  Requirement:            10.000ns  (aclk rise@10.000ns - aclk rise@0.000ns)
  Data Path Delay:        8.754ns  (logic 1.976ns (22.574%)  route 6.778ns (77.426%))
  Logic Levels:           14  (LUT2=1 LUT3=2 LUT4=2 LUT5=3 LUT6=6)
  Clock Path Skew:        -0.145ns (DCD - SCD + CPR)
    Destination Clock Delay (DCD):    1.881ns = ( 11.881 - 10.000 ) 
    Source Clock Delay      (SCD):    2.193ns
    Clock Pessimism Removal (CPR):    0.167ns
  Clock Uncertainty:      0.035ns  ((TSJ^2 + TIJ^2)^1/2 + DJ) / 2 + PE
    Total System Jitter     (TSJ):    0.071ns
    Total Input Jitter      (TIJ):    0.000ns
    Discrete Jitter          (DJ):    0.000ns
    Phase Error              (PE):    0.000ns

    Location             Delay type                Incr(ns)  Path(ns)    Netlist Resource(s)
  -------------------------------------------------------------------    -------------------
                         (clock aclk rise edge)       0.000     0.000 r  
                                                      0.000     0.000 r  aclk (IN)
                         net (fo=0)                   0.000     0.000    aclk
                         IBUF (Prop_ibuf_I_O)         0.882     0.882 r  aclk_IBUF_inst/O
                         net (fo=1, unplaced)         0.646     1.528    aclk_IBUF
                         BUFG (Prop_bufg_I_O)         0.081     1.609 r  aclk_IBUF_BUFG_inst/O
                         net (fo=17764, unplaced)     0.584     2.193    u_wb/defaultClockArea_cpu/aclk_IBUF_BUFG
                         FDCE                                         r  u_wb/defaultClockArea_cpu/ExceptionHandlerPlugin_ESTAT_IS_2_reg[1]/C
  -------------------------------------------------------------------    -------------------
                         FDCE (Prop_fdce_C_Q)         0.379     2.572 r  u_wb/defaultClockArea_cpu/ExceptionHandlerPlugin_ESTAT_IS_2_reg[1]/Q
                         net (fo=3, unplaced)         0.617     3.189    u_wb/defaultClockArea_cpu/GlobalPredictorBTBPlugin_predictor/tournamentPht/rams_1/ProgramCounterPlugin_backendJumpInterface_rData[31]_i_2_3[1]
                         LUT4 (Prop_lut4_I1_O)        0.232     3.421 r  u_wb/defaultClockArea_cpu/GlobalPredictorBTBPlugin_predictor/tournamentPht/rams_1/ProgramCounterPlugin_backendJumpInterface_rData[31]_i_11/O
                         net (fo=1, unplaced)         0.347     3.768    u_wb/defaultClockArea_cpu/GlobalPredictorBTBPlugin_predictor/tournamentPht/rams_1/ProgramCounterPlugin_backendJumpInterface_rData[31]_i_11_n_0
                         LUT5 (Prop_lut5_I4_O)        0.105     3.873 r  u_wb/defaultClockArea_cpu/GlobalPredictorBTBPlugin_predictor/tournamentPht/rams_1/ProgramCounterPlugin_backendJumpInterface_rData[31]_i_5/O
                         net (fo=1, unplaced)         0.347     4.220    u_wb/defaultClockArea_cpu/GlobalPredictorBTBPlugin_predictor/tournamentPht/rams_1/ProgramCounterPlugin_backendJumpInterface_rData[31]_i_5_n_0
                         LUT5 (Prop_lut5_I1_O)        0.105     4.325 r  u_wb/defaultClockArea_cpu/GlobalPredictorBTBPlugin_predictor/tournamentPht/rams_1/ProgramCounterPlugin_backendJumpInterface_rData[31]_i_2/O
                         net (fo=49, unplaced)        0.429     4.754    u_wb/defaultClockArea_cpu/ROBFIFOPlugin_robInfo/ram/rams_0/p_8621_in
                         LUT3 (Prop_lut3_I2_O)        0.105     4.859 r  u_wb/defaultClockArea_cpu/ROBFIFOPlugin_robInfo/ram/rams_0/CommitPlugin_regFlush_i_4/O
                         net (fo=6, unplaced)         0.379     5.238    u_wb/defaultClockArea_cpu/ROBFIFOPlugin_robInfo/ram/rams_1/CommitPlugin_regFlush_reg_rep__0
                         LUT6 (Prop_lut6_I2_O)        0.105     5.343 f  u_wb/defaultClockArea_cpu/ROBFIFOPlugin_robInfo/ram/rams_1/CommitPlugin_regFlush_i_2/O
                         net (fo=3, unplaced)         0.365     5.708    u_wb/defaultClockArea_cpu/ROBFIFOPlugin_robInfo/ram/rams_1_n_71
                         LUT6 (Prop_lut6_I5_O)        0.105     5.813 f  u_wb/defaultClockArea_cpu/ROBFIFOPlugin_robInfo/ram/mem_i_27__11/O
                         net (fo=28, unplaced)        0.415     6.228    u_wb/defaultClockArea_cpu/ROBFIFOPlugin_robInfo/ram/mem_i_27__11_n_0
                         LUT4 (Prop_lut4_I3_O)        0.105     6.333 f  u_wb/defaultClockArea_cpu/ROBFIFOPlugin_robInfo/ram/ExceptionHandlerPlugin_LLBCTL_LLBIT_i_2/O
                         net (fo=139, unplaced)       0.455     6.788    u_wb/defaultClockArea_cpu/ROBFIFOPlugin_robInfo/ram/ExceptionHandlerPlugin_LLBCTL_LLBIT_i_2_n_0
                         LUT2 (Prop_lut2_I1_O)        0.105     6.893 r  u_wb/defaultClockArea_cpu/ROBFIFOPlugin_robInfo/ram/ProgramCounterPlugin_backendJumpInterface_rData[5]_i_3/O
                         net (fo=40, unplaced)        0.659     7.552    u_wb/defaultClockArea_cpu/ROBFIFOPlugin_robInfo/ram/ProgramCounterPlugin_backendJumpInterface_rData[5]_i_3_n_0
                         LUT6 (Prop_lut6_I1_O)        0.105     7.657 f  u_wb/defaultClockArea_cpu/ROBFIFOPlugin_robInfo/ram/ProgramCounterPlugin_backendJumpInterface_rData[6]_i_2/O
                         net (fo=1, unplaced)         0.347     8.004    u_wb/defaultClockArea_cpu/ROBFIFOPlugin_robInfo/ram/ProgramCounterPlugin_backendJumpInterface_rData[6]_i_2_n_0
                         LUT6 (Prop_lut6_I5_O)        0.105     8.109 f  u_wb/defaultClockArea_cpu/ROBFIFOPlugin_robInfo/ram/ProgramCounterPlugin_backendJumpInterface_rData[6]_i_1/O
                         net (fo=2, unplaced)         0.358     8.467    u_wb/defaultClockArea_cpu/ROBFIFOPlugin_robInfo/ram/ROBFIFOPlugin_fifoIO_pop_0_payload_state_except_payload_isTLBRefill_reg[6]
                         LUT3 (Prop_lut3_I2_O)        0.105     8.572 f  u_wb/defaultClockArea_cpu/ROBFIFOPlugin_robInfo/ram/mem_i_33__11/O
                         net (fo=4, unplaced)         0.371     8.943    u_wb/defaultClockArea_cpu/ROBFIFOPlugin_robInfo/ram/mem_i_33__11_n_0
                         LUT6 (Prop_lut6_I0_O)        0.105     9.048 f  u_wb/defaultClockArea_cpu/ROBFIFOPlugin_robInfo/ram/mem_i_12__18/O
                         net (fo=26, unplaced)        0.648     9.696    u_wb/defaultClockArea_cpu/ROBFIFOPlugin_robInfo/ram/ProgramCounterPlugin_backendJumpInterface_rValid_reg_inv_2
                         LUT6 (Prop_lut6_I1_O)        0.105     9.801 r  u_wb/defaultClockArea_cpu/ROBFIFOPlugin_robInfo/ram/mem_i_33__7/O
                         net (fo=12, unplaced)        0.395    10.196    u_wb/defaultClockArea_cpu/ROBFIFOPlugin_robInfo/ram/mem_i_33__7_n_0
                         LUT5 (Prop_lut5_I2_O)        0.105    10.301 r  u_wb/defaultClockArea_cpu/ROBFIFOPlugin_robInfo/ram/mem_i_16__10/O
                         net (fo=1, unplaced)         0.646    10.946    u_wb/defaultClockArea_cpu/GlobalPredictorBTBPlugin_predictor/tournamentPht/rams_0/mem/xpm_memory_base_inst/addrb[8]
                         RAMB18E1                                     r  u_wb/defaultClockArea_cpu/GlobalPredictorBTBPlugin_predictor/tournamentPht/rams_0/mem/xpm_memory_base_inst/gen_wr_a.gen_word_narrow.mem_reg/ADDRBWRADDR[12]
  -------------------------------------------------------------------    -------------------

                         (clock aclk rise edge)      10.000    10.000 r  
                                                      0.000    10.000 r  aclk (IN)
                         net (fo=0)                   0.000    10.000    aclk
                         IBUF (Prop_ibuf_I_O)         0.751    10.751 r  aclk_IBUF_inst/O
                         net (fo=1, unplaced)         0.613    11.365    aclk_IBUF
                         BUFG (Prop_bufg_I_O)         0.077    11.442 r  aclk_IBUF_BUFG_inst/O
                         net (fo=17764, unplaced)     0.439    11.881    u_wb/defaultClockArea_cpu/GlobalPredictorBTBPlugin_predictor/tournamentPht/rams_0/mem/xpm_memory_base_inst/clka
                         RAMB18E1                                     r  u_wb/defaultClockArea_cpu/GlobalPredictorBTBPlugin_predictor/tournamentPht/rams_0/mem/xpm_memory_base_inst/gen_wr_a.gen_word_narrow.mem_reg/CLKBWRCLK
                         clock pessimism              0.167    12.048    
                         clock uncertainty           -0.035    12.012    
                         RAMB18E1 (Setup_ramb18e1_CLKBWRCLK_ADDRBWRADDR[12])
                                                     -0.490    11.522    u_wb/defaultClockArea_cpu/GlobalPredictorBTBPlugin_predictor/tournamentPht/rams_0/mem/xpm_memory_base_inst/gen_wr_a.gen_word_narrow.mem_reg
  -------------------------------------------------------------------
                         required time                         11.522    
                         arrival time                         -10.946    
  -------------------------------------------------------------------
                         slack                                  0.576    

Slack (MET) :             0.576ns  (required time - arrival time)
  Source:                 u_wb/defaultClockArea_cpu/ExceptionHandlerPlugin_ESTAT_IS_2_reg[1]/C
                            (rising edge-triggered cell FDCE clocked by aclk  {rise@0.000ns fall@5.000ns period=10.000ns})
  Destination:            u_wb/defaultClockArea_cpu/GlobalPredictorBTBPlugin_predictor/tournamentPht/rams_0/mem/xpm_memory_base_inst/gen_wr_a.gen_word_narrow.mem_reg/ADDRBWRADDR[13]
                            (rising edge-triggered cell RAMB18E1 clocked by aclk  {rise@0.000ns fall@5.000ns period=10.000ns})
  Path Group:             aclk
  Path Type:              Setup (Max at Slow Process Corner)
  Requirement:            10.000ns  (aclk rise@10.000ns - aclk rise@0.000ns)
  Data Path Delay:        8.754ns  (logic 1.976ns (22.574%)  route 6.778ns (77.426%))
  Logic Levels:           14  (LUT2=1 LUT3=2 LUT4=2 LUT5=2 LUT6=7)
  Clock Path Skew:        -0.145ns (DCD - SCD + CPR)
    Destination Clock Delay (DCD):    1.881ns = ( 11.881 - 10.000 ) 
    Source Clock Delay      (SCD):    2.193ns
    Clock Pessimism Removal (CPR):    0.167ns
  Clock Uncertainty:      0.035ns  ((TSJ^2 + TIJ^2)^1/2 + DJ) / 2 + PE
    Total System Jitter     (TSJ):    0.071ns
    Total Input Jitter      (TIJ):    0.000ns
    Discrete Jitter          (DJ):    0.000ns
    Phase Error              (PE):    0.000ns

    Location             Delay type                Incr(ns)  Path(ns)    Netlist Resource(s)
  -------------------------------------------------------------------    -------------------
                         (clock aclk rise edge)       0.000     0.000 r  
                                                      0.000     0.000 r  aclk (IN)
                         net (fo=0)                   0.000     0.000    aclk
                         IBUF (Prop_ibuf_I_O)         0.882     0.882 r  aclk_IBUF_inst/O
                         net (fo=1, unplaced)         0.646     1.528    aclk_IBUF
                         BUFG (Prop_bufg_I_O)         0.081     1.609 r  aclk_IBUF_BUFG_inst/O
                         net (fo=17764, unplaced)     0.584     2.193    u_wb/defaultClockArea_cpu/aclk_IBUF_BUFG
                         FDCE                                         r  u_wb/defaultClockArea_cpu/ExceptionHandlerPlugin_ESTAT_IS_2_reg[1]/C
  -------------------------------------------------------------------    -------------------
                         FDCE (Prop_fdce_C_Q)         0.379     2.572 r  u_wb/defaultClockArea_cpu/ExceptionHandlerPlugin_ESTAT_IS_2_reg[1]/Q
                         net (fo=3, unplaced)         0.617     3.189    u_wb/defaultClockArea_cpu/GlobalPredictorBTBPlugin_predictor/tournamentPht/rams_1/ProgramCounterPlugin_backendJumpInterface_rData[31]_i_2_3[1]
                         LUT4 (Prop_lut4_I1_O)        0.232     3.421 r  u_wb/defaultClockArea_cpu/GlobalPredictorBTBPlugin_predictor/tournamentPht/rams_1/ProgramCounterPlugin_backendJumpInterface_rData[31]_i_11/O
                         net (fo=1, unplaced)         0.347     3.768    u_wb/defaultClockArea_cpu/GlobalPredictorBTBPlugin_predictor/tournamentPht/rams_1/ProgramCounterPlugin_backendJumpInterface_rData[31]_i_11_n_0
                         LUT5 (Prop_lut5_I4_O)        0.105     3.873 r  u_wb/defaultClockArea_cpu/GlobalPredictorBTBPlugin_predictor/tournamentPht/rams_1/ProgramCounterPlugin_backendJumpInterface_rData[31]_i_5/O
                         net (fo=1, unplaced)         0.347     4.220    u_wb/defaultClockArea_cpu/GlobalPredictorBTBPlugin_predictor/tournamentPht/rams_1/ProgramCounterPlugin_backendJumpInterface_rData[31]_i_5_n_0
                         LUT5 (Prop_lut5_I1_O)        0.105     4.325 r  u_wb/defaultClockArea_cpu/GlobalPredictorBTBPlugin_predictor/tournamentPht/rams_1/ProgramCounterPlugin_backendJumpInterface_rData[31]_i_2/O
                         net (fo=49, unplaced)        0.429     4.754    u_wb/defaultClockArea_cpu/ROBFIFOPlugin_robInfo/ram/rams_0/p_8621_in
                         LUT3 (Prop_lut3_I2_O)        0.105     4.859 r  u_wb/defaultClockArea_cpu/ROBFIFOPlugin_robInfo/ram/rams_0/CommitPlugin_regFlush_i_4/O
                         net (fo=6, unplaced)         0.379     5.238    u_wb/defaultClockArea_cpu/ROBFIFOPlugin_robInfo/ram/rams_1/CommitPlugin_regFlush_reg_rep__0
                         LUT6 (Prop_lut6_I2_O)        0.105     5.343 f  u_wb/defaultClockArea_cpu/ROBFIFOPlugin_robInfo/ram/rams_1/CommitPlugin_regFlush_i_2/O
                         net (fo=3, unplaced)         0.365     5.708    u_wb/defaultClockArea_cpu/ROBFIFOPlugin_robInfo/ram/rams_1_n_71
                         LUT6 (Prop_lut6_I5_O)        0.105     5.813 f  u_wb/defaultClockArea_cpu/ROBFIFOPlugin_robInfo/ram/mem_i_27__11/O
                         net (fo=28, unplaced)        0.415     6.228    u_wb/defaultClockArea_cpu/ROBFIFOPlugin_robInfo/ram/mem_i_27__11_n_0
                         LUT4 (Prop_lut4_I3_O)        0.105     6.333 f  u_wb/defaultClockArea_cpu/ROBFIFOPlugin_robInfo/ram/ExceptionHandlerPlugin_LLBCTL_LLBIT_i_2/O
                         net (fo=139, unplaced)       0.455     6.788    u_wb/defaultClockArea_cpu/ROBFIFOPlugin_robInfo/ram/ExceptionHandlerPlugin_LLBCTL_LLBIT_i_2_n_0
                         LUT2 (Prop_lut2_I1_O)        0.105     6.893 r  u_wb/defaultClockArea_cpu/ROBFIFOPlugin_robInfo/ram/ProgramCounterPlugin_backendJumpInterface_rData[5]_i_3/O
                         net (fo=40, unplaced)        0.659     7.552    u_wb/defaultClockArea_cpu/ROBFIFOPlugin_robInfo/ram/ProgramCounterPlugin_backendJumpInterface_rData[5]_i_3_n_0
                         LUT6 (Prop_lut6_I1_O)        0.105     7.657 f  u_wb/defaultClockArea_cpu/ROBFIFOPlugin_robInfo/ram/ProgramCounterPlugin_backendJumpInterface_rData[6]_i_2/O
                         net (fo=1, unplaced)         0.347     8.004    u_wb/defaultClockArea_cpu/ROBFIFOPlugin_robInfo/ram/ProgramCounterPlugin_backendJumpInterface_rData[6]_i_2_n_0
                         LUT6 (Prop_lut6_I5_O)        0.105     8.109 f  u_wb/defaultClockArea_cpu/ROBFIFOPlugin_robInfo/ram/ProgramCounterPlugin_backendJumpInterface_rData[6]_i_1/O
                         net (fo=2, unplaced)         0.358     8.467    u_wb/defaultClockArea_cpu/ROBFIFOPlugin_robInfo/ram/ROBFIFOPlugin_fifoIO_pop_0_payload_state_except_payload_isTLBRefill_reg[6]
                         LUT3 (Prop_lut3_I2_O)        0.105     8.572 f  u_wb/defaultClockArea_cpu/ROBFIFOPlugin_robInfo/ram/mem_i_33__11/O
                         net (fo=4, unplaced)         0.371     8.943    u_wb/defaultClockArea_cpu/ROBFIFOPlugin_robInfo/ram/mem_i_33__11_n_0
                         LUT6 (Prop_lut6_I0_O)        0.105     9.048 f  u_wb/defaultClockArea_cpu/ROBFIFOPlugin_robInfo/ram/mem_i_12__18/O
                         net (fo=26, unplaced)        0.648     9.696    u_wb/defaultClockArea_cpu/ROBFIFOPlugin_robInfo/ram/ProgramCounterPlugin_backendJumpInterface_rValid_reg_inv_2
                         LUT6 (Prop_lut6_I1_O)        0.105     9.801 r  u_wb/defaultClockArea_cpu/ROBFIFOPlugin_robInfo/ram/mem_i_33__7/O
                         net (fo=12, unplaced)        0.395    10.196    u_wb/defaultClockArea_cpu/ROBFIFOPlugin_robInfo/ram/mem_i_33__7_n_0
                         LUT6 (Prop_lut6_I2_O)        0.105    10.301 r  u_wb/defaultClockArea_cpu/ROBFIFOPlugin_robInfo/ram/mem_i_15__10/O
                         net (fo=1, unplaced)         0.646    10.946    u_wb/defaultClockArea_cpu/GlobalPredictorBTBPlugin_predictor/tournamentPht/rams_0/mem/xpm_memory_base_inst/addrb[9]
                         RAMB18E1                                     r  u_wb/defaultClockArea_cpu/GlobalPredictorBTBPlugin_predictor/tournamentPht/rams_0/mem/xpm_memory_base_inst/gen_wr_a.gen_word_narrow.mem_reg/ADDRBWRADDR[13]
  -------------------------------------------------------------------    -------------------

                         (clock aclk rise edge)      10.000    10.000 r  
                                                      0.000    10.000 r  aclk (IN)
                         net (fo=0)                   0.000    10.000    aclk
                         IBUF (Prop_ibuf_I_O)         0.751    10.751 r  aclk_IBUF_inst/O
                         net (fo=1, unplaced)         0.613    11.365    aclk_IBUF
                         BUFG (Prop_bufg_I_O)         0.077    11.442 r  aclk_IBUF_BUFG_inst/O
                         net (fo=17764, unplaced)     0.439    11.881    u_wb/defaultClockArea_cpu/GlobalPredictorBTBPlugin_predictor/tournamentPht/rams_0/mem/xpm_memory_base_inst/clka
                         RAMB18E1                                     r  u_wb/defaultClockArea_cpu/GlobalPredictorBTBPlugin_predictor/tournamentPht/rams_0/mem/xpm_memory_base_inst/gen_wr_a.gen_word_narrow.mem_reg/CLKBWRCLK
                         clock pessimism              0.167    12.048    
                         clock uncertainty           -0.035    12.012    
                         RAMB18E1 (Setup_ramb18e1_CLKBWRCLK_ADDRBWRADDR[13])
                                                     -0.490    11.522    u_wb/defaultClockArea_cpu/GlobalPredictorBTBPlugin_predictor/tournamentPht/rams_0/mem/xpm_memory_base_inst/gen_wr_a.gen_word_narrow.mem_reg
  -------------------------------------------------------------------
                         required time                         11.522    
                         arrival time                         -10.946    
  -------------------------------------------------------------------
                         slack                                  0.576    

Slack (MET) :             0.576ns  (required time - arrival time)
  Source:                 u_wb/defaultClockArea_cpu/ExceptionHandlerPlugin_ESTAT_IS_2_reg[1]/C
                            (rising edge-triggered cell FDCE clocked by aclk  {rise@0.000ns fall@5.000ns period=10.000ns})
  Destination:            u_wb/defaultClockArea_cpu/GlobalPredictorBTBPlugin_predictor/tournamentPht/rams_1/mem/xpm_memory_base_inst/gen_wr_a.gen_word_narrow.mem_reg/ADDRBWRADDR[10]
                            (rising edge-triggered cell RAMB18E1 clocked by aclk  {rise@0.000ns fall@5.000ns period=10.000ns})
  Path Group:             aclk
  Path Type:              Setup (Max at Slow Process Corner)
  Requirement:            10.000ns  (aclk rise@10.000ns - aclk rise@0.000ns)
  Data Path Delay:        8.754ns  (logic 1.976ns (22.574%)  route 6.778ns (77.426%))
  Logic Levels:           14  (LUT2=1 LUT3=3 LUT4=2 LUT5=2 LUT6=6)
  Clock Path Skew:        -0.145ns (DCD - SCD + CPR)
    Destination Clock Delay (DCD):    1.881ns = ( 11.881 - 10.000 ) 
    Source Clock Delay      (SCD):    2.193ns
    Clock Pessimism Removal (CPR):    0.167ns
  Clock Uncertainty:      0.035ns  ((TSJ^2 + TIJ^2)^1/2 + DJ) / 2 + PE
    Total System Jitter     (TSJ):    0.071ns
    Total Input Jitter      (TIJ):    0.000ns
    Discrete Jitter          (DJ):    0.000ns
    Phase Error              (PE):    0.000ns

    Location             Delay type                Incr(ns)  Path(ns)    Netlist Resource(s)
  -------------------------------------------------------------------    -------------------
                         (clock aclk rise edge)       0.000     0.000 r  
                                                      0.000     0.000 r  aclk (IN)
                         net (fo=0)                   0.000     0.000    aclk
                         IBUF (Prop_ibuf_I_O)         0.882     0.882 r  aclk_IBUF_inst/O
                         net (fo=1, unplaced)         0.646     1.528    aclk_IBUF
                         BUFG (Prop_bufg_I_O)         0.081     1.609 r  aclk_IBUF_BUFG_inst/O
                         net (fo=17764, unplaced)     0.584     2.193    u_wb/defaultClockArea_cpu/aclk_IBUF_BUFG
                         FDCE                                         r  u_wb/defaultClockArea_cpu/ExceptionHandlerPlugin_ESTAT_IS_2_reg[1]/C
  -------------------------------------------------------------------    -------------------
                         FDCE (Prop_fdce_C_Q)         0.379     2.572 r  u_wb/defaultClockArea_cpu/ExceptionHandlerPlugin_ESTAT_IS_2_reg[1]/Q
                         net (fo=3, unplaced)         0.617     3.189    u_wb/defaultClockArea_cpu/GlobalPredictorBTBPlugin_predictor/tournamentPht/rams_1/ProgramCounterPlugin_backendJumpInterface_rData[31]_i_2_3[1]
                         LUT4 (Prop_lut4_I1_O)        0.232     3.421 r  u_wb/defaultClockArea_cpu/GlobalPredictorBTBPlugin_predictor/tournamentPht/rams_1/ProgramCounterPlugin_backendJumpInterface_rData[31]_i_11/O
                         net (fo=1, unplaced)         0.347     3.768    u_wb/defaultClockArea_cpu/GlobalPredictorBTBPlugin_predictor/tournamentPht/rams_1/ProgramCounterPlugin_backendJumpInterface_rData[31]_i_11_n_0
                         LUT5 (Prop_lut5_I4_O)        0.105     3.873 r  u_wb/defaultClockArea_cpu/GlobalPredictorBTBPlugin_predictor/tournamentPht/rams_1/ProgramCounterPlugin_backendJumpInterface_rData[31]_i_5/O
                         net (fo=1, unplaced)         0.347     4.220    u_wb/defaultClockArea_cpu/GlobalPredictorBTBPlugin_predictor/tournamentPht/rams_1/ProgramCounterPlugin_backendJumpInterface_rData[31]_i_5_n_0
                         LUT5 (Prop_lut5_I1_O)        0.105     4.325 r  u_wb/defaultClockArea_cpu/GlobalPredictorBTBPlugin_predictor/tournamentPht/rams_1/ProgramCounterPlugin_backendJumpInterface_rData[31]_i_2/O
                         net (fo=49, unplaced)        0.429     4.754    u_wb/defaultClockArea_cpu/ROBFIFOPlugin_robInfo/ram/rams_0/p_8621_in
                         LUT3 (Prop_lut3_I2_O)        0.105     4.859 r  u_wb/defaultClockArea_cpu/ROBFIFOPlugin_robInfo/ram/rams_0/CommitPlugin_regFlush_i_4/O
                         net (fo=6, unplaced)         0.379     5.238    u_wb/defaultClockArea_cpu/ROBFIFOPlugin_robInfo/ram/rams_1/CommitPlugin_regFlush_reg_rep__0
                         LUT6 (Prop_lut6_I2_O)        0.105     5.343 f  u_wb/defaultClockArea_cpu/ROBFIFOPlugin_robInfo/ram/rams_1/CommitPlugin_regFlush_i_2/O
                         net (fo=3, unplaced)         0.365     5.708    u_wb/defaultClockArea_cpu/ROBFIFOPlugin_robInfo/ram/rams_1_n_71
                         LUT6 (Prop_lut6_I5_O)        0.105     5.813 f  u_wb/defaultClockArea_cpu/ROBFIFOPlugin_robInfo/ram/mem_i_27__11/O
                         net (fo=28, unplaced)        0.415     6.228    u_wb/defaultClockArea_cpu/ROBFIFOPlugin_robInfo/ram/mem_i_27__11_n_0
                         LUT4 (Prop_lut4_I3_O)        0.105     6.333 f  u_wb/defaultClockArea_cpu/ROBFIFOPlugin_robInfo/ram/ExceptionHandlerPlugin_LLBCTL_LLBIT_i_2/O
                         net (fo=139, unplaced)       0.455     6.788    u_wb/defaultClockArea_cpu/ROBFIFOPlugin_robInfo/ram/ExceptionHandlerPlugin_LLBCTL_LLBIT_i_2_n_0
                         LUT2 (Prop_lut2_I1_O)        0.105     6.893 r  u_wb/defaultClockArea_cpu/ROBFIFOPlugin_robInfo/ram/ProgramCounterPlugin_backendJumpInterface_rData[5]_i_3/O
                         net (fo=40, unplaced)        0.659     7.552    u_wb/defaultClockArea_cpu/ROBFIFOPlugin_robInfo/ram/ProgramCounterPlugin_backendJumpInterface_rData[5]_i_3_n_0
                         LUT6 (Prop_lut6_I1_O)        0.105     7.657 f  u_wb/defaultClockArea_cpu/ROBFIFOPlugin_robInfo/ram/ProgramCounterPlugin_backendJumpInterface_rData[6]_i_2/O
                         net (fo=1, unplaced)         0.347     8.004    u_wb/defaultClockArea_cpu/ROBFIFOPlugin_robInfo/ram/ProgramCounterPlugin_backendJumpInterface_rData[6]_i_2_n_0
                         LUT6 (Prop_lut6_I5_O)        0.105     8.109 f  u_wb/defaultClockArea_cpu/ROBFIFOPlugin_robInfo/ram/ProgramCounterPlugin_backendJumpInterface_rData[6]_i_1/O
                         net (fo=2, unplaced)         0.358     8.467    u_wb/defaultClockArea_cpu/ROBFIFOPlugin_robInfo/ram/ROBFIFOPlugin_fifoIO_pop_0_payload_state_except_payload_isTLBRefill_reg[6]
                         LUT3 (Prop_lut3_I2_O)        0.105     8.572 f  u_wb/defaultClockArea_cpu/ROBFIFOPlugin_robInfo/ram/mem_i_33__11/O
                         net (fo=4, unplaced)         0.371     8.943    u_wb/defaultClockArea_cpu/ROBFIFOPlugin_robInfo/ram/mem_i_33__11_n_0
                         LUT6 (Prop_lut6_I0_O)        0.105     9.048 f  u_wb/defaultClockArea_cpu/ROBFIFOPlugin_robInfo/ram/mem_i_12__18/O
                         net (fo=26, unplaced)        0.648     9.696    u_wb/defaultClockArea_cpu/ROBFIFOPlugin_robInfo/ram/ProgramCounterPlugin_backendJumpInterface_rValid_reg_inv_2
                         LUT6 (Prop_lut6_I1_O)        0.105     9.801 r  u_wb/defaultClockArea_cpu/ROBFIFOPlugin_robInfo/ram/mem_i_33__7/O
                         net (fo=12, unplaced)        0.395    10.196    u_wb/defaultClockArea_cpu/ROBFIFOPlugin_robInfo/ram/mem_i_33__7_n_0
                         LUT3 (Prop_lut3_I1_O)        0.105    10.301 r  u_wb/defaultClockArea_cpu/ROBFIFOPlugin_robInfo/ram/mem_i_18__9/O
                         net (fo=1, unplaced)         0.646    10.946    u_wb/defaultClockArea_cpu/GlobalPredictorBTBPlugin_predictor/tournamentPht/rams_1/mem/xpm_memory_base_inst/addrb[6]
                         RAMB18E1                                     r  u_wb/defaultClockArea_cpu/GlobalPredictorBTBPlugin_predictor/tournamentPht/rams_1/mem/xpm_memory_base_inst/gen_wr_a.gen_word_narrow.mem_reg/ADDRBWRADDR[10]
  -------------------------------------------------------------------    -------------------

                         (clock aclk rise edge)      10.000    10.000 r  
                                                      0.000    10.000 r  aclk (IN)
                         net (fo=0)                   0.000    10.000    aclk
                         IBUF (Prop_ibuf_I_O)         0.751    10.751 r  aclk_IBUF_inst/O
                         net (fo=1, unplaced)         0.613    11.365    aclk_IBUF
                         BUFG (Prop_bufg_I_O)         0.077    11.442 r  aclk_IBUF_BUFG_inst/O
                         net (fo=17764, unplaced)     0.439    11.881    u_wb/defaultClockArea_cpu/GlobalPredictorBTBPlugin_predictor/tournamentPht/rams_1/mem/xpm_memory_base_inst/clka
                         RAMB18E1                                     r  u_wb/defaultClockArea_cpu/GlobalPredictorBTBPlugin_predictor/tournamentPht/rams_1/mem/xpm_memory_base_inst/gen_wr_a.gen_word_narrow.mem_reg/CLKBWRCLK
                         clock pessimism              0.167    12.048    
                         clock uncertainty           -0.035    12.012    
                         RAMB18E1 (Setup_ramb18e1_CLKBWRCLK_ADDRBWRADDR[10])
                                                     -0.490    11.522    u_wb/defaultClockArea_cpu/GlobalPredictorBTBPlugin_predictor/tournamentPht/rams_1/mem/xpm_memory_base_inst/gen_wr_a.gen_word_narrow.mem_reg
  -------------------------------------------------------------------
                         required time                         11.522    
                         arrival time                         -10.946    
  -------------------------------------------------------------------
                         slack                                  0.576    

Slack (MET) :             0.576ns  (required time - arrival time)
  Source:                 u_wb/defaultClockArea_cpu/ExceptionHandlerPlugin_ESTAT_IS_2_reg[1]/C
                            (rising edge-triggered cell FDCE clocked by aclk  {rise@0.000ns fall@5.000ns period=10.000ns})
  Destination:            u_wb/defaultClockArea_cpu/GlobalPredictorBTBPlugin_predictor/tournamentPht/rams_1/mem/xpm_memory_base_inst/gen_wr_a.gen_word_narrow.mem_reg/ADDRBWRADDR[11]
                            (rising edge-triggered cell RAMB18E1 clocked by aclk  {rise@0.000ns fall@5.000ns period=10.000ns})
  Path Group:             aclk
  Path Type:              Setup (Max at Slow Process Corner)
  Requirement:            10.000ns  (aclk rise@10.000ns - aclk rise@0.000ns)
  Data Path Delay:        8.754ns  (logic 1.976ns (22.574%)  route 6.778ns (77.426%))
  Logic Levels:           14  (LUT2=1 LUT3=2 LUT4=3 LUT5=2 LUT6=6)
  Clock Path Skew:        -0.145ns (DCD - SCD + CPR)
    Destination Clock Delay (DCD):    1.881ns = ( 11.881 - 10.000 ) 
    Source Clock Delay      (SCD):    2.193ns
    Clock Pessimism Removal (CPR):    0.167ns
  Clock Uncertainty:      0.035ns  ((TSJ^2 + TIJ^2)^1/2 + DJ) / 2 + PE
    Total System Jitter     (TSJ):    0.071ns
    Total Input Jitter      (TIJ):    0.000ns
    Discrete Jitter          (DJ):    0.000ns
    Phase Error              (PE):    0.000ns

    Location             Delay type                Incr(ns)  Path(ns)    Netlist Resource(s)
  -------------------------------------------------------------------    -------------------
                         (clock aclk rise edge)       0.000     0.000 r  
                                                      0.000     0.000 r  aclk (IN)
                         net (fo=0)                   0.000     0.000    aclk
                         IBUF (Prop_ibuf_I_O)         0.882     0.882 r  aclk_IBUF_inst/O
                         net (fo=1, unplaced)         0.646     1.528    aclk_IBUF
                         BUFG (Prop_bufg_I_O)         0.081     1.609 r  aclk_IBUF_BUFG_inst/O
                         net (fo=17764, unplaced)     0.584     2.193    u_wb/defaultClockArea_cpu/aclk_IBUF_BUFG
                         FDCE                                         r  u_wb/defaultClockArea_cpu/ExceptionHandlerPlugin_ESTAT_IS_2_reg[1]/C
  -------------------------------------------------------------------    -------------------
                         FDCE (Prop_fdce_C_Q)         0.379     2.572 r  u_wb/defaultClockArea_cpu/ExceptionHandlerPlugin_ESTAT_IS_2_reg[1]/Q
                         net (fo=3, unplaced)         0.617     3.189    u_wb/defaultClockArea_cpu/GlobalPredictorBTBPlugin_predictor/tournamentPht/rams_1/ProgramCounterPlugin_backendJumpInterface_rData[31]_i_2_3[1]
                         LUT4 (Prop_lut4_I1_O)        0.232     3.421 r  u_wb/defaultClockArea_cpu/GlobalPredictorBTBPlugin_predictor/tournamentPht/rams_1/ProgramCounterPlugin_backendJumpInterface_rData[31]_i_11/O
                         net (fo=1, unplaced)         0.347     3.768    u_wb/defaultClockArea_cpu/GlobalPredictorBTBPlugin_predictor/tournamentPht/rams_1/ProgramCounterPlugin_backendJumpInterface_rData[31]_i_11_n_0
                         LUT5 (Prop_lut5_I4_O)        0.105     3.873 r  u_wb/defaultClockArea_cpu/GlobalPredictorBTBPlugin_predictor/tournamentPht/rams_1/ProgramCounterPlugin_backendJumpInterface_rData[31]_i_5/O
                         net (fo=1, unplaced)         0.347     4.220    u_wb/defaultClockArea_cpu/GlobalPredictorBTBPlugin_predictor/tournamentPht/rams_1/ProgramCounterPlugin_backendJumpInterface_rData[31]_i_5_n_0
                         LUT5 (Prop_lut5_I1_O)        0.105     4.325 r  u_wb/defaultClockArea_cpu/GlobalPredictorBTBPlugin_predictor/tournamentPht/rams_1/ProgramCounterPlugin_backendJumpInterface_rData[31]_i_2/O
                         net (fo=49, unplaced)        0.429     4.754    u_wb/defaultClockArea_cpu/ROBFIFOPlugin_robInfo/ram/rams_0/p_8621_in
                         LUT3 (Prop_lut3_I2_O)        0.105     4.859 r  u_wb/defaultClockArea_cpu/ROBFIFOPlugin_robInfo/ram/rams_0/CommitPlugin_regFlush_i_4/O
                         net (fo=6, unplaced)         0.379     5.238    u_wb/defaultClockArea_cpu/ROBFIFOPlugin_robInfo/ram/rams_1/CommitPlugin_regFlush_reg_rep__0
                         LUT6 (Prop_lut6_I2_O)        0.105     5.343 f  u_wb/defaultClockArea_cpu/ROBFIFOPlugin_robInfo/ram/rams_1/CommitPlugin_regFlush_i_2/O
                         net (fo=3, unplaced)         0.365     5.708    u_wb/defaultClockArea_cpu/ROBFIFOPlugin_robInfo/ram/rams_1_n_71
                         LUT6 (Prop_lut6_I5_O)        0.105     5.813 f  u_wb/defaultClockArea_cpu/ROBFIFOPlugin_robInfo/ram/mem_i_27__11/O
                         net (fo=28, unplaced)        0.415     6.228    u_wb/defaultClockArea_cpu/ROBFIFOPlugin_robInfo/ram/mem_i_27__11_n_0
                         LUT4 (Prop_lut4_I3_O)        0.105     6.333 f  u_wb/defaultClockArea_cpu/ROBFIFOPlugin_robInfo/ram/ExceptionHandlerPlugin_LLBCTL_LLBIT_i_2/O
                         net (fo=139, unplaced)       0.455     6.788    u_wb/defaultClockArea_cpu/ROBFIFOPlugin_robInfo/ram/ExceptionHandlerPlugin_LLBCTL_LLBIT_i_2_n_0
                         LUT2 (Prop_lut2_I1_O)        0.105     6.893 r  u_wb/defaultClockArea_cpu/ROBFIFOPlugin_robInfo/ram/ProgramCounterPlugin_backendJumpInterface_rData[5]_i_3/O
                         net (fo=40, unplaced)        0.659     7.552    u_wb/defaultClockArea_cpu/ROBFIFOPlugin_robInfo/ram/ProgramCounterPlugin_backendJumpInterface_rData[5]_i_3_n_0
                         LUT6 (Prop_lut6_I1_O)        0.105     7.657 f  u_wb/defaultClockArea_cpu/ROBFIFOPlugin_robInfo/ram/ProgramCounterPlugin_backendJumpInterface_rData[6]_i_2/O
                         net (fo=1, unplaced)         0.347     8.004    u_wb/defaultClockArea_cpu/ROBFIFOPlugin_robInfo/ram/ProgramCounterPlugin_backendJumpInterface_rData[6]_i_2_n_0
                         LUT6 (Prop_lut6_I5_O)        0.105     8.109 f  u_wb/defaultClockArea_cpu/ROBFIFOPlugin_robInfo/ram/ProgramCounterPlugin_backendJumpInterface_rData[6]_i_1/O
                         net (fo=2, unplaced)         0.358     8.467    u_wb/defaultClockArea_cpu/ROBFIFOPlugin_robInfo/ram/ROBFIFOPlugin_fifoIO_pop_0_payload_state_except_payload_isTLBRefill_reg[6]
                         LUT3 (Prop_lut3_I2_O)        0.105     8.572 f  u_wb/defaultClockArea_cpu/ROBFIFOPlugin_robInfo/ram/mem_i_33__11/O
                         net (fo=4, unplaced)         0.371     8.943    u_wb/defaultClockArea_cpu/ROBFIFOPlugin_robInfo/ram/mem_i_33__11_n_0
                         LUT6 (Prop_lut6_I0_O)        0.105     9.048 f  u_wb/defaultClockArea_cpu/ROBFIFOPlugin_robInfo/ram/mem_i_12__18/O
                         net (fo=26, unplaced)        0.648     9.696    u_wb/defaultClockArea_cpu/ROBFIFOPlugin_robInfo/ram/ProgramCounterPlugin_backendJumpInterface_rValid_reg_inv_2
                         LUT6 (Prop_lut6_I1_O)        0.105     9.801 r  u_wb/defaultClockArea_cpu/ROBFIFOPlugin_robInfo/ram/mem_i_33__7/O
                         net (fo=12, unplaced)        0.395    10.196    u_wb/defaultClockArea_cpu/ROBFIFOPlugin_robInfo/ram/mem_i_33__7_n_0
                         LUT4 (Prop_lut4_I1_O)        0.105    10.301 r  u_wb/defaultClockArea_cpu/ROBFIFOPlugin_robInfo/ram/mem_i_17__11/O
                         net (fo=1, unplaced)         0.646    10.946    u_wb/defaultClockArea_cpu/GlobalPredictorBTBPlugin_predictor/tournamentPht/rams_1/mem/xpm_memory_base_inst/addrb[7]
                         RAMB18E1                                     r  u_wb/defaultClockArea_cpu/GlobalPredictorBTBPlugin_predictor/tournamentPht/rams_1/mem/xpm_memory_base_inst/gen_wr_a.gen_word_narrow.mem_reg/ADDRBWRADDR[11]
  -------------------------------------------------------------------    -------------------

                         (clock aclk rise edge)      10.000    10.000 r  
                                                      0.000    10.000 r  aclk (IN)
                         net (fo=0)                   0.000    10.000    aclk
                         IBUF (Prop_ibuf_I_O)         0.751    10.751 r  aclk_IBUF_inst/O
                         net (fo=1, unplaced)         0.613    11.365    aclk_IBUF
                         BUFG (Prop_bufg_I_O)         0.077    11.442 r  aclk_IBUF_BUFG_inst/O
                         net (fo=17764, unplaced)     0.439    11.881    u_wb/defaultClockArea_cpu/GlobalPredictorBTBPlugin_predictor/tournamentPht/rams_1/mem/xpm_memory_base_inst/clka
                         RAMB18E1                                     r  u_wb/defaultClockArea_cpu/GlobalPredictorBTBPlugin_predictor/tournamentPht/rams_1/mem/xpm_memory_base_inst/gen_wr_a.gen_word_narrow.mem_reg/CLKBWRCLK
                         clock pessimism              0.167    12.048    
                         clock uncertainty           -0.035    12.012    
                         RAMB18E1 (Setup_ramb18e1_CLKBWRCLK_ADDRBWRADDR[11])
                                                     -0.490    11.522    u_wb/defaultClockArea_cpu/GlobalPredictorBTBPlugin_predictor/tournamentPht/rams_1/mem/xpm_memory_base_inst/gen_wr_a.gen_word_narrow.mem_reg
  -------------------------------------------------------------------
                         required time                         11.522    
                         arrival time                         -10.946    
  -------------------------------------------------------------------
                         slack                                  0.576    

Slack (MET) :             0.576ns  (required time - arrival time)
  Source:                 u_wb/defaultClockArea_cpu/ExceptionHandlerPlugin_ESTAT_IS_2_reg[1]/C
                            (rising edge-triggered cell FDCE clocked by aclk  {rise@0.000ns fall@5.000ns period=10.000ns})
  Destination:            u_wb/defaultClockArea_cpu/GlobalPredictorBTBPlugin_predictor/tournamentPht/rams_1/mem/xpm_memory_base_inst/gen_wr_a.gen_word_narrow.mem_reg/ADDRBWRADDR[12]
                            (rising edge-triggered cell RAMB18E1 clocked by aclk  {rise@0.000ns fall@5.000ns period=10.000ns})
  Path Group:             aclk
  Path Type:              Setup (Max at Slow Process Corner)
  Requirement:            10.000ns  (aclk rise@10.000ns - aclk rise@0.000ns)
  Data Path Delay:        8.754ns  (logic 1.976ns (22.574%)  route 6.778ns (77.426%))
  Logic Levels:           14  (LUT2=1 LUT3=2 LUT4=2 LUT5=3 LUT6=6)
  Clock Path Skew:        -0.145ns (DCD - SCD + CPR)
    Destination Clock Delay (DCD):    1.881ns = ( 11.881 - 10.000 ) 
    Source Clock Delay      (SCD):    2.193ns
    Clock Pessimism Removal (CPR):    0.167ns
  Clock Uncertainty:      0.035ns  ((TSJ^2 + TIJ^2)^1/2 + DJ) / 2 + PE
    Total System Jitter     (TSJ):    0.071ns
    Total Input Jitter      (TIJ):    0.000ns
    Discrete Jitter          (DJ):    0.000ns
    Phase Error              (PE):    0.000ns

    Location             Delay type                Incr(ns)  Path(ns)    Netlist Resource(s)
  -------------------------------------------------------------------    -------------------
                         (clock aclk rise edge)       0.000     0.000 r  
                                                      0.000     0.000 r  aclk (IN)
                         net (fo=0)                   0.000     0.000    aclk
                         IBUF (Prop_ibuf_I_O)         0.882     0.882 r  aclk_IBUF_inst/O
                         net (fo=1, unplaced)         0.646     1.528    aclk_IBUF
                         BUFG (Prop_bufg_I_O)         0.081     1.609 r  aclk_IBUF_BUFG_inst/O
                         net (fo=17764, unplaced)     0.584     2.193    u_wb/defaultClockArea_cpu/aclk_IBUF_BUFG
                         FDCE                                         r  u_wb/defaultClockArea_cpu/ExceptionHandlerPlugin_ESTAT_IS_2_reg[1]/C
  -------------------------------------------------------------------    -------------------
                         FDCE (Prop_fdce_C_Q)         0.379     2.572 r  u_wb/defaultClockArea_cpu/ExceptionHandlerPlugin_ESTAT_IS_2_reg[1]/Q
                         net (fo=3, unplaced)         0.617     3.189    u_wb/defaultClockArea_cpu/GlobalPredictorBTBPlugin_predictor/tournamentPht/rams_1/ProgramCounterPlugin_backendJumpInterface_rData[31]_i_2_3[1]
                         LUT4 (Prop_lut4_I1_O)        0.232     3.421 r  u_wb/defaultClockArea_cpu/GlobalPredictorBTBPlugin_predictor/tournamentPht/rams_1/ProgramCounterPlugin_backendJumpInterface_rData[31]_i_11/O
                         net (fo=1, unplaced)         0.347     3.768    u_wb/defaultClockArea_cpu/GlobalPredictorBTBPlugin_predictor/tournamentPht/rams_1/ProgramCounterPlugin_backendJumpInterface_rData[31]_i_11_n_0
                         LUT5 (Prop_lut5_I4_O)        0.105     3.873 r  u_wb/defaultClockArea_cpu/GlobalPredictorBTBPlugin_predictor/tournamentPht/rams_1/ProgramCounterPlugin_backendJumpInterface_rData[31]_i_5/O
                         net (fo=1, unplaced)         0.347     4.220    u_wb/defaultClockArea_cpu/GlobalPredictorBTBPlugin_predictor/tournamentPht/rams_1/ProgramCounterPlugin_backendJumpInterface_rData[31]_i_5_n_0
                         LUT5 (Prop_lut5_I1_O)        0.105     4.325 r  u_wb/defaultClockArea_cpu/GlobalPredictorBTBPlugin_predictor/tournamentPht/rams_1/ProgramCounterPlugin_backendJumpInterface_rData[31]_i_2/O
                         net (fo=49, unplaced)        0.429     4.754    u_wb/defaultClockArea_cpu/ROBFIFOPlugin_robInfo/ram/rams_0/p_8621_in
                         LUT3 (Prop_lut3_I2_O)        0.105     4.859 r  u_wb/defaultClockArea_cpu/ROBFIFOPlugin_robInfo/ram/rams_0/CommitPlugin_regFlush_i_4/O
                         net (fo=6, unplaced)         0.379     5.238    u_wb/defaultClockArea_cpu/ROBFIFOPlugin_robInfo/ram/rams_1/CommitPlugin_regFlush_reg_rep__0
                         LUT6 (Prop_lut6_I2_O)        0.105     5.343 f  u_wb/defaultClockArea_cpu/ROBFIFOPlugin_robInfo/ram/rams_1/CommitPlugin_regFlush_i_2/O
                         net (fo=3, unplaced)         0.365     5.708    u_wb/defaultClockArea_cpu/ROBFIFOPlugin_robInfo/ram/rams_1_n_71
                         LUT6 (Prop_lut6_I5_O)        0.105     5.813 f  u_wb/defaultClockArea_cpu/ROBFIFOPlugin_robInfo/ram/mem_i_27__11/O
                         net (fo=28, unplaced)        0.415     6.228    u_wb/defaultClockArea_cpu/ROBFIFOPlugin_robInfo/ram/mem_i_27__11_n_0
                         LUT4 (Prop_lut4_I3_O)        0.105     6.333 f  u_wb/defaultClockArea_cpu/ROBFIFOPlugin_robInfo/ram/ExceptionHandlerPlugin_LLBCTL_LLBIT_i_2/O
                         net (fo=139, unplaced)       0.455     6.788    u_wb/defaultClockArea_cpu/ROBFIFOPlugin_robInfo/ram/ExceptionHandlerPlugin_LLBCTL_LLBIT_i_2_n_0
                         LUT2 (Prop_lut2_I1_O)        0.105     6.893 r  u_wb/defaultClockArea_cpu/ROBFIFOPlugin_robInfo/ram/ProgramCounterPlugin_backendJumpInterface_rData[5]_i_3/O
                         net (fo=40, unplaced)        0.659     7.552    u_wb/defaultClockArea_cpu/ROBFIFOPlugin_robInfo/ram/ProgramCounterPlugin_backendJumpInterface_rData[5]_i_3_n_0
                         LUT6 (Prop_lut6_I1_O)        0.105     7.657 f  u_wb/defaultClockArea_cpu/ROBFIFOPlugin_robInfo/ram/ProgramCounterPlugin_backendJumpInterface_rData[6]_i_2/O
                         net (fo=1, unplaced)         0.347     8.004    u_wb/defaultClockArea_cpu/ROBFIFOPlugin_robInfo/ram/ProgramCounterPlugin_backendJumpInterface_rData[6]_i_2_n_0
                         LUT6 (Prop_lut6_I5_O)        0.105     8.109 f  u_wb/defaultClockArea_cpu/ROBFIFOPlugin_robInfo/ram/ProgramCounterPlugin_backendJumpInterface_rData[6]_i_1/O
                         net (fo=2, unplaced)         0.358     8.467    u_wb/defaultClockArea_cpu/ROBFIFOPlugin_robInfo/ram/ROBFIFOPlugin_fifoIO_pop_0_payload_state_except_payload_isTLBRefill_reg[6]
                         LUT3 (Prop_lut3_I2_O)        0.105     8.572 f  u_wb/defaultClockArea_cpu/ROBFIFOPlugin_robInfo/ram/mem_i_33__11/O
                         net (fo=4, unplaced)         0.371     8.943    u_wb/defaultClockArea_cpu/ROBFIFOPlugin_robInfo/ram/mem_i_33__11_n_0
                         LUT6 (Prop_lut6_I0_O)        0.105     9.048 f  u_wb/defaultClockArea_cpu/ROBFIFOPlugin_robInfo/ram/mem_i_12__18/O
                         net (fo=26, unplaced)        0.648     9.696    u_wb/defaultClockArea_cpu/ROBFIFOPlugin_robInfo/ram/ProgramCounterPlugin_backendJumpInterface_rValid_reg_inv_2
                         LUT6 (Prop_lut6_I1_O)        0.105     9.801 r  u_wb/defaultClockArea_cpu/ROBFIFOPlugin_robInfo/ram/mem_i_33__7/O
                         net (fo=12, unplaced)        0.395    10.196    u_wb/defaultClockArea_cpu/ROBFIFOPlugin_robInfo/ram/mem_i_33__7_n_0
                         LUT5 (Prop_lut5_I2_O)        0.105    10.301 r  u_wb/defaultClockArea_cpu/ROBFIFOPlugin_robInfo/ram/mem_i_16__11/O
                         net (fo=1, unplaced)         0.646    10.946    u_wb/defaultClockArea_cpu/GlobalPredictorBTBPlugin_predictor/tournamentPht/rams_1/mem/xpm_memory_base_inst/addrb[8]
                         RAMB18E1                                     r  u_wb/defaultClockArea_cpu/GlobalPredictorBTBPlugin_predictor/tournamentPht/rams_1/mem/xpm_memory_base_inst/gen_wr_a.gen_word_narrow.mem_reg/ADDRBWRADDR[12]
  -------------------------------------------------------------------    -------------------

                         (clock aclk rise edge)      10.000    10.000 r  
                                                      0.000    10.000 r  aclk (IN)
                         net (fo=0)                   0.000    10.000    aclk
                         IBUF (Prop_ibuf_I_O)         0.751    10.751 r  aclk_IBUF_inst/O
                         net (fo=1, unplaced)         0.613    11.365    aclk_IBUF
                         BUFG (Prop_bufg_I_O)         0.077    11.442 r  aclk_IBUF_BUFG_inst/O
                         net (fo=17764, unplaced)     0.439    11.881    u_wb/defaultClockArea_cpu/GlobalPredictorBTBPlugin_predictor/tournamentPht/rams_1/mem/xpm_memory_base_inst/clka
                         RAMB18E1                                     r  u_wb/defaultClockArea_cpu/GlobalPredictorBTBPlugin_predictor/tournamentPht/rams_1/mem/xpm_memory_base_inst/gen_wr_a.gen_word_narrow.mem_reg/CLKBWRCLK
                         clock pessimism              0.167    12.048    
                         clock uncertainty           -0.035    12.012    
                         RAMB18E1 (Setup_ramb18e1_CLKBWRCLK_ADDRBWRADDR[12])
                                                     -0.490    11.522    u_wb/defaultClockArea_cpu/GlobalPredictorBTBPlugin_predictor/tournamentPht/rams_1/mem/xpm_memory_base_inst/gen_wr_a.gen_word_narrow.mem_reg
  -------------------------------------------------------------------
                         required time                         11.522    
                         arrival time                         -10.946    
  -------------------------------------------------------------------
                         slack                                  0.576    

Slack (MET) :             0.576ns  (required time - arrival time)
  Source:                 u_wb/defaultClockArea_cpu/ExceptionHandlerPlugin_ESTAT_IS_2_reg[1]/C
                            (rising edge-triggered cell FDCE clocked by aclk  {rise@0.000ns fall@5.000ns period=10.000ns})
  Destination:            u_wb/defaultClockArea_cpu/GlobalPredictorBTBPlugin_predictor/tournamentPht/rams_1/mem/xpm_memory_base_inst/gen_wr_a.gen_word_narrow.mem_reg/ADDRBWRADDR[13]
                            (rising edge-triggered cell RAMB18E1 clocked by aclk  {rise@0.000ns fall@5.000ns period=10.000ns})
  Path Group:             aclk
  Path Type:              Setup (Max at Slow Process Corner)
  Requirement:            10.000ns  (aclk rise@10.000ns - aclk rise@0.000ns)
  Data Path Delay:        8.754ns  (logic 1.976ns (22.574%)  route 6.778ns (77.426%))
  Logic Levels:           14  (LUT2=1 LUT3=2 LUT4=2 LUT5=2 LUT6=7)
  Clock Path Skew:        -0.145ns (DCD - SCD + CPR)
    Destination Clock Delay (DCD):    1.881ns = ( 11.881 - 10.000 ) 
    Source Clock Delay      (SCD):    2.193ns
    Clock Pessimism Removal (CPR):    0.167ns
  Clock Uncertainty:      0.035ns  ((TSJ^2 + TIJ^2)^1/2 + DJ) / 2 + PE
    Total System Jitter     (TSJ):    0.071ns
    Total Input Jitter      (TIJ):    0.000ns
    Discrete Jitter          (DJ):    0.000ns
    Phase Error              (PE):    0.000ns

    Location             Delay type                Incr(ns)  Path(ns)    Netlist Resource(s)
  -------------------------------------------------------------------    -------------------
                         (clock aclk rise edge)       0.000     0.000 r  
                                                      0.000     0.000 r  aclk (IN)
                         net (fo=0)                   0.000     0.000    aclk
                         IBUF (Prop_ibuf_I_O)         0.882     0.882 r  aclk_IBUF_inst/O
                         net (fo=1, unplaced)         0.646     1.528    aclk_IBUF
                         BUFG (Prop_bufg_I_O)         0.081     1.609 r  aclk_IBUF_BUFG_inst/O
                         net (fo=17764, unplaced)     0.584     2.193    u_wb/defaultClockArea_cpu/aclk_IBUF_BUFG
                         FDCE                                         r  u_wb/defaultClockArea_cpu/ExceptionHandlerPlugin_ESTAT_IS_2_reg[1]/C
  -------------------------------------------------------------------    -------------------
                         FDCE (Prop_fdce_C_Q)         0.379     2.572 r  u_wb/defaultClockArea_cpu/ExceptionHandlerPlugin_ESTAT_IS_2_reg[1]/Q
                         net (fo=3, unplaced)         0.617     3.189    u_wb/defaultClockArea_cpu/GlobalPredictorBTBPlugin_predictor/tournamentPht/rams_1/ProgramCounterPlugin_backendJumpInterface_rData[31]_i_2_3[1]
                         LUT4 (Prop_lut4_I1_O)        0.232     3.421 r  u_wb/defaultClockArea_cpu/GlobalPredictorBTBPlugin_predictor/tournamentPht/rams_1/ProgramCounterPlugin_backendJumpInterface_rData[31]_i_11/O
                         net (fo=1, unplaced)         0.347     3.768    u_wb/defaultClockArea_cpu/GlobalPredictorBTBPlugin_predictor/tournamentPht/rams_1/ProgramCounterPlugin_backendJumpInterface_rData[31]_i_11_n_0
                         LUT5 (Prop_lut5_I4_O)        0.105     3.873 r  u_wb/defaultClockArea_cpu/GlobalPredictorBTBPlugin_predictor/tournamentPht/rams_1/ProgramCounterPlugin_backendJumpInterface_rData[31]_i_5/O
                         net (fo=1, unplaced)         0.347     4.220    u_wb/defaultClockArea_cpu/GlobalPredictorBTBPlugin_predictor/tournamentPht/rams_1/ProgramCounterPlugin_backendJumpInterface_rData[31]_i_5_n_0
                         LUT5 (Prop_lut5_I1_O)        0.105     4.325 r  u_wb/defaultClockArea_cpu/GlobalPredictorBTBPlugin_predictor/tournamentPht/rams_1/ProgramCounterPlugin_backendJumpInterface_rData[31]_i_2/O
                         net (fo=49, unplaced)        0.429     4.754    u_wb/defaultClockArea_cpu/ROBFIFOPlugin_robInfo/ram/rams_0/p_8621_in
                         LUT3 (Prop_lut3_I2_O)        0.105     4.859 r  u_wb/defaultClockArea_cpu/ROBFIFOPlugin_robInfo/ram/rams_0/CommitPlugin_regFlush_i_4/O
                         net (fo=6, unplaced)         0.379     5.238    u_wb/defaultClockArea_cpu/ROBFIFOPlugin_robInfo/ram/rams_1/CommitPlugin_regFlush_reg_rep__0
                         LUT6 (Prop_lut6_I2_O)        0.105     5.343 f  u_wb/defaultClockArea_cpu/ROBFIFOPlugin_robInfo/ram/rams_1/CommitPlugin_regFlush_i_2/O
                         net (fo=3, unplaced)         0.365     5.708    u_wb/defaultClockArea_cpu/ROBFIFOPlugin_robInfo/ram/rams_1_n_71
                         LUT6 (Prop_lut6_I5_O)        0.105     5.813 f  u_wb/defaultClockArea_cpu/ROBFIFOPlugin_robInfo/ram/mem_i_27__11/O
                         net (fo=28, unplaced)        0.415     6.228    u_wb/defaultClockArea_cpu/ROBFIFOPlugin_robInfo/ram/mem_i_27__11_n_0
                         LUT4 (Prop_lut4_I3_O)        0.105     6.333 f  u_wb/defaultClockArea_cpu/ROBFIFOPlugin_robInfo/ram/ExceptionHandlerPlugin_LLBCTL_LLBIT_i_2/O
                         net (fo=139, unplaced)       0.455     6.788    u_wb/defaultClockArea_cpu/ROBFIFOPlugin_robInfo/ram/ExceptionHandlerPlugin_LLBCTL_LLBIT_i_2_n_0
                         LUT2 (Prop_lut2_I1_O)        0.105     6.893 r  u_wb/defaultClockArea_cpu/ROBFIFOPlugin_robInfo/ram/ProgramCounterPlugin_backendJumpInterface_rData[5]_i_3/O
                         net (fo=40, unplaced)        0.659     7.552    u_wb/defaultClockArea_cpu/ROBFIFOPlugin_robInfo/ram/ProgramCounterPlugin_backendJumpInterface_rData[5]_i_3_n_0
                         LUT6 (Prop_lut6_I1_O)        0.105     7.657 f  u_wb/defaultClockArea_cpu/ROBFIFOPlugin_robInfo/ram/ProgramCounterPlugin_backendJumpInterface_rData[6]_i_2/O
                         net (fo=1, unplaced)         0.347     8.004    u_wb/defaultClockArea_cpu/ROBFIFOPlugin_robInfo/ram/ProgramCounterPlugin_backendJumpInterface_rData[6]_i_2_n_0
                         LUT6 (Prop_lut6_I5_O)        0.105     8.109 f  u_wb/defaultClockArea_cpu/ROBFIFOPlugin_robInfo/ram/ProgramCounterPlugin_backendJumpInterface_rData[6]_i_1/O
                         net (fo=2, unplaced)         0.358     8.467    u_wb/defaultClockArea_cpu/ROBFIFOPlugin_robInfo/ram/ROBFIFOPlugin_fifoIO_pop_0_payload_state_except_payload_isTLBRefill_reg[6]
                         LUT3 (Prop_lut3_I2_O)        0.105     8.572 f  u_wb/defaultClockArea_cpu/ROBFIFOPlugin_robInfo/ram/mem_i_33__11/O
                         net (fo=4, unplaced)         0.371     8.943    u_wb/defaultClockArea_cpu/ROBFIFOPlugin_robInfo/ram/mem_i_33__11_n_0
                         LUT6 (Prop_lut6_I0_O)        0.105     9.048 f  u_wb/defaultClockArea_cpu/ROBFIFOPlugin_robInfo/ram/mem_i_12__18/O
                         net (fo=26, unplaced)        0.648     9.696    u_wb/defaultClockArea_cpu/ROBFIFOPlugin_robInfo/ram/ProgramCounterPlugin_backendJumpInterface_rValid_reg_inv_2
                         LUT6 (Prop_lut6_I1_O)        0.105     9.801 r  u_wb/defaultClockArea_cpu/ROBFIFOPlugin_robInfo/ram/mem_i_33__7/O
                         net (fo=12, unplaced)        0.395    10.196    u_wb/defaultClockArea_cpu/ROBFIFOPlugin_robInfo/ram/mem_i_33__7_n_0
                         LUT6 (Prop_lut6_I2_O)        0.105    10.301 r  u_wb/defaultClockArea_cpu/ROBFIFOPlugin_robInfo/ram/mem_i_15__11/O
                         net (fo=1, unplaced)         0.646    10.946    u_wb/defaultClockArea_cpu/GlobalPredictorBTBPlugin_predictor/tournamentPht/rams_1/mem/xpm_memory_base_inst/addrb[9]
                         RAMB18E1                                     r  u_wb/defaultClockArea_cpu/GlobalPredictorBTBPlugin_predictor/tournamentPht/rams_1/mem/xpm_memory_base_inst/gen_wr_a.gen_word_narrow.mem_reg/ADDRBWRADDR[13]
  -------------------------------------------------------------------    -------------------

                         (clock aclk rise edge)      10.000    10.000 r  
                                                      0.000    10.000 r  aclk (IN)
                         net (fo=0)                   0.000    10.000    aclk
                         IBUF (Prop_ibuf_I_O)         0.751    10.751 r  aclk_IBUF_inst/O
                         net (fo=1, unplaced)         0.613    11.365    aclk_IBUF
                         BUFG (Prop_bufg_I_O)         0.077    11.442 r  aclk_IBUF_BUFG_inst/O
                         net (fo=17764, unplaced)     0.439    11.881    u_wb/defaultClockArea_cpu/GlobalPredictorBTBPlugin_predictor/tournamentPht/rams_1/mem/xpm_memory_base_inst/clka
                         RAMB18E1                                     r  u_wb/defaultClockArea_cpu/GlobalPredictorBTBPlugin_predictor/tournamentPht/rams_1/mem/xpm_memory_base_inst/gen_wr_a.gen_word_narrow.mem_reg/CLKBWRCLK
                         clock pessimism              0.167    12.048    
                         clock uncertainty           -0.035    12.012    
                         RAMB18E1 (Setup_ramb18e1_CLKBWRCLK_ADDRBWRADDR[13])
                                                     -0.490    11.522    u_wb/defaultClockArea_cpu/GlobalPredictorBTBPlugin_predictor/tournamentPht/rams_1/mem/xpm_memory_base_inst/gen_wr_a.gen_word_narrow.mem_reg
  -------------------------------------------------------------------
                         required time                         11.522    
                         arrival time                         -10.946    
  -------------------------------------------------------------------
                         slack                                  0.576    

Slack (MET) :             0.576ns  (required time - arrival time)
  Source:                 u_wb/defaultClockArea_cpu/ExceptionHandlerPlugin_ESTAT_IS_2_reg[1]/C
                            (rising edge-triggered cell FDCE clocked by aclk  {rise@0.000ns fall@5.000ns period=10.000ns})
  Destination:            u_wb/defaultClockArea_cpu/GlobalPredictorBTBPlugin_predictor/tournamentPht/rams_2/mem/xpm_memory_base_inst/gen_wr_a.gen_word_narrow.mem_reg/ADDRBWRADDR[10]
                            (rising edge-triggered cell RAMB18E1 clocked by aclk  {rise@0.000ns fall@5.000ns period=10.000ns})
  Path Group:             aclk
  Path Type:              Setup (Max at Slow Process Corner)
  Requirement:            10.000ns  (aclk rise@10.000ns - aclk rise@0.000ns)
  Data Path Delay:        8.754ns  (logic 1.976ns (22.574%)  route 6.778ns (77.426%))
  Logic Levels:           14  (LUT2=1 LUT3=3 LUT4=2 LUT5=2 LUT6=6)
  Clock Path Skew:        -0.145ns (DCD - SCD + CPR)
    Destination Clock Delay (DCD):    1.881ns = ( 11.881 - 10.000 ) 
    Source Clock Delay      (SCD):    2.193ns
    Clock Pessimism Removal (CPR):    0.167ns
  Clock Uncertainty:      0.035ns  ((TSJ^2 + TIJ^2)^1/2 + DJ) / 2 + PE
    Total System Jitter     (TSJ):    0.071ns
    Total Input Jitter      (TIJ):    0.000ns
    Discrete Jitter          (DJ):    0.000ns
    Phase Error              (PE):    0.000ns

    Location             Delay type                Incr(ns)  Path(ns)    Netlist Resource(s)
  -------------------------------------------------------------------    -------------------
                         (clock aclk rise edge)       0.000     0.000 r  
                                                      0.000     0.000 r  aclk (IN)
                         net (fo=0)                   0.000     0.000    aclk
                         IBUF (Prop_ibuf_I_O)         0.882     0.882 r  aclk_IBUF_inst/O
                         net (fo=1, unplaced)         0.646     1.528    aclk_IBUF
                         BUFG (Prop_bufg_I_O)         0.081     1.609 r  aclk_IBUF_BUFG_inst/O
                         net (fo=17764, unplaced)     0.584     2.193    u_wb/defaultClockArea_cpu/aclk_IBUF_BUFG
                         FDCE                                         r  u_wb/defaultClockArea_cpu/ExceptionHandlerPlugin_ESTAT_IS_2_reg[1]/C
  -------------------------------------------------------------------    -------------------
                         FDCE (Prop_fdce_C_Q)         0.379     2.572 r  u_wb/defaultClockArea_cpu/ExceptionHandlerPlugin_ESTAT_IS_2_reg[1]/Q
                         net (fo=3, unplaced)         0.617     3.189    u_wb/defaultClockArea_cpu/GlobalPredictorBTBPlugin_predictor/tournamentPht/rams_1/ProgramCounterPlugin_backendJumpInterface_rData[31]_i_2_3[1]
                         LUT4 (Prop_lut4_I1_O)        0.232     3.421 r  u_wb/defaultClockArea_cpu/GlobalPredictorBTBPlugin_predictor/tournamentPht/rams_1/ProgramCounterPlugin_backendJumpInterface_rData[31]_i_11/O
                         net (fo=1, unplaced)         0.347     3.768    u_wb/defaultClockArea_cpu/GlobalPredictorBTBPlugin_predictor/tournamentPht/rams_1/ProgramCounterPlugin_backendJumpInterface_rData[31]_i_11_n_0
                         LUT5 (Prop_lut5_I4_O)        0.105     3.873 r  u_wb/defaultClockArea_cpu/GlobalPredictorBTBPlugin_predictor/tournamentPht/rams_1/ProgramCounterPlugin_backendJumpInterface_rData[31]_i_5/O
                         net (fo=1, unplaced)         0.347     4.220    u_wb/defaultClockArea_cpu/GlobalPredictorBTBPlugin_predictor/tournamentPht/rams_1/ProgramCounterPlugin_backendJumpInterface_rData[31]_i_5_n_0
                         LUT5 (Prop_lut5_I1_O)        0.105     4.325 r  u_wb/defaultClockArea_cpu/GlobalPredictorBTBPlugin_predictor/tournamentPht/rams_1/ProgramCounterPlugin_backendJumpInterface_rData[31]_i_2/O
                         net (fo=49, unplaced)        0.429     4.754    u_wb/defaultClockArea_cpu/ROBFIFOPlugin_robInfo/ram/rams_0/p_8621_in
                         LUT3 (Prop_lut3_I2_O)        0.105     4.859 r  u_wb/defaultClockArea_cpu/ROBFIFOPlugin_robInfo/ram/rams_0/CommitPlugin_regFlush_i_4/O
                         net (fo=6, unplaced)         0.379     5.238    u_wb/defaultClockArea_cpu/ROBFIFOPlugin_robInfo/ram/rams_1/CommitPlugin_regFlush_reg_rep__0
                         LUT6 (Prop_lut6_I2_O)        0.105     5.343 f  u_wb/defaultClockArea_cpu/ROBFIFOPlugin_robInfo/ram/rams_1/CommitPlugin_regFlush_i_2/O
                         net (fo=3, unplaced)         0.365     5.708    u_wb/defaultClockArea_cpu/ROBFIFOPlugin_robInfo/ram/rams_1_n_71
                         LUT6 (Prop_lut6_I5_O)        0.105     5.813 f  u_wb/defaultClockArea_cpu/ROBFIFOPlugin_robInfo/ram/mem_i_27__11/O
                         net (fo=28, unplaced)        0.415     6.228    u_wb/defaultClockArea_cpu/ROBFIFOPlugin_robInfo/ram/mem_i_27__11_n_0
                         LUT4 (Prop_lut4_I3_O)        0.105     6.333 f  u_wb/defaultClockArea_cpu/ROBFIFOPlugin_robInfo/ram/ExceptionHandlerPlugin_LLBCTL_LLBIT_i_2/O
                         net (fo=139, unplaced)       0.455     6.788    u_wb/defaultClockArea_cpu/ROBFIFOPlugin_robInfo/ram/ExceptionHandlerPlugin_LLBCTL_LLBIT_i_2_n_0
                         LUT2 (Prop_lut2_I1_O)        0.105     6.893 r  u_wb/defaultClockArea_cpu/ROBFIFOPlugin_robInfo/ram/ProgramCounterPlugin_backendJumpInterface_rData[5]_i_3/O
                         net (fo=40, unplaced)        0.659     7.552    u_wb/defaultClockArea_cpu/ROBFIFOPlugin_robInfo/ram/ProgramCounterPlugin_backendJumpInterface_rData[5]_i_3_n_0
                         LUT6 (Prop_lut6_I1_O)        0.105     7.657 f  u_wb/defaultClockArea_cpu/ROBFIFOPlugin_robInfo/ram/ProgramCounterPlugin_backendJumpInterface_rData[6]_i_2/O
                         net (fo=1, unplaced)         0.347     8.004    u_wb/defaultClockArea_cpu/ROBFIFOPlugin_robInfo/ram/ProgramCounterPlugin_backendJumpInterface_rData[6]_i_2_n_0
                         LUT6 (Prop_lut6_I5_O)        0.105     8.109 f  u_wb/defaultClockArea_cpu/ROBFIFOPlugin_robInfo/ram/ProgramCounterPlugin_backendJumpInterface_rData[6]_i_1/O
                         net (fo=2, unplaced)         0.358     8.467    u_wb/defaultClockArea_cpu/ROBFIFOPlugin_robInfo/ram/ROBFIFOPlugin_fifoIO_pop_0_payload_state_except_payload_isTLBRefill_reg[6]
                         LUT3 (Prop_lut3_I2_O)        0.105     8.572 f  u_wb/defaultClockArea_cpu/ROBFIFOPlugin_robInfo/ram/mem_i_33__11/O
                         net (fo=4, unplaced)         0.371     8.943    u_wb/defaultClockArea_cpu/ROBFIFOPlugin_robInfo/ram/mem_i_33__11_n_0
                         LUT6 (Prop_lut6_I0_O)        0.105     9.048 f  u_wb/defaultClockArea_cpu/ROBFIFOPlugin_robInfo/ram/mem_i_12__18/O
                         net (fo=26, unplaced)        0.648     9.696    u_wb/defaultClockArea_cpu/ROBFIFOPlugin_robInfo/ram/ProgramCounterPlugin_backendJumpInterface_rValid_reg_inv_2
                         LUT6 (Prop_lut6_I1_O)        0.105     9.801 r  u_wb/defaultClockArea_cpu/ROBFIFOPlugin_robInfo/ram/mem_i_33__7/O
                         net (fo=12, unplaced)        0.395    10.196    u_wb/defaultClockArea_cpu/ROBFIFOPlugin_robInfo/ram/mem_i_33__7_n_0
                         LUT3 (Prop_lut3_I0_O)        0.105    10.301 r  u_wb/defaultClockArea_cpu/ROBFIFOPlugin_robInfo/ram/mem_i_18__7/O
                         net (fo=1, unplaced)         0.646    10.946    u_wb/defaultClockArea_cpu/GlobalPredictorBTBPlugin_predictor/tournamentPht/rams_2/mem/xpm_memory_base_inst/addrb[6]
                         RAMB18E1                                     r  u_wb/defaultClockArea_cpu/GlobalPredictorBTBPlugin_predictor/tournamentPht/rams_2/mem/xpm_memory_base_inst/gen_wr_a.gen_word_narrow.mem_reg/ADDRBWRADDR[10]
  -------------------------------------------------------------------    -------------------

                         (clock aclk rise edge)      10.000    10.000 r  
                                                      0.000    10.000 r  aclk (IN)
                         net (fo=0)                   0.000    10.000    aclk
                         IBUF (Prop_ibuf_I_O)         0.751    10.751 r  aclk_IBUF_inst/O
                         net (fo=1, unplaced)         0.613    11.365    aclk_IBUF
                         BUFG (Prop_bufg_I_O)         0.077    11.442 r  aclk_IBUF_BUFG_inst/O
                         net (fo=17764, unplaced)     0.439    11.881    u_wb/defaultClockArea_cpu/GlobalPredictorBTBPlugin_predictor/tournamentPht/rams_2/mem/xpm_memory_base_inst/clka
                         RAMB18E1                                     r  u_wb/defaultClockArea_cpu/GlobalPredictorBTBPlugin_predictor/tournamentPht/rams_2/mem/xpm_memory_base_inst/gen_wr_a.gen_word_narrow.mem_reg/CLKBWRCLK
                         clock pessimism              0.167    12.048    
                         clock uncertainty           -0.035    12.012    
                         RAMB18E1 (Setup_ramb18e1_CLKBWRCLK_ADDRBWRADDR[10])
                                                     -0.490    11.522    u_wb/defaultClockArea_cpu/GlobalPredictorBTBPlugin_predictor/tournamentPht/rams_2/mem/xpm_memory_base_inst/gen_wr_a.gen_word_narrow.mem_reg
  -------------------------------------------------------------------
                         required time                         11.522    
                         arrival time                         -10.946    
  -------------------------------------------------------------------
                         slack                                  0.576    

Slack (MET) :             0.576ns  (required time - arrival time)
  Source:                 u_wb/defaultClockArea_cpu/ExceptionHandlerPlugin_ESTAT_IS_2_reg[1]/C
                            (rising edge-triggered cell FDCE clocked by aclk  {rise@0.000ns fall@5.000ns period=10.000ns})
  Destination:            u_wb/defaultClockArea_cpu/GlobalPredictorBTBPlugin_predictor/tournamentPht/rams_2/mem/xpm_memory_base_inst/gen_wr_a.gen_word_narrow.mem_reg/ADDRBWRADDR[11]
                            (rising edge-triggered cell RAMB18E1 clocked by aclk  {rise@0.000ns fall@5.000ns period=10.000ns})
  Path Group:             aclk
  Path Type:              Setup (Max at Slow Process Corner)
  Requirement:            10.000ns  (aclk rise@10.000ns - aclk rise@0.000ns)
  Data Path Delay:        8.754ns  (logic 1.976ns (22.574%)  route 6.778ns (77.426%))
  Logic Levels:           14  (LUT2=1 LUT3=2 LUT4=3 LUT5=2 LUT6=6)
  Clock Path Skew:        -0.145ns (DCD - SCD + CPR)
    Destination Clock Delay (DCD):    1.881ns = ( 11.881 - 10.000 ) 
    Source Clock Delay      (SCD):    2.193ns
    Clock Pessimism Removal (CPR):    0.167ns
  Clock Uncertainty:      0.035ns  ((TSJ^2 + TIJ^2)^1/2 + DJ) / 2 + PE
    Total System Jitter     (TSJ):    0.071ns
    Total Input Jitter      (TIJ):    0.000ns
    Discrete Jitter          (DJ):    0.000ns
    Phase Error              (PE):    0.000ns

    Location             Delay type                Incr(ns)  Path(ns)    Netlist Resource(s)
  -------------------------------------------------------------------    -------------------
                         (clock aclk rise edge)       0.000     0.000 r  
                                                      0.000     0.000 r  aclk (IN)
                         net (fo=0)                   0.000     0.000    aclk
                         IBUF (Prop_ibuf_I_O)         0.882     0.882 r  aclk_IBUF_inst/O
                         net (fo=1, unplaced)         0.646     1.528    aclk_IBUF
                         BUFG (Prop_bufg_I_O)         0.081     1.609 r  aclk_IBUF_BUFG_inst/O
                         net (fo=17764, unplaced)     0.584     2.193    u_wb/defaultClockArea_cpu/aclk_IBUF_BUFG
                         FDCE                                         r  u_wb/defaultClockArea_cpu/ExceptionHandlerPlugin_ESTAT_IS_2_reg[1]/C
  -------------------------------------------------------------------    -------------------
                         FDCE (Prop_fdce_C_Q)         0.379     2.572 r  u_wb/defaultClockArea_cpu/ExceptionHandlerPlugin_ESTAT_IS_2_reg[1]/Q
                         net (fo=3, unplaced)         0.617     3.189    u_wb/defaultClockArea_cpu/GlobalPredictorBTBPlugin_predictor/tournamentPht/rams_1/ProgramCounterPlugin_backendJumpInterface_rData[31]_i_2_3[1]
                         LUT4 (Prop_lut4_I1_O)        0.232     3.421 r  u_wb/defaultClockArea_cpu/GlobalPredictorBTBPlugin_predictor/tournamentPht/rams_1/ProgramCounterPlugin_backendJumpInterface_rData[31]_i_11/O
                         net (fo=1, unplaced)         0.347     3.768    u_wb/defaultClockArea_cpu/GlobalPredictorBTBPlugin_predictor/tournamentPht/rams_1/ProgramCounterPlugin_backendJumpInterface_rData[31]_i_11_n_0
                         LUT5 (Prop_lut5_I4_O)        0.105     3.873 r  u_wb/defaultClockArea_cpu/GlobalPredictorBTBPlugin_predictor/tournamentPht/rams_1/ProgramCounterPlugin_backendJumpInterface_rData[31]_i_5/O
                         net (fo=1, unplaced)         0.347     4.220    u_wb/defaultClockArea_cpu/GlobalPredictorBTBPlugin_predictor/tournamentPht/rams_1/ProgramCounterPlugin_backendJumpInterface_rData[31]_i_5_n_0
                         LUT5 (Prop_lut5_I1_O)        0.105     4.325 r  u_wb/defaultClockArea_cpu/GlobalPredictorBTBPlugin_predictor/tournamentPht/rams_1/ProgramCounterPlugin_backendJumpInterface_rData[31]_i_2/O
                         net (fo=49, unplaced)        0.429     4.754    u_wb/defaultClockArea_cpu/ROBFIFOPlugin_robInfo/ram/rams_0/p_8621_in
                         LUT3 (Prop_lut3_I2_O)        0.105     4.859 r  u_wb/defaultClockArea_cpu/ROBFIFOPlugin_robInfo/ram/rams_0/CommitPlugin_regFlush_i_4/O
                         net (fo=6, unplaced)         0.379     5.238    u_wb/defaultClockArea_cpu/ROBFIFOPlugin_robInfo/ram/rams_1/CommitPlugin_regFlush_reg_rep__0
                         LUT6 (Prop_lut6_I2_O)        0.105     5.343 f  u_wb/defaultClockArea_cpu/ROBFIFOPlugin_robInfo/ram/rams_1/CommitPlugin_regFlush_i_2/O
                         net (fo=3, unplaced)         0.365     5.708    u_wb/defaultClockArea_cpu/ROBFIFOPlugin_robInfo/ram/rams_1_n_71
                         LUT6 (Prop_lut6_I5_O)        0.105     5.813 f  u_wb/defaultClockArea_cpu/ROBFIFOPlugin_robInfo/ram/mem_i_27__11/O
                         net (fo=28, unplaced)        0.415     6.228    u_wb/defaultClockArea_cpu/ROBFIFOPlugin_robInfo/ram/mem_i_27__11_n_0
                         LUT4 (Prop_lut4_I3_O)        0.105     6.333 f  u_wb/defaultClockArea_cpu/ROBFIFOPlugin_robInfo/ram/ExceptionHandlerPlugin_LLBCTL_LLBIT_i_2/O
                         net (fo=139, unplaced)       0.455     6.788    u_wb/defaultClockArea_cpu/ROBFIFOPlugin_robInfo/ram/ExceptionHandlerPlugin_LLBCTL_LLBIT_i_2_n_0
                         LUT2 (Prop_lut2_I1_O)        0.105     6.893 r  u_wb/defaultClockArea_cpu/ROBFIFOPlugin_robInfo/ram/ProgramCounterPlugin_backendJumpInterface_rData[5]_i_3/O
                         net (fo=40, unplaced)        0.659     7.552    u_wb/defaultClockArea_cpu/ROBFIFOPlugin_robInfo/ram/ProgramCounterPlugin_backendJumpInterface_rData[5]_i_3_n_0
                         LUT6 (Prop_lut6_I1_O)        0.105     7.657 f  u_wb/defaultClockArea_cpu/ROBFIFOPlugin_robInfo/ram/ProgramCounterPlugin_backendJumpInterface_rData[6]_i_2/O
                         net (fo=1, unplaced)         0.347     8.004    u_wb/defaultClockArea_cpu/ROBFIFOPlugin_robInfo/ram/ProgramCounterPlugin_backendJumpInterface_rData[6]_i_2_n_0
                         LUT6 (Prop_lut6_I5_O)        0.105     8.109 f  u_wb/defaultClockArea_cpu/ROBFIFOPlugin_robInfo/ram/ProgramCounterPlugin_backendJumpInterface_rData[6]_i_1/O
                         net (fo=2, unplaced)         0.358     8.467    u_wb/defaultClockArea_cpu/ROBFIFOPlugin_robInfo/ram/ROBFIFOPlugin_fifoIO_pop_0_payload_state_except_payload_isTLBRefill_reg[6]
                         LUT3 (Prop_lut3_I2_O)        0.105     8.572 f  u_wb/defaultClockArea_cpu/ROBFIFOPlugin_robInfo/ram/mem_i_33__11/O
                         net (fo=4, unplaced)         0.371     8.943    u_wb/defaultClockArea_cpu/ROBFIFOPlugin_robInfo/ram/mem_i_33__11_n_0
                         LUT6 (Prop_lut6_I0_O)        0.105     9.048 f  u_wb/defaultClockArea_cpu/ROBFIFOPlugin_robInfo/ram/mem_i_12__18/O
                         net (fo=26, unplaced)        0.648     9.696    u_wb/defaultClockArea_cpu/ROBFIFOPlugin_robInfo/ram/ProgramCounterPlugin_backendJumpInterface_rValid_reg_inv_2
                         LUT6 (Prop_lut6_I1_O)        0.105     9.801 r  u_wb/defaultClockArea_cpu/ROBFIFOPlugin_robInfo/ram/mem_i_33__7/O
                         net (fo=12, unplaced)        0.395    10.196    u_wb/defaultClockArea_cpu/ROBFIFOPlugin_robInfo/ram/mem_i_33__7_n_0
                         LUT4 (Prop_lut4_I1_O)        0.105    10.301 r  u_wb/defaultClockArea_cpu/ROBFIFOPlugin_robInfo/ram/mem_i_17__9/O
                         net (fo=1, unplaced)         0.646    10.946    u_wb/defaultClockArea_cpu/GlobalPredictorBTBPlugin_predictor/tournamentPht/rams_2/mem/xpm_memory_base_inst/addrb[7]
                         RAMB18E1                                     r  u_wb/defaultClockArea_cpu/GlobalPredictorBTBPlugin_predictor/tournamentPht/rams_2/mem/xpm_memory_base_inst/gen_wr_a.gen_word_narrow.mem_reg/ADDRBWRADDR[11]
  -------------------------------------------------------------------    -------------------

                         (clock aclk rise edge)      10.000    10.000 r  
                                                      0.000    10.000 r  aclk (IN)
                         net (fo=0)                   0.000    10.000    aclk
                         IBUF (Prop_ibuf_I_O)         0.751    10.751 r  aclk_IBUF_inst/O
                         net (fo=1, unplaced)         0.613    11.365    aclk_IBUF
                         BUFG (Prop_bufg_I_O)         0.077    11.442 r  aclk_IBUF_BUFG_inst/O
                         net (fo=17764, unplaced)     0.439    11.881    u_wb/defaultClockArea_cpu/GlobalPredictorBTBPlugin_predictor/tournamentPht/rams_2/mem/xpm_memory_base_inst/clka
                         RAMB18E1                                     r  u_wb/defaultClockArea_cpu/GlobalPredictorBTBPlugin_predictor/tournamentPht/rams_2/mem/xpm_memory_base_inst/gen_wr_a.gen_word_narrow.mem_reg/CLKBWRCLK
                         clock pessimism              0.167    12.048    
                         clock uncertainty           -0.035    12.012    
                         RAMB18E1 (Setup_ramb18e1_CLKBWRCLK_ADDRBWRADDR[11])
                                                     -0.490    11.522    u_wb/defaultClockArea_cpu/GlobalPredictorBTBPlugin_predictor/tournamentPht/rams_2/mem/xpm_memory_base_inst/gen_wr_a.gen_word_narrow.mem_reg
  -------------------------------------------------------------------
                         required time                         11.522    
                         arrival time                         -10.946    
  -------------------------------------------------------------------
                         slack                                  0.576    

Slack (MET) :             0.576ns  (required time - arrival time)
  Source:                 u_wb/defaultClockArea_cpu/ExceptionHandlerPlugin_ESTAT_IS_2_reg[1]/C
                            (rising edge-triggered cell FDCE clocked by aclk  {rise@0.000ns fall@5.000ns period=10.000ns})
  Destination:            u_wb/defaultClockArea_cpu/GlobalPredictorBTBPlugin_predictor/tournamentPht/rams_2/mem/xpm_memory_base_inst/gen_wr_a.gen_word_narrow.mem_reg/ADDRBWRADDR[12]
                            (rising edge-triggered cell RAMB18E1 clocked by aclk  {rise@0.000ns fall@5.000ns period=10.000ns})
  Path Group:             aclk
  Path Type:              Setup (Max at Slow Process Corner)
  Requirement:            10.000ns  (aclk rise@10.000ns - aclk rise@0.000ns)
  Data Path Delay:        8.754ns  (logic 1.976ns (22.574%)  route 6.778ns (77.426%))
  Logic Levels:           14  (LUT2=1 LUT3=2 LUT4=2 LUT5=3 LUT6=6)
  Clock Path Skew:        -0.145ns (DCD - SCD + CPR)
    Destination Clock Delay (DCD):    1.881ns = ( 11.881 - 10.000 ) 
    Source Clock Delay      (SCD):    2.193ns
    Clock Pessimism Removal (CPR):    0.167ns
  Clock Uncertainty:      0.035ns  ((TSJ^2 + TIJ^2)^1/2 + DJ) / 2 + PE
    Total System Jitter     (TSJ):    0.071ns
    Total Input Jitter      (TIJ):    0.000ns
    Discrete Jitter          (DJ):    0.000ns
    Phase Error              (PE):    0.000ns

    Location             Delay type                Incr(ns)  Path(ns)    Netlist Resource(s)
  -------------------------------------------------------------------    -------------------
                         (clock aclk rise edge)       0.000     0.000 r  
                                                      0.000     0.000 r  aclk (IN)
                         net (fo=0)                   0.000     0.000    aclk
                         IBUF (Prop_ibuf_I_O)         0.882     0.882 r  aclk_IBUF_inst/O
                         net (fo=1, unplaced)         0.646     1.528    aclk_IBUF
                         BUFG (Prop_bufg_I_O)         0.081     1.609 r  aclk_IBUF_BUFG_inst/O
                         net (fo=17764, unplaced)     0.584     2.193    u_wb/defaultClockArea_cpu/aclk_IBUF_BUFG
                         FDCE                                         r  u_wb/defaultClockArea_cpu/ExceptionHandlerPlugin_ESTAT_IS_2_reg[1]/C
  -------------------------------------------------------------------    -------------------
                         FDCE (Prop_fdce_C_Q)         0.379     2.572 r  u_wb/defaultClockArea_cpu/ExceptionHandlerPlugin_ESTAT_IS_2_reg[1]/Q
                         net (fo=3, unplaced)         0.617     3.189    u_wb/defaultClockArea_cpu/GlobalPredictorBTBPlugin_predictor/tournamentPht/rams_1/ProgramCounterPlugin_backendJumpInterface_rData[31]_i_2_3[1]
                         LUT4 (Prop_lut4_I1_O)        0.232     3.421 r  u_wb/defaultClockArea_cpu/GlobalPredictorBTBPlugin_predictor/tournamentPht/rams_1/ProgramCounterPlugin_backendJumpInterface_rData[31]_i_11/O
                         net (fo=1, unplaced)         0.347     3.768    u_wb/defaultClockArea_cpu/GlobalPredictorBTBPlugin_predictor/tournamentPht/rams_1/ProgramCounterPlugin_backendJumpInterface_rData[31]_i_11_n_0
                         LUT5 (Prop_lut5_I4_O)        0.105     3.873 r  u_wb/defaultClockArea_cpu/GlobalPredictorBTBPlugin_predictor/tournamentPht/rams_1/ProgramCounterPlugin_backendJumpInterface_rData[31]_i_5/O
                         net (fo=1, unplaced)         0.347     4.220    u_wb/defaultClockArea_cpu/GlobalPredictorBTBPlugin_predictor/tournamentPht/rams_1/ProgramCounterPlugin_backendJumpInterface_rData[31]_i_5_n_0
                         LUT5 (Prop_lut5_I1_O)        0.105     4.325 r  u_wb/defaultClockArea_cpu/GlobalPredictorBTBPlugin_predictor/tournamentPht/rams_1/ProgramCounterPlugin_backendJumpInterface_rData[31]_i_2/O
                         net (fo=49, unplaced)        0.429     4.754    u_wb/defaultClockArea_cpu/ROBFIFOPlugin_robInfo/ram/rams_0/p_8621_in
                         LUT3 (Prop_lut3_I2_O)        0.105     4.859 r  u_wb/defaultClockArea_cpu/ROBFIFOPlugin_robInfo/ram/rams_0/CommitPlugin_regFlush_i_4/O
                         net (fo=6, unplaced)         0.379     5.238    u_wb/defaultClockArea_cpu/ROBFIFOPlugin_robInfo/ram/rams_1/CommitPlugin_regFlush_reg_rep__0
                         LUT6 (Prop_lut6_I2_O)        0.105     5.343 f  u_wb/defaultClockArea_cpu/ROBFIFOPlugin_robInfo/ram/rams_1/CommitPlugin_regFlush_i_2/O
                         net (fo=3, unplaced)         0.365     5.708    u_wb/defaultClockArea_cpu/ROBFIFOPlugin_robInfo/ram/rams_1_n_71
                         LUT6 (Prop_lut6_I5_O)        0.105     5.813 f  u_wb/defaultClockArea_cpu/ROBFIFOPlugin_robInfo/ram/mem_i_27__11/O
                         net (fo=28, unplaced)        0.415     6.228    u_wb/defaultClockArea_cpu/ROBFIFOPlugin_robInfo/ram/mem_i_27__11_n_0
                         LUT4 (Prop_lut4_I3_O)        0.105     6.333 f  u_wb/defaultClockArea_cpu/ROBFIFOPlugin_robInfo/ram/ExceptionHandlerPlugin_LLBCTL_LLBIT_i_2/O
                         net (fo=139, unplaced)       0.455     6.788    u_wb/defaultClockArea_cpu/ROBFIFOPlugin_robInfo/ram/ExceptionHandlerPlugin_LLBCTL_LLBIT_i_2_n_0
                         LUT2 (Prop_lut2_I1_O)        0.105     6.893 r  u_wb/defaultClockArea_cpu/ROBFIFOPlugin_robInfo/ram/ProgramCounterPlugin_backendJumpInterface_rData[5]_i_3/O
                         net (fo=40, unplaced)        0.659     7.552    u_wb/defaultClockArea_cpu/ROBFIFOPlugin_robInfo/ram/ProgramCounterPlugin_backendJumpInterface_rData[5]_i_3_n_0
                         LUT6 (Prop_lut6_I1_O)        0.105     7.657 f  u_wb/defaultClockArea_cpu/ROBFIFOPlugin_robInfo/ram/ProgramCounterPlugin_backendJumpInterface_rData[6]_i_2/O
                         net (fo=1, unplaced)         0.347     8.004    u_wb/defaultClockArea_cpu/ROBFIFOPlugin_robInfo/ram/ProgramCounterPlugin_backendJumpInterface_rData[6]_i_2_n_0
                         LUT6 (Prop_lut6_I5_O)        0.105     8.109 f  u_wb/defaultClockArea_cpu/ROBFIFOPlugin_robInfo/ram/ProgramCounterPlugin_backendJumpInterface_rData[6]_i_1/O
                         net (fo=2, unplaced)         0.358     8.467    u_wb/defaultClockArea_cpu/ROBFIFOPlugin_robInfo/ram/ROBFIFOPlugin_fifoIO_pop_0_payload_state_except_payload_isTLBRefill_reg[6]
                         LUT3 (Prop_lut3_I2_O)        0.105     8.572 f  u_wb/defaultClockArea_cpu/ROBFIFOPlugin_robInfo/ram/mem_i_33__11/O
                         net (fo=4, unplaced)         0.371     8.943    u_wb/defaultClockArea_cpu/ROBFIFOPlugin_robInfo/ram/mem_i_33__11_n_0
                         LUT6 (Prop_lut6_I0_O)        0.105     9.048 f  u_wb/defaultClockArea_cpu/ROBFIFOPlugin_robInfo/ram/mem_i_12__18/O
                         net (fo=26, unplaced)        0.648     9.696    u_wb/defaultClockArea_cpu/ROBFIFOPlugin_robInfo/ram/ProgramCounterPlugin_backendJumpInterface_rValid_reg_inv_2
                         LUT6 (Prop_lut6_I1_O)        0.105     9.801 r  u_wb/defaultClockArea_cpu/ROBFIFOPlugin_robInfo/ram/mem_i_33__7/O
                         net (fo=12, unplaced)        0.395    10.196    u_wb/defaultClockArea_cpu/ROBFIFOPlugin_robInfo/ram/mem_i_33__7_n_0
                         LUT5 (Prop_lut5_I2_O)        0.105    10.301 r  u_wb/defaultClockArea_cpu/ROBFIFOPlugin_robInfo/ram/mem_i_16__9/O
                         net (fo=1, unplaced)         0.646    10.946    u_wb/defaultClockArea_cpu/GlobalPredictorBTBPlugin_predictor/tournamentPht/rams_2/mem/xpm_memory_base_inst/addrb[8]
                         RAMB18E1                                     r  u_wb/defaultClockArea_cpu/GlobalPredictorBTBPlugin_predictor/tournamentPht/rams_2/mem/xpm_memory_base_inst/gen_wr_a.gen_word_narrow.mem_reg/ADDRBWRADDR[12]
  -------------------------------------------------------------------    -------------------

                         (clock aclk rise edge)      10.000    10.000 r  
                                                      0.000    10.000 r  aclk (IN)
                         net (fo=0)                   0.000    10.000    aclk
                         IBUF (Prop_ibuf_I_O)         0.751    10.751 r  aclk_IBUF_inst/O
                         net (fo=1, unplaced)         0.613    11.365    aclk_IBUF
                         BUFG (Prop_bufg_I_O)         0.077    11.442 r  aclk_IBUF_BUFG_inst/O
                         net (fo=17764, unplaced)     0.439    11.881    u_wb/defaultClockArea_cpu/GlobalPredictorBTBPlugin_predictor/tournamentPht/rams_2/mem/xpm_memory_base_inst/clka
                         RAMB18E1                                     r  u_wb/defaultClockArea_cpu/GlobalPredictorBTBPlugin_predictor/tournamentPht/rams_2/mem/xpm_memory_base_inst/gen_wr_a.gen_word_narrow.mem_reg/CLKBWRCLK
                         clock pessimism              0.167    12.048    
                         clock uncertainty           -0.035    12.012    
                         RAMB18E1 (Setup_ramb18e1_CLKBWRCLK_ADDRBWRADDR[12])
                                                     -0.490    11.522    u_wb/defaultClockArea_cpu/GlobalPredictorBTBPlugin_predictor/tournamentPht/rams_2/mem/xpm_memory_base_inst/gen_wr_a.gen_word_narrow.mem_reg
  -------------------------------------------------------------------
                         required time                         11.522    
                         arrival time                         -10.946    
  -------------------------------------------------------------------
                         slack                                  0.576    

Slack (MET) :             0.576ns  (required time - arrival time)
  Source:                 u_wb/defaultClockArea_cpu/ExceptionHandlerPlugin_ESTAT_IS_2_reg[1]/C
                            (rising edge-triggered cell FDCE clocked by aclk  {rise@0.000ns fall@5.000ns period=10.000ns})
  Destination:            u_wb/defaultClockArea_cpu/GlobalPredictorBTBPlugin_predictor/tournamentPht/rams_2/mem/xpm_memory_base_inst/gen_wr_a.gen_word_narrow.mem_reg/ADDRBWRADDR[13]
                            (rising edge-triggered cell RAMB18E1 clocked by aclk  {rise@0.000ns fall@5.000ns period=10.000ns})
  Path Group:             aclk
  Path Type:              Setup (Max at Slow Process Corner)
  Requirement:            10.000ns  (aclk rise@10.000ns - aclk rise@0.000ns)
  Data Path Delay:        8.754ns  (logic 1.976ns (22.574%)  route 6.778ns (77.426%))
  Logic Levels:           14  (LUT2=1 LUT3=2 LUT4=2 LUT5=2 LUT6=7)
  Clock Path Skew:        -0.145ns (DCD - SCD + CPR)
    Destination Clock Delay (DCD):    1.881ns = ( 11.881 - 10.000 ) 
    Source Clock Delay      (SCD):    2.193ns
    Clock Pessimism Removal (CPR):    0.167ns
  Clock Uncertainty:      0.035ns  ((TSJ^2 + TIJ^2)^1/2 + DJ) / 2 + PE
    Total System Jitter     (TSJ):    0.071ns
    Total Input Jitter      (TIJ):    0.000ns
    Discrete Jitter          (DJ):    0.000ns
    Phase Error              (PE):    0.000ns

    Location             Delay type                Incr(ns)  Path(ns)    Netlist Resource(s)
  -------------------------------------------------------------------    -------------------
                         (clock aclk rise edge)       0.000     0.000 r  
                                                      0.000     0.000 r  aclk (IN)
                         net (fo=0)                   0.000     0.000    aclk
                         IBUF (Prop_ibuf_I_O)         0.882     0.882 r  aclk_IBUF_inst/O
                         net (fo=1, unplaced)         0.646     1.528    aclk_IBUF
                         BUFG (Prop_bufg_I_O)         0.081     1.609 r  aclk_IBUF_BUFG_inst/O
                         net (fo=17764, unplaced)     0.584     2.193    u_wb/defaultClockArea_cpu/aclk_IBUF_BUFG
                         FDCE                                         r  u_wb/defaultClockArea_cpu/ExceptionHandlerPlugin_ESTAT_IS_2_reg[1]/C
  -------------------------------------------------------------------    -------------------
                         FDCE (Prop_fdce_C_Q)         0.379     2.572 r  u_wb/defaultClockArea_cpu/ExceptionHandlerPlugin_ESTAT_IS_2_reg[1]/Q
                         net (fo=3, unplaced)         0.617     3.189    u_wb/defaultClockArea_cpu/GlobalPredictorBTBPlugin_predictor/tournamentPht/rams_1/ProgramCounterPlugin_backendJumpInterface_rData[31]_i_2_3[1]
                         LUT4 (Prop_lut4_I1_O)        0.232     3.421 r  u_wb/defaultClockArea_cpu/GlobalPredictorBTBPlugin_predictor/tournamentPht/rams_1/ProgramCounterPlugin_backendJumpInterface_rData[31]_i_11/O
                         net (fo=1, unplaced)         0.347     3.768    u_wb/defaultClockArea_cpu/GlobalPredictorBTBPlugin_predictor/tournamentPht/rams_1/ProgramCounterPlugin_backendJumpInterface_rData[31]_i_11_n_0
                         LUT5 (Prop_lut5_I4_O)        0.105     3.873 r  u_wb/defaultClockArea_cpu/GlobalPredictorBTBPlugin_predictor/tournamentPht/rams_1/ProgramCounterPlugin_backendJumpInterface_rData[31]_i_5/O
                         net (fo=1, unplaced)         0.347     4.220    u_wb/defaultClockArea_cpu/GlobalPredictorBTBPlugin_predictor/tournamentPht/rams_1/ProgramCounterPlugin_backendJumpInterface_rData[31]_i_5_n_0
                         LUT5 (Prop_lut5_I1_O)        0.105     4.325 r  u_wb/defaultClockArea_cpu/GlobalPredictorBTBPlugin_predictor/tournamentPht/rams_1/ProgramCounterPlugin_backendJumpInterface_rData[31]_i_2/O
                         net (fo=49, unplaced)        0.429     4.754    u_wb/defaultClockArea_cpu/ROBFIFOPlugin_robInfo/ram/rams_0/p_8621_in
                         LUT3 (Prop_lut3_I2_O)        0.105     4.859 r  u_wb/defaultClockArea_cpu/ROBFIFOPlugin_robInfo/ram/rams_0/CommitPlugin_regFlush_i_4/O
                         net (fo=6, unplaced)         0.379     5.238    u_wb/defaultClockArea_cpu/ROBFIFOPlugin_robInfo/ram/rams_1/CommitPlugin_regFlush_reg_rep__0
                         LUT6 (Prop_lut6_I2_O)        0.105     5.343 f  u_wb/defaultClockArea_cpu/ROBFIFOPlugin_robInfo/ram/rams_1/CommitPlugin_regFlush_i_2/O
                         net (fo=3, unplaced)         0.365     5.708    u_wb/defaultClockArea_cpu/ROBFIFOPlugin_robInfo/ram/rams_1_n_71
                         LUT6 (Prop_lut6_I5_O)        0.105     5.813 f  u_wb/defaultClockArea_cpu/ROBFIFOPlugin_robInfo/ram/mem_i_27__11/O
                         net (fo=28, unplaced)        0.415     6.228    u_wb/defaultClockArea_cpu/ROBFIFOPlugin_robInfo/ram/mem_i_27__11_n_0
                         LUT4 (Prop_lut4_I3_O)        0.105     6.333 f  u_wb/defaultClockArea_cpu/ROBFIFOPlugin_robInfo/ram/ExceptionHandlerPlugin_LLBCTL_LLBIT_i_2/O
                         net (fo=139, unplaced)       0.455     6.788    u_wb/defaultClockArea_cpu/ROBFIFOPlugin_robInfo/ram/ExceptionHandlerPlugin_LLBCTL_LLBIT_i_2_n_0
                         LUT2 (Prop_lut2_I1_O)        0.105     6.893 r  u_wb/defaultClockArea_cpu/ROBFIFOPlugin_robInfo/ram/ProgramCounterPlugin_backendJumpInterface_rData[5]_i_3/O
                         net (fo=40, unplaced)        0.659     7.552    u_wb/defaultClockArea_cpu/ROBFIFOPlugin_robInfo/ram/ProgramCounterPlugin_backendJumpInterface_rData[5]_i_3_n_0
                         LUT6 (Prop_lut6_I1_O)        0.105     7.657 f  u_wb/defaultClockArea_cpu/ROBFIFOPlugin_robInfo/ram/ProgramCounterPlugin_backendJumpInterface_rData[6]_i_2/O
                         net (fo=1, unplaced)         0.347     8.004    u_wb/defaultClockArea_cpu/ROBFIFOPlugin_robInfo/ram/ProgramCounterPlugin_backendJumpInterface_rData[6]_i_2_n_0
                         LUT6 (Prop_lut6_I5_O)        0.105     8.109 f  u_wb/defaultClockArea_cpu/ROBFIFOPlugin_robInfo/ram/ProgramCounterPlugin_backendJumpInterface_rData[6]_i_1/O
                         net (fo=2, unplaced)         0.358     8.467    u_wb/defaultClockArea_cpu/ROBFIFOPlugin_robInfo/ram/ROBFIFOPlugin_fifoIO_pop_0_payload_state_except_payload_isTLBRefill_reg[6]
                         LUT3 (Prop_lut3_I2_O)        0.105     8.572 f  u_wb/defaultClockArea_cpu/ROBFIFOPlugin_robInfo/ram/mem_i_33__11/O
                         net (fo=4, unplaced)         0.371     8.943    u_wb/defaultClockArea_cpu/ROBFIFOPlugin_robInfo/ram/mem_i_33__11_n_0
                         LUT6 (Prop_lut6_I0_O)        0.105     9.048 f  u_wb/defaultClockArea_cpu/ROBFIFOPlugin_robInfo/ram/mem_i_12__18/O
                         net (fo=26, unplaced)        0.648     9.696    u_wb/defaultClockArea_cpu/ROBFIFOPlugin_robInfo/ram/ProgramCounterPlugin_backendJumpInterface_rValid_reg_inv_2
                         LUT6 (Prop_lut6_I1_O)        0.105     9.801 r  u_wb/defaultClockArea_cpu/ROBFIFOPlugin_robInfo/ram/mem_i_33__7/O
                         net (fo=12, unplaced)        0.395    10.196    u_wb/defaultClockArea_cpu/ROBFIFOPlugin_robInfo/ram/mem_i_33__7_n_0
                         LUT6 (Prop_lut6_I2_O)        0.105    10.301 r  u_wb/defaultClockArea_cpu/ROBFIFOPlugin_robInfo/ram/mem_i_15__9/O
                         net (fo=1, unplaced)         0.646    10.946    u_wb/defaultClockArea_cpu/GlobalPredictorBTBPlugin_predictor/tournamentPht/rams_2/mem/xpm_memory_base_inst/addrb[9]
                         RAMB18E1                                     r  u_wb/defaultClockArea_cpu/GlobalPredictorBTBPlugin_predictor/tournamentPht/rams_2/mem/xpm_memory_base_inst/gen_wr_a.gen_word_narrow.mem_reg/ADDRBWRADDR[13]
  -------------------------------------------------------------------    -------------------

                         (clock aclk rise edge)      10.000    10.000 r  
                                                      0.000    10.000 r  aclk (IN)
                         net (fo=0)                   0.000    10.000    aclk
                         IBUF (Prop_ibuf_I_O)         0.751    10.751 r  aclk_IBUF_inst/O
                         net (fo=1, unplaced)         0.613    11.365    aclk_IBUF
                         BUFG (Prop_bufg_I_O)         0.077    11.442 r  aclk_IBUF_BUFG_inst/O
                         net (fo=17764, unplaced)     0.439    11.881    u_wb/defaultClockArea_cpu/GlobalPredictorBTBPlugin_predictor/tournamentPht/rams_2/mem/xpm_memory_base_inst/clka
                         RAMB18E1                                     r  u_wb/defaultClockArea_cpu/GlobalPredictorBTBPlugin_predictor/tournamentPht/rams_2/mem/xpm_memory_base_inst/gen_wr_a.gen_word_narrow.mem_reg/CLKBWRCLK
                         clock pessimism              0.167    12.048    
                         clock uncertainty           -0.035    12.012    
                         RAMB18E1 (Setup_ramb18e1_CLKBWRCLK_ADDRBWRADDR[13])
                                                     -0.490    11.522    u_wb/defaultClockArea_cpu/GlobalPredictorBTBPlugin_predictor/tournamentPht/rams_2/mem/xpm_memory_base_inst/gen_wr_a.gen_word_narrow.mem_reg
  -------------------------------------------------------------------
                         required time                         11.522    
                         arrival time                         -10.946    
  -------------------------------------------------------------------
                         slack                                  0.576    

Slack (MET) :             0.592ns  (required time - arrival time)
  Source:                 u_wb/defaultClockArea_cpu/ROBFIFOPlugin_robInfo/popPtr_reg[1]/C
                            (rising edge-triggered cell FDCE clocked by aclk  {rise@0.000ns fall@5.000ns period=10.000ns})
  Destination:            u_wb/defaultClockArea_cpu/RenamePlugin_freeList/io_pop_2_payload_reg[0]/D
                            (rising edge-triggered cell FDRE clocked by aclk  {rise@0.000ns fall@5.000ns period=10.000ns})
  Path Group:             aclk
  Path Type:              Setup (Max at Slow Process Corner)
  Requirement:            10.000ns  (aclk rise@10.000ns - aclk rise@0.000ns)
  Data Path Delay:        9.257ns  (logic 1.976ns (21.346%)  route 7.281ns (78.654%))
  Logic Levels:           14  (LUT2=1 LUT3=1 LUT5=2 LUT6=10)
  Clock Path Skew:        -0.145ns (DCD - SCD + CPR)
    Destination Clock Delay (DCD):    1.881ns = ( 11.881 - 10.000 ) 
    Source Clock Delay      (SCD):    2.193ns
    Clock Pessimism Removal (CPR):    0.167ns
  Clock Uncertainty:      0.035ns  ((TSJ^2 + TIJ^2)^1/2 + DJ) / 2 + PE
    Total System Jitter     (TSJ):    0.071ns
    Total Input Jitter      (TIJ):    0.000ns
    Discrete Jitter          (DJ):    0.000ns
    Phase Error              (PE):    0.000ns

    Location             Delay type                Incr(ns)  Path(ns)    Netlist Resource(s)
  -------------------------------------------------------------------    -------------------
                         (clock aclk rise edge)       0.000     0.000 r  
                                                      0.000     0.000 r  aclk (IN)
                         net (fo=0)                   0.000     0.000    aclk
                         IBUF (Prop_ibuf_I_O)         0.882     0.882 r  aclk_IBUF_inst/O
                         net (fo=1, unplaced)         0.646     1.528    aclk_IBUF
                         BUFG (Prop_bufg_I_O)         0.081     1.609 r  aclk_IBUF_BUFG_inst/O
                         net (fo=17764, unplaced)     0.584     2.193    u_wb/defaultClockArea_cpu/ROBFIFOPlugin_robInfo/aclk_IBUF_BUFG
                         FDCE                                         r  u_wb/defaultClockArea_cpu/ROBFIFOPlugin_robInfo/popPtr_reg[1]/C
  -------------------------------------------------------------------    -------------------
                         FDCE (Prop_fdce_C_Q)         0.379     2.572 r  u_wb/defaultClockArea_cpu/ROBFIFOPlugin_robInfo/popPtr_reg[1]/Q
                         net (fo=57, unplaced)        0.865     3.437    u_wb/defaultClockArea_cpu/ROBFIFOPlugin_robInfo/ram/rams_1/CommitPlugin_regFlush_i_9[1]
                         LUT6 (Prop_lut6_I0_O)        0.232     3.669 r  u_wb/defaultClockArea_cpu/ROBFIFOPlugin_robInfo/ram/rams_1/CommitPlugin_regFlush_i_15/O
                         net (fo=3, unplaced)         0.365     4.034    u_wb/defaultClockArea_cpu/ROBFIFOPlugin_robInfo/ram/rams_1/popPtr_reg[1]
                         LUT5 (Prop_lut5_I4_O)        0.105     4.139 r  u_wb/defaultClockArea_cpu/ROBFIFOPlugin_robInfo/ram/rams_1/ROBFIFOPlugin_fifoIO_pop_0_payload_state_except_payload_subcode[7]_i_18/O
                         net (fo=1, unplaced)         0.347     4.486    u_wb/defaultClockArea_cpu/ROBFIFOPlugin_robInfo/ram/rams_1/isEmpty0
                         LUT6 (Prop_lut6_I4_O)        0.105     4.591 r  u_wb/defaultClockArea_cpu/ROBFIFOPlugin_robInfo/ram/rams_1/ROBFIFOPlugin_fifoIO_pop_0_payload_state_except_payload_subcode[7]_i_15/O
                         net (fo=3, unplaced)         0.365     4.956    u_wb/defaultClockArea_cpu/ROBFIFOPlugin_robInfo/ram_n_1860
                         LUT5 (Prop_lut5_I4_O)        0.105     5.061 r  u_wb/defaultClockArea_cpu/ROBFIFOPlugin_robInfo/ROBFIFOPlugin_fifoIO_pop_0_payload_state_except_payload_subcode[7]_i_12/O
                         net (fo=3, unplaced)         0.600     5.661    u_wb/defaultClockArea_cpu/ROBFIFOPlugin_robInfo/popPtr_reg[0]_0
                         LUT6 (Prop_lut6_I0_O)        0.105     5.766 f  u_wb/defaultClockArea_cpu/ROBFIFOPlugin_robInfo/ID_to_RENAME_DECODE_PACKET_2_payload_isBranch_i_11/O
                         net (fo=1, unplaced)         0.347     6.113    u_wb/defaultClockArea_cpu/RenamePlugin_freeList/ID_to_RENAME_DECODE_PACKET_2_payload_isBranch_i_4_0
                         LUT6 (Prop_lut6_I5_O)        0.105     6.218 f  u_wb/defaultClockArea_cpu/RenamePlugin_freeList/ID_to_RENAME_DECODE_PACKET_2_payload_isBranch_i_10/O
                         net (fo=1, unplaced)         0.347     6.565    u_wb/defaultClockArea_cpu/RenamePlugin_freeList/ID_to_RENAME_DECODE_PACKET_2_payload_isBranch_i_10_n_0
                         LUT6 (Prop_lut6_I5_O)        0.105     6.670 f  u_wb/defaultClockArea_cpu/RenamePlugin_freeList/ID_to_RENAME_DECODE_PACKET_2_payload_isBranch_i_4/O
                         net (fo=1, unplaced)         0.347     7.017    u_wb/defaultClockArea_cpu/RenamePlugin_freeList/ID_to_RENAME_DECODE_PACKET_2_payload_isBranch_i_4_n_0
                         LUT6 (Prop_lut6_I2_O)        0.105     7.122 r  u_wb/defaultClockArea_cpu/RenamePlugin_freeList/ID_to_RENAME_DECODE_PACKET_2_payload_isBranch_i_1/O
                         net (fo=515, unplaced)       0.487     7.609    u_wb/defaultClockArea_cpu/RenamePlugin_freeList/E[0]
                         LUT2 (Prop_lut2_I1_O)        0.105     7.714 r  u_wb/defaultClockArea_cpu/RenamePlugin_freeList/ROBFIFOPlugin_fifoIO_pop_0_payload_state_except_payload_subcode[7]_i_11/O
                         net (fo=20, unplaced)        0.642     8.356    u_wb/defaultClockArea_cpu/RenamePlugin_freeList/p_8639_in
                         LUT6 (Prop_lut6_I0_O)        0.105     8.461 r  u_wb/defaultClockArea_cpu/RenamePlugin_freeList/isRisingOccupancy_i_5/O
                         net (fo=15, unplaced)        0.400     8.861    u_wb/defaultClockArea_cpu/RenamePlugin_freeList/isRisingOccupancy_i_5_n_0
                         LUT3 (Prop_lut3_I2_O)        0.105     8.966 f  u_wb/defaultClockArea_cpu/RenamePlugin_freeList/io_pop_1_payload[0]_i_4/O
                         net (fo=7, unplaced)         0.617     9.583    u_wb/defaultClockArea_cpu/RenamePlugin_freeList/io_pop_1_payload[0]_i_4_n_0
                         LUT6 (Prop_lut6_I0_O)        0.105     9.688 r  u_wb/defaultClockArea_cpu/RenamePlugin_freeList/io_pop_2_payload[5]_i_7/O
                         net (fo=1, unplaced)         0.582    10.270    u_wb/defaultClockArea_cpu/RenamePlugin_freeList/io_pop_2_payload[5]_i_7_n_0
                         LUT6 (Prop_lut6_I0_O)        0.105    10.375 r  u_wb/defaultClockArea_cpu/RenamePlugin_freeList/io_pop_2_payload[5]_i_2/O
                         net (fo=6, unplaced)         0.970    11.345    u_wb/defaultClockArea_cpu/RenamePlugin_freeList/io_pop_2_payload[5]_i_2_n_0
                         LUT6 (Prop_lut6_I1_O)        0.105    11.450 r  u_wb/defaultClockArea_cpu/RenamePlugin_freeList/io_pop_2_payload[0]_i_1/O
                         net (fo=1, unplaced)         0.000    11.450    u_wb/defaultClockArea_cpu/RenamePlugin_freeList/io_pop_2_payload[0]_i_1_n_0
                         FDRE                                         r  u_wb/defaultClockArea_cpu/RenamePlugin_freeList/io_pop_2_payload_reg[0]/D
  -------------------------------------------------------------------    -------------------

                         (clock aclk rise edge)      10.000    10.000 r  
                                                      0.000    10.000 r  aclk (IN)
                         net (fo=0)                   0.000    10.000    aclk
                         IBUF (Prop_ibuf_I_O)         0.751    10.751 r  aclk_IBUF_inst/O
                         net (fo=1, unplaced)         0.613    11.365    aclk_IBUF
                         BUFG (Prop_bufg_I_O)         0.077    11.442 r  aclk_IBUF_BUFG_inst/O
                         net (fo=17764, unplaced)     0.439    11.881    u_wb/defaultClockArea_cpu/RenamePlugin_freeList/aclk_IBUF_BUFG
                         FDRE                                         r  u_wb/defaultClockArea_cpu/RenamePlugin_freeList/io_pop_2_payload_reg[0]/C
                         clock pessimism              0.167    12.048    
                         clock uncertainty           -0.035    12.012    
                         FDRE (Setup_fdre_C_D)        0.029    12.041    u_wb/defaultClockArea_cpu/RenamePlugin_freeList/io_pop_2_payload_reg[0]
  -------------------------------------------------------------------
                         required time                         12.041    
                         arrival time                         -11.450    
  -------------------------------------------------------------------
                         slack                                  0.592    

Slack (MET) :             0.592ns  (required time - arrival time)
  Source:                 u_wb/defaultClockArea_cpu/ROBFIFOPlugin_robInfo/popPtr_reg[1]/C
                            (rising edge-triggered cell FDCE clocked by aclk  {rise@0.000ns fall@5.000ns period=10.000ns})
  Destination:            u_wb/defaultClockArea_cpu/RenamePlugin_freeList/io_pop_2_payload_reg[1]/D
                            (rising edge-triggered cell FDRE clocked by aclk  {rise@0.000ns fall@5.000ns period=10.000ns})
  Path Group:             aclk
  Path Type:              Setup (Max at Slow Process Corner)
  Requirement:            10.000ns  (aclk rise@10.000ns - aclk rise@0.000ns)
  Data Path Delay:        9.257ns  (logic 1.976ns (21.346%)  route 7.281ns (78.654%))
  Logic Levels:           14  (LUT2=1 LUT3=1 LUT5=2 LUT6=10)
  Clock Path Skew:        -0.145ns (DCD - SCD + CPR)
    Destination Clock Delay (DCD):    1.881ns = ( 11.881 - 10.000 ) 
    Source Clock Delay      (SCD):    2.193ns
    Clock Pessimism Removal (CPR):    0.167ns
  Clock Uncertainty:      0.035ns  ((TSJ^2 + TIJ^2)^1/2 + DJ) / 2 + PE
    Total System Jitter     (TSJ):    0.071ns
    Total Input Jitter      (TIJ):    0.000ns
    Discrete Jitter          (DJ):    0.000ns
    Phase Error              (PE):    0.000ns

    Location             Delay type                Incr(ns)  Path(ns)    Netlist Resource(s)
  -------------------------------------------------------------------    -------------------
                         (clock aclk rise edge)       0.000     0.000 r  
                                                      0.000     0.000 r  aclk (IN)
                         net (fo=0)                   0.000     0.000    aclk
                         IBUF (Prop_ibuf_I_O)         0.882     0.882 r  aclk_IBUF_inst/O
                         net (fo=1, unplaced)         0.646     1.528    aclk_IBUF
                         BUFG (Prop_bufg_I_O)         0.081     1.609 r  aclk_IBUF_BUFG_inst/O
                         net (fo=17764, unplaced)     0.584     2.193    u_wb/defaultClockArea_cpu/ROBFIFOPlugin_robInfo/aclk_IBUF_BUFG
                         FDCE                                         r  u_wb/defaultClockArea_cpu/ROBFIFOPlugin_robInfo/popPtr_reg[1]/C
  -------------------------------------------------------------------    -------------------
                         FDCE (Prop_fdce_C_Q)         0.379     2.572 r  u_wb/defaultClockArea_cpu/ROBFIFOPlugin_robInfo/popPtr_reg[1]/Q
                         net (fo=57, unplaced)        0.865     3.437    u_wb/defaultClockArea_cpu/ROBFIFOPlugin_robInfo/ram/rams_1/CommitPlugin_regFlush_i_9[1]
                         LUT6 (Prop_lut6_I0_O)        0.232     3.669 r  u_wb/defaultClockArea_cpu/ROBFIFOPlugin_robInfo/ram/rams_1/CommitPlugin_regFlush_i_15/O
                         net (fo=3, unplaced)         0.365     4.034    u_wb/defaultClockArea_cpu/ROBFIFOPlugin_robInfo/ram/rams_1/popPtr_reg[1]
                         LUT5 (Prop_lut5_I4_O)        0.105     4.139 r  u_wb/defaultClockArea_cpu/ROBFIFOPlugin_robInfo/ram/rams_1/ROBFIFOPlugin_fifoIO_pop_0_payload_state_except_payload_subcode[7]_i_18/O
                         net (fo=1, unplaced)         0.347     4.486    u_wb/defaultClockArea_cpu/ROBFIFOPlugin_robInfo/ram/rams_1/isEmpty0
                         LUT6 (Prop_lut6_I4_O)        0.105     4.591 r  u_wb/defaultClockArea_cpu/ROBFIFOPlugin_robInfo/ram/rams_1/ROBFIFOPlugin_fifoIO_pop_0_payload_state_except_payload_subcode[7]_i_15/O
                         net (fo=3, unplaced)         0.365     4.956    u_wb/defaultClockArea_cpu/ROBFIFOPlugin_robInfo/ram_n_1860
                         LUT5 (Prop_lut5_I4_O)        0.105     5.061 r  u_wb/defaultClockArea_cpu/ROBFIFOPlugin_robInfo/ROBFIFOPlugin_fifoIO_pop_0_payload_state_except_payload_subcode[7]_i_12/O
                         net (fo=3, unplaced)         0.600     5.661    u_wb/defaultClockArea_cpu/ROBFIFOPlugin_robInfo/popPtr_reg[0]_0
                         LUT6 (Prop_lut6_I0_O)        0.105     5.766 f  u_wb/defaultClockArea_cpu/ROBFIFOPlugin_robInfo/ID_to_RENAME_DECODE_PACKET_2_payload_isBranch_i_11/O
                         net (fo=1, unplaced)         0.347     6.113    u_wb/defaultClockArea_cpu/RenamePlugin_freeList/ID_to_RENAME_DECODE_PACKET_2_payload_isBranch_i_4_0
                         LUT6 (Prop_lut6_I5_O)        0.105     6.218 f  u_wb/defaultClockArea_cpu/RenamePlugin_freeList/ID_to_RENAME_DECODE_PACKET_2_payload_isBranch_i_10/O
                         net (fo=1, unplaced)         0.347     6.565    u_wb/defaultClockArea_cpu/RenamePlugin_freeList/ID_to_RENAME_DECODE_PACKET_2_payload_isBranch_i_10_n_0
                         LUT6 (Prop_lut6_I5_O)        0.105     6.670 f  u_wb/defaultClockArea_cpu/RenamePlugin_freeList/ID_to_RENAME_DECODE_PACKET_2_payload_isBranch_i_4/O
                         net (fo=1, unplaced)         0.347     7.017    u_wb/defaultClockArea_cpu/RenamePlugin_freeList/ID_to_RENAME_DECODE_PACKET_2_payload_isBranch_i_4_n_0
                         LUT6 (Prop_lut6_I2_O)        0.105     7.122 r  u_wb/defaultClockArea_cpu/RenamePlugin_freeList/ID_to_RENAME_DECODE_PACKET_2_payload_isBranch_i_1/O
                         net (fo=515, unplaced)       0.487     7.609    u_wb/defaultClockArea_cpu/RenamePlugin_freeList/E[0]
                         LUT2 (Prop_lut2_I1_O)        0.105     7.714 r  u_wb/defaultClockArea_cpu/RenamePlugin_freeList/ROBFIFOPlugin_fifoIO_pop_0_payload_state_except_payload_subcode[7]_i_11/O
                         net (fo=20, unplaced)        0.642     8.356    u_wb/defaultClockArea_cpu/RenamePlugin_freeList/p_8639_in
                         LUT6 (Prop_lut6_I0_O)        0.105     8.461 r  u_wb/defaultClockArea_cpu/RenamePlugin_freeList/isRisingOccupancy_i_5/O
                         net (fo=15, unplaced)        0.400     8.861    u_wb/defaultClockArea_cpu/RenamePlugin_freeList/isRisingOccupancy_i_5_n_0
                         LUT3 (Prop_lut3_I2_O)        0.105     8.966 f  u_wb/defaultClockArea_cpu/RenamePlugin_freeList/io_pop_1_payload[0]_i_4/O
                         net (fo=7, unplaced)         0.617     9.583    u_wb/defaultClockArea_cpu/RenamePlugin_freeList/io_pop_1_payload[0]_i_4_n_0
                         LUT6 (Prop_lut6_I0_O)        0.105     9.688 r  u_wb/defaultClockArea_cpu/RenamePlugin_freeList/io_pop_2_payload[5]_i_7/O
                         net (fo=1, unplaced)         0.582    10.270    u_wb/defaultClockArea_cpu/RenamePlugin_freeList/io_pop_2_payload[5]_i_7_n_0
                         LUT6 (Prop_lut6_I0_O)        0.105    10.375 r  u_wb/defaultClockArea_cpu/RenamePlugin_freeList/io_pop_2_payload[5]_i_2/O
                         net (fo=6, unplaced)         0.970    11.345    u_wb/defaultClockArea_cpu/RenamePlugin_freeList/io_pop_2_payload[5]_i_2_n_0
                         LUT6 (Prop_lut6_I1_O)        0.105    11.450 r  u_wb/defaultClockArea_cpu/RenamePlugin_freeList/io_pop_2_payload[1]_i_1/O
                         net (fo=1, unplaced)         0.000    11.450    u_wb/defaultClockArea_cpu/RenamePlugin_freeList/io_pop_2_payload[1]_i_1_n_0
                         FDRE                                         r  u_wb/defaultClockArea_cpu/RenamePlugin_freeList/io_pop_2_payload_reg[1]/D
  -------------------------------------------------------------------    -------------------

                         (clock aclk rise edge)      10.000    10.000 r  
                                                      0.000    10.000 r  aclk (IN)
                         net (fo=0)                   0.000    10.000    aclk
                         IBUF (Prop_ibuf_I_O)         0.751    10.751 r  aclk_IBUF_inst/O
                         net (fo=1, unplaced)         0.613    11.365    aclk_IBUF
                         BUFG (Prop_bufg_I_O)         0.077    11.442 r  aclk_IBUF_BUFG_inst/O
                         net (fo=17764, unplaced)     0.439    11.881    u_wb/defaultClockArea_cpu/RenamePlugin_freeList/aclk_IBUF_BUFG
                         FDRE                                         r  u_wb/defaultClockArea_cpu/RenamePlugin_freeList/io_pop_2_payload_reg[1]/C
                         clock pessimism              0.167    12.048    
                         clock uncertainty           -0.035    12.012    
                         FDRE (Setup_fdre_C_D)        0.029    12.041    u_wb/defaultClockArea_cpu/RenamePlugin_freeList/io_pop_2_payload_reg[1]
  -------------------------------------------------------------------
                         required time                         12.041    
                         arrival time                         -11.450    
  -------------------------------------------------------------------
                         slack                                  0.592    

Slack (MET) :             0.592ns  (required time - arrival time)
  Source:                 u_wb/defaultClockArea_cpu/ROBFIFOPlugin_robInfo/popPtr_reg[1]/C
                            (rising edge-triggered cell FDCE clocked by aclk  {rise@0.000ns fall@5.000ns period=10.000ns})
  Destination:            u_wb/defaultClockArea_cpu/RenamePlugin_freeList/io_pop_2_payload_reg[2]/D
                            (rising edge-triggered cell FDRE clocked by aclk  {rise@0.000ns fall@5.000ns period=10.000ns})
  Path Group:             aclk
  Path Type:              Setup (Max at Slow Process Corner)
  Requirement:            10.000ns  (aclk rise@10.000ns - aclk rise@0.000ns)
  Data Path Delay:        9.257ns  (logic 1.976ns (21.346%)  route 7.281ns (78.654%))
  Logic Levels:           14  (LUT2=1 LUT3=1 LUT5=2 LUT6=10)
  Clock Path Skew:        -0.145ns (DCD - SCD + CPR)
    Destination Clock Delay (DCD):    1.881ns = ( 11.881 - 10.000 ) 
    Source Clock Delay      (SCD):    2.193ns
    Clock Pessimism Removal (CPR):    0.167ns
  Clock Uncertainty:      0.035ns  ((TSJ^2 + TIJ^2)^1/2 + DJ) / 2 + PE
    Total System Jitter     (TSJ):    0.071ns
    Total Input Jitter      (TIJ):    0.000ns
    Discrete Jitter          (DJ):    0.000ns
    Phase Error              (PE):    0.000ns

    Location             Delay type                Incr(ns)  Path(ns)    Netlist Resource(s)
  -------------------------------------------------------------------    -------------------
                         (clock aclk rise edge)       0.000     0.000 r  
                                                      0.000     0.000 r  aclk (IN)
                         net (fo=0)                   0.000     0.000    aclk
                         IBUF (Prop_ibuf_I_O)         0.882     0.882 r  aclk_IBUF_inst/O
                         net (fo=1, unplaced)         0.646     1.528    aclk_IBUF
                         BUFG (Prop_bufg_I_O)         0.081     1.609 r  aclk_IBUF_BUFG_inst/O
                         net (fo=17764, unplaced)     0.584     2.193    u_wb/defaultClockArea_cpu/ROBFIFOPlugin_robInfo/aclk_IBUF_BUFG
                         FDCE                                         r  u_wb/defaultClockArea_cpu/ROBFIFOPlugin_robInfo/popPtr_reg[1]/C
  -------------------------------------------------------------------    -------------------
                         FDCE (Prop_fdce_C_Q)         0.379     2.572 r  u_wb/defaultClockArea_cpu/ROBFIFOPlugin_robInfo/popPtr_reg[1]/Q
                         net (fo=57, unplaced)        0.865     3.437    u_wb/defaultClockArea_cpu/ROBFIFOPlugin_robInfo/ram/rams_1/CommitPlugin_regFlush_i_9[1]
                         LUT6 (Prop_lut6_I0_O)        0.232     3.669 r  u_wb/defaultClockArea_cpu/ROBFIFOPlugin_robInfo/ram/rams_1/CommitPlugin_regFlush_i_15/O
                         net (fo=3, unplaced)         0.365     4.034    u_wb/defaultClockArea_cpu/ROBFIFOPlugin_robInfo/ram/rams_1/popPtr_reg[1]
                         LUT5 (Prop_lut5_I4_O)        0.105     4.139 r  u_wb/defaultClockArea_cpu/ROBFIFOPlugin_robInfo/ram/rams_1/ROBFIFOPlugin_fifoIO_pop_0_payload_state_except_payload_subcode[7]_i_18/O
                         net (fo=1, unplaced)         0.347     4.486    u_wb/defaultClockArea_cpu/ROBFIFOPlugin_robInfo/ram/rams_1/isEmpty0
                         LUT6 (Prop_lut6_I4_O)        0.105     4.591 r  u_wb/defaultClockArea_cpu/ROBFIFOPlugin_robInfo/ram/rams_1/ROBFIFOPlugin_fifoIO_pop_0_payload_state_except_payload_subcode[7]_i_15/O
                         net (fo=3, unplaced)         0.365     4.956    u_wb/defaultClockArea_cpu/ROBFIFOPlugin_robInfo/ram_n_1860
                         LUT5 (Prop_lut5_I4_O)        0.105     5.061 r  u_wb/defaultClockArea_cpu/ROBFIFOPlugin_robInfo/ROBFIFOPlugin_fifoIO_pop_0_payload_state_except_payload_subcode[7]_i_12/O
                         net (fo=3, unplaced)         0.600     5.661    u_wb/defaultClockArea_cpu/ROBFIFOPlugin_robInfo/popPtr_reg[0]_0
                         LUT6 (Prop_lut6_I0_O)        0.105     5.766 f  u_wb/defaultClockArea_cpu/ROBFIFOPlugin_robInfo/ID_to_RENAME_DECODE_PACKET_2_payload_isBranch_i_11/O
                         net (fo=1, unplaced)         0.347     6.113    u_wb/defaultClockArea_cpu/RenamePlugin_freeList/ID_to_RENAME_DECODE_PACKET_2_payload_isBranch_i_4_0
                         LUT6 (Prop_lut6_I5_O)        0.105     6.218 f  u_wb/defaultClockArea_cpu/RenamePlugin_freeList/ID_to_RENAME_DECODE_PACKET_2_payload_isBranch_i_10/O
                         net (fo=1, unplaced)         0.347     6.565    u_wb/defaultClockArea_cpu/RenamePlugin_freeList/ID_to_RENAME_DECODE_PACKET_2_payload_isBranch_i_10_n_0
                         LUT6 (Prop_lut6_I5_O)        0.105     6.670 f  u_wb/defaultClockArea_cpu/RenamePlugin_freeList/ID_to_RENAME_DECODE_PACKET_2_payload_isBranch_i_4/O
                         net (fo=1, unplaced)         0.347     7.017    u_wb/defaultClockArea_cpu/RenamePlugin_freeList/ID_to_RENAME_DECODE_PACKET_2_payload_isBranch_i_4_n_0
                         LUT6 (Prop_lut6_I2_O)        0.105     7.122 r  u_wb/defaultClockArea_cpu/RenamePlugin_freeList/ID_to_RENAME_DECODE_PACKET_2_payload_isBranch_i_1/O
                         net (fo=515, unplaced)       0.487     7.609    u_wb/defaultClockArea_cpu/RenamePlugin_freeList/E[0]
                         LUT2 (Prop_lut2_I1_O)        0.105     7.714 r  u_wb/defaultClockArea_cpu/RenamePlugin_freeList/ROBFIFOPlugin_fifoIO_pop_0_payload_state_except_payload_subcode[7]_i_11/O
                         net (fo=20, unplaced)        0.642     8.356    u_wb/defaultClockArea_cpu/RenamePlugin_freeList/p_8639_in
                         LUT6 (Prop_lut6_I0_O)        0.105     8.461 r  u_wb/defaultClockArea_cpu/RenamePlugin_freeList/isRisingOccupancy_i_5/O
                         net (fo=15, unplaced)        0.400     8.861    u_wb/defaultClockArea_cpu/RenamePlugin_freeList/isRisingOccupancy_i_5_n_0
                         LUT3 (Prop_lut3_I2_O)        0.105     8.966 f  u_wb/defaultClockArea_cpu/RenamePlugin_freeList/io_pop_1_payload[0]_i_4/O
                         net (fo=7, unplaced)         0.617     9.583    u_wb/defaultClockArea_cpu/RenamePlugin_freeList/io_pop_1_payload[0]_i_4_n_0
                         LUT6 (Prop_lut6_I0_O)        0.105     9.688 r  u_wb/defaultClockArea_cpu/RenamePlugin_freeList/io_pop_2_payload[5]_i_7/O
                         net (fo=1, unplaced)         0.582    10.270    u_wb/defaultClockArea_cpu/RenamePlugin_freeList/io_pop_2_payload[5]_i_7_n_0
                         LUT6 (Prop_lut6_I0_O)        0.105    10.375 r  u_wb/defaultClockArea_cpu/RenamePlugin_freeList/io_pop_2_payload[5]_i_2/O
                         net (fo=6, unplaced)         0.970    11.345    u_wb/defaultClockArea_cpu/RenamePlugin_freeList/io_pop_2_payload[5]_i_2_n_0
                         LUT6 (Prop_lut6_I1_O)        0.105    11.450 r  u_wb/defaultClockArea_cpu/RenamePlugin_freeList/io_pop_2_payload[2]_i_1/O
                         net (fo=1, unplaced)         0.000    11.450    u_wb/defaultClockArea_cpu/RenamePlugin_freeList/io_pop_2_payload[2]_i_1_n_0
                         FDRE                                         r  u_wb/defaultClockArea_cpu/RenamePlugin_freeList/io_pop_2_payload_reg[2]/D
  -------------------------------------------------------------------    -------------------

                         (clock aclk rise edge)      10.000    10.000 r  
                                                      0.000    10.000 r  aclk (IN)
                         net (fo=0)                   0.000    10.000    aclk
                         IBUF (Prop_ibuf_I_O)         0.751    10.751 r  aclk_IBUF_inst/O
                         net (fo=1, unplaced)         0.613    11.365    aclk_IBUF
                         BUFG (Prop_bufg_I_O)         0.077    11.442 r  aclk_IBUF_BUFG_inst/O
                         net (fo=17764, unplaced)     0.439    11.881    u_wb/defaultClockArea_cpu/RenamePlugin_freeList/aclk_IBUF_BUFG
                         FDRE                                         r  u_wb/defaultClockArea_cpu/RenamePlugin_freeList/io_pop_2_payload_reg[2]/C
                         clock pessimism              0.167    12.048    
                         clock uncertainty           -0.035    12.012    
                         FDRE (Setup_fdre_C_D)        0.029    12.041    u_wb/defaultClockArea_cpu/RenamePlugin_freeList/io_pop_2_payload_reg[2]
  -------------------------------------------------------------------
                         required time                         12.041    
                         arrival time                         -11.450    
  -------------------------------------------------------------------
                         slack                                  0.592    

Slack (MET) :             0.592ns  (required time - arrival time)
  Source:                 u_wb/defaultClockArea_cpu/ROBFIFOPlugin_robInfo/popPtr_reg[1]/C
                            (rising edge-triggered cell FDCE clocked by aclk  {rise@0.000ns fall@5.000ns period=10.000ns})
  Destination:            u_wb/defaultClockArea_cpu/RenamePlugin_freeList/io_pop_2_payload_reg[3]/D
                            (rising edge-triggered cell FDRE clocked by aclk  {rise@0.000ns fall@5.000ns period=10.000ns})
  Path Group:             aclk
  Path Type:              Setup (Max at Slow Process Corner)
  Requirement:            10.000ns  (aclk rise@10.000ns - aclk rise@0.000ns)
  Data Path Delay:        9.257ns  (logic 1.976ns (21.346%)  route 7.281ns (78.654%))
  Logic Levels:           14  (LUT2=1 LUT3=1 LUT5=2 LUT6=10)
  Clock Path Skew:        -0.145ns (DCD - SCD + CPR)
    Destination Clock Delay (DCD):    1.881ns = ( 11.881 - 10.000 ) 
    Source Clock Delay      (SCD):    2.193ns
    Clock Pessimism Removal (CPR):    0.167ns
  Clock Uncertainty:      0.035ns  ((TSJ^2 + TIJ^2)^1/2 + DJ) / 2 + PE
    Total System Jitter     (TSJ):    0.071ns
    Total Input Jitter      (TIJ):    0.000ns
    Discrete Jitter          (DJ):    0.000ns
    Phase Error              (PE):    0.000ns

    Location             Delay type                Incr(ns)  Path(ns)    Netlist Resource(s)
  -------------------------------------------------------------------    -------------------
                         (clock aclk rise edge)       0.000     0.000 r  
                                                      0.000     0.000 r  aclk (IN)
                         net (fo=0)                   0.000     0.000    aclk
                         IBUF (Prop_ibuf_I_O)         0.882     0.882 r  aclk_IBUF_inst/O
                         net (fo=1, unplaced)         0.646     1.528    aclk_IBUF
                         BUFG (Prop_bufg_I_O)         0.081     1.609 r  aclk_IBUF_BUFG_inst/O
                         net (fo=17764, unplaced)     0.584     2.193    u_wb/defaultClockArea_cpu/ROBFIFOPlugin_robInfo/aclk_IBUF_BUFG
                         FDCE                                         r  u_wb/defaultClockArea_cpu/ROBFIFOPlugin_robInfo/popPtr_reg[1]/C
  -------------------------------------------------------------------    -------------------
                         FDCE (Prop_fdce_C_Q)         0.379     2.572 r  u_wb/defaultClockArea_cpu/ROBFIFOPlugin_robInfo/popPtr_reg[1]/Q
                         net (fo=57, unplaced)        0.865     3.437    u_wb/defaultClockArea_cpu/ROBFIFOPlugin_robInfo/ram/rams_1/CommitPlugin_regFlush_i_9[1]
                         LUT6 (Prop_lut6_I0_O)        0.232     3.669 r  u_wb/defaultClockArea_cpu/ROBFIFOPlugin_robInfo/ram/rams_1/CommitPlugin_regFlush_i_15/O
                         net (fo=3, unplaced)         0.365     4.034    u_wb/defaultClockArea_cpu/ROBFIFOPlugin_robInfo/ram/rams_1/popPtr_reg[1]
                         LUT5 (Prop_lut5_I4_O)        0.105     4.139 r  u_wb/defaultClockArea_cpu/ROBFIFOPlugin_robInfo/ram/rams_1/ROBFIFOPlugin_fifoIO_pop_0_payload_state_except_payload_subcode[7]_i_18/O
                         net (fo=1, unplaced)         0.347     4.486    u_wb/defaultClockArea_cpu/ROBFIFOPlugin_robInfo/ram/rams_1/isEmpty0
                         LUT6 (Prop_lut6_I4_O)        0.105     4.591 r  u_wb/defaultClockArea_cpu/ROBFIFOPlugin_robInfo/ram/rams_1/ROBFIFOPlugin_fifoIO_pop_0_payload_state_except_payload_subcode[7]_i_15/O
                         net (fo=3, unplaced)         0.365     4.956    u_wb/defaultClockArea_cpu/ROBFIFOPlugin_robInfo/ram_n_1860
                         LUT5 (Prop_lut5_I4_O)        0.105     5.061 r  u_wb/defaultClockArea_cpu/ROBFIFOPlugin_robInfo/ROBFIFOPlugin_fifoIO_pop_0_payload_state_except_payload_subcode[7]_i_12/O
                         net (fo=3, unplaced)         0.600     5.661    u_wb/defaultClockArea_cpu/ROBFIFOPlugin_robInfo/popPtr_reg[0]_0
                         LUT6 (Prop_lut6_I0_O)        0.105     5.766 f  u_wb/defaultClockArea_cpu/ROBFIFOPlugin_robInfo/ID_to_RENAME_DECODE_PACKET_2_payload_isBranch_i_11/O
                         net (fo=1, unplaced)         0.347     6.113    u_wb/defaultClockArea_cpu/RenamePlugin_freeList/ID_to_RENAME_DECODE_PACKET_2_payload_isBranch_i_4_0
                         LUT6 (Prop_lut6_I5_O)        0.105     6.218 f  u_wb/defaultClockArea_cpu/RenamePlugin_freeList/ID_to_RENAME_DECODE_PACKET_2_payload_isBranch_i_10/O
                         net (fo=1, unplaced)         0.347     6.565    u_wb/defaultClockArea_cpu/RenamePlugin_freeList/ID_to_RENAME_DECODE_PACKET_2_payload_isBranch_i_10_n_0
                         LUT6 (Prop_lut6_I5_O)        0.105     6.670 f  u_wb/defaultClockArea_cpu/RenamePlugin_freeList/ID_to_RENAME_DECODE_PACKET_2_payload_isBranch_i_4/O
                         net (fo=1, unplaced)         0.347     7.017    u_wb/defaultClockArea_cpu/RenamePlugin_freeList/ID_to_RENAME_DECODE_PACKET_2_payload_isBranch_i_4_n_0
                         LUT6 (Prop_lut6_I2_O)        0.105     7.122 r  u_wb/defaultClockArea_cpu/RenamePlugin_freeList/ID_to_RENAME_DECODE_PACKET_2_payload_isBranch_i_1/O
                         net (fo=515, unplaced)       0.487     7.609    u_wb/defaultClockArea_cpu/RenamePlugin_freeList/E[0]
                         LUT2 (Prop_lut2_I1_O)        0.105     7.714 r  u_wb/defaultClockArea_cpu/RenamePlugin_freeList/ROBFIFOPlugin_fifoIO_pop_0_payload_state_except_payload_subcode[7]_i_11/O
                         net (fo=20, unplaced)        0.642     8.356    u_wb/defaultClockArea_cpu/RenamePlugin_freeList/p_8639_in
                         LUT6 (Prop_lut6_I0_O)        0.105     8.461 r  u_wb/defaultClockArea_cpu/RenamePlugin_freeList/isRisingOccupancy_i_5/O
                         net (fo=15, unplaced)        0.400     8.861    u_wb/defaultClockArea_cpu/RenamePlugin_freeList/isRisingOccupancy_i_5_n_0
                         LUT3 (Prop_lut3_I2_O)        0.105     8.966 f  u_wb/defaultClockArea_cpu/RenamePlugin_freeList/io_pop_1_payload[0]_i_4/O
                         net (fo=7, unplaced)         0.617     9.583    u_wb/defaultClockArea_cpu/RenamePlugin_freeList/io_pop_1_payload[0]_i_4_n_0
                         LUT6 (Prop_lut6_I0_O)        0.105     9.688 r  u_wb/defaultClockArea_cpu/RenamePlugin_freeList/io_pop_2_payload[5]_i_7/O
                         net (fo=1, unplaced)         0.582    10.270    u_wb/defaultClockArea_cpu/RenamePlugin_freeList/io_pop_2_payload[5]_i_7_n_0
                         LUT6 (Prop_lut6_I0_O)        0.105    10.375 r  u_wb/defaultClockArea_cpu/RenamePlugin_freeList/io_pop_2_payload[5]_i_2/O
                         net (fo=6, unplaced)         0.970    11.345    u_wb/defaultClockArea_cpu/RenamePlugin_freeList/io_pop_2_payload[5]_i_2_n_0
                         LUT6 (Prop_lut6_I1_O)        0.105    11.450 r  u_wb/defaultClockArea_cpu/RenamePlugin_freeList/io_pop_2_payload[3]_i_1/O
                         net (fo=1, unplaced)         0.000    11.450    u_wb/defaultClockArea_cpu/RenamePlugin_freeList/io_pop_2_payload[3]_i_1_n_0
                         FDRE                                         r  u_wb/defaultClockArea_cpu/RenamePlugin_freeList/io_pop_2_payload_reg[3]/D
  -------------------------------------------------------------------    -------------------

                         (clock aclk rise edge)      10.000    10.000 r  
                                                      0.000    10.000 r  aclk (IN)
                         net (fo=0)                   0.000    10.000    aclk
                         IBUF (Prop_ibuf_I_O)         0.751    10.751 r  aclk_IBUF_inst/O
                         net (fo=1, unplaced)         0.613    11.365    aclk_IBUF
                         BUFG (Prop_bufg_I_O)         0.077    11.442 r  aclk_IBUF_BUFG_inst/O
                         net (fo=17764, unplaced)     0.439    11.881    u_wb/defaultClockArea_cpu/RenamePlugin_freeList/aclk_IBUF_BUFG
                         FDRE                                         r  u_wb/defaultClockArea_cpu/RenamePlugin_freeList/io_pop_2_payload_reg[3]/C
                         clock pessimism              0.167    12.048    
                         clock uncertainty           -0.035    12.012    
                         FDRE (Setup_fdre_C_D)        0.029    12.041    u_wb/defaultClockArea_cpu/RenamePlugin_freeList/io_pop_2_payload_reg[3]
  -------------------------------------------------------------------
                         required time                         12.041    
                         arrival time                         -11.450    
  -------------------------------------------------------------------
                         slack                                  0.592    

Slack (MET) :             0.592ns  (required time - arrival time)
  Source:                 u_wb/defaultClockArea_cpu/ROBFIFOPlugin_robInfo/popPtr_reg[1]/C
                            (rising edge-triggered cell FDCE clocked by aclk  {rise@0.000ns fall@5.000ns period=10.000ns})
  Destination:            u_wb/defaultClockArea_cpu/RenamePlugin_freeList/io_pop_2_payload_reg[4]/D
                            (rising edge-triggered cell FDRE clocked by aclk  {rise@0.000ns fall@5.000ns period=10.000ns})
  Path Group:             aclk
  Path Type:              Setup (Max at Slow Process Corner)
  Requirement:            10.000ns  (aclk rise@10.000ns - aclk rise@0.000ns)
  Data Path Delay:        9.257ns  (logic 1.976ns (21.346%)  route 7.281ns (78.654%))
  Logic Levels:           14  (LUT2=1 LUT3=1 LUT5=2 LUT6=10)
  Clock Path Skew:        -0.145ns (DCD - SCD + CPR)
    Destination Clock Delay (DCD):    1.881ns = ( 11.881 - 10.000 ) 
    Source Clock Delay      (SCD):    2.193ns
    Clock Pessimism Removal (CPR):    0.167ns
  Clock Uncertainty:      0.035ns  ((TSJ^2 + TIJ^2)^1/2 + DJ) / 2 + PE
    Total System Jitter     (TSJ):    0.071ns
    Total Input Jitter      (TIJ):    0.000ns
    Discrete Jitter          (DJ):    0.000ns
    Phase Error              (PE):    0.000ns

    Location             Delay type                Incr(ns)  Path(ns)    Netlist Resource(s)
  -------------------------------------------------------------------    -------------------
                         (clock aclk rise edge)       0.000     0.000 r  
                                                      0.000     0.000 r  aclk (IN)
                         net (fo=0)                   0.000     0.000    aclk
                         IBUF (Prop_ibuf_I_O)         0.882     0.882 r  aclk_IBUF_inst/O
                         net (fo=1, unplaced)         0.646     1.528    aclk_IBUF
                         BUFG (Prop_bufg_I_O)         0.081     1.609 r  aclk_IBUF_BUFG_inst/O
                         net (fo=17764, unplaced)     0.584     2.193    u_wb/defaultClockArea_cpu/ROBFIFOPlugin_robInfo/aclk_IBUF_BUFG
                         FDCE                                         r  u_wb/defaultClockArea_cpu/ROBFIFOPlugin_robInfo/popPtr_reg[1]/C
  -------------------------------------------------------------------    -------------------
                         FDCE (Prop_fdce_C_Q)         0.379     2.572 r  u_wb/defaultClockArea_cpu/ROBFIFOPlugin_robInfo/popPtr_reg[1]/Q
                         net (fo=57, unplaced)        0.865     3.437    u_wb/defaultClockArea_cpu/ROBFIFOPlugin_robInfo/ram/rams_1/CommitPlugin_regFlush_i_9[1]
                         LUT6 (Prop_lut6_I0_O)        0.232     3.669 r  u_wb/defaultClockArea_cpu/ROBFIFOPlugin_robInfo/ram/rams_1/CommitPlugin_regFlush_i_15/O
                         net (fo=3, unplaced)         0.365     4.034    u_wb/defaultClockArea_cpu/ROBFIFOPlugin_robInfo/ram/rams_1/popPtr_reg[1]
                         LUT5 (Prop_lut5_I4_O)        0.105     4.139 r  u_wb/defaultClockArea_cpu/ROBFIFOPlugin_robInfo/ram/rams_1/ROBFIFOPlugin_fifoIO_pop_0_payload_state_except_payload_subcode[7]_i_18/O
                         net (fo=1, unplaced)         0.347     4.486    u_wb/defaultClockArea_cpu/ROBFIFOPlugin_robInfo/ram/rams_1/isEmpty0
                         LUT6 (Prop_lut6_I4_O)        0.105     4.591 r  u_wb/defaultClockArea_cpu/ROBFIFOPlugin_robInfo/ram/rams_1/ROBFIFOPlugin_fifoIO_pop_0_payload_state_except_payload_subcode[7]_i_15/O
                         net (fo=3, unplaced)         0.365     4.956    u_wb/defaultClockArea_cpu/ROBFIFOPlugin_robInfo/ram_n_1860
                         LUT5 (Prop_lut5_I4_O)        0.105     5.061 r  u_wb/defaultClockArea_cpu/ROBFIFOPlugin_robInfo/ROBFIFOPlugin_fifoIO_pop_0_payload_state_except_payload_subcode[7]_i_12/O
                         net (fo=3, unplaced)         0.600     5.661    u_wb/defaultClockArea_cpu/ROBFIFOPlugin_robInfo/popPtr_reg[0]_0
                         LUT6 (Prop_lut6_I0_O)        0.105     5.766 f  u_wb/defaultClockArea_cpu/ROBFIFOPlugin_robInfo/ID_to_RENAME_DECODE_PACKET_2_payload_isBranch_i_11/O
                         net (fo=1, unplaced)         0.347     6.113    u_wb/defaultClockArea_cpu/RenamePlugin_freeList/ID_to_RENAME_DECODE_PACKET_2_payload_isBranch_i_4_0
                         LUT6 (Prop_lut6_I5_O)        0.105     6.218 f  u_wb/defaultClockArea_cpu/RenamePlugin_freeList/ID_to_RENAME_DECODE_PACKET_2_payload_isBranch_i_10/O
                         net (fo=1, unplaced)         0.347     6.565    u_wb/defaultClockArea_cpu/RenamePlugin_freeList/ID_to_RENAME_DECODE_PACKET_2_payload_isBranch_i_10_n_0
                         LUT6 (Prop_lut6_I5_O)        0.105     6.670 f  u_wb/defaultClockArea_cpu/RenamePlugin_freeList/ID_to_RENAME_DECODE_PACKET_2_payload_isBranch_i_4/O
                         net (fo=1, unplaced)         0.347     7.017    u_wb/defaultClockArea_cpu/RenamePlugin_freeList/ID_to_RENAME_DECODE_PACKET_2_payload_isBranch_i_4_n_0
                         LUT6 (Prop_lut6_I2_O)        0.105     7.122 r  u_wb/defaultClockArea_cpu/RenamePlugin_freeList/ID_to_RENAME_DECODE_PACKET_2_payload_isBranch_i_1/O
                         net (fo=515, unplaced)       0.487     7.609    u_wb/defaultClockArea_cpu/RenamePlugin_freeList/E[0]
                         LUT2 (Prop_lut2_I1_O)        0.105     7.714 r  u_wb/defaultClockArea_cpu/RenamePlugin_freeList/ROBFIFOPlugin_fifoIO_pop_0_payload_state_except_payload_subcode[7]_i_11/O
                         net (fo=20, unplaced)        0.642     8.356    u_wb/defaultClockArea_cpu/RenamePlugin_freeList/p_8639_in
                         LUT6 (Prop_lut6_I0_O)        0.105     8.461 r  u_wb/defaultClockArea_cpu/RenamePlugin_freeList/isRisingOccupancy_i_5/O
                         net (fo=15, unplaced)        0.400     8.861    u_wb/defaultClockArea_cpu/RenamePlugin_freeList/isRisingOccupancy_i_5_n_0
                         LUT3 (Prop_lut3_I2_O)        0.105     8.966 f  u_wb/defaultClockArea_cpu/RenamePlugin_freeList/io_pop_1_payload[0]_i_4/O
                         net (fo=7, unplaced)         0.617     9.583    u_wb/defaultClockArea_cpu/RenamePlugin_freeList/io_pop_1_payload[0]_i_4_n_0
                         LUT6 (Prop_lut6_I0_O)        0.105     9.688 r  u_wb/defaultClockArea_cpu/RenamePlugin_freeList/io_pop_2_payload[5]_i_7/O
                         net (fo=1, unplaced)         0.582    10.270    u_wb/defaultClockArea_cpu/RenamePlugin_freeList/io_pop_2_payload[5]_i_7_n_0
                         LUT6 (Prop_lut6_I0_O)        0.105    10.375 r  u_wb/defaultClockArea_cpu/RenamePlugin_freeList/io_pop_2_payload[5]_i_2/O
                         net (fo=6, unplaced)         0.970    11.345    u_wb/defaultClockArea_cpu/RenamePlugin_freeList/io_pop_2_payload[5]_i_2_n_0
                         LUT6 (Prop_lut6_I1_O)        0.105    11.450 r  u_wb/defaultClockArea_cpu/RenamePlugin_freeList/io_pop_2_payload[4]_i_1/O
                         net (fo=1, unplaced)         0.000    11.450    u_wb/defaultClockArea_cpu/RenamePlugin_freeList/io_pop_2_payload[4]_i_1_n_0
                         FDRE                                         r  u_wb/defaultClockArea_cpu/RenamePlugin_freeList/io_pop_2_payload_reg[4]/D
  -------------------------------------------------------------------    -------------------

                         (clock aclk rise edge)      10.000    10.000 r  
                                                      0.000    10.000 r  aclk (IN)
                         net (fo=0)                   0.000    10.000    aclk
                         IBUF (Prop_ibuf_I_O)         0.751    10.751 r  aclk_IBUF_inst/O
                         net (fo=1, unplaced)         0.613    11.365    aclk_IBUF
                         BUFG (Prop_bufg_I_O)         0.077    11.442 r  aclk_IBUF_BUFG_inst/O
                         net (fo=17764, unplaced)     0.439    11.881    u_wb/defaultClockArea_cpu/RenamePlugin_freeList/aclk_IBUF_BUFG
                         FDRE                                         r  u_wb/defaultClockArea_cpu/RenamePlugin_freeList/io_pop_2_payload_reg[4]/C
                         clock pessimism              0.167    12.048    
                         clock uncertainty           -0.035    12.012    
                         FDRE (Setup_fdre_C_D)        0.029    12.041    u_wb/defaultClockArea_cpu/RenamePlugin_freeList/io_pop_2_payload_reg[4]
  -------------------------------------------------------------------
                         required time                         12.041    
                         arrival time                         -11.450    
  -------------------------------------------------------------------
                         slack                                  0.592    

Slack (MET) :             0.603ns  (required time - arrival time)
  Source:                 u_wb/defaultClockArea_axiBuffer/fifo/xpm_fifo_base_inst/xpm_fifo_rst_inst/gen_rst_cc.fifo_wr_rst_cc_reg[2]/C
                            (rising edge-triggered cell FDSE clocked by aclk  {rise@0.000ns fall@5.000ns period=10.000ns})
  Destination:            u_wb/defaultClockArea_cpu/IntIssueQueuePlugin_queue_3_payload_rRegs_0_valid_reg/D
                            (rising edge-triggered cell FDRE clocked by aclk  {rise@0.000ns fall@5.000ns period=10.000ns})
  Path Group:             aclk
  Path Type:              Setup (Max at Slow Process Corner)
  Requirement:            10.000ns  (aclk rise@10.000ns - aclk rise@0.000ns)
  Data Path Delay:        9.246ns  (logic 2.291ns (24.778%)  route 6.955ns (75.222%))
  Logic Levels:           17  (LUT2=2 LUT3=1 LUT4=2 LUT5=4 LUT6=8)
  Clock Path Skew:        -0.145ns (DCD - SCD + CPR)
    Destination Clock Delay (DCD):    1.881ns = ( 11.881 - 10.000 ) 
    Source Clock Delay      (SCD):    2.193ns
    Clock Pessimism Removal (CPR):    0.167ns
  Clock Uncertainty:      0.035ns  ((TSJ^2 + TIJ^2)^1/2 + DJ) / 2 + PE
    Total System Jitter     (TSJ):    0.071ns
    Total Input Jitter      (TIJ):    0.000ns
    Discrete Jitter          (DJ):    0.000ns
    Phase Error              (PE):    0.000ns

    Location             Delay type                Incr(ns)  Path(ns)    Netlist Resource(s)
  -------------------------------------------------------------------    -------------------
                         (clock aclk rise edge)       0.000     0.000 r  
                                                      0.000     0.000 r  aclk (IN)
                         net (fo=0)                   0.000     0.000    aclk
                         IBUF (Prop_ibuf_I_O)         0.882     0.882 r  aclk_IBUF_inst/O
                         net (fo=1, unplaced)         0.646     1.528    aclk_IBUF
                         BUFG (Prop_bufg_I_O)         0.081     1.609 r  aclk_IBUF_BUFG_inst/O
                         net (fo=17764, unplaced)     0.584     2.193    u_wb/defaultClockArea_axiBuffer/fifo/xpm_fifo_base_inst/xpm_fifo_rst_inst/wr_clk
                         FDSE                                         r  u_wb/defaultClockArea_axiBuffer/fifo/xpm_fifo_base_inst/xpm_fifo_rst_inst/gen_rst_cc.fifo_wr_rst_cc_reg[2]/C
  -------------------------------------------------------------------    -------------------
                         FDSE (Prop_fdse_C_Q)         0.379     2.572 r  u_wb/defaultClockArea_axiBuffer/fifo/xpm_fifo_base_inst/xpm_fifo_rst_inst/gen_rst_cc.fifo_wr_rst_cc_reg[2]/Q
                         net (fo=51, unplaced)        0.445     3.017    u_wb/defaultClockArea_axiBuffer/fifo/xpm_fifo_base_inst/xpm_fifo_rst_inst/Q[0]
                         LUT2 (Prop_lut2_I0_O)        0.232     3.249 r  u_wb/defaultClockArea_axiBuffer/fifo/xpm_fifo_base_inst/xpm_fifo_rst_inst/wr_rst_busy_INST_0/O
                         net (fo=144, unplaced)       0.456     3.705    u_wb/defaultClockArea_axiBuffer/fifo_rd_rst_busy
                         LUT2 (Prop_lut2_I0_O)        0.105     3.810 f  u_wb/defaultClockArea_axiBuffer/fifo_i_76/O
                         net (fo=2, unplaced)         0.358     4.168    u_wb/defaultClockArea_axiBuffer/fifo_i_76_n_0
                         LUT6 (Prop_lut6_I0_O)        0.105     4.273 r  u_wb/defaultClockArea_axiBuffer/fifo_i_73/O
                         net (fo=71, unplaced)        0.438     4.711    u_wb/defaultClockArea_axiBuffer/when_AxiBuffer_l81__1
                         LUT4 (Prop_lut4_I0_O)        0.105     4.816 r  u_wb/defaultClockArea_axiBuffer/fifo_i_1/O
                         net (fo=9, unplaced)         0.388     5.204    u_wb/defaultClockArea_cpu/DCachePlugin_dataRAMs_0/wr_en
                         LUT3 (Prop_lut3_I2_O)        0.105     5.309 r  u_wb/defaultClockArea_cpu/DCachePlugin_dataRAMs_0/MEM_MEM2_UncachedAccessPlugin_uncachedStoreFSM_regSTD_be[3]_i_2/O
                         net (fo=3, unplaced)         0.365     5.674    u_wb/defaultClockArea_cpu/DCachePlugin_dataRAMs_0/MEM_MEM2_UncachedAccessPlugin_uncachedStoreFSM_stateReg_reg[0]
                         LUT6 (Prop_lut6_I2_O)        0.105     5.779 f  u_wb/defaultClockArea_cpu/DCachePlugin_dataRAMs_0/MEM_MEM1_to_MEM_MEM2_ROB_IDX[4]_i_8/O
                         net (fo=1, unplaced)         0.347     6.126    u_wb/defaultClockArea_cpu/DCachePlugin_dataRAMs_0/MEM_MEM1_to_MEM_MEM2_ROB_IDX[4]_i_8_n_0
                         LUT5 (Prop_lut5_I0_O)        0.105     6.231 f  u_wb/defaultClockArea_cpu/DCachePlugin_dataRAMs_0/MEM_MEM1_to_MEM_MEM2_ROB_IDX[4]_i_7/O
                         net (fo=1, unplaced)         0.347     6.578    u_wb/defaultClockArea_cpu/DCachePlugin_dataRAMs_0/MEM_MEM2_arbitration_haltItself
                         LUT4 (Prop_lut4_I3_O)        0.105     6.683 f  u_wb/defaultClockArea_cpu/DCachePlugin_dataRAMs_0/MEM_MEM1_to_MEM_MEM2_ROB_IDX[4]_i_4/O
                         net (fo=1, unplaced)         0.347     7.030    u_wb/defaultClockArea_cpu/DCachePlugin_dataRAMs_0/MEM_MEM1_to_MEM_MEM2_ROB_IDX[4]_i_4_n_0
                         LUT6 (Prop_lut6_I4_O)        0.105     7.135 r  u_wb/defaultClockArea_cpu/DCachePlugin_dataRAMs_0/MEM_MEM1_to_MEM_MEM2_ROB_IDX[4]_i_2/O
                         net (fo=2, unplaced)         0.358     7.493    u_wb/defaultClockArea_cpu/DCachePlugin_dataRAMs_0/FSM_sequential_MEM_MEM2_DCachePlugin_CACHEFSM_stateReg_reg[0]
                         LUT5 (Prop_lut5_I0_O)        0.105     7.598 r  u_wb/defaultClockArea_cpu/DCachePlugin_dataRAMs_0/MEM_MEM1_to_MEM_MEM2_ROB_IDX[4]_i_1/O
                         net (fo=244, unplaced)       0.469     8.067    u_wb/defaultClockArea_cpu/MEM_MEM2_arbitration_notStuck
                         LUT6 (Prop_lut6_I4_O)        0.105     8.172 r  u_wb/defaultClockArea_cpu/MulDivIssueQueuePlugin_queue_2_payload_rRegs_1_valid_i_4/O
                         net (fo=45, unplaced)        0.427     8.599    u_wb/defaultClockArea_cpu/MulDivIssueQueuePlugin_queue_2_payload_rRegs_1_valid_i_4_n_0
                         LUT6 (Prop_lut6_I4_O)        0.105     8.704 r  u_wb/defaultClockArea_cpu/IntIssueQueuePlugin_queue_6_payload_rRegs_0_valid_i_36/O
                         net (fo=1, unplaced)         0.328     9.032    u_wb/defaultClockArea_cpu/unsignedDivider_3/IntIssueQueuePlugin_queue_6_payload_rRegs_0_valid_i_8_4
                         LUT6 (Prop_lut6_I5_O)        0.105     9.137 r  u_wb/defaultClockArea_cpu/unsignedDivider_3/IntIssueQueuePlugin_queue_6_payload_rRegs_0_valid_i_17/O
                         net (fo=1, unplaced)         0.347     9.484    u_wb/defaultClockArea_cpu/unsignedDivider_3/IntIssueQueuePlugin_queue_6_payload_rRegs_0_valid_i_17_n_0
                         LUT6 (Prop_lut6_I0_O)        0.105     9.589 r  u_wb/defaultClockArea_cpu/unsignedDivider_3/IntIssueQueuePlugin_queue_6_payload_rRegs_0_valid_i_8/O
                         net (fo=1, unplaced)         0.347     9.936    u_wb/defaultClockArea_cpu/unsignedDivider_3/IntIssueQueuePlugin_queue_6_payload_rRegs_0_valid_i_8_n_0
                         LUT5 (Prop_lut5_I0_O)        0.105    10.041 f  u_wb/defaultClockArea_cpu/unsignedDivider_3/IntIssueQueuePlugin_queue_6_payload_rRegs_0_valid_i_4/O
                         net (fo=1, unplaced)         0.582    10.623    u_wb/defaultClockArea_cpu/unsignedDivider_3/IntIssueQueuePlugin_queue_6_payload_rRegs_0_valid_i_4_n_0
                         LUT6 (Prop_lut6_I3_O)        0.105    10.728 r  u_wb/defaultClockArea_cpu/unsignedDivider_3/IntIssueQueuePlugin_queue_6_payload_rRegs_0_valid_i_1/O
                         net (fo=4, unplaced)         0.606    11.334    u_wb/defaultClockArea_cpu/unsignedDivider_3/RENAME_to_DISPATCH_PUSH_INDEXES_2_payload_reg[1]_rep_0
                         LUT5 (Prop_lut5_I0_O)        0.105    11.439 r  u_wb/defaultClockArea_cpu/unsignedDivider_3/IntIssueQueuePlugin_queue_3_payload_rRegs_0_valid_i_1/O
                         net (fo=1, unplaced)         0.000    11.439    u_wb/defaultClockArea_cpu/unsignedDivider_3_n_15
                         FDRE                                         r  u_wb/defaultClockArea_cpu/IntIssueQueuePlugin_queue_3_payload_rRegs_0_valid_reg/D
  -------------------------------------------------------------------    -------------------

                         (clock aclk rise edge)      10.000    10.000 r  
                                                      0.000    10.000 r  aclk (IN)
                         net (fo=0)                   0.000    10.000    aclk
                         IBUF (Prop_ibuf_I_O)         0.751    10.751 r  aclk_IBUF_inst/O
                         net (fo=1, unplaced)         0.613    11.365    aclk_IBUF
                         BUFG (Prop_bufg_I_O)         0.077    11.442 r  aclk_IBUF_BUFG_inst/O
                         net (fo=17764, unplaced)     0.439    11.881    u_wb/defaultClockArea_cpu/aclk_IBUF_BUFG
                         FDRE                                         r  u_wb/defaultClockArea_cpu/IntIssueQueuePlugin_queue_3_payload_rRegs_0_valid_reg/C
                         clock pessimism              0.167    12.048    
                         clock uncertainty           -0.035    12.012    
                         FDRE (Setup_fdre_C_D)        0.029    12.041    u_wb/defaultClockArea_cpu/IntIssueQueuePlugin_queue_3_payload_rRegs_0_valid_reg
  -------------------------------------------------------------------
                         required time                         12.041    
                         arrival time                         -11.439    
  -------------------------------------------------------------------
                         slack                                  0.603    

Slack (MET) :             0.603ns  (required time - arrival time)
  Source:                 u_wb/defaultClockArea_axiBuffer/fifo/xpm_fifo_base_inst/xpm_fifo_rst_inst/gen_rst_cc.fifo_wr_rst_cc_reg[2]/C
                            (rising edge-triggered cell FDSE clocked by aclk  {rise@0.000ns fall@5.000ns period=10.000ns})
  Destination:            u_wb/defaultClockArea_cpu/IntIssueQueuePlugin_queue_4_payload_rRegs_0_valid_reg/D
                            (rising edge-triggered cell FDRE clocked by aclk  {rise@0.000ns fall@5.000ns period=10.000ns})
  Path Group:             aclk
  Path Type:              Setup (Max at Slow Process Corner)
  Requirement:            10.000ns  (aclk rise@10.000ns - aclk rise@0.000ns)
  Data Path Delay:        9.246ns  (logic 2.291ns (24.778%)  route 6.955ns (75.222%))
  Logic Levels:           17  (LUT2=2 LUT3=1 LUT4=2 LUT5=4 LUT6=8)
  Clock Path Skew:        -0.145ns (DCD - SCD + CPR)
    Destination Clock Delay (DCD):    1.881ns = ( 11.881 - 10.000 ) 
    Source Clock Delay      (SCD):    2.193ns
    Clock Pessimism Removal (CPR):    0.167ns
  Clock Uncertainty:      0.035ns  ((TSJ^2 + TIJ^2)^1/2 + DJ) / 2 + PE
    Total System Jitter     (TSJ):    0.071ns
    Total Input Jitter      (TIJ):    0.000ns
    Discrete Jitter          (DJ):    0.000ns
    Phase Error              (PE):    0.000ns

    Location             Delay type                Incr(ns)  Path(ns)    Netlist Resource(s)
  -------------------------------------------------------------------    -------------------
                         (clock aclk rise edge)       0.000     0.000 r  
                                                      0.000     0.000 r  aclk (IN)
                         net (fo=0)                   0.000     0.000    aclk
                         IBUF (Prop_ibuf_I_O)         0.882     0.882 r  aclk_IBUF_inst/O
                         net (fo=1, unplaced)         0.646     1.528    aclk_IBUF
                         BUFG (Prop_bufg_I_O)         0.081     1.609 r  aclk_IBUF_BUFG_inst/O
                         net (fo=17764, unplaced)     0.584     2.193    u_wb/defaultClockArea_axiBuffer/fifo/xpm_fifo_base_inst/xpm_fifo_rst_inst/wr_clk
                         FDSE                                         r  u_wb/defaultClockArea_axiBuffer/fifo/xpm_fifo_base_inst/xpm_fifo_rst_inst/gen_rst_cc.fifo_wr_rst_cc_reg[2]/C
  -------------------------------------------------------------------    -------------------
                         FDSE (Prop_fdse_C_Q)         0.379     2.572 r  u_wb/defaultClockArea_axiBuffer/fifo/xpm_fifo_base_inst/xpm_fifo_rst_inst/gen_rst_cc.fifo_wr_rst_cc_reg[2]/Q
                         net (fo=51, unplaced)        0.445     3.017    u_wb/defaultClockArea_axiBuffer/fifo/xpm_fifo_base_inst/xpm_fifo_rst_inst/Q[0]
                         LUT2 (Prop_lut2_I0_O)        0.232     3.249 r  u_wb/defaultClockArea_axiBuffer/fifo/xpm_fifo_base_inst/xpm_fifo_rst_inst/wr_rst_busy_INST_0/O
                         net (fo=144, unplaced)       0.456     3.705    u_wb/defaultClockArea_axiBuffer/fifo_rd_rst_busy
                         LUT2 (Prop_lut2_I0_O)        0.105     3.810 f  u_wb/defaultClockArea_axiBuffer/fifo_i_76/O
                         net (fo=2, unplaced)         0.358     4.168    u_wb/defaultClockArea_axiBuffer/fifo_i_76_n_0
                         LUT6 (Prop_lut6_I0_O)        0.105     4.273 r  u_wb/defaultClockArea_axiBuffer/fifo_i_73/O
                         net (fo=71, unplaced)        0.438     4.711    u_wb/defaultClockArea_axiBuffer/when_AxiBuffer_l81__1
                         LUT4 (Prop_lut4_I0_O)        0.105     4.816 r  u_wb/defaultClockArea_axiBuffer/fifo_i_1/O
                         net (fo=9, unplaced)         0.388     5.204    u_wb/defaultClockArea_cpu/DCachePlugin_dataRAMs_0/wr_en
                         LUT3 (Prop_lut3_I2_O)        0.105     5.309 r  u_wb/defaultClockArea_cpu/DCachePlugin_dataRAMs_0/MEM_MEM2_UncachedAccessPlugin_uncachedStoreFSM_regSTD_be[3]_i_2/O
                         net (fo=3, unplaced)         0.365     5.674    u_wb/defaultClockArea_cpu/DCachePlugin_dataRAMs_0/MEM_MEM2_UncachedAccessPlugin_uncachedStoreFSM_stateReg_reg[0]
                         LUT6 (Prop_lut6_I2_O)        0.105     5.779 f  u_wb/defaultClockArea_cpu/DCachePlugin_dataRAMs_0/MEM_MEM1_to_MEM_MEM2_ROB_IDX[4]_i_8/O
                         net (fo=1, unplaced)         0.347     6.126    u_wb/defaultClockArea_cpu/DCachePlugin_dataRAMs_0/MEM_MEM1_to_MEM_MEM2_ROB_IDX[4]_i_8_n_0
                         LUT5 (Prop_lut5_I0_O)        0.105     6.231 f  u_wb/defaultClockArea_cpu/DCachePlugin_dataRAMs_0/MEM_MEM1_to_MEM_MEM2_ROB_IDX[4]_i_7/O
                         net (fo=1, unplaced)         0.347     6.578    u_wb/defaultClockArea_cpu/DCachePlugin_dataRAMs_0/MEM_MEM2_arbitration_haltItself
                         LUT4 (Prop_lut4_I3_O)        0.105     6.683 f  u_wb/defaultClockArea_cpu/DCachePlugin_dataRAMs_0/MEM_MEM1_to_MEM_MEM2_ROB_IDX[4]_i_4/O
                         net (fo=1, unplaced)         0.347     7.030    u_wb/defaultClockArea_cpu/DCachePlugin_dataRAMs_0/MEM_MEM1_to_MEM_MEM2_ROB_IDX[4]_i_4_n_0
                         LUT6 (Prop_lut6_I4_O)        0.105     7.135 r  u_wb/defaultClockArea_cpu/DCachePlugin_dataRAMs_0/MEM_MEM1_to_MEM_MEM2_ROB_IDX[4]_i_2/O
                         net (fo=2, unplaced)         0.358     7.493    u_wb/defaultClockArea_cpu/DCachePlugin_dataRAMs_0/FSM_sequential_MEM_MEM2_DCachePlugin_CACHEFSM_stateReg_reg[0]
                         LUT5 (Prop_lut5_I0_O)        0.105     7.598 r  u_wb/defaultClockArea_cpu/DCachePlugin_dataRAMs_0/MEM_MEM1_to_MEM_MEM2_ROB_IDX[4]_i_1/O
                         net (fo=244, unplaced)       0.469     8.067    u_wb/defaultClockArea_cpu/MEM_MEM2_arbitration_notStuck
                         LUT6 (Prop_lut6_I4_O)        0.105     8.172 r  u_wb/defaultClockArea_cpu/MulDivIssueQueuePlugin_queue_2_payload_rRegs_1_valid_i_4/O
                         net (fo=45, unplaced)        0.427     8.599    u_wb/defaultClockArea_cpu/MulDivIssueQueuePlugin_queue_2_payload_rRegs_1_valid_i_4_n_0
                         LUT6 (Prop_lut6_I4_O)        0.105     8.704 r  u_wb/defaultClockArea_cpu/IntIssueQueuePlugin_queue_6_payload_rRegs_0_valid_i_36/O
                         net (fo=1, unplaced)         0.328     9.032    u_wb/defaultClockArea_cpu/unsignedDivider_3/IntIssueQueuePlugin_queue_6_payload_rRegs_0_valid_i_8_4
                         LUT6 (Prop_lut6_I5_O)        0.105     9.137 r  u_wb/defaultClockArea_cpu/unsignedDivider_3/IntIssueQueuePlugin_queue_6_payload_rRegs_0_valid_i_17/O
                         net (fo=1, unplaced)         0.347     9.484    u_wb/defaultClockArea_cpu/unsignedDivider_3/IntIssueQueuePlugin_queue_6_payload_rRegs_0_valid_i_17_n_0
                         LUT6 (Prop_lut6_I0_O)        0.105     9.589 r  u_wb/defaultClockArea_cpu/unsignedDivider_3/IntIssueQueuePlugin_queue_6_payload_rRegs_0_valid_i_8/O
                         net (fo=1, unplaced)         0.347     9.936    u_wb/defaultClockArea_cpu/unsignedDivider_3/IntIssueQueuePlugin_queue_6_payload_rRegs_0_valid_i_8_n_0
                         LUT5 (Prop_lut5_I0_O)        0.105    10.041 f  u_wb/defaultClockArea_cpu/unsignedDivider_3/IntIssueQueuePlugin_queue_6_payload_rRegs_0_valid_i_4/O
                         net (fo=1, unplaced)         0.582    10.623    u_wb/defaultClockArea_cpu/unsignedDivider_3/IntIssueQueuePlugin_queue_6_payload_rRegs_0_valid_i_4_n_0
                         LUT6 (Prop_lut6_I3_O)        0.105    10.728 r  u_wb/defaultClockArea_cpu/unsignedDivider_3/IntIssueQueuePlugin_queue_6_payload_rRegs_0_valid_i_1/O
                         net (fo=4, unplaced)         0.606    11.334    u_wb/defaultClockArea_cpu/unsignedDivider_3/RENAME_to_DISPATCH_PUSH_INDEXES_2_payload_reg[1]_rep_0
                         LUT5 (Prop_lut5_I0_O)        0.105    11.439 r  u_wb/defaultClockArea_cpu/unsignedDivider_3/IntIssueQueuePlugin_queue_4_payload_rRegs_0_valid_i_1/O
                         net (fo=1, unplaced)         0.000    11.439    u_wb/defaultClockArea_cpu/unsignedDivider_3_n_17
                         FDRE                                         r  u_wb/defaultClockArea_cpu/IntIssueQueuePlugin_queue_4_payload_rRegs_0_valid_reg/D
  -------------------------------------------------------------------    -------------------

                         (clock aclk rise edge)      10.000    10.000 r  
                                                      0.000    10.000 r  aclk (IN)
                         net (fo=0)                   0.000    10.000    aclk
                         IBUF (Prop_ibuf_I_O)         0.751    10.751 r  aclk_IBUF_inst/O
                         net (fo=1, unplaced)         0.613    11.365    aclk_IBUF
                         BUFG (Prop_bufg_I_O)         0.077    11.442 r  aclk_IBUF_BUFG_inst/O
                         net (fo=17764, unplaced)     0.439    11.881    u_wb/defaultClockArea_cpu/aclk_IBUF_BUFG
                         FDRE                                         r  u_wb/defaultClockArea_cpu/IntIssueQueuePlugin_queue_4_payload_rRegs_0_valid_reg/C
                         clock pessimism              0.167    12.048    
                         clock uncertainty           -0.035    12.012    
                         FDRE (Setup_fdre_C_D)        0.029    12.041    u_wb/defaultClockArea_cpu/IntIssueQueuePlugin_queue_4_payload_rRegs_0_valid_reg
  -------------------------------------------------------------------
                         required time                         12.041    
                         arrival time                         -11.439    
  -------------------------------------------------------------------
                         slack                                  0.603    





Pulse Width Checks
--------------------------------------------------------------------------------------
Clock Name:         aclk
Waveform(ns):       { 0.000 5.000 }
Period(ns):         10.000
Sources:            { aclk }

Check Type        Corner  Lib Pin             Reference Pin  Required(ns)  Actual(ns)  Slack(ns)  Location  Pin
Min Period        n/a     DSP48E1/CLK         n/a            3.109         10.000      6.891                core_top/wb_raw_top/MyCPUCore/multiplier/<hidden>/<hidden>/<hidden>
Min Period        n/a     RAMB36E1/CLKARDCLK  n/a            2.472         10.000      7.528                u_wb/defaultClockArea_axiBuffer/fifo/xpm_fifo_base_inst/gen_sdpram.xpm_memory_base_inst/gen_wr_a.gen_word_narrow.mem_reg_0/CLKARDCLK
Min Period        n/a     RAMB36E1/CLKARDCLK  n/a            2.472         10.000      7.528                u_wb/defaultClockArea_axiBuffer/fifo/xpm_fifo_base_inst/gen_sdpram.xpm_memory_base_inst/gen_wr_a.gen_word_narrow.mem_reg_1/CLKARDCLK
Min Period        n/a     RAMB18E1/CLKARDCLK  n/a            2.472         10.000      7.528                u_wb/defaultClockArea_axiBuffer/fifo/xpm_fifo_base_inst/gen_sdpram.xpm_memory_base_inst/gen_wr_a.gen_word_narrow.mem_reg_2/CLKARDCLK
Min Period        n/a     RAMB36E1/CLKARDCLK  n/a            2.472         10.000      7.528                u_wb/defaultClockArea_cpu/DCachePlugin_dataRAMs_0/mem/xpm_memory_base_inst/gen_wr_a.gen_byte_narrow.for_mem_cols[1].mem_reg/CLKARDCLK
Min Period        n/a     RAMB36E1/CLKARDCLK  n/a            2.472         10.000      7.528                u_wb/defaultClockArea_cpu/DCachePlugin_dataRAMs_1/mem/xpm_memory_base_inst/gen_wr_a.gen_byte_narrow.for_mem_cols[1].mem_reg/CLKARDCLK
Min Period        n/a     RAMB36E1/CLKARDCLK  n/a            2.472         10.000      7.528                u_wb/defaultClockArea_cpu/DCachePlugin_infoRAM/mem/xpm_memory_base_inst/gen_wr_a.gen_word_narrow.mem_reg/CLKARDCLK
Min Period        n/a     RAMB36E1/CLKBWRCLK  n/a            2.472         10.000      7.528                u_wb/defaultClockArea_cpu/DCachePlugin_infoRAM/mem/xpm_memory_base_inst/gen_wr_a.gen_word_narrow.mem_reg/CLKBWRCLK
Min Period        n/a     RAMB36E1/CLKARDCLK  n/a            2.472         10.000      7.528                u_wb/defaultClockArea_cpu/GlobalPredictorBTBPlugin_btb/rams_0/mem/xpm_memory_base_inst/gen_wr_a.gen_word_narrow.mem_reg/CLKARDCLK
Min Period        n/a     RAMB36E1/CLKBWRCLK  n/a            2.472         10.000      7.528                u_wb/defaultClockArea_cpu/GlobalPredictorBTBPlugin_btb/rams_0/mem/xpm_memory_base_inst/gen_wr_a.gen_word_narrow.mem_reg/CLKBWRCLK
Min Period        n/a     RAMB36E1/CLKARDCLK  n/a            2.472         10.000      7.528                u_wb/defaultClockArea_cpu/GlobalPredictorBTBPlugin_btb/rams_1/mem/xpm_memory_base_inst/gen_wr_a.gen_word_narrow.mem_reg/CLKARDCLK
Min Period        n/a     RAMB36E1/CLKBWRCLK  n/a            2.472         10.000      7.528                u_wb/defaultClockArea_cpu/GlobalPredictorBTBPlugin_btb/rams_1/mem/xpm_memory_base_inst/gen_wr_a.gen_word_narrow.mem_reg/CLKBWRCLK
Min Period        n/a     RAMB36E1/CLKARDCLK  n/a            2.472         10.000      7.528                u_wb/defaultClockArea_cpu/GlobalPredictorBTBPlugin_btb/rams_2/mem/xpm_memory_base_inst/gen_wr_a.gen_word_narrow.mem_reg/CLKARDCLK
Min Period        n/a     RAMB36E1/CLKBWRCLK  n/a            2.472         10.000      7.528                u_wb/defaultClockArea_cpu/GlobalPredictorBTBPlugin_btb/rams_2/mem/xpm_memory_base_inst/gen_wr_a.gen_word_narrow.mem_reg/CLKBWRCLK
Min Period        n/a     RAMB36E1/CLKARDCLK  n/a            2.472         10.000      7.528                u_wb/defaultClockArea_cpu/GlobalPredictorBTBPlugin_btb/rams_3/mem/xpm_memory_base_inst/gen_wr_a.gen_word_narrow.mem_reg/CLKARDCLK
Min Period        n/a     RAMB36E1/CLKBWRCLK  n/a            2.472         10.000      7.528                u_wb/defaultClockArea_cpu/GlobalPredictorBTBPlugin_btb/rams_3/mem/xpm_memory_base_inst/gen_wr_a.gen_word_narrow.mem_reg/CLKBWRCLK
Min Period        n/a     RAMB18E1/CLKARDCLK  n/a            2.472         10.000      7.528                u_wb/defaultClockArea_cpu/GlobalPredictorBTBPlugin_predictor/pht/rams_0/mem/xpm_memory_base_inst/gen_wr_a.gen_word_narrow.mem_reg/CLKARDCLK
Min Period        n/a     RAMB18E1/CLKARDCLK  n/a            2.472         10.000      7.528                u_wb/defaultClockArea_cpu/GlobalPredictorBTBPlugin_predictor/pht/rams_1/mem/xpm_memory_base_inst/gen_wr_a.gen_word_narrow.mem_reg/CLKARDCLK
Min Period        n/a     RAMB18E1/CLKARDCLK  n/a            2.472         10.000      7.528                u_wb/defaultClockArea_cpu/GlobalPredictorBTBPlugin_predictor/pht/rams_2/mem/xpm_memory_base_inst/gen_wr_a.gen_word_narrow.mem_reg/CLKARDCLK
Min Period        n/a     RAMB18E1/CLKARDCLK  n/a            2.472         10.000      7.528                u_wb/defaultClockArea_cpu/GlobalPredictorBTBPlugin_predictor/pht/rams_3/mem/xpm_memory_base_inst/gen_wr_a.gen_word_narrow.mem_reg/CLKARDCLK
Low Pulse Width   Slow    RAMD32/CLK          n/a            1.130         5.000       3.870                u_wb/defaultClockArea_cpu/ROBFIFOPlugin_robInfo/ram/rams_0/mem/xpm_memory_base_inst/gen_wr_a.gen_word_narrow.mem_reg_0_7_0_5/RAMA/CLK
Low Pulse Width   Fast    RAMD32/CLK          n/a            1.130         5.000       3.870                u_wb/defaultClockArea_cpu/ROBFIFOPlugin_robInfo/ram/rams_0/mem/xpm_memory_base_inst/gen_wr_a.gen_word_narrow.mem_reg_0_7_0_5/RAMA/CLK
Low Pulse Width   Slow    RAMD32/CLK          n/a            1.130         5.000       3.870                u_wb/defaultClockArea_cpu/ROBFIFOPlugin_robInfo/ram/rams_0/mem/xpm_memory_base_inst/gen_wr_a.gen_word_narrow.mem_reg_0_7_0_5/RAMA_D1/CLK
Low Pulse Width   Fast    RAMD32/CLK          n/a            1.130         5.000       3.870                u_wb/defaultClockArea_cpu/ROBFIFOPlugin_robInfo/ram/rams_0/mem/xpm_memory_base_inst/gen_wr_a.gen_word_narrow.mem_reg_0_7_0_5/RAMA_D1/CLK
Low Pulse Width   Slow    RAMD32/CLK          n/a            1.130         5.000       3.870                u_wb/defaultClockArea_cpu/ROBFIFOPlugin_robInfo/ram/rams_0/mem/xpm_memory_base_inst/gen_wr_a.gen_word_narrow.mem_reg_0_7_0_5/RAMB/CLK
Low Pulse Width   Fast    RAMD32/CLK          n/a            1.130         5.000       3.870                u_wb/defaultClockArea_cpu/ROBFIFOPlugin_robInfo/ram/rams_0/mem/xpm_memory_base_inst/gen_wr_a.gen_word_narrow.mem_reg_0_7_0_5/RAMB/CLK
Low Pulse Width   Slow    RAMD32/CLK          n/a            1.130         5.000       3.870                u_wb/defaultClockArea_cpu/ROBFIFOPlugin_robInfo/ram/rams_0/mem/xpm_memory_base_inst/gen_wr_a.gen_word_narrow.mem_reg_0_7_0_5/RAMB_D1/CLK
Low Pulse Width   Fast    RAMD32/CLK          n/a            1.130         5.000       3.870                u_wb/defaultClockArea_cpu/ROBFIFOPlugin_robInfo/ram/rams_0/mem/xpm_memory_base_inst/gen_wr_a.gen_word_narrow.mem_reg_0_7_0_5/RAMB_D1/CLK
Low Pulse Width   Slow    RAMD32/CLK          n/a            1.130         5.000       3.870                u_wb/defaultClockArea_cpu/ROBFIFOPlugin_robInfo/ram/rams_0/mem/xpm_memory_base_inst/gen_wr_a.gen_word_narrow.mem_reg_0_7_0_5/RAMC/CLK
Low Pulse Width   Fast    RAMD32/CLK          n/a            1.130         5.000       3.870                u_wb/defaultClockArea_cpu/ROBFIFOPlugin_robInfo/ram/rams_0/mem/xpm_memory_base_inst/gen_wr_a.gen_word_narrow.mem_reg_0_7_0_5/RAMC/CLK
Low Pulse Width   Slow    RAMD32/CLK          n/a            1.130         5.000       3.870                u_wb/defaultClockArea_cpu/ROBFIFOPlugin_robInfo/ram/rams_0/mem/xpm_memory_base_inst/gen_wr_a.gen_word_narrow.mem_reg_0_7_0_5/RAMC_D1/CLK
Low Pulse Width   Fast    RAMD32/CLK          n/a            1.130         5.000       3.870                u_wb/defaultClockArea_cpu/ROBFIFOPlugin_robInfo/ram/rams_0/mem/xpm_memory_base_inst/gen_wr_a.gen_word_narrow.mem_reg_0_7_0_5/RAMC_D1/CLK
Low Pulse Width   Slow    RAMS32/CLK          n/a            1.130         5.000       3.870                u_wb/defaultClockArea_cpu/ROBFIFOPlugin_robInfo/ram/rams_0/mem/xpm_memory_base_inst/gen_wr_a.gen_word_narrow.mem_reg_0_7_0_5/RAMD/CLK
Low Pulse Width   Fast    RAMS32/CLK          n/a            1.130         5.000       3.870                u_wb/defaultClockArea_cpu/ROBFIFOPlugin_robInfo/ram/rams_0/mem/xpm_memory_base_inst/gen_wr_a.gen_word_narrow.mem_reg_0_7_0_5/RAMD/CLK
Low Pulse Width   Slow    RAMS32/CLK          n/a            1.130         5.000       3.870                u_wb/defaultClockArea_cpu/ROBFIFOPlugin_robInfo/ram/rams_0/mem/xpm_memory_base_inst/gen_wr_a.gen_word_narrow.mem_reg_0_7_0_5/RAMD_D1/CLK
Low Pulse Width   Fast    RAMS32/CLK          n/a            1.130         5.000       3.870                u_wb/defaultClockArea_cpu/ROBFIFOPlugin_robInfo/ram/rams_0/mem/xpm_memory_base_inst/gen_wr_a.gen_word_narrow.mem_reg_0_7_0_5/RAMD_D1/CLK
Low Pulse Width   Slow    RAMD32/CLK          n/a            1.130         5.000       3.870                u_wb/defaultClockArea_cpu/ROBFIFOPlugin_robInfo/ram/rams_0/mem/xpm_memory_base_inst/gen_wr_a.gen_word_narrow.mem_reg_0_7_102_107/RAMA/CLK
Low Pulse Width   Fast    RAMD32/CLK          n/a            1.130         5.000       3.870                u_wb/defaultClockArea_cpu/ROBFIFOPlugin_robInfo/ram/rams_0/mem/xpm_memory_base_inst/gen_wr_a.gen_word_narrow.mem_reg_0_7_102_107/RAMA/CLK
Low Pulse Width   Slow    RAMD32/CLK          n/a            1.130         5.000       3.870                u_wb/defaultClockArea_cpu/ROBFIFOPlugin_robInfo/ram/rams_0/mem/xpm_memory_base_inst/gen_wr_a.gen_word_narrow.mem_reg_0_7_102_107/RAMA_D1/CLK
Low Pulse Width   Fast    RAMD32/CLK          n/a            1.130         5.000       3.870                u_wb/defaultClockArea_cpu/ROBFIFOPlugin_robInfo/ram/rams_0/mem/xpm_memory_base_inst/gen_wr_a.gen_word_narrow.mem_reg_0_7_102_107/RAMA_D1/CLK
High Pulse Width  Slow    RAMD32/CLK          n/a            1.130         5.000       3.870                u_wb/defaultClockArea_cpu/ROBFIFOPlugin_robInfo/ram/rams_0/mem/xpm_memory_base_inst/gen_wr_a.gen_word_narrow.mem_reg_0_7_0_5/RAMA/CLK
High Pulse Width  Fast    RAMD32/CLK          n/a            1.130         5.000       3.870                u_wb/defaultClockArea_cpu/ROBFIFOPlugin_robInfo/ram/rams_0/mem/xpm_memory_base_inst/gen_wr_a.gen_word_narrow.mem_reg_0_7_0_5/RAMA/CLK
High Pulse Width  Slow    RAMD32/CLK          n/a            1.130         5.000       3.870                u_wb/defaultClockArea_cpu/ROBFIFOPlugin_robInfo/ram/rams_0/mem/xpm_memory_base_inst/gen_wr_a.gen_word_narrow.mem_reg_0_7_0_5/RAMA_D1/CLK
High Pulse Width  Fast    RAMD32/CLK          n/a            1.130         5.000       3.870                u_wb/defaultClockArea_cpu/ROBFIFOPlugin_robInfo/ram/rams_0/mem/xpm_memory_base_inst/gen_wr_a.gen_word_narrow.mem_reg_0_7_0_5/RAMA_D1/CLK
High Pulse Width  Slow    RAMD32/CLK          n/a            1.130         5.000       3.870                u_wb/defaultClockArea_cpu/ROBFIFOPlugin_robInfo/ram/rams_0/mem/xpm_memory_base_inst/gen_wr_a.gen_word_narrow.mem_reg_0_7_0_5/RAMB/CLK
High Pulse Width  Fast    RAMD32/CLK          n/a            1.130         5.000       3.870                u_wb/defaultClockArea_cpu/ROBFIFOPlugin_robInfo/ram/rams_0/mem/xpm_memory_base_inst/gen_wr_a.gen_word_narrow.mem_reg_0_7_0_5/RAMB/CLK
High Pulse Width  Slow    RAMD32/CLK          n/a            1.130         5.000       3.870                u_wb/defaultClockArea_cpu/ROBFIFOPlugin_robInfo/ram/rams_0/mem/xpm_memory_base_inst/gen_wr_a.gen_word_narrow.mem_reg_0_7_0_5/RAMB_D1/CLK
High Pulse Width  Fast    RAMD32/CLK          n/a            1.130         5.000       3.870                u_wb/defaultClockArea_cpu/ROBFIFOPlugin_robInfo/ram/rams_0/mem/xpm_memory_base_inst/gen_wr_a.gen_word_narrow.mem_reg_0_7_0_5/RAMB_D1/CLK
High Pulse Width  Slow    RAMD32/CLK          n/a            1.130         5.000       3.870                u_wb/defaultClockArea_cpu/ROBFIFOPlugin_robInfo/ram/rams_0/mem/xpm_memory_base_inst/gen_wr_a.gen_word_narrow.mem_reg_0_7_0_5/RAMC/CLK
High Pulse Width  Fast    RAMD32/CLK          n/a            1.130         5.000       3.870                u_wb/defaultClockArea_cpu/ROBFIFOPlugin_robInfo/ram/rams_0/mem/xpm_memory_base_inst/gen_wr_a.gen_word_narrow.mem_reg_0_7_0_5/RAMC/CLK
High Pulse Width  Slow    RAMD32/CLK          n/a            1.130         5.000       3.870                u_wb/defaultClockArea_cpu/ROBFIFOPlugin_robInfo/ram/rams_0/mem/xpm_memory_base_inst/gen_wr_a.gen_word_narrow.mem_reg_0_7_0_5/RAMC_D1/CLK
High Pulse Width  Fast    RAMD32/CLK          n/a            1.130         5.000       3.870                u_wb/defaultClockArea_cpu/ROBFIFOPlugin_robInfo/ram/rams_0/mem/xpm_memory_base_inst/gen_wr_a.gen_word_narrow.mem_reg_0_7_0_5/RAMC_D1/CLK
High Pulse Width  Slow    RAMS32/CLK          n/a            1.130         5.000       3.870                u_wb/defaultClockArea_cpu/ROBFIFOPlugin_robInfo/ram/rams_0/mem/xpm_memory_base_inst/gen_wr_a.gen_word_narrow.mem_reg_0_7_0_5/RAMD/CLK
High Pulse Width  Fast    RAMS32/CLK          n/a            1.130         5.000       3.870                u_wb/defaultClockArea_cpu/ROBFIFOPlugin_robInfo/ram/rams_0/mem/xpm_memory_base_inst/gen_wr_a.gen_word_narrow.mem_reg_0_7_0_5/RAMD/CLK
High Pulse Width  Slow    RAMS32/CLK          n/a            1.130         5.000       3.870                u_wb/defaultClockArea_cpu/ROBFIFOPlugin_robInfo/ram/rams_0/mem/xpm_memory_base_inst/gen_wr_a.gen_word_narrow.mem_reg_0_7_0_5/RAMD_D1/CLK
High Pulse Width  Fast    RAMS32/CLK          n/a            1.130         5.000       3.870                u_wb/defaultClockArea_cpu/ROBFIFOPlugin_robInfo/ram/rams_0/mem/xpm_memory_base_inst/gen_wr_a.gen_word_narrow.mem_reg_0_7_0_5/RAMD_D1/CLK
High Pulse Width  Slow    RAMD32/CLK          n/a            1.130         5.000       3.870                u_wb/defaultClockArea_cpu/ROBFIFOPlugin_robInfo/ram/rams_0/mem/xpm_memory_base_inst/gen_wr_a.gen_word_narrow.mem_reg_0_7_102_107/RAMA/CLK
High Pulse Width  Fast    RAMD32/CLK          n/a            1.130         5.000       3.870                u_wb/defaultClockArea_cpu/ROBFIFOPlugin_robInfo/ram/rams_0/mem/xpm_memory_base_inst/gen_wr_a.gen_word_narrow.mem_reg_0_7_102_107/RAMA/CLK
High Pulse Width  Slow    RAMD32/CLK          n/a            1.130         5.000       3.870                u_wb/defaultClockArea_cpu/ROBFIFOPlugin_robInfo/ram/rams_0/mem/xpm_memory_base_inst/gen_wr_a.gen_word_narrow.mem_reg_0_7_102_107/RAMA_D1/CLK
High Pulse Width  Fast    RAMD32/CLK          n/a            1.130         5.000       3.870                u_wb/defaultClockArea_cpu/ROBFIFOPlugin_robInfo/ram/rams_0/mem/xpm_memory_base_inst/gen_wr_a.gen_word_narrow.mem_reg_0_7_102_107/RAMA_D1/CLK



