Copyright 1986-2022 Xilinx, Inc. All Rights Reserved. Copyright 2022-2025 Advanced Micro Devices, Inc. All Rights Reserved.
----------------------------------------------------------------------------------------------------------------------------------------------------------
| Tool Version : Vivado v.2025.2 (win64) Build 6299465 Fri Nov 14 19:35:11 GMT 2025
| Date         : Thu Jul 30 11:54:05 2026
| Host         : MM的ThinkBook16p running 64-bit major release  (build 9200)
| Command      : report_timing_summary -delay_type max -max_paths 20 -file D:/NSCSCC2026/WeBattle-Core/reports/WB-N9/implementation/timing_route_10ns.rpt
| Design       : core_top
| Device       : 7a200t-fbg676
| Speed File   : -2  PRODUCTION 1.23 2018-06-13
| Design State : Routed
----------------------------------------------------------------------------------------------------------------------------------------------------------

Timing Summary Report

------------------------------------------------------------------------------------------------
| Timer Settings
| --------------
------------------------------------------------------------------------------------------------

  Enable Multi Corner Analysis               :  Yes
  Enable Pessimism Removal                   :  Yes
  Pessimism Removal Resolution               :  Nearest Common Node
  Enable Input Delay Default Clock           :  No
  Enable Preset / Clear Arcs                 :  No
  Disable Flight Delays                      :  No
  Ignore I/O Paths                           :  No
  Timing Early Launch at Borrowing Latches   :  No
  Borrow Time for Max Delay Exceptions       :  Yes
  Merge Timing Exceptions                    :  Yes
  Inter-SLR Compensation                     :  Conservative

  Corner  Analyze    Analyze    
  Name    Max Paths  Min Paths  
  ------  ---------  ---------  
  Slow    Yes        Yes        
  Fast    Yes        Yes        


------------------------------------------------------------------------------------------------
| Report Methodology
| ------------------
------------------------------------------------------------------------------------------------

No report available as report_methodology has not been run prior. Run report_methodology on the current design for the summary of methodology violations.



check_timing report

Table of Contents
-----------------
1. checking no_clock (0)
2. checking constant_clock (0)
3. checking pulse_width_clock (0)
4. checking unconstrained_internal_endpoints (0)
5. checking no_input_delay (47)
6. checking no_output_delay (234)
7. checking multiple_clock (0)
8. checking generated_clocks (0)
9. checking loops (0)
10. checking partial_input_delay (0)
11. checking partial_output_delay (0)
12. checking latch_loops (0)

1. checking no_clock (0)
------------------------
 There are 0 register/latch pins with no clock.


2. checking constant_clock (0)
------------------------------
 There are 0 register/latch pins with constant_clock.


3. checking pulse_width_clock (0)
---------------------------------
 There are 0 register/latch pins which need pulse_width check


4. checking unconstrained_internal_endpoints (0)
------------------------------------------------
 There are 0 pins that are not constrained for maximum delay.

 There are 0 pins that are not constrained for maximum delay due to constant clock.


5. checking no_input_delay (47)
-------------------------------
 There are 47 input ports with no input delay specified. (HIGH)

 There are 0 input ports with no input delay but user has a false path constraint.


6. checking no_output_delay (234)
---------------------------------
 There are 234 ports with no output delay specified. (HIGH)

 There are 0 ports with no output delay but user has a false path constraint

 There are 0 ports with no output delay but with a timing clock defined on it or propagating through it


7. checking multiple_clock (0)
------------------------------
 There are 0 register/latch pins with multiple clocks.


8. checking generated_clocks (0)
--------------------------------
 There are 0 generated clocks that are not connected to a clock source.


9. checking loops (0)
---------------------
 There are 0 combinational loops in the design.


10. checking partial_input_delay (0)
------------------------------------
 There are 0 input ports with partial input delay specified.


11. checking partial_output_delay (0)
-------------------------------------
 There are 0 ports with partial output delay specified.


12. checking latch_loops (0)
----------------------------
 There are 0 combinational latch loops in the design through latch input



------------------------------------------------------------------------------------------------
| Design Timing Summary
| ---------------------
------------------------------------------------------------------------------------------------

    WNS(ns)      TNS(ns)  TNS Failing Endpoints  TNS Total Endpoints     WPWS(ns)     TPWS(ns)  TPWS Failing Endpoints  TPWS Total Endpoints  
    -------      -------  ---------------------  -------------------     --------     --------  ----------------------  --------------------  
     -0.368       -1.566                     13                39768        4.146        0.000                       0                 20454  


Timing constraints are not met.


------------------------------------------------------------------------------------------------
| Clock Summary
| -------------
------------------------------------------------------------------------------------------------

Clock  Waveform(ns)       Period(ns)      Frequency(MHz)
-----  ------------       ----------      --------------
aclk   {0.000 5.000}      10.000          100.000         


------------------------------------------------------------------------------------------------
| Intra Clock Table
| -----------------
------------------------------------------------------------------------------------------------

Clock             WNS(ns)      TNS(ns)  TNS Failing Endpoints  TNS Total Endpoints     WPWS(ns)     TPWS(ns)  TPWS Failing Endpoints  TPWS Total Endpoints  
-----             -------      -------  ---------------------  -------------------     --------     --------  ----------------------  --------------------  
aclk               -0.368       -1.566                     13                39768        4.146        0.000                       0                 20454  


------------------------------------------------------------------------------------------------
| Inter Clock Table
| -----------------
------------------------------------------------------------------------------------------------

From Clock    To Clock          WNS(ns)      TNS(ns)  TNS Failing Endpoints  TNS Total Endpoints  
----------    --------          -------      -------  ---------------------  -------------------  


------------------------------------------------------------------------------------------------
| Other Path Groups Table
| -----------------------
------------------------------------------------------------------------------------------------

Path Group    From Clock    To Clock          WNS(ns)      TNS(ns)  TNS Failing Endpoints  TNS Total Endpoints  
----------    ----------    --------          -------      -------  ---------------------  -------------------  


------------------------------------------------------------------------------------------------
| Timing Details
| --------------
------------------------------------------------------------------------------------------------


---------------------------------------------------------------------------------------------------
From Clock:  aclk
  To Clock:  aclk

Setup :           13  Failing Endpoints,  Worst Slack       -0.368ns,  Total Violation       -1.566ns
Hold  :           NA  Failing Endpoints,  Worst Slack           NA  ,  Total Violation           NA
PW    :            0  Failing Endpoints,  Worst Slack        4.146ns,  Total Violation        0.000ns
---------------------------------------------------------------------------------------------------


Max Delay Paths
--------------------------------------------------------------------------------------
Slack (VIOLATED) :        -0.368ns  (required time - arrival time)
  Source:                 u_wb/defaultClockArea_cpu/_zz_ROBFIFOPlugin_fifoIO_pop_0_payload_state_lsuUncached_1_reg/C
                            (rising edge-triggered cell FDRE clocked by aclk  {rise@0.000ns fall@5.000ns period=10.000ns})
  Destination:            u_wb/defaultClockArea_cpu/GlobalPredictorBTBPlugin_predictor/tournamentPht/rams_2/mem/xpm_memory_base_inst/gen_wr_a.gen_word_narrow.mem_reg/ADDRBWRADDR[13]
                            (rising edge-triggered cell RAMB18E1 clocked by aclk  {rise@0.000ns fall@5.000ns period=10.000ns})
  Path Group:             aclk
  Path Type:              Setup (Max at Slow Process Corner)
  Requirement:            10.000ns  (aclk rise@10.000ns - aclk rise@0.000ns)
  Data Path Delay:        9.785ns  (logic 2.002ns (20.460%)  route 7.783ns (79.540%))
  Logic Levels:           13  (LUT2=2 LUT3=2 LUT4=1 LUT5=2 LUT6=5 MUXF7=1)
  Clock Path Skew:        -0.057ns (DCD - SCD + CPR)
    Destination Clock Delay (DCD):    4.033ns = ( 14.033 - 10.000 ) 
    Source Clock Delay      (SCD):    4.331ns
    Clock Pessimism Removal (CPR):    0.241ns
  Clock Uncertainty:      0.035ns  ((TSJ^2 + TIJ^2)^1/2 + DJ) / 2 + PE
    Total System Jitter     (TSJ):    0.071ns
    Total Input Jitter      (TIJ):    0.000ns
    Discrete Jitter          (DJ):    0.000ns
    Phase Error              (PE):    0.000ns

    Location             Delay type                Incr(ns)  Path(ns)    Netlist Resource(s)
  -------------------------------------------------------------------    -------------------
                         (clock aclk rise edge)       0.000     0.000 r  
    L22                                               0.000     0.000 r  aclk (IN)
                         net (fo=0)                   0.000     0.000    aclk
    L22                  IBUF (Prop_ibuf_I_O)         0.893     0.893 r  aclk_IBUF_inst/O
                         net (fo=1, routed)           1.827     2.720    aclk_IBUF
    BUFGCTRL_X0Y0        BUFG (Prop_bufg_I_O)         0.081     2.801 r  aclk_IBUF_BUFG_inst/O
                         net (fo=20456, routed)       1.530     4.331    u_wb/defaultClockArea_cpu/aclk_IBUF_BUFG
    SLICE_X90Y76         FDRE                                         r  u_wb/defaultClockArea_cpu/_zz_ROBFIFOPlugin_fifoIO_pop_0_payload_state_lsuUncached_1_reg/C
  -------------------------------------------------------------------    -------------------
    SLICE_X90Y76         FDRE (Prop_fdre_C_Q)         0.433     4.764 f  u_wb/defaultClockArea_cpu/_zz_ROBFIFOPlugin_fifoIO_pop_0_payload_state_lsuUncached_1_reg/Q
                         net (fo=1, routed)           0.930     5.694    u_wb/defaultClockArea_cpu/GlobalPredictorBTBPlugin_predictor/pht/rams_0/WeBattleCommitPlugin_uncachedExecuting_reg_i_15_2
    SLICE_X88Y80         LUT6 (Prop_lut6_I3_O)        0.105     5.799 f  u_wb/defaultClockArea_cpu/GlobalPredictorBTBPlugin_predictor/pht/rams_0/WeBattleCommitPlugin_uncachedExecuting_i_30/O
                         net (fo=1, routed)           0.000     5.799    u_wb/defaultClockArea_cpu/GlobalPredictorBTBPlugin_predictor/pht/rams_0/WeBattleCommitPlugin_uncachedExecuting_i_30_n_0
    SLICE_X88Y80         MUXF7 (Prop_muxf7_I0_O)      0.173     5.972 f  u_wb/defaultClockArea_cpu/GlobalPredictorBTBPlugin_predictor/pht/rams_0/WeBattleCommitPlugin_uncachedExecuting_reg_i_15/O
                         net (fo=1, routed)           0.688     6.660    u_wb/defaultClockArea_cpu/GlobalPredictorBTBPlugin_predictor/pht/rams_0/WeBattleCommitPlugin_uncachedExecuting_reg_i_15_n_0
    SLICE_X82Y79         LUT6 (Prop_lut6_I5_O)        0.241     6.901 f  u_wb/defaultClockArea_cpu/GlobalPredictorBTBPlugin_predictor/pht/rams_0/WeBattleCommitPlugin_uncachedExecuting_i_7/O
                         net (fo=2, routed)           0.484     7.385    u_wb/defaultClockArea_cpu/GlobalPredictorBTBPlugin_predictor/pht/rams_0/_zz_ROBFIFOPlugin_popPtr_reg[4]_rep__0
    SLICE_X78Y79         LUT6 (Prop_lut6_I5_O)        0.105     7.490 r  u_wb/defaultClockArea_cpu/GlobalPredictorBTBPlugin_predictor/pht/rams_0/WeBattleCommitPlugin_uncachedExecuting_i_5/O
                         net (fo=1, routed)           0.681     8.171    u_wb/defaultClockArea_cpu/GlobalPredictorBTBPlugin_predictor/pht/rams_0/WeBattleCommitPlugin_uncachedExecuting_i_5_n_0
    SLICE_X77Y77         LUT6 (Prop_lut6_I5_O)        0.105     8.276 f  u_wb/defaultClockArea_cpu/GlobalPredictorBTBPlugin_predictor/pht/rams_0/WeBattleCommitPlugin_uncachedExecuting_i_2/O
                         net (fo=6, routed)           0.137     8.413    u_wb/defaultClockArea_cpu/GlobalPredictorBTBPlugin_predictor/pht/rams_0/when_WeBattleCommitPlugin_l101
    SLICE_X77Y77         LUT5 (Prop_lut5_I2_O)        0.105     8.518 f  u_wb/defaultClockArea_cpu/GlobalPredictorBTBPlugin_predictor/pht/rams_0/WeBattleCommitPlugin_regFlush_i_2/O
                         net (fo=6, routed)           0.380     8.897    u_wb/defaultClockArea_cpu/GlobalPredictorBTBPlugin_predictor/pht/rams_0/WeBattleCommitPlugin_uncachedExecuting_reg_0
    SLICE_X76Y75         LUT2 (Prop_lut2_I1_O)        0.105     9.002 r  u_wb/defaultClockArea_cpu/GlobalPredictorBTBPlugin_predictor/pht/rams_0/mem_i_13__11/O
                         net (fo=106, routed)         0.333     9.335    u_wb/defaultClockArea_cpu/GlobalPredictorBTBPlugin_btb/rams_1/when_WeBattleCommitPlugin_l169
    SLICE_X75Y75         LUT2 (Prop_lut2_I0_O)        0.105     9.440 r  u_wb/defaultClockArea_cpu/GlobalPredictorBTBPlugin_btb/rams_1/ProgramCounterPlugin_backendJumpInterface_rData[5]_i_4/O
                         net (fo=12, routed)          0.949    10.389    u_wb/defaultClockArea_cpu/GlobalPredictorBTBPlugin_predictor/pht/rams_0/ProgramCounterPlugin_backendJumpInterface_rData_reg[5]_0
    SLICE_X69Y57         LUT3 (Prop_lut3_I0_O)        0.105    10.494 r  u_wb/defaultClockArea_cpu/GlobalPredictorBTBPlugin_predictor/pht/rams_0/mem_i_81/O
                         net (fo=48, routed)          0.675    11.169    u_wb/defaultClockArea_cpu/weBattleCheckpointRAS_1/ProgramCounterPlugin_backendJumpInterface_valid
    SLICE_X66Y59         LUT5 (Prop_lut5_I1_O)        0.105    11.274 f  u_wb/defaultClockArea_cpu/weBattleCheckpointRAS_1/mem_i_24__8/O
                         net (fo=28, routed)          0.737    12.011    u_wb/defaultClockArea_cpu/weBattleCheckpointRAS_1/GlobalPredictorBTBPlugin_index[3]
    SLICE_X65Y57         LUT3 (Prop_lut3_I0_O)        0.105    12.116 r  u_wb/defaultClockArea_cpu/weBattleCheckpointRAS_1/mem_i_33__1/O
                         net (fo=10, routed)          0.284    12.400    u_wb/defaultClockArea_cpu/weBattleCheckpointRAS_1/mem_i_33__1_n_0
    SLICE_X64Y58         LUT4 (Prop_lut4_I1_O)        0.105    12.505 r  u_wb/defaultClockArea_cpu/weBattleCheckpointRAS_1/mem_i_32__0/O
                         net (fo=12, routed)          0.601    13.106    u_wb/defaultClockArea_cpu/weBattleCheckpointRAS_1/mem_i_32__0_n_0
    SLICE_X64Y59         LUT6 (Prop_lut6_I2_O)        0.105    13.211 r  u_wb/defaultClockArea_cpu/weBattleCheckpointRAS_1/mem_i_15__4/O
                         net (fo=1, routed)           0.904    14.116    u_wb/defaultClockArea_cpu/GlobalPredictorBTBPlugin_predictor/tournamentPht/rams_2/mem/xpm_memory_base_inst/addrb[9]
    RAMB18_X3Y29         RAMB18E1                                     r  u_wb/defaultClockArea_cpu/GlobalPredictorBTBPlugin_predictor/tournamentPht/rams_2/mem/xpm_memory_base_inst/gen_wr_a.gen_word_narrow.mem_reg/ADDRBWRADDR[13]
  -------------------------------------------------------------------    -------------------

                         (clock aclk rise edge)      10.000    10.000 r  
    L22                                               0.000    10.000 r  aclk (IN)
                         net (fo=0)                   0.000    10.000    aclk
    L22                  IBUF (Prop_ibuf_I_O)         0.762    10.762 r  aclk_IBUF_inst/O
                         net (fo=1, routed)           1.734    12.496    aclk_IBUF
    BUFGCTRL_X0Y0        BUFG (Prop_bufg_I_O)         0.077    12.573 r  aclk_IBUF_BUFG_inst/O
                         net (fo=20456, routed)       1.460    14.033    u_wb/defaultClockArea_cpu/GlobalPredictorBTBPlugin_predictor/tournamentPht/rams_2/mem/xpm_memory_base_inst/clka
    RAMB18_X3Y29         RAMB18E1                                     r  u_wb/defaultClockArea_cpu/GlobalPredictorBTBPlugin_predictor/tournamentPht/rams_2/mem/xpm_memory_base_inst/gen_wr_a.gen_word_narrow.mem_reg/CLKBWRCLK
                         clock pessimism              0.241    14.273    
                         clock uncertainty           -0.035    14.238    
    RAMB18_X3Y29         RAMB18E1 (Setup_ramb18e1_CLKBWRCLK_ADDRBWRADDR[13])
                                                     -0.490    13.748    u_wb/defaultClockArea_cpu/GlobalPredictorBTBPlugin_predictor/tournamentPht/rams_2/mem/xpm_memory_base_inst/gen_wr_a.gen_word_narrow.mem_reg
  -------------------------------------------------------------------
                         required time                         13.748    
                         arrival time                         -14.116    
  -------------------------------------------------------------------
                         slack                                 -0.368    

Slack (VIOLATED) :        -0.210ns  (required time - arrival time)
  Source:                 u_wb/defaultClockArea_cpu/IntIssueQueuePlugin_queue_0_payload_rRegs_0_valid_reg/C
                            (rising edge-triggered cell FDRE clocked by aclk  {rise@0.000ns fall@5.000ns period=10.000ns})
  Destination:            u_wb/defaultClockArea_cpu/IntIssueQueuePlugin_queue_3_payload_rRegs_1_valid_reg/D
                            (rising edge-triggered cell FDRE clocked by aclk  {rise@0.000ns fall@5.000ns period=10.000ns})
  Path Group:             aclk
  Path Type:              Setup (Max at Slow Process Corner)
  Requirement:            10.000ns  (aclk rise@10.000ns - aclk rise@0.000ns)
  Data Path Delay:        10.256ns  (logic 1.964ns (19.150%)  route 8.292ns (80.850%))
  Logic Levels:           15  (LUT2=1 LUT3=3 LUT4=3 LUT5=4 LUT6=4)
  Clock Path Skew:        -0.025ns (DCD - SCD + CPR)
    Destination Clock Delay (DCD):    3.874ns = ( 13.874 - 10.000 ) 
    Source Clock Delay      (SCD):    4.208ns
    Clock Pessimism Removal (CPR):    0.310ns
  Clock Uncertainty:      0.035ns  ((TSJ^2 + TIJ^2)^1/2 + DJ) / 2 + PE
    Total System Jitter     (TSJ):    0.071ns
    Total Input Jitter      (TIJ):    0.000ns
    Discrete Jitter          (DJ):    0.000ns
    Phase Error              (PE):    0.000ns

    Location             Delay type                Incr(ns)  Path(ns)    Netlist Resource(s)
  -------------------------------------------------------------------    -------------------
                         (clock aclk rise edge)       0.000     0.000 r  
    L22                                               0.000     0.000 r  aclk (IN)
                         net (fo=0)                   0.000     0.000    aclk
    L22                  IBUF (Prop_ibuf_I_O)         0.893     0.893 r  aclk_IBUF_inst/O
                         net (fo=1, routed)           1.827     2.720    aclk_IBUF
    BUFGCTRL_X0Y0        BUFG (Prop_bufg_I_O)         0.081     2.801 r  aclk_IBUF_BUFG_inst/O
                         net (fo=20456, routed)       1.408     4.208    u_wb/defaultClockArea_cpu/aclk_IBUF_BUFG
    SLICE_X47Y111        FDRE                                         r  u_wb/defaultClockArea_cpu/IntIssueQueuePlugin_queue_0_payload_rRegs_0_valid_reg/C
  -------------------------------------------------------------------    -------------------
    SLICE_X47Y111        FDRE (Prop_fdre_C_Q)         0.379     4.587 f  u_wb/defaultClockArea_cpu/IntIssueQueuePlugin_queue_0_payload_rRegs_0_valid_reg/Q
                         net (fo=2, routed)           0.604     5.192    u_wb/defaultClockArea_cpu/IntIssueQueuePlugin_queue_0_payload_rRegs_0_valid_reg_n_0
    SLICE_X57Y114        LUT2 (Prop_lut2_I0_O)        0.105     5.297 f  u_wb/defaultClockArea_cpu/IntIssueQueuePlugin_queue_0_payload_uop_pc[31]_i_4/O
                         net (fo=30, routed)          0.584     5.881    u_wb/defaultClockArea_cpu/p_7754_in
    SLICE_X56Y114        LUT5 (Prop_lut5_I4_O)        0.105     5.986 f  u_wb/defaultClockArea_cpu/INT0_ISS_to_INT0_RRD_ISSUE_SLOT_uop_doRegWrite_i_30/O
                         net (fo=12, routed)          0.515     6.501    u_wb/defaultClockArea_cpu/INT0_ISS_to_INT0_RRD_ISSUE_SLOT_uop_doRegWrite_i_30_n_0
    SLICE_X61Y114        LUT4 (Prop_lut4_I1_O)        0.105     6.606 r  u_wb/defaultClockArea_cpu/INT2_ISS_to_INT2_RRD_ISSUE_SLOT_uop_doRegWrite_i_6/O
                         net (fo=3, routed)           0.716     7.321    u_wb/defaultClockArea_cpu/INT2_ISS_to_INT2_RRD_ISSUE_SLOT_uop_doRegWrite_i_6_n_0
    SLICE_X62Y115        LUT4 (Prop_lut4_I1_O)        0.105     7.426 r  u_wb/defaultClockArea_cpu/INT2_ISS_to_INT2_RRD_ISSUE_SLOT_uop_inst[24]_i_7/O
                         net (fo=14, routed)          0.613     8.039    u_wb/defaultClockArea_cpu/INT2_ISS_to_INT2_RRD_ISSUE_SLOT_uop_inst[24]_i_7_n_0
    SLICE_X62Y117        LUT4 (Prop_lut4_I1_O)        0.105     8.144 f  u_wb/defaultClockArea_cpu/INT1_ISS_to_INT1_RRD_ISSUE_SLOT_uop_inst[24]_i_7/O
                         net (fo=12, routed)          0.707     8.851    u_wb/defaultClockArea_cpu/INT1_ISS_to_INT1_RRD_ISSUE_SLOT_uop_inst[24]_i_7_n_0
    SLICE_X61Y117        LUT5 (Prop_lut5_I4_O)        0.105     8.956 r  u_wb/defaultClockArea_cpu/IntIssueQueuePlugin_queue_4_valid_i_8/O
                         net (fo=7, routed)           0.251     9.208    u_wb/defaultClockArea_cpu/IntIssueQueuePlugin_queue_4_valid_i_8_n_0
    SLICE_X59Y117        LUT3 (Prop_lut3_I1_O)        0.105     9.313 f  u_wb/defaultClockArea_cpu/INT0_RRD_arbitration_isValid_i_2/O
                         net (fo=2, routed)           0.601     9.914    u_wb/defaultClockArea_cpu/INT0_RRD_arbitration_isValid_i_2_n_0
    SLICE_X56Y116        LUT6 (Prop_lut6_I5_O)        0.105    10.019 r  u_wb/defaultClockArea_cpu/IntIssueQueuePlugin_queue_0_payload_rRegs_0_valid_i_16/O
                         net (fo=14, routed)          0.643    10.662    u_wb/defaultClockArea_cpu/when_IntExecutePlugin_l122_2
    SLICE_X51Y115        LUT3 (Prop_lut3_I2_O)        0.105    10.767 f  u_wb/defaultClockArea_cpu/IntIssueQueuePlugin_queue_5_payload_rRegs_1_valid_i_21/O
                         net (fo=1, routed)           0.472    11.239    u_wb/defaultClockArea_cpu/IntIssueQueuePlugin_queue_5_payload_rRegs_1_valid_i_21_n_0
    SLICE_X49Y115        LUT5 (Prop_lut5_I4_O)        0.105    11.344 r  u_wb/defaultClockArea_cpu/IntIssueQueuePlugin_queue_5_payload_rRegs_1_valid_i_11/O
                         net (fo=1, routed)           0.328    11.672    u_wb/defaultClockArea_cpu/IntIssueQueuePlugin_queue_5_payload_rRegs_1_valid_i_11_n_0
    SLICE_X48Y115        LUT5 (Prop_lut5_I1_O)        0.105    11.777 r  u_wb/defaultClockArea_cpu/IntIssueQueuePlugin_queue_5_payload_rRegs_1_valid_i_6/O
                         net (fo=1, routed)           0.640    12.417    u_wb/defaultClockArea_cpu/unsignedDivider_3/IntIssueQueuePlugin_queue_5_payload_rRegs_1_valid_i_2_1
    SLICE_X48Y110        LUT6 (Prop_lut6_I1_O)        0.105    12.522 f  u_wb/defaultClockArea_cpu/unsignedDivider_3/IntIssueQueuePlugin_queue_5_payload_rRegs_1_valid_i_3/O
                         net (fo=1, routed)           0.455    12.976    u_wb/defaultClockArea_cpu/unsignedDivider_3/IntIssueQueuePlugin_queue_5_payload_rRegs_1_valid_i_3_n_0
    SLICE_X48Y107        LUT6 (Prop_lut6_I4_O)        0.105    13.081 r  u_wb/defaultClockArea_cpu/unsignedDivider_3/IntIssueQueuePlugin_queue_5_payload_rRegs_1_valid_i_2/O
                         net (fo=4, routed)           0.497    13.578    u_wb/defaultClockArea_cpu/unsignedDivider_3/IntIssueQueuePlugin_queue_5_payload_rRegs_1_valid_i_2_n_0
    SLICE_X46Y107        LUT6 (Prop_lut6_I3_O)        0.105    13.683 r  u_wb/defaultClockArea_cpu/unsignedDivider_3/IntIssueQueuePlugin_queue_3_payload_rRegs_1_valid_i_2/O
                         net (fo=1, routed)           0.666    14.349    u_wb/defaultClockArea_cpu/unsignedDivider_3/IntIssueQueuePlugin_queue_3_payload_rRegs_1_valid_i_2_n_0
    SLICE_X46Y109        LUT3 (Prop_lut3_I0_O)        0.115    14.464 r  u_wb/defaultClockArea_cpu/unsignedDivider_3/IntIssueQueuePlugin_queue_3_payload_rRegs_1_valid_i_1/O
                         net (fo=1, routed)           0.000    14.464    u_wb/defaultClockArea_cpu/unsignedDivider_3_n_60
    SLICE_X46Y109        FDRE                                         r  u_wb/defaultClockArea_cpu/IntIssueQueuePlugin_queue_3_payload_rRegs_1_valid_reg/D
  -------------------------------------------------------------------    -------------------

                         (clock aclk rise edge)      10.000    10.000 r  
    L22                                               0.000    10.000 r  aclk (IN)
                         net (fo=0)                   0.000    10.000    aclk
    L22                  IBUF (Prop_ibuf_I_O)         0.762    10.762 r  aclk_IBUF_inst/O
                         net (fo=1, routed)           1.734    12.496    aclk_IBUF
    BUFGCTRL_X0Y0        BUFG (Prop_bufg_I_O)         0.077    12.573 r  aclk_IBUF_BUFG_inst/O
                         net (fo=20456, routed)       1.301    13.874    u_wb/defaultClockArea_cpu/aclk_IBUF_BUFG
    SLICE_X46Y109        FDRE                                         r  u_wb/defaultClockArea_cpu/IntIssueQueuePlugin_queue_3_payload_rRegs_1_valid_reg/C
                         clock pessimism              0.310    14.183    
                         clock uncertainty           -0.035    14.148    
    SLICE_X46Y109        FDRE (Setup_fdre_C_D)        0.106    14.254    u_wb/defaultClockArea_cpu/IntIssueQueuePlugin_queue_3_payload_rRegs_1_valid_reg
  -------------------------------------------------------------------
                         required time                         14.254    
                         arrival time                         -14.464    
  -------------------------------------------------------------------
                         slack                                 -0.210    

Slack (VIOLATED) :        -0.192ns  (required time - arrival time)
  Source:                 u_wb/defaultClockArea_cpu/IntIssueQueuePlugin_queue_0_payload_rRegs_0_valid_reg/C
                            (rising edge-triggered cell FDRE clocked by aclk  {rise@0.000ns fall@5.000ns period=10.000ns})
  Destination:            u_wb/defaultClockArea_cpu/IntIssueQueuePlugin_queue_2_payload_rRegs_0_valid_reg/D
                            (rising edge-triggered cell FDRE clocked by aclk  {rise@0.000ns fall@5.000ns period=10.000ns})
  Path Group:             aclk
  Path Type:              Setup (Max at Slow Process Corner)
  Requirement:            10.000ns  (aclk rise@10.000ns - aclk rise@0.000ns)
  Data Path Delay:        10.162ns  (logic 1.954ns (19.228%)  route 8.208ns (80.772%))
  Logic Levels:           15  (LUT2=2 LUT3=2 LUT4=3 LUT5=2 LUT6=6)
  Clock Path Skew:        -0.025ns (DCD - SCD + CPR)
    Destination Clock Delay (DCD):    3.874ns = ( 13.874 - 10.000 ) 
    Source Clock Delay      (SCD):    4.208ns
    Clock Pessimism Removal (CPR):    0.310ns
  Clock Uncertainty:      0.035ns  ((TSJ^2 + TIJ^2)^1/2 + DJ) / 2 + PE
    Total System Jitter     (TSJ):    0.071ns
    Total Input Jitter      (TIJ):    0.000ns
    Discrete Jitter          (DJ):    0.000ns
    Phase Error              (PE):    0.000ns

    Location             Delay type                Incr(ns)  Path(ns)    Netlist Resource(s)
  -------------------------------------------------------------------    -------------------
                         (clock aclk rise edge)       0.000     0.000 r  
    L22                                               0.000     0.000 r  aclk (IN)
                         net (fo=0)                   0.000     0.000    aclk
    L22                  IBUF (Prop_ibuf_I_O)         0.893     0.893 r  aclk_IBUF_inst/O
                         net (fo=1, routed)           1.827     2.720    aclk_IBUF
    BUFGCTRL_X0Y0        BUFG (Prop_bufg_I_O)         0.081     2.801 r  aclk_IBUF_BUFG_inst/O
                         net (fo=20456, routed)       1.408     4.208    u_wb/defaultClockArea_cpu/aclk_IBUF_BUFG
    SLICE_X47Y111        FDRE                                         r  u_wb/defaultClockArea_cpu/IntIssueQueuePlugin_queue_0_payload_rRegs_0_valid_reg/C
  -------------------------------------------------------------------    -------------------
    SLICE_X47Y111        FDRE (Prop_fdre_C_Q)         0.379     4.587 f  u_wb/defaultClockArea_cpu/IntIssueQueuePlugin_queue_0_payload_rRegs_0_valid_reg/Q
                         net (fo=2, routed)           0.604     5.192    u_wb/defaultClockArea_cpu/IntIssueQueuePlugin_queue_0_payload_rRegs_0_valid_reg_n_0
    SLICE_X57Y114        LUT2 (Prop_lut2_I0_O)        0.105     5.297 f  u_wb/defaultClockArea_cpu/IntIssueQueuePlugin_queue_0_payload_uop_pc[31]_i_4/O
                         net (fo=30, routed)          0.584     5.881    u_wb/defaultClockArea_cpu/p_7754_in
    SLICE_X56Y114        LUT5 (Prop_lut5_I4_O)        0.105     5.986 f  u_wb/defaultClockArea_cpu/INT0_ISS_to_INT0_RRD_ISSUE_SLOT_uop_doRegWrite_i_30/O
                         net (fo=12, routed)          0.515     6.501    u_wb/defaultClockArea_cpu/INT0_ISS_to_INT0_RRD_ISSUE_SLOT_uop_doRegWrite_i_30_n_0
    SLICE_X61Y114        LUT4 (Prop_lut4_I1_O)        0.105     6.606 r  u_wb/defaultClockArea_cpu/INT2_ISS_to_INT2_RRD_ISSUE_SLOT_uop_doRegWrite_i_6/O
                         net (fo=3, routed)           0.716     7.321    u_wb/defaultClockArea_cpu/INT2_ISS_to_INT2_RRD_ISSUE_SLOT_uop_doRegWrite_i_6_n_0
    SLICE_X62Y115        LUT4 (Prop_lut4_I1_O)        0.105     7.426 r  u_wb/defaultClockArea_cpu/INT2_ISS_to_INT2_RRD_ISSUE_SLOT_uop_inst[24]_i_7/O
                         net (fo=14, routed)          0.613     8.039    u_wb/defaultClockArea_cpu/INT2_ISS_to_INT2_RRD_ISSUE_SLOT_uop_inst[24]_i_7_n_0
    SLICE_X62Y117        LUT4 (Prop_lut4_I1_O)        0.105     8.144 f  u_wb/defaultClockArea_cpu/INT1_ISS_to_INT1_RRD_ISSUE_SLOT_uop_inst[24]_i_7/O
                         net (fo=12, routed)          0.707     8.851    u_wb/defaultClockArea_cpu/INT1_ISS_to_INT1_RRD_ISSUE_SLOT_uop_inst[24]_i_7_n_0
    SLICE_X61Y117        LUT5 (Prop_lut5_I4_O)        0.105     8.956 r  u_wb/defaultClockArea_cpu/IntIssueQueuePlugin_queue_4_valid_i_8/O
                         net (fo=7, routed)           0.364     9.320    u_wb/defaultClockArea_cpu/IntIssueQueuePlugin_queue_4_valid_i_8_n_0
    SLICE_X60Y118        LUT3 (Prop_lut3_I1_O)        0.105     9.425 r  u_wb/defaultClockArea_cpu/INT0_ISS_to_INT0_RRD_ISSUE_SLOT_wReg[5]_i_2/O
                         net (fo=42, routed)          0.562     9.987    u_wb/defaultClockArea_cpu/INT0_ISS_to_INT0_RRD_ISSUE_SLOT_wReg[5]_i_2_n_0
    SLICE_X57Y118        LUT6 (Prop_lut6_I2_O)        0.105    10.092 r  u_wb/defaultClockArea_cpu/INT0_ISS_to_INT0_RRD_ISSUE_SLOT_wReg[1]_i_1/O
                         net (fo=16, routed)          0.649    10.741    u_wb/defaultClockArea_cpu/_zz_INT0_ISS_IntExecutePlugin_issSlot_wReg[1]
    SLICE_X52Y119        LUT2 (Prop_lut2_I1_O)        0.105    10.846 f  u_wb/defaultClockArea_cpu/IntIssueQueuePlugin_queue_4_payload_rRegs_0_valid_i_21/O
                         net (fo=1, routed)           0.560    11.406    u_wb/defaultClockArea_cpu/IntIssueQueuePlugin_queue_4_payload_rRegs_0_valid_i_21_n_0
    SLICE_X52Y119        LUT6 (Prop_lut6_I0_O)        0.105    11.511 f  u_wb/defaultClockArea_cpu/IntIssueQueuePlugin_queue_4_payload_rRegs_0_valid_i_11/O
                         net (fo=1, routed)           0.607    12.118    u_wb/defaultClockArea_cpu/IntIssueQueuePlugin_queue_4_payload_rRegs_0_valid_i_11_n_0
    SLICE_X51Y110        LUT6 (Prop_lut6_I4_O)        0.105    12.223 f  u_wb/defaultClockArea_cpu/IntIssueQueuePlugin_queue_4_payload_rRegs_0_valid_i_5/O
                         net (fo=1, routed)           0.372    12.594    u_wb/defaultClockArea_cpu/unsignedDivider_3/IntIssueQueuePlugin_queue_4_payload_rRegs_0_valid_i_2_0
    SLICE_X45Y110        LUT6 (Prop_lut6_I1_O)        0.105    12.699 f  u_wb/defaultClockArea_cpu/unsignedDivider_3/IntIssueQueuePlugin_queue_4_payload_rRegs_0_valid_i_3/O
                         net (fo=1, routed)           0.422    13.121    u_wb/defaultClockArea_cpu/unsignedDivider_3/IntIssueQueuePlugin_queue_4_payload_rRegs_0_valid_i_3_n_0
    SLICE_X45Y111        LUT6 (Prop_lut6_I4_O)        0.105    13.226 r  u_wb/defaultClockArea_cpu/unsignedDivider_3/IntIssueQueuePlugin_queue_4_payload_rRegs_0_valid_i_2/O
                         net (fo=4, routed)           0.408    13.634    u_wb/defaultClockArea_cpu/unsignedDivider_3/IntIssueQueuePlugin_queue_4_payload_rRegs_0_valid_i_2_n_0
    SLICE_X44Y109        LUT6 (Prop_lut6_I4_O)        0.105    13.739 r  u_wb/defaultClockArea_cpu/unsignedDivider_3/IntIssueQueuePlugin_queue_2_payload_rRegs_0_valid_i_2/O
                         net (fo=1, routed)           0.527    14.266    u_wb/defaultClockArea_cpu/unsignedDivider_3/IntIssueQueuePlugin_queue_2_payload_rRegs_0_valid_i_2_n_0
    SLICE_X47Y109        LUT3 (Prop_lut3_I2_O)        0.105    14.371 r  u_wb/defaultClockArea_cpu/unsignedDivider_3/IntIssueQueuePlugin_queue_2_payload_rRegs_0_valid_i_1/O
                         net (fo=1, routed)           0.000    14.371    u_wb/defaultClockArea_cpu/unsignedDivider_3_n_66
    SLICE_X47Y109        FDRE                                         r  u_wb/defaultClockArea_cpu/IntIssueQueuePlugin_queue_2_payload_rRegs_0_valid_reg/D
  -------------------------------------------------------------------    -------------------

                         (clock aclk rise edge)      10.000    10.000 r  
    L22                                               0.000    10.000 r  aclk (IN)
                         net (fo=0)                   0.000    10.000    aclk
    L22                  IBUF (Prop_ibuf_I_O)         0.762    10.762 r  aclk_IBUF_inst/O
                         net (fo=1, routed)           1.734    12.496    aclk_IBUF
    BUFGCTRL_X0Y0        BUFG (Prop_bufg_I_O)         0.077    12.573 r  aclk_IBUF_BUFG_inst/O
                         net (fo=20456, routed)       1.301    13.874    u_wb/defaultClockArea_cpu/aclk_IBUF_BUFG
    SLICE_X47Y109        FDRE                                         r  u_wb/defaultClockArea_cpu/IntIssueQueuePlugin_queue_2_payload_rRegs_0_valid_reg/C
                         clock pessimism              0.310    14.183    
                         clock uncertainty           -0.035    14.148    
    SLICE_X47Y109        FDRE (Setup_fdre_C_D)        0.030    14.178    u_wb/defaultClockArea_cpu/IntIssueQueuePlugin_queue_2_payload_rRegs_0_valid_reg
  -------------------------------------------------------------------
                         required time                         14.178    
                         arrival time                         -14.371    
  -------------------------------------------------------------------
                         slack                                 -0.192    

Slack (VIOLATED) :        -0.168ns  (required time - arrival time)
  Source:                 u_wb/defaultClockArea_cpu/_zz_ROBFIFOPlugin_fifoIO_pop_0_payload_state_lsuUncached_1_reg/C
                            (rising edge-triggered cell FDRE clocked by aclk  {rise@0.000ns fall@5.000ns period=10.000ns})
  Destination:            u_wb/defaultClockArea_cpu/GlobalPredictorBTBPlugin_predictor/tournamentPht/rams_1/mem/xpm_memory_base_inst/gen_wr_a.gen_word_narrow.mem_reg/ADDRBWRADDR[11]
                            (rising edge-triggered cell RAMB18E1 clocked by aclk  {rise@0.000ns fall@5.000ns period=10.000ns})
  Path Group:             aclk
  Path Type:              Setup (Max at Slow Process Corner)
  Requirement:            10.000ns  (aclk rise@10.000ns - aclk rise@0.000ns)
  Data Path Delay:        9.585ns  (logic 2.002ns (20.887%)  route 7.583ns (79.113%))
  Logic Levels:           13  (LUT2=2 LUT3=2 LUT4=2 LUT5=2 LUT6=4 MUXF7=1)
  Clock Path Skew:        -0.057ns (DCD - SCD + CPR)
    Destination Clock Delay (DCD):    4.033ns = ( 14.033 - 10.000 ) 
    Source Clock Delay      (SCD):    4.331ns
    Clock Pessimism Removal (CPR):    0.241ns
  Clock Uncertainty:      0.035ns  ((TSJ^2 + TIJ^2)^1/2 + DJ) / 2 + PE
    Total System Jitter     (TSJ):    0.071ns
    Total Input Jitter      (TIJ):    0.000ns
    Discrete Jitter          (DJ):    0.000ns
    Phase Error              (PE):    0.000ns

    Location             Delay type                Incr(ns)  Path(ns)    Netlist Resource(s)
  -------------------------------------------------------------------    -------------------
                         (clock aclk rise edge)       0.000     0.000 r  
    L22                                               0.000     0.000 r  aclk (IN)
                         net (fo=0)                   0.000     0.000    aclk
    L22                  IBUF (Prop_ibuf_I_O)         0.893     0.893 r  aclk_IBUF_inst/O
                         net (fo=1, routed)           1.827     2.720    aclk_IBUF
    BUFGCTRL_X0Y0        BUFG (Prop_bufg_I_O)         0.081     2.801 r  aclk_IBUF_BUFG_inst/O
                         net (fo=20456, routed)       1.530     4.331    u_wb/defaultClockArea_cpu/aclk_IBUF_BUFG
    SLICE_X90Y76         FDRE                                         r  u_wb/defaultClockArea_cpu/_zz_ROBFIFOPlugin_fifoIO_pop_0_payload_state_lsuUncached_1_reg/C
  -------------------------------------------------------------------    -------------------
    SLICE_X90Y76         FDRE (Prop_fdre_C_Q)         0.433     4.764 f  u_wb/defaultClockArea_cpu/_zz_ROBFIFOPlugin_fifoIO_pop_0_payload_state_lsuUncached_1_reg/Q
                         net (fo=1, routed)           0.930     5.694    u_wb/defaultClockArea_cpu/GlobalPredictorBTBPlugin_predictor/pht/rams_0/WeBattleCommitPlugin_uncachedExecuting_reg_i_15_2
    SLICE_X88Y80         LUT6 (Prop_lut6_I3_O)        0.105     5.799 f  u_wb/defaultClockArea_cpu/GlobalPredictorBTBPlugin_predictor/pht/rams_0/WeBattleCommitPlugin_uncachedExecuting_i_30/O
                         net (fo=1, routed)           0.000     5.799    u_wb/defaultClockArea_cpu/GlobalPredictorBTBPlugin_predictor/pht/rams_0/WeBattleCommitPlugin_uncachedExecuting_i_30_n_0
    SLICE_X88Y80         MUXF7 (Prop_muxf7_I0_O)      0.173     5.972 f  u_wb/defaultClockArea_cpu/GlobalPredictorBTBPlugin_predictor/pht/rams_0/WeBattleCommitPlugin_uncachedExecuting_reg_i_15/O
                         net (fo=1, routed)           0.688     6.660    u_wb/defaultClockArea_cpu/GlobalPredictorBTBPlugin_predictor/pht/rams_0/WeBattleCommitPlugin_uncachedExecuting_reg_i_15_n_0
    SLICE_X82Y79         LUT6 (Prop_lut6_I5_O)        0.241     6.901 f  u_wb/defaultClockArea_cpu/GlobalPredictorBTBPlugin_predictor/pht/rams_0/WeBattleCommitPlugin_uncachedExecuting_i_7/O
                         net (fo=2, routed)           0.484     7.385    u_wb/defaultClockArea_cpu/GlobalPredictorBTBPlugin_predictor/pht/rams_0/_zz_ROBFIFOPlugin_popPtr_reg[4]_rep__0
    SLICE_X78Y79         LUT6 (Prop_lut6_I5_O)        0.105     7.490 r  u_wb/defaultClockArea_cpu/GlobalPredictorBTBPlugin_predictor/pht/rams_0/WeBattleCommitPlugin_uncachedExecuting_i_5/O
                         net (fo=1, routed)           0.681     8.171    u_wb/defaultClockArea_cpu/GlobalPredictorBTBPlugin_predictor/pht/rams_0/WeBattleCommitPlugin_uncachedExecuting_i_5_n_0
    SLICE_X77Y77         LUT6 (Prop_lut6_I5_O)        0.105     8.276 f  u_wb/defaultClockArea_cpu/GlobalPredictorBTBPlugin_predictor/pht/rams_0/WeBattleCommitPlugin_uncachedExecuting_i_2/O
                         net (fo=6, routed)           0.137     8.413    u_wb/defaultClockArea_cpu/GlobalPredictorBTBPlugin_predictor/pht/rams_0/when_WeBattleCommitPlugin_l101
    SLICE_X77Y77         LUT5 (Prop_lut5_I2_O)        0.105     8.518 f  u_wb/defaultClockArea_cpu/GlobalPredictorBTBPlugin_predictor/pht/rams_0/WeBattleCommitPlugin_regFlush_i_2/O
                         net (fo=6, routed)           0.380     8.897    u_wb/defaultClockArea_cpu/GlobalPredictorBTBPlugin_predictor/pht/rams_0/WeBattleCommitPlugin_uncachedExecuting_reg_0
    SLICE_X76Y75         LUT2 (Prop_lut2_I1_O)        0.105     9.002 r  u_wb/defaultClockArea_cpu/GlobalPredictorBTBPlugin_predictor/pht/rams_0/mem_i_13__11/O
                         net (fo=106, routed)         0.333     9.335    u_wb/defaultClockArea_cpu/GlobalPredictorBTBPlugin_btb/rams_1/when_WeBattleCommitPlugin_l169
    SLICE_X75Y75         LUT2 (Prop_lut2_I0_O)        0.105     9.440 r  u_wb/defaultClockArea_cpu/GlobalPredictorBTBPlugin_btb/rams_1/ProgramCounterPlugin_backendJumpInterface_rData[5]_i_4/O
                         net (fo=12, routed)          0.949    10.389    u_wb/defaultClockArea_cpu/GlobalPredictorBTBPlugin_predictor/pht/rams_0/ProgramCounterPlugin_backendJumpInterface_rData_reg[5]_0
    SLICE_X69Y57         LUT3 (Prop_lut3_I0_O)        0.105    10.494 r  u_wb/defaultClockArea_cpu/GlobalPredictorBTBPlugin_predictor/pht/rams_0/mem_i_81/O
                         net (fo=48, routed)          0.675    11.169    u_wb/defaultClockArea_cpu/weBattleCheckpointRAS_1/ProgramCounterPlugin_backendJumpInterface_valid
    SLICE_X66Y59         LUT5 (Prop_lut5_I1_O)        0.105    11.274 f  u_wb/defaultClockArea_cpu/weBattleCheckpointRAS_1/mem_i_24__8/O
                         net (fo=28, routed)          0.737    12.011    u_wb/defaultClockArea_cpu/weBattleCheckpointRAS_1/GlobalPredictorBTBPlugin_index[3]
    SLICE_X65Y57         LUT3 (Prop_lut3_I0_O)        0.105    12.116 r  u_wb/defaultClockArea_cpu/weBattleCheckpointRAS_1/mem_i_33__1/O
                         net (fo=10, routed)          0.284    12.400    u_wb/defaultClockArea_cpu/weBattleCheckpointRAS_1/mem_i_33__1_n_0
    SLICE_X64Y58         LUT4 (Prop_lut4_I1_O)        0.105    12.505 r  u_wb/defaultClockArea_cpu/weBattleCheckpointRAS_1/mem_i_32__0/O
                         net (fo=12, routed)          0.503    13.007    u_wb/defaultClockArea_cpu/weBattleCheckpointRAS_1/mem_i_32__0_n_0
    SLICE_X63Y59         LUT4 (Prop_lut4_I1_O)        0.105    13.112 r  u_wb/defaultClockArea_cpu/weBattleCheckpointRAS_1/mem_i_17__6/O
                         net (fo=1, routed)           0.803    13.915    u_wb/defaultClockArea_cpu/GlobalPredictorBTBPlugin_predictor/tournamentPht/rams_1/mem/xpm_memory_base_inst/addrb[7]
    RAMB18_X3Y28         RAMB18E1                                     r  u_wb/defaultClockArea_cpu/GlobalPredictorBTBPlugin_predictor/tournamentPht/rams_1/mem/xpm_memory_base_inst/gen_wr_a.gen_word_narrow.mem_reg/ADDRBWRADDR[11]
  -------------------------------------------------------------------    -------------------

                         (clock aclk rise edge)      10.000    10.000 r  
    L22                                               0.000    10.000 r  aclk (IN)
                         net (fo=0)                   0.000    10.000    aclk
    L22                  IBUF (Prop_ibuf_I_O)         0.762    10.762 r  aclk_IBUF_inst/O
                         net (fo=1, routed)           1.734    12.496    aclk_IBUF
    BUFGCTRL_X0Y0        BUFG (Prop_bufg_I_O)         0.077    12.573 r  aclk_IBUF_BUFG_inst/O
                         net (fo=20456, routed)       1.460    14.033    u_wb/defaultClockArea_cpu/GlobalPredictorBTBPlugin_predictor/tournamentPht/rams_1/mem/xpm_memory_base_inst/clka
    RAMB18_X3Y28         RAMB18E1                                     r  u_wb/defaultClockArea_cpu/GlobalPredictorBTBPlugin_predictor/tournamentPht/rams_1/mem/xpm_memory_base_inst/gen_wr_a.gen_word_narrow.mem_reg/CLKBWRCLK
                         clock pessimism              0.241    14.273    
                         clock uncertainty           -0.035    14.238    
    RAMB18_X3Y28         RAMB18E1 (Setup_ramb18e1_CLKBWRCLK_ADDRBWRADDR[11])
                                                     -0.490    13.748    u_wb/defaultClockArea_cpu/GlobalPredictorBTBPlugin_predictor/tournamentPht/rams_1/mem/xpm_memory_base_inst/gen_wr_a.gen_word_narrow.mem_reg
  -------------------------------------------------------------------
                         required time                         13.748    
                         arrival time                         -13.915    
  -------------------------------------------------------------------
                         slack                                 -0.168    

Slack (VIOLATED) :        -0.146ns  (required time - arrival time)
  Source:                 u_wb/defaultClockArea_cpu/_zz_ROBFIFOPlugin_fifoIO_pop_0_payload_state_lsuUncached_1_reg/C
                            (rising edge-triggered cell FDRE clocked by aclk  {rise@0.000ns fall@5.000ns period=10.000ns})
  Destination:            u_wb/defaultClockArea_cpu/GlobalPredictorBTBPlugin_predictor/tournamentPht/rams_0/mem/xpm_memory_base_inst/gen_wr_a.gen_word_narrow.mem_reg/ADDRBWRADDR[10]
                            (rising edge-triggered cell RAMB18E1 clocked by aclk  {rise@0.000ns fall@5.000ns period=10.000ns})
  Path Group:             aclk
  Path Type:              Setup (Max at Slow Process Corner)
  Requirement:            10.000ns  (aclk rise@10.000ns - aclk rise@0.000ns)
  Data Path Delay:        9.573ns  (logic 2.002ns (20.914%)  route 7.571ns (79.086%))
  Logic Levels:           13  (LUT2=2 LUT3=3 LUT4=1 LUT5=2 LUT6=4 MUXF7=1)
  Clock Path Skew:        -0.048ns (DCD - SCD + CPR)
    Destination Clock Delay (DCD):    4.042ns = ( 14.042 - 10.000 ) 
    Source Clock Delay      (SCD):    4.331ns
    Clock Pessimism Removal (CPR):    0.241ns
  Clock Uncertainty:      0.035ns  ((TSJ^2 + TIJ^2)^1/2 + DJ) / 2 + PE
    Total System Jitter     (TSJ):    0.071ns
    Total Input Jitter      (TIJ):    0.000ns
    Discrete Jitter          (DJ):    0.000ns
    Phase Error              (PE):    0.000ns

    Location             Delay type                Incr(ns)  Path(ns)    Netlist Resource(s)
  -------------------------------------------------------------------    -------------------
                         (clock aclk rise edge)       0.000     0.000 r  
    L22                                               0.000     0.000 r  aclk (IN)
                         net (fo=0)                   0.000     0.000    aclk
    L22                  IBUF (Prop_ibuf_I_O)         0.893     0.893 r  aclk_IBUF_inst/O
                         net (fo=1, routed)           1.827     2.720    aclk_IBUF
    BUFGCTRL_X0Y0        BUFG (Prop_bufg_I_O)         0.081     2.801 r  aclk_IBUF_BUFG_inst/O
                         net (fo=20456, routed)       1.530     4.331    u_wb/defaultClockArea_cpu/aclk_IBUF_BUFG
    SLICE_X90Y76         FDRE                                         r  u_wb/defaultClockArea_cpu/_zz_ROBFIFOPlugin_fifoIO_pop_0_payload_state_lsuUncached_1_reg/C
  -------------------------------------------------------------------    -------------------
    SLICE_X90Y76         FDRE (Prop_fdre_C_Q)         0.433     4.764 f  u_wb/defaultClockArea_cpu/_zz_ROBFIFOPlugin_fifoIO_pop_0_payload_state_lsuUncached_1_reg/Q
                         net (fo=1, routed)           0.930     5.694    u_wb/defaultClockArea_cpu/GlobalPredictorBTBPlugin_predictor/pht/rams_0/WeBattleCommitPlugin_uncachedExecuting_reg_i_15_2
    SLICE_X88Y80         LUT6 (Prop_lut6_I3_O)        0.105     5.799 f  u_wb/defaultClockArea_cpu/GlobalPredictorBTBPlugin_predictor/pht/rams_0/WeBattleCommitPlugin_uncachedExecuting_i_30/O
                         net (fo=1, routed)           0.000     5.799    u_wb/defaultClockArea_cpu/GlobalPredictorBTBPlugin_predictor/pht/rams_0/WeBattleCommitPlugin_uncachedExecuting_i_30_n_0
    SLICE_X88Y80         MUXF7 (Prop_muxf7_I0_O)      0.173     5.972 f  u_wb/defaultClockArea_cpu/GlobalPredictorBTBPlugin_predictor/pht/rams_0/WeBattleCommitPlugin_uncachedExecuting_reg_i_15/O
                         net (fo=1, routed)           0.688     6.660    u_wb/defaultClockArea_cpu/GlobalPredictorBTBPlugin_predictor/pht/rams_0/WeBattleCommitPlugin_uncachedExecuting_reg_i_15_n_0
    SLICE_X82Y79         LUT6 (Prop_lut6_I5_O)        0.241     6.901 f  u_wb/defaultClockArea_cpu/GlobalPredictorBTBPlugin_predictor/pht/rams_0/WeBattleCommitPlugin_uncachedExecuting_i_7/O
                         net (fo=2, routed)           0.484     7.385    u_wb/defaultClockArea_cpu/GlobalPredictorBTBPlugin_predictor/pht/rams_0/_zz_ROBFIFOPlugin_popPtr_reg[4]_rep__0
    SLICE_X78Y79         LUT6 (Prop_lut6_I5_O)        0.105     7.490 r  u_wb/defaultClockArea_cpu/GlobalPredictorBTBPlugin_predictor/pht/rams_0/WeBattleCommitPlugin_uncachedExecuting_i_5/O
                         net (fo=1, routed)           0.681     8.171    u_wb/defaultClockArea_cpu/GlobalPredictorBTBPlugin_predictor/pht/rams_0/WeBattleCommitPlugin_uncachedExecuting_i_5_n_0
    SLICE_X77Y77         LUT6 (Prop_lut6_I5_O)        0.105     8.276 f  u_wb/defaultClockArea_cpu/GlobalPredictorBTBPlugin_predictor/pht/rams_0/WeBattleCommitPlugin_uncachedExecuting_i_2/O
                         net (fo=6, routed)           0.137     8.413    u_wb/defaultClockArea_cpu/GlobalPredictorBTBPlugin_predictor/pht/rams_0/when_WeBattleCommitPlugin_l101
    SLICE_X77Y77         LUT5 (Prop_lut5_I2_O)        0.105     8.518 f  u_wb/defaultClockArea_cpu/GlobalPredictorBTBPlugin_predictor/pht/rams_0/WeBattleCommitPlugin_regFlush_i_2/O
                         net (fo=6, routed)           0.380     8.897    u_wb/defaultClockArea_cpu/GlobalPredictorBTBPlugin_predictor/pht/rams_0/WeBattleCommitPlugin_uncachedExecuting_reg_0
    SLICE_X76Y75         LUT2 (Prop_lut2_I1_O)        0.105     9.002 r  u_wb/defaultClockArea_cpu/GlobalPredictorBTBPlugin_predictor/pht/rams_0/mem_i_13__11/O
                         net (fo=106, routed)         0.333     9.335    u_wb/defaultClockArea_cpu/GlobalPredictorBTBPlugin_btb/rams_1/when_WeBattleCommitPlugin_l169
    SLICE_X75Y75         LUT2 (Prop_lut2_I0_O)        0.105     9.440 r  u_wb/defaultClockArea_cpu/GlobalPredictorBTBPlugin_btb/rams_1/ProgramCounterPlugin_backendJumpInterface_rData[5]_i_4/O
                         net (fo=12, routed)          0.949    10.389    u_wb/defaultClockArea_cpu/GlobalPredictorBTBPlugin_predictor/pht/rams_0/ProgramCounterPlugin_backendJumpInterface_rData_reg[5]_0
    SLICE_X69Y57         LUT3 (Prop_lut3_I0_O)        0.105    10.494 r  u_wb/defaultClockArea_cpu/GlobalPredictorBTBPlugin_predictor/pht/rams_0/mem_i_81/O
                         net (fo=48, routed)          0.675    11.169    u_wb/defaultClockArea_cpu/weBattleCheckpointRAS_1/ProgramCounterPlugin_backendJumpInterface_valid
    SLICE_X66Y59         LUT5 (Prop_lut5_I1_O)        0.105    11.274 f  u_wb/defaultClockArea_cpu/weBattleCheckpointRAS_1/mem_i_24__8/O
                         net (fo=28, routed)          0.737    12.011    u_wb/defaultClockArea_cpu/weBattleCheckpointRAS_1/GlobalPredictorBTBPlugin_index[3]
    SLICE_X65Y57         LUT3 (Prop_lut3_I0_O)        0.105    12.116 r  u_wb/defaultClockArea_cpu/weBattleCheckpointRAS_1/mem_i_33__1/O
                         net (fo=10, routed)          0.284    12.400    u_wb/defaultClockArea_cpu/weBattleCheckpointRAS_1/mem_i_33__1_n_0
    SLICE_X64Y58         LUT4 (Prop_lut4_I1_O)        0.105    12.505 r  u_wb/defaultClockArea_cpu/weBattleCheckpointRAS_1/mem_i_32__0/O
                         net (fo=12, routed)          0.670    13.175    u_wb/defaultClockArea_cpu/weBattleCheckpointRAS_1/mem_i_32__0_n_0
    SLICE_X62Y56         LUT3 (Prop_lut3_I1_O)        0.105    13.280 r  u_wb/defaultClockArea_cpu/weBattleCheckpointRAS_1/mem_i_18__5/O
                         net (fo=1, routed)           0.623    13.903    u_wb/defaultClockArea_cpu/GlobalPredictorBTBPlugin_predictor/tournamentPht/rams_0/mem/xpm_memory_base_inst/addrb[6]
    RAMB18_X3Y24         RAMB18E1                                     r  u_wb/defaultClockArea_cpu/GlobalPredictorBTBPlugin_predictor/tournamentPht/rams_0/mem/xpm_memory_base_inst/gen_wr_a.gen_word_narrow.mem_reg/ADDRBWRADDR[10]
  -------------------------------------------------------------------    -------------------

                         (clock aclk rise edge)      10.000    10.000 r  
    L22                                               0.000    10.000 r  aclk (IN)
                         net (fo=0)                   0.000    10.000    aclk
    L22                  IBUF (Prop_ibuf_I_O)         0.762    10.762 r  aclk_IBUF_inst/O
                         net (fo=1, routed)           1.734    12.496    aclk_IBUF
    BUFGCTRL_X0Y0        BUFG (Prop_bufg_I_O)         0.077    12.573 r  aclk_IBUF_BUFG_inst/O
                         net (fo=20456, routed)       1.469    14.042    u_wb/defaultClockArea_cpu/GlobalPredictorBTBPlugin_predictor/tournamentPht/rams_0/mem/xpm_memory_base_inst/clka
    RAMB18_X3Y24         RAMB18E1                                     r  u_wb/defaultClockArea_cpu/GlobalPredictorBTBPlugin_predictor/tournamentPht/rams_0/mem/xpm_memory_base_inst/gen_wr_a.gen_word_narrow.mem_reg/CLKBWRCLK
                         clock pessimism              0.241    14.282    
                         clock uncertainty           -0.035    14.247    
    RAMB18_X3Y24         RAMB18E1 (Setup_ramb18e1_CLKBWRCLK_ADDRBWRADDR[10])
                                                     -0.490    13.757    u_wb/defaultClockArea_cpu/GlobalPredictorBTBPlugin_predictor/tournamentPht/rams_0/mem/xpm_memory_base_inst/gen_wr_a.gen_word_narrow.mem_reg
  -------------------------------------------------------------------
                         required time                         13.757    
                         arrival time                         -13.903    
  -------------------------------------------------------------------
                         slack                                 -0.146    

Slack (VIOLATED) :        -0.128ns  (required time - arrival time)
  Source:                 u_wb/defaultClockArea_cpu/_zz_ROBFIFOPlugin_fifoIO_pop_0_payload_state_lsuUncached_1_reg/C
                            (rising edge-triggered cell FDRE clocked by aclk  {rise@0.000ns fall@5.000ns period=10.000ns})
  Destination:            u_wb/defaultClockArea_cpu/GlobalPredictorBTBPlugin_predictor/tournamentPht/rams_1/mem/xpm_memory_base_inst/gen_wr_a.gen_word_narrow.mem_reg/ADDRBWRADDR[13]
                            (rising edge-triggered cell RAMB18E1 clocked by aclk  {rise@0.000ns fall@5.000ns period=10.000ns})
  Path Group:             aclk
  Path Type:              Setup (Max at Slow Process Corner)
  Requirement:            10.000ns  (aclk rise@10.000ns - aclk rise@0.000ns)
  Data Path Delay:        9.545ns  (logic 2.002ns (20.974%)  route 7.543ns (79.026%))
  Logic Levels:           13  (LUT2=2 LUT3=2 LUT4=1 LUT5=2 LUT6=5 MUXF7=1)
  Clock Path Skew:        -0.057ns (DCD - SCD + CPR)
    Destination Clock Delay (DCD):    4.033ns = ( 14.033 - 10.000 ) 
    Source Clock Delay      (SCD):    4.331ns
    Clock Pessimism Removal (CPR):    0.241ns
  Clock Uncertainty:      0.035ns  ((TSJ^2 + TIJ^2)^1/2 + DJ) / 2 + PE
    Total System Jitter     (TSJ):    0.071ns
    Total Input Jitter      (TIJ):    0.000ns
    Discrete Jitter          (DJ):    0.000ns
    Phase Error              (PE):    0.000ns

    Location             Delay type                Incr(ns)  Path(ns)    Netlist Resource(s)
  -------------------------------------------------------------------    -------------------
                         (clock aclk rise edge)       0.000     0.000 r  
    L22                                               0.000     0.000 r  aclk (IN)
                         net (fo=0)                   0.000     0.000    aclk
    L22                  IBUF (Prop_ibuf_I_O)         0.893     0.893 r  aclk_IBUF_inst/O
                         net (fo=1, routed)           1.827     2.720    aclk_IBUF
    BUFGCTRL_X0Y0        BUFG (Prop_bufg_I_O)         0.081     2.801 r  aclk_IBUF_BUFG_inst/O
                         net (fo=20456, routed)       1.530     4.331    u_wb/defaultClockArea_cpu/aclk_IBUF_BUFG
    SLICE_X90Y76         FDRE                                         r  u_wb/defaultClockArea_cpu/_zz_ROBFIFOPlugin_fifoIO_pop_0_payload_state_lsuUncached_1_reg/C
  -------------------------------------------------------------------    -------------------
    SLICE_X90Y76         FDRE (Prop_fdre_C_Q)         0.433     4.764 f  u_wb/defaultClockArea_cpu/_zz_ROBFIFOPlugin_fifoIO_pop_0_payload_state_lsuUncached_1_reg/Q
                         net (fo=1, routed)           0.930     5.694    u_wb/defaultClockArea_cpu/GlobalPredictorBTBPlugin_predictor/pht/rams_0/WeBattleCommitPlugin_uncachedExecuting_reg_i_15_2
    SLICE_X88Y80         LUT6 (Prop_lut6_I3_O)        0.105     5.799 f  u_wb/defaultClockArea_cpu/GlobalPredictorBTBPlugin_predictor/pht/rams_0/WeBattleCommitPlugin_uncachedExecuting_i_30/O
                         net (fo=1, routed)           0.000     5.799    u_wb/defaultClockArea_cpu/GlobalPredictorBTBPlugin_predictor/pht/rams_0/WeBattleCommitPlugin_uncachedExecuting_i_30_n_0
    SLICE_X88Y80         MUXF7 (Prop_muxf7_I0_O)      0.173     5.972 f  u_wb/defaultClockArea_cpu/GlobalPredictorBTBPlugin_predictor/pht/rams_0/WeBattleCommitPlugin_uncachedExecuting_reg_i_15/O
                         net (fo=1, routed)           0.688     6.660    u_wb/defaultClockArea_cpu/GlobalPredictorBTBPlugin_predictor/pht/rams_0/WeBattleCommitPlugin_uncachedExecuting_reg_i_15_n_0
    SLICE_X82Y79         LUT6 (Prop_lut6_I5_O)        0.241     6.901 f  u_wb/defaultClockArea_cpu/GlobalPredictorBTBPlugin_predictor/pht/rams_0/WeBattleCommitPlugin_uncachedExecuting_i_7/O
                         net (fo=2, routed)           0.484     7.385    u_wb/defaultClockArea_cpu/GlobalPredictorBTBPlugin_predictor/pht/rams_0/_zz_ROBFIFOPlugin_popPtr_reg[4]_rep__0
    SLICE_X78Y79         LUT6 (Prop_lut6_I5_O)        0.105     7.490 r  u_wb/defaultClockArea_cpu/GlobalPredictorBTBPlugin_predictor/pht/rams_0/WeBattleCommitPlugin_uncachedExecuting_i_5/O
                         net (fo=1, routed)           0.681     8.171    u_wb/defaultClockArea_cpu/GlobalPredictorBTBPlugin_predictor/pht/rams_0/WeBattleCommitPlugin_uncachedExecuting_i_5_n_0
    SLICE_X77Y77         LUT6 (Prop_lut6_I5_O)        0.105     8.276 f  u_wb/defaultClockArea_cpu/GlobalPredictorBTBPlugin_predictor/pht/rams_0/WeBattleCommitPlugin_uncachedExecuting_i_2/O
                         net (fo=6, routed)           0.137     8.413    u_wb/defaultClockArea_cpu/GlobalPredictorBTBPlugin_predictor/pht/rams_0/when_WeBattleCommitPlugin_l101
    SLICE_X77Y77         LUT5 (Prop_lut5_I2_O)        0.105     8.518 f  u_wb/defaultClockArea_cpu/GlobalPredictorBTBPlugin_predictor/pht/rams_0/WeBattleCommitPlugin_regFlush_i_2/O
                         net (fo=6, routed)           0.380     8.897    u_wb/defaultClockArea_cpu/GlobalPredictorBTBPlugin_predictor/pht/rams_0/WeBattleCommitPlugin_uncachedExecuting_reg_0
    SLICE_X76Y75         LUT2 (Prop_lut2_I1_O)        0.105     9.002 r  u_wb/defaultClockArea_cpu/GlobalPredictorBTBPlugin_predictor/pht/rams_0/mem_i_13__11/O
                         net (fo=106, routed)         0.333     9.335    u_wb/defaultClockArea_cpu/GlobalPredictorBTBPlugin_btb/rams_1/when_WeBattleCommitPlugin_l169
    SLICE_X75Y75         LUT2 (Prop_lut2_I0_O)        0.105     9.440 r  u_wb/defaultClockArea_cpu/GlobalPredictorBTBPlugin_btb/rams_1/ProgramCounterPlugin_backendJumpInterface_rData[5]_i_4/O
                         net (fo=12, routed)          0.949    10.389    u_wb/defaultClockArea_cpu/GlobalPredictorBTBPlugin_predictor/pht/rams_0/ProgramCounterPlugin_backendJumpInterface_rData_reg[5]_0
    SLICE_X69Y57         LUT3 (Prop_lut3_I0_O)        0.105    10.494 r  u_wb/defaultClockArea_cpu/GlobalPredictorBTBPlugin_predictor/pht/rams_0/mem_i_81/O
                         net (fo=48, routed)          0.675    11.169    u_wb/defaultClockArea_cpu/weBattleCheckpointRAS_1/ProgramCounterPlugin_backendJumpInterface_valid
    SLICE_X66Y59         LUT5 (Prop_lut5_I1_O)        0.105    11.274 f  u_wb/defaultClockArea_cpu/weBattleCheckpointRAS_1/mem_i_24__8/O
                         net (fo=28, routed)          0.737    12.011    u_wb/defaultClockArea_cpu/weBattleCheckpointRAS_1/GlobalPredictorBTBPlugin_index[3]
    SLICE_X65Y57         LUT3 (Prop_lut3_I0_O)        0.105    12.116 r  u_wb/defaultClockArea_cpu/weBattleCheckpointRAS_1/mem_i_33__1/O
                         net (fo=10, routed)          0.284    12.400    u_wb/defaultClockArea_cpu/weBattleCheckpointRAS_1/mem_i_33__1_n_0
    SLICE_X64Y58         LUT4 (Prop_lut4_I1_O)        0.105    12.505 r  u_wb/defaultClockArea_cpu/weBattleCheckpointRAS_1/mem_i_32__0/O
                         net (fo=12, routed)          0.466    12.970    u_wb/defaultClockArea_cpu/weBattleCheckpointRAS_1/mem_i_32__0_n_0
    SLICE_X62Y59         LUT6 (Prop_lut6_I2_O)        0.105    13.075 r  u_wb/defaultClockArea_cpu/weBattleCheckpointRAS_1/mem_i_15__6/O
                         net (fo=1, routed)           0.800    13.876    u_wb/defaultClockArea_cpu/GlobalPredictorBTBPlugin_predictor/tournamentPht/rams_1/mem/xpm_memory_base_inst/addrb[9]
    RAMB18_X3Y28         RAMB18E1                                     r  u_wb/defaultClockArea_cpu/GlobalPredictorBTBPlugin_predictor/tournamentPht/rams_1/mem/xpm_memory_base_inst/gen_wr_a.gen_word_narrow.mem_reg/ADDRBWRADDR[13]
  -------------------------------------------------------------------    -------------------

                         (clock aclk rise edge)      10.000    10.000 r  
    L22                                               0.000    10.000 r  aclk (IN)
                         net (fo=0)                   0.000    10.000    aclk
    L22                  IBUF (Prop_ibuf_I_O)         0.762    10.762 r  aclk_IBUF_inst/O
                         net (fo=1, routed)           1.734    12.496    aclk_IBUF
    BUFGCTRL_X0Y0        BUFG (Prop_bufg_I_O)         0.077    12.573 r  aclk_IBUF_BUFG_inst/O
                         net (fo=20456, routed)       1.460    14.033    u_wb/defaultClockArea_cpu/GlobalPredictorBTBPlugin_predictor/tournamentPht/rams_1/mem/xpm_memory_base_inst/clka
    RAMB18_X3Y28         RAMB18E1                                     r  u_wb/defaultClockArea_cpu/GlobalPredictorBTBPlugin_predictor/tournamentPht/rams_1/mem/xpm_memory_base_inst/gen_wr_a.gen_word_narrow.mem_reg/CLKBWRCLK
                         clock pessimism              0.241    14.273    
                         clock uncertainty           -0.035    14.238    
    RAMB18_X3Y28         RAMB18E1 (Setup_ramb18e1_CLKBWRCLK_ADDRBWRADDR[13])
                                                     -0.490    13.748    u_wb/defaultClockArea_cpu/GlobalPredictorBTBPlugin_predictor/tournamentPht/rams_1/mem/xpm_memory_base_inst/gen_wr_a.gen_word_narrow.mem_reg
  -------------------------------------------------------------------
                         required time                         13.748    
                         arrival time                         -13.876    
  -------------------------------------------------------------------
                         slack                                 -0.128    

Slack (VIOLATED) :        -0.099ns  (required time - arrival time)
  Source:                 u_wb/defaultClockArea_cpu/_zz_ROBFIFOPlugin_fifoIO_pop_0_payload_state_lsuUncached_1_reg/C
                            (rising edge-triggered cell FDRE clocked by aclk  {rise@0.000ns fall@5.000ns period=10.000ns})
  Destination:            u_wb/defaultClockArea_cpu/GlobalPredictorBTBPlugin_predictor/tournamentPht/rams_2/mem/xpm_memory_base_inst/gen_wr_a.gen_word_narrow.mem_reg/ADDRBWRADDR[10]
                            (rising edge-triggered cell RAMB18E1 clocked by aclk  {rise@0.000ns fall@5.000ns period=10.000ns})
  Path Group:             aclk
  Path Type:              Setup (Max at Slow Process Corner)
  Requirement:            10.000ns  (aclk rise@10.000ns - aclk rise@0.000ns)
  Data Path Delay:        9.517ns  (logic 2.002ns (21.037%)  route 7.515ns (78.963%))
  Logic Levels:           13  (LUT2=2 LUT3=3 LUT4=1 LUT5=2 LUT6=4 MUXF7=1)
  Clock Path Skew:        -0.057ns (DCD - SCD + CPR)
    Destination Clock Delay (DCD):    4.033ns = ( 14.033 - 10.000 ) 
    Source Clock Delay      (SCD):    4.331ns
    Clock Pessimism Removal (CPR):    0.241ns
  Clock Uncertainty:      0.035ns  ((TSJ^2 + TIJ^2)^1/2 + DJ) / 2 + PE
    Total System Jitter     (TSJ):    0.071ns
    Total Input Jitter      (TIJ):    0.000ns
    Discrete Jitter          (DJ):    0.000ns
    Phase Error              (PE):    0.000ns

    Location             Delay type                Incr(ns)  Path(ns)    Netlist Resource(s)
  -------------------------------------------------------------------    -------------------
                         (clock aclk rise edge)       0.000     0.000 r  
    L22                                               0.000     0.000 r  aclk (IN)
                         net (fo=0)                   0.000     0.000    aclk
    L22                  IBUF (Prop_ibuf_I_O)         0.893     0.893 r  aclk_IBUF_inst/O
                         net (fo=1, routed)           1.827     2.720    aclk_IBUF
    BUFGCTRL_X0Y0        BUFG (Prop_bufg_I_O)         0.081     2.801 r  aclk_IBUF_BUFG_inst/O
                         net (fo=20456, routed)       1.530     4.331    u_wb/defaultClockArea_cpu/aclk_IBUF_BUFG
    SLICE_X90Y76         FDRE                                         r  u_wb/defaultClockArea_cpu/_zz_ROBFIFOPlugin_fifoIO_pop_0_payload_state_lsuUncached_1_reg/C
  -------------------------------------------------------------------    -------------------
    SLICE_X90Y76         FDRE (Prop_fdre_C_Q)         0.433     4.764 f  u_wb/defaultClockArea_cpu/_zz_ROBFIFOPlugin_fifoIO_pop_0_payload_state_lsuUncached_1_reg/Q
                         net (fo=1, routed)           0.930     5.694    u_wb/defaultClockArea_cpu/GlobalPredictorBTBPlugin_predictor/pht/rams_0/WeBattleCommitPlugin_uncachedExecuting_reg_i_15_2
    SLICE_X88Y80         LUT6 (Prop_lut6_I3_O)        0.105     5.799 f  u_wb/defaultClockArea_cpu/GlobalPredictorBTBPlugin_predictor/pht/rams_0/WeBattleCommitPlugin_uncachedExecuting_i_30/O
                         net (fo=1, routed)           0.000     5.799    u_wb/defaultClockArea_cpu/GlobalPredictorBTBPlugin_predictor/pht/rams_0/WeBattleCommitPlugin_uncachedExecuting_i_30_n_0
    SLICE_X88Y80         MUXF7 (Prop_muxf7_I0_O)      0.173     5.972 f  u_wb/defaultClockArea_cpu/GlobalPredictorBTBPlugin_predictor/pht/rams_0/WeBattleCommitPlugin_uncachedExecuting_reg_i_15/O
                         net (fo=1, routed)           0.688     6.660    u_wb/defaultClockArea_cpu/GlobalPredictorBTBPlugin_predictor/pht/rams_0/WeBattleCommitPlugin_uncachedExecuting_reg_i_15_n_0
    SLICE_X82Y79         LUT6 (Prop_lut6_I5_O)        0.241     6.901 f  u_wb/defaultClockArea_cpu/GlobalPredictorBTBPlugin_predictor/pht/rams_0/WeBattleCommitPlugin_uncachedExecuting_i_7/O
                         net (fo=2, routed)           0.484     7.385    u_wb/defaultClockArea_cpu/GlobalPredictorBTBPlugin_predictor/pht/rams_0/_zz_ROBFIFOPlugin_popPtr_reg[4]_rep__0
    SLICE_X78Y79         LUT6 (Prop_lut6_I5_O)        0.105     7.490 r  u_wb/defaultClockArea_cpu/GlobalPredictorBTBPlugin_predictor/pht/rams_0/WeBattleCommitPlugin_uncachedExecuting_i_5/O
                         net (fo=1, routed)           0.681     8.171    u_wb/defaultClockArea_cpu/GlobalPredictorBTBPlugin_predictor/pht/rams_0/WeBattleCommitPlugin_uncachedExecuting_i_5_n_0
    SLICE_X77Y77         LUT6 (Prop_lut6_I5_O)        0.105     8.276 f  u_wb/defaultClockArea_cpu/GlobalPredictorBTBPlugin_predictor/pht/rams_0/WeBattleCommitPlugin_uncachedExecuting_i_2/O
                         net (fo=6, routed)           0.137     8.413    u_wb/defaultClockArea_cpu/GlobalPredictorBTBPlugin_predictor/pht/rams_0/when_WeBattleCommitPlugin_l101
    SLICE_X77Y77         LUT5 (Prop_lut5_I2_O)        0.105     8.518 f  u_wb/defaultClockArea_cpu/GlobalPredictorBTBPlugin_predictor/pht/rams_0/WeBattleCommitPlugin_regFlush_i_2/O
                         net (fo=6, routed)           0.380     8.897    u_wb/defaultClockArea_cpu/GlobalPredictorBTBPlugin_predictor/pht/rams_0/WeBattleCommitPlugin_uncachedExecuting_reg_0
    SLICE_X76Y75         LUT2 (Prop_lut2_I1_O)        0.105     9.002 r  u_wb/defaultClockArea_cpu/GlobalPredictorBTBPlugin_predictor/pht/rams_0/mem_i_13__11/O
                         net (fo=106, routed)         0.333     9.335    u_wb/defaultClockArea_cpu/GlobalPredictorBTBPlugin_btb/rams_1/when_WeBattleCommitPlugin_l169
    SLICE_X75Y75         LUT2 (Prop_lut2_I0_O)        0.105     9.440 r  u_wb/defaultClockArea_cpu/GlobalPredictorBTBPlugin_btb/rams_1/ProgramCounterPlugin_backendJumpInterface_rData[5]_i_4/O
                         net (fo=12, routed)          0.949    10.389    u_wb/defaultClockArea_cpu/GlobalPredictorBTBPlugin_predictor/pht/rams_0/ProgramCounterPlugin_backendJumpInterface_rData_reg[5]_0
    SLICE_X69Y57         LUT3 (Prop_lut3_I0_O)        0.105    10.494 r  u_wb/defaultClockArea_cpu/GlobalPredictorBTBPlugin_predictor/pht/rams_0/mem_i_81/O
                         net (fo=48, routed)          0.675    11.169    u_wb/defaultClockArea_cpu/weBattleCheckpointRAS_1/ProgramCounterPlugin_backendJumpInterface_valid
    SLICE_X66Y59         LUT5 (Prop_lut5_I1_O)        0.105    11.274 f  u_wb/defaultClockArea_cpu/weBattleCheckpointRAS_1/mem_i_24__8/O
                         net (fo=28, routed)          0.737    12.011    u_wb/defaultClockArea_cpu/weBattleCheckpointRAS_1/GlobalPredictorBTBPlugin_index[3]
    SLICE_X65Y57         LUT3 (Prop_lut3_I0_O)        0.105    12.116 r  u_wb/defaultClockArea_cpu/weBattleCheckpointRAS_1/mem_i_33__1/O
                         net (fo=10, routed)          0.284    12.400    u_wb/defaultClockArea_cpu/weBattleCheckpointRAS_1/mem_i_33__1_n_0
    SLICE_X64Y58         LUT4 (Prop_lut4_I1_O)        0.105    12.505 r  u_wb/defaultClockArea_cpu/weBattleCheckpointRAS_1/mem_i_32__0/O
                         net (fo=12, routed)          0.423    12.927    u_wb/defaultClockArea_cpu/weBattleCheckpointRAS_1/mem_i_32__0_n_0
    SLICE_X63Y59         LUT3 (Prop_lut3_I0_O)        0.105    13.032 r  u_wb/defaultClockArea_cpu/weBattleCheckpointRAS_1/mem_i_18__4/O
                         net (fo=1, routed)           0.815    13.847    u_wb/defaultClockArea_cpu/GlobalPredictorBTBPlugin_predictor/tournamentPht/rams_2/mem/xpm_memory_base_inst/addrb[6]
    RAMB18_X3Y29         RAMB18E1                                     r  u_wb/defaultClockArea_cpu/GlobalPredictorBTBPlugin_predictor/tournamentPht/rams_2/mem/xpm_memory_base_inst/gen_wr_a.gen_word_narrow.mem_reg/ADDRBWRADDR[10]
  -------------------------------------------------------------------    -------------------

                         (clock aclk rise edge)      10.000    10.000 r  
    L22                                               0.000    10.000 r  aclk (IN)
                         net (fo=0)                   0.000    10.000    aclk
    L22                  IBUF (Prop_ibuf_I_O)         0.762    10.762 r  aclk_IBUF_inst/O
                         net (fo=1, routed)           1.734    12.496    aclk_IBUF
    BUFGCTRL_X0Y0        BUFG (Prop_bufg_I_O)         0.077    12.573 r  aclk_IBUF_BUFG_inst/O
                         net (fo=20456, routed)       1.460    14.033    u_wb/defaultClockArea_cpu/GlobalPredictorBTBPlugin_predictor/tournamentPht/rams_2/mem/xpm_memory_base_inst/clka
    RAMB18_X3Y29         RAMB18E1                                     r  u_wb/defaultClockArea_cpu/GlobalPredictorBTBPlugin_predictor/tournamentPht/rams_2/mem/xpm_memory_base_inst/gen_wr_a.gen_word_narrow.mem_reg/CLKBWRCLK
                         clock pessimism              0.241    14.273    
                         clock uncertainty           -0.035    14.238    
    RAMB18_X3Y29         RAMB18E1 (Setup_ramb18e1_CLKBWRCLK_ADDRBWRADDR[10])
                                                     -0.490    13.748    u_wb/defaultClockArea_cpu/GlobalPredictorBTBPlugin_predictor/tournamentPht/rams_2/mem/xpm_memory_base_inst/gen_wr_a.gen_word_narrow.mem_reg
  -------------------------------------------------------------------
                         required time                         13.748    
                         arrival time                         -13.847    
  -------------------------------------------------------------------
                         slack                                 -0.099    

Slack (VIOLATED) :        -0.078ns  (required time - arrival time)
  Source:                 u_wb/defaultClockArea_cpu/IntIssueQueuePlugin_queue_0_payload_rRegs_0_valid_reg/C
                            (rising edge-triggered cell FDRE clocked by aclk  {rise@0.000ns fall@5.000ns period=10.000ns})
  Destination:            u_wb/defaultClockArea_cpu/IntIssueQueuePlugin_queue_1_payload_rRegs_1_valid_reg/D
                            (rising edge-triggered cell FDRE clocked by aclk  {rise@0.000ns fall@5.000ns period=10.000ns})
  Path Group:             aclk
  Path Type:              Setup (Max at Slow Process Corner)
  Requirement:            10.000ns  (aclk rise@10.000ns - aclk rise@0.000ns)
  Data Path Delay:        10.085ns  (logic 1.975ns (19.583%)  route 8.110ns (80.417%))
  Logic Levels:           15  (LUT2=1 LUT3=1 LUT4=4 LUT5=3 LUT6=6)
  Clock Path Skew:        -0.026ns (DCD - SCD + CPR)
    Destination Clock Delay (DCD):    3.873ns = ( 13.873 - 10.000 ) 
    Source Clock Delay      (SCD):    4.208ns
    Clock Pessimism Removal (CPR):    0.310ns
  Clock Uncertainty:      0.035ns  ((TSJ^2 + TIJ^2)^1/2 + DJ) / 2 + PE
    Total System Jitter     (TSJ):    0.071ns
    Total Input Jitter      (TIJ):    0.000ns
    Discrete Jitter          (DJ):    0.000ns
    Phase Error              (PE):    0.000ns

    Location             Delay type                Incr(ns)  Path(ns)    Netlist Resource(s)
  -------------------------------------------------------------------    -------------------
                         (clock aclk rise edge)       0.000     0.000 r  
    L22                                               0.000     0.000 r  aclk (IN)
                         net (fo=0)                   0.000     0.000    aclk
    L22                  IBUF (Prop_ibuf_I_O)         0.893     0.893 r  aclk_IBUF_inst/O
                         net (fo=1, routed)           1.827     2.720    aclk_IBUF
    BUFGCTRL_X0Y0        BUFG (Prop_bufg_I_O)         0.081     2.801 r  aclk_IBUF_BUFG_inst/O
                         net (fo=20456, routed)       1.408     4.208    u_wb/defaultClockArea_cpu/aclk_IBUF_BUFG
    SLICE_X47Y111        FDRE                                         r  u_wb/defaultClockArea_cpu/IntIssueQueuePlugin_queue_0_payload_rRegs_0_valid_reg/C
  -------------------------------------------------------------------    -------------------
    SLICE_X47Y111        FDRE (Prop_fdre_C_Q)         0.379     4.587 f  u_wb/defaultClockArea_cpu/IntIssueQueuePlugin_queue_0_payload_rRegs_0_valid_reg/Q
                         net (fo=2, routed)           0.604     5.192    u_wb/defaultClockArea_cpu/IntIssueQueuePlugin_queue_0_payload_rRegs_0_valid_reg_n_0
    SLICE_X57Y114        LUT2 (Prop_lut2_I0_O)        0.105     5.297 f  u_wb/defaultClockArea_cpu/IntIssueQueuePlugin_queue_0_payload_uop_pc[31]_i_4/O
                         net (fo=30, routed)          0.584     5.881    u_wb/defaultClockArea_cpu/p_7754_in
    SLICE_X56Y114        LUT5 (Prop_lut5_I4_O)        0.105     5.986 f  u_wb/defaultClockArea_cpu/INT0_ISS_to_INT0_RRD_ISSUE_SLOT_uop_doRegWrite_i_30/O
                         net (fo=12, routed)          0.515     6.501    u_wb/defaultClockArea_cpu/INT0_ISS_to_INT0_RRD_ISSUE_SLOT_uop_doRegWrite_i_30_n_0
    SLICE_X61Y114        LUT4 (Prop_lut4_I1_O)        0.105     6.606 r  u_wb/defaultClockArea_cpu/INT2_ISS_to_INT2_RRD_ISSUE_SLOT_uop_doRegWrite_i_6/O
                         net (fo=3, routed)           0.716     7.321    u_wb/defaultClockArea_cpu/INT2_ISS_to_INT2_RRD_ISSUE_SLOT_uop_doRegWrite_i_6_n_0
    SLICE_X62Y115        LUT4 (Prop_lut4_I1_O)        0.105     7.426 r  u_wb/defaultClockArea_cpu/INT2_ISS_to_INT2_RRD_ISSUE_SLOT_uop_inst[24]_i_7/O
                         net (fo=14, routed)          0.613     8.039    u_wb/defaultClockArea_cpu/INT2_ISS_to_INT2_RRD_ISSUE_SLOT_uop_inst[24]_i_7_n_0
    SLICE_X62Y117        LUT4 (Prop_lut4_I1_O)        0.105     8.144 f  u_wb/defaultClockArea_cpu/INT1_ISS_to_INT1_RRD_ISSUE_SLOT_uop_inst[24]_i_7/O
                         net (fo=12, routed)          0.707     8.851    u_wb/defaultClockArea_cpu/INT1_ISS_to_INT1_RRD_ISSUE_SLOT_uop_inst[24]_i_7_n_0
    SLICE_X61Y117        LUT5 (Prop_lut5_I4_O)        0.105     8.956 r  u_wb/defaultClockArea_cpu/IntIssueQueuePlugin_queue_4_valid_i_8/O
                         net (fo=7, routed)           0.345     9.302    u_wb/defaultClockArea_cpu/IntIssueQueuePlugin_queue_4_valid_i_8_n_0
    SLICE_X59Y117        LUT4 (Prop_lut4_I1_O)        0.105     9.407 r  u_wb/defaultClockArea_cpu/INT0_ISS_to_INT0_RRD_ISSUE_SLOT_wReg[5]_i_3/O
                         net (fo=42, routed)          0.645    10.052    u_wb/defaultClockArea_cpu/INT0_ISS_to_INT0_RRD_ISSUE_SLOT_wReg[5]_i_3_n_0
    SLICE_X53Y117        LUT6 (Prop_lut6_I4_O)        0.105    10.157 r  u_wb/defaultClockArea_cpu/INT0_ISS_to_INT0_RRD_ISSUE_SLOT_wReg[3]_i_1/O
                         net (fo=15, routed)          0.777    10.934    u_wb/defaultClockArea_cpu/_zz_INT0_ISS_IntExecutePlugin_issSlot_wReg[3]
    SLICE_X52Y116        LUT6 (Prop_lut6_I1_O)        0.105    11.039 f  u_wb/defaultClockArea_cpu/IntIssueQueuePlugin_queue_3_payload_rRegs_1_valid_i_30/O
                         net (fo=1, routed)           0.502    11.541    u_wb/defaultClockArea_cpu/IntIssueQueuePlugin_queue_3_payload_rRegs_1_valid_i_30_n_0
    SLICE_X55Y110        LUT5 (Prop_lut5_I0_O)        0.105    11.646 f  u_wb/defaultClockArea_cpu/IntIssueQueuePlugin_queue_3_payload_rRegs_1_valid_i_19/O
                         net (fo=1, routed)           0.348    11.994    u_wb/defaultClockArea_cpu/IntIssueQueuePlugin_queue_3_payload_rRegs_1_valid_i_19_n_0
    SLICE_X55Y110        LUT6 (Prop_lut6_I2_O)        0.105    12.099 f  u_wb/defaultClockArea_cpu/IntIssueQueuePlugin_queue_3_payload_rRegs_1_valid_i_9/O
                         net (fo=1, routed)           0.575    12.675    u_wb/defaultClockArea_cpu/unsignedDivider_3/IntIssueQueuePlugin_queue_3_payload_rRegs_1_valid_i_3_2
    SLICE_X47Y108        LUT6 (Prop_lut6_I5_O)        0.105    12.780 f  u_wb/defaultClockArea_cpu/unsignedDivider_3/IntIssueQueuePlugin_queue_3_payload_rRegs_1_valid_i_5/O
                         net (fo=1, routed)           0.232    13.012    u_wb/defaultClockArea_cpu/unsignedDivider_3/IntIssueQueuePlugin_queue_3_payload_rRegs_1_valid_i_5_n_0
    SLICE_X48Y108        LUT6 (Prop_lut6_I3_O)        0.105    13.117 f  u_wb/defaultClockArea_cpu/unsignedDivider_3/IntIssueQueuePlugin_queue_3_payload_rRegs_1_valid_i_3/O
                         net (fo=4, routed)           0.483    13.600    u_wb/defaultClockArea_cpu/unsignedDivider_3/IntIssueQueuePlugin_queue_3_payload_rRegs_1_valid_i_3_n_0
    SLICE_X47Y108        LUT6 (Prop_lut6_I4_O)        0.105    13.705 r  u_wb/defaultClockArea_cpu/unsignedDivider_3/IntIssueQueuePlugin_queue_1_payload_rRegs_1_valid_i_2/O
                         net (fo=1, routed)           0.463    14.168    u_wb/defaultClockArea_cpu/unsignedDivider_3/IntIssueQueuePlugin_queue_1_payload_rRegs_1_valid_i_2_n_0
    SLICE_X47Y110        LUT3 (Prop_lut3_I0_O)        0.126    14.294 r  u_wb/defaultClockArea_cpu/unsignedDivider_3/IntIssueQueuePlugin_queue_1_payload_rRegs_1_valid_i_1/O
                         net (fo=1, routed)           0.000    14.294    u_wb/defaultClockArea_cpu/unsignedDivider_3_n_58
    SLICE_X47Y110        FDRE                                         r  u_wb/defaultClockArea_cpu/IntIssueQueuePlugin_queue_1_payload_rRegs_1_valid_reg/D
  -------------------------------------------------------------------    -------------------

                         (clock aclk rise edge)      10.000    10.000 r  
    L22                                               0.000    10.000 r  aclk (IN)
                         net (fo=0)                   0.000    10.000    aclk
    L22                  IBUF (Prop_ibuf_I_O)         0.762    10.762 r  aclk_IBUF_inst/O
                         net (fo=1, routed)           1.734    12.496    aclk_IBUF
    BUFGCTRL_X0Y0        BUFG (Prop_bufg_I_O)         0.077    12.573 r  aclk_IBUF_BUFG_inst/O
                         net (fo=20456, routed)       1.300    13.873    u_wb/defaultClockArea_cpu/aclk_IBUF_BUFG
    SLICE_X47Y110        FDRE                                         r  u_wb/defaultClockArea_cpu/IntIssueQueuePlugin_queue_1_payload_rRegs_1_valid_reg/C
                         clock pessimism              0.310    14.182    
                         clock uncertainty           -0.035    14.147    
    SLICE_X47Y110        FDRE (Setup_fdre_C_D)        0.069    14.216    u_wb/defaultClockArea_cpu/IntIssueQueuePlugin_queue_1_payload_rRegs_1_valid_reg
  -------------------------------------------------------------------
                         required time                         14.216    
                         arrival time                         -14.294    
  -------------------------------------------------------------------
                         slack                                 -0.078    

Slack (VIOLATED) :        -0.065ns  (required time - arrival time)
  Source:                 u_wb/defaultClockArea_cpu/IntIssueQueuePlugin_queue_0_payload_rRegs_0_valid_reg/C
                            (rising edge-triggered cell FDRE clocked by aclk  {rise@0.000ns fall@5.000ns period=10.000ns})
  Destination:            u_wb/defaultClockArea_cpu/IntIssueQueuePlugin_queue_2_payload_rRegs_1_valid_reg/D
                            (rising edge-triggered cell FDRE clocked by aclk  {rise@0.000ns fall@5.000ns period=10.000ns})
  Path Group:             aclk
  Path Type:              Setup (Max at Slow Process Corner)
  Requirement:            10.000ns  (aclk rise@10.000ns - aclk rise@0.000ns)
  Data Path Delay:        10.074ns  (logic 1.957ns (19.427%)  route 8.117ns (80.573%))
  Logic Levels:           15  (LUT2=1 LUT3=1 LUT4=4 LUT5=3 LUT6=6)
  Clock Path Skew:        -0.025ns (DCD - SCD + CPR)
    Destination Clock Delay (DCD):    3.874ns = ( 13.874 - 10.000 ) 
    Source Clock Delay      (SCD):    4.208ns
    Clock Pessimism Removal (CPR):    0.310ns
  Clock Uncertainty:      0.035ns  ((TSJ^2 + TIJ^2)^1/2 + DJ) / 2 + PE
    Total System Jitter     (TSJ):    0.071ns
    Total Input Jitter      (TIJ):    0.000ns
    Discrete Jitter          (DJ):    0.000ns
    Phase Error              (PE):    0.000ns

    Location             Delay type                Incr(ns)  Path(ns)    Netlist Resource(s)
  -------------------------------------------------------------------    -------------------
                         (clock aclk rise edge)       0.000     0.000 r  
    L22                                               0.000     0.000 r  aclk (IN)
                         net (fo=0)                   0.000     0.000    aclk
    L22                  IBUF (Prop_ibuf_I_O)         0.893     0.893 r  aclk_IBUF_inst/O
                         net (fo=1, routed)           1.827     2.720    aclk_IBUF
    BUFGCTRL_X0Y0        BUFG (Prop_bufg_I_O)         0.081     2.801 r  aclk_IBUF_BUFG_inst/O
                         net (fo=20456, routed)       1.408     4.208    u_wb/defaultClockArea_cpu/aclk_IBUF_BUFG
    SLICE_X47Y111        FDRE                                         r  u_wb/defaultClockArea_cpu/IntIssueQueuePlugin_queue_0_payload_rRegs_0_valid_reg/C
  -------------------------------------------------------------------    -------------------
    SLICE_X47Y111        FDRE (Prop_fdre_C_Q)         0.379     4.587 f  u_wb/defaultClockArea_cpu/IntIssueQueuePlugin_queue_0_payload_rRegs_0_valid_reg/Q
                         net (fo=2, routed)           0.604     5.192    u_wb/defaultClockArea_cpu/IntIssueQueuePlugin_queue_0_payload_rRegs_0_valid_reg_n_0
    SLICE_X57Y114        LUT2 (Prop_lut2_I0_O)        0.105     5.297 f  u_wb/defaultClockArea_cpu/IntIssueQueuePlugin_queue_0_payload_uop_pc[31]_i_4/O
                         net (fo=30, routed)          0.584     5.881    u_wb/defaultClockArea_cpu/p_7754_in
    SLICE_X56Y114        LUT5 (Prop_lut5_I4_O)        0.105     5.986 f  u_wb/defaultClockArea_cpu/INT0_ISS_to_INT0_RRD_ISSUE_SLOT_uop_doRegWrite_i_30/O
                         net (fo=12, routed)          0.515     6.501    u_wb/defaultClockArea_cpu/INT0_ISS_to_INT0_RRD_ISSUE_SLOT_uop_doRegWrite_i_30_n_0
    SLICE_X61Y114        LUT4 (Prop_lut4_I1_O)        0.105     6.606 r  u_wb/defaultClockArea_cpu/INT2_ISS_to_INT2_RRD_ISSUE_SLOT_uop_doRegWrite_i_6/O
                         net (fo=3, routed)           0.716     7.321    u_wb/defaultClockArea_cpu/INT2_ISS_to_INT2_RRD_ISSUE_SLOT_uop_doRegWrite_i_6_n_0
    SLICE_X62Y115        LUT4 (Prop_lut4_I1_O)        0.105     7.426 r  u_wb/defaultClockArea_cpu/INT2_ISS_to_INT2_RRD_ISSUE_SLOT_uop_inst[24]_i_7/O
                         net (fo=14, routed)          0.613     8.039    u_wb/defaultClockArea_cpu/INT2_ISS_to_INT2_RRD_ISSUE_SLOT_uop_inst[24]_i_7_n_0
    SLICE_X62Y117        LUT4 (Prop_lut4_I1_O)        0.105     8.144 f  u_wb/defaultClockArea_cpu/INT1_ISS_to_INT1_RRD_ISSUE_SLOT_uop_inst[24]_i_7/O
                         net (fo=12, routed)          0.707     8.851    u_wb/defaultClockArea_cpu/INT1_ISS_to_INT1_RRD_ISSUE_SLOT_uop_inst[24]_i_7_n_0
    SLICE_X61Y117        LUT5 (Prop_lut5_I4_O)        0.105     8.956 r  u_wb/defaultClockArea_cpu/IntIssueQueuePlugin_queue_4_valid_i_8/O
                         net (fo=7, routed)           0.345     9.302    u_wb/defaultClockArea_cpu/IntIssueQueuePlugin_queue_4_valid_i_8_n_0
    SLICE_X59Y117        LUT4 (Prop_lut4_I1_O)        0.105     9.407 r  u_wb/defaultClockArea_cpu/INT0_ISS_to_INT0_RRD_ISSUE_SLOT_wReg[5]_i_3/O
                         net (fo=42, routed)          0.645    10.052    u_wb/defaultClockArea_cpu/INT0_ISS_to_INT0_RRD_ISSUE_SLOT_wReg[5]_i_3_n_0
    SLICE_X53Y117        LUT6 (Prop_lut6_I4_O)        0.105    10.157 r  u_wb/defaultClockArea_cpu/INT0_ISS_to_INT0_RRD_ISSUE_SLOT_wReg[3]_i_1/O
                         net (fo=15, routed)          0.777    10.934    u_wb/defaultClockArea_cpu/_zz_INT0_ISS_IntExecutePlugin_issSlot_wReg[3]
    SLICE_X52Y116        LUT6 (Prop_lut6_I1_O)        0.105    11.039 f  u_wb/defaultClockArea_cpu/IntIssueQueuePlugin_queue_3_payload_rRegs_1_valid_i_30/O
                         net (fo=1, routed)           0.502    11.541    u_wb/defaultClockArea_cpu/IntIssueQueuePlugin_queue_3_payload_rRegs_1_valid_i_30_n_0
    SLICE_X55Y110        LUT5 (Prop_lut5_I0_O)        0.105    11.646 f  u_wb/defaultClockArea_cpu/IntIssueQueuePlugin_queue_3_payload_rRegs_1_valid_i_19/O
                         net (fo=1, routed)           0.348    11.994    u_wb/defaultClockArea_cpu/IntIssueQueuePlugin_queue_3_payload_rRegs_1_valid_i_19_n_0
    SLICE_X55Y110        LUT6 (Prop_lut6_I2_O)        0.105    12.099 f  u_wb/defaultClockArea_cpu/IntIssueQueuePlugin_queue_3_payload_rRegs_1_valid_i_9/O
                         net (fo=1, routed)           0.575    12.675    u_wb/defaultClockArea_cpu/unsignedDivider_3/IntIssueQueuePlugin_queue_3_payload_rRegs_1_valid_i_3_2
    SLICE_X47Y108        LUT6 (Prop_lut6_I5_O)        0.105    12.780 f  u_wb/defaultClockArea_cpu/unsignedDivider_3/IntIssueQueuePlugin_queue_3_payload_rRegs_1_valid_i_5/O
                         net (fo=1, routed)           0.232    13.012    u_wb/defaultClockArea_cpu/unsignedDivider_3/IntIssueQueuePlugin_queue_3_payload_rRegs_1_valid_i_5_n_0
    SLICE_X48Y108        LUT6 (Prop_lut6_I3_O)        0.105    13.117 f  u_wb/defaultClockArea_cpu/unsignedDivider_3/IntIssueQueuePlugin_queue_3_payload_rRegs_1_valid_i_3/O
                         net (fo=4, routed)           0.498    13.615    u_wb/defaultClockArea_cpu/unsignedDivider_3/IntIssueQueuePlugin_queue_3_payload_rRegs_1_valid_i_3_n_0
    SLICE_X48Y109        LUT6 (Prop_lut6_I0_O)        0.105    13.720 r  u_wb/defaultClockArea_cpu/unsignedDivider_3/IntIssueQueuePlugin_queue_2_payload_rRegs_1_valid_i_2/O
                         net (fo=1, routed)           0.454    14.174    u_wb/defaultClockArea_cpu/unsignedDivider_3/IntIssueQueuePlugin_queue_2_payload_rRegs_1_valid_i_2_n_0
    SLICE_X47Y109        LUT3 (Prop_lut3_I0_O)        0.108    14.282 r  u_wb/defaultClockArea_cpu/unsignedDivider_3/IntIssueQueuePlugin_queue_2_payload_rRegs_1_valid_i_1/O
                         net (fo=1, routed)           0.000    14.282    u_wb/defaultClockArea_cpu/unsignedDivider_3_n_59
    SLICE_X47Y109        FDRE                                         r  u_wb/defaultClockArea_cpu/IntIssueQueuePlugin_queue_2_payload_rRegs_1_valid_reg/D
  -------------------------------------------------------------------    -------------------

                         (clock aclk rise edge)      10.000    10.000 r  
    L22                                               0.000    10.000 r  aclk (IN)
                         net (fo=0)                   0.000    10.000    aclk
    L22                  IBUF (Prop_ibuf_I_O)         0.762    10.762 r  aclk_IBUF_inst/O
                         net (fo=1, routed)           1.734    12.496    aclk_IBUF
    BUFGCTRL_X0Y0        BUFG (Prop_bufg_I_O)         0.077    12.573 r  aclk_IBUF_BUFG_inst/O
                         net (fo=20456, routed)       1.301    13.874    u_wb/defaultClockArea_cpu/aclk_IBUF_BUFG
    SLICE_X47Y109        FDRE                                         r  u_wb/defaultClockArea_cpu/IntIssueQueuePlugin_queue_2_payload_rRegs_1_valid_reg/C
                         clock pessimism              0.310    14.183    
                         clock uncertainty           -0.035    14.148    
    SLICE_X47Y109        FDRE (Setup_fdre_C_D)        0.069    14.217    u_wb/defaultClockArea_cpu/IntIssueQueuePlugin_queue_2_payload_rRegs_1_valid_reg
  -------------------------------------------------------------------
                         required time                         14.217    
                         arrival time                         -14.282    
  -------------------------------------------------------------------
                         slack                                 -0.065    

Slack (VIOLATED) :        -0.045ns  (required time - arrival time)
  Source:                 u_wb/defaultClockArea_cpu/_zz_ROBFIFOPlugin_fifoIO_pop_0_payload_state_lsuUncached_1_reg/C
                            (rising edge-triggered cell FDRE clocked by aclk  {rise@0.000ns fall@5.000ns period=10.000ns})
  Destination:            u_wb/defaultClockArea_cpu/GlobalPredictorBTBPlugin_predictor/tournamentPht/rams_2/mem/xpm_memory_base_inst/gen_wr_a.gen_word_narrow.mem_reg/ADDRBWRADDR[12]
                            (rising edge-triggered cell RAMB18E1 clocked by aclk  {rise@0.000ns fall@5.000ns period=10.000ns})
  Path Group:             aclk
  Path Type:              Setup (Max at Slow Process Corner)
  Requirement:            10.000ns  (aclk rise@10.000ns - aclk rise@0.000ns)
  Data Path Delay:        9.462ns  (logic 2.002ns (21.158%)  route 7.460ns (78.842%))
  Logic Levels:           13  (LUT2=2 LUT3=2 LUT4=1 LUT5=3 LUT6=4 MUXF7=1)
  Clock Path Skew:        -0.057ns (DCD - SCD + CPR)
    Destination Clock Delay (DCD):    4.033ns = ( 14.033 - 10.000 ) 
    Source Clock Delay      (SCD):    4.331ns
    Clock Pessimism Removal (CPR):    0.241ns
  Clock Uncertainty:      0.035ns  ((TSJ^2 + TIJ^2)^1/2 + DJ) / 2 + PE
    Total System Jitter     (TSJ):    0.071ns
    Total Input Jitter      (TIJ):    0.000ns
    Discrete Jitter          (DJ):    0.000ns
    Phase Error              (PE):    0.000ns

    Location             Delay type                Incr(ns)  Path(ns)    Netlist Resource(s)
  -------------------------------------------------------------------    -------------------
                         (clock aclk rise edge)       0.000     0.000 r  
    L22                                               0.000     0.000 r  aclk (IN)
                         net (fo=0)                   0.000     0.000    aclk
    L22                  IBUF (Prop_ibuf_I_O)         0.893     0.893 r  aclk_IBUF_inst/O
                         net (fo=1, routed)           1.827     2.720    aclk_IBUF
    BUFGCTRL_X0Y0        BUFG (Prop_bufg_I_O)         0.081     2.801 r  aclk_IBUF_BUFG_inst/O
                         net (fo=20456, routed)       1.530     4.331    u_wb/defaultClockArea_cpu/aclk_IBUF_BUFG
    SLICE_X90Y76         FDRE                                         r  u_wb/defaultClockArea_cpu/_zz_ROBFIFOPlugin_fifoIO_pop_0_payload_state_lsuUncached_1_reg/C
  -------------------------------------------------------------------    -------------------
    SLICE_X90Y76         FDRE (Prop_fdre_C_Q)         0.433     4.764 f  u_wb/defaultClockArea_cpu/_zz_ROBFIFOPlugin_fifoIO_pop_0_payload_state_lsuUncached_1_reg/Q
                         net (fo=1, routed)           0.930     5.694    u_wb/defaultClockArea_cpu/GlobalPredictorBTBPlugin_predictor/pht/rams_0/WeBattleCommitPlugin_uncachedExecuting_reg_i_15_2
    SLICE_X88Y80         LUT6 (Prop_lut6_I3_O)        0.105     5.799 f  u_wb/defaultClockArea_cpu/GlobalPredictorBTBPlugin_predictor/pht/rams_0/WeBattleCommitPlugin_uncachedExecuting_i_30/O
                         net (fo=1, routed)           0.000     5.799    u_wb/defaultClockArea_cpu/GlobalPredictorBTBPlugin_predictor/pht/rams_0/WeBattleCommitPlugin_uncachedExecuting_i_30_n_0
    SLICE_X88Y80         MUXF7 (Prop_muxf7_I0_O)      0.173     5.972 f  u_wb/defaultClockArea_cpu/GlobalPredictorBTBPlugin_predictor/pht/rams_0/WeBattleCommitPlugin_uncachedExecuting_reg_i_15/O
                         net (fo=1, routed)           0.688     6.660    u_wb/defaultClockArea_cpu/GlobalPredictorBTBPlugin_predictor/pht/rams_0/WeBattleCommitPlugin_uncachedExecuting_reg_i_15_n_0
    SLICE_X82Y79         LUT6 (Prop_lut6_I5_O)        0.241     6.901 f  u_wb/defaultClockArea_cpu/GlobalPredictorBTBPlugin_predictor/pht/rams_0/WeBattleCommitPlugin_uncachedExecuting_i_7/O
                         net (fo=2, routed)           0.484     7.385    u_wb/defaultClockArea_cpu/GlobalPredictorBTBPlugin_predictor/pht/rams_0/_zz_ROBFIFOPlugin_popPtr_reg[4]_rep__0
    SLICE_X78Y79         LUT6 (Prop_lut6_I5_O)        0.105     7.490 r  u_wb/defaultClockArea_cpu/GlobalPredictorBTBPlugin_predictor/pht/rams_0/WeBattleCommitPlugin_uncachedExecuting_i_5/O
                         net (fo=1, routed)           0.681     8.171    u_wb/defaultClockArea_cpu/GlobalPredictorBTBPlugin_predictor/pht/rams_0/WeBattleCommitPlugin_uncachedExecuting_i_5_n_0
    SLICE_X77Y77         LUT6 (Prop_lut6_I5_O)        0.105     8.276 f  u_wb/defaultClockArea_cpu/GlobalPredictorBTBPlugin_predictor/pht/rams_0/WeBattleCommitPlugin_uncachedExecuting_i_2/O
                         net (fo=6, routed)           0.137     8.413    u_wb/defaultClockArea_cpu/GlobalPredictorBTBPlugin_predictor/pht/rams_0/when_WeBattleCommitPlugin_l101
    SLICE_X77Y77         LUT5 (Prop_lut5_I2_O)        0.105     8.518 f  u_wb/defaultClockArea_cpu/GlobalPredictorBTBPlugin_predictor/pht/rams_0/WeBattleCommitPlugin_regFlush_i_2/O
                         net (fo=6, routed)           0.380     8.897    u_wb/defaultClockArea_cpu/GlobalPredictorBTBPlugin_predictor/pht/rams_0/WeBattleCommitPlugin_uncachedExecuting_reg_0
    SLICE_X76Y75         LUT2 (Prop_lut2_I1_O)        0.105     9.002 r  u_wb/defaultClockArea_cpu/GlobalPredictorBTBPlugin_predictor/pht/rams_0/mem_i_13__11/O
                         net (fo=106, routed)         0.333     9.335    u_wb/defaultClockArea_cpu/GlobalPredictorBTBPlugin_btb/rams_1/when_WeBattleCommitPlugin_l169
    SLICE_X75Y75         LUT2 (Prop_lut2_I0_O)        0.105     9.440 r  u_wb/defaultClockArea_cpu/GlobalPredictorBTBPlugin_btb/rams_1/ProgramCounterPlugin_backendJumpInterface_rData[5]_i_4/O
                         net (fo=12, routed)          0.949    10.389    u_wb/defaultClockArea_cpu/GlobalPredictorBTBPlugin_predictor/pht/rams_0/ProgramCounterPlugin_backendJumpInterface_rData_reg[5]_0
    SLICE_X69Y57         LUT3 (Prop_lut3_I0_O)        0.105    10.494 r  u_wb/defaultClockArea_cpu/GlobalPredictorBTBPlugin_predictor/pht/rams_0/mem_i_81/O
                         net (fo=48, routed)          0.675    11.169    u_wb/defaultClockArea_cpu/weBattleCheckpointRAS_1/ProgramCounterPlugin_backendJumpInterface_valid
    SLICE_X66Y59         LUT5 (Prop_lut5_I1_O)        0.105    11.274 f  u_wb/defaultClockArea_cpu/weBattleCheckpointRAS_1/mem_i_24__8/O
                         net (fo=28, routed)          0.737    12.011    u_wb/defaultClockArea_cpu/weBattleCheckpointRAS_1/GlobalPredictorBTBPlugin_index[3]
    SLICE_X65Y57         LUT3 (Prop_lut3_I0_O)        0.105    12.116 r  u_wb/defaultClockArea_cpu/weBattleCheckpointRAS_1/mem_i_33__1/O
                         net (fo=10, routed)          0.284    12.400    u_wb/defaultClockArea_cpu/weBattleCheckpointRAS_1/mem_i_33__1_n_0
    SLICE_X64Y58         LUT4 (Prop_lut4_I1_O)        0.105    12.505 r  u_wb/defaultClockArea_cpu/weBattleCheckpointRAS_1/mem_i_32__0/O
                         net (fo=12, routed)          0.374    12.878    u_wb/defaultClockArea_cpu/weBattleCheckpointRAS_1/mem_i_32__0_n_0
    SLICE_X64Y59         LUT5 (Prop_lut5_I2_O)        0.105    12.983 r  u_wb/defaultClockArea_cpu/weBattleCheckpointRAS_1/mem_i_16__5/O
                         net (fo=1, routed)           0.809    13.793    u_wb/defaultClockArea_cpu/GlobalPredictorBTBPlugin_predictor/tournamentPht/rams_2/mem/xpm_memory_base_inst/addrb[8]
    RAMB18_X3Y29         RAMB18E1                                     r  u_wb/defaultClockArea_cpu/GlobalPredictorBTBPlugin_predictor/tournamentPht/rams_2/mem/xpm_memory_base_inst/gen_wr_a.gen_word_narrow.mem_reg/ADDRBWRADDR[12]
  -------------------------------------------------------------------    -------------------

                         (clock aclk rise edge)      10.000    10.000 r  
    L22                                               0.000    10.000 r  aclk (IN)
                         net (fo=0)                   0.000    10.000    aclk
    L22                  IBUF (Prop_ibuf_I_O)         0.762    10.762 r  aclk_IBUF_inst/O
                         net (fo=1, routed)           1.734    12.496    aclk_IBUF
    BUFGCTRL_X0Y0        BUFG (Prop_bufg_I_O)         0.077    12.573 r  aclk_IBUF_BUFG_inst/O
                         net (fo=20456, routed)       1.460    14.033    u_wb/defaultClockArea_cpu/GlobalPredictorBTBPlugin_predictor/tournamentPht/rams_2/mem/xpm_memory_base_inst/clka
    RAMB18_X3Y29         RAMB18E1                                     r  u_wb/defaultClockArea_cpu/GlobalPredictorBTBPlugin_predictor/tournamentPht/rams_2/mem/xpm_memory_base_inst/gen_wr_a.gen_word_narrow.mem_reg/CLKBWRCLK
                         clock pessimism              0.241    14.273    
                         clock uncertainty           -0.035    14.238    
    RAMB18_X3Y29         RAMB18E1 (Setup_ramb18e1_CLKBWRCLK_ADDRBWRADDR[12])
                                                     -0.490    13.748    u_wb/defaultClockArea_cpu/GlobalPredictorBTBPlugin_predictor/tournamentPht/rams_2/mem/xpm_memory_base_inst/gen_wr_a.gen_word_narrow.mem_reg
  -------------------------------------------------------------------
                         required time                         13.748    
                         arrival time                         -13.792    
  -------------------------------------------------------------------
                         slack                                 -0.045    

Slack (VIOLATED) :        -0.043ns  (required time - arrival time)
  Source:                 u_wb/defaultClockArea_cpu/IntIssueQueuePlugin_queue_0_payload_rRegs_0_valid_reg/C
                            (rising edge-triggered cell FDRE clocked by aclk  {rise@0.000ns fall@5.000ns period=10.000ns})
  Destination:            u_wb/defaultClockArea_cpu/IntIssueQueuePlugin_queue_3_payload_rRegs_0_valid_reg/D
                            (rising edge-triggered cell FDRE clocked by aclk  {rise@0.000ns fall@5.000ns period=10.000ns})
  Path Group:             aclk
  Path Type:              Setup (Max at Slow Process Corner)
  Requirement:            10.000ns  (aclk rise@10.000ns - aclk rise@0.000ns)
  Data Path Delay:        10.055ns  (logic 1.954ns (19.433%)  route 8.101ns (80.567%))
  Logic Levels:           15  (LUT2=2 LUT3=2 LUT4=3 LUT5=2 LUT6=6)
  Clock Path Skew:        -0.025ns (DCD - SCD + CPR)
    Destination Clock Delay (DCD):    3.874ns = ( 13.874 - 10.000 ) 
    Source Clock Delay      (SCD):    4.208ns
    Clock Pessimism Removal (CPR):    0.310ns
  Clock Uncertainty:      0.035ns  ((TSJ^2 + TIJ^2)^1/2 + DJ) / 2 + PE
    Total System Jitter     (TSJ):    0.071ns
    Total Input Jitter      (TIJ):    0.000ns
    Discrete Jitter          (DJ):    0.000ns
    Phase Error              (PE):    0.000ns

    Location             Delay type                Incr(ns)  Path(ns)    Netlist Resource(s)
  -------------------------------------------------------------------    -------------------
                         (clock aclk rise edge)       0.000     0.000 r  
    L22                                               0.000     0.000 r  aclk (IN)
                         net (fo=0)                   0.000     0.000    aclk
    L22                  IBUF (Prop_ibuf_I_O)         0.893     0.893 r  aclk_IBUF_inst/O
                         net (fo=1, routed)           1.827     2.720    aclk_IBUF
    BUFGCTRL_X0Y0        BUFG (Prop_bufg_I_O)         0.081     2.801 r  aclk_IBUF_BUFG_inst/O
                         net (fo=20456, routed)       1.408     4.208    u_wb/defaultClockArea_cpu/aclk_IBUF_BUFG
    SLICE_X47Y111        FDRE                                         r  u_wb/defaultClockArea_cpu/IntIssueQueuePlugin_queue_0_payload_rRegs_0_valid_reg/C
  -------------------------------------------------------------------    -------------------
    SLICE_X47Y111        FDRE (Prop_fdre_C_Q)         0.379     4.587 f  u_wb/defaultClockArea_cpu/IntIssueQueuePlugin_queue_0_payload_rRegs_0_valid_reg/Q
                         net (fo=2, routed)           0.604     5.192    u_wb/defaultClockArea_cpu/IntIssueQueuePlugin_queue_0_payload_rRegs_0_valid_reg_n_0
    SLICE_X57Y114        LUT2 (Prop_lut2_I0_O)        0.105     5.297 f  u_wb/defaultClockArea_cpu/IntIssueQueuePlugin_queue_0_payload_uop_pc[31]_i_4/O
                         net (fo=30, routed)          0.584     5.881    u_wb/defaultClockArea_cpu/p_7754_in
    SLICE_X56Y114        LUT5 (Prop_lut5_I4_O)        0.105     5.986 f  u_wb/defaultClockArea_cpu/INT0_ISS_to_INT0_RRD_ISSUE_SLOT_uop_doRegWrite_i_30/O
                         net (fo=12, routed)          0.515     6.501    u_wb/defaultClockArea_cpu/INT0_ISS_to_INT0_RRD_ISSUE_SLOT_uop_doRegWrite_i_30_n_0
    SLICE_X61Y114        LUT4 (Prop_lut4_I1_O)        0.105     6.606 r  u_wb/defaultClockArea_cpu/INT2_ISS_to_INT2_RRD_ISSUE_SLOT_uop_doRegWrite_i_6/O
                         net (fo=3, routed)           0.716     7.321    u_wb/defaultClockArea_cpu/INT2_ISS_to_INT2_RRD_ISSUE_SLOT_uop_doRegWrite_i_6_n_0
    SLICE_X62Y115        LUT4 (Prop_lut4_I1_O)        0.105     7.426 r  u_wb/defaultClockArea_cpu/INT2_ISS_to_INT2_RRD_ISSUE_SLOT_uop_inst[24]_i_7/O
                         net (fo=14, routed)          0.613     8.039    u_wb/defaultClockArea_cpu/INT2_ISS_to_INT2_RRD_ISSUE_SLOT_uop_inst[24]_i_7_n_0
    SLICE_X62Y117        LUT4 (Prop_lut4_I1_O)        0.105     8.144 f  u_wb/defaultClockArea_cpu/INT1_ISS_to_INT1_RRD_ISSUE_SLOT_uop_inst[24]_i_7/O
                         net (fo=12, routed)          0.707     8.851    u_wb/defaultClockArea_cpu/INT1_ISS_to_INT1_RRD_ISSUE_SLOT_uop_inst[24]_i_7_n_0
    SLICE_X61Y117        LUT5 (Prop_lut5_I4_O)        0.105     8.956 r  u_wb/defaultClockArea_cpu/IntIssueQueuePlugin_queue_4_valid_i_8/O
                         net (fo=7, routed)           0.364     9.320    u_wb/defaultClockArea_cpu/IntIssueQueuePlugin_queue_4_valid_i_8_n_0
    SLICE_X60Y118        LUT3 (Prop_lut3_I1_O)        0.105     9.425 r  u_wb/defaultClockArea_cpu/INT0_ISS_to_INT0_RRD_ISSUE_SLOT_wReg[5]_i_2/O
                         net (fo=42, routed)          0.562     9.987    u_wb/defaultClockArea_cpu/INT0_ISS_to_INT0_RRD_ISSUE_SLOT_wReg[5]_i_2_n_0
    SLICE_X57Y118        LUT6 (Prop_lut6_I2_O)        0.105    10.092 r  u_wb/defaultClockArea_cpu/INT0_ISS_to_INT0_RRD_ISSUE_SLOT_wReg[1]_i_1/O
                         net (fo=16, routed)          0.649    10.741    u_wb/defaultClockArea_cpu/_zz_INT0_ISS_IntExecutePlugin_issSlot_wReg[1]
    SLICE_X52Y119        LUT2 (Prop_lut2_I1_O)        0.105    10.846 f  u_wb/defaultClockArea_cpu/IntIssueQueuePlugin_queue_4_payload_rRegs_0_valid_i_21/O
                         net (fo=1, routed)           0.560    11.406    u_wb/defaultClockArea_cpu/IntIssueQueuePlugin_queue_4_payload_rRegs_0_valid_i_21_n_0
    SLICE_X52Y119        LUT6 (Prop_lut6_I0_O)        0.105    11.511 f  u_wb/defaultClockArea_cpu/IntIssueQueuePlugin_queue_4_payload_rRegs_0_valid_i_11/O
                         net (fo=1, routed)           0.607    12.118    u_wb/defaultClockArea_cpu/IntIssueQueuePlugin_queue_4_payload_rRegs_0_valid_i_11_n_0
    SLICE_X51Y110        LUT6 (Prop_lut6_I4_O)        0.105    12.223 f  u_wb/defaultClockArea_cpu/IntIssueQueuePlugin_queue_4_payload_rRegs_0_valid_i_5/O
                         net (fo=1, routed)           0.372    12.594    u_wb/defaultClockArea_cpu/unsignedDivider_3/IntIssueQueuePlugin_queue_4_payload_rRegs_0_valid_i_2_0
    SLICE_X45Y110        LUT6 (Prop_lut6_I1_O)        0.105    12.699 f  u_wb/defaultClockArea_cpu/unsignedDivider_3/IntIssueQueuePlugin_queue_4_payload_rRegs_0_valid_i_3/O
                         net (fo=1, routed)           0.422    13.121    u_wb/defaultClockArea_cpu/unsignedDivider_3/IntIssueQueuePlugin_queue_4_payload_rRegs_0_valid_i_3_n_0
    SLICE_X45Y111        LUT6 (Prop_lut6_I4_O)        0.105    13.226 r  u_wb/defaultClockArea_cpu/unsignedDivider_3/IntIssueQueuePlugin_queue_4_payload_rRegs_0_valid_i_2/O
                         net (fo=4, routed)           0.497    13.723    u_wb/defaultClockArea_cpu/unsignedDivider_3/IntIssueQueuePlugin_queue_4_payload_rRegs_0_valid_i_2_n_0
    SLICE_X46Y109        LUT6 (Prop_lut6_I0_O)        0.105    13.828 r  u_wb/defaultClockArea_cpu/unsignedDivider_3/IntIssueQueuePlugin_queue_3_payload_rRegs_0_valid_i_2/O
                         net (fo=1, routed)           0.330    14.158    u_wb/defaultClockArea_cpu/unsignedDivider_3/IntIssueQueuePlugin_queue_3_payload_rRegs_0_valid_i_2_n_0
    SLICE_X46Y109        LUT3 (Prop_lut3_I2_O)        0.105    14.263 r  u_wb/defaultClockArea_cpu/unsignedDivider_3/IntIssueQueuePlugin_queue_3_payload_rRegs_0_valid_i_1/O
                         net (fo=1, routed)           0.000    14.263    u_wb/defaultClockArea_cpu/unsignedDivider_3_n_67
    SLICE_X46Y109        FDRE                                         r  u_wb/defaultClockArea_cpu/IntIssueQueuePlugin_queue_3_payload_rRegs_0_valid_reg/D
  -------------------------------------------------------------------    -------------------

                         (clock aclk rise edge)      10.000    10.000 r  
    L22                                               0.000    10.000 r  aclk (IN)
                         net (fo=0)                   0.000    10.000    aclk
    L22                  IBUF (Prop_ibuf_I_O)         0.762    10.762 r  aclk_IBUF_inst/O
                         net (fo=1, routed)           1.734    12.496    aclk_IBUF
    BUFGCTRL_X0Y0        BUFG (Prop_bufg_I_O)         0.077    12.573 r  aclk_IBUF_BUFG_inst/O
                         net (fo=20456, routed)       1.301    13.874    u_wb/defaultClockArea_cpu/aclk_IBUF_BUFG
    SLICE_X46Y109        FDRE                                         r  u_wb/defaultClockArea_cpu/IntIssueQueuePlugin_queue_3_payload_rRegs_0_valid_reg/C
                         clock pessimism              0.310    14.183    
                         clock uncertainty           -0.035    14.148    
    SLICE_X46Y109        FDRE (Setup_fdre_C_D)        0.072    14.220    u_wb/defaultClockArea_cpu/IntIssueQueuePlugin_queue_3_payload_rRegs_0_valid_reg
  -------------------------------------------------------------------
                         required time                         14.220    
                         arrival time                         -14.263    
  -------------------------------------------------------------------
                         slack                                 -0.043    

Slack (VIOLATED) :        -0.013ns  (required time - arrival time)
  Source:                 u_wb/defaultClockArea_cpu/_zz_ROBFIFOPlugin_popPtr_reg[0]_rep__1/C
                            (rising edge-triggered cell FDCE clocked by aclk  {rise@0.000ns fall@5.000ns period=10.000ns})
  Destination:            u_wb/defaultClockArea_cpu/ICachePlugin_dataRAMs_0/mem/xpm_memory_base_inst/gen_wr_a.gen_byte_narrow.for_mem_cols[1].mem_reg_3/ADDRARDADDR[9]
                            (rising edge-triggered cell RAMB36E1 clocked by aclk  {rise@0.000ns fall@5.000ns period=10.000ns})
  Path Group:             aclk
  Path Type:              Setup (Max at Slow Process Corner)
  Requirement:            10.000ns  (aclk rise@10.000ns - aclk rise@0.000ns)
  Data Path Delay:        9.507ns  (logic 1.508ns (15.863%)  route 7.999ns (84.137%))
  Logic Levels:           9  (LUT2=1 LUT4=3 LUT5=1 LUT6=4)
  Clock Path Skew:        0.019ns (DCD - SCD + CPR)
    Destination Clock Delay (DCD):    4.051ns = ( 14.051 - 10.000 ) 
    Source Clock Delay      (SCD):    4.333ns
    Clock Pessimism Removal (CPR):    0.301ns
  Clock Uncertainty:      0.035ns  ((TSJ^2 + TIJ^2)^1/2 + DJ) / 2 + PE
    Total System Jitter     (TSJ):    0.071ns
    Total Input Jitter      (TIJ):    0.000ns
    Discrete Jitter          (DJ):    0.000ns
    Phase Error              (PE):    0.000ns

    Location             Delay type                Incr(ns)  Path(ns)    Netlist Resource(s)
  -------------------------------------------------------------------    -------------------
                         (clock aclk rise edge)       0.000     0.000 r  
    L22                                               0.000     0.000 r  aclk (IN)
                         net (fo=0)                   0.000     0.000    aclk
    L22                  IBUF (Prop_ibuf_I_O)         0.893     0.893 r  aclk_IBUF_inst/O
                         net (fo=1, routed)           1.827     2.720    aclk_IBUF
    BUFGCTRL_X0Y0        BUFG (Prop_bufg_I_O)         0.081     2.801 r  aclk_IBUF_BUFG_inst/O
                         net (fo=20456, routed)       1.532     4.333    u_wb/defaultClockArea_cpu/aclk_IBUF_BUFG
    SLICE_X73Y79         FDCE                                         r  u_wb/defaultClockArea_cpu/_zz_ROBFIFOPlugin_popPtr_reg[0]_rep__1/C
  -------------------------------------------------------------------    -------------------
    SLICE_X73Y79         FDCE (Prop_fdce_C_Q)         0.379     4.712 r  u_wb/defaultClockArea_cpu/_zz_ROBFIFOPlugin_popPtr_reg[0]_rep__1/Q
                         net (fo=124, routed)         0.934     5.646    u_wb/defaultClockArea_cpu/GlobalPredictorBTBPlugin_btb/rams_0/InterruptHandlerPlugin_TCFG_INITVAL[29]_i_13_0
    SLICE_X79Y79         LUT4 (Prop_lut4_I1_O)        0.105     5.751 r  u_wb/defaultClockArea_cpu/GlobalPredictorBTBPlugin_btb/rams_0/ExceptionHandlerPlugin_ESTAT_ESUBCODE[5]_i_4/O
                         net (fo=1, routed)           0.525     6.276    u_wb/defaultClockArea_cpu/GlobalPredictorBTBPlugin_btb/rams_0/ExceptionHandlerPlugin_ESTAT_ESUBCODE[5]_i_4_n_0
    SLICE_X79Y80         LUT6 (Prop_lut6_I3_O)        0.105     6.381 f  u_wb/defaultClockArea_cpu/GlobalPredictorBTBPlugin_btb/rams_0/ExceptionHandlerPlugin_ESTAT_ESUBCODE[5]_i_3/O
                         net (fo=90, routed)          0.874     7.255    u_wb/defaultClockArea_cpu/weBattleCheckpointRAS_1/when_WeBattleROBStorage_l174
    SLICE_X79Y82         LUT2 (Prop_lut2_I1_O)        0.119     7.374 r  u_wb/defaultClockArea_cpu/weBattleCheckpointRAS_1/WeBattleCommitPlugin_regFlush_i_12/O
                         net (fo=2, routed)           0.681     8.055    u_wb/defaultClockArea_cpu/weBattleCheckpointRAS_1/MULDIV_EXE_to_MULDIV_WB_ISSUE_SLOT_robIdx_reg[3]
    SLICE_X79Y82         LUT6 (Prop_lut6_I5_O)        0.275     8.330 f  u_wb/defaultClockArea_cpu/weBattleCheckpointRAS_1/WeBattleCommitPlugin_regFlush_i_4/O
                         net (fo=17, routed)          0.826     9.155    u_wb/defaultClockArea_cpu/GlobalPredictorBTBPlugin_predictor/pht/rams_0/ProgramCounterPlugin_backendJumpInterface_rData_reg[5]
    SLICE_X77Y70         LUT4 (Prop_lut4_I1_O)        0.105     9.260 r  u_wb/defaultClockArea_cpu/GlobalPredictorBTBPlugin_predictor/pht/rams_0/ProgramCounterPlugin_backendJumpInterface_rData[5]_i_3/O
                         net (fo=32, routed)          1.064    10.324    u_wb/defaultClockArea_cpu/GlobalPredictorBTBPlugin_predictor/pht/rams_0/_zz_ROBFIFOPlugin_popPtr_reg[4]_rep__2
    SLICE_X71Y62         LUT6 (Prop_lut6_I4_O)        0.105    10.429 r  u_wb/defaultClockArea_cpu/GlobalPredictorBTBPlugin_predictor/pht/rams_0/ProgramCounterPlugin_backendJumpInterface_rData[9]_i_2/O
                         net (fo=1, routed)           0.535    10.963    u_wb/defaultClockArea_cpu/GlobalPredictorBTBPlugin_predictor/pht/rams_0/ProgramCounterPlugin_backendJumpInterface_rData[9]_i_2_n_0
    SLICE_X66Y56         LUT6 (Prop_lut6_I5_O)        0.105    11.068 r  u_wb/defaultClockArea_cpu/GlobalPredictorBTBPlugin_predictor/pht/rams_0/ProgramCounterPlugin_backendJumpInterface_rData[9]_i_1/O
                         net (fo=5, routed)           0.538    11.606    u_wb/defaultClockArea_cpu/weBattleCheckpointRAS_1/D[7]
    SLICE_X62Y57         LUT5 (Prop_lut5_I4_O)        0.105    11.711 r  u_wb/defaultClockArea_cpu/weBattleCheckpointRAS_1/mem_i_20__5/O
                         net (fo=18, routed)          0.395    12.106    u_wb/defaultClockArea_cpu/weBattleFetchQueue_1/GlobalPredictorBTBPlugin_index[3]
    SLICE_X63Y58         LUT4 (Prop_lut4_I3_O)        0.105    12.211 r  u_wb/defaultClockArea_cpu/weBattleFetchQueue_1/mem_i_22__10/O
                         net (fo=17, routed)          1.628    13.839    u_wb/defaultClockArea_cpu/ICachePlugin_dataRAMs_0/mem/xpm_memory_base_inst/addrb[3]
    RAMB36_X2Y19         RAMB36E1                                     r  u_wb/defaultClockArea_cpu/ICachePlugin_dataRAMs_0/mem/xpm_memory_base_inst/gen_wr_a.gen_byte_narrow.for_mem_cols[1].mem_reg_3/ADDRARDADDR[9]
  -------------------------------------------------------------------    -------------------

                         (clock aclk rise edge)      10.000    10.000 r  
    L22                                               0.000    10.000 r  aclk (IN)
                         net (fo=0)                   0.000    10.000    aclk
    L22                  IBUF (Prop_ibuf_I_O)         0.762    10.762 r  aclk_IBUF_inst/O
                         net (fo=1, routed)           1.734    12.496    aclk_IBUF
    BUFGCTRL_X0Y0        BUFG (Prop_bufg_I_O)         0.077    12.573 r  aclk_IBUF_BUFG_inst/O
                         net (fo=20456, routed)       1.478    14.051    u_wb/defaultClockArea_cpu/ICachePlugin_dataRAMs_0/mem/xpm_memory_base_inst/clka
    RAMB36_X2Y19         RAMB36E1                                     r  u_wb/defaultClockArea_cpu/ICachePlugin_dataRAMs_0/mem/xpm_memory_base_inst/gen_wr_a.gen_byte_narrow.for_mem_cols[1].mem_reg_3/CLKARDCLK
                         clock pessimism              0.301    14.351    
                         clock uncertainty           -0.035    14.316    
    RAMB36_X2Y19         RAMB36E1 (Setup_ramb36e1_CLKARDCLK_ADDRARDADDR[9])
                                                     -0.490    13.826    u_wb/defaultClockArea_cpu/ICachePlugin_dataRAMs_0/mem/xpm_memory_base_inst/gen_wr_a.gen_byte_narrow.for_mem_cols[1].mem_reg_3
  -------------------------------------------------------------------
                         required time                         13.826    
                         arrival time                         -13.839    
  -------------------------------------------------------------------
                         slack                                 -0.013    

Slack (VIOLATED) :        -0.010ns  (required time - arrival time)
  Source:                 u_wb/defaultClockArea_cpu/_zz_ROBFIFOPlugin_fifoIO_pop_0_payload_state_lsuUncached_1_reg/C
                            (rising edge-triggered cell FDRE clocked by aclk  {rise@0.000ns fall@5.000ns period=10.000ns})
  Destination:            u_wb/defaultClockArea_cpu/GlobalPredictorBTBPlugin_predictor/tournamentPht/rams_0/mem/xpm_memory_base_inst/gen_wr_a.gen_word_narrow.mem_reg/ADDRBWRADDR[13]
                            (rising edge-triggered cell RAMB18E1 clocked by aclk  {rise@0.000ns fall@5.000ns period=10.000ns})
  Path Group:             aclk
  Path Type:              Setup (Max at Slow Process Corner)
  Requirement:            10.000ns  (aclk rise@10.000ns - aclk rise@0.000ns)
  Data Path Delay:        9.437ns  (logic 2.002ns (21.215%)  route 7.435ns (78.785%))
  Logic Levels:           13  (LUT2=2 LUT3=2 LUT4=1 LUT5=2 LUT6=5 MUXF7=1)
  Clock Path Skew:        -0.048ns (DCD - SCD + CPR)
    Destination Clock Delay (DCD):    4.042ns = ( 14.042 - 10.000 ) 
    Source Clock Delay      (SCD):    4.331ns
    Clock Pessimism Removal (CPR):    0.241ns
  Clock Uncertainty:      0.035ns  ((TSJ^2 + TIJ^2)^1/2 + DJ) / 2 + PE
    Total System Jitter     (TSJ):    0.071ns
    Total Input Jitter      (TIJ):    0.000ns
    Discrete Jitter          (DJ):    0.000ns
    Phase Error              (PE):    0.000ns

    Location             Delay type                Incr(ns)  Path(ns)    Netlist Resource(s)
  -------------------------------------------------------------------    -------------------
                         (clock aclk rise edge)       0.000     0.000 r  
    L22                                               0.000     0.000 r  aclk (IN)
                         net (fo=0)                   0.000     0.000    aclk
    L22                  IBUF (Prop_ibuf_I_O)         0.893     0.893 r  aclk_IBUF_inst/O
                         net (fo=1, routed)           1.827     2.720    aclk_IBUF
    BUFGCTRL_X0Y0        BUFG (Prop_bufg_I_O)         0.081     2.801 r  aclk_IBUF_BUFG_inst/O
                         net (fo=20456, routed)       1.530     4.331    u_wb/defaultClockArea_cpu/aclk_IBUF_BUFG
    SLICE_X90Y76         FDRE                                         r  u_wb/defaultClockArea_cpu/_zz_ROBFIFOPlugin_fifoIO_pop_0_payload_state_lsuUncached_1_reg/C
  -------------------------------------------------------------------    -------------------
    SLICE_X90Y76         FDRE (Prop_fdre_C_Q)         0.433     4.764 f  u_wb/defaultClockArea_cpu/_zz_ROBFIFOPlugin_fifoIO_pop_0_payload_state_lsuUncached_1_reg/Q
                         net (fo=1, routed)           0.930     5.694    u_wb/defaultClockArea_cpu/GlobalPredictorBTBPlugin_predictor/pht/rams_0/WeBattleCommitPlugin_uncachedExecuting_reg_i_15_2
    SLICE_X88Y80         LUT6 (Prop_lut6_I3_O)        0.105     5.799 f  u_wb/defaultClockArea_cpu/GlobalPredictorBTBPlugin_predictor/pht/rams_0/WeBattleCommitPlugin_uncachedExecuting_i_30/O
                         net (fo=1, routed)           0.000     5.799    u_wb/defaultClockArea_cpu/GlobalPredictorBTBPlugin_predictor/pht/rams_0/WeBattleCommitPlugin_uncachedExecuting_i_30_n_0
    SLICE_X88Y80         MUXF7 (Prop_muxf7_I0_O)      0.173     5.972 f  u_wb/defaultClockArea_cpu/GlobalPredictorBTBPlugin_predictor/pht/rams_0/WeBattleCommitPlugin_uncachedExecuting_reg_i_15/O
                         net (fo=1, routed)           0.688     6.660    u_wb/defaultClockArea_cpu/GlobalPredictorBTBPlugin_predictor/pht/rams_0/WeBattleCommitPlugin_uncachedExecuting_reg_i_15_n_0
    SLICE_X82Y79         LUT6 (Prop_lut6_I5_O)        0.241     6.901 f  u_wb/defaultClockArea_cpu/GlobalPredictorBTBPlugin_predictor/pht/rams_0/WeBattleCommitPlugin_uncachedExecuting_i_7/O
                         net (fo=2, routed)           0.484     7.385    u_wb/defaultClockArea_cpu/GlobalPredictorBTBPlugin_predictor/pht/rams_0/_zz_ROBFIFOPlugin_popPtr_reg[4]_rep__0
    SLICE_X78Y79         LUT6 (Prop_lut6_I5_O)        0.105     7.490 r  u_wb/defaultClockArea_cpu/GlobalPredictorBTBPlugin_predictor/pht/rams_0/WeBattleCommitPlugin_uncachedExecuting_i_5/O
                         net (fo=1, routed)           0.681     8.171    u_wb/defaultClockArea_cpu/GlobalPredictorBTBPlugin_predictor/pht/rams_0/WeBattleCommitPlugin_uncachedExecuting_i_5_n_0
    SLICE_X77Y77         LUT6 (Prop_lut6_I5_O)        0.105     8.276 f  u_wb/defaultClockArea_cpu/GlobalPredictorBTBPlugin_predictor/pht/rams_0/WeBattleCommitPlugin_uncachedExecuting_i_2/O
                         net (fo=6, routed)           0.137     8.413    u_wb/defaultClockArea_cpu/GlobalPredictorBTBPlugin_predictor/pht/rams_0/when_WeBattleCommitPlugin_l101
    SLICE_X77Y77         LUT5 (Prop_lut5_I2_O)        0.105     8.518 f  u_wb/defaultClockArea_cpu/GlobalPredictorBTBPlugin_predictor/pht/rams_0/WeBattleCommitPlugin_regFlush_i_2/O
                         net (fo=6, routed)           0.380     8.897    u_wb/defaultClockArea_cpu/GlobalPredictorBTBPlugin_predictor/pht/rams_0/WeBattleCommitPlugin_uncachedExecuting_reg_0
    SLICE_X76Y75         LUT2 (Prop_lut2_I1_O)        0.105     9.002 r  u_wb/defaultClockArea_cpu/GlobalPredictorBTBPlugin_predictor/pht/rams_0/mem_i_13__11/O
                         net (fo=106, routed)         0.333     9.335    u_wb/defaultClockArea_cpu/GlobalPredictorBTBPlugin_btb/rams_1/when_WeBattleCommitPlugin_l169
    SLICE_X75Y75         LUT2 (Prop_lut2_I0_O)        0.105     9.440 r  u_wb/defaultClockArea_cpu/GlobalPredictorBTBPlugin_btb/rams_1/ProgramCounterPlugin_backendJumpInterface_rData[5]_i_4/O
                         net (fo=12, routed)          0.949    10.389    u_wb/defaultClockArea_cpu/GlobalPredictorBTBPlugin_predictor/pht/rams_0/ProgramCounterPlugin_backendJumpInterface_rData_reg[5]_0
    SLICE_X69Y57         LUT3 (Prop_lut3_I0_O)        0.105    10.494 r  u_wb/defaultClockArea_cpu/GlobalPredictorBTBPlugin_predictor/pht/rams_0/mem_i_81/O
                         net (fo=48, routed)          0.675    11.169    u_wb/defaultClockArea_cpu/weBattleCheckpointRAS_1/ProgramCounterPlugin_backendJumpInterface_valid
    SLICE_X66Y59         LUT5 (Prop_lut5_I1_O)        0.105    11.274 f  u_wb/defaultClockArea_cpu/weBattleCheckpointRAS_1/mem_i_24__8/O
                         net (fo=28, routed)          0.737    12.011    u_wb/defaultClockArea_cpu/weBattleCheckpointRAS_1/GlobalPredictorBTBPlugin_index[3]
    SLICE_X65Y57         LUT3 (Prop_lut3_I0_O)        0.105    12.116 r  u_wb/defaultClockArea_cpu/weBattleCheckpointRAS_1/mem_i_33__1/O
                         net (fo=10, routed)          0.284    12.400    u_wb/defaultClockArea_cpu/weBattleCheckpointRAS_1/mem_i_33__1_n_0
    SLICE_X64Y58         LUT4 (Prop_lut4_I1_O)        0.105    12.505 r  u_wb/defaultClockArea_cpu/weBattleCheckpointRAS_1/mem_i_32__0/O
                         net (fo=12, routed)          0.535    13.039    u_wb/defaultClockArea_cpu/weBattleCheckpointRAS_1/mem_i_32__0_n_0
    SLICE_X63Y58         LUT6 (Prop_lut6_I2_O)        0.105    13.144 r  u_wb/defaultClockArea_cpu/weBattleCheckpointRAS_1/mem_i_15__5/O
                         net (fo=1, routed)           0.623    13.767    u_wb/defaultClockArea_cpu/GlobalPredictorBTBPlugin_predictor/tournamentPht/rams_0/mem/xpm_memory_base_inst/addrb[9]
    RAMB18_X3Y24         RAMB18E1                                     r  u_wb/defaultClockArea_cpu/GlobalPredictorBTBPlugin_predictor/tournamentPht/rams_0/mem/xpm_memory_base_inst/gen_wr_a.gen_word_narrow.mem_reg/ADDRBWRADDR[13]
  -------------------------------------------------------------------    -------------------

                         (clock aclk rise edge)      10.000    10.000 r  
    L22                                               0.000    10.000 r  aclk (IN)
                         net (fo=0)                   0.000    10.000    aclk
    L22                  IBUF (Prop_ibuf_I_O)         0.762    10.762 r  aclk_IBUF_inst/O
                         net (fo=1, routed)           1.734    12.496    aclk_IBUF
    BUFGCTRL_X0Y0        BUFG (Prop_bufg_I_O)         0.077    12.573 r  aclk_IBUF_BUFG_inst/O
                         net (fo=20456, routed)       1.469    14.042    u_wb/defaultClockArea_cpu/GlobalPredictorBTBPlugin_predictor/tournamentPht/rams_0/mem/xpm_memory_base_inst/clka
    RAMB18_X3Y24         RAMB18E1                                     r  u_wb/defaultClockArea_cpu/GlobalPredictorBTBPlugin_predictor/tournamentPht/rams_0/mem/xpm_memory_base_inst/gen_wr_a.gen_word_narrow.mem_reg/CLKBWRCLK
                         clock pessimism              0.241    14.282    
                         clock uncertainty           -0.035    14.247    
    RAMB18_X3Y24         RAMB18E1 (Setup_ramb18e1_CLKBWRCLK_ADDRBWRADDR[13])
                                                     -0.490    13.757    u_wb/defaultClockArea_cpu/GlobalPredictorBTBPlugin_predictor/tournamentPht/rams_0/mem/xpm_memory_base_inst/gen_wr_a.gen_word_narrow.mem_reg
  -------------------------------------------------------------------
                         required time                         13.757    
                         arrival time                         -13.767    
  -------------------------------------------------------------------
                         slack                                 -0.010    

Slack (MET) :             0.013ns  (required time - arrival time)
  Source:                 u_wb/defaultClockArea_cpu/_zz_ROBFIFOPlugin_popPtr_reg[0]_rep__1/C
                            (rising edge-triggered cell FDCE clocked by aclk  {rise@0.000ns fall@5.000ns period=10.000ns})
  Destination:            u_wb/defaultClockArea_cpu/ICachePlugin_dataRAMs_0/mem/xpm_memory_base_inst/gen_wr_a.gen_byte_narrow.for_mem_cols[1].mem_reg_1/ADDRARDADDR[9]
                            (rising edge-triggered cell RAMB36E1 clocked by aclk  {rise@0.000ns fall@5.000ns period=10.000ns})
  Path Group:             aclk
  Path Type:              Setup (Max at Slow Process Corner)
  Requirement:            10.000ns  (aclk rise@10.000ns - aclk rise@0.000ns)
  Data Path Delay:        9.553ns  (logic 1.508ns (15.785%)  route 8.045ns (84.215%))
  Logic Levels:           9  (LUT2=1 LUT4=3 LUT5=1 LUT6=4)
  Clock Path Skew:        0.092ns (DCD - SCD + CPR)
    Destination Clock Delay (DCD):    4.184ns = ( 14.184 - 10.000 ) 
    Source Clock Delay      (SCD):    4.333ns
    Clock Pessimism Removal (CPR):    0.241ns
  Clock Uncertainty:      0.035ns  ((TSJ^2 + TIJ^2)^1/2 + DJ) / 2 + PE
    Total System Jitter     (TSJ):    0.071ns
    Total Input Jitter      (TIJ):    0.000ns
    Discrete Jitter          (DJ):    0.000ns
    Phase Error              (PE):    0.000ns

    Location             Delay type                Incr(ns)  Path(ns)    Netlist Resource(s)
  -------------------------------------------------------------------    -------------------
                         (clock aclk rise edge)       0.000     0.000 r  
    L22                                               0.000     0.000 r  aclk (IN)
                         net (fo=0)                   0.000     0.000    aclk
    L22                  IBUF (Prop_ibuf_I_O)         0.893     0.893 r  aclk_IBUF_inst/O
                         net (fo=1, routed)           1.827     2.720    aclk_IBUF
    BUFGCTRL_X0Y0        BUFG (Prop_bufg_I_O)         0.081     2.801 r  aclk_IBUF_BUFG_inst/O
                         net (fo=20456, routed)       1.532     4.333    u_wb/defaultClockArea_cpu/aclk_IBUF_BUFG
    SLICE_X73Y79         FDCE                                         r  u_wb/defaultClockArea_cpu/_zz_ROBFIFOPlugin_popPtr_reg[0]_rep__1/C
  -------------------------------------------------------------------    -------------------
    SLICE_X73Y79         FDCE (Prop_fdce_C_Q)         0.379     4.712 r  u_wb/defaultClockArea_cpu/_zz_ROBFIFOPlugin_popPtr_reg[0]_rep__1/Q
                         net (fo=124, routed)         0.934     5.646    u_wb/defaultClockArea_cpu/GlobalPredictorBTBPlugin_btb/rams_0/InterruptHandlerPlugin_TCFG_INITVAL[29]_i_13_0
    SLICE_X79Y79         LUT4 (Prop_lut4_I1_O)        0.105     5.751 r  u_wb/defaultClockArea_cpu/GlobalPredictorBTBPlugin_btb/rams_0/ExceptionHandlerPlugin_ESTAT_ESUBCODE[5]_i_4/O
                         net (fo=1, routed)           0.525     6.276    u_wb/defaultClockArea_cpu/GlobalPredictorBTBPlugin_btb/rams_0/ExceptionHandlerPlugin_ESTAT_ESUBCODE[5]_i_4_n_0
    SLICE_X79Y80         LUT6 (Prop_lut6_I3_O)        0.105     6.381 f  u_wb/defaultClockArea_cpu/GlobalPredictorBTBPlugin_btb/rams_0/ExceptionHandlerPlugin_ESTAT_ESUBCODE[5]_i_3/O
                         net (fo=90, routed)          0.874     7.255    u_wb/defaultClockArea_cpu/weBattleCheckpointRAS_1/when_WeBattleROBStorage_l174
    SLICE_X79Y82         LUT2 (Prop_lut2_I1_O)        0.119     7.374 r  u_wb/defaultClockArea_cpu/weBattleCheckpointRAS_1/WeBattleCommitPlugin_regFlush_i_12/O
                         net (fo=2, routed)           0.681     8.055    u_wb/defaultClockArea_cpu/weBattleCheckpointRAS_1/MULDIV_EXE_to_MULDIV_WB_ISSUE_SLOT_robIdx_reg[3]
    SLICE_X79Y82         LUT6 (Prop_lut6_I5_O)        0.275     8.330 f  u_wb/defaultClockArea_cpu/weBattleCheckpointRAS_1/WeBattleCommitPlugin_regFlush_i_4/O
                         net (fo=17, routed)          0.826     9.155    u_wb/defaultClockArea_cpu/GlobalPredictorBTBPlugin_predictor/pht/rams_0/ProgramCounterPlugin_backendJumpInterface_rData_reg[5]
    SLICE_X77Y70         LUT4 (Prop_lut4_I1_O)        0.105     9.260 r  u_wb/defaultClockArea_cpu/GlobalPredictorBTBPlugin_predictor/pht/rams_0/ProgramCounterPlugin_backendJumpInterface_rData[5]_i_3/O
                         net (fo=32, routed)          1.064    10.324    u_wb/defaultClockArea_cpu/GlobalPredictorBTBPlugin_predictor/pht/rams_0/_zz_ROBFIFOPlugin_popPtr_reg[4]_rep__2
    SLICE_X71Y62         LUT6 (Prop_lut6_I4_O)        0.105    10.429 r  u_wb/defaultClockArea_cpu/GlobalPredictorBTBPlugin_predictor/pht/rams_0/ProgramCounterPlugin_backendJumpInterface_rData[9]_i_2/O
                         net (fo=1, routed)           0.535    10.963    u_wb/defaultClockArea_cpu/GlobalPredictorBTBPlugin_predictor/pht/rams_0/ProgramCounterPlugin_backendJumpInterface_rData[9]_i_2_n_0
    SLICE_X66Y56         LUT6 (Prop_lut6_I5_O)        0.105    11.068 r  u_wb/defaultClockArea_cpu/GlobalPredictorBTBPlugin_predictor/pht/rams_0/ProgramCounterPlugin_backendJumpInterface_rData[9]_i_1/O
                         net (fo=5, routed)           0.538    11.606    u_wb/defaultClockArea_cpu/weBattleCheckpointRAS_1/D[7]
    SLICE_X62Y57         LUT5 (Prop_lut5_I4_O)        0.105    11.711 r  u_wb/defaultClockArea_cpu/weBattleCheckpointRAS_1/mem_i_20__5/O
                         net (fo=18, routed)          0.395    12.106    u_wb/defaultClockArea_cpu/weBattleFetchQueue_1/GlobalPredictorBTBPlugin_index[3]
    SLICE_X63Y58         LUT4 (Prop_lut4_I3_O)        0.105    12.211 r  u_wb/defaultClockArea_cpu/weBattleFetchQueue_1/mem_i_22__10/O
                         net (fo=17, routed)          1.675    13.886    u_wb/defaultClockArea_cpu/ICachePlugin_dataRAMs_0/mem/xpm_memory_base_inst/addrb[3]
    RAMB36_X2Y4          RAMB36E1                                     r  u_wb/defaultClockArea_cpu/ICachePlugin_dataRAMs_0/mem/xpm_memory_base_inst/gen_wr_a.gen_byte_narrow.for_mem_cols[1].mem_reg_1/ADDRARDADDR[9]
  -------------------------------------------------------------------    -------------------

                         (clock aclk rise edge)      10.000    10.000 r  
    L22                                               0.000    10.000 r  aclk (IN)
                         net (fo=0)                   0.000    10.000    aclk
    L22                  IBUF (Prop_ibuf_I_O)         0.762    10.762 r  aclk_IBUF_inst/O
                         net (fo=1, routed)           1.734    12.496    aclk_IBUF
    BUFGCTRL_X0Y0        BUFG (Prop_bufg_I_O)         0.077    12.573 r  aclk_IBUF_BUFG_inst/O
                         net (fo=20456, routed)       1.611    14.184    u_wb/defaultClockArea_cpu/ICachePlugin_dataRAMs_0/mem/xpm_memory_base_inst/clka
    RAMB36_X2Y4          RAMB36E1                                     r  u_wb/defaultClockArea_cpu/ICachePlugin_dataRAMs_0/mem/xpm_memory_base_inst/gen_wr_a.gen_byte_narrow.for_mem_cols[1].mem_reg_1/CLKARDCLK
                         clock pessimism              0.241    14.424    
                         clock uncertainty           -0.035    14.389    
    RAMB36_X2Y4          RAMB36E1 (Setup_ramb36e1_CLKARDCLK_ADDRARDADDR[9])
                                                     -0.490    13.899    u_wb/defaultClockArea_cpu/ICachePlugin_dataRAMs_0/mem/xpm_memory_base_inst/gen_wr_a.gen_byte_narrow.for_mem_cols[1].mem_reg_1
  -------------------------------------------------------------------
                         required time                         13.899    
                         arrival time                         -13.886    
  -------------------------------------------------------------------
                         slack                                  0.013    

Slack (MET) :             0.025ns  (required time - arrival time)
  Source:                 u_wb/defaultClockArea_cpu/IntIssueQueuePlugin_queue_0_payload_rRegs_0_valid_reg/C
                            (rising edge-triggered cell FDRE clocked by aclk  {rise@0.000ns fall@5.000ns period=10.000ns})
  Destination:            u_wb/defaultClockArea_cpu/IntIssueQueuePlugin_queue_0_payload_rRegs_1_valid_reg/D
                            (rising edge-triggered cell FDRE clocked by aclk  {rise@0.000ns fall@5.000ns period=10.000ns})
  Path Group:             aclk
  Path Type:              Setup (Max at Slow Process Corner)
  Requirement:            10.000ns  (aclk rise@10.000ns - aclk rise@0.000ns)
  Data Path Delay:        9.987ns  (logic 1.954ns (19.566%)  route 8.033ns (80.435%))
  Logic Levels:           15  (LUT2=1 LUT4=5 LUT5=3 LUT6=6)
  Clock Path Skew:        -0.025ns (DCD - SCD + CPR)
    Destination Clock Delay (DCD):    3.874ns = ( 13.874 - 10.000 ) 
    Source Clock Delay      (SCD):    4.208ns
    Clock Pessimism Removal (CPR):    0.310ns
  Clock Uncertainty:      0.035ns  ((TSJ^2 + TIJ^2)^1/2 + DJ) / 2 + PE
    Total System Jitter     (TSJ):    0.071ns
    Total Input Jitter      (TIJ):    0.000ns
    Discrete Jitter          (DJ):    0.000ns
    Phase Error              (PE):    0.000ns

    Location             Delay type                Incr(ns)  Path(ns)    Netlist Resource(s)
  -------------------------------------------------------------------    -------------------
                         (clock aclk rise edge)       0.000     0.000 r  
    L22                                               0.000     0.000 r  aclk (IN)
                         net (fo=0)                   0.000     0.000    aclk
    L22                  IBUF (Prop_ibuf_I_O)         0.893     0.893 r  aclk_IBUF_inst/O
                         net (fo=1, routed)           1.827     2.720    aclk_IBUF
    BUFGCTRL_X0Y0        BUFG (Prop_bufg_I_O)         0.081     2.801 r  aclk_IBUF_BUFG_inst/O
                         net (fo=20456, routed)       1.408     4.208    u_wb/defaultClockArea_cpu/aclk_IBUF_BUFG
    SLICE_X47Y111        FDRE                                         r  u_wb/defaultClockArea_cpu/IntIssueQueuePlugin_queue_0_payload_rRegs_0_valid_reg/C
  -------------------------------------------------------------------    -------------------
    SLICE_X47Y111        FDRE (Prop_fdre_C_Q)         0.379     4.587 f  u_wb/defaultClockArea_cpu/IntIssueQueuePlugin_queue_0_payload_rRegs_0_valid_reg/Q
                         net (fo=2, routed)           0.604     5.192    u_wb/defaultClockArea_cpu/IntIssueQueuePlugin_queue_0_payload_rRegs_0_valid_reg_n_0
    SLICE_X57Y114        LUT2 (Prop_lut2_I0_O)        0.105     5.297 f  u_wb/defaultClockArea_cpu/IntIssueQueuePlugin_queue_0_payload_uop_pc[31]_i_4/O
                         net (fo=30, routed)          0.584     5.881    u_wb/defaultClockArea_cpu/p_7754_in
    SLICE_X56Y114        LUT5 (Prop_lut5_I4_O)        0.105     5.986 f  u_wb/defaultClockArea_cpu/INT0_ISS_to_INT0_RRD_ISSUE_SLOT_uop_doRegWrite_i_30/O
                         net (fo=12, routed)          0.515     6.501    u_wb/defaultClockArea_cpu/INT0_ISS_to_INT0_RRD_ISSUE_SLOT_uop_doRegWrite_i_30_n_0
    SLICE_X61Y114        LUT4 (Prop_lut4_I1_O)        0.105     6.606 r  u_wb/defaultClockArea_cpu/INT2_ISS_to_INT2_RRD_ISSUE_SLOT_uop_doRegWrite_i_6/O
                         net (fo=3, routed)           0.716     7.321    u_wb/defaultClockArea_cpu/INT2_ISS_to_INT2_RRD_ISSUE_SLOT_uop_doRegWrite_i_6_n_0
    SLICE_X62Y115        LUT4 (Prop_lut4_I1_O)        0.105     7.426 r  u_wb/defaultClockArea_cpu/INT2_ISS_to_INT2_RRD_ISSUE_SLOT_uop_inst[24]_i_7/O
                         net (fo=14, routed)          0.613     8.039    u_wb/defaultClockArea_cpu/INT2_ISS_to_INT2_RRD_ISSUE_SLOT_uop_inst[24]_i_7_n_0
    SLICE_X62Y117        LUT4 (Prop_lut4_I1_O)        0.105     8.144 f  u_wb/defaultClockArea_cpu/INT1_ISS_to_INT1_RRD_ISSUE_SLOT_uop_inst[24]_i_7/O
                         net (fo=12, routed)          0.707     8.851    u_wb/defaultClockArea_cpu/INT1_ISS_to_INT1_RRD_ISSUE_SLOT_uop_inst[24]_i_7_n_0
    SLICE_X61Y117        LUT5 (Prop_lut5_I4_O)        0.105     8.956 r  u_wb/defaultClockArea_cpu/IntIssueQueuePlugin_queue_4_valid_i_8/O
                         net (fo=7, routed)           0.345     9.302    u_wb/defaultClockArea_cpu/IntIssueQueuePlugin_queue_4_valid_i_8_n_0
    SLICE_X59Y117        LUT4 (Prop_lut4_I1_O)        0.105     9.407 r  u_wb/defaultClockArea_cpu/INT0_ISS_to_INT0_RRD_ISSUE_SLOT_wReg[5]_i_3/O
                         net (fo=42, routed)          0.645    10.052    u_wb/defaultClockArea_cpu/INT0_ISS_to_INT0_RRD_ISSUE_SLOT_wReg[5]_i_3_n_0
    SLICE_X53Y117        LUT6 (Prop_lut6_I4_O)        0.105    10.157 r  u_wb/defaultClockArea_cpu/INT0_ISS_to_INT0_RRD_ISSUE_SLOT_wReg[3]_i_1/O
                         net (fo=15, routed)          0.777    10.934    u_wb/defaultClockArea_cpu/_zz_INT0_ISS_IntExecutePlugin_issSlot_wReg[3]
    SLICE_X52Y116        LUT6 (Prop_lut6_I1_O)        0.105    11.039 f  u_wb/defaultClockArea_cpu/IntIssueQueuePlugin_queue_3_payload_rRegs_1_valid_i_30/O
                         net (fo=1, routed)           0.502    11.541    u_wb/defaultClockArea_cpu/IntIssueQueuePlugin_queue_3_payload_rRegs_1_valid_i_30_n_0
    SLICE_X55Y110        LUT5 (Prop_lut5_I0_O)        0.105    11.646 f  u_wb/defaultClockArea_cpu/IntIssueQueuePlugin_queue_3_payload_rRegs_1_valid_i_19/O
                         net (fo=1, routed)           0.348    11.994    u_wb/defaultClockArea_cpu/IntIssueQueuePlugin_queue_3_payload_rRegs_1_valid_i_19_n_0
    SLICE_X55Y110        LUT6 (Prop_lut6_I2_O)        0.105    12.099 f  u_wb/defaultClockArea_cpu/IntIssueQueuePlugin_queue_3_payload_rRegs_1_valid_i_9/O
                         net (fo=1, routed)           0.575    12.675    u_wb/defaultClockArea_cpu/unsignedDivider_3/IntIssueQueuePlugin_queue_3_payload_rRegs_1_valid_i_3_2
    SLICE_X47Y108        LUT6 (Prop_lut6_I5_O)        0.105    12.780 f  u_wb/defaultClockArea_cpu/unsignedDivider_3/IntIssueQueuePlugin_queue_3_payload_rRegs_1_valid_i_5/O
                         net (fo=1, routed)           0.232    13.012    u_wb/defaultClockArea_cpu/unsignedDivider_3/IntIssueQueuePlugin_queue_3_payload_rRegs_1_valid_i_5_n_0
    SLICE_X48Y108        LUT6 (Prop_lut6_I3_O)        0.105    13.117 f  u_wb/defaultClockArea_cpu/unsignedDivider_3/IntIssueQueuePlugin_queue_3_payload_rRegs_1_valid_i_3/O
                         net (fo=4, routed)           0.396    13.513    u_wb/defaultClockArea_cpu/unsignedDivider_3/IntIssueQueuePlugin_queue_3_payload_rRegs_1_valid_i_3_n_0
    SLICE_X48Y108        LUT4 (Prop_lut4_I0_O)        0.105    13.618 r  u_wb/defaultClockArea_cpu/unsignedDivider_3/IntIssueQueuePlugin_queue_0_payload_rRegs_1_valid_i_3/O
                         net (fo=1, routed)           0.473    14.090    u_wb/defaultClockArea_cpu/unsignedDivider_3/IntIssueQueuePlugin_queue_0_payload_rRegs_1_valid_i_3_n_0
    SLICE_X48Y109        LUT6 (Prop_lut6_I1_O)        0.105    14.195 r  u_wb/defaultClockArea_cpu/unsignedDivider_3/IntIssueQueuePlugin_queue_0_payload_rRegs_1_valid_i_1/O
                         net (fo=1, routed)           0.000    14.195    u_wb/defaultClockArea_cpu/unsignedDivider_3_n_116
    SLICE_X48Y109        FDRE                                         r  u_wb/defaultClockArea_cpu/IntIssueQueuePlugin_queue_0_payload_rRegs_1_valid_reg/D
  -------------------------------------------------------------------    -------------------

                         (clock aclk rise edge)      10.000    10.000 r  
    L22                                               0.000    10.000 r  aclk (IN)
                         net (fo=0)                   0.000    10.000    aclk
    L22                  IBUF (Prop_ibuf_I_O)         0.762    10.762 r  aclk_IBUF_inst/O
                         net (fo=1, routed)           1.734    12.496    aclk_IBUF
    BUFGCTRL_X0Y0        BUFG (Prop_bufg_I_O)         0.077    12.573 r  aclk_IBUF_BUFG_inst/O
                         net (fo=20456, routed)       1.301    13.874    u_wb/defaultClockArea_cpu/aclk_IBUF_BUFG
    SLICE_X48Y109        FDRE                                         r  u_wb/defaultClockArea_cpu/IntIssueQueuePlugin_queue_0_payload_rRegs_1_valid_reg/C
                         clock pessimism              0.310    14.183    
                         clock uncertainty           -0.035    14.148    
    SLICE_X48Y109        FDRE (Setup_fdre_C_D)        0.072    14.220    u_wb/defaultClockArea_cpu/IntIssueQueuePlugin_queue_0_payload_rRegs_1_valid_reg
  -------------------------------------------------------------------
                         required time                         14.220    
                         arrival time                         -14.195    
  -------------------------------------------------------------------
                         slack                                  0.025    

Slack (MET) :             0.026ns  (required time - arrival time)
  Source:                 u_wb/defaultClockArea_cpu/_zz_ROBFIFOPlugin_fifoIO_pop_0_payload_state_lsuUncached_1_reg/C
                            (rising edge-triggered cell FDRE clocked by aclk  {rise@0.000ns fall@5.000ns period=10.000ns})
  Destination:            u_wb/defaultClockArea_cpu/GlobalPredictorBTBPlugin_predictor/tournamentPht/rams_2/mem/xpm_memory_base_inst/gen_wr_a.gen_word_narrow.mem_reg/ADDRBWRADDR[11]
                            (rising edge-triggered cell RAMB18E1 clocked by aclk  {rise@0.000ns fall@5.000ns period=10.000ns})
  Path Group:             aclk
  Path Type:              Setup (Max at Slow Process Corner)
  Requirement:            10.000ns  (aclk rise@10.000ns - aclk rise@0.000ns)
  Data Path Delay:        9.391ns  (logic 2.002ns (21.318%)  route 7.389ns (78.682%))
  Logic Levels:           13  (LUT2=2 LUT3=2 LUT4=2 LUT5=2 LUT6=4 MUXF7=1)
  Clock Path Skew:        -0.057ns (DCD - SCD + CPR)
    Destination Clock Delay (DCD):    4.033ns = ( 14.033 - 10.000 ) 
    Source Clock Delay      (SCD):    4.331ns
    Clock Pessimism Removal (CPR):    0.241ns
  Clock Uncertainty:      0.035ns  ((TSJ^2 + TIJ^2)^1/2 + DJ) / 2 + PE
    Total System Jitter     (TSJ):    0.071ns
    Total Input Jitter      (TIJ):    0.000ns
    Discrete Jitter          (DJ):    0.000ns
    Phase Error              (PE):    0.000ns

    Location             Delay type                Incr(ns)  Path(ns)    Netlist Resource(s)
  -------------------------------------------------------------------    -------------------
                         (clock aclk rise edge)       0.000     0.000 r  
    L22                                               0.000     0.000 r  aclk (IN)
                         net (fo=0)                   0.000     0.000    aclk
    L22                  IBUF (Prop_ibuf_I_O)         0.893     0.893 r  aclk_IBUF_inst/O
                         net (fo=1, routed)           1.827     2.720    aclk_IBUF
    BUFGCTRL_X0Y0        BUFG (Prop_bufg_I_O)         0.081     2.801 r  aclk_IBUF_BUFG_inst/O
                         net (fo=20456, routed)       1.530     4.331    u_wb/defaultClockArea_cpu/aclk_IBUF_BUFG
    SLICE_X90Y76         FDRE                                         r  u_wb/defaultClockArea_cpu/_zz_ROBFIFOPlugin_fifoIO_pop_0_payload_state_lsuUncached_1_reg/C
  -------------------------------------------------------------------    -------------------
    SLICE_X90Y76         FDRE (Prop_fdre_C_Q)         0.433     4.764 f  u_wb/defaultClockArea_cpu/_zz_ROBFIFOPlugin_fifoIO_pop_0_payload_state_lsuUncached_1_reg/Q
                         net (fo=1, routed)           0.930     5.694    u_wb/defaultClockArea_cpu/GlobalPredictorBTBPlugin_predictor/pht/rams_0/WeBattleCommitPlugin_uncachedExecuting_reg_i_15_2
    SLICE_X88Y80         LUT6 (Prop_lut6_I3_O)        0.105     5.799 f  u_wb/defaultClockArea_cpu/GlobalPredictorBTBPlugin_predictor/pht/rams_0/WeBattleCommitPlugin_uncachedExecuting_i_30/O
                         net (fo=1, routed)           0.000     5.799    u_wb/defaultClockArea_cpu/GlobalPredictorBTBPlugin_predictor/pht/rams_0/WeBattleCommitPlugin_uncachedExecuting_i_30_n_0
    SLICE_X88Y80         MUXF7 (Prop_muxf7_I0_O)      0.173     5.972 f  u_wb/defaultClockArea_cpu/GlobalPredictorBTBPlugin_predictor/pht/rams_0/WeBattleCommitPlugin_uncachedExecuting_reg_i_15/O
                         net (fo=1, routed)           0.688     6.660    u_wb/defaultClockArea_cpu/GlobalPredictorBTBPlugin_predictor/pht/rams_0/WeBattleCommitPlugin_uncachedExecuting_reg_i_15_n_0
    SLICE_X82Y79         LUT6 (Prop_lut6_I5_O)        0.241     6.901 f  u_wb/defaultClockArea_cpu/GlobalPredictorBTBPlugin_predictor/pht/rams_0/WeBattleCommitPlugin_uncachedExecuting_i_7/O
                         net (fo=2, routed)           0.484     7.385    u_wb/defaultClockArea_cpu/GlobalPredictorBTBPlugin_predictor/pht/rams_0/_zz_ROBFIFOPlugin_popPtr_reg[4]_rep__0
    SLICE_X78Y79         LUT6 (Prop_lut6_I5_O)        0.105     7.490 r  u_wb/defaultClockArea_cpu/GlobalPredictorBTBPlugin_predictor/pht/rams_0/WeBattleCommitPlugin_uncachedExecuting_i_5/O
                         net (fo=1, routed)           0.681     8.171    u_wb/defaultClockArea_cpu/GlobalPredictorBTBPlugin_predictor/pht/rams_0/WeBattleCommitPlugin_uncachedExecuting_i_5_n_0
    SLICE_X77Y77         LUT6 (Prop_lut6_I5_O)        0.105     8.276 f  u_wb/defaultClockArea_cpu/GlobalPredictorBTBPlugin_predictor/pht/rams_0/WeBattleCommitPlugin_uncachedExecuting_i_2/O
                         net (fo=6, routed)           0.137     8.413    u_wb/defaultClockArea_cpu/GlobalPredictorBTBPlugin_predictor/pht/rams_0/when_WeBattleCommitPlugin_l101
    SLICE_X77Y77         LUT5 (Prop_lut5_I2_O)        0.105     8.518 f  u_wb/defaultClockArea_cpu/GlobalPredictorBTBPlugin_predictor/pht/rams_0/WeBattleCommitPlugin_regFlush_i_2/O
                         net (fo=6, routed)           0.380     8.897    u_wb/defaultClockArea_cpu/GlobalPredictorBTBPlugin_predictor/pht/rams_0/WeBattleCommitPlugin_uncachedExecuting_reg_0
    SLICE_X76Y75         LUT2 (Prop_lut2_I1_O)        0.105     9.002 r  u_wb/defaultClockArea_cpu/GlobalPredictorBTBPlugin_predictor/pht/rams_0/mem_i_13__11/O
                         net (fo=106, routed)         0.333     9.335    u_wb/defaultClockArea_cpu/GlobalPredictorBTBPlugin_btb/rams_1/when_WeBattleCommitPlugin_l169
    SLICE_X75Y75         LUT2 (Prop_lut2_I0_O)        0.105     9.440 r  u_wb/defaultClockArea_cpu/GlobalPredictorBTBPlugin_btb/rams_1/ProgramCounterPlugin_backendJumpInterface_rData[5]_i_4/O
                         net (fo=12, routed)          0.949    10.389    u_wb/defaultClockArea_cpu/GlobalPredictorBTBPlugin_predictor/pht/rams_0/ProgramCounterPlugin_backendJumpInterface_rData_reg[5]_0
    SLICE_X69Y57         LUT3 (Prop_lut3_I0_O)        0.105    10.494 r  u_wb/defaultClockArea_cpu/GlobalPredictorBTBPlugin_predictor/pht/rams_0/mem_i_81/O
                         net (fo=48, routed)          0.675    11.169    u_wb/defaultClockArea_cpu/weBattleCheckpointRAS_1/ProgramCounterPlugin_backendJumpInterface_valid
    SLICE_X66Y59         LUT5 (Prop_lut5_I1_O)        0.105    11.274 f  u_wb/defaultClockArea_cpu/weBattleCheckpointRAS_1/mem_i_24__8/O
                         net (fo=28, routed)          0.737    12.011    u_wb/defaultClockArea_cpu/weBattleCheckpointRAS_1/GlobalPredictorBTBPlugin_index[3]
    SLICE_X65Y57         LUT3 (Prop_lut3_I0_O)        0.105    12.116 r  u_wb/defaultClockArea_cpu/weBattleCheckpointRAS_1/mem_i_33__1/O
                         net (fo=10, routed)          0.284    12.400    u_wb/defaultClockArea_cpu/weBattleCheckpointRAS_1/mem_i_33__1_n_0
    SLICE_X64Y58         LUT4 (Prop_lut4_I1_O)        0.105    12.505 r  u_wb/defaultClockArea_cpu/weBattleCheckpointRAS_1/mem_i_32__0/O
                         net (fo=12, routed)          0.300    12.805    u_wb/defaultClockArea_cpu/weBattleCheckpointRAS_1/mem_i_32__0_n_0
    SLICE_X64Y59         LUT4 (Prop_lut4_I1_O)        0.105    12.910 r  u_wb/defaultClockArea_cpu/weBattleCheckpointRAS_1/mem_i_17__4/O
                         net (fo=1, routed)           0.812    13.722    u_wb/defaultClockArea_cpu/GlobalPredictorBTBPlugin_predictor/tournamentPht/rams_2/mem/xpm_memory_base_inst/addrb[7]
    RAMB18_X3Y29         RAMB18E1                                     r  u_wb/defaultClockArea_cpu/GlobalPredictorBTBPlugin_predictor/tournamentPht/rams_2/mem/xpm_memory_base_inst/gen_wr_a.gen_word_narrow.mem_reg/ADDRBWRADDR[11]
  -------------------------------------------------------------------    -------------------

                         (clock aclk rise edge)      10.000    10.000 r  
    L22                                               0.000    10.000 r  aclk (IN)
                         net (fo=0)                   0.000    10.000    aclk
    L22                  IBUF (Prop_ibuf_I_O)         0.762    10.762 r  aclk_IBUF_inst/O
                         net (fo=1, routed)           1.734    12.496    aclk_IBUF
    BUFGCTRL_X0Y0        BUFG (Prop_bufg_I_O)         0.077    12.573 r  aclk_IBUF_BUFG_inst/O
                         net (fo=20456, routed)       1.460    14.033    u_wb/defaultClockArea_cpu/GlobalPredictorBTBPlugin_predictor/tournamentPht/rams_2/mem/xpm_memory_base_inst/clka
    RAMB18_X3Y29         RAMB18E1                                     r  u_wb/defaultClockArea_cpu/GlobalPredictorBTBPlugin_predictor/tournamentPht/rams_2/mem/xpm_memory_base_inst/gen_wr_a.gen_word_narrow.mem_reg/CLKBWRCLK
                         clock pessimism              0.241    14.273    
                         clock uncertainty           -0.035    14.238    
    RAMB18_X3Y29         RAMB18E1 (Setup_ramb18e1_CLKBWRCLK_ADDRBWRADDR[11])
                                                     -0.490    13.748    u_wb/defaultClockArea_cpu/GlobalPredictorBTBPlugin_predictor/tournamentPht/rams_2/mem/xpm_memory_base_inst/gen_wr_a.gen_word_narrow.mem_reg
  -------------------------------------------------------------------
                         required time                         13.748    
                         arrival time                         -13.722    
  -------------------------------------------------------------------
                         slack                                  0.026    

Slack (MET) :             0.034ns  (required time - arrival time)
  Source:                 u_wb/defaultClockArea_cpu/IntIssueQueuePlugin_queue_0_payload_rRegs_0_valid_reg/C
                            (rising edge-triggered cell FDRE clocked by aclk  {rise@0.000ns fall@5.000ns period=10.000ns})
  Destination:            u_wb/defaultClockArea_cpu/IntIssueQueuePlugin_queue_1_payload_rRegs_0_valid_reg/D
                            (rising edge-triggered cell FDRE clocked by aclk  {rise@0.000ns fall@5.000ns period=10.000ns})
  Path Group:             aclk
  Path Type:              Setup (Max at Slow Process Corner)
  Requirement:            10.000ns  (aclk rise@10.000ns - aclk rise@0.000ns)
  Data Path Delay:        9.936ns  (logic 1.849ns (18.609%)  route 8.087ns (81.391%))
  Logic Levels:           14  (LUT2=2 LUT3=2 LUT4=3 LUT5=2 LUT6=5)
  Clock Path Skew:        -0.026ns (DCD - SCD + CPR)
    Destination Clock Delay (DCD):    3.873ns = ( 13.873 - 10.000 ) 
    Source Clock Delay      (SCD):    4.208ns
    Clock Pessimism Removal (CPR):    0.310ns
  Clock Uncertainty:      0.035ns  ((TSJ^2 + TIJ^2)^1/2 + DJ) / 2 + PE
    Total System Jitter     (TSJ):    0.071ns
    Total Input Jitter      (TIJ):    0.000ns
    Discrete Jitter          (DJ):    0.000ns
    Phase Error              (PE):    0.000ns

    Location             Delay type                Incr(ns)  Path(ns)    Netlist Resource(s)
  -------------------------------------------------------------------    -------------------
                         (clock aclk rise edge)       0.000     0.000 r  
    L22                                               0.000     0.000 r  aclk (IN)
                         net (fo=0)                   0.000     0.000    aclk
    L22                  IBUF (Prop_ibuf_I_O)         0.893     0.893 r  aclk_IBUF_inst/O
                         net (fo=1, routed)           1.827     2.720    aclk_IBUF
    BUFGCTRL_X0Y0        BUFG (Prop_bufg_I_O)         0.081     2.801 r  aclk_IBUF_BUFG_inst/O
                         net (fo=20456, routed)       1.408     4.208    u_wb/defaultClockArea_cpu/aclk_IBUF_BUFG
    SLICE_X47Y111        FDRE                                         r  u_wb/defaultClockArea_cpu/IntIssueQueuePlugin_queue_0_payload_rRegs_0_valid_reg/C
  -------------------------------------------------------------------    -------------------
    SLICE_X47Y111        FDRE (Prop_fdre_C_Q)         0.379     4.587 f  u_wb/defaultClockArea_cpu/IntIssueQueuePlugin_queue_0_payload_rRegs_0_valid_reg/Q
                         net (fo=2, routed)           0.604     5.192    u_wb/defaultClockArea_cpu/IntIssueQueuePlugin_queue_0_payload_rRegs_0_valid_reg_n_0
    SLICE_X57Y114        LUT2 (Prop_lut2_I0_O)        0.105     5.297 f  u_wb/defaultClockArea_cpu/IntIssueQueuePlugin_queue_0_payload_uop_pc[31]_i_4/O
                         net (fo=30, routed)          0.584     5.881    u_wb/defaultClockArea_cpu/p_7754_in
    SLICE_X56Y114        LUT5 (Prop_lut5_I4_O)        0.105     5.986 f  u_wb/defaultClockArea_cpu/INT0_ISS_to_INT0_RRD_ISSUE_SLOT_uop_doRegWrite_i_30/O
                         net (fo=12, routed)          0.515     6.501    u_wb/defaultClockArea_cpu/INT0_ISS_to_INT0_RRD_ISSUE_SLOT_uop_doRegWrite_i_30_n_0
    SLICE_X61Y114        LUT4 (Prop_lut4_I1_O)        0.105     6.606 r  u_wb/defaultClockArea_cpu/INT2_ISS_to_INT2_RRD_ISSUE_SLOT_uop_doRegWrite_i_6/O
                         net (fo=3, routed)           0.716     7.321    u_wb/defaultClockArea_cpu/INT2_ISS_to_INT2_RRD_ISSUE_SLOT_uop_doRegWrite_i_6_n_0
    SLICE_X62Y115        LUT4 (Prop_lut4_I1_O)        0.105     7.426 r  u_wb/defaultClockArea_cpu/INT2_ISS_to_INT2_RRD_ISSUE_SLOT_uop_inst[24]_i_7/O
                         net (fo=14, routed)          0.613     8.039    u_wb/defaultClockArea_cpu/INT2_ISS_to_INT2_RRD_ISSUE_SLOT_uop_inst[24]_i_7_n_0
    SLICE_X62Y117        LUT4 (Prop_lut4_I1_O)        0.105     8.144 f  u_wb/defaultClockArea_cpu/INT1_ISS_to_INT1_RRD_ISSUE_SLOT_uop_inst[24]_i_7/O
                         net (fo=12, routed)          0.707     8.851    u_wb/defaultClockArea_cpu/INT1_ISS_to_INT1_RRD_ISSUE_SLOT_uop_inst[24]_i_7_n_0
    SLICE_X61Y117        LUT5 (Prop_lut5_I4_O)        0.105     8.956 r  u_wb/defaultClockArea_cpu/IntIssueQueuePlugin_queue_4_valid_i_8/O
                         net (fo=7, routed)           0.364     9.320    u_wb/defaultClockArea_cpu/IntIssueQueuePlugin_queue_4_valid_i_8_n_0
    SLICE_X60Y118        LUT3 (Prop_lut3_I1_O)        0.105     9.425 r  u_wb/defaultClockArea_cpu/INT0_ISS_to_INT0_RRD_ISSUE_SLOT_wReg[5]_i_2/O
                         net (fo=42, routed)          0.562     9.987    u_wb/defaultClockArea_cpu/INT0_ISS_to_INT0_RRD_ISSUE_SLOT_wReg[5]_i_2_n_0
    SLICE_X57Y118        LUT6 (Prop_lut6_I2_O)        0.105    10.092 r  u_wb/defaultClockArea_cpu/INT0_ISS_to_INT0_RRD_ISSUE_SLOT_wReg[1]_i_1/O
                         net (fo=16, routed)          0.649    10.741    u_wb/defaultClockArea_cpu/_zz_INT0_ISS_IntExecutePlugin_issSlot_wReg[1]
    SLICE_X52Y119        LUT2 (Prop_lut2_I1_O)        0.105    10.846 f  u_wb/defaultClockArea_cpu/IntIssueQueuePlugin_queue_4_payload_rRegs_0_valid_i_21/O
                         net (fo=1, routed)           0.560    11.406    u_wb/defaultClockArea_cpu/IntIssueQueuePlugin_queue_4_payload_rRegs_0_valid_i_21_n_0
    SLICE_X52Y119        LUT6 (Prop_lut6_I0_O)        0.105    11.511 f  u_wb/defaultClockArea_cpu/IntIssueQueuePlugin_queue_4_payload_rRegs_0_valid_i_11/O
                         net (fo=1, routed)           0.607    12.118    u_wb/defaultClockArea_cpu/IntIssueQueuePlugin_queue_4_payload_rRegs_0_valid_i_11_n_0
    SLICE_X51Y110        LUT6 (Prop_lut6_I4_O)        0.105    12.223 f  u_wb/defaultClockArea_cpu/IntIssueQueuePlugin_queue_4_payload_rRegs_0_valid_i_5/O
                         net (fo=1, routed)           0.372    12.594    u_wb/defaultClockArea_cpu/unsignedDivider_3/IntIssueQueuePlugin_queue_4_payload_rRegs_0_valid_i_2_0
    SLICE_X45Y110        LUT6 (Prop_lut6_I1_O)        0.105    12.699 f  u_wb/defaultClockArea_cpu/unsignedDivider_3/IntIssueQueuePlugin_queue_4_payload_rRegs_0_valid_i_3/O
                         net (fo=1, routed)           0.422    13.121    u_wb/defaultClockArea_cpu/unsignedDivider_3/IntIssueQueuePlugin_queue_4_payload_rRegs_0_valid_i_3_n_0
    SLICE_X45Y111        LUT6 (Prop_lut6_I4_O)        0.105    13.226 r  u_wb/defaultClockArea_cpu/unsignedDivider_3/IntIssueQueuePlugin_queue_4_payload_rRegs_0_valid_i_2/O
                         net (fo=4, routed)           0.814    14.040    u_wb/defaultClockArea_cpu/unsignedDivider_3/IntIssueQueuePlugin_queue_4_payload_rRegs_0_valid_i_2_n_0
    SLICE_X47Y110        LUT3 (Prop_lut3_I0_O)        0.105    14.145 r  u_wb/defaultClockArea_cpu/unsignedDivider_3/IntIssueQueuePlugin_queue_1_payload_rRegs_0_valid_i_1/O
                         net (fo=1, routed)           0.000    14.145    u_wb/defaultClockArea_cpu/unsignedDivider_3_n_65
    SLICE_X47Y110        FDRE                                         r  u_wb/defaultClockArea_cpu/IntIssueQueuePlugin_queue_1_payload_rRegs_0_valid_reg/D
  -------------------------------------------------------------------    -------------------

                         (clock aclk rise edge)      10.000    10.000 r  
    L22                                               0.000    10.000 r  aclk (IN)
                         net (fo=0)                   0.000    10.000    aclk
    L22                  IBUF (Prop_ibuf_I_O)         0.762    10.762 r  aclk_IBUF_inst/O
                         net (fo=1, routed)           1.734    12.496    aclk_IBUF
    BUFGCTRL_X0Y0        BUFG (Prop_bufg_I_O)         0.077    12.573 r  aclk_IBUF_BUFG_inst/O
                         net (fo=20456, routed)       1.300    13.873    u_wb/defaultClockArea_cpu/aclk_IBUF_BUFG
    SLICE_X47Y110        FDRE                                         r  u_wb/defaultClockArea_cpu/IntIssueQueuePlugin_queue_1_payload_rRegs_0_valid_reg/C
                         clock pessimism              0.310    14.182    
                         clock uncertainty           -0.035    14.147    
    SLICE_X47Y110        FDRE (Setup_fdre_C_D)        0.032    14.179    u_wb/defaultClockArea_cpu/IntIssueQueuePlugin_queue_1_payload_rRegs_0_valid_reg
  -------------------------------------------------------------------
                         required time                         14.179    
                         arrival time                         -14.145    
  -------------------------------------------------------------------
                         slack                                  0.034    

Slack (MET) :             0.055ns  (required time - arrival time)
  Source:                 u_wb/defaultClockArea_cpu/_zz_ROBFIFOPlugin_fifoIO_pop_0_payload_state_lsuUncached_1_reg/C
                            (rising edge-triggered cell FDRE clocked by aclk  {rise@0.000ns fall@5.000ns period=10.000ns})
  Destination:            u_wb/defaultClockArea_cpu/GlobalPredictorBTBPlugin_predictor/tournamentPht/rams_1/mem/xpm_memory_base_inst/gen_wr_a.gen_word_narrow.mem_reg/ADDRBWRADDR[12]
                            (rising edge-triggered cell RAMB18E1 clocked by aclk  {rise@0.000ns fall@5.000ns period=10.000ns})
  Path Group:             aclk
  Path Type:              Setup (Max at Slow Process Corner)
  Requirement:            10.000ns  (aclk rise@10.000ns - aclk rise@0.000ns)
  Data Path Delay:        9.363ns  (logic 2.002ns (21.383%)  route 7.361ns (78.617%))
  Logic Levels:           13  (LUT2=2 LUT3=2 LUT4=1 LUT5=3 LUT6=4 MUXF7=1)
  Clock Path Skew:        -0.057ns (DCD - SCD + CPR)
    Destination Clock Delay (DCD):    4.033ns = ( 14.033 - 10.000 ) 
    Source Clock Delay      (SCD):    4.331ns
    Clock Pessimism Removal (CPR):    0.241ns
  Clock Uncertainty:      0.035ns  ((TSJ^2 + TIJ^2)^1/2 + DJ) / 2 + PE
    Total System Jitter     (TSJ):    0.071ns
    Total Input Jitter      (TIJ):    0.000ns
    Discrete Jitter          (DJ):    0.000ns
    Phase Error              (PE):    0.000ns

    Location             Delay type                Incr(ns)  Path(ns)    Netlist Resource(s)
  -------------------------------------------------------------------    -------------------
                         (clock aclk rise edge)       0.000     0.000 r  
    L22                                               0.000     0.000 r  aclk (IN)
                         net (fo=0)                   0.000     0.000    aclk
    L22                  IBUF (Prop_ibuf_I_O)         0.893     0.893 r  aclk_IBUF_inst/O
                         net (fo=1, routed)           1.827     2.720    aclk_IBUF
    BUFGCTRL_X0Y0        BUFG (Prop_bufg_I_O)         0.081     2.801 r  aclk_IBUF_BUFG_inst/O
                         net (fo=20456, routed)       1.530     4.331    u_wb/defaultClockArea_cpu/aclk_IBUF_BUFG
    SLICE_X90Y76         FDRE                                         r  u_wb/defaultClockArea_cpu/_zz_ROBFIFOPlugin_fifoIO_pop_0_payload_state_lsuUncached_1_reg/C
  -------------------------------------------------------------------    -------------------
    SLICE_X90Y76         FDRE (Prop_fdre_C_Q)         0.433     4.764 f  u_wb/defaultClockArea_cpu/_zz_ROBFIFOPlugin_fifoIO_pop_0_payload_state_lsuUncached_1_reg/Q
                         net (fo=1, routed)           0.930     5.694    u_wb/defaultClockArea_cpu/GlobalPredictorBTBPlugin_predictor/pht/rams_0/WeBattleCommitPlugin_uncachedExecuting_reg_i_15_2
    SLICE_X88Y80         LUT6 (Prop_lut6_I3_O)        0.105     5.799 f  u_wb/defaultClockArea_cpu/GlobalPredictorBTBPlugin_predictor/pht/rams_0/WeBattleCommitPlugin_uncachedExecuting_i_30/O
                         net (fo=1, routed)           0.000     5.799    u_wb/defaultClockArea_cpu/GlobalPredictorBTBPlugin_predictor/pht/rams_0/WeBattleCommitPlugin_uncachedExecuting_i_30_n_0
    SLICE_X88Y80         MUXF7 (Prop_muxf7_I0_O)      0.173     5.972 f  u_wb/defaultClockArea_cpu/GlobalPredictorBTBPlugin_predictor/pht/rams_0/WeBattleCommitPlugin_uncachedExecuting_reg_i_15/O
                         net (fo=1, routed)           0.688     6.660    u_wb/defaultClockArea_cpu/GlobalPredictorBTBPlugin_predictor/pht/rams_0/WeBattleCommitPlugin_uncachedExecuting_reg_i_15_n_0
    SLICE_X82Y79         LUT6 (Prop_lut6_I5_O)        0.241     6.901 f  u_wb/defaultClockArea_cpu/GlobalPredictorBTBPlugin_predictor/pht/rams_0/WeBattleCommitPlugin_uncachedExecuting_i_7/O
                         net (fo=2, routed)           0.484     7.385    u_wb/defaultClockArea_cpu/GlobalPredictorBTBPlugin_predictor/pht/rams_0/_zz_ROBFIFOPlugin_popPtr_reg[4]_rep__0
    SLICE_X78Y79         LUT6 (Prop_lut6_I5_O)        0.105     7.490 r  u_wb/defaultClockArea_cpu/GlobalPredictorBTBPlugin_predictor/pht/rams_0/WeBattleCommitPlugin_uncachedExecuting_i_5/O
                         net (fo=1, routed)           0.681     8.171    u_wb/defaultClockArea_cpu/GlobalPredictorBTBPlugin_predictor/pht/rams_0/WeBattleCommitPlugin_uncachedExecuting_i_5_n_0
    SLICE_X77Y77         LUT6 (Prop_lut6_I5_O)        0.105     8.276 f  u_wb/defaultClockArea_cpu/GlobalPredictorBTBPlugin_predictor/pht/rams_0/WeBattleCommitPlugin_uncachedExecuting_i_2/O
                         net (fo=6, routed)           0.137     8.413    u_wb/defaultClockArea_cpu/GlobalPredictorBTBPlugin_predictor/pht/rams_0/when_WeBattleCommitPlugin_l101
    SLICE_X77Y77         LUT5 (Prop_lut5_I2_O)        0.105     8.518 f  u_wb/defaultClockArea_cpu/GlobalPredictorBTBPlugin_predictor/pht/rams_0/WeBattleCommitPlugin_regFlush_i_2/O
                         net (fo=6, routed)           0.380     8.897    u_wb/defaultClockArea_cpu/GlobalPredictorBTBPlugin_predictor/pht/rams_0/WeBattleCommitPlugin_uncachedExecuting_reg_0
    SLICE_X76Y75         LUT2 (Prop_lut2_I1_O)        0.105     9.002 r  u_wb/defaultClockArea_cpu/GlobalPredictorBTBPlugin_predictor/pht/rams_0/mem_i_13__11/O
                         net (fo=106, routed)         0.333     9.335    u_wb/defaultClockArea_cpu/GlobalPredictorBTBPlugin_btb/rams_1/when_WeBattleCommitPlugin_l169
    SLICE_X75Y75         LUT2 (Prop_lut2_I0_O)        0.105     9.440 r  u_wb/defaultClockArea_cpu/GlobalPredictorBTBPlugin_btb/rams_1/ProgramCounterPlugin_backendJumpInterface_rData[5]_i_4/O
                         net (fo=12, routed)          0.949    10.389    u_wb/defaultClockArea_cpu/GlobalPredictorBTBPlugin_predictor/pht/rams_0/ProgramCounterPlugin_backendJumpInterface_rData_reg[5]_0
    SLICE_X69Y57         LUT3 (Prop_lut3_I0_O)        0.105    10.494 r  u_wb/defaultClockArea_cpu/GlobalPredictorBTBPlugin_predictor/pht/rams_0/mem_i_81/O
                         net (fo=48, routed)          0.675    11.169    u_wb/defaultClockArea_cpu/weBattleCheckpointRAS_1/ProgramCounterPlugin_backendJumpInterface_valid
    SLICE_X66Y59         LUT5 (Prop_lut5_I1_O)        0.105    11.274 f  u_wb/defaultClockArea_cpu/weBattleCheckpointRAS_1/mem_i_24__8/O
                         net (fo=28, routed)          0.737    12.011    u_wb/defaultClockArea_cpu/weBattleCheckpointRAS_1/GlobalPredictorBTBPlugin_index[3]
    SLICE_X65Y57         LUT3 (Prop_lut3_I0_O)        0.105    12.116 r  u_wb/defaultClockArea_cpu/weBattleCheckpointRAS_1/mem_i_33__1/O
                         net (fo=10, routed)          0.284    12.400    u_wb/defaultClockArea_cpu/weBattleCheckpointRAS_1/mem_i_33__1_n_0
    SLICE_X64Y58         LUT4 (Prop_lut4_I1_O)        0.105    12.505 r  u_wb/defaultClockArea_cpu/weBattleCheckpointRAS_1/mem_i_32__0/O
                         net (fo=12, routed)          0.403    12.907    u_wb/defaultClockArea_cpu/weBattleCheckpointRAS_1/mem_i_32__0_n_0
    SLICE_X63Y59         LUT5 (Prop_lut5_I2_O)        0.105    13.012 r  u_wb/defaultClockArea_cpu/weBattleCheckpointRAS_1/mem_i_16__7/O
                         net (fo=1, routed)           0.681    13.693    u_wb/defaultClockArea_cpu/GlobalPredictorBTBPlugin_predictor/tournamentPht/rams_1/mem/xpm_memory_base_inst/addrb[8]
    RAMB18_X3Y28         RAMB18E1                                     r  u_wb/defaultClockArea_cpu/GlobalPredictorBTBPlugin_predictor/tournamentPht/rams_1/mem/xpm_memory_base_inst/gen_wr_a.gen_word_narrow.mem_reg/ADDRBWRADDR[12]
  -------------------------------------------------------------------    -------------------

                         (clock aclk rise edge)      10.000    10.000 r  
    L22                                               0.000    10.000 r  aclk (IN)
                         net (fo=0)                   0.000    10.000    aclk
    L22                  IBUF (Prop_ibuf_I_O)         0.762    10.762 r  aclk_IBUF_inst/O
                         net (fo=1, routed)           1.734    12.496    aclk_IBUF
    BUFGCTRL_X0Y0        BUFG (Prop_bufg_I_O)         0.077    12.573 r  aclk_IBUF_BUFG_inst/O
                         net (fo=20456, routed)       1.460    14.033    u_wb/defaultClockArea_cpu/GlobalPredictorBTBPlugin_predictor/tournamentPht/rams_1/mem/xpm_memory_base_inst/clka
    RAMB18_X3Y28         RAMB18E1                                     r  u_wb/defaultClockArea_cpu/GlobalPredictorBTBPlugin_predictor/tournamentPht/rams_1/mem/xpm_memory_base_inst/gen_wr_a.gen_word_narrow.mem_reg/CLKBWRCLK
                         clock pessimism              0.241    14.273    
                         clock uncertainty           -0.035    14.238    
    RAMB18_X3Y28         RAMB18E1 (Setup_ramb18e1_CLKBWRCLK_ADDRBWRADDR[12])
                                                     -0.490    13.748    u_wb/defaultClockArea_cpu/GlobalPredictorBTBPlugin_predictor/tournamentPht/rams_1/mem/xpm_memory_base_inst/gen_wr_a.gen_word_narrow.mem_reg
  -------------------------------------------------------------------
                         required time                         13.748    
                         arrival time                         -13.693    
  -------------------------------------------------------------------
                         slack                                  0.055    

Slack (MET) :             0.091ns  (required time - arrival time)
  Source:                 u_wb/defaultClockArea_cpu/_zz_ROBFIFOPlugin_popPtr_reg[0]_rep__1/C
                            (rising edge-triggered cell FDCE clocked by aclk  {rise@0.000ns fall@5.000ns period=10.000ns})
  Destination:            u_wb/defaultClockArea_cpu/ICachePlugin_dataRAMs_0/mem/xpm_memory_base_inst/gen_wr_a.gen_byte_narrow.for_mem_cols[1].mem_reg_1/ADDRARDADDR[8]
                            (rising edge-triggered cell RAMB36E1 clocked by aclk  {rise@0.000ns fall@5.000ns period=10.000ns})
  Path Group:             aclk
  Path Type:              Setup (Max at Slow Process Corner)
  Requirement:            10.000ns  (aclk rise@10.000ns - aclk rise@0.000ns)
  Data Path Delay:        9.475ns  (logic 1.508ns (15.915%)  route 7.967ns (84.085%))
  Logic Levels:           9  (LUT2=1 LUT4=3 LUT5=1 LUT6=4)
  Clock Path Skew:        0.092ns (DCD - SCD + CPR)
    Destination Clock Delay (DCD):    4.184ns = ( 14.184 - 10.000 ) 
    Source Clock Delay      (SCD):    4.333ns
    Clock Pessimism Removal (CPR):    0.241ns
  Clock Uncertainty:      0.035ns  ((TSJ^2 + TIJ^2)^1/2 + DJ) / 2 + PE
    Total System Jitter     (TSJ):    0.071ns
    Total Input Jitter      (TIJ):    0.000ns
    Discrete Jitter          (DJ):    0.000ns
    Phase Error              (PE):    0.000ns

    Location             Delay type                Incr(ns)  Path(ns)    Netlist Resource(s)
  -------------------------------------------------------------------    -------------------
                         (clock aclk rise edge)       0.000     0.000 r  
    L22                                               0.000     0.000 r  aclk (IN)
                         net (fo=0)                   0.000     0.000    aclk
    L22                  IBUF (Prop_ibuf_I_O)         0.893     0.893 r  aclk_IBUF_inst/O
                         net (fo=1, routed)           1.827     2.720    aclk_IBUF
    BUFGCTRL_X0Y0        BUFG (Prop_bufg_I_O)         0.081     2.801 r  aclk_IBUF_BUFG_inst/O
                         net (fo=20456, routed)       1.532     4.333    u_wb/defaultClockArea_cpu/aclk_IBUF_BUFG
    SLICE_X73Y79         FDCE                                         r  u_wb/defaultClockArea_cpu/_zz_ROBFIFOPlugin_popPtr_reg[0]_rep__1/C
  -------------------------------------------------------------------    -------------------
    SLICE_X73Y79         FDCE (Prop_fdce_C_Q)         0.379     4.712 r  u_wb/defaultClockArea_cpu/_zz_ROBFIFOPlugin_popPtr_reg[0]_rep__1/Q
                         net (fo=124, routed)         0.934     5.646    u_wb/defaultClockArea_cpu/GlobalPredictorBTBPlugin_btb/rams_0/InterruptHandlerPlugin_TCFG_INITVAL[29]_i_13_0
    SLICE_X79Y79         LUT4 (Prop_lut4_I1_O)        0.105     5.751 r  u_wb/defaultClockArea_cpu/GlobalPredictorBTBPlugin_btb/rams_0/ExceptionHandlerPlugin_ESTAT_ESUBCODE[5]_i_4/O
                         net (fo=1, routed)           0.525     6.276    u_wb/defaultClockArea_cpu/GlobalPredictorBTBPlugin_btb/rams_0/ExceptionHandlerPlugin_ESTAT_ESUBCODE[5]_i_4_n_0
    SLICE_X79Y80         LUT6 (Prop_lut6_I3_O)        0.105     6.381 f  u_wb/defaultClockArea_cpu/GlobalPredictorBTBPlugin_btb/rams_0/ExceptionHandlerPlugin_ESTAT_ESUBCODE[5]_i_3/O
                         net (fo=90, routed)          0.874     7.255    u_wb/defaultClockArea_cpu/weBattleCheckpointRAS_1/when_WeBattleROBStorage_l174
    SLICE_X79Y82         LUT2 (Prop_lut2_I1_O)        0.119     7.374 r  u_wb/defaultClockArea_cpu/weBattleCheckpointRAS_1/WeBattleCommitPlugin_regFlush_i_12/O
                         net (fo=2, routed)           0.681     8.055    u_wb/defaultClockArea_cpu/weBattleCheckpointRAS_1/MULDIV_EXE_to_MULDIV_WB_ISSUE_SLOT_robIdx_reg[3]
    SLICE_X79Y82         LUT6 (Prop_lut6_I5_O)        0.275     8.330 f  u_wb/defaultClockArea_cpu/weBattleCheckpointRAS_1/WeBattleCommitPlugin_regFlush_i_4/O
                         net (fo=17, routed)          0.826     9.155    u_wb/defaultClockArea_cpu/GlobalPredictorBTBPlugin_predictor/pht/rams_0/ProgramCounterPlugin_backendJumpInterface_rData_reg[5]
    SLICE_X77Y70         LUT4 (Prop_lut4_I1_O)        0.105     9.260 r  u_wb/defaultClockArea_cpu/GlobalPredictorBTBPlugin_predictor/pht/rams_0/ProgramCounterPlugin_backendJumpInterface_rData[5]_i_3/O
                         net (fo=32, routed)          1.031    10.291    u_wb/defaultClockArea_cpu/GlobalPredictorBTBPlugin_predictor/pht/rams_0/_zz_ROBFIFOPlugin_popPtr_reg[4]_rep__2
    SLICE_X71Y64         LUT6 (Prop_lut6_I4_O)        0.105    10.396 r  u_wb/defaultClockArea_cpu/GlobalPredictorBTBPlugin_predictor/pht/rams_0/ProgramCounterPlugin_backendJumpInterface_rData[8]_i_2/O
                         net (fo=1, routed)           0.339    10.735    u_wb/defaultClockArea_cpu/GlobalPredictorBTBPlugin_predictor/pht/rams_0/ProgramCounterPlugin_backendJumpInterface_rData[8]_i_2_n_0
    SLICE_X73Y64         LUT6 (Prop_lut6_I5_O)        0.105    10.840 r  u_wb/defaultClockArea_cpu/GlobalPredictorBTBPlugin_predictor/pht/rams_0/ProgramCounterPlugin_backendJumpInterface_rData[8]_i_1/O
                         net (fo=5, routed)           0.508    11.348    u_wb/defaultClockArea_cpu/weBattleCheckpointRAS_1/D[6]
    SLICE_X69Y58         LUT5 (Prop_lut5_I4_O)        0.105    11.453 r  u_wb/defaultClockArea_cpu/weBattleCheckpointRAS_1/mem_i_21__9/O
                         net (fo=22, routed)          0.594    12.047    u_wb/defaultClockArea_cpu/weBattleFetchQueue_1/GlobalPredictorBTBPlugin_index[2]
    SLICE_X63Y60         LUT4 (Prop_lut4_I3_O)        0.105    12.152 r  u_wb/defaultClockArea_cpu/weBattleFetchQueue_1/mem_i_23__9/O
                         net (fo=17, routed)          1.656    13.808    u_wb/defaultClockArea_cpu/ICachePlugin_dataRAMs_0/mem/xpm_memory_base_inst/addrb[2]
    RAMB36_X2Y4          RAMB36E1                                     r  u_wb/defaultClockArea_cpu/ICachePlugin_dataRAMs_0/mem/xpm_memory_base_inst/gen_wr_a.gen_byte_narrow.for_mem_cols[1].mem_reg_1/ADDRARDADDR[8]
  -------------------------------------------------------------------    -------------------

                         (clock aclk rise edge)      10.000    10.000 r  
    L22                                               0.000    10.000 r  aclk (IN)
                         net (fo=0)                   0.000    10.000    aclk
    L22                  IBUF (Prop_ibuf_I_O)         0.762    10.762 r  aclk_IBUF_inst/O
                         net (fo=1, routed)           1.734    12.496    aclk_IBUF
    BUFGCTRL_X0Y0        BUFG (Prop_bufg_I_O)         0.077    12.573 r  aclk_IBUF_BUFG_inst/O
                         net (fo=20456, routed)       1.611    14.184    u_wb/defaultClockArea_cpu/ICachePlugin_dataRAMs_0/mem/xpm_memory_base_inst/clka
    RAMB36_X2Y4          RAMB36E1                                     r  u_wb/defaultClockArea_cpu/ICachePlugin_dataRAMs_0/mem/xpm_memory_base_inst/gen_wr_a.gen_byte_narrow.for_mem_cols[1].mem_reg_1/CLKARDCLK
                         clock pessimism              0.241    14.424    
                         clock uncertainty           -0.035    14.389    
    RAMB36_X2Y4          RAMB36E1 (Setup_ramb36e1_CLKARDCLK_ADDRARDADDR[8])
                                                     -0.490    13.899    u_wb/defaultClockArea_cpu/ICachePlugin_dataRAMs_0/mem/xpm_memory_base_inst/gen_wr_a.gen_byte_narrow.for_mem_cols[1].mem_reg_1
  -------------------------------------------------------------------
                         required time                         13.899    
                         arrival time                         -13.808    
  -------------------------------------------------------------------
                         slack                                  0.091    

Slack (MET) :             0.092ns  (required time - arrival time)
  Source:                 u_wb/defaultClockArea_cpu/_zz_ROBFIFOPlugin_fifoIO_pop_0_payload_state_lsuUncached_1_reg/C
                            (rising edge-triggered cell FDRE clocked by aclk  {rise@0.000ns fall@5.000ns period=10.000ns})
  Destination:            u_wb/defaultClockArea_cpu/GlobalPredictorBTBPlugin_predictor/tournamentPht/rams_1/mem/xpm_memory_base_inst/gen_wr_a.gen_word_narrow.mem_reg/ADDRBWRADDR[10]
                            (rising edge-triggered cell RAMB18E1 clocked by aclk  {rise@0.000ns fall@5.000ns period=10.000ns})
  Path Group:             aclk
  Path Type:              Setup (Max at Slow Process Corner)
  Requirement:            10.000ns  (aclk rise@10.000ns - aclk rise@0.000ns)
  Data Path Delay:        9.325ns  (logic 2.002ns (21.469%)  route 7.323ns (78.532%))
  Logic Levels:           13  (LUT2=2 LUT3=3 LUT4=1 LUT5=2 LUT6=4 MUXF7=1)
  Clock Path Skew:        -0.057ns (DCD - SCD + CPR)
    Destination Clock Delay (DCD):    4.033ns = ( 14.033 - 10.000 ) 
    Source Clock Delay      (SCD):    4.331ns
    Clock Pessimism Removal (CPR):    0.241ns
  Clock Uncertainty:      0.035ns  ((TSJ^2 + TIJ^2)^1/2 + DJ) / 2 + PE
    Total System Jitter     (TSJ):    0.071ns
    Total Input Jitter      (TIJ):    0.000ns
    Discrete Jitter          (DJ):    0.000ns
    Phase Error              (PE):    0.000ns

    Location             Delay type                Incr(ns)  Path(ns)    Netlist Resource(s)
  -------------------------------------------------------------------    -------------------
                         (clock aclk rise edge)       0.000     0.000 r  
    L22                                               0.000     0.000 r  aclk (IN)
                         net (fo=0)                   0.000     0.000    aclk
    L22                  IBUF (Prop_ibuf_I_O)         0.893     0.893 r  aclk_IBUF_inst/O
                         net (fo=1, routed)           1.827     2.720    aclk_IBUF
    BUFGCTRL_X0Y0        BUFG (Prop_bufg_I_O)         0.081     2.801 r  aclk_IBUF_BUFG_inst/O
                         net (fo=20456, routed)       1.530     4.331    u_wb/defaultClockArea_cpu/aclk_IBUF_BUFG
    SLICE_X90Y76         FDRE                                         r  u_wb/defaultClockArea_cpu/_zz_ROBFIFOPlugin_fifoIO_pop_0_payload_state_lsuUncached_1_reg/C
  -------------------------------------------------------------------    -------------------
    SLICE_X90Y76         FDRE (Prop_fdre_C_Q)         0.433     4.764 f  u_wb/defaultClockArea_cpu/_zz_ROBFIFOPlugin_fifoIO_pop_0_payload_state_lsuUncached_1_reg/Q
                         net (fo=1, routed)           0.930     5.694    u_wb/defaultClockArea_cpu/GlobalPredictorBTBPlugin_predictor/pht/rams_0/WeBattleCommitPlugin_uncachedExecuting_reg_i_15_2
    SLICE_X88Y80         LUT6 (Prop_lut6_I3_O)        0.105     5.799 f  u_wb/defaultClockArea_cpu/GlobalPredictorBTBPlugin_predictor/pht/rams_0/WeBattleCommitPlugin_uncachedExecuting_i_30/O
                         net (fo=1, routed)           0.000     5.799    u_wb/defaultClockArea_cpu/GlobalPredictorBTBPlugin_predictor/pht/rams_0/WeBattleCommitPlugin_uncachedExecuting_i_30_n_0
    SLICE_X88Y80         MUXF7 (Prop_muxf7_I0_O)      0.173     5.972 f  u_wb/defaultClockArea_cpu/GlobalPredictorBTBPlugin_predictor/pht/rams_0/WeBattleCommitPlugin_uncachedExecuting_reg_i_15/O
                         net (fo=1, routed)           0.688     6.660    u_wb/defaultClockArea_cpu/GlobalPredictorBTBPlugin_predictor/pht/rams_0/WeBattleCommitPlugin_uncachedExecuting_reg_i_15_n_0
    SLICE_X82Y79         LUT6 (Prop_lut6_I5_O)        0.241     6.901 f  u_wb/defaultClockArea_cpu/GlobalPredictorBTBPlugin_predictor/pht/rams_0/WeBattleCommitPlugin_uncachedExecuting_i_7/O
                         net (fo=2, routed)           0.484     7.385    u_wb/defaultClockArea_cpu/GlobalPredictorBTBPlugin_predictor/pht/rams_0/_zz_ROBFIFOPlugin_popPtr_reg[4]_rep__0
    SLICE_X78Y79         LUT6 (Prop_lut6_I5_O)        0.105     7.490 r  u_wb/defaultClockArea_cpu/GlobalPredictorBTBPlugin_predictor/pht/rams_0/WeBattleCommitPlugin_uncachedExecuting_i_5/O
                         net (fo=1, routed)           0.681     8.171    u_wb/defaultClockArea_cpu/GlobalPredictorBTBPlugin_predictor/pht/rams_0/WeBattleCommitPlugin_uncachedExecuting_i_5_n_0
    SLICE_X77Y77         LUT6 (Prop_lut6_I5_O)        0.105     8.276 f  u_wb/defaultClockArea_cpu/GlobalPredictorBTBPlugin_predictor/pht/rams_0/WeBattleCommitPlugin_uncachedExecuting_i_2/O
                         net (fo=6, routed)           0.137     8.413    u_wb/defaultClockArea_cpu/GlobalPredictorBTBPlugin_predictor/pht/rams_0/when_WeBattleCommitPlugin_l101
    SLICE_X77Y77         LUT5 (Prop_lut5_I2_O)        0.105     8.518 f  u_wb/defaultClockArea_cpu/GlobalPredictorBTBPlugin_predictor/pht/rams_0/WeBattleCommitPlugin_regFlush_i_2/O
                         net (fo=6, routed)           0.380     8.897    u_wb/defaultClockArea_cpu/GlobalPredictorBTBPlugin_predictor/pht/rams_0/WeBattleCommitPlugin_uncachedExecuting_reg_0
    SLICE_X76Y75         LUT2 (Prop_lut2_I1_O)        0.105     9.002 r  u_wb/defaultClockArea_cpu/GlobalPredictorBTBPlugin_predictor/pht/rams_0/mem_i_13__11/O
                         net (fo=106, routed)         0.333     9.335    u_wb/defaultClockArea_cpu/GlobalPredictorBTBPlugin_btb/rams_1/when_WeBattleCommitPlugin_l169
    SLICE_X75Y75         LUT2 (Prop_lut2_I0_O)        0.105     9.440 r  u_wb/defaultClockArea_cpu/GlobalPredictorBTBPlugin_btb/rams_1/ProgramCounterPlugin_backendJumpInterface_rData[5]_i_4/O
                         net (fo=12, routed)          0.949    10.389    u_wb/defaultClockArea_cpu/GlobalPredictorBTBPlugin_predictor/pht/rams_0/ProgramCounterPlugin_backendJumpInterface_rData_reg[5]_0
    SLICE_X69Y57         LUT3 (Prop_lut3_I0_O)        0.105    10.494 r  u_wb/defaultClockArea_cpu/GlobalPredictorBTBPlugin_predictor/pht/rams_0/mem_i_81/O
                         net (fo=48, routed)          0.675    11.169    u_wb/defaultClockArea_cpu/weBattleCheckpointRAS_1/ProgramCounterPlugin_backendJumpInterface_valid
    SLICE_X66Y59         LUT5 (Prop_lut5_I1_O)        0.105    11.274 f  u_wb/defaultClockArea_cpu/weBattleCheckpointRAS_1/mem_i_24__8/O
                         net (fo=28, routed)          0.737    12.011    u_wb/defaultClockArea_cpu/weBattleCheckpointRAS_1/GlobalPredictorBTBPlugin_index[3]
    SLICE_X65Y57         LUT3 (Prop_lut3_I0_O)        0.105    12.116 r  u_wb/defaultClockArea_cpu/weBattleCheckpointRAS_1/mem_i_33__1/O
                         net (fo=10, routed)          0.284    12.400    u_wb/defaultClockArea_cpu/weBattleCheckpointRAS_1/mem_i_33__1_n_0
    SLICE_X64Y58         LUT4 (Prop_lut4_I1_O)        0.105    12.505 r  u_wb/defaultClockArea_cpu/weBattleCheckpointRAS_1/mem_i_32__0/O
                         net (fo=12, routed)          0.524    13.029    u_wb/defaultClockArea_cpu/weBattleCheckpointRAS_1/mem_i_32__0_n_0
    SLICE_X65Y65         LUT3 (Prop_lut3_I1_O)        0.105    13.134 r  u_wb/defaultClockArea_cpu/weBattleCheckpointRAS_1/mem_i_18__6/O
                         net (fo=1, routed)           0.522    13.656    u_wb/defaultClockArea_cpu/GlobalPredictorBTBPlugin_predictor/tournamentPht/rams_1/mem/xpm_memory_base_inst/addrb[6]
    RAMB18_X3Y28         RAMB18E1                                     r  u_wb/defaultClockArea_cpu/GlobalPredictorBTBPlugin_predictor/tournamentPht/rams_1/mem/xpm_memory_base_inst/gen_wr_a.gen_word_narrow.mem_reg/ADDRBWRADDR[10]
  -------------------------------------------------------------------    -------------------

                         (clock aclk rise edge)      10.000    10.000 r  
    L22                                               0.000    10.000 r  aclk (IN)
                         net (fo=0)                   0.000    10.000    aclk
    L22                  IBUF (Prop_ibuf_I_O)         0.762    10.762 r  aclk_IBUF_inst/O
                         net (fo=1, routed)           1.734    12.496    aclk_IBUF
    BUFGCTRL_X0Y0        BUFG (Prop_bufg_I_O)         0.077    12.573 r  aclk_IBUF_BUFG_inst/O
                         net (fo=20456, routed)       1.460    14.033    u_wb/defaultClockArea_cpu/GlobalPredictorBTBPlugin_predictor/tournamentPht/rams_1/mem/xpm_memory_base_inst/clka
    RAMB18_X3Y28         RAMB18E1                                     r  u_wb/defaultClockArea_cpu/GlobalPredictorBTBPlugin_predictor/tournamentPht/rams_1/mem/xpm_memory_base_inst/gen_wr_a.gen_word_narrow.mem_reg/CLKBWRCLK
                         clock pessimism              0.241    14.273    
                         clock uncertainty           -0.035    14.238    
    RAMB18_X3Y28         RAMB18E1 (Setup_ramb18e1_CLKBWRCLK_ADDRBWRADDR[10])
                                                     -0.490    13.748    u_wb/defaultClockArea_cpu/GlobalPredictorBTBPlugin_predictor/tournamentPht/rams_1/mem/xpm_memory_base_inst/gen_wr_a.gen_word_narrow.mem_reg
  -------------------------------------------------------------------
                         required time                         13.748    
                         arrival time                         -13.656    
  -------------------------------------------------------------------
                         slack                                  0.092    





Pulse Width Checks
--------------------------------------------------------------------------------------
Clock Name:         aclk
Waveform(ns):       { 0.000 5.000 }
Period(ns):         10.000
Sources:            { aclk }

Check Type        Corner  Lib Pin             Reference Pin  Required(ns)  Actual(ns)  Slack(ns)  Location      Pin
Min Period        n/a     DSP48E1/CLK         n/a            3.109         10.000      6.891      DSP48_X3Y53   core_top/wb_raw_top/MyCPUCore/multiplier/<hidden>/<hidden>/<hidden>
Min Period        n/a     RAMB36E1/CLKARDCLK  n/a            2.472         10.000      7.528      RAMB36_X0Y12  u_wb/defaultClockArea_axiBuffer/fifo/xpm_fifo_base_inst/gen_sdpram.xpm_memory_base_inst/gen_wr_a.gen_word_narrow.mem_reg_0/CLKARDCLK
Min Period        n/a     RAMB36E1/CLKARDCLK  n/a            2.472         10.000      7.528      RAMB36_X0Y10  u_wb/defaultClockArea_axiBuffer/fifo/xpm_fifo_base_inst/gen_sdpram.xpm_memory_base_inst/gen_wr_a.gen_word_narrow.mem_reg_1/CLKARDCLK
Min Period        n/a     RAMB18E1/CLKARDCLK  n/a            2.472         10.000      7.528      RAMB18_X0Y26  u_wb/defaultClockArea_axiBuffer/fifo/xpm_fifo_base_inst/gen_sdpram.xpm_memory_base_inst/gen_wr_a.gen_word_narrow.mem_reg_2/CLKARDCLK
Min Period        n/a     RAMB36E1/CLKARDCLK  n/a            2.472         10.000      7.528      RAMB36_X0Y11  u_wb/defaultClockArea_cpu/DCachePlugin_dataRAMs_0/mem/xpm_memory_base_inst/gen_wr_a.gen_byte_narrow.for_mem_cols[1].mem_reg/CLKARDCLK
Min Period        n/a     RAMB36E1/CLKARDCLK  n/a            2.472         10.000      7.528      RAMB36_X1Y12  u_wb/defaultClockArea_cpu/DCachePlugin_dataRAMs_1/mem/xpm_memory_base_inst/gen_wr_a.gen_byte_narrow.for_mem_cols[1].mem_reg/CLKARDCLK
Min Period        n/a     RAMB36E1/CLKARDCLK  n/a            2.472         10.000      7.528      RAMB36_X1Y13  u_wb/defaultClockArea_cpu/DCachePlugin_infoRAM/mem/xpm_memory_base_inst/gen_wr_a.gen_word_narrow.mem_reg/CLKARDCLK
Min Period        n/a     RAMB36E1/CLKBWRCLK  n/a            2.472         10.000      7.528      RAMB36_X1Y13  u_wb/defaultClockArea_cpu/DCachePlugin_infoRAM/mem/xpm_memory_base_inst/gen_wr_a.gen_word_narrow.mem_reg/CLKBWRCLK
Min Period        n/a     RAMB36E1/CLKARDCLK  n/a            2.472         10.000      7.528      RAMB36_X3Y13  u_wb/defaultClockArea_cpu/GlobalPredictorBTBPlugin_btb/rams_0/mem/xpm_memory_base_inst/gen_wr_a.gen_word_narrow.mem_reg/CLKARDCLK
Min Period        n/a     RAMB36E1/CLKBWRCLK  n/a            2.472         10.000      7.528      RAMB36_X3Y13  u_wb/defaultClockArea_cpu/GlobalPredictorBTBPlugin_btb/rams_0/mem/xpm_memory_base_inst/gen_wr_a.gen_word_narrow.mem_reg/CLKBWRCLK
Min Period        n/a     RAMB36E1/CLKARDCLK  n/a            2.472         10.000      7.528      RAMB36_X3Y10  u_wb/defaultClockArea_cpu/GlobalPredictorBTBPlugin_btb/rams_1/mem/xpm_memory_base_inst/gen_wr_a.gen_word_narrow.mem_reg/CLKARDCLK
Min Period        n/a     RAMB36E1/CLKBWRCLK  n/a            2.472         10.000      7.528      RAMB36_X3Y10  u_wb/defaultClockArea_cpu/GlobalPredictorBTBPlugin_btb/rams_1/mem/xpm_memory_base_inst/gen_wr_a.gen_word_narrow.mem_reg/CLKBWRCLK
Min Period        n/a     RAMB36E1/CLKARDCLK  n/a            2.472         10.000      7.528      RAMB36_X4Y10  u_wb/defaultClockArea_cpu/GlobalPredictorBTBPlugin_btb/rams_2/mem/xpm_memory_base_inst/gen_wr_a.gen_word_narrow.mem_reg/CLKARDCLK
Min Period        n/a     RAMB36E1/CLKBWRCLK  n/a            2.472         10.000      7.528      RAMB36_X4Y10  u_wb/defaultClockArea_cpu/GlobalPredictorBTBPlugin_btb/rams_2/mem/xpm_memory_base_inst/gen_wr_a.gen_word_narrow.mem_reg/CLKBWRCLK
Min Period        n/a     RAMB36E1/CLKARDCLK  n/a            2.472         10.000      7.528      RAMB36_X3Y15  u_wb/defaultClockArea_cpu/GlobalPredictorBTBPlugin_btb/rams_3/mem/xpm_memory_base_inst/gen_wr_a.gen_word_narrow.mem_reg/CLKARDCLK
Min Period        n/a     RAMB36E1/CLKBWRCLK  n/a            2.472         10.000      7.528      RAMB36_X3Y15  u_wb/defaultClockArea_cpu/GlobalPredictorBTBPlugin_btb/rams_3/mem/xpm_memory_base_inst/gen_wr_a.gen_word_narrow.mem_reg/CLKBWRCLK
Min Period        n/a     RAMB18E1/CLKARDCLK  n/a            2.472         10.000      7.528      RAMB18_X4Y24  u_wb/defaultClockArea_cpu/GlobalPredictorBTBPlugin_predictor/pht/rams_0/mem/xpm_memory_base_inst/gen_wr_a.gen_word_narrow.mem_reg/CLKARDCLK
Min Period        n/a     RAMB18E1/CLKARDCLK  n/a            2.472         10.000      7.528      RAMB18_X4Y26  u_wb/defaultClockArea_cpu/GlobalPredictorBTBPlugin_predictor/pht/rams_1/mem/xpm_memory_base_inst/gen_wr_a.gen_word_narrow.mem_reg/CLKARDCLK
Min Period        n/a     RAMB18E1/CLKARDCLK  n/a            2.472         10.000      7.528      RAMB18_X4Y22  u_wb/defaultClockArea_cpu/GlobalPredictorBTBPlugin_predictor/pht/rams_2/mem/xpm_memory_base_inst/gen_wr_a.gen_word_narrow.mem_reg/CLKARDCLK
Min Period        n/a     RAMB18E1/CLKARDCLK  n/a            2.472         10.000      7.528      RAMB18_X3Y32  u_wb/defaultClockArea_cpu/GlobalPredictorBTBPlugin_predictor/pht/rams_3/mem/xpm_memory_base_inst/gen_wr_a.gen_word_narrow.mem_reg/CLKARDCLK
Low Pulse Width   Slow    SRL16E/CLK          n/a            0.854         5.000       4.146      SLICE_X44Y90  u_wb/defaultClockArea_cpu/MEM_ADDR_to_MEM_MEM1_ISSUE_SLOT_robIdx_reg[0]_srl3/CLK
Low Pulse Width   Fast    SRL16E/CLK          n/a            0.854         5.000       4.146      SLICE_X44Y90  u_wb/defaultClockArea_cpu/MEM_ADDR_to_MEM_MEM1_ISSUE_SLOT_robIdx_reg[0]_srl3/CLK
Low Pulse Width   Slow    SRL16E/CLK          n/a            0.854         5.000       4.146      SLICE_X44Y90  u_wb/defaultClockArea_cpu/MEM_ADDR_to_MEM_MEM1_ISSUE_SLOT_robIdx_reg[1]_srl3/CLK
Low Pulse Width   Fast    SRL16E/CLK          n/a            0.854         5.000       4.146      SLICE_X44Y90  u_wb/defaultClockArea_cpu/MEM_ADDR_to_MEM_MEM1_ISSUE_SLOT_robIdx_reg[1]_srl3/CLK
Low Pulse Width   Slow    SRL16E/CLK          n/a            0.854         5.000       4.146      SLICE_X44Y90  u_wb/defaultClockArea_cpu/MEM_ADDR_to_MEM_MEM1_ISSUE_SLOT_robIdx_reg[2]_srl3/CLK
Low Pulse Width   Fast    SRL16E/CLK          n/a            0.854         5.000       4.146      SLICE_X44Y90  u_wb/defaultClockArea_cpu/MEM_ADDR_to_MEM_MEM1_ISSUE_SLOT_robIdx_reg[2]_srl3/CLK
Low Pulse Width   Slow    SRL16E/CLK          n/a            0.854         5.000       4.146      SLICE_X44Y90  u_wb/defaultClockArea_cpu/MEM_ADDR_to_MEM_MEM1_ISSUE_SLOT_robIdx_reg[3]_srl3/CLK
Low Pulse Width   Fast    SRL16E/CLK          n/a            0.854         5.000       4.146      SLICE_X44Y90  u_wb/defaultClockArea_cpu/MEM_ADDR_to_MEM_MEM1_ISSUE_SLOT_robIdx_reg[3]_srl3/CLK
Low Pulse Width   Slow    SRL16E/CLK          n/a            0.854         5.000       4.146      SLICE_X44Y90  u_wb/defaultClockArea_cpu/MEM_ADDR_to_MEM_MEM1_ISSUE_SLOT_robIdx_reg[4]_srl3/CLK
Low Pulse Width   Fast    SRL16E/CLK          n/a            0.854         5.000       4.146      SLICE_X44Y90  u_wb/defaultClockArea_cpu/MEM_ADDR_to_MEM_MEM1_ISSUE_SLOT_robIdx_reg[4]_srl3/CLK
Low Pulse Width   Slow    SRL16E/CLK          n/a            0.854         5.000       4.146      SLICE_X18Y85  u_wb/defaultClockArea_cpu/MEM_ADDR_to_MEM_MEM1_ISSUE_SLOT_uop_cacheOp_reg[0]_srl3/CLK
Low Pulse Width   Fast    SRL16E/CLK          n/a            0.854         5.000       4.146      SLICE_X18Y85  u_wb/defaultClockArea_cpu/MEM_ADDR_to_MEM_MEM1_ISSUE_SLOT_uop_cacheOp_reg[0]_srl3/CLK
Low Pulse Width   Slow    SRL16E/CLK          n/a            0.854         5.000       4.146      SLICE_X18Y85  u_wb/defaultClockArea_cpu/MEM_ADDR_to_MEM_MEM1_ISSUE_SLOT_uop_cacheOp_reg[1]_srl3/CLK
Low Pulse Width   Fast    SRL16E/CLK          n/a            0.854         5.000       4.146      SLICE_X18Y85  u_wb/defaultClockArea_cpu/MEM_ADDR_to_MEM_MEM1_ISSUE_SLOT_uop_cacheOp_reg[1]_srl3/CLK
Low Pulse Width   Slow    SRL16E/CLK          n/a            0.854         5.000       4.146      SLICE_X42Y86  u_wb/defaultClockArea_cpu/MEM_ADDR_to_MEM_MEM1_ISSUE_SLOT_uop_cacheSel_reg[0]_srl3/CLK
Low Pulse Width   Fast    SRL16E/CLK          n/a            0.854         5.000       4.146      SLICE_X42Y86  u_wb/defaultClockArea_cpu/MEM_ADDR_to_MEM_MEM1_ISSUE_SLOT_uop_cacheSel_reg[0]_srl3/CLK
Low Pulse Width   Slow    SRL16E/CLK          n/a            0.854         5.000       4.146      SLICE_X42Y86  u_wb/defaultClockArea_cpu/MEM_ADDR_to_MEM_MEM1_ISSUE_SLOT_uop_cacheSel_reg[1]_srl3/CLK
Low Pulse Width   Fast    SRL16E/CLK          n/a            0.854         5.000       4.146      SLICE_X42Y86  u_wb/defaultClockArea_cpu/MEM_ADDR_to_MEM_MEM1_ISSUE_SLOT_uop_cacheSel_reg[1]_srl3/CLK
Low Pulse Width   Slow    SRL16E/CLK          n/a            0.854         5.000       4.146      SLICE_X20Y91  u_wb/defaultClockArea_cpu/MEM_ADDR_to_MEM_MEM1_ISSUE_SLOT_uop_isStore_reg_srl3/CLK
Low Pulse Width   Fast    SRL16E/CLK          n/a            0.854         5.000       4.146      SLICE_X20Y91  u_wb/defaultClockArea_cpu/MEM_ADDR_to_MEM_MEM1_ISSUE_SLOT_uop_isStore_reg_srl3/CLK
High Pulse Width  Slow    SRL16E/CLK          n/a            0.854         5.000       4.146      SLICE_X44Y90  u_wb/defaultClockArea_cpu/MEM_ADDR_to_MEM_MEM1_ISSUE_SLOT_robIdx_reg[0]_srl3/CLK
High Pulse Width  Fast    SRL16E/CLK          n/a            0.854         5.000       4.146      SLICE_X44Y90  u_wb/defaultClockArea_cpu/MEM_ADDR_to_MEM_MEM1_ISSUE_SLOT_robIdx_reg[0]_srl3/CLK
High Pulse Width  Slow    SRL16E/CLK          n/a            0.854         5.000       4.146      SLICE_X44Y90  u_wb/defaultClockArea_cpu/MEM_ADDR_to_MEM_MEM1_ISSUE_SLOT_robIdx_reg[1]_srl3/CLK
High Pulse Width  Fast    SRL16E/CLK          n/a            0.854         5.000       4.146      SLICE_X44Y90  u_wb/defaultClockArea_cpu/MEM_ADDR_to_MEM_MEM1_ISSUE_SLOT_robIdx_reg[1]_srl3/CLK
High Pulse Width  Slow    SRL16E/CLK          n/a            0.854         5.000       4.146      SLICE_X44Y90  u_wb/defaultClockArea_cpu/MEM_ADDR_to_MEM_MEM1_ISSUE_SLOT_robIdx_reg[2]_srl3/CLK
High Pulse Width  Fast    SRL16E/CLK          n/a            0.854         5.000       4.146      SLICE_X44Y90  u_wb/defaultClockArea_cpu/MEM_ADDR_to_MEM_MEM1_ISSUE_SLOT_robIdx_reg[2]_srl3/CLK
High Pulse Width  Slow    SRL16E/CLK          n/a            0.854         5.000       4.146      SLICE_X44Y90  u_wb/defaultClockArea_cpu/MEM_ADDR_to_MEM_MEM1_ISSUE_SLOT_robIdx_reg[3]_srl3/CLK
High Pulse Width  Fast    SRL16E/CLK          n/a            0.854         5.000       4.146      SLICE_X44Y90  u_wb/defaultClockArea_cpu/MEM_ADDR_to_MEM_MEM1_ISSUE_SLOT_robIdx_reg[3]_srl3/CLK
High Pulse Width  Slow    SRL16E/CLK          n/a            0.854         5.000       4.146      SLICE_X44Y90  u_wb/defaultClockArea_cpu/MEM_ADDR_to_MEM_MEM1_ISSUE_SLOT_robIdx_reg[4]_srl3/CLK
High Pulse Width  Fast    SRL16E/CLK          n/a            0.854         5.000       4.146      SLICE_X44Y90  u_wb/defaultClockArea_cpu/MEM_ADDR_to_MEM_MEM1_ISSUE_SLOT_robIdx_reg[4]_srl3/CLK
High Pulse Width  Slow    SRL16E/CLK          n/a            0.854         5.000       4.146      SLICE_X18Y85  u_wb/defaultClockArea_cpu/MEM_ADDR_to_MEM_MEM1_ISSUE_SLOT_uop_cacheOp_reg[0]_srl3/CLK
High Pulse Width  Fast    SRL16E/CLK          n/a            0.854         5.000       4.146      SLICE_X18Y85  u_wb/defaultClockArea_cpu/MEM_ADDR_to_MEM_MEM1_ISSUE_SLOT_uop_cacheOp_reg[0]_srl3/CLK
High Pulse Width  Slow    SRL16E/CLK          n/a            0.854         5.000       4.146      SLICE_X18Y85  u_wb/defaultClockArea_cpu/MEM_ADDR_to_MEM_MEM1_ISSUE_SLOT_uop_cacheOp_reg[1]_srl3/CLK
High Pulse Width  Fast    SRL16E/CLK          n/a            0.854         5.000       4.146      SLICE_X18Y85  u_wb/defaultClockArea_cpu/MEM_ADDR_to_MEM_MEM1_ISSUE_SLOT_uop_cacheOp_reg[1]_srl3/CLK
High Pulse Width  Slow    SRL16E/CLK          n/a            0.854         5.000       4.146      SLICE_X42Y86  u_wb/defaultClockArea_cpu/MEM_ADDR_to_MEM_MEM1_ISSUE_SLOT_uop_cacheSel_reg[0]_srl3/CLK
High Pulse Width  Fast    SRL16E/CLK          n/a            0.854         5.000       4.146      SLICE_X42Y86  u_wb/defaultClockArea_cpu/MEM_ADDR_to_MEM_MEM1_ISSUE_SLOT_uop_cacheSel_reg[0]_srl3/CLK
High Pulse Width  Slow    SRL16E/CLK          n/a            0.854         5.000       4.146      SLICE_X42Y86  u_wb/defaultClockArea_cpu/MEM_ADDR_to_MEM_MEM1_ISSUE_SLOT_uop_cacheSel_reg[1]_srl3/CLK
High Pulse Width  Fast    SRL16E/CLK          n/a            0.854         5.000       4.146      SLICE_X42Y86  u_wb/defaultClockArea_cpu/MEM_ADDR_to_MEM_MEM1_ISSUE_SLOT_uop_cacheSel_reg[1]_srl3/CLK
High Pulse Width  Slow    SRL16E/CLK          n/a            0.854         5.000       4.146      SLICE_X20Y91  u_wb/defaultClockArea_cpu/MEM_ADDR_to_MEM_MEM1_ISSUE_SLOT_uop_isStore_reg_srl3/CLK
High Pulse Width  Fast    SRL16E/CLK          n/a            0.854         5.000       4.146      SLICE_X20Y91  u_wb/defaultClockArea_cpu/MEM_ADDR_to_MEM_MEM1_ISSUE_SLOT_uop_isStore_reg_srl3/CLK



