Copyright 1986-2022 Xilinx, Inc. All Rights Reserved. Copyright 2022-2025 Advanced Micro Devices, Inc. All Rights Reserved.
-----------------------------------------------------------------------------------------------------------------------------------------------------------------------------------------
| Tool Version : Vivado v.2025.2 (win64) Build 6299465 Fri Nov 14 19:35:11 GMT 2025
| Date         : Fri Jul 31 19:22:52 2026
| Host         : MM的ThinkBook16p running 64-bit major release  (build 9200)
| Command      : report_timing_summary -delay_type max -max_paths 20 -file D:/NSCSCC2026/WeBattle-Core/reports/WB-N13-DEV/implementation_post_physopt/timing_route_post_physopt_10ns.rpt
| Design       : core_top
| Device       : 7a200t-fbg676
| Speed File   : -2  PRODUCTION 1.23 2018-06-13
| Design State : Routed
-----------------------------------------------------------------------------------------------------------------------------------------------------------------------------------------

Timing Summary Report

------------------------------------------------------------------------------------------------
| Timer Settings
| --------------
------------------------------------------------------------------------------------------------

  Enable Multi Corner Analysis               :  Yes
  Enable Pessimism Removal                   :  Yes
  Pessimism Removal Resolution               :  Nearest Common Node
  Enable Input Delay Default Clock           :  No
  Enable Preset / Clear Arcs                 :  No
  Disable Flight Delays                      :  No
  Ignore I/O Paths                           :  No
  Timing Early Launch at Borrowing Latches   :  No
  Borrow Time for Max Delay Exceptions       :  Yes
  Merge Timing Exceptions                    :  Yes
  Inter-SLR Compensation                     :  Conservative

  Corner  Analyze    Analyze    
  Name    Max Paths  Min Paths  
  ------  ---------  ---------  
  Slow    Yes        Yes        
  Fast    Yes        Yes        


------------------------------------------------------------------------------------------------
| Report Methodology
| ------------------
------------------------------------------------------------------------------------------------

No report available as report_methodology has not been run prior. Run report_methodology on the current design for the summary of methodology violations.



check_timing report

Table of Contents
-----------------
1. checking no_clock (0)
2. checking constant_clock (0)
3. checking pulse_width_clock (0)
4. checking unconstrained_internal_endpoints (0)
5. checking no_input_delay (47)
6. checking no_output_delay (234)
7. checking multiple_clock (0)
8. checking generated_clocks (0)
9. checking loops (0)
10. checking partial_input_delay (0)
11. checking partial_output_delay (0)
12. checking latch_loops (0)

1. checking no_clock (0)
------------------------
 There are 0 register/latch pins with no clock.


2. checking constant_clock (0)
------------------------------
 There are 0 register/latch pins with constant_clock.


3. checking pulse_width_clock (0)
---------------------------------
 There are 0 register/latch pins which need pulse_width check


4. checking unconstrained_internal_endpoints (0)
------------------------------------------------
 There are 0 pins that are not constrained for maximum delay.

 There are 0 pins that are not constrained for maximum delay due to constant clock.


5. checking no_input_delay (47)
-------------------------------
 There are 47 input ports with no input delay specified. (HIGH)

 There are 0 input ports with no input delay but user has a false path constraint.


6. checking no_output_delay (234)
---------------------------------
 There are 234 ports with no output delay specified. (HIGH)

 There are 0 ports with no output delay but user has a false path constraint

 There are 0 ports with no output delay but with a timing clock defined on it or propagating through it


7. checking multiple_clock (0)
------------------------------
 There are 0 register/latch pins with multiple clocks.


8. checking generated_clocks (0)
--------------------------------
 There are 0 generated clocks that are not connected to a clock source.


9. checking loops (0)
---------------------
 There are 0 combinational loops in the design.


10. checking partial_input_delay (0)
------------------------------------
 There are 0 input ports with partial input delay specified.


11. checking partial_output_delay (0)
-------------------------------------
 There are 0 ports with partial output delay specified.


12. checking latch_loops (0)
----------------------------
 There are 0 combinational latch loops in the design through latch input



------------------------------------------------------------------------------------------------
| Design Timing Summary
| ---------------------
------------------------------------------------------------------------------------------------

    WNS(ns)      TNS(ns)  TNS Failing Endpoints  TNS Total Endpoints     WPWS(ns)     TPWS(ns)  TPWS Failing Endpoints  TPWS Total Endpoints  
    -------      -------  ---------------------  -------------------     --------     --------  ----------------------  --------------------  
      0.020        0.000                      0                40112        4.146        0.000                       0                 20606  


All user specified timing constraints are met.


------------------------------------------------------------------------------------------------
| Clock Summary
| -------------
------------------------------------------------------------------------------------------------

Clock  Waveform(ns)       Period(ns)      Frequency(MHz)
-----  ------------       ----------      --------------
aclk   {0.000 5.000}      10.000          100.000         


------------------------------------------------------------------------------------------------
| Intra Clock Table
| -----------------
------------------------------------------------------------------------------------------------

Clock             WNS(ns)      TNS(ns)  TNS Failing Endpoints  TNS Total Endpoints     WPWS(ns)     TPWS(ns)  TPWS Failing Endpoints  TPWS Total Endpoints  
-----             -------      -------  ---------------------  -------------------     --------     --------  ----------------------  --------------------  
aclk                0.020        0.000                      0                40112        4.146        0.000                       0                 20606  


------------------------------------------------------------------------------------------------
| Inter Clock Table
| -----------------
------------------------------------------------------------------------------------------------

From Clock    To Clock          WNS(ns)      TNS(ns)  TNS Failing Endpoints  TNS Total Endpoints  
----------    --------          -------      -------  ---------------------  -------------------  


------------------------------------------------------------------------------------------------
| Other Path Groups Table
| -----------------------
------------------------------------------------------------------------------------------------

Path Group    From Clock    To Clock          WNS(ns)      TNS(ns)  TNS Failing Endpoints  TNS Total Endpoints  
----------    ----------    --------          -------      -------  ---------------------  -------------------  


------------------------------------------------------------------------------------------------
| Timing Details
| --------------
------------------------------------------------------------------------------------------------


---------------------------------------------------------------------------------------------------
From Clock:  aclk
  To Clock:  aclk

Setup :            0  Failing Endpoints,  Worst Slack        0.020ns,  Total Violation        0.000ns
Hold  :           NA  Failing Endpoints,  Worst Slack           NA  ,  Total Violation           NA
PW    :            0  Failing Endpoints,  Worst Slack        4.146ns,  Total Violation        0.000ns
---------------------------------------------------------------------------------------------------


Max Delay Paths
--------------------------------------------------------------------------------------
Slack (MET) :             0.020ns  (required time - arrival time)
  Source:                 u_wb/defaultClockArea_cpu/MEM_MEM1_to_MEM_MEM2_STD_SLOT_valid_reg/C
                            (rising edge-triggered cell FDCE clocked by aclk  {rise@0.000ns fall@5.000ns period=10.000ns})
  Destination:            u_wb/defaultClockArea_cpu/IntIssueQueuePlugin_queue_4_payload_rRegs_0_valid_reg/D
                            (rising edge-triggered cell FDRE clocked by aclk  {rise@0.000ns fall@5.000ns period=10.000ns})
  Path Group:             aclk
  Path Type:              Setup (Max at Slow Process Corner)
  Requirement:            10.000ns  (aclk rise@10.000ns - aclk rise@0.000ns)
  Data Path Delay:        9.449ns  (logic 2.060ns (21.802%)  route 7.389ns (78.198%))
  Logic Levels:           15  (LUT2=1 LUT3=4 LUT5=4 LUT6=6)
  Clock Path Skew:        -0.526ns (DCD - SCD + CPR)
    Destination Clock Delay (DCD):    4.064ns = ( 14.064 - 10.000 ) 
    Source Clock Delay      (SCD):    4.828ns
    Clock Pessimism Removal (CPR):    0.238ns
  Clock Uncertainty:      0.035ns  ((TSJ^2 + TIJ^2)^1/2 + DJ) / 2 + PE
    Total System Jitter     (TSJ):    0.071ns
    Total Input Jitter      (TIJ):    0.000ns
    Discrete Jitter          (DJ):    0.000ns
    Phase Error              (PE):    0.000ns

    Location             Delay type                Incr(ns)  Path(ns)    Netlist Resource(s)
  -------------------------------------------------------------------    -------------------
                         (clock aclk rise edge)       0.000     0.000 r  
    L22                                               0.000     0.000 r  aclk (IN)
                         net (fo=0)                   0.000     0.000    aclk
    L22                  IBUF (Prop_ibuf_I_O)         0.893     0.893 r  aclk_IBUF_inst/O
                         net (fo=1, routed)           1.827     2.720    aclk_IBUF
    BUFGCTRL_X0Y3        BUFG (Prop_bufg_I_O)         0.081     2.801 r  aclk_IBUF_BUFG_inst_replica_2/O
                         net (fo=11, routed)          0.118     2.919    aclk_IBUF_BUFG_repN_2
    BUFGCTRL_X0Y2        BUFG (Prop_bufg_I_O)         0.081     3.000 r  aclk_IBUF_BUFG_inst_replica_1/O
                         net (fo=24, routed)          0.118     3.118    aclk_IBUF_BUFG_repN_1
    BUFGCTRL_X0Y1        BUFG (Prop_bufg_I_O)         0.081     3.199 r  aclk_IBUF_BUFG_inst_replica/O
                         net (fo=71, routed)          1.629     4.828    u_wb/defaultClockArea_cpu/aclk_IBUF_BUFG_repN_alias
    SLICE_X11Y76         FDCE                                         r  u_wb/defaultClockArea_cpu/MEM_MEM1_to_MEM_MEM2_STD_SLOT_valid_reg/C
  -------------------------------------------------------------------    -------------------
    SLICE_X11Y76         FDCE (Prop_fdce_C_Q)         0.348     5.176 r  u_wb/defaultClockArea_cpu/MEM_MEM1_to_MEM_MEM2_STD_SLOT_valid_reg/Q
                         net (fo=124, routed)         0.571     5.747    u_wb/defaultClockArea_cpu/DCachePlugin_dirtyBitsManager/MEM_MEM1_to_MEM_MEM2_STD_SLOT_valid
    SLICE_X12Y76         LUT3 (Prop_lut3_I1_O)        0.242     5.989 r  u_wb/defaultClockArea_cpu/DCachePlugin_dirtyBitsManager/dirtyBits_0[1]_i_2/O
                         net (fo=176, routed)         0.548     6.537    u_wb/defaultClockArea_cpu/DCachePlugin_dataRAMs_1/MEM_MEM2_DCachePlugin_isSTD
    SLICE_X11Y74         LUT6 (Prop_lut6_I2_O)        0.105     6.642 r  u_wb/defaultClockArea_cpu/DCachePlugin_dataRAMs_1/MEM_MEM2_DCachePlugin_cacheRefillFSM_rspId_value[3]_i_4/O
                         net (fo=3, routed)           0.274     6.917    u_wb/defaultClockArea_cpu/DCachePlugin_dataRAMs_1/MEM_MEM1_to_MEM_MEM2_EXCEPTION_OCCURRED_reg
    SLICE_X10Y75         LUT3 (Prop_lut3_I2_O)        0.105     7.022 f  u_wb/defaultClockArea_cpu/DCachePlugin_dataRAMs_1/MEM_MEM2_WeBattleUncachedAccessPlugin_controller_command_be[3]_i_4/O
                         net (fo=2, routed)           0.703     7.724    u_wb/defaultClockArea_cpu/DCachePlugin_dataRAMs_1/MEM_MEM1_to_MEM_MEM2_STD_SLOT_payload_isStore_reg
    SLICE_X11Y76         LUT6 (Prop_lut6_I0_O)        0.105     7.829 f  u_wb/defaultClockArea_cpu/DCachePlugin_dataRAMs_1/MEM_MEM2_WeBattleUncachedAccessPlugin_controller_command_be[3]_i_2/O
                         net (fo=263, routed)         0.682     8.512    u_wb/defaultClockArea_cpu/DCachePlugin_infoRAM/gen_wr_a.gen_word_narrow.mem_reg_2
    SLICE_X10Y86         LUT6 (Prop_lut6_I0_O)        0.105     8.617 f  u_wb/defaultClockArea_cpu/DCachePlugin_infoRAM/mem_i_62__7/O
                         net (fo=31, routed)          0.270     8.887    u_wb/defaultClockArea_cpu/DCachePlugin_infoRAM_n_51
    SLICE_X11Y86         LUT2 (Prop_lut2_I1_O)        0.105     8.992 r  u_wb/defaultClockArea_cpu/MEM_ADDR_to_MEM_MEM1_EXCEPTION_OCCURRED_i_3/O
                         net (fo=19, routed)          0.953     9.945    u_wb/defaultClockArea_cpu/MEM_ADDR_to_MEM_MEM1_EXCEPTION_OCCURRED_i_3_n_0
    SLICE_X36Y94         LUT5 (Prop_lut5_I4_O)        0.105    10.050 r  u_wb/defaultClockArea_cpu/MemIssueQueuePlugin_queue_4_payload_rRegs_0_valid_i_3/O
                         net (fo=64, routed)          0.646    10.696    u_wb/defaultClockArea_cpu/WeBattleMemExecutePlugin_clrBusy_valid
    SLICE_X42Y97         LUT6 (Prop_lut6_I5_O)        0.105    10.801 r  u_wb/defaultClockArea_cpu/MulDivIssueQueuePlugin_queue_1_payload_rRegs_0_valid_i_26/O
                         net (fo=1, routed)           0.387    11.187    u_wb/defaultClockArea_cpu/weBattleMulDivUnit_1/divider/MulDivIssueQueuePlugin_queue_1_payload_rRegs_0_valid_i_8_0
    SLICE_X44Y100        LUT5 (Prop_lut5_I0_O)        0.105    11.292 f  u_wb/defaultClockArea_cpu/weBattleMulDivUnit_1/divider/MulDivIssueQueuePlugin_queue_1_payload_rRegs_0_valid_i_24/O
                         net (fo=1, routed)           0.122    11.414    u_wb/defaultClockArea_cpu/weBattleMulDivUnit_1/divider/MulDivIssueQueuePlugin_queue_1_payload_rRegs_0_valid_i_24_n_0
    SLICE_X44Y100        LUT3 (Prop_lut3_I1_O)        0.105    11.519 r  u_wb/defaultClockArea_cpu/weBattleMulDivUnit_1/divider/MulDivIssueQueuePlugin_queue_1_payload_rRegs_0_valid_i_8/O
                         net (fo=13, routed)          0.537    12.056    u_wb/defaultClockArea_cpu/weBattleMulDivUnit_1/divider/DISPATCH_IntIssueQueuePlugin_pushPorts_2_rRegs_0_valid
    SLICE_X46Y100        LUT5 (Prop_lut5_I1_O)        0.105    12.161 r  u_wb/defaultClockArea_cpu/weBattleMulDivUnit_1/divider/IntIssueQueuePlugin_queue_0_payload_rRegs_0_valid_i_33/O
                         net (fo=6, routed)           0.271    12.432    u_wb/defaultClockArea_cpu/weBattleMulDivUnit_1/divider/IntIssueQueuePlugin_queue_0_payload_rRegs_0_valid_i_33_n_0
    SLICE_X49Y101        LUT3 (Prop_lut3_I0_O)        0.105    12.537 r  u_wb/defaultClockArea_cpu/weBattleMulDivUnit_1/divider/IntIssueQueuePlugin_queue_6_payload_rRegs_0_valid_i_9/O
                         net (fo=1, routed)           0.479    13.015    u_wb/defaultClockArea_cpu/weBattleMulDivUnit_1/divider/IntIssueQueuePlugin_queue_6_payload_rRegs_0_valid_i_9_n_0
    SLICE_X50Y101        LUT5 (Prop_lut5_I4_O)        0.105    13.120 r  u_wb/defaultClockArea_cpu/weBattleMulDivUnit_1/divider/IntIssueQueuePlugin_queue_6_payload_rRegs_0_valid_i_2/O
                         net (fo=4, routed)           0.492    13.612    u_wb/defaultClockArea_cpu/weBattleMulDivUnit_1/divider/IntIssueQueuePlugin_queue_6_payload_rRegs_0_valid_i_2_n_0
    SLICE_X51Y104        LUT6 (Prop_lut6_I1_O)        0.105    13.717 r  u_wb/defaultClockArea_cpu/weBattleMulDivUnit_1/divider/IntIssueQueuePlugin_queue_4_payload_rRegs_0_valid_i_2_comp/O
                         net (fo=1, routed)           0.454    14.171    u_wb/defaultClockArea_cpu/weBattleMulDivUnit_1/divider/IntIssueQueuePlugin_queue_4_payload_rRegs_0_valid_i_2_n_0
    SLICE_X53Y105        LUT6 (Prop_lut6_I0_O)        0.105    14.276 r  u_wb/defaultClockArea_cpu/weBattleMulDivUnit_1/divider/IntIssueQueuePlugin_queue_4_payload_rRegs_0_valid_i_1/O
                         net (fo=1, routed)           0.000    14.276    u_wb/defaultClockArea_cpu/weBattleMulDivUnit_1_n_148
    SLICE_X53Y105        FDRE                                         r  u_wb/defaultClockArea_cpu/IntIssueQueuePlugin_queue_4_payload_rRegs_0_valid_reg/D
  -------------------------------------------------------------------    -------------------

                         (clock aclk rise edge)      10.000    10.000 r  
    L22                                               0.000    10.000 r  aclk (IN)
                         net (fo=0)                   0.000    10.000    aclk
    L22                  IBUF (Prop_ibuf_I_O)         0.762    10.762 r  aclk_IBUF_inst/O
                         net (fo=1, routed)           1.734    12.496    aclk_IBUF
    BUFGCTRL_X0Y3        BUFG (Prop_bufg_I_O)         0.077    12.573 r  aclk_IBUF_BUFG_inst_replica_2/O
                         net (fo=11, routed)          0.112    12.685    aclk_IBUF_BUFG_repN_2
    BUFGCTRL_X0Y2        BUFG (Prop_bufg_I_O)         0.077    12.762 r  aclk_IBUF_BUFG_inst_replica_1/O
                         net (fo=24, routed)          1.302    14.064    u_wb/defaultClockArea_cpu/aclk_IBUF_BUFG_repN_1_alias
    SLICE_X53Y105        FDRE                                         r  u_wb/defaultClockArea_cpu/IntIssueQueuePlugin_queue_4_payload_rRegs_0_valid_reg/C
                         clock pessimism              0.238    14.301    
                         clock uncertainty           -0.035    14.266    
    SLICE_X53Y105        FDRE (Setup_fdre_C_D)        0.030    14.296    u_wb/defaultClockArea_cpu/IntIssueQueuePlugin_queue_4_payload_rRegs_0_valid_reg
  -------------------------------------------------------------------
                         required time                         14.296    
                         arrival time                         -14.276    
  -------------------------------------------------------------------
                         slack                                  0.020    

Slack (MET) :             0.020ns  (required time - arrival time)
  Source:                 u_wb/defaultClockArea_cpu/MEM_MEM1_to_MEM_MEM2_STD_SLOT_valid_reg/C
                            (rising edge-triggered cell FDCE clocked by aclk  {rise@0.000ns fall@5.000ns period=10.000ns})
  Destination:            u_wb/defaultClockArea_cpu/IntIssueQueuePlugin_queue_1_payload_rRegs_1_valid_reg/D
                            (rising edge-triggered cell FDRE clocked by aclk  {rise@0.000ns fall@5.000ns period=10.000ns})
  Path Group:             aclk
  Path Type:              Setup (Max at Slow Process Corner)
  Requirement:            10.000ns  (aclk rise@10.000ns - aclk rise@0.000ns)
  Data Path Delay:        9.494ns  (logic 2.165ns (22.803%)  route 7.329ns (77.197%))
  Logic Levels:           16  (LUT2=1 LUT3=4 LUT5=5 LUT6=6)
  Clock Path Skew:        -0.526ns (DCD - SCD + CPR)
    Destination Clock Delay (DCD):    4.064ns = ( 14.064 - 10.000 ) 
    Source Clock Delay      (SCD):    4.828ns
    Clock Pessimism Removal (CPR):    0.238ns
  Clock Uncertainty:      0.035ns  ((TSJ^2 + TIJ^2)^1/2 + DJ) / 2 + PE
    Total System Jitter     (TSJ):    0.071ns
    Total Input Jitter      (TIJ):    0.000ns
    Discrete Jitter          (DJ):    0.000ns
    Phase Error              (PE):    0.000ns

    Location             Delay type                Incr(ns)  Path(ns)    Netlist Resource(s)
  -------------------------------------------------------------------    -------------------
                         (clock aclk rise edge)       0.000     0.000 r  
    L22                                               0.000     0.000 r  aclk (IN)
                         net (fo=0)                   0.000     0.000    aclk
    L22                  IBUF (Prop_ibuf_I_O)         0.893     0.893 r  aclk_IBUF_inst/O
                         net (fo=1, routed)           1.827     2.720    aclk_IBUF
    BUFGCTRL_X0Y3        BUFG (Prop_bufg_I_O)         0.081     2.801 r  aclk_IBUF_BUFG_inst_replica_2/O
                         net (fo=11, routed)          0.118     2.919    aclk_IBUF_BUFG_repN_2
    BUFGCTRL_X0Y2        BUFG (Prop_bufg_I_O)         0.081     3.000 r  aclk_IBUF_BUFG_inst_replica_1/O
                         net (fo=24, routed)          0.118     3.118    aclk_IBUF_BUFG_repN_1
    BUFGCTRL_X0Y1        BUFG (Prop_bufg_I_O)         0.081     3.199 r  aclk_IBUF_BUFG_inst_replica/O
                         net (fo=71, routed)          1.629     4.828    u_wb/defaultClockArea_cpu/aclk_IBUF_BUFG_repN_alias
    SLICE_X11Y76         FDCE                                         r  u_wb/defaultClockArea_cpu/MEM_MEM1_to_MEM_MEM2_STD_SLOT_valid_reg/C
  -------------------------------------------------------------------    -------------------
    SLICE_X11Y76         FDCE (Prop_fdce_C_Q)         0.348     5.176 r  u_wb/defaultClockArea_cpu/MEM_MEM1_to_MEM_MEM2_STD_SLOT_valid_reg/Q
                         net (fo=124, routed)         0.571     5.747    u_wb/defaultClockArea_cpu/DCachePlugin_dirtyBitsManager/MEM_MEM1_to_MEM_MEM2_STD_SLOT_valid
    SLICE_X12Y76         LUT3 (Prop_lut3_I1_O)        0.242     5.989 r  u_wb/defaultClockArea_cpu/DCachePlugin_dirtyBitsManager/dirtyBits_0[1]_i_2/O
                         net (fo=176, routed)         0.548     6.537    u_wb/defaultClockArea_cpu/DCachePlugin_dataRAMs_1/MEM_MEM2_DCachePlugin_isSTD
    SLICE_X11Y74         LUT6 (Prop_lut6_I2_O)        0.105     6.642 r  u_wb/defaultClockArea_cpu/DCachePlugin_dataRAMs_1/MEM_MEM2_DCachePlugin_cacheRefillFSM_rspId_value[3]_i_4/O
                         net (fo=3, routed)           0.274     6.917    u_wb/defaultClockArea_cpu/DCachePlugin_dataRAMs_1/MEM_MEM1_to_MEM_MEM2_EXCEPTION_OCCURRED_reg
    SLICE_X10Y75         LUT3 (Prop_lut3_I2_O)        0.105     7.022 f  u_wb/defaultClockArea_cpu/DCachePlugin_dataRAMs_1/MEM_MEM2_WeBattleUncachedAccessPlugin_controller_command_be[3]_i_4/O
                         net (fo=2, routed)           0.703     7.724    u_wb/defaultClockArea_cpu/DCachePlugin_dataRAMs_1/MEM_MEM1_to_MEM_MEM2_STD_SLOT_payload_isStore_reg
    SLICE_X11Y76         LUT6 (Prop_lut6_I0_O)        0.105     7.829 f  u_wb/defaultClockArea_cpu/DCachePlugin_dataRAMs_1/MEM_MEM2_WeBattleUncachedAccessPlugin_controller_command_be[3]_i_2/O
                         net (fo=263, routed)         0.682     8.512    u_wb/defaultClockArea_cpu/DCachePlugin_infoRAM/gen_wr_a.gen_word_narrow.mem_reg_2
    SLICE_X10Y86         LUT6 (Prop_lut6_I0_O)        0.105     8.617 f  u_wb/defaultClockArea_cpu/DCachePlugin_infoRAM/mem_i_62__7/O
                         net (fo=31, routed)          0.270     8.887    u_wb/defaultClockArea_cpu/DCachePlugin_infoRAM_n_51
    SLICE_X11Y86         LUT2 (Prop_lut2_I1_O)        0.105     8.992 r  u_wb/defaultClockArea_cpu/MEM_ADDR_to_MEM_MEM1_EXCEPTION_OCCURRED_i_3/O
                         net (fo=19, routed)          0.953     9.945    u_wb/defaultClockArea_cpu/MEM_ADDR_to_MEM_MEM1_EXCEPTION_OCCURRED_i_3_n_0
    SLICE_X36Y94         LUT5 (Prop_lut5_I4_O)        0.105    10.050 r  u_wb/defaultClockArea_cpu/MemIssueQueuePlugin_queue_4_payload_rRegs_0_valid_i_3/O
                         net (fo=64, routed)          0.319    10.369    u_wb/defaultClockArea_cpu/WeBattleMemExecutePlugin_clrBusy_valid
    SLICE_X39Y95         LUT6 (Prop_lut6_I2_O)        0.105    10.474 r  u_wb/defaultClockArea_cpu/MulDivIssueQueuePlugin_queue_0_payload_rRegs_1_valid_i_33/O
                         net (fo=1, routed)           0.405    10.879    u_wb/defaultClockArea_cpu/weBattleMulDivUnit_1/divider/MulDivIssueQueuePlugin_queue_0_payload_rRegs_1_valid_i_16_0
    SLICE_X41Y102        LUT5 (Prop_lut5_I0_O)        0.105    10.984 f  u_wb/defaultClockArea_cpu/weBattleMulDivUnit_1/divider/MulDivIssueQueuePlugin_queue_0_payload_rRegs_1_valid_i_20/O
                         net (fo=1, routed)           0.112    11.096    u_wb/defaultClockArea_cpu/weBattleMulDivUnit_1/divider/MulDivIssueQueuePlugin_queue_0_payload_rRegs_1_valid_i_20_n_0
    SLICE_X41Y102        LUT6 (Prop_lut6_I5_O)        0.105    11.201 r  u_wb/defaultClockArea_cpu/weBattleMulDivUnit_1/divider/MulDivIssueQueuePlugin_queue_0_payload_rRegs_1_valid_i_16/O
                         net (fo=4, routed)           0.483    11.683    u_wb/defaultClockArea_cpu/weBattleMulDivUnit_1/divider/MulDivIssueQueuePlugin_queueIO_pushPorts_0_payload_rRegs_1_valid1
    SLICE_X43Y102        LUT3 (Prop_lut3_I0_O)        0.105    11.788 r  u_wb/defaultClockArea_cpu/weBattleMulDivUnit_1/divider/IntIssueQueuePlugin_queue_0_payload_rRegs_1_valid_i_31/O
                         net (fo=2, routed)           0.566    12.355    u_wb/defaultClockArea_cpu/weBattleMulDivUnit_1/divider/IntIssueQueuePlugin_queue_0_payload_rRegs_1_valid_i_31_n_0
    SLICE_X44Y103        LUT5 (Prop_lut5_I4_O)        0.105    12.460 r  u_wb/defaultClockArea_cpu/weBattleMulDivUnit_1/divider/IntIssueQueuePlugin_queue_0_payload_rRegs_1_valid_i_27/O
                         net (fo=7, routed)           0.490    12.949    u_wb/defaultClockArea_cpu/weBattleMulDivUnit_1/divider/IntIssueQueuePlugin_queue_0_payload_rRegs_1_valid_i_27_n_0
    SLICE_X45Y102        LUT5 (Prop_lut5_I2_O)        0.105    13.054 f  u_wb/defaultClockArea_cpu/weBattleMulDivUnit_1/divider/IntIssueQueuePlugin_queue_0_payload_rRegs_1_valid_i_30/O
                         net (fo=1, routed)           0.234    13.288    u_wb/defaultClockArea_cpu/weBattleMulDivUnit_1/divider/IntIssueQueuePlugin_queue_0_payload_rRegs_1_valid_i_30_n_0
    SLICE_X45Y104        LUT3 (Prop_lut3_I0_O)        0.105    13.393 f  u_wb/defaultClockArea_cpu/weBattleMulDivUnit_1/divider/IntIssueQueuePlugin_queue_0_payload_rRegs_1_valid_i_9/O
                         net (fo=2, routed)           0.376    13.769    u_wb/defaultClockArea_cpu/weBattleMulDivUnit_1/divider/IntIssueQueuePlugin_queue_0_payload_rRegs_1_valid_i_9_n_0
    SLICE_X48Y104        LUT5 (Prop_lut5_I1_O)        0.105    13.874 r  u_wb/defaultClockArea_cpu/weBattleMulDivUnit_1/divider/IntIssueQueuePlugin_queue_1_payload_rRegs_1_valid_i_8/O
                         net (fo=1, routed)           0.343    14.217    u_wb/defaultClockArea_cpu/weBattleMulDivUnit_1/divider/IntIssueQueuePlugin_queue_1_payload_rRegs_1_valid_i_8_n_0
    SLICE_X46Y105        LUT6 (Prop_lut6_I5_O)        0.105    14.322 r  u_wb/defaultClockArea_cpu/weBattleMulDivUnit_1/divider/IntIssueQueuePlugin_queue_1_payload_rRegs_1_valid_i_1_comp/O
                         net (fo=1, routed)           0.000    14.322    u_wb/defaultClockArea_cpu/weBattleMulDivUnit_1_n_152
    SLICE_X46Y105        FDRE                                         r  u_wb/defaultClockArea_cpu/IntIssueQueuePlugin_queue_1_payload_rRegs_1_valid_reg/D
  -------------------------------------------------------------------    -------------------

                         (clock aclk rise edge)      10.000    10.000 r  
    L22                                               0.000    10.000 r  aclk (IN)
                         net (fo=0)                   0.000    10.000    aclk
    L22                  IBUF (Prop_ibuf_I_O)         0.762    10.762 r  aclk_IBUF_inst/O
                         net (fo=1, routed)           1.734    12.496    aclk_IBUF
    BUFGCTRL_X0Y3        BUFG (Prop_bufg_I_O)         0.077    12.573 r  aclk_IBUF_BUFG_inst_replica_2/O
                         net (fo=11, routed)          0.112    12.685    aclk_IBUF_BUFG_repN_2
    BUFGCTRL_X0Y2        BUFG (Prop_bufg_I_O)         0.077    12.762 r  aclk_IBUF_BUFG_inst_replica_1/O
                         net (fo=24, routed)          1.302    14.064    u_wb/defaultClockArea_cpu/aclk_IBUF_BUFG_repN_1_alias
    SLICE_X46Y105        FDRE                                         r  u_wb/defaultClockArea_cpu/IntIssueQueuePlugin_queue_1_payload_rRegs_1_valid_reg/C
                         clock pessimism              0.238    14.301    
                         clock uncertainty           -0.035    14.266    
    SLICE_X46Y105        FDRE (Setup_fdre_C_D)        0.076    14.342    u_wb/defaultClockArea_cpu/IntIssueQueuePlugin_queue_1_payload_rRegs_1_valid_reg
  -------------------------------------------------------------------
                         required time                         14.342    
                         arrival time                         -14.322    
  -------------------------------------------------------------------
                         slack                                  0.020    

Slack (MET) :             0.034ns  (required time - arrival time)
  Source:                 u_wb/defaultClockArea_cpu/weBattleFetchQueue_1/head_reg[1]/C
                            (rising edge-triggered cell FDCE clocked by aclk  {rise@0.000ns fall@5.000ns period=10.000ns})
  Destination:            u_wb/defaultClockArea_cpu/ID_to_RENAME_DECODE_PACKET_2_payload_except_payload_code_reg[1]/D
                            (rising edge-triggered cell FDSE clocked by aclk  {rise@0.000ns fall@5.000ns period=10.000ns})
  Path Group:             aclk
  Path Type:              Setup (Max at Slow Process Corner)
  Requirement:            10.000ns  (aclk rise@10.000ns - aclk rise@0.000ns)
  Data Path Delay:        10.123ns  (logic 2.295ns (22.671%)  route 7.828ns (77.329%))
  Logic Levels:           12  (LUT2=1 LUT4=3 LUT5=5 LUT6=2 MUXF7=1)
  Clock Path Skew:        0.116ns (DCD - SCD + CPR)
    Destination Clock Delay (DCD):    4.728ns = ( 14.728 - 10.000 ) 
    Source Clock Delay      (SCD):    4.943ns
    Clock Pessimism Removal (CPR):    0.331ns
  Clock Uncertainty:      0.035ns  ((TSJ^2 + TIJ^2)^1/2 + DJ) / 2 + PE
    Total System Jitter     (TSJ):    0.071ns
    Total Input Jitter      (TIJ):    0.000ns
    Discrete Jitter          (DJ):    0.000ns
    Phase Error              (PE):    0.000ns

    Location             Delay type                Incr(ns)  Path(ns)    Netlist Resource(s)
  -------------------------------------------------------------------    -------------------
                         (clock aclk rise edge)       0.000     0.000 r  
    L22                                               0.000     0.000 r  aclk (IN)
                         net (fo=0)                   0.000     0.000    aclk
    L22                  IBUF (Prop_ibuf_I_O)         0.893     0.893 r  aclk_IBUF_inst/O
                         net (fo=1, routed)           1.827     2.720    aclk_IBUF
    BUFGCTRL_X0Y3        BUFG (Prop_bufg_I_O)         0.081     2.801 r  aclk_IBUF_BUFG_inst_replica_2/O
                         net (fo=11, routed)          0.118     2.919    aclk_IBUF_BUFG_repN_2
    BUFGCTRL_X0Y2        BUFG (Prop_bufg_I_O)         0.081     3.000 r  aclk_IBUF_BUFG_inst_replica_1/O
                         net (fo=24, routed)          0.118     3.118    aclk_IBUF_BUFG_repN_1
    BUFGCTRL_X0Y1        BUFG (Prop_bufg_I_O)         0.081     3.199 r  aclk_IBUF_BUFG_inst_replica/O
                         net (fo=71, routed)          0.118     3.317    aclk_IBUF_BUFG_repN
    BUFGCTRL_X0Y0        BUFG (Prop_bufg_I_O)         0.081     3.398 r  aclk_IBUF_BUFG_inst/O
                         net (fo=20502, routed)       1.545     4.943    u_wb/defaultClockArea_cpu/weBattleFetchQueue_1/aclk_IBUF_BUFG
    SLICE_X46Y68         FDCE                                         r  u_wb/defaultClockArea_cpu/weBattleFetchQueue_1/head_reg[1]/C
  -------------------------------------------------------------------    -------------------
    SLICE_X46Y68         FDCE (Prop_fdce_C_Q)         0.433     5.376 r  u_wb/defaultClockArea_cpu/weBattleFetchQueue_1/head_reg[1]/Q
                         net (fo=134, routed)         1.341     6.717    u_wb/defaultClockArea_cpu/weBattleFetchQueue_1/head[1]
    SLICE_X27Y59         LUT6 (Prop_lut6_I2_O)        0.105     6.822 f  u_wb/defaultClockArea_cpu/weBattleFetchQueue_1/ID_to_RENAME_DECODE_PACKET_2_payload_inst[31]_i_2/O
                         net (fo=1, routed)           0.000     6.822    u_wb/defaultClockArea_cpu/weBattleFetchQueue_1/ID_to_RENAME_DECODE_PACKET_2_payload_inst[31]_i_2_n_0
    SLICE_X27Y59         MUXF7 (Prop_muxf7_I0_O)      0.178     7.000 f  u_wb/defaultClockArea_cpu/weBattleFetchQueue_1/ID_to_RENAME_DECODE_PACKET_2_payload_inst_reg[31]_i_1/O
                         net (fo=16, routed)          1.794     8.793    u_wb/defaultClockArea_cpu/weBattleFetchQueue_1/head_reg[2]_rep_5[31]
    SLICE_X9Y84          LUT5 (Prop_lut5_I2_O)        0.268     9.061 r  u_wb/defaultClockArea_cpu/weBattleFetchQueue_1/ID_to_RENAME_DECODE_PACKET_2_payload_isWait_i_3/O
                         net (fo=20, routed)          0.846     9.907    u_wb/defaultClockArea_cpu/weBattleFetchQueue_1/ID_to_RENAME_DECODE_PACKET_2_payload_isWait_i_3_n_0
    SLICE_X4Y81          LUT4 (Prop_lut4_I3_O)        0.268    10.175 f  u_wb/defaultClockArea_cpu/weBattleFetchQueue_1/ID_to_RENAME_DECODE_PACKET_2_payload_isErtn_i_5/O
                         net (fo=3, routed)           0.472    10.647    u_wb/defaultClockArea_cpu/weBattleFetchQueue_1/ID_to_RENAME_DECODE_PACKET_2_payload_isErtn_i_5_n_0
    SLICE_X7Y81          LUT5 (Prop_lut5_I4_O)        0.105    10.752 r  u_wb/defaultClockArea_cpu/weBattleFetchQueue_1/ID_to_RENAME_DECODE_PACKET_2_payload_isErtn_i_2/O
                         net (fo=3, routed)           0.655    11.407    u_wb/defaultClockArea_cpu/weBattleFetchQueue_1/ID_to_RENAME_DECODE_PACKET_2_payload_isErtn_i_2_n_0
    SLICE_X11Y82         LUT5 (Prop_lut5_I0_O)        0.105    11.512 r  u_wb/defaultClockArea_cpu/weBattleFetchQueue_1/ID_to_RENAME_DECODE_PACKET_2_payload_except_payload_code[5]_i_22/O
                         net (fo=2, routed)           0.534    12.045    u_wb/defaultClockArea_cpu/weBattleFetchQueue_1/ID_to_RENAME_DECODE_PACKET_2_payload_except_payload_code[5]_i_22_n_0
    SLICE_X7Y82          LUT4 (Prop_lut4_I0_O)        0.105    12.150 r  u_wb/defaultClockArea_cpu/weBattleFetchQueue_1/ID_to_RENAME_DECODE_PACKET_2_payload_except_payload_code[5]_i_13/O
                         net (fo=2, routed)           0.630    12.781    u_wb/defaultClockArea_cpu/weBattleFetchQueue_1/ID_to_RENAME_DECODE_PACKET_2_payload_except_payload_code[5]_i_13_n_0
    SLICE_X6Y82          LUT2 (Prop_lut2_I0_O)        0.127    12.908 r  u_wb/defaultClockArea_cpu/weBattleFetchQueue_1/ID_to_RENAME_DECODE_PACKET_2_payload_except_payload_code[5]_i_7/O
                         net (fo=3, routed)           0.483    13.391    u_wb/defaultClockArea_cpu/weBattleFetchQueue_1/ID_to_RENAME_DECODE_PACKET_2_payload_except_payload_code[5]_i_7_n_0
    SLICE_X5Y82          LUT6 (Prop_lut6_I0_O)        0.286    13.677 r  u_wb/defaultClockArea_cpu/weBattleFetchQueue_1/ID_to_RENAME_DECODE_PACKET_2_payload_except_payload_code[5]_i_27/O
                         net (fo=1, routed)           0.267    13.944    u_wb/defaultClockArea_cpu/weBattleFetchQueue_1/ID_to_RENAME_DECODE_PACKET_2_payload_except_payload_code[5]_i_27_n_0
    SLICE_X4Y82          LUT5 (Prop_lut5_I4_O)        0.105    14.049 f  u_wb/defaultClockArea_cpu/weBattleFetchQueue_1/ID_to_RENAME_DECODE_PACKET_2_payload_except_payload_code[5]_i_19/O
                         net (fo=3, routed)           0.468    14.516    u_wb/defaultClockArea_cpu/weBattleFetchQueue_1/ID_to_RENAME_DECODE_PACKET_2_payload_except_payload_code[5]_i_19_n_0
    SLICE_X6Y81          LUT4 (Prop_lut4_I3_O)        0.105    14.621 f  u_wb/defaultClockArea_cpu/weBattleFetchQueue_1/ID_to_RENAME_DECODE_PACKET_2_payload_except_payload_code[2]_i_2/O
                         net (fo=3, routed)           0.339    14.961    u_wb/defaultClockArea_cpu/weBattleFetchQueue_1/ID_to_RENAME_DECODE_PACKET_2_payload_except_payload_code[2]_i_2_n_0
    SLICE_X6Y80          LUT5 (Prop_lut5_I2_O)        0.105    15.066 r  u_wb/defaultClockArea_cpu/weBattleFetchQueue_1/ID_to_RENAME_DECODE_PACKET_2_payload_except_payload_code[1]_i_1/O
                         net (fo=1, routed)           0.000    15.066    u_wb/defaultClockArea_cpu/ID_DecoderArray_decoders_2_uop_except_payload_code[1]
    SLICE_X6Y80          FDSE                                         r  u_wb/defaultClockArea_cpu/ID_to_RENAME_DECODE_PACKET_2_payload_except_payload_code_reg[1]/D
  -------------------------------------------------------------------    -------------------

                         (clock aclk rise edge)      10.000    10.000 r  
    L22                                               0.000    10.000 r  aclk (IN)
                         net (fo=0)                   0.000    10.000    aclk
    L22                  IBUF (Prop_ibuf_I_O)         0.762    10.762 r  aclk_IBUF_inst/O
                         net (fo=1, routed)           1.734    12.496    aclk_IBUF
    BUFGCTRL_X0Y3        BUFG (Prop_bufg_I_O)         0.077    12.573 r  aclk_IBUF_BUFG_inst_replica_2/O
                         net (fo=11, routed)          0.112    12.685    aclk_IBUF_BUFG_repN_2
    BUFGCTRL_X0Y2        BUFG (Prop_bufg_I_O)         0.077    12.762 r  aclk_IBUF_BUFG_inst_replica_1/O
                         net (fo=24, routed)          0.112    12.874    aclk_IBUF_BUFG_repN_1
    BUFGCTRL_X0Y1        BUFG (Prop_bufg_I_O)         0.077    12.951 r  aclk_IBUF_BUFG_inst_replica/O
                         net (fo=71, routed)          0.112    13.063    aclk_IBUF_BUFG_repN
    BUFGCTRL_X0Y0        BUFG (Prop_bufg_I_O)         0.077    13.140 r  aclk_IBUF_BUFG_inst/O
                         net (fo=20502, routed)       1.588    14.728    u_wb/defaultClockArea_cpu/aclk_IBUF_BUFG
    SLICE_X6Y80          FDSE                                         r  u_wb/defaultClockArea_cpu/ID_to_RENAME_DECODE_PACKET_2_payload_except_payload_code_reg[1]/C
                         clock pessimism              0.331    15.059    
                         clock uncertainty           -0.035    15.023    
    SLICE_X6Y80          FDSE (Setup_fdse_C_D)        0.076    15.099    u_wb/defaultClockArea_cpu/ID_to_RENAME_DECODE_PACKET_2_payload_except_payload_code_reg[1]
  -------------------------------------------------------------------
                         required time                         15.099    
                         arrival time                         -15.066    
  -------------------------------------------------------------------
                         slack                                  0.034    

Slack (MET) :             0.034ns  (required time - arrival time)
  Source:                 u_wb/defaultClockArea_cpu/IntIssueQueuePlugin_queue_4_valid_reg/C
                            (rising edge-triggered cell FDCE clocked by aclk  {rise@0.000ns fall@5.000ns period=10.000ns})
  Destination:            u_wb/defaultClockArea_cpu/IntIssueQueuePlugin_queue_1_payload_rRegs_0_valid_reg/D
                            (rising edge-triggered cell FDRE clocked by aclk  {rise@0.000ns fall@5.000ns period=10.000ns})
  Path Group:             aclk
  Path Type:              Setup (Max at Slow Process Corner)
  Requirement:            10.000ns  (aclk rise@10.000ns - aclk rise@0.000ns)
  Data Path Delay:        10.081ns  (logic 1.693ns (16.793%)  route 8.388ns (83.207%))
  Logic Levels:           12  (LUT2=1 LUT5=2 LUT6=9)
  Clock Path Skew:        0.079ns (DCD - SCD + CPR)
    Destination Clock Delay (DCD):    4.442ns = ( 14.442 - 10.000 ) 
    Source Clock Delay      (SCD):    4.610ns
    Clock Pessimism Removal (CPR):    0.248ns
  Clock Uncertainty:      0.035ns  ((TSJ^2 + TIJ^2)^1/2 + DJ) / 2 + PE
    Total System Jitter     (TSJ):    0.071ns
    Total Input Jitter      (TIJ):    0.000ns
    Discrete Jitter          (DJ):    0.000ns
    Phase Error              (PE):    0.000ns

    Location             Delay type                Incr(ns)  Path(ns)    Netlist Resource(s)
  -------------------------------------------------------------------    -------------------
                         (clock aclk rise edge)       0.000     0.000 r  
    L22                                               0.000     0.000 r  aclk (IN)
                         net (fo=0)                   0.000     0.000    aclk
    L22                  IBUF (Prop_ibuf_I_O)         0.893     0.893 r  aclk_IBUF_inst/O
                         net (fo=1, routed)           1.827     2.720    aclk_IBUF
    BUFGCTRL_X0Y3        BUFG (Prop_bufg_I_O)         0.081     2.801 r  aclk_IBUF_BUFG_inst_replica_2/O
                         net (fo=11, routed)          0.118     2.919    aclk_IBUF_BUFG_repN_2
    BUFGCTRL_X0Y2        BUFG (Prop_bufg_I_O)         0.081     3.000 r  aclk_IBUF_BUFG_inst_replica_1/O
                         net (fo=24, routed)          0.118     3.118    aclk_IBUF_BUFG_repN_1
    BUFGCTRL_X0Y1        BUFG (Prop_bufg_I_O)         0.081     3.199 r  aclk_IBUF_BUFG_inst_replica/O
                         net (fo=71, routed)          1.412     4.610    u_wb/defaultClockArea_cpu/aclk_IBUF_BUFG_repN_alias
    SLICE_X52Y101        FDCE                                         r  u_wb/defaultClockArea_cpu/IntIssueQueuePlugin_queue_4_valid_reg/C
  -------------------------------------------------------------------    -------------------
    SLICE_X52Y101        FDCE (Prop_fdce_C_Q)         0.433     5.043 f  u_wb/defaultClockArea_cpu/IntIssueQueuePlugin_queue_4_valid_reg/Q
                         net (fo=19, routed)          0.892     5.935    u_wb/defaultClockArea_cpu/weBattleFetchQueue_1/RENAME_to_DISPATCH_DECODE_PACKET_0_payload_fuType_reg[0]_1
    SLICE_X48Y99         LUT6 (Prop_lut6_I5_O)        0.105     6.040 r  u_wb/defaultClockArea_cpu/weBattleFetchQueue_1/RENAME_to_DISPATCH_DECODE_PACKET_0_payload_inst[25]_i_6/O
                         net (fo=5, routed)           0.430     6.471    u_wb/defaultClockArea_cpu/weBattleFetchQueue_1/IntIssueQueuePlugin_queue_2_valid_reg
    SLICE_X49Y99         LUT6 (Prop_lut6_I0_O)        0.105     6.576 r  u_wb/defaultClockArea_cpu/weBattleFetchQueue_1/RENAME_to_DISPATCH_DECODE_PACKET_0_payload_inst[25]_i_2/O
                         net (fo=6, routed)           0.678     7.254    u_wb/defaultClockArea_cpu/weBattleFetchQueue_1/IntIssueQueuePlugin_queue_6_valid_reg
    SLICE_X48Y97         LUT5 (Prop_lut5_I2_O)        0.105     7.359 f  u_wb/defaultClockArea_cpu/weBattleFetchQueue_1/RENAME_to_DISPATCH_DECODE_PACKET_0_payload_inst[25]_i_5/O
                         net (fo=6, routed)           0.355     7.715    u_wb/defaultClockArea_cpu/weBattleFetchQueue_1_n_134
    SLICE_X49Y98         LUT6 (Prop_lut6_I1_O)        0.105     7.820 r  u_wb/defaultClockArea_cpu/IntIssueQueuePlugin_queue_0_payload_uop_inst[25]_i_16/O
                         net (fo=33, routed)          0.630     8.450    u_wb/defaultClockArea_cpu/IntIssueQueuePlugin_queue_0_payload_uop_inst[25]_i_16_n_0
    SLICE_X51Y97         LUT6 (Prop_lut6_I3_O)        0.105     8.555 f  u_wb/defaultClockArea_cpu/IntIssueQueuePlugin_queue_5_payload_uop_inst[25]_i_12/O
                         net (fo=7, routed)           0.651     9.206    u_wb/defaultClockArea_cpu/IntIssueQueuePlugin_queue_5_payload_uop_inst[25]_i_12_n_0
    SLICE_X53Y100        LUT6 (Prop_lut6_I0_O)        0.105     9.311 r  u_wb/defaultClockArea_cpu/IntIssueQueuePlugin_queue_0_payload_wReg[5]_i_10/O
                         net (fo=23, routed)          1.395    10.706    u_wb/defaultClockArea_cpu/IntIssueQueuePlugin_queue_0_payload_wReg[5]_i_10_n_0
    SLICE_X64Y114        LUT6 (Prop_lut6_I4_O)        0.105    10.811 r  u_wb/defaultClockArea_cpu/IntIssueQueuePlugin_queue_1_payload_rRegs_0_payload[2]_i_3/O
                         net (fo=1, routed)           0.552    11.364    u_wb/defaultClockArea_cpu/IntIssueQueuePlugin_queue_1_payload_rRegs_0_payload[2]_i_3_n_0
    SLICE_X64Y114        LUT5 (Prop_lut5_I0_O)        0.105    11.469 r  u_wb/defaultClockArea_cpu/IntIssueQueuePlugin_queue_1_payload_rRegs_0_payload[2]_i_2/O
                         net (fo=9, routed)           1.190    12.659    u_wb/defaultClockArea_cpu/_zz_IntIssueQueuePlugin_queue_1_payload_rRegs_0_payload_1[2]
    SLICE_X55Y104        LUT6 (Prop_lut6_I5_O)        0.105    12.764 f  u_wb/defaultClockArea_cpu/IntIssueQueuePlugin_queue_1_payload_rRegs_0_valid_i_24/O
                         net (fo=1, routed)           0.507    13.270    u_wb/defaultClockArea_cpu/IntIssueQueuePlugin_queue_1_payload_rRegs_0_valid_i_24_n_0
    SLICE_X55Y104        LUT6 (Prop_lut6_I3_O)        0.105    13.375 r  u_wb/defaultClockArea_cpu/IntIssueQueuePlugin_queue_1_payload_rRegs_0_valid_i_5/O
                         net (fo=1, routed)           0.580    13.956    u_wb/defaultClockArea_cpu/weBattleMulDivUnit_1/divider/IntIssueQueuePlugin_queue_1_payload_rRegs_0_valid_reg_1
    SLICE_X51Y101        LUT2 (Prop_lut2_I1_O)        0.105    14.061 r  u_wb/defaultClockArea_cpu/weBattleMulDivUnit_1/divider/IntIssueQueuePlugin_queue_1_payload_rRegs_0_valid_i_2_comp/O
                         net (fo=1, routed)           0.526    14.587    u_wb/defaultClockArea_cpu/weBattleMulDivUnit_1/divider/IntIssueQueuePlugin_queue_1_payload_rRegs_0_valid_i_2_n_0
    SLICE_X52Y102        LUT6 (Prop_lut6_I4_O)        0.105    14.692 r  u_wb/defaultClockArea_cpu/weBattleMulDivUnit_1/divider/IntIssueQueuePlugin_queue_1_payload_rRegs_0_valid_i_1_comp/O
                         net (fo=1, routed)           0.000    14.692    u_wb/defaultClockArea_cpu/weBattleMulDivUnit_1_n_153
    SLICE_X52Y102        FDRE                                         r  u_wb/defaultClockArea_cpu/IntIssueQueuePlugin_queue_1_payload_rRegs_0_valid_reg/D
  -------------------------------------------------------------------    -------------------

                         (clock aclk rise edge)      10.000    10.000 r  
    L22                                               0.000    10.000 r  aclk (IN)
                         net (fo=0)                   0.000    10.000    aclk
    L22                  IBUF (Prop_ibuf_I_O)         0.762    10.762 r  aclk_IBUF_inst/O
                         net (fo=1, routed)           1.734    12.496    aclk_IBUF
    BUFGCTRL_X0Y3        BUFG (Prop_bufg_I_O)         0.077    12.573 r  aclk_IBUF_BUFG_inst_replica_2/O
                         net (fo=11, routed)          0.112    12.685    aclk_IBUF_BUFG_repN_2
    BUFGCTRL_X0Y2        BUFG (Prop_bufg_I_O)         0.077    12.762 r  aclk_IBUF_BUFG_inst_replica_1/O
                         net (fo=24, routed)          0.112    12.874    aclk_IBUF_BUFG_repN_1
    BUFGCTRL_X0Y1        BUFG (Prop_bufg_I_O)         0.077    12.951 r  aclk_IBUF_BUFG_inst_replica/O
                         net (fo=71, routed)          0.112    13.063    aclk_IBUF_BUFG_repN
    BUFGCTRL_X0Y0        BUFG (Prop_bufg_I_O)         0.077    13.140 r  aclk_IBUF_BUFG_inst/O
                         net (fo=20502, routed)       1.302    14.442    u_wb/defaultClockArea_cpu/aclk_IBUF_BUFG
    SLICE_X52Y102        FDRE                                         r  u_wb/defaultClockArea_cpu/IntIssueQueuePlugin_queue_1_payload_rRegs_0_valid_reg/C
                         clock pessimism              0.248    14.689    
                         clock uncertainty           -0.035    14.654    
    SLICE_X52Y102        FDRE (Setup_fdre_C_D)        0.072    14.726    u_wb/defaultClockArea_cpu/IntIssueQueuePlugin_queue_1_payload_rRegs_0_valid_reg
  -------------------------------------------------------------------
                         required time                         14.726    
                         arrival time                         -14.692    
  -------------------------------------------------------------------
                         slack                                  0.034    

Slack (MET) :             0.037ns  (required time - arrival time)
  Source:                 u_wb/defaultClockArea_cpu/weBattleFetchQueue_1/head_reg[1]/C
                            (rising edge-triggered cell FDCE clocked by aclk  {rise@0.000ns fall@5.000ns period=10.000ns})
  Destination:            u_wb/defaultClockArea_cpu/ID_to_RENAME_DECODE_PACKET_2_payload_except_payload_code_reg[0]/D
                            (rising edge-triggered cell FDRE clocked by aclk  {rise@0.000ns fall@5.000ns period=10.000ns})
  Path Group:             aclk
  Path Type:              Setup (Max at Slow Process Corner)
  Requirement:            10.000ns  (aclk rise@10.000ns - aclk rise@0.000ns)
  Data Path Delay:        10.116ns  (logic 2.295ns (22.687%)  route 7.821ns (77.313%))
  Logic Levels:           12  (LUT2=1 LUT4=3 LUT5=4 LUT6=3 MUXF7=1)
  Clock Path Skew:        0.116ns (DCD - SCD + CPR)
    Destination Clock Delay (DCD):    4.728ns = ( 14.728 - 10.000 ) 
    Source Clock Delay      (SCD):    4.943ns
    Clock Pessimism Removal (CPR):    0.331ns
  Clock Uncertainty:      0.035ns  ((TSJ^2 + TIJ^2)^1/2 + DJ) / 2 + PE
    Total System Jitter     (TSJ):    0.071ns
    Total Input Jitter      (TIJ):    0.000ns
    Discrete Jitter          (DJ):    0.000ns
    Phase Error              (PE):    0.000ns

    Location             Delay type                Incr(ns)  Path(ns)    Netlist Resource(s)
  -------------------------------------------------------------------    -------------------
                         (clock aclk rise edge)       0.000     0.000 r  
    L22                                               0.000     0.000 r  aclk (IN)
                         net (fo=0)                   0.000     0.000    aclk
    L22                  IBUF (Prop_ibuf_I_O)         0.893     0.893 r  aclk_IBUF_inst/O
                         net (fo=1, routed)           1.827     2.720    aclk_IBUF
    BUFGCTRL_X0Y3        BUFG (Prop_bufg_I_O)         0.081     2.801 r  aclk_IBUF_BUFG_inst_replica_2/O
                         net (fo=11, routed)          0.118     2.919    aclk_IBUF_BUFG_repN_2
    BUFGCTRL_X0Y2        BUFG (Prop_bufg_I_O)         0.081     3.000 r  aclk_IBUF_BUFG_inst_replica_1/O
                         net (fo=24, routed)          0.118     3.118    aclk_IBUF_BUFG_repN_1
    BUFGCTRL_X0Y1        BUFG (Prop_bufg_I_O)         0.081     3.199 r  aclk_IBUF_BUFG_inst_replica/O
                         net (fo=71, routed)          0.118     3.317    aclk_IBUF_BUFG_repN
    BUFGCTRL_X0Y0        BUFG (Prop_bufg_I_O)         0.081     3.398 r  aclk_IBUF_BUFG_inst/O
                         net (fo=20502, routed)       1.545     4.943    u_wb/defaultClockArea_cpu/weBattleFetchQueue_1/aclk_IBUF_BUFG
    SLICE_X46Y68         FDCE                                         r  u_wb/defaultClockArea_cpu/weBattleFetchQueue_1/head_reg[1]/C
  -------------------------------------------------------------------    -------------------
    SLICE_X46Y68         FDCE (Prop_fdce_C_Q)         0.433     5.376 r  u_wb/defaultClockArea_cpu/weBattleFetchQueue_1/head_reg[1]/Q
                         net (fo=134, routed)         1.341     6.717    u_wb/defaultClockArea_cpu/weBattleFetchQueue_1/head[1]
    SLICE_X27Y59         LUT6 (Prop_lut6_I2_O)        0.105     6.822 r  u_wb/defaultClockArea_cpu/weBattleFetchQueue_1/ID_to_RENAME_DECODE_PACKET_2_payload_inst[31]_i_2/O
                         net (fo=1, routed)           0.000     6.822    u_wb/defaultClockArea_cpu/weBattleFetchQueue_1/ID_to_RENAME_DECODE_PACKET_2_payload_inst[31]_i_2_n_0
    SLICE_X27Y59         MUXF7 (Prop_muxf7_I0_O)      0.178     7.000 r  u_wb/defaultClockArea_cpu/weBattleFetchQueue_1/ID_to_RENAME_DECODE_PACKET_2_payload_inst_reg[31]_i_1/O
                         net (fo=16, routed)          1.794     8.793    u_wb/defaultClockArea_cpu/weBattleFetchQueue_1/head_reg[2]_rep_5[31]
    SLICE_X9Y84          LUT5 (Prop_lut5_I2_O)        0.268     9.061 f  u_wb/defaultClockArea_cpu/weBattleFetchQueue_1/ID_to_RENAME_DECODE_PACKET_2_payload_isWait_i_3/O
                         net (fo=20, routed)          0.846     9.907    u_wb/defaultClockArea_cpu/weBattleFetchQueue_1/ID_to_RENAME_DECODE_PACKET_2_payload_isWait_i_3_n_0
    SLICE_X4Y81          LUT4 (Prop_lut4_I3_O)        0.268    10.175 r  u_wb/defaultClockArea_cpu/weBattleFetchQueue_1/ID_to_RENAME_DECODE_PACKET_2_payload_isErtn_i_5/O
                         net (fo=3, routed)           0.472    10.647    u_wb/defaultClockArea_cpu/weBattleFetchQueue_1/ID_to_RENAME_DECODE_PACKET_2_payload_isErtn_i_5_n_0
    SLICE_X7Y81          LUT5 (Prop_lut5_I4_O)        0.105    10.752 f  u_wb/defaultClockArea_cpu/weBattleFetchQueue_1/ID_to_RENAME_DECODE_PACKET_2_payload_isErtn_i_2/O
                         net (fo=3, routed)           0.655    11.407    u_wb/defaultClockArea_cpu/weBattleFetchQueue_1/ID_to_RENAME_DECODE_PACKET_2_payload_isErtn_i_2_n_0
    SLICE_X11Y82         LUT5 (Prop_lut5_I0_O)        0.105    11.512 f  u_wb/defaultClockArea_cpu/weBattleFetchQueue_1/ID_to_RENAME_DECODE_PACKET_2_payload_except_payload_code[5]_i_22/O
                         net (fo=2, routed)           0.534    12.045    u_wb/defaultClockArea_cpu/weBattleFetchQueue_1/ID_to_RENAME_DECODE_PACKET_2_payload_except_payload_code[5]_i_22_n_0
    SLICE_X7Y82          LUT4 (Prop_lut4_I0_O)        0.105    12.150 f  u_wb/defaultClockArea_cpu/weBattleFetchQueue_1/ID_to_RENAME_DECODE_PACKET_2_payload_except_payload_code[5]_i_13/O
                         net (fo=2, routed)           0.630    12.781    u_wb/defaultClockArea_cpu/weBattleFetchQueue_1/ID_to_RENAME_DECODE_PACKET_2_payload_except_payload_code[5]_i_13_n_0
    SLICE_X6Y82          LUT2 (Prop_lut2_I0_O)        0.127    12.908 f  u_wb/defaultClockArea_cpu/weBattleFetchQueue_1/ID_to_RENAME_DECODE_PACKET_2_payload_except_payload_code[5]_i_7/O
                         net (fo=3, routed)           0.483    13.391    u_wb/defaultClockArea_cpu/weBattleFetchQueue_1/ID_to_RENAME_DECODE_PACKET_2_payload_except_payload_code[5]_i_7_n_0
    SLICE_X5Y82          LUT6 (Prop_lut6_I0_O)        0.286    13.677 f  u_wb/defaultClockArea_cpu/weBattleFetchQueue_1/ID_to_RENAME_DECODE_PACKET_2_payload_except_payload_code[5]_i_27/O
                         net (fo=1, routed)           0.267    13.944    u_wb/defaultClockArea_cpu/weBattleFetchQueue_1/ID_to_RENAME_DECODE_PACKET_2_payload_except_payload_code[5]_i_27_n_0
    SLICE_X4Y82          LUT5 (Prop_lut5_I4_O)        0.105    14.049 r  u_wb/defaultClockArea_cpu/weBattleFetchQueue_1/ID_to_RENAME_DECODE_PACKET_2_payload_except_payload_code[5]_i_19/O
                         net (fo=3, routed)           0.468    14.516    u_wb/defaultClockArea_cpu/weBattleFetchQueue_1/ID_to_RENAME_DECODE_PACKET_2_payload_except_payload_code[5]_i_19_n_0
    SLICE_X6Y81          LUT4 (Prop_lut4_I3_O)        0.105    14.621 r  u_wb/defaultClockArea_cpu/weBattleFetchQueue_1/ID_to_RENAME_DECODE_PACKET_2_payload_except_payload_code[2]_i_2/O
                         net (fo=3, routed)           0.332    14.954    u_wb/defaultClockArea_cpu/weBattleFetchQueue_1/ID_to_RENAME_DECODE_PACKET_2_payload_except_payload_code[2]_i_2_n_0
    SLICE_X6Y80          LUT6 (Prop_lut6_I5_O)        0.105    15.059 r  u_wb/defaultClockArea_cpu/weBattleFetchQueue_1/ID_to_RENAME_DECODE_PACKET_2_payload_except_payload_code[0]_i_1/O
                         net (fo=1, routed)           0.000    15.059    u_wb/defaultClockArea_cpu/ID_DecoderArray_decoders_2_uop_except_payload_code[0]
    SLICE_X6Y80          FDRE                                         r  u_wb/defaultClockArea_cpu/ID_to_RENAME_DECODE_PACKET_2_payload_except_payload_code_reg[0]/D
  -------------------------------------------------------------------    -------------------

                         (clock aclk rise edge)      10.000    10.000 r  
    L22                                               0.000    10.000 r  aclk (IN)
                         net (fo=0)                   0.000    10.000    aclk
    L22                  IBUF (Prop_ibuf_I_O)         0.762    10.762 r  aclk_IBUF_inst/O
                         net (fo=1, routed)           1.734    12.496    aclk_IBUF
    BUFGCTRL_X0Y3        BUFG (Prop_bufg_I_O)         0.077    12.573 r  aclk_IBUF_BUFG_inst_replica_2/O
                         net (fo=11, routed)          0.112    12.685    aclk_IBUF_BUFG_repN_2
    BUFGCTRL_X0Y2        BUFG (Prop_bufg_I_O)         0.077    12.762 r  aclk_IBUF_BUFG_inst_replica_1/O
                         net (fo=24, routed)          0.112    12.874    aclk_IBUF_BUFG_repN_1
    BUFGCTRL_X0Y1        BUFG (Prop_bufg_I_O)         0.077    12.951 r  aclk_IBUF_BUFG_inst_replica/O
                         net (fo=71, routed)          0.112    13.063    aclk_IBUF_BUFG_repN
    BUFGCTRL_X0Y0        BUFG (Prop_bufg_I_O)         0.077    13.140 r  aclk_IBUF_BUFG_inst/O
                         net (fo=20502, routed)       1.588    14.728    u_wb/defaultClockArea_cpu/aclk_IBUF_BUFG
    SLICE_X6Y80          FDRE                                         r  u_wb/defaultClockArea_cpu/ID_to_RENAME_DECODE_PACKET_2_payload_except_payload_code_reg[0]/C
                         clock pessimism              0.331    15.059    
                         clock uncertainty           -0.035    15.023    
    SLICE_X6Y80          FDRE (Setup_fdre_C_D)        0.072    15.095    u_wb/defaultClockArea_cpu/ID_to_RENAME_DECODE_PACKET_2_payload_except_payload_code_reg[0]
  -------------------------------------------------------------------
                         required time                         15.095    
                         arrival time                         -15.059    
  -------------------------------------------------------------------
                         slack                                  0.037    

Slack (MET) :             0.040ns  (required time - arrival time)
  Source:                 u_wb/defaultClockArea_cpu/INT2_EXE_to_INT2_WB_WRITE_REG_payload_reg[3]/C
                            (rising edge-triggered cell FDRE clocked by aclk  {rise@0.000ns fall@5.000ns period=10.000ns})
  Destination:            u_wb/defaultClockArea_cpu/INT1_EXE_to_INT1_WB_EXE_RESULT_reg[23]/D
                            (rising edge-triggered cell FDRE clocked by aclk  {rise@0.000ns fall@5.000ns period=10.000ns})
  Path Group:             aclk
  Path Type:              Setup (Max at Slow Process Corner)
  Requirement:            10.000ns  (aclk rise@10.000ns - aclk rise@0.000ns)
  Data Path Delay:        9.877ns  (logic 3.005ns (30.425%)  route 6.872ns (69.575%))
  Logic Levels:           16  (CARRY4=6 LUT2=1 LUT4=1 LUT5=2 LUT6=6)
  Clock Path Skew:        -0.033ns (DCD - SCD + CPR)
    Destination Clock Delay (DCD):    4.428ns = ( 14.428 - 10.000 ) 
    Source Clock Delay      (SCD):    4.784ns
    Clock Pessimism Removal (CPR):    0.324ns
  Clock Uncertainty:      0.035ns  ((TSJ^2 + TIJ^2)^1/2 + DJ) / 2 + PE
    Total System Jitter     (TSJ):    0.071ns
    Total Input Jitter      (TIJ):    0.000ns
    Discrete Jitter          (DJ):    0.000ns
    Phase Error              (PE):    0.000ns

    Location             Delay type                Incr(ns)  Path(ns)    Netlist Resource(s)
  -------------------------------------------------------------------    -------------------
                         (clock aclk rise edge)       0.000     0.000 r  
    L22                                               0.000     0.000 r  aclk (IN)
                         net (fo=0)                   0.000     0.000    aclk
    L22                  IBUF (Prop_ibuf_I_O)         0.893     0.893 r  aclk_IBUF_inst/O
                         net (fo=1, routed)           1.827     2.720    aclk_IBUF
    BUFGCTRL_X0Y3        BUFG (Prop_bufg_I_O)         0.081     2.801 r  aclk_IBUF_BUFG_inst_replica_2/O
                         net (fo=11, routed)          0.118     2.919    aclk_IBUF_BUFG_repN_2
    BUFGCTRL_X0Y2        BUFG (Prop_bufg_I_O)         0.081     3.000 r  aclk_IBUF_BUFG_inst_replica_1/O
                         net (fo=24, routed)          0.118     3.118    aclk_IBUF_BUFG_repN_1
    BUFGCTRL_X0Y1        BUFG (Prop_bufg_I_O)         0.081     3.199 r  aclk_IBUF_BUFG_inst_replica/O
                         net (fo=71, routed)          0.118     3.317    aclk_IBUF_BUFG_repN
    BUFGCTRL_X0Y0        BUFG (Prop_bufg_I_O)         0.081     3.398 r  aclk_IBUF_BUFG_inst/O
                         net (fo=20502, routed)       1.387     4.784    u_wb/defaultClockArea_cpu/aclk_IBUF_BUFG
    SLICE_X64Y126        FDRE                                         r  u_wb/defaultClockArea_cpu/INT2_EXE_to_INT2_WB_WRITE_REG_payload_reg[3]/C
  -------------------------------------------------------------------    -------------------
    SLICE_X64Y126        FDRE (Prop_fdre_C_Q)         0.433     5.217 r  u_wb/defaultClockArea_cpu/INT2_EXE_to_INT2_WB_WRITE_REG_payload_reg[3]/Q
                         net (fo=55, routed)          1.053     6.270    u_wb/defaultClockArea_cpu/INT2_EXE_to_INT2_WB_WRITE_REG_payload[3]
    SLICE_X61Y125        LUT6 (Prop_lut6_I0_O)        0.105     6.375 f  u_wb/defaultClockArea_cpu/INT1_EXE_to_INT1_WB_EXE_RESULT[31]_i_64/O
                         net (fo=1, routed)           0.710     7.085    u_wb/defaultClockArea_cpu/INT1_EXE_to_INT1_WB_EXE_RESULT[31]_i_64_n_0
    SLICE_X63Y125        LUT2 (Prop_lut2_I1_O)        0.123     7.208 f  u_wb/defaultClockArea_cpu/INT1_EXE_to_INT1_WB_EXE_RESULT[31]_i_59/O
                         net (fo=1, routed)           0.459     7.667    u_wb/defaultClockArea_cpu/when_BypassNetworkPlugin_l36_21
    SLICE_X62Y125        LUT6 (Prop_lut6_I0_O)        0.274     7.941 r  u_wb/defaultClockArea_cpu/INT1_EXE_to_INT1_WB_EXE_RESULT[31]_i_46/O
                         net (fo=32, routed)          0.530     8.471    u_wb/defaultClockArea_cpu/INT1_EXE_to_INT1_WB_EXE_RESULT[31]_i_46_n_0
    SLICE_X63Y123        LUT6 (Prop_lut6_I1_O)        0.105     8.576 r  u_wb/defaultClockArea_cpu/INT1_EXE_to_INT1_WB_EXE_RESULT[3]_i_28/O
                         net (fo=1, routed)           0.352     8.927    u_wb/defaultClockArea_cpu/INT1_EXE_to_INT1_WB_EXE_RESULT[3]_i_28_n_0
    SLICE_X62Y120        LUT6 (Prop_lut6_I0_O)        0.105     9.032 r  u_wb/defaultClockArea_cpu/INT1_EXE_to_INT1_WB_EXE_RESULT[3]_i_17/O
                         net (fo=16, routed)          0.757     9.789    u_wb/defaultClockArea_cpu/INT1_EXE_IntExecutePlugin_aluSrc1[0]
    SLICE_X46Y119        LUT6 (Prop_lut6_I0_O)        0.105     9.894 r  u_wb/defaultClockArea_cpu/INT1_EXE_to_INT1_WB_EXE_RESULT[3]_i_21/O
                         net (fo=1, routed)           0.614    10.508    u_wb/defaultClockArea_cpu/INT1_EXE_to_INT1_WB_EXE_RESULT[3]_i_21_n_0
    SLICE_X44Y118        CARRY4 (Prop_carry4_S[0]_CO[3])
                                                      0.528    11.036 r  u_wb/defaultClockArea_cpu/INT1_EXE_to_INT1_WB_EXE_RESULT_reg[3]_i_8/CO[3]
                         net (fo=1, routed)           0.000    11.036    u_wb/defaultClockArea_cpu/INT1_EXE_to_INT1_WB_EXE_RESULT_reg[3]_i_8_n_0
    SLICE_X44Y119        CARRY4 (Prop_carry4_CI_CO[3])
                                                      0.100    11.136 r  u_wb/defaultClockArea_cpu/INT1_EXE_to_INT1_WB_EXE_RESULT_reg[7]_i_8/CO[3]
                         net (fo=1, routed)           0.000    11.136    u_wb/defaultClockArea_cpu/INT1_EXE_to_INT1_WB_EXE_RESULT_reg[7]_i_8_n_0
    SLICE_X44Y120        CARRY4 (Prop_carry4_CI_CO[3])
                                                      0.100    11.236 r  u_wb/defaultClockArea_cpu/INT1_EXE_to_INT1_WB_EXE_RESULT_reg[11]_i_8/CO[3]
                         net (fo=1, routed)           0.000    11.236    u_wb/defaultClockArea_cpu/INT1_EXE_to_INT1_WB_EXE_RESULT_reg[11]_i_8_n_0
    SLICE_X44Y121        CARRY4 (Prop_carry4_CI_CO[3])
                                                      0.100    11.336 r  u_wb/defaultClockArea_cpu/INT1_EXE_to_INT1_WB_EXE_RESULT_reg[15]_i_8/CO[3]
                         net (fo=1, routed)           0.000    11.336    u_wb/defaultClockArea_cpu/INT1_EXE_to_INT1_WB_EXE_RESULT_reg[15]_i_8_n_0
    SLICE_X44Y122        CARRY4 (Prop_carry4_CI_CO[3])
                                                      0.100    11.436 r  u_wb/defaultClockArea_cpu/INT1_EXE_to_INT1_WB_EXE_RESULT_reg[19]_i_8/CO[3]
                         net (fo=1, routed)           0.000    11.436    u_wb/defaultClockArea_cpu/INT1_EXE_to_INT1_WB_EXE_RESULT_reg[19]_i_8_n_0
    SLICE_X44Y123        CARRY4 (Prop_carry4_CI_O[3])
                                                      0.262    11.698 r  u_wb/defaultClockArea_cpu/INT1_EXE_to_INT1_WB_EXE_RESULT_reg[23]_i_8/O[3]
                         net (fo=2, routed)           0.602    12.300    u_wb/defaultClockArea_cpu/INT1_EXE_to_INT1_WB_EXE_RESULT_reg[23]_i_8_n_4
    SLICE_X39Y127        LUT6 (Prop_lut6_I1_O)        0.250    12.550 r  u_wb/defaultClockArea_cpu/INT1_EXE_to_INT1_WB_EXE_RESULT[23]_i_5/O
                         net (fo=1, routed)           0.348    12.898    u_wb/defaultClockArea_cpu/INT1_EXE_to_INT1_WB_EXE_RESULT[23]_i_5_n_0
    SLICE_X39Y130        LUT4 (Prop_lut4_I0_O)        0.105    13.003 r  u_wb/defaultClockArea_cpu/INT1_EXE_to_INT1_WB_EXE_RESULT[23]_i_3/O
                         net (fo=1, routed)           0.431    13.434    u_wb/defaultClockArea_cpu/INT1_EXE_to_INT1_WB_EXE_RESULT[23]_i_3_n_0
    SLICE_X39Y127        LUT5 (Prop_lut5_I2_O)        0.105    13.539 r  u_wb/defaultClockArea_cpu/INT1_EXE_to_INT1_WB_EXE_RESULT[23]_i_2/O
                         net (fo=1, routed)           0.450    13.989    u_wb/defaultClockArea_cpu/INT1_EXE_to_INT1_WB_EXE_RESULT[23]_i_2_n_0
    SLICE_X40Y125        LUT5 (Prop_lut5_I4_O)        0.105    14.094 r  u_wb/defaultClockArea_cpu/INT1_EXE_to_INT1_WB_EXE_RESULT[23]_i_1/O
                         net (fo=1, routed)           0.567    14.661    u_wb/defaultClockArea_cpu/INT1_EXE_to_INT1_WB_EXE_RESULT[23]_i_1_n_0
    SLICE_X42Y126        FDRE                                         r  u_wb/defaultClockArea_cpu/INT1_EXE_to_INT1_WB_EXE_RESULT_reg[23]/D
  -------------------------------------------------------------------    -------------------

                         (clock aclk rise edge)      10.000    10.000 r  
    L22                                               0.000    10.000 r  aclk (IN)
                         net (fo=0)                   0.000    10.000    aclk
    L22                  IBUF (Prop_ibuf_I_O)         0.762    10.762 r  aclk_IBUF_inst/O
                         net (fo=1, routed)           1.734    12.496    aclk_IBUF
    BUFGCTRL_X0Y3        BUFG (Prop_bufg_I_O)         0.077    12.573 r  aclk_IBUF_BUFG_inst_replica_2/O
                         net (fo=11, routed)          0.112    12.685    aclk_IBUF_BUFG_repN_2
    BUFGCTRL_X0Y2        BUFG (Prop_bufg_I_O)         0.077    12.762 r  aclk_IBUF_BUFG_inst_replica_1/O
                         net (fo=24, routed)          0.112    12.874    aclk_IBUF_BUFG_repN_1
    BUFGCTRL_X0Y1        BUFG (Prop_bufg_I_O)         0.077    12.951 r  aclk_IBUF_BUFG_inst_replica/O
                         net (fo=71, routed)          0.112    13.063    aclk_IBUF_BUFG_repN
    BUFGCTRL_X0Y0        BUFG (Prop_bufg_I_O)         0.077    13.140 r  aclk_IBUF_BUFG_inst/O
                         net (fo=20502, routed)       1.288    14.428    u_wb/defaultClockArea_cpu/aclk_IBUF_BUFG
    SLICE_X42Y126        FDRE                                         r  u_wb/defaultClockArea_cpu/INT1_EXE_to_INT1_WB_EXE_RESULT_reg[23]/C
                         clock pessimism              0.324    14.751    
                         clock uncertainty           -0.035    14.716    
    SLICE_X42Y126        FDRE (Setup_fdre_C_D)       -0.015    14.701    u_wb/defaultClockArea_cpu/INT1_EXE_to_INT1_WB_EXE_RESULT_reg[23]
  -------------------------------------------------------------------
                         required time                         14.701    
                         arrival time                         -14.661    
  -------------------------------------------------------------------
                         slack                                  0.040    

Slack (MET) :             0.040ns  (required time - arrival time)
  Source:                 u_wb/defaultClockArea_cpu/weBattleFetchQueue_1/head_reg[1]/C
                            (rising edge-triggered cell FDCE clocked by aclk  {rise@0.000ns fall@5.000ns period=10.000ns})
  Destination:            u_wb/defaultClockArea_cpu/ID_to_RENAME_DECODE_PACKET_2_payload_except_payload_code_reg[3]/D
                            (rising edge-triggered cell FDSE clocked by aclk  {rise@0.000ns fall@5.000ns period=10.000ns})
  Path Group:             aclk
  Path Type:              Setup (Max at Slow Process Corner)
  Requirement:            10.000ns  (aclk rise@10.000ns - aclk rise@0.000ns)
  Data Path Delay:        10.114ns  (logic 2.295ns (22.691%)  route 7.819ns (77.309%))
  Logic Levels:           12  (LUT2=1 LUT3=1 LUT4=2 LUT5=4 LUT6=3 MUXF7=1)
  Clock Path Skew:        0.116ns (DCD - SCD + CPR)
    Destination Clock Delay (DCD):    4.728ns = ( 14.728 - 10.000 ) 
    Source Clock Delay      (SCD):    4.943ns
    Clock Pessimism Removal (CPR):    0.331ns
  Clock Uncertainty:      0.035ns  ((TSJ^2 + TIJ^2)^1/2 + DJ) / 2 + PE
    Total System Jitter     (TSJ):    0.071ns
    Total Input Jitter      (TIJ):    0.000ns
    Discrete Jitter          (DJ):    0.000ns
    Phase Error              (PE):    0.000ns

    Location             Delay type                Incr(ns)  Path(ns)    Netlist Resource(s)
  -------------------------------------------------------------------    -------------------
                         (clock aclk rise edge)       0.000     0.000 r  
    L22                                               0.000     0.000 r  aclk (IN)
                         net (fo=0)                   0.000     0.000    aclk
    L22                  IBUF (Prop_ibuf_I_O)         0.893     0.893 r  aclk_IBUF_inst/O
                         net (fo=1, routed)           1.827     2.720    aclk_IBUF
    BUFGCTRL_X0Y3        BUFG (Prop_bufg_I_O)         0.081     2.801 r  aclk_IBUF_BUFG_inst_replica_2/O
                         net (fo=11, routed)          0.118     2.919    aclk_IBUF_BUFG_repN_2
    BUFGCTRL_X0Y2        BUFG (Prop_bufg_I_O)         0.081     3.000 r  aclk_IBUF_BUFG_inst_replica_1/O
                         net (fo=24, routed)          0.118     3.118    aclk_IBUF_BUFG_repN_1
    BUFGCTRL_X0Y1        BUFG (Prop_bufg_I_O)         0.081     3.199 r  aclk_IBUF_BUFG_inst_replica/O
                         net (fo=71, routed)          0.118     3.317    aclk_IBUF_BUFG_repN
    BUFGCTRL_X0Y0        BUFG (Prop_bufg_I_O)         0.081     3.398 r  aclk_IBUF_BUFG_inst/O
                         net (fo=20502, routed)       1.545     4.943    u_wb/defaultClockArea_cpu/weBattleFetchQueue_1/aclk_IBUF_BUFG
    SLICE_X46Y68         FDCE                                         r  u_wb/defaultClockArea_cpu/weBattleFetchQueue_1/head_reg[1]/C
  -------------------------------------------------------------------    -------------------
    SLICE_X46Y68         FDCE (Prop_fdce_C_Q)         0.433     5.376 r  u_wb/defaultClockArea_cpu/weBattleFetchQueue_1/head_reg[1]/Q
                         net (fo=134, routed)         1.341     6.717    u_wb/defaultClockArea_cpu/weBattleFetchQueue_1/head[1]
    SLICE_X27Y59         LUT6 (Prop_lut6_I2_O)        0.105     6.822 r  u_wb/defaultClockArea_cpu/weBattleFetchQueue_1/ID_to_RENAME_DECODE_PACKET_2_payload_inst[31]_i_2/O
                         net (fo=1, routed)           0.000     6.822    u_wb/defaultClockArea_cpu/weBattleFetchQueue_1/ID_to_RENAME_DECODE_PACKET_2_payload_inst[31]_i_2_n_0
    SLICE_X27Y59         MUXF7 (Prop_muxf7_I0_O)      0.178     7.000 r  u_wb/defaultClockArea_cpu/weBattleFetchQueue_1/ID_to_RENAME_DECODE_PACKET_2_payload_inst_reg[31]_i_1/O
                         net (fo=16, routed)          1.794     8.793    u_wb/defaultClockArea_cpu/weBattleFetchQueue_1/head_reg[2]_rep_5[31]
    SLICE_X9Y84          LUT5 (Prop_lut5_I2_O)        0.268     9.061 f  u_wb/defaultClockArea_cpu/weBattleFetchQueue_1/ID_to_RENAME_DECODE_PACKET_2_payload_isWait_i_3/O
                         net (fo=20, routed)          0.846     9.907    u_wb/defaultClockArea_cpu/weBattleFetchQueue_1/ID_to_RENAME_DECODE_PACKET_2_payload_isWait_i_3_n_0
    SLICE_X4Y81          LUT4 (Prop_lut4_I3_O)        0.268    10.175 r  u_wb/defaultClockArea_cpu/weBattleFetchQueue_1/ID_to_RENAME_DECODE_PACKET_2_payload_isErtn_i_5/O
                         net (fo=3, routed)           0.472    10.647    u_wb/defaultClockArea_cpu/weBattleFetchQueue_1/ID_to_RENAME_DECODE_PACKET_2_payload_isErtn_i_5_n_0
    SLICE_X7Y81          LUT5 (Prop_lut5_I4_O)        0.105    10.752 f  u_wb/defaultClockArea_cpu/weBattleFetchQueue_1/ID_to_RENAME_DECODE_PACKET_2_payload_isErtn_i_2/O
                         net (fo=3, routed)           0.655    11.407    u_wb/defaultClockArea_cpu/weBattleFetchQueue_1/ID_to_RENAME_DECODE_PACKET_2_payload_isErtn_i_2_n_0
    SLICE_X11Y82         LUT5 (Prop_lut5_I0_O)        0.105    11.512 f  u_wb/defaultClockArea_cpu/weBattleFetchQueue_1/ID_to_RENAME_DECODE_PACKET_2_payload_except_payload_code[5]_i_22/O
                         net (fo=2, routed)           0.534    12.045    u_wb/defaultClockArea_cpu/weBattleFetchQueue_1/ID_to_RENAME_DECODE_PACKET_2_payload_except_payload_code[5]_i_22_n_0
    SLICE_X7Y82          LUT4 (Prop_lut4_I0_O)        0.105    12.150 f  u_wb/defaultClockArea_cpu/weBattleFetchQueue_1/ID_to_RENAME_DECODE_PACKET_2_payload_except_payload_code[5]_i_13/O
                         net (fo=2, routed)           0.630    12.781    u_wb/defaultClockArea_cpu/weBattleFetchQueue_1/ID_to_RENAME_DECODE_PACKET_2_payload_except_payload_code[5]_i_13_n_0
    SLICE_X6Y82          LUT2 (Prop_lut2_I0_O)        0.127    12.908 f  u_wb/defaultClockArea_cpu/weBattleFetchQueue_1/ID_to_RENAME_DECODE_PACKET_2_payload_except_payload_code[5]_i_7/O
                         net (fo=3, routed)           0.483    13.391    u_wb/defaultClockArea_cpu/weBattleFetchQueue_1/ID_to_RENAME_DECODE_PACKET_2_payload_except_payload_code[5]_i_7_n_0
    SLICE_X5Y82          LUT6 (Prop_lut6_I0_O)        0.286    13.677 f  u_wb/defaultClockArea_cpu/weBattleFetchQueue_1/ID_to_RENAME_DECODE_PACKET_2_payload_except_payload_code[5]_i_27/O
                         net (fo=1, routed)           0.267    13.944    u_wb/defaultClockArea_cpu/weBattleFetchQueue_1/ID_to_RENAME_DECODE_PACKET_2_payload_except_payload_code[5]_i_27_n_0
    SLICE_X4Y82          LUT5 (Prop_lut5_I4_O)        0.105    14.049 r  u_wb/defaultClockArea_cpu/weBattleFetchQueue_1/ID_to_RENAME_DECODE_PACKET_2_payload_except_payload_code[5]_i_19/O
                         net (fo=3, routed)           0.348    14.396    u_wb/defaultClockArea_cpu/weBattleFetchQueue_1/ID_to_RENAME_DECODE_PACKET_2_payload_except_payload_code[5]_i_19_n_0
    SLICE_X4Y81          LUT6 (Prop_lut6_I5_O)        0.105    14.501 r  u_wb/defaultClockArea_cpu/weBattleFetchQueue_1/ID_to_RENAME_DECODE_PACKET_2_payload_except_payload_code[5]_i_8/O
                         net (fo=3, routed)           0.451    14.952    u_wb/defaultClockArea_cpu/weBattleFetchQueue_1/ID_DecoderArray_decoders_2_uop_except_valid
    SLICE_X6Y80          LUT3 (Prop_lut3_I0_O)        0.105    15.057 r  u_wb/defaultClockArea_cpu/weBattleFetchQueue_1/ID_to_RENAME_DECODE_PACKET_2_payload_except_payload_code[3]_i_1/O
                         net (fo=1, routed)           0.000    15.057    u_wb/defaultClockArea_cpu/ID_DecoderArray_decoders_2_uop_except_payload_code[3]
    SLICE_X6Y80          FDSE                                         r  u_wb/defaultClockArea_cpu/ID_to_RENAME_DECODE_PACKET_2_payload_except_payload_code_reg[3]/D
  -------------------------------------------------------------------    -------------------

                         (clock aclk rise edge)      10.000    10.000 r  
    L22                                               0.000    10.000 r  aclk (IN)
                         net (fo=0)                   0.000    10.000    aclk
    L22                  IBUF (Prop_ibuf_I_O)         0.762    10.762 r  aclk_IBUF_inst/O
                         net (fo=1, routed)           1.734    12.496    aclk_IBUF
    BUFGCTRL_X0Y3        BUFG (Prop_bufg_I_O)         0.077    12.573 r  aclk_IBUF_BUFG_inst_replica_2/O
                         net (fo=11, routed)          0.112    12.685    aclk_IBUF_BUFG_repN_2
    BUFGCTRL_X0Y2        BUFG (Prop_bufg_I_O)         0.077    12.762 r  aclk_IBUF_BUFG_inst_replica_1/O
                         net (fo=24, routed)          0.112    12.874    aclk_IBUF_BUFG_repN_1
    BUFGCTRL_X0Y1        BUFG (Prop_bufg_I_O)         0.077    12.951 r  aclk_IBUF_BUFG_inst_replica/O
                         net (fo=71, routed)          0.112    13.063    aclk_IBUF_BUFG_repN
    BUFGCTRL_X0Y0        BUFG (Prop_bufg_I_O)         0.077    13.140 r  aclk_IBUF_BUFG_inst/O
                         net (fo=20502, routed)       1.588    14.728    u_wb/defaultClockArea_cpu/aclk_IBUF_BUFG
    SLICE_X6Y80          FDSE                                         r  u_wb/defaultClockArea_cpu/ID_to_RENAME_DECODE_PACKET_2_payload_except_payload_code_reg[3]/C
                         clock pessimism              0.331    15.059    
                         clock uncertainty           -0.035    15.023    
    SLICE_X6Y80          FDSE (Setup_fdse_C_D)        0.074    15.097    u_wb/defaultClockArea_cpu/ID_to_RENAME_DECODE_PACKET_2_payload_except_payload_code_reg[3]
  -------------------------------------------------------------------
                         required time                         15.097    
                         arrival time                         -15.057    
  -------------------------------------------------------------------
                         slack                                  0.040    

Slack (MET) :             0.043ns  (required time - arrival time)
  Source:                 u_wb/defaultClockArea_cpu/ID_to_RENAME_DECODE_PACKET_0_payload_wbAddr_reg[2]/C
                            (rising edge-triggered cell FDRE clocked by aclk  {rise@0.000ns fall@5.000ns period=10.000ns})
  Destination:            u_wb/defaultClockArea_cpu/PhysRegFilePlugin_busys_51_reg/D
                            (rising edge-triggered cell FDCE clocked by aclk  {rise@0.000ns fall@5.000ns period=10.000ns})
  Path Group:             aclk
  Path Type:              Setup (Max at Slow Process Corner)
  Requirement:            10.000ns  (aclk rise@10.000ns - aclk rise@0.000ns)
  Data Path Delay:        9.738ns  (logic 2.019ns (20.733%)  route 7.719ns (79.267%))
  Logic Levels:           12  (LUT2=2 LUT3=2 LUT5=1 LUT6=6 MUXF7=1)
  Clock Path Skew:        -0.255ns (DCD - SCD + CPR)
    Destination Clock Delay (DCD):    4.512ns = ( 14.512 - 10.000 ) 
    Source Clock Delay      (SCD):    5.031ns
    Clock Pessimism Removal (CPR):    0.264ns
  Clock Uncertainty:      0.035ns  ((TSJ^2 + TIJ^2)^1/2 + DJ) / 2 + PE
    Total System Jitter     (TSJ):    0.071ns
    Total Input Jitter      (TIJ):    0.000ns
    Discrete Jitter          (DJ):    0.000ns
    Phase Error              (PE):    0.000ns

    Location             Delay type                Incr(ns)  Path(ns)    Netlist Resource(s)
  -------------------------------------------------------------------    -------------------
                         (clock aclk rise edge)       0.000     0.000 r  
    L22                                               0.000     0.000 r  aclk (IN)
                         net (fo=0)                   0.000     0.000    aclk
    L22                  IBUF (Prop_ibuf_I_O)         0.893     0.893 r  aclk_IBUF_inst/O
                         net (fo=1, routed)           1.827     2.720    aclk_IBUF
    BUFGCTRL_X0Y3        BUFG (Prop_bufg_I_O)         0.081     2.801 r  aclk_IBUF_BUFG_inst_replica_2/O
                         net (fo=11, routed)          0.118     2.919    aclk_IBUF_BUFG_repN_2
    BUFGCTRL_X0Y2        BUFG (Prop_bufg_I_O)         0.081     3.000 r  aclk_IBUF_BUFG_inst_replica_1/O
                         net (fo=24, routed)          0.118     3.118    aclk_IBUF_BUFG_repN_1
    BUFGCTRL_X0Y1        BUFG (Prop_bufg_I_O)         0.081     3.199 r  aclk_IBUF_BUFG_inst_replica/O
                         net (fo=71, routed)          0.118     3.317    aclk_IBUF_BUFG_repN
    BUFGCTRL_X0Y0        BUFG (Prop_bufg_I_O)         0.081     3.398 r  aclk_IBUF_BUFG_inst/O
                         net (fo=20502, routed)       1.633     5.031    u_wb/defaultClockArea_cpu/aclk_IBUF_BUFG
    SLICE_X24Y88         FDRE                                         r  u_wb/defaultClockArea_cpu/ID_to_RENAME_DECODE_PACKET_0_payload_wbAddr_reg[2]/C
  -------------------------------------------------------------------    -------------------
    SLICE_X24Y88         FDRE (Prop_fdre_C_Q)         0.379     5.410 r  u_wb/defaultClockArea_cpu/ID_to_RENAME_DECODE_PACKET_0_payload_wbAddr_reg[2]/Q
                         net (fo=77, routed)          0.826     6.236    u_wb/defaultClockArea_cpu/weBattleFetchQueue_1/RENAME_to_DISPATCH_RENAME_RECORDS_1_rRegs_0[5]_i_3_0[2]
    SLICE_X25Y90         LUT5 (Prop_lut5_I0_O)        0.105     6.341 f  u_wb/defaultClockArea_cpu/weBattleFetchQueue_1/RENAME_to_DISPATCH_RENAME_RECORDS_1_rRegs_0[5]_i_7/O
                         net (fo=1, routed)           0.323     6.664    u_wb/defaultClockArea_cpu/weBattleFetchQueue_1/RENAME_to_DISPATCH_RENAME_RECORDS_1_rRegs_0[5]_i_7_n_0
    SLICE_X25Y88         LUT3 (Prop_lut3_I0_O)        0.105     6.769 r  u_wb/defaultClockArea_cpu/weBattleFetchQueue_1/RENAME_to_DISPATCH_RENAME_RECORDS_1_rRegs_0[5]_i_3/O
                         net (fo=63, routed)          0.622     7.391    u_wb/defaultClockArea_cpu/_zz__zz_when_WeBattleRenameState_l144_1_2[0]
    SLICE_X21Y88         LUT2 (Prop_lut2_I0_O)        0.105     7.496 r  u_wb/defaultClockArea_cpu/RENAME_to_DISPATCH_RENAME_RECORDS_1_wReg[5]_i_32/O
                         net (fo=48, routed)          0.704     8.200    u_wb/defaultClockArea_cpu/RENAME_to_DISPATCH_RENAME_RECORDS_1_wReg[5]_i_32_n_0
    SLICE_X18Y92         LUT6 (Prop_lut6_I4_O)        0.105     8.305 f  u_wb/defaultClockArea_cpu/RENAME_to_DISPATCH_RENAME_RECORDS_1_wReg[0]_i_16/O
                         net (fo=1, routed)           0.560     8.865    u_wb/defaultClockArea_cpu/RENAME_to_DISPATCH_RENAME_RECORDS_1_wReg[0]_i_16_n_0
    SLICE_X18Y92         LUT6 (Prop_lut6_I3_O)        0.105     8.970 f  u_wb/defaultClockArea_cpu/RENAME_to_DISPATCH_RENAME_RECORDS_1_wReg[0]_i_5/O
                         net (fo=1, routed)           0.000     8.970    u_wb/defaultClockArea_cpu/RENAME_to_DISPATCH_RENAME_RECORDS_1_wReg[0]_i_5_n_0
    SLICE_X18Y92         MUXF7 (Prop_muxf7_I1_O)      0.178     9.148 f  u_wb/defaultClockArea_cpu/RENAME_to_DISPATCH_RENAME_RECORDS_1_wReg_reg[0]_i_2/O
                         net (fo=32, routed)          0.727     9.874    u_wb/defaultClockArea_cpu/_zz__zz_RENAME_RENAME_RECORDS_1_wReg[0]
    SLICE_X22Y100        LUT6 (Prop_lut6_I3_O)        0.241    10.115 f  u_wb/defaultClockArea_cpu/RENAME_to_DISPATCH_RENAME_RECORDS_1_wReg[0]_i_1/O
                         net (fo=71, routed)          0.382    10.497    u_wb/defaultClockArea_cpu/RENAME_to_DISPATCH_RENAME_RECORDS_1_wReg[0]_i_1_n_0
    SLICE_X23Y100        LUT6 (Prop_lut6_I3_O)        0.105    10.602 f  u_wb/defaultClockArea_cpu/_zz_ROBFIFOPlugin_fifoIO_pop_0_payload_info_rename_wPrevReg[0]_i_3/O
                         net (fo=33, routed)          0.903    11.506    u_wb/defaultClockArea_cpu/_zz_ROBFIFOPlugin_fifoIO_pop_0_payload_info_rename_wPrevReg[0]_i_3_n_0
    SLICE_X23Y95         LUT3 (Prop_lut3_I2_O)        0.105    11.611 f  u_wb/defaultClockArea_cpu/RENAME_to_DISPATCH_RENAME_RECORDS_2_wReg[0]_i_1/O
                         net (fo=67, routed)          0.949    12.560    u_wb/defaultClockArea_cpu/RENAME_to_DISPATCH_RENAME_RECORDS_2_wReg[0]_i_1_n_0
    SLICE_X23Y109        LUT2 (Prop_lut2_I0_O)        0.107    12.667 r  u_wb/defaultClockArea_cpu/PhysRegFilePlugin_busys_3_i_9/O
                         net (fo=15, routed)          0.845    13.512    u_wb/defaultClockArea_cpu/PhysRegFilePlugin_busys_3_i_9_n_0
    SLICE_X20Y107        LUT6 (Prop_lut6_I2_O)        0.274    13.786 r  u_wb/defaultClockArea_cpu/PhysRegFilePlugin_busys_51_i_2/O
                         net (fo=1, routed)           0.877    14.664    u_wb/defaultClockArea_cpu/weBattleMulDivUnit_1/divider/when_WeBattlePhysicalRegisterState_l47_51
    SLICE_X36Y115        LUT6 (Prop_lut6_I0_O)        0.105    14.769 r  u_wb/defaultClockArea_cpu/weBattleMulDivUnit_1/divider/PhysRegFilePlugin_busys_51_i_1/O
                         net (fo=1, routed)           0.000    14.769    u_wb/defaultClockArea_cpu/weBattleMulDivUnit_1_n_65
    SLICE_X36Y115        FDCE                                         r  u_wb/defaultClockArea_cpu/PhysRegFilePlugin_busys_51_reg/D
  -------------------------------------------------------------------    -------------------

                         (clock aclk rise edge)      10.000    10.000 r  
    L22                                               0.000    10.000 r  aclk (IN)
                         net (fo=0)                   0.000    10.000    aclk
    L22                  IBUF (Prop_ibuf_I_O)         0.762    10.762 r  aclk_IBUF_inst/O
                         net (fo=1, routed)           1.734    12.496    aclk_IBUF
    BUFGCTRL_X0Y3        BUFG (Prop_bufg_I_O)         0.077    12.573 r  aclk_IBUF_BUFG_inst_replica_2/O
                         net (fo=11, routed)          0.112    12.685    aclk_IBUF_BUFG_repN_2
    BUFGCTRL_X0Y2        BUFG (Prop_bufg_I_O)         0.077    12.762 r  aclk_IBUF_BUFG_inst_replica_1/O
                         net (fo=24, routed)          0.112    12.874    aclk_IBUF_BUFG_repN_1
    BUFGCTRL_X0Y1        BUFG (Prop_bufg_I_O)         0.077    12.951 r  aclk_IBUF_BUFG_inst_replica/O
                         net (fo=71, routed)          0.112    13.063    aclk_IBUF_BUFG_repN
    BUFGCTRL_X0Y0        BUFG (Prop_bufg_I_O)         0.077    13.140 r  aclk_IBUF_BUFG_inst/O
                         net (fo=20502, routed)       1.372    14.512    u_wb/defaultClockArea_cpu/aclk_IBUF_BUFG
    SLICE_X36Y115        FDCE                                         r  u_wb/defaultClockArea_cpu/PhysRegFilePlugin_busys_51_reg/C
                         clock pessimism              0.264    14.775    
                         clock uncertainty           -0.035    14.740    
    SLICE_X36Y115        FDCE (Setup_fdce_C_D)        0.072    14.812    u_wb/defaultClockArea_cpu/PhysRegFilePlugin_busys_51_reg
  -------------------------------------------------------------------
                         required time                         14.812    
                         arrival time                         -14.769    
  -------------------------------------------------------------------
                         slack                                  0.043    

Slack (MET) :             0.049ns  (required time - arrival time)
  Source:                 u_wb/defaultClockArea_cpu/MEM_MEM1_to_MEM_MEM2_STD_SLOT_valid_reg/C
                            (rising edge-triggered cell FDCE clocked by aclk  {rise@0.000ns fall@5.000ns period=10.000ns})
  Destination:            u_wb/defaultClockArea_cpu/IntIssueQueuePlugin_queue_2_payload_rRegs_0_valid_reg/D
                            (rising edge-triggered cell FDRE clocked by aclk  {rise@0.000ns fall@5.000ns period=10.000ns})
  Path Group:             aclk
  Path Type:              Setup (Max at Slow Process Corner)
  Requirement:            10.000ns  (aclk rise@10.000ns - aclk rise@0.000ns)
  Data Path Delay:        9.853ns  (logic 2.165ns (21.973%)  route 7.688ns (78.027%))
  Logic Levels:           16  (LUT2=1 LUT3=5 LUT5=6 LUT6=4)
  Clock Path Skew:        -0.138ns (DCD - SCD + CPR)
    Destination Clock Delay (DCD):    4.442ns = ( 14.442 - 10.000 ) 
    Source Clock Delay      (SCD):    4.828ns
    Clock Pessimism Removal (CPR):    0.248ns
  Clock Uncertainty:      0.035ns  ((TSJ^2 + TIJ^2)^1/2 + DJ) / 2 + PE
    Total System Jitter     (TSJ):    0.071ns
    Total Input Jitter      (TIJ):    0.000ns
    Discrete Jitter          (DJ):    0.000ns
    Phase Error              (PE):    0.000ns

    Location             Delay type                Incr(ns)  Path(ns)    Netlist Resource(s)
  -------------------------------------------------------------------    -------------------
                         (clock aclk rise edge)       0.000     0.000 r  
    L22                                               0.000     0.000 r  aclk (IN)
                         net (fo=0)                   0.000     0.000    aclk
    L22                  IBUF (Prop_ibuf_I_O)         0.893     0.893 r  aclk_IBUF_inst/O
                         net (fo=1, routed)           1.827     2.720    aclk_IBUF
    BUFGCTRL_X0Y3        BUFG (Prop_bufg_I_O)         0.081     2.801 r  aclk_IBUF_BUFG_inst_replica_2/O
                         net (fo=11, routed)          0.118     2.919    aclk_IBUF_BUFG_repN_2
    BUFGCTRL_X0Y2        BUFG (Prop_bufg_I_O)         0.081     3.000 r  aclk_IBUF_BUFG_inst_replica_1/O
                         net (fo=24, routed)          0.118     3.118    aclk_IBUF_BUFG_repN_1
    BUFGCTRL_X0Y1        BUFG (Prop_bufg_I_O)         0.081     3.199 r  aclk_IBUF_BUFG_inst_replica/O
                         net (fo=71, routed)          1.629     4.828    u_wb/defaultClockArea_cpu/aclk_IBUF_BUFG_repN_alias
    SLICE_X11Y76         FDCE                                         r  u_wb/defaultClockArea_cpu/MEM_MEM1_to_MEM_MEM2_STD_SLOT_valid_reg/C
  -------------------------------------------------------------------    -------------------
    SLICE_X11Y76         FDCE (Prop_fdce_C_Q)         0.348     5.176 r  u_wb/defaultClockArea_cpu/MEM_MEM1_to_MEM_MEM2_STD_SLOT_valid_reg/Q
                         net (fo=124, routed)         0.571     5.747    u_wb/defaultClockArea_cpu/DCachePlugin_dirtyBitsManager/MEM_MEM1_to_MEM_MEM2_STD_SLOT_valid
    SLICE_X12Y76         LUT3 (Prop_lut3_I1_O)        0.242     5.989 r  u_wb/defaultClockArea_cpu/DCachePlugin_dirtyBitsManager/dirtyBits_0[1]_i_2/O
                         net (fo=176, routed)         0.548     6.537    u_wb/defaultClockArea_cpu/DCachePlugin_dataRAMs_1/MEM_MEM2_DCachePlugin_isSTD
    SLICE_X11Y74         LUT6 (Prop_lut6_I2_O)        0.105     6.642 r  u_wb/defaultClockArea_cpu/DCachePlugin_dataRAMs_1/MEM_MEM2_DCachePlugin_cacheRefillFSM_rspId_value[3]_i_4/O
                         net (fo=3, routed)           0.274     6.917    u_wb/defaultClockArea_cpu/DCachePlugin_dataRAMs_1/MEM_MEM1_to_MEM_MEM2_EXCEPTION_OCCURRED_reg
    SLICE_X10Y75         LUT3 (Prop_lut3_I2_O)        0.105     7.022 f  u_wb/defaultClockArea_cpu/DCachePlugin_dataRAMs_1/MEM_MEM2_WeBattleUncachedAccessPlugin_controller_command_be[3]_i_4/O
                         net (fo=2, routed)           0.703     7.724    u_wb/defaultClockArea_cpu/DCachePlugin_dataRAMs_1/MEM_MEM1_to_MEM_MEM2_STD_SLOT_payload_isStore_reg
    SLICE_X11Y76         LUT6 (Prop_lut6_I0_O)        0.105     7.829 f  u_wb/defaultClockArea_cpu/DCachePlugin_dataRAMs_1/MEM_MEM2_WeBattleUncachedAccessPlugin_controller_command_be[3]_i_2/O
                         net (fo=263, routed)         0.682     8.512    u_wb/defaultClockArea_cpu/DCachePlugin_infoRAM/gen_wr_a.gen_word_narrow.mem_reg_2
    SLICE_X10Y86         LUT6 (Prop_lut6_I0_O)        0.105     8.617 f  u_wb/defaultClockArea_cpu/DCachePlugin_infoRAM/mem_i_62__7/O
                         net (fo=31, routed)          0.270     8.887    u_wb/defaultClockArea_cpu/DCachePlugin_infoRAM_n_51
    SLICE_X11Y86         LUT2 (Prop_lut2_I1_O)        0.105     8.992 r  u_wb/defaultClockArea_cpu/MEM_ADDR_to_MEM_MEM1_EXCEPTION_OCCURRED_i_3/O
                         net (fo=19, routed)          0.953     9.945    u_wb/defaultClockArea_cpu/MEM_ADDR_to_MEM_MEM1_EXCEPTION_OCCURRED_i_3_n_0
    SLICE_X36Y94         LUT5 (Prop_lut5_I4_O)        0.105    10.050 r  u_wb/defaultClockArea_cpu/MemIssueQueuePlugin_queue_4_payload_rRegs_0_valid_i_3/O
                         net (fo=64, routed)          0.646    10.696    u_wb/defaultClockArea_cpu/WeBattleMemExecutePlugin_clrBusy_valid
    SLICE_X42Y97         LUT6 (Prop_lut6_I5_O)        0.105    10.801 r  u_wb/defaultClockArea_cpu/MulDivIssueQueuePlugin_queue_1_payload_rRegs_0_valid_i_26/O
                         net (fo=1, routed)           0.387    11.187    u_wb/defaultClockArea_cpu/weBattleMulDivUnit_1/divider/MulDivIssueQueuePlugin_queue_1_payload_rRegs_0_valid_i_8_0
    SLICE_X44Y100        LUT5 (Prop_lut5_I0_O)        0.105    11.292 f  u_wb/defaultClockArea_cpu/weBattleMulDivUnit_1/divider/MulDivIssueQueuePlugin_queue_1_payload_rRegs_0_valid_i_24/O
                         net (fo=1, routed)           0.122    11.414    u_wb/defaultClockArea_cpu/weBattleMulDivUnit_1/divider/MulDivIssueQueuePlugin_queue_1_payload_rRegs_0_valid_i_24_n_0
    SLICE_X44Y100        LUT3 (Prop_lut3_I1_O)        0.105    11.519 r  u_wb/defaultClockArea_cpu/weBattleMulDivUnit_1/divider/MulDivIssueQueuePlugin_queue_1_payload_rRegs_0_valid_i_8/O
                         net (fo=13, routed)          0.537    12.056    u_wb/defaultClockArea_cpu/weBattleMulDivUnit_1/divider/DISPATCH_IntIssueQueuePlugin_pushPorts_2_rRegs_0_valid
    SLICE_X46Y100        LUT5 (Prop_lut5_I1_O)        0.105    12.161 r  u_wb/defaultClockArea_cpu/weBattleMulDivUnit_1/divider/IntIssueQueuePlugin_queue_0_payload_rRegs_0_valid_i_33/O
                         net (fo=6, routed)           0.238    12.399    u_wb/defaultClockArea_cpu/weBattleMulDivUnit_1/divider/IntIssueQueuePlugin_queue_0_payload_rRegs_0_valid_i_33_n_0
    SLICE_X47Y101        LUT3 (Prop_lut3_I0_O)        0.105    12.504 r  u_wb/defaultClockArea_cpu/weBattleMulDivUnit_1/divider/IntIssueQueuePlugin_queue_0_payload_rRegs_0_valid_i_37/O
                         net (fo=1, routed)           0.228    12.732    u_wb/defaultClockArea_cpu/weBattleMulDivUnit_1/divider/IntIssueQueuePlugin_queue_0_payload_rRegs_0_valid_i_37_n_0
    SLICE_X49Y101        LUT5 (Prop_lut5_I4_O)        0.105    12.837 r  u_wb/defaultClockArea_cpu/weBattleMulDivUnit_1/divider/IntIssueQueuePlugin_queue_0_payload_rRegs_0_valid_i_34/O
                         net (fo=4, routed)           0.646    13.482    u_wb/defaultClockArea_cpu/weBattleMulDivUnit_1/divider/IntIssueQueuePlugin_queue_0_payload_rRegs_0_valid_i_34_n_0
    SLICE_X50Y101        LUT5 (Prop_lut5_I2_O)        0.105    13.587 r  u_wb/defaultClockArea_cpu/weBattleMulDivUnit_1/divider/IntIssueQueuePlugin_queue_2_payload_rRegs_0_valid_i_8/O
                         net (fo=1, routed)           0.232    13.819    u_wb/defaultClockArea_cpu/weBattleMulDivUnit_1/divider/IntIssueQueuePlugin_queue_2_payload_rRegs_0_valid_i_8_n_0
    SLICE_X50Y102        LUT3 (Prop_lut3_I2_O)        0.105    13.924 r  u_wb/defaultClockArea_cpu/weBattleMulDivUnit_1/divider/IntIssueQueuePlugin_queue_2_payload_rRegs_0_valid_i_2/O
                         net (fo=1, routed)           0.652    14.576    u_wb/defaultClockArea_cpu/weBattleMulDivUnit_1/divider/IntIssueQueuePlugin_queue_2_payload_rRegs_0_valid_i_2_n_0
    SLICE_X52Y102        LUT5 (Prop_lut5_I0_O)        0.105    14.681 r  u_wb/defaultClockArea_cpu/weBattleMulDivUnit_1/divider/IntIssueQueuePlugin_queue_2_payload_rRegs_0_valid_i_1/O
                         net (fo=1, routed)           0.000    14.681    u_wb/defaultClockArea_cpu/weBattleMulDivUnit_1_n_151
    SLICE_X52Y102        FDRE                                         r  u_wb/defaultClockArea_cpu/IntIssueQueuePlugin_queue_2_payload_rRegs_0_valid_reg/D
  -------------------------------------------------------------------    -------------------

                         (clock aclk rise edge)      10.000    10.000 r  
    L22                                               0.000    10.000 r  aclk (IN)
                         net (fo=0)                   0.000    10.000    aclk
    L22                  IBUF (Prop_ibuf_I_O)         0.762    10.762 r  aclk_IBUF_inst/O
                         net (fo=1, routed)           1.734    12.496    aclk_IBUF
    BUFGCTRL_X0Y3        BUFG (Prop_bufg_I_O)         0.077    12.573 r  aclk_IBUF_BUFG_inst_replica_2/O
                         net (fo=11, routed)          0.112    12.685    aclk_IBUF_BUFG_repN_2
    BUFGCTRL_X0Y2        BUFG (Prop_bufg_I_O)         0.077    12.762 r  aclk_IBUF_BUFG_inst_replica_1/O
                         net (fo=24, routed)          0.112    12.874    aclk_IBUF_BUFG_repN_1
    BUFGCTRL_X0Y1        BUFG (Prop_bufg_I_O)         0.077    12.951 r  aclk_IBUF_BUFG_inst_replica/O
                         net (fo=71, routed)          0.112    13.063    aclk_IBUF_BUFG_repN
    BUFGCTRL_X0Y0        BUFG (Prop_bufg_I_O)         0.077    13.140 r  aclk_IBUF_BUFG_inst/O
                         net (fo=20502, routed)       1.302    14.442    u_wb/defaultClockArea_cpu/aclk_IBUF_BUFG
    SLICE_X52Y102        FDRE                                         r  u_wb/defaultClockArea_cpu/IntIssueQueuePlugin_queue_2_payload_rRegs_0_valid_reg/C
                         clock pessimism              0.248    14.689    
                         clock uncertainty           -0.035    14.654    
    SLICE_X52Y102        FDRE (Setup_fdre_C_D)        0.076    14.730    u_wb/defaultClockArea_cpu/IntIssueQueuePlugin_queue_2_payload_rRegs_0_valid_reg
  -------------------------------------------------------------------
                         required time                         14.730    
                         arrival time                         -14.681    
  -------------------------------------------------------------------
                         slack                                  0.049    

Slack (MET) :             0.053ns  (required time - arrival time)
  Source:                 u_wb/defaultClockArea_cpu/IntIssueQueuePlugin_queue_0_payload_rRegs_1_valid_reg/C
                            (rising edge-triggered cell FDRE clocked by aclk  {rise@0.000ns fall@5.000ns period=10.000ns})
  Destination:            u_wb/defaultClockArea_cpu/IntIssueQueuePlugin_queue_3_payload_rRegs_1_valid_reg/D
                            (rising edge-triggered cell FDRE clocked by aclk  {rise@0.000ns fall@5.000ns period=10.000ns})
  Path Group:             aclk
  Path Type:              Setup (Max at Slow Process Corner)
  Requirement:            10.000ns  (aclk rise@10.000ns - aclk rise@0.000ns)
  Data Path Delay:        10.023ns  (logic 1.838ns (18.338%)  route 8.185ns (81.662%))
  Logic Levels:           12  (LUT3=2 LUT4=4 LUT5=1 LUT6=5)
  Clock Path Skew:        0.079ns (DCD - SCD + CPR)
    Destination Clock Delay (DCD):    4.442ns = ( 14.442 - 10.000 ) 
    Source Clock Delay      (SCD):    4.610ns
    Clock Pessimism Removal (CPR):    0.248ns
  Clock Uncertainty:      0.035ns  ((TSJ^2 + TIJ^2)^1/2 + DJ) / 2 + PE
    Total System Jitter     (TSJ):    0.071ns
    Total Input Jitter      (TIJ):    0.000ns
    Discrete Jitter          (DJ):    0.000ns
    Phase Error              (PE):    0.000ns

    Location             Delay type                Incr(ns)  Path(ns)    Netlist Resource(s)
  -------------------------------------------------------------------    -------------------
                         (clock aclk rise edge)       0.000     0.000 r  
    L22                                               0.000     0.000 r  aclk (IN)
                         net (fo=0)                   0.000     0.000    aclk
    L22                  IBUF (Prop_ibuf_I_O)         0.893     0.893 r  aclk_IBUF_inst/O
                         net (fo=1, routed)           1.827     2.720    aclk_IBUF
    BUFGCTRL_X0Y3        BUFG (Prop_bufg_I_O)         0.081     2.801 r  aclk_IBUF_BUFG_inst_replica_2/O
                         net (fo=11, routed)          0.118     2.919    aclk_IBUF_BUFG_repN_2
    BUFGCTRL_X0Y2        BUFG (Prop_bufg_I_O)         0.081     3.000 r  aclk_IBUF_BUFG_inst_replica_1/O
                         net (fo=24, routed)          0.118     3.118    aclk_IBUF_BUFG_repN_1
    BUFGCTRL_X0Y1        BUFG (Prop_bufg_I_O)         0.081     3.199 r  aclk_IBUF_BUFG_inst_replica/O
                         net (fo=71, routed)          1.412     4.610    u_wb/defaultClockArea_cpu/aclk_IBUF_BUFG_repN_alias
    SLICE_X49Y104        FDRE                                         r  u_wb/defaultClockArea_cpu/IntIssueQueuePlugin_queue_0_payload_rRegs_1_valid_reg/C
  -------------------------------------------------------------------    -------------------
    SLICE_X49Y104        FDRE (Prop_fdre_C_Q)         0.379     4.989 r  u_wb/defaultClockArea_cpu/IntIssueQueuePlugin_queue_0_payload_rRegs_1_valid_reg/Q
                         net (fo=7, routed)           0.602     5.592    u_wb/defaultClockArea_cpu/IntIssueQueuePlugin_queue_0_payload_rRegs_1_valid
    SLICE_X50Y101        LUT3 (Prop_lut3_I2_O)        0.105     5.697 r  u_wb/defaultClockArea_cpu/INT0_ISS_to_INT0_RRD_ISSUE_SLOT_uop_cmpOp[3]_i_10/O
                         net (fo=9, routed)           0.734     6.430    u_wb/defaultClockArea_cpu/INT0_ISS_to_INT0_RRD_ISSUE_SLOT_uop_cmpOp[3]_i_10_n_0
    SLICE_X60Y102        LUT4 (Prop_lut4_I0_O)        0.105     6.535 f  u_wb/defaultClockArea_cpu/INT2_ISS_to_INT2_RRD_ISSUE_SLOT_uop_inst[24]_i_10/O
                         net (fo=8, routed)           0.716     7.252    u_wb/defaultClockArea_cpu/INT2_ISS_to_INT2_RRD_ISSUE_SLOT_uop_inst[24]_i_10_n_0
    SLICE_X62Y100        LUT6 (Prop_lut6_I4_O)        0.105     7.357 f  u_wb/defaultClockArea_cpu/IntIssueQueuePlugin_queue_5_payload_uop_inst[25]_i_15/O
                         net (fo=1, routed)           0.371     7.728    u_wb/defaultClockArea_cpu/IntIssueQueuePlugin_queue_5_payload_uop_inst[25]_i_15_n_0
    SLICE_X62Y100        LUT4 (Prop_lut4_I2_O)        0.105     7.833 f  u_wb/defaultClockArea_cpu/IntIssueQueuePlugin_queue_5_payload_uop_inst[25]_i_6/O
                         net (fo=21, routed)          0.881     8.714    u_wb/defaultClockArea_cpu/IntIssueQueuePlugin_queue_5_payload_uop_inst[25]_i_6_n_0
    SLICE_X62Y106        LUT3 (Prop_lut3_I2_O)        0.105     8.819 r  u_wb/defaultClockArea_cpu/IntIssueQueuePlugin_queue_5_payload_uop_inst[25]_i_8/O
                         net (fo=11, routed)          0.705     9.525    u_wb/defaultClockArea_cpu/IntIssueQueuePlugin_queue_5_payload_uop_inst[25]_i_8_n_0
    SLICE_X64Y106        LUT4 (Prop_lut4_I2_O)        0.126     9.651 r  u_wb/defaultClockArea_cpu/IntIssueQueuePlugin_queue_3_payload_uop_inst[25]_i_5/O
                         net (fo=150, routed)         1.298    10.949    u_wb/defaultClockArea_cpu/when_WeBattleDenseIssueQueueState_l106_11
    SLICE_X60Y115        LUT6 (Prop_lut6_I2_O)        0.283    11.232 r  u_wb/defaultClockArea_cpu/IntIssueQueuePlugin_queue_3_payload_rRegs_1_payload[1]_i_3/O
                         net (fo=1, routed)           0.231    11.462    u_wb/defaultClockArea_cpu/IntIssueQueuePlugin_queue_3_payload_rRegs_1_payload[1]_i_3_n_0
    SLICE_X60Y114        LUT5 (Prop_lut5_I4_O)        0.105    11.567 r  u_wb/defaultClockArea_cpu/IntIssueQueuePlugin_queue_3_payload_rRegs_1_payload[1]_i_1/O
                         net (fo=6, routed)           0.790    12.357    u_wb/defaultClockArea_cpu/_zz_IntIssueQueuePlugin_queue_3_payload_rRegs_1_payload_1[1]
    SLICE_X59Y108        LUT6 (Prop_lut6_I3_O)        0.105    12.462 f  u_wb/defaultClockArea_cpu/IntIssueQueuePlugin_queue_3_payload_rRegs_1_valid_i_9/O
                         net (fo=1, routed)           0.455    12.917    u_wb/defaultClockArea_cpu/IntIssueQueuePlugin_queue_3_payload_rRegs_1_valid_i_9_n_0
    SLICE_X59Y107        LUT4 (Prop_lut4_I2_O)        0.105    13.022 r  u_wb/defaultClockArea_cpu/IntIssueQueuePlugin_queue_3_payload_rRegs_1_valid_i_3/O
                         net (fo=1, routed)           0.712    13.734    u_wb/defaultClockArea_cpu/weBattleMulDivUnit_1/divider/IntIssueQueuePlugin_queue_3_payload_rRegs_1_valid_reg
    SLICE_X51Y106        LUT6 (Prop_lut6_I3_O)        0.105    13.839 r  u_wb/defaultClockArea_cpu/weBattleMulDivUnit_1/divider/IntIssueQueuePlugin_queue_3_payload_rRegs_1_valid_i_2_comp_1/O
                         net (fo=1, routed)           0.689    14.528    u_wb/defaultClockArea_cpu/weBattleMulDivUnit_1/divider/IntIssueQueuePlugin_queue_3_payload_rRegs_1_valid_i_2_n_0
    SLICE_X50Y105        LUT6 (Prop_lut6_I4_O)        0.105    14.633 r  u_wb/defaultClockArea_cpu/weBattleMulDivUnit_1/divider/IntIssueQueuePlugin_queue_3_payload_rRegs_1_valid_i_1_comp/O
                         net (fo=1, routed)           0.000    14.633    u_wb/defaultClockArea_cpu/weBattleMulDivUnit_1_n_145
    SLICE_X50Y105        FDRE                                         r  u_wb/defaultClockArea_cpu/IntIssueQueuePlugin_queue_3_payload_rRegs_1_valid_reg/D
  -------------------------------------------------------------------    -------------------

                         (clock aclk rise edge)      10.000    10.000 r  
    L22                                               0.000    10.000 r  aclk (IN)
                         net (fo=0)                   0.000    10.000    aclk
    L22                  IBUF (Prop_ibuf_I_O)         0.762    10.762 r  aclk_IBUF_inst/O
                         net (fo=1, routed)           1.734    12.496    aclk_IBUF
    BUFGCTRL_X0Y3        BUFG (Prop_bufg_I_O)         0.077    12.573 r  aclk_IBUF_BUFG_inst_replica_2/O
                         net (fo=11, routed)          0.112    12.685    aclk_IBUF_BUFG_repN_2
    BUFGCTRL_X0Y2        BUFG (Prop_bufg_I_O)         0.077    12.762 r  aclk_IBUF_BUFG_inst_replica_1/O
                         net (fo=24, routed)          0.112    12.874    aclk_IBUF_BUFG_repN_1
    BUFGCTRL_X0Y1        BUFG (Prop_bufg_I_O)         0.077    12.951 r  aclk_IBUF_BUFG_inst_replica/O
                         net (fo=71, routed)          0.112    13.063    aclk_IBUF_BUFG_repN
    BUFGCTRL_X0Y0        BUFG (Prop_bufg_I_O)         0.077    13.140 r  aclk_IBUF_BUFG_inst/O
                         net (fo=20502, routed)       1.302    14.442    u_wb/defaultClockArea_cpu/aclk_IBUF_BUFG
    SLICE_X50Y105        FDRE                                         r  u_wb/defaultClockArea_cpu/IntIssueQueuePlugin_queue_3_payload_rRegs_1_valid_reg/C
                         clock pessimism              0.248    14.689    
                         clock uncertainty           -0.035    14.654    
    SLICE_X50Y105        FDRE (Setup_fdre_C_D)        0.032    14.686    u_wb/defaultClockArea_cpu/IntIssueQueuePlugin_queue_3_payload_rRegs_1_valid_reg
  -------------------------------------------------------------------
                         required time                         14.686    
                         arrival time                         -14.633    
  -------------------------------------------------------------------
                         slack                                  0.053    

Slack (MET) :             0.063ns  (required time - arrival time)
  Source:                 u_wb/defaultClockArea_cpu/weBattleFetchQueue_1/head_reg[1]/C
                            (rising edge-triggered cell FDCE clocked by aclk  {rise@0.000ns fall@5.000ns period=10.000ns})
  Destination:            u_wb/defaultClockArea_cpu/ID_to_RENAME_DECODE_PACKET_2_payload_except_payload_code_reg[2]/D
                            (rising edge-triggered cell FDSE clocked by aclk  {rise@0.000ns fall@5.000ns period=10.000ns})
  Path Group:             aclk
  Path Type:              Setup (Max at Slow Process Corner)
  Requirement:            10.000ns  (aclk rise@10.000ns - aclk rise@0.000ns)
  Data Path Delay:        10.124ns  (logic 2.296ns (22.679%)  route 7.828ns (77.321%))
  Logic Levels:           12  (LUT2=1 LUT4=3 LUT5=5 LUT6=2 MUXF7=1)
  Clock Path Skew:        0.116ns (DCD - SCD + CPR)
    Destination Clock Delay (DCD):    4.728ns = ( 14.728 - 10.000 ) 
    Source Clock Delay      (SCD):    4.943ns
    Clock Pessimism Removal (CPR):    0.331ns
  Clock Uncertainty:      0.035ns  ((TSJ^2 + TIJ^2)^1/2 + DJ) / 2 + PE
    Total System Jitter     (TSJ):    0.071ns
    Total Input Jitter      (TIJ):    0.000ns
    Discrete Jitter          (DJ):    0.000ns
    Phase Error              (PE):    0.000ns

    Location             Delay type                Incr(ns)  Path(ns)    Netlist Resource(s)
  -------------------------------------------------------------------    -------------------
                         (clock aclk rise edge)       0.000     0.000 r  
    L22                                               0.000     0.000 r  aclk (IN)
                         net (fo=0)                   0.000     0.000    aclk
    L22                  IBUF (Prop_ibuf_I_O)         0.893     0.893 r  aclk_IBUF_inst/O
                         net (fo=1, routed)           1.827     2.720    aclk_IBUF
    BUFGCTRL_X0Y3        BUFG (Prop_bufg_I_O)         0.081     2.801 r  aclk_IBUF_BUFG_inst_replica_2/O
                         net (fo=11, routed)          0.118     2.919    aclk_IBUF_BUFG_repN_2
    BUFGCTRL_X0Y2        BUFG (Prop_bufg_I_O)         0.081     3.000 r  aclk_IBUF_BUFG_inst_replica_1/O
                         net (fo=24, routed)          0.118     3.118    aclk_IBUF_BUFG_repN_1
    BUFGCTRL_X0Y1        BUFG (Prop_bufg_I_O)         0.081     3.199 r  aclk_IBUF_BUFG_inst_replica/O
                         net (fo=71, routed)          0.118     3.317    aclk_IBUF_BUFG_repN
    BUFGCTRL_X0Y0        BUFG (Prop_bufg_I_O)         0.081     3.398 r  aclk_IBUF_BUFG_inst/O
                         net (fo=20502, routed)       1.545     4.943    u_wb/defaultClockArea_cpu/weBattleFetchQueue_1/aclk_IBUF_BUFG
    SLICE_X46Y68         FDCE                                         r  u_wb/defaultClockArea_cpu/weBattleFetchQueue_1/head_reg[1]/C
  -------------------------------------------------------------------    -------------------
    SLICE_X46Y68         FDCE (Prop_fdce_C_Q)         0.433     5.376 r  u_wb/defaultClockArea_cpu/weBattleFetchQueue_1/head_reg[1]/Q
                         net (fo=134, routed)         1.341     6.717    u_wb/defaultClockArea_cpu/weBattleFetchQueue_1/head[1]
    SLICE_X27Y59         LUT6 (Prop_lut6_I2_O)        0.105     6.822 r  u_wb/defaultClockArea_cpu/weBattleFetchQueue_1/ID_to_RENAME_DECODE_PACKET_2_payload_inst[31]_i_2/O
                         net (fo=1, routed)           0.000     6.822    u_wb/defaultClockArea_cpu/weBattleFetchQueue_1/ID_to_RENAME_DECODE_PACKET_2_payload_inst[31]_i_2_n_0
    SLICE_X27Y59         MUXF7 (Prop_muxf7_I0_O)      0.178     7.000 r  u_wb/defaultClockArea_cpu/weBattleFetchQueue_1/ID_to_RENAME_DECODE_PACKET_2_payload_inst_reg[31]_i_1/O
                         net (fo=16, routed)          1.794     8.793    u_wb/defaultClockArea_cpu/weBattleFetchQueue_1/head_reg[2]_rep_5[31]
    SLICE_X9Y84          LUT5 (Prop_lut5_I2_O)        0.268     9.061 f  u_wb/defaultClockArea_cpu/weBattleFetchQueue_1/ID_to_RENAME_DECODE_PACKET_2_payload_isWait_i_3/O
                         net (fo=20, routed)          0.846     9.907    u_wb/defaultClockArea_cpu/weBattleFetchQueue_1/ID_to_RENAME_DECODE_PACKET_2_payload_isWait_i_3_n_0
    SLICE_X4Y81          LUT4 (Prop_lut4_I3_O)        0.268    10.175 r  u_wb/defaultClockArea_cpu/weBattleFetchQueue_1/ID_to_RENAME_DECODE_PACKET_2_payload_isErtn_i_5/O
                         net (fo=3, routed)           0.472    10.647    u_wb/defaultClockArea_cpu/weBattleFetchQueue_1/ID_to_RENAME_DECODE_PACKET_2_payload_isErtn_i_5_n_0
    SLICE_X7Y81          LUT5 (Prop_lut5_I4_O)        0.105    10.752 f  u_wb/defaultClockArea_cpu/weBattleFetchQueue_1/ID_to_RENAME_DECODE_PACKET_2_payload_isErtn_i_2/O
                         net (fo=3, routed)           0.655    11.407    u_wb/defaultClockArea_cpu/weBattleFetchQueue_1/ID_to_RENAME_DECODE_PACKET_2_payload_isErtn_i_2_n_0
    SLICE_X11Y82         LUT5 (Prop_lut5_I0_O)        0.105    11.512 f  u_wb/defaultClockArea_cpu/weBattleFetchQueue_1/ID_to_RENAME_DECODE_PACKET_2_payload_except_payload_code[5]_i_22/O
                         net (fo=2, routed)           0.534    12.045    u_wb/defaultClockArea_cpu/weBattleFetchQueue_1/ID_to_RENAME_DECODE_PACKET_2_payload_except_payload_code[5]_i_22_n_0
    SLICE_X7Y82          LUT4 (Prop_lut4_I0_O)        0.105    12.150 f  u_wb/defaultClockArea_cpu/weBattleFetchQueue_1/ID_to_RENAME_DECODE_PACKET_2_payload_except_payload_code[5]_i_13/O
                         net (fo=2, routed)           0.630    12.781    u_wb/defaultClockArea_cpu/weBattleFetchQueue_1/ID_to_RENAME_DECODE_PACKET_2_payload_except_payload_code[5]_i_13_n_0
    SLICE_X6Y82          LUT2 (Prop_lut2_I0_O)        0.127    12.908 f  u_wb/defaultClockArea_cpu/weBattleFetchQueue_1/ID_to_RENAME_DECODE_PACKET_2_payload_except_payload_code[5]_i_7/O
                         net (fo=3, routed)           0.483    13.391    u_wb/defaultClockArea_cpu/weBattleFetchQueue_1/ID_to_RENAME_DECODE_PACKET_2_payload_except_payload_code[5]_i_7_n_0
    SLICE_X5Y82          LUT6 (Prop_lut6_I0_O)        0.286    13.677 f  u_wb/defaultClockArea_cpu/weBattleFetchQueue_1/ID_to_RENAME_DECODE_PACKET_2_payload_except_payload_code[5]_i_27/O
                         net (fo=1, routed)           0.267    13.944    u_wb/defaultClockArea_cpu/weBattleFetchQueue_1/ID_to_RENAME_DECODE_PACKET_2_payload_except_payload_code[5]_i_27_n_0
    SLICE_X4Y82          LUT5 (Prop_lut5_I4_O)        0.105    14.049 r  u_wb/defaultClockArea_cpu/weBattleFetchQueue_1/ID_to_RENAME_DECODE_PACKET_2_payload_except_payload_code[5]_i_19/O
                         net (fo=3, routed)           0.468    14.516    u_wb/defaultClockArea_cpu/weBattleFetchQueue_1/ID_to_RENAME_DECODE_PACKET_2_payload_except_payload_code[5]_i_19_n_0
    SLICE_X6Y81          LUT4 (Prop_lut4_I3_O)        0.105    14.621 r  u_wb/defaultClockArea_cpu/weBattleFetchQueue_1/ID_to_RENAME_DECODE_PACKET_2_payload_except_payload_code[2]_i_2/O
                         net (fo=3, routed)           0.339    14.961    u_wb/defaultClockArea_cpu/weBattleFetchQueue_1/ID_to_RENAME_DECODE_PACKET_2_payload_except_payload_code[2]_i_2_n_0
    SLICE_X6Y80          LUT5 (Prop_lut5_I1_O)        0.106    15.067 r  u_wb/defaultClockArea_cpu/weBattleFetchQueue_1/ID_to_RENAME_DECODE_PACKET_2_payload_except_payload_code[2]_i_1/O
                         net (fo=1, routed)           0.000    15.067    u_wb/defaultClockArea_cpu/ID_DecoderArray_decoders_2_uop_except_payload_code[2]
    SLICE_X6Y80          FDSE                                         r  u_wb/defaultClockArea_cpu/ID_to_RENAME_DECODE_PACKET_2_payload_except_payload_code_reg[2]/D
  -------------------------------------------------------------------    -------------------

                         (clock aclk rise edge)      10.000    10.000 r  
    L22                                               0.000    10.000 r  aclk (IN)
                         net (fo=0)                   0.000    10.000    aclk
    L22                  IBUF (Prop_ibuf_I_O)         0.762    10.762 r  aclk_IBUF_inst/O
                         net (fo=1, routed)           1.734    12.496    aclk_IBUF
    BUFGCTRL_X0Y3        BUFG (Prop_bufg_I_O)         0.077    12.573 r  aclk_IBUF_BUFG_inst_replica_2/O
                         net (fo=11, routed)          0.112    12.685    aclk_IBUF_BUFG_repN_2
    BUFGCTRL_X0Y2        BUFG (Prop_bufg_I_O)         0.077    12.762 r  aclk_IBUF_BUFG_inst_replica_1/O
                         net (fo=24, routed)          0.112    12.874    aclk_IBUF_BUFG_repN_1
    BUFGCTRL_X0Y1        BUFG (Prop_bufg_I_O)         0.077    12.951 r  aclk_IBUF_BUFG_inst_replica/O
                         net (fo=71, routed)          0.112    13.063    aclk_IBUF_BUFG_repN
    BUFGCTRL_X0Y0        BUFG (Prop_bufg_I_O)         0.077    13.140 r  aclk_IBUF_BUFG_inst/O
                         net (fo=20502, routed)       1.588    14.728    u_wb/defaultClockArea_cpu/aclk_IBUF_BUFG
    SLICE_X6Y80          FDSE                                         r  u_wb/defaultClockArea_cpu/ID_to_RENAME_DECODE_PACKET_2_payload_except_payload_code_reg[2]/C
                         clock pessimism              0.331    15.059    
                         clock uncertainty           -0.035    15.023    
    SLICE_X6Y80          FDSE (Setup_fdse_C_D)        0.106    15.129    u_wb/defaultClockArea_cpu/ID_to_RENAME_DECODE_PACKET_2_payload_except_payload_code_reg[2]
  -------------------------------------------------------------------
                         required time                         15.129    
                         arrival time                         -15.067    
  -------------------------------------------------------------------
                         slack                                  0.063    

Slack (MET) :             0.066ns  (required time - arrival time)
  Source:                 u_wb/defaultClockArea_cpu/IntIssueQueuePlugin_queue_2_payload_rRegs_1_valid_reg/C
                            (rising edge-triggered cell FDRE clocked by aclk  {rise@0.000ns fall@5.000ns period=10.000ns})
  Destination:            u_wb/defaultClockArea_cpu/IntIssueQueuePlugin_queue_3_payload_rRegs_0_valid_reg/D
                            (rising edge-triggered cell FDRE clocked by aclk  {rise@0.000ns fall@5.000ns period=10.000ns})
  Path Group:             aclk
  Path Type:              Setup (Max at Slow Process Corner)
  Requirement:            10.000ns  (aclk rise@10.000ns - aclk rise@0.000ns)
  Data Path Delay:        9.883ns  (logic 1.838ns (18.597%)  route 8.045ns (81.403%))
  Logic Levels:           12  (LUT3=3 LUT4=3 LUT5=1 LUT6=5)
  Clock Path Skew:        -0.045ns (DCD - SCD + CPR)
    Destination Clock Delay (DCD):    4.441ns = ( 14.441 - 10.000 ) 
    Source Clock Delay      (SCD):    4.809ns
    Clock Pessimism Removal (CPR):    0.324ns
  Clock Uncertainty:      0.035ns  ((TSJ^2 + TIJ^2)^1/2 + DJ) / 2 + PE
    Total System Jitter     (TSJ):    0.071ns
    Total Input Jitter      (TIJ):    0.000ns
    Discrete Jitter          (DJ):    0.000ns
    Phase Error              (PE):    0.000ns

    Location             Delay type                Incr(ns)  Path(ns)    Netlist Resource(s)
  -------------------------------------------------------------------    -------------------
                         (clock aclk rise edge)       0.000     0.000 r  
    L22                                               0.000     0.000 r  aclk (IN)
                         net (fo=0)                   0.000     0.000    aclk
    L22                  IBUF (Prop_ibuf_I_O)         0.893     0.893 r  aclk_IBUF_inst/O
                         net (fo=1, routed)           1.827     2.720    aclk_IBUF
    BUFGCTRL_X0Y3        BUFG (Prop_bufg_I_O)         0.081     2.801 r  aclk_IBUF_BUFG_inst_replica_2/O
                         net (fo=11, routed)          0.118     2.919    aclk_IBUF_BUFG_repN_2
    BUFGCTRL_X0Y2        BUFG (Prop_bufg_I_O)         0.081     3.000 r  aclk_IBUF_BUFG_inst_replica_1/O
                         net (fo=24, routed)          0.118     3.118    aclk_IBUF_BUFG_repN_1
    BUFGCTRL_X0Y1        BUFG (Prop_bufg_I_O)         0.081     3.199 r  aclk_IBUF_BUFG_inst_replica/O
                         net (fo=71, routed)          0.118     3.317    aclk_IBUF_BUFG_repN
    BUFGCTRL_X0Y0        BUFG (Prop_bufg_I_O)         0.081     3.398 r  aclk_IBUF_BUFG_inst/O
                         net (fo=20502, routed)       1.412     4.809    u_wb/defaultClockArea_cpu/aclk_IBUF_BUFG
    SLICE_X51Y104        FDRE                                         r  u_wb/defaultClockArea_cpu/IntIssueQueuePlugin_queue_2_payload_rRegs_1_valid_reg/C
  -------------------------------------------------------------------    -------------------
    SLICE_X51Y104        FDRE (Prop_fdre_C_Q)         0.379     5.188 f  u_wb/defaultClockArea_cpu/IntIssueQueuePlugin_queue_2_payload_rRegs_1_valid_reg/Q
                         net (fo=3, routed)           0.525     5.714    u_wb/defaultClockArea_cpu/IntIssueQueuePlugin_queue_2_payload_rRegs_1_valid
    SLICE_X57Y101        LUT3 (Prop_lut3_I2_O)        0.105     5.819 r  u_wb/defaultClockArea_cpu/INT0_RRD_arbitration_isValid_i_8/O
                         net (fo=6, routed)           0.550     6.369    u_wb/defaultClockArea_cpu/INT0_RRD_arbitration_isValid_i_8_n_0
    SLICE_X62Y101        LUT4 (Prop_lut4_I0_O)        0.105     6.474 f  u_wb/defaultClockArea_cpu/INT2_ISS_to_INT2_RRD_ISSUE_SLOT_uop_inst[24]_i_11/O
                         net (fo=10, routed)          0.860     7.334    u_wb/defaultClockArea_cpu/INT2_ISS_to_INT2_RRD_ISSUE_SLOT_uop_inst[24]_i_11_n_0
    SLICE_X62Y100        LUT6 (Prop_lut6_I3_O)        0.105     7.439 f  u_wb/defaultClockArea_cpu/IntIssueQueuePlugin_queue_5_payload_uop_inst[25]_i_15/O
                         net (fo=1, routed)           0.371     7.811    u_wb/defaultClockArea_cpu/IntIssueQueuePlugin_queue_5_payload_uop_inst[25]_i_15_n_0
    SLICE_X62Y100        LUT4 (Prop_lut4_I2_O)        0.105     7.916 f  u_wb/defaultClockArea_cpu/IntIssueQueuePlugin_queue_5_payload_uop_inst[25]_i_6/O
                         net (fo=21, routed)          0.881     8.797    u_wb/defaultClockArea_cpu/IntIssueQueuePlugin_queue_5_payload_uop_inst[25]_i_6_n_0
    SLICE_X62Y106        LUT3 (Prop_lut3_I2_O)        0.105     8.902 r  u_wb/defaultClockArea_cpu/IntIssueQueuePlugin_queue_5_payload_uop_inst[25]_i_8/O
                         net (fo=11, routed)          0.705     9.607    u_wb/defaultClockArea_cpu/IntIssueQueuePlugin_queue_5_payload_uop_inst[25]_i_8_n_0
    SLICE_X64Y106        LUT4 (Prop_lut4_I2_O)        0.126     9.733 r  u_wb/defaultClockArea_cpu/IntIssueQueuePlugin_queue_3_payload_uop_inst[25]_i_5/O
                         net (fo=150, routed)         1.171    10.904    u_wb/defaultClockArea_cpu/when_WeBattleDenseIssueQueueState_l106_11
    SLICE_X66Y111        LUT6 (Prop_lut6_I2_O)        0.283    11.187 r  u_wb/defaultClockArea_cpu/IntIssueQueuePlugin_queue_3_payload_rRegs_0_payload[4]_i_2/O
                         net (fo=1, routed)           0.243    11.430    u_wb/defaultClockArea_cpu/IntIssueQueuePlugin_queue_3_payload_rRegs_0_payload[4]_i_2_n_0
    SLICE_X66Y109        LUT5 (Prop_lut5_I4_O)        0.105    11.535 r  u_wb/defaultClockArea_cpu/IntIssueQueuePlugin_queue_3_payload_rRegs_0_payload[4]_i_1/O
                         net (fo=9, routed)           0.888    12.423    u_wb/defaultClockArea_cpu/_zz_IntIssueQueuePlugin_queue_3_payload_rRegs_0_payload_1[4]
    SLICE_X59Y102        LUT6 (Prop_lut6_I3_O)        0.105    12.528 f  u_wb/defaultClockArea_cpu/IntIssueQueuePlugin_queue_3_payload_rRegs_0_valid_i_28/O
                         net (fo=1, routed)           0.679    13.206    u_wb/defaultClockArea_cpu/weBattleMulDivUnit_1/divider/IntIssueQueuePlugin_queue_3_payload_rRegs_0_valid_reg_5
    SLICE_X57Y102        LUT6 (Prop_lut6_I3_O)        0.105    13.311 r  u_wb/defaultClockArea_cpu/weBattleMulDivUnit_1/divider/IntIssueQueuePlugin_queue_3_payload_rRegs_0_valid_i_7/O
                         net (fo=1, routed)           0.501    13.812    u_wb/defaultClockArea_cpu/weBattleMulDivUnit_1/divider/IntIssueQueuePlugin_queue_3_payload_rRegs_0_valid_i_7_n_0
    SLICE_X51Y102        LUT3 (Prop_lut3_I2_O)        0.105    13.917 r  u_wb/defaultClockArea_cpu/weBattleMulDivUnit_1/divider/IntIssueQueuePlugin_queue_3_payload_rRegs_0_valid_i_2_comp/O
                         net (fo=1, routed)           0.670    14.588    u_wb/defaultClockArea_cpu/weBattleMulDivUnit_1/divider/IntIssueQueuePlugin_queue_3_payload_rRegs_0_valid_i_2_n_0
    SLICE_X54Y102        LUT6 (Prop_lut6_I4_O)        0.105    14.693 r  u_wb/defaultClockArea_cpu/weBattleMulDivUnit_1/divider/IntIssueQueuePlugin_queue_3_payload_rRegs_0_valid_i_1_comp/O
                         net (fo=1, routed)           0.000    14.693    u_wb/defaultClockArea_cpu/weBattleMulDivUnit_1_n_149
    SLICE_X54Y102        FDRE                                         r  u_wb/defaultClockArea_cpu/IntIssueQueuePlugin_queue_3_payload_rRegs_0_valid_reg/D
  -------------------------------------------------------------------    -------------------

                         (clock aclk rise edge)      10.000    10.000 r  
    L22                                               0.000    10.000 r  aclk (IN)
                         net (fo=0)                   0.000    10.000    aclk
    L22                  IBUF (Prop_ibuf_I_O)         0.762    10.762 r  aclk_IBUF_inst/O
                         net (fo=1, routed)           1.734    12.496    aclk_IBUF
    BUFGCTRL_X0Y3        BUFG (Prop_bufg_I_O)         0.077    12.573 r  aclk_IBUF_BUFG_inst_replica_2/O
                         net (fo=11, routed)          0.112    12.685    aclk_IBUF_BUFG_repN_2
    BUFGCTRL_X0Y2        BUFG (Prop_bufg_I_O)         0.077    12.762 r  aclk_IBUF_BUFG_inst_replica_1/O
                         net (fo=24, routed)          0.112    12.874    aclk_IBUF_BUFG_repN_1
    BUFGCTRL_X0Y1        BUFG (Prop_bufg_I_O)         0.077    12.951 r  aclk_IBUF_BUFG_inst_replica/O
                         net (fo=71, routed)          0.112    13.063    aclk_IBUF_BUFG_repN
    BUFGCTRL_X0Y0        BUFG (Prop_bufg_I_O)         0.077    13.140 r  aclk_IBUF_BUFG_inst/O
                         net (fo=20502, routed)       1.301    14.441    u_wb/defaultClockArea_cpu/aclk_IBUF_BUFG
    SLICE_X54Y102        FDRE                                         r  u_wb/defaultClockArea_cpu/IntIssueQueuePlugin_queue_3_payload_rRegs_0_valid_reg/C
                         clock pessimism              0.324    14.764    
                         clock uncertainty           -0.035    14.729    
    SLICE_X54Y102        FDRE (Setup_fdre_C_D)        0.030    14.759    u_wb/defaultClockArea_cpu/IntIssueQueuePlugin_queue_3_payload_rRegs_0_valid_reg
  -------------------------------------------------------------------
                         required time                         14.759    
                         arrival time                         -14.693    
  -------------------------------------------------------------------
                         slack                                  0.066    

Slack (MET) :             0.067ns  (required time - arrival time)
  Source:                 u_wb/defaultClockArea_cpu/_zz_ROBFIFOPlugin_fifoIO_pop_0_payload_state_mispredict_16_reg/C
                            (rising edge-triggered cell FDRE clocked by aclk  {rise@0.000ns fall@5.000ns period=10.000ns})
  Destination:            u_wb/defaultClockArea_cpu/_zz_when_WeBattleRenameState_l144_reg[4]/D
                            (rising edge-triggered cell FDCE clocked by aclk  {rise@0.000ns fall@5.000ns period=10.000ns})
  Path Group:             aclk
  Path Type:              Setup (Max at Slow Process Corner)
  Requirement:            10.000ns  (aclk rise@10.000ns - aclk rise@0.000ns)
  Data Path Delay:        10.155ns  (logic 2.878ns (28.339%)  route 7.277ns (71.661%))
  Logic Levels:           14  (CARRY4=2 LUT2=2 LUT3=1 LUT4=1 LUT5=2 LUT6=5 MUXF7=1)
  Clock Path Skew:        0.189ns (DCD - SCD + CPR)
    Destination Clock Delay (DCD):    4.660ns = ( 14.660 - 10.000 ) 
    Source Clock Delay      (SCD):    4.719ns
    Clock Pessimism Removal (CPR):    0.248ns
  Clock Uncertainty:      0.035ns  ((TSJ^2 + TIJ^2)^1/2 + DJ) / 2 + PE
    Total System Jitter     (TSJ):    0.071ns
    Total Input Jitter      (TIJ):    0.000ns
    Discrete Jitter          (DJ):    0.000ns
    Phase Error              (PE):    0.000ns

    Location             Delay type                Incr(ns)  Path(ns)    Netlist Resource(s)
  -------------------------------------------------------------------    -------------------
                         (clock aclk rise edge)       0.000     0.000 r  
    L22                                               0.000     0.000 r  aclk (IN)
                         net (fo=0)                   0.000     0.000    aclk
    L22                  IBUF (Prop_ibuf_I_O)         0.893     0.893 r  aclk_IBUF_inst/O
                         net (fo=1, routed)           1.827     2.720    aclk_IBUF
    BUFGCTRL_X0Y3        BUFG (Prop_bufg_I_O)         0.081     2.801 r  aclk_IBUF_BUFG_inst_replica_2/O
                         net (fo=11, routed)          0.118     2.919    aclk_IBUF_BUFG_repN_2
    BUFGCTRL_X0Y2        BUFG (Prop_bufg_I_O)         0.081     3.000 r  aclk_IBUF_BUFG_inst_replica_1/O
                         net (fo=24, routed)          0.118     3.118    aclk_IBUF_BUFG_repN_1
    BUFGCTRL_X0Y1        BUFG (Prop_bufg_I_O)         0.081     3.199 r  aclk_IBUF_BUFG_inst_replica/O
                         net (fo=71, routed)          1.520     4.719    u_wb/defaultClockArea_cpu/aclk_IBUF_BUFG_repN_alias
    SLICE_X76Y74         FDRE                                         r  u_wb/defaultClockArea_cpu/_zz_ROBFIFOPlugin_fifoIO_pop_0_payload_state_mispredict_16_reg/C
  -------------------------------------------------------------------    -------------------
    SLICE_X76Y74         FDRE (Prop_fdre_C_Q)         0.433     5.152 f  u_wb/defaultClockArea_cpu/_zz_ROBFIFOPlugin_fifoIO_pop_0_payload_state_mispredict_16_reg/Q
                         net (fo=2, routed)           1.482     6.633    u_wb/defaultClockArea_cpu/weBattleCheckpointRAS_1/_zz_ROBFIFOPlugin_fifoIO_pop_0_payload_state_mispredict_16
    SLICE_X59Y73         LUT6 (Prop_lut6_I5_O)        0.105     6.738 f  u_wb/defaultClockArea_cpu/weBattleCheckpointRAS_1/DISPATCH_arbitration_isValid_i_29/O
                         net (fo=1, routed)           0.000     6.738    u_wb/defaultClockArea_cpu/weBattleCheckpointRAS_1/DISPATCH_arbitration_isValid_i_29_n_0
    SLICE_X59Y73         MUXF7 (Prop_muxf7_I0_O)      0.178     6.916 f  u_wb/defaultClockArea_cpu/weBattleCheckpointRAS_1/DISPATCH_arbitration_isValid_reg_i_15/O
                         net (fo=1, routed)           0.454     7.370    u_wb/defaultClockArea_cpu/weBattleCheckpointRAS_1/DISPATCH_arbitration_isValid_reg_i_15_n_0
    SLICE_X59Y72         LUT6 (Prop_lut6_I2_O)        0.252     7.622 f  u_wb/defaultClockArea_cpu/weBattleCheckpointRAS_1/DISPATCH_arbitration_isValid_i_8/O
                         net (fo=1, routed)           0.484     8.106    u_wb/defaultClockArea_cpu/weBattleCheckpointRAS_1/DISPATCH_arbitration_isValid_i_8_n_0
    SLICE_X55Y71         LUT6 (Prop_lut6_I4_O)        0.105     8.211 f  u_wb/defaultClockArea_cpu/weBattleCheckpointRAS_1/DISPATCH_arbitration_isValid_i_5/O
                         net (fo=14, routed)          0.699     8.911    u_wb/defaultClockArea_cpu/weBattleFetchQueue_1/WeBattleCommitPlugin_regFlush_reg
    SLICE_X54Y72         LUT2 (Prop_lut2_I0_O)        0.124     9.035 f  u_wb/defaultClockArea_cpu/weBattleFetchQueue_1/DISPATCH_arbitration_isValid_i_3/O
                         net (fo=6, routed)           0.636     9.670    u_wb/defaultClockArea_cpu/weBattleFetchQueue_1_n_147
    SLICE_X52Y74         LUT6 (Prop_lut6_I5_O)        0.267     9.937 r  u_wb/defaultClockArea_cpu/debug0_wb_pc_OBUF[31]_inst_i_20/O
                         net (fo=8, routed)           0.274    10.211    u_wb/defaultClockArea_cpu/defaultClockArea_cpu_ROBFIFOPlugin_debug_fifoIO_pop_1_ready
    SLICE_X51Y75         LUT5 (Prop_lut5_I0_O)        0.105    10.316 r  u_wb/defaultClockArea_cpu/debug0_wb_pc_OBUF[31]_inst_i_22/O
                         net (fo=4, routed)           1.240    11.557    u_wb/defaultClockArea_cpu/defaultClockArea_cpu_ROBFIFOPlugin_debug_fifoIO_pop_2_ready
    SLICE_X23Y88         LUT6 (Prop_lut6_I2_O)        0.105    11.662 r  u_wb/defaultClockArea_cpu/_zz_RENAME_RENAME_RECORDS_0_rRegs_0_35[5]_i_11/O
                         net (fo=35, routed)          0.565    12.227    u_wb/defaultClockArea_cpu/_zz_RENAME_RENAME_RECORDS_0_rRegs_0_35[5]_i_11_n_0
    SLICE_X23Y89         LUT3 (Prop_lut3_I0_O)        0.105    12.332 f  u_wb/defaultClockArea_cpu/_zz_RENAME_RENAME_RECORDS_0_wReg_32[0]_i_2/O
                         net (fo=8, routed)           0.430    12.762    u_wb/defaultClockArea_cpu/_zz_RENAME_RENAME_RECORDS_0_wReg_32[0]_i_2_n_0
    SLICE_X25Y89         LUT5 (Prop_lut5_I4_O)        0.105    12.867 r  u_wb/defaultClockArea_cpu/_zz_when_WeBattleRenameState_l144[3]_i_4/O
                         net (fo=2, routed)           0.549    13.417    u_wb/defaultClockArea_cpu/_zz_when_WeBattleRenameState_l144[3]_i_4_n_0
    SLICE_X24Y89         LUT4 (Prop_lut4_I0_O)        0.105    13.522 r  u_wb/defaultClockArea_cpu/_zz_when_WeBattleRenameState_l144[3]_i_7/O
                         net (fo=1, routed)           0.000    13.522    u_wb/defaultClockArea_cpu/_zz_when_WeBattleRenameState_l144[3]_i_7_n_0
    SLICE_X24Y89         CARRY4 (Prop_carry4_S[1]_CO[3])
                                                      0.457    13.979 r  u_wb/defaultClockArea_cpu/_zz_when_WeBattleRenameState_l144_reg[3]_i_2/CO[3]
                         net (fo=1, routed)           0.000    13.979    u_wb/defaultClockArea_cpu/_zz_when_WeBattleRenameState_l144_reg[3]_i_2_n_0
    SLICE_X24Y90         CARRY4 (Prop_carry4_CI_O[0])
                                                      0.180    14.159 r  u_wb/defaultClockArea_cpu/_zz_when_WeBattleRenameState_l144_reg[5]_i_2/O[0]
                         net (fo=1, routed)           0.463    14.622    u_wb/defaultClockArea_cpu/_zz_when_WeBattleRenameState_l144_reg[5]_i_2_n_7
    SLICE_X25Y90         LUT2 (Prop_lut2_I0_O)        0.252    14.874 r  u_wb/defaultClockArea_cpu/_zz_when_WeBattleRenameState_l144[4]_i_1/O
                         net (fo=1, routed)           0.000    14.874    u_wb/defaultClockArea_cpu/_zz_when_WeBattleRenameState_l144[4]_i_1_n_0
    SLICE_X25Y90         FDCE                                         r  u_wb/defaultClockArea_cpu/_zz_when_WeBattleRenameState_l144_reg[4]/D
  -------------------------------------------------------------------    -------------------

                         (clock aclk rise edge)      10.000    10.000 r  
    L22                                               0.000    10.000 r  aclk (IN)
                         net (fo=0)                   0.000    10.000    aclk
    L22                  IBUF (Prop_ibuf_I_O)         0.762    10.762 r  aclk_IBUF_inst/O
                         net (fo=1, routed)           1.734    12.496    aclk_IBUF
    BUFGCTRL_X0Y3        BUFG (Prop_bufg_I_O)         0.077    12.573 r  aclk_IBUF_BUFG_inst_replica_2/O
                         net (fo=11, routed)          0.112    12.685    aclk_IBUF_BUFG_repN_2
    BUFGCTRL_X0Y2        BUFG (Prop_bufg_I_O)         0.077    12.762 r  aclk_IBUF_BUFG_inst_replica_1/O
                         net (fo=24, routed)          0.112    12.874    aclk_IBUF_BUFG_repN_1
    BUFGCTRL_X0Y1        BUFG (Prop_bufg_I_O)         0.077    12.951 r  aclk_IBUF_BUFG_inst_replica/O
                         net (fo=71, routed)          0.112    13.063    aclk_IBUF_BUFG_repN
    BUFGCTRL_X0Y0        BUFG (Prop_bufg_I_O)         0.077    13.140 r  aclk_IBUF_BUFG_inst/O
                         net (fo=20502, routed)       1.520    14.660    u_wb/defaultClockArea_cpu/aclk_IBUF_BUFG
    SLICE_X25Y90         FDCE                                         r  u_wb/defaultClockArea_cpu/_zz_when_WeBattleRenameState_l144_reg[4]/C
                         clock pessimism              0.248    14.908    
                         clock uncertainty           -0.035    14.872    
    SLICE_X25Y90         FDCE (Setup_fdce_C_D)        0.069    14.941    u_wb/defaultClockArea_cpu/_zz_when_WeBattleRenameState_l144_reg[4]
  -------------------------------------------------------------------
                         required time                         14.941    
                         arrival time                         -14.874    
  -------------------------------------------------------------------
                         slack                                  0.067    

Slack (MET) :             0.071ns  (required time - arrival time)
  Source:                 u_wb/defaultClockArea_cpu/weBattleFetchQueue_1/head_reg[1]/C
                            (rising edge-triggered cell FDCE clocked by aclk  {rise@0.000ns fall@5.000ns period=10.000ns})
  Destination:            u_wb/defaultClockArea_cpu/ID_to_RENAME_DECODE_PACKET_2_payload_except_payload_code_reg[5]/D
                            (rising edge-triggered cell FDRE clocked by aclk  {rise@0.000ns fall@5.000ns period=10.000ns})
  Path Group:             aclk
  Path Type:              Setup (Max at Slow Process Corner)
  Requirement:            10.000ns  (aclk rise@10.000ns - aclk rise@0.000ns)
  Data Path Delay:        10.115ns  (logic 2.296ns (22.698%)  route 7.819ns (77.302%))
  Logic Levels:           12  (LUT2=1 LUT3=1 LUT4=2 LUT5=4 LUT6=3 MUXF7=1)
  Clock Path Skew:        0.116ns (DCD - SCD + CPR)
    Destination Clock Delay (DCD):    4.728ns = ( 14.728 - 10.000 ) 
    Source Clock Delay      (SCD):    4.943ns
    Clock Pessimism Removal (CPR):    0.331ns
  Clock Uncertainty:      0.035ns  ((TSJ^2 + TIJ^2)^1/2 + DJ) / 2 + PE
    Total System Jitter     (TSJ):    0.071ns
    Total Input Jitter      (TIJ):    0.000ns
    Discrete Jitter          (DJ):    0.000ns
    Phase Error              (PE):    0.000ns

    Location             Delay type                Incr(ns)  Path(ns)    Netlist Resource(s)
  -------------------------------------------------------------------    -------------------
                         (clock aclk rise edge)       0.000     0.000 r  
    L22                                               0.000     0.000 r  aclk (IN)
                         net (fo=0)                   0.000     0.000    aclk
    L22                  IBUF (Prop_ibuf_I_O)         0.893     0.893 r  aclk_IBUF_inst/O
                         net (fo=1, routed)           1.827     2.720    aclk_IBUF
    BUFGCTRL_X0Y3        BUFG (Prop_bufg_I_O)         0.081     2.801 r  aclk_IBUF_BUFG_inst_replica_2/O
                         net (fo=11, routed)          0.118     2.919    aclk_IBUF_BUFG_repN_2
    BUFGCTRL_X0Y2        BUFG (Prop_bufg_I_O)         0.081     3.000 r  aclk_IBUF_BUFG_inst_replica_1/O
                         net (fo=24, routed)          0.118     3.118    aclk_IBUF_BUFG_repN_1
    BUFGCTRL_X0Y1        BUFG (Prop_bufg_I_O)         0.081     3.199 r  aclk_IBUF_BUFG_inst_replica/O
                         net (fo=71, routed)          0.118     3.317    aclk_IBUF_BUFG_repN
    BUFGCTRL_X0Y0        BUFG (Prop_bufg_I_O)         0.081     3.398 r  aclk_IBUF_BUFG_inst/O
                         net (fo=20502, routed)       1.545     4.943    u_wb/defaultClockArea_cpu/weBattleFetchQueue_1/aclk_IBUF_BUFG
    SLICE_X46Y68         FDCE                                         r  u_wb/defaultClockArea_cpu/weBattleFetchQueue_1/head_reg[1]/C
  -------------------------------------------------------------------    -------------------
    SLICE_X46Y68         FDCE (Prop_fdce_C_Q)         0.433     5.376 r  u_wb/defaultClockArea_cpu/weBattleFetchQueue_1/head_reg[1]/Q
                         net (fo=134, routed)         1.341     6.717    u_wb/defaultClockArea_cpu/weBattleFetchQueue_1/head[1]
    SLICE_X27Y59         LUT6 (Prop_lut6_I2_O)        0.105     6.822 f  u_wb/defaultClockArea_cpu/weBattleFetchQueue_1/ID_to_RENAME_DECODE_PACKET_2_payload_inst[31]_i_2/O
                         net (fo=1, routed)           0.000     6.822    u_wb/defaultClockArea_cpu/weBattleFetchQueue_1/ID_to_RENAME_DECODE_PACKET_2_payload_inst[31]_i_2_n_0
    SLICE_X27Y59         MUXF7 (Prop_muxf7_I0_O)      0.178     7.000 f  u_wb/defaultClockArea_cpu/weBattleFetchQueue_1/ID_to_RENAME_DECODE_PACKET_2_payload_inst_reg[31]_i_1/O
                         net (fo=16, routed)          1.794     8.793    u_wb/defaultClockArea_cpu/weBattleFetchQueue_1/head_reg[2]_rep_5[31]
    SLICE_X9Y84          LUT5 (Prop_lut5_I2_O)        0.268     9.061 r  u_wb/defaultClockArea_cpu/weBattleFetchQueue_1/ID_to_RENAME_DECODE_PACKET_2_payload_isWait_i_3/O
                         net (fo=20, routed)          0.846     9.907    u_wb/defaultClockArea_cpu/weBattleFetchQueue_1/ID_to_RENAME_DECODE_PACKET_2_payload_isWait_i_3_n_0
    SLICE_X4Y81          LUT4 (Prop_lut4_I3_O)        0.268    10.175 f  u_wb/defaultClockArea_cpu/weBattleFetchQueue_1/ID_to_RENAME_DECODE_PACKET_2_payload_isErtn_i_5/O
                         net (fo=3, routed)           0.472    10.647    u_wb/defaultClockArea_cpu/weBattleFetchQueue_1/ID_to_RENAME_DECODE_PACKET_2_payload_isErtn_i_5_n_0
    SLICE_X7Y81          LUT5 (Prop_lut5_I4_O)        0.105    10.752 r  u_wb/defaultClockArea_cpu/weBattleFetchQueue_1/ID_to_RENAME_DECODE_PACKET_2_payload_isErtn_i_2/O
                         net (fo=3, routed)           0.655    11.407    u_wb/defaultClockArea_cpu/weBattleFetchQueue_1/ID_to_RENAME_DECODE_PACKET_2_payload_isErtn_i_2_n_0
    SLICE_X11Y82         LUT5 (Prop_lut5_I0_O)        0.105    11.512 r  u_wb/defaultClockArea_cpu/weBattleFetchQueue_1/ID_to_RENAME_DECODE_PACKET_2_payload_except_payload_code[5]_i_22/O
                         net (fo=2, routed)           0.534    12.045    u_wb/defaultClockArea_cpu/weBattleFetchQueue_1/ID_to_RENAME_DECODE_PACKET_2_payload_except_payload_code[5]_i_22_n_0
    SLICE_X7Y82          LUT4 (Prop_lut4_I0_O)        0.105    12.150 r  u_wb/defaultClockArea_cpu/weBattleFetchQueue_1/ID_to_RENAME_DECODE_PACKET_2_payload_except_payload_code[5]_i_13/O
                         net (fo=2, routed)           0.630    12.781    u_wb/defaultClockArea_cpu/weBattleFetchQueue_1/ID_to_RENAME_DECODE_PACKET_2_payload_except_payload_code[5]_i_13_n_0
    SLICE_X6Y82          LUT2 (Prop_lut2_I0_O)        0.127    12.908 r  u_wb/defaultClockArea_cpu/weBattleFetchQueue_1/ID_to_RENAME_DECODE_PACKET_2_payload_except_payload_code[5]_i_7/O
                         net (fo=3, routed)           0.483    13.391    u_wb/defaultClockArea_cpu/weBattleFetchQueue_1/ID_to_RENAME_DECODE_PACKET_2_payload_except_payload_code[5]_i_7_n_0
    SLICE_X5Y82          LUT6 (Prop_lut6_I0_O)        0.286    13.677 r  u_wb/defaultClockArea_cpu/weBattleFetchQueue_1/ID_to_RENAME_DECODE_PACKET_2_payload_except_payload_code[5]_i_27/O
                         net (fo=1, routed)           0.267    13.944    u_wb/defaultClockArea_cpu/weBattleFetchQueue_1/ID_to_RENAME_DECODE_PACKET_2_payload_except_payload_code[5]_i_27_n_0
    SLICE_X4Y82          LUT5 (Prop_lut5_I4_O)        0.105    14.049 f  u_wb/defaultClockArea_cpu/weBattleFetchQueue_1/ID_to_RENAME_DECODE_PACKET_2_payload_except_payload_code[5]_i_19/O
                         net (fo=3, routed)           0.348    14.396    u_wb/defaultClockArea_cpu/weBattleFetchQueue_1/ID_to_RENAME_DECODE_PACKET_2_payload_except_payload_code[5]_i_19_n_0
    SLICE_X4Y81          LUT6 (Prop_lut6_I5_O)        0.105    14.501 f  u_wb/defaultClockArea_cpu/weBattleFetchQueue_1/ID_to_RENAME_DECODE_PACKET_2_payload_except_payload_code[5]_i_8/O
                         net (fo=3, routed)           0.451    14.952    u_wb/defaultClockArea_cpu/weBattleFetchQueue_1/ID_DecoderArray_decoders_2_uop_except_valid
    SLICE_X6Y80          LUT3 (Prop_lut3_I0_O)        0.106    15.058 r  u_wb/defaultClockArea_cpu/weBattleFetchQueue_1/ID_to_RENAME_DECODE_PACKET_2_payload_except_payload_code[5]_i_2/O
                         net (fo=1, routed)           0.000    15.058    u_wb/defaultClockArea_cpu/ID_DecoderArray_decoders_2_uop_except_payload_code[5]
    SLICE_X6Y80          FDRE                                         r  u_wb/defaultClockArea_cpu/ID_to_RENAME_DECODE_PACKET_2_payload_except_payload_code_reg[5]/D
  -------------------------------------------------------------------    -------------------

                         (clock aclk rise edge)      10.000    10.000 r  
    L22                                               0.000    10.000 r  aclk (IN)
                         net (fo=0)                   0.000    10.000    aclk
    L22                  IBUF (Prop_ibuf_I_O)         0.762    10.762 r  aclk_IBUF_inst/O
                         net (fo=1, routed)           1.734    12.496    aclk_IBUF
    BUFGCTRL_X0Y3        BUFG (Prop_bufg_I_O)         0.077    12.573 r  aclk_IBUF_BUFG_inst_replica_2/O
                         net (fo=11, routed)          0.112    12.685    aclk_IBUF_BUFG_repN_2
    BUFGCTRL_X0Y2        BUFG (Prop_bufg_I_O)         0.077    12.762 r  aclk_IBUF_BUFG_inst_replica_1/O
                         net (fo=24, routed)          0.112    12.874    aclk_IBUF_BUFG_repN_1
    BUFGCTRL_X0Y1        BUFG (Prop_bufg_I_O)         0.077    12.951 r  aclk_IBUF_BUFG_inst_replica/O
                         net (fo=71, routed)          0.112    13.063    aclk_IBUF_BUFG_repN
    BUFGCTRL_X0Y0        BUFG (Prop_bufg_I_O)         0.077    13.140 r  aclk_IBUF_BUFG_inst/O
                         net (fo=20502, routed)       1.588    14.728    u_wb/defaultClockArea_cpu/aclk_IBUF_BUFG
    SLICE_X6Y80          FDRE                                         r  u_wb/defaultClockArea_cpu/ID_to_RENAME_DECODE_PACKET_2_payload_except_payload_code_reg[5]/C
                         clock pessimism              0.331    15.059    
                         clock uncertainty           -0.035    15.023    
    SLICE_X6Y80          FDRE (Setup_fdre_C_D)        0.106    15.129    u_wb/defaultClockArea_cpu/ID_to_RENAME_DECODE_PACKET_2_payload_except_payload_code_reg[5]
  -------------------------------------------------------------------
                         required time                         15.129    
                         arrival time                         -15.058    
  -------------------------------------------------------------------
                         slack                                  0.071    

Slack (MET) :             0.078ns  (required time - arrival time)
  Source:                 u_wb/defaultClockArea_cpu/_zz_ROBFIFOPlugin_popPtr_reg[1]_rep__17/C
                            (rising edge-triggered cell FDCE clocked by aclk  {rise@0.000ns fall@5.000ns period=10.000ns})
  Destination:            u_wb/defaultClockArea_cpu/MMUPlugin_TLBTable_9_E_reg/D
                            (rising edge-triggered cell FDCE clocked by aclk  {rise@0.000ns fall@5.000ns period=10.000ns})
  Path Group:             aclk
  Path Type:              Setup (Max at Slow Process Corner)
  Requirement:            10.000ns  (aclk rise@10.000ns - aclk rise@0.000ns)
  Data Path Delay:        9.927ns  (logic 2.316ns (23.329%)  route 7.611ns (76.671%))
  Logic Levels:           12  (CARRY4=2 LUT2=1 LUT3=1 LUT5=2 LUT6=5 MUXF7=1)
  Clock Path Skew:        -0.031ns (DCD - SCD + CPR)
    Destination Clock Delay (DCD):    4.569ns = ( 14.569 - 10.000 ) 
    Source Clock Delay      (SCD):    4.931ns
    Clock Pessimism Removal (CPR):    0.331ns
  Clock Uncertainty:      0.035ns  ((TSJ^2 + TIJ^2)^1/2 + DJ) / 2 + PE
    Total System Jitter     (TSJ):    0.071ns
    Total Input Jitter      (TIJ):    0.000ns
    Discrete Jitter          (DJ):    0.000ns
    Phase Error              (PE):    0.000ns

    Location             Delay type                Incr(ns)  Path(ns)    Netlist Resource(s)
  -------------------------------------------------------------------    -------------------
                         (clock aclk rise edge)       0.000     0.000 r  
    L22                                               0.000     0.000 r  aclk (IN)
                         net (fo=0)                   0.000     0.000    aclk
    L22                  IBUF (Prop_ibuf_I_O)         0.893     0.893 r  aclk_IBUF_inst/O
                         net (fo=1, routed)           1.827     2.720    aclk_IBUF
    BUFGCTRL_X0Y3        BUFG (Prop_bufg_I_O)         0.081     2.801 r  aclk_IBUF_BUFG_inst_replica_2/O
                         net (fo=11, routed)          0.118     2.919    aclk_IBUF_BUFG_repN_2
    BUFGCTRL_X0Y2        BUFG (Prop_bufg_I_O)         0.081     3.000 r  aclk_IBUF_BUFG_inst_replica_1/O
                         net (fo=24, routed)          0.118     3.118    aclk_IBUF_BUFG_repN_1
    BUFGCTRL_X0Y1        BUFG (Prop_bufg_I_O)         0.081     3.199 r  aclk_IBUF_BUFG_inst_replica/O
                         net (fo=71, routed)          0.118     3.317    aclk_IBUF_BUFG_repN
    BUFGCTRL_X0Y0        BUFG (Prop_bufg_I_O)         0.081     3.398 r  aclk_IBUF_BUFG_inst/O
                         net (fo=20502, routed)       1.533     4.931    u_wb/defaultClockArea_cpu/aclk_IBUF_BUFG
    SLICE_X73Y80         FDCE                                         r  u_wb/defaultClockArea_cpu/_zz_ROBFIFOPlugin_popPtr_reg[1]_rep__17/C
  -------------------------------------------------------------------    -------------------
    SLICE_X73Y80         FDCE (Prop_fdce_C_Q)         0.379     5.310 r  u_wb/defaultClockArea_cpu/_zz_ROBFIFOPlugin_popPtr_reg[1]_rep__17/Q
                         net (fo=124, routed)         1.553     6.863    u_wb/defaultClockArea_cpu/GlobalPredictorBTBPlugin_btb/rams_0/ExceptionHandlerPlugin_EENTRY_VA_reg[1]_i_5_0
    SLICE_X104Y82        LUT6 (Prop_lut6_I2_O)        0.105     6.968 r  u_wb/defaultClockArea_cpu/GlobalPredictorBTBPlugin_btb/rams_0/ExceptionHandlerPlugin_EENTRY_VA[13]_i_13/O
                         net (fo=1, routed)           0.000     6.968    u_wb/defaultClockArea_cpu/GlobalPredictorBTBPlugin_btb/rams_0/ExceptionHandlerPlugin_EENTRY_VA[13]_i_13_n_0
    SLICE_X104Y82        MUXF7 (Prop_muxf7_I1_O)      0.178     7.146 r  u_wb/defaultClockArea_cpu/GlobalPredictorBTBPlugin_btb/rams_0/ExceptionHandlerPlugin_EENTRY_VA_reg[13]_i_6/O
                         net (fo=1, routed)           1.229     8.375    u_wb/defaultClockArea_cpu/GlobalPredictorBTBPlugin_btb/rams_0/ExceptionHandlerPlugin_EENTRY_VA_reg[13]_i_6_n_0
    SLICE_X87Y90         LUT6 (Prop_lut6_I3_O)        0.241     8.616 r  u_wb/defaultClockArea_cpu/GlobalPredictorBTBPlugin_btb/rams_0/ExceptionHandlerPlugin_EENTRY_VA[13]_i_3/O
                         net (fo=1, routed)           0.892     9.508    u_wb/defaultClockArea_cpu/GlobalPredictorBTBPlugin_btb/rams_0/_zz_ROBFIFOPlugin_fifoIO_pop_0_payload_state_intResult_36[19]
    SLICE_X66Y86         LUT5 (Prop_lut5_I4_O)        0.105     9.613 r  u_wb/defaultClockArea_cpu/GlobalPredictorBTBPlugin_btb/rams_0/ExceptionHandlerPlugin_EENTRY_VA[13]_i_2/O
                         net (fo=1, routed)           0.552    10.166    u_wb/defaultClockArea_cpu/GlobalPredictorBTBPlugin_btb/rams_0/ExceptionHandlerPlugin_EENTRY_VA[13]_i_2_n_0
    SLICE_X65Y82         LUT6 (Prop_lut6_I4_O)        0.105    10.271 r  u_wb/defaultClockArea_cpu/GlobalPredictorBTBPlugin_btb/rams_0/ExceptionHandlerPlugin_EENTRY_VA[13]_i_1/O
                         net (fo=22, routed)          1.232    11.503    u_wb/defaultClockArea_cpu/GlobalPredictorBTBPlugin_btb_n_38
    SLICE_X50Y58         LUT2 (Prop_lut2_I1_O)        0.105    11.608 r  u_wb/defaultClockArea_cpu/MMUPlugin_TLBTable_0_E_i_46/O
                         net (fo=16, routed)          0.683    12.291    u_wb/defaultClockArea_cpu/MMUPlugin_TLBTable_0_E_i_46_n_0
    SLICE_X58Y56         LUT6 (Prop_lut6_I4_O)        0.105    12.396 r  u_wb/defaultClockArea_cpu/MMUPlugin_TLBTable_9_E_i_20/O
                         net (fo=1, routed)           0.000    12.396    u_wb/defaultClockArea_cpu/MMUPlugin_TLBTable_9_E_i_20_n_0
    SLICE_X58Y56         CARRY4 (Prop_carry4_S[3]_CO[3])
                                                      0.332    12.728 r  u_wb/defaultClockArea_cpu/MMUPlugin_TLBTable_9_E_reg_i_13/CO[3]
                         net (fo=1, routed)           0.000    12.728    u_wb/defaultClockArea_cpu/MMUPlugin_TLBTable_9_E_reg_i_13_n_0
    SLICE_X58Y57         CARRY4 (Prop_carry4_CI_CO[2])
                                                      0.190    12.918 r  u_wb/defaultClockArea_cpu/MMUPlugin_TLBTable_9_E_reg_i_7/CO[2]
                         net (fo=1, routed)           0.437    13.354    u_wb/defaultClockArea_cpu/MMUPlugin_TLBTable_9_E_reg_i_7_n_1
    SLICE_X59Y59         LUT3 (Prop_lut3_I0_O)        0.261    13.615 r  u_wb/defaultClockArea_cpu/MMUPlugin_TLBTable_9_E_i_5/O
                         net (fo=1, routed)           0.798    14.413    u_wb/defaultClockArea_cpu/MMUPlugin_TLBTable_9_E_i_5_n_0
    SLICE_X68Y57         LUT6 (Prop_lut6_I0_O)        0.105    14.518 r  u_wb/defaultClockArea_cpu/MMUPlugin_TLBTable_9_E_i_3/O
                         net (fo=1, routed)           0.234    14.753    u_wb/defaultClockArea_cpu/MMUPlugin_TLBTable_9_E_i_3_n_0
    SLICE_X68Y56         LUT5 (Prop_lut5_I1_O)        0.105    14.858 r  u_wb/defaultClockArea_cpu/MMUPlugin_TLBTable_9_E_i_1/O
                         net (fo=1, routed)           0.000    14.858    u_wb/defaultClockArea_cpu/MMUPlugin_TLBTable_9_E_i_1_n_0
    SLICE_X68Y56         FDCE                                         r  u_wb/defaultClockArea_cpu/MMUPlugin_TLBTable_9_E_reg/D
  -------------------------------------------------------------------    -------------------

                         (clock aclk rise edge)      10.000    10.000 r  
    L22                                               0.000    10.000 r  aclk (IN)
                         net (fo=0)                   0.000    10.000    aclk
    L22                  IBUF (Prop_ibuf_I_O)         0.762    10.762 r  aclk_IBUF_inst/O
                         net (fo=1, routed)           1.734    12.496    aclk_IBUF
    BUFGCTRL_X0Y3        BUFG (Prop_bufg_I_O)         0.077    12.573 r  aclk_IBUF_BUFG_inst_replica_2/O
                         net (fo=11, routed)          0.112    12.685    aclk_IBUF_BUFG_repN_2
    BUFGCTRL_X0Y2        BUFG (Prop_bufg_I_O)         0.077    12.762 r  aclk_IBUF_BUFG_inst_replica_1/O
                         net (fo=24, routed)          0.112    12.874    aclk_IBUF_BUFG_repN_1
    BUFGCTRL_X0Y1        BUFG (Prop_bufg_I_O)         0.077    12.951 r  aclk_IBUF_BUFG_inst_replica/O
                         net (fo=71, routed)          0.112    13.063    aclk_IBUF_BUFG_repN
    BUFGCTRL_X0Y0        BUFG (Prop_bufg_I_O)         0.077    13.140 r  aclk_IBUF_BUFG_inst/O
                         net (fo=20502, routed)       1.429    14.569    u_wb/defaultClockArea_cpu/aclk_IBUF_BUFG
    SLICE_X68Y56         FDCE                                         r  u_wb/defaultClockArea_cpu/MMUPlugin_TLBTable_9_E_reg/C
                         clock pessimism              0.331    14.900    
                         clock uncertainty           -0.035    14.864    
    SLICE_X68Y56         FDCE (Setup_fdce_C_D)        0.072    14.936    u_wb/defaultClockArea_cpu/MMUPlugin_TLBTable_9_E_reg
  -------------------------------------------------------------------
                         required time                         14.936    
                         arrival time                         -14.858    
  -------------------------------------------------------------------
                         slack                                  0.078    

Slack (MET) :             0.078ns  (required time - arrival time)
  Source:                 u_wb/defaultClockArea_cpu/_zz_ROBFIFOPlugin_popPtr_reg[1]_rep__18/C
                            (rising edge-triggered cell FDCE clocked by aclk  {rise@0.000ns fall@5.000ns period=10.000ns})
  Destination:            u_wb/defaultClockArea_cpu/MMUPlugin_TLBTable_14_E_reg/D
                            (rising edge-triggered cell FDCE clocked by aclk  {rise@0.000ns fall@5.000ns period=10.000ns})
  Path Group:             aclk
  Path Type:              Setup (Max at Slow Process Corner)
  Requirement:            10.000ns  (aclk rise@10.000ns - aclk rise@0.000ns)
  Data Path Delay:        10.002ns  (logic 2.284ns (22.835%)  route 7.718ns (77.165%))
  Logic Levels:           11  (CARRY4=1 LUT2=1 LUT3=1 LUT5=2 LUT6=5 MUXF7=1)
  Clock Path Skew:        0.086ns (DCD - SCD + CPR)
    Destination Clock Delay (DCD):    4.569ns = ( 14.569 - 10.000 ) 
    Source Clock Delay      (SCD):    4.731ns
    Clock Pessimism Removal (CPR):    0.248ns
  Clock Uncertainty:      0.035ns  ((TSJ^2 + TIJ^2)^1/2 + DJ) / 2 + PE
    Total System Jitter     (TSJ):    0.071ns
    Total Input Jitter      (TIJ):    0.000ns
    Discrete Jitter          (DJ):    0.000ns
    Phase Error              (PE):    0.000ns

    Location             Delay type                Incr(ns)  Path(ns)    Netlist Resource(s)
  -------------------------------------------------------------------    -------------------
                         (clock aclk rise edge)       0.000     0.000 r  
    L22                                               0.000     0.000 r  aclk (IN)
                         net (fo=0)                   0.000     0.000    aclk
    L22                  IBUF (Prop_ibuf_I_O)         0.893     0.893 r  aclk_IBUF_inst/O
                         net (fo=1, routed)           1.827     2.720    aclk_IBUF
    BUFGCTRL_X0Y3        BUFG (Prop_bufg_I_O)         0.081     2.801 r  aclk_IBUF_BUFG_inst_replica_2/O
                         net (fo=11, routed)          0.118     2.919    aclk_IBUF_BUFG_repN_2
    BUFGCTRL_X0Y2        BUFG (Prop_bufg_I_O)         0.081     3.000 r  aclk_IBUF_BUFG_inst_replica_1/O
                         net (fo=24, routed)          0.118     3.118    aclk_IBUF_BUFG_repN_1
    BUFGCTRL_X0Y1        BUFG (Prop_bufg_I_O)         0.081     3.199 r  aclk_IBUF_BUFG_inst_replica/O
                         net (fo=71, routed)          1.532     4.731    u_wb/defaultClockArea_cpu/aclk_IBUF_BUFG_repN_alias
    SLICE_X63Y76         FDCE                                         r  u_wb/defaultClockArea_cpu/_zz_ROBFIFOPlugin_popPtr_reg[1]_rep__18/C
  -------------------------------------------------------------------    -------------------
    SLICE_X63Y76         FDCE (Prop_fdce_C_Q)         0.379     5.110 r  u_wb/defaultClockArea_cpu/_zz_ROBFIFOPlugin_popPtr_reg[1]_rep__18/Q
                         net (fo=124, routed)         1.925     7.034    u_wb/defaultClockArea_cpu/GlobalPredictorBTBPlugin_btb/rams_0/ExceptionHandlerPlugin_EENTRY_VA_reg[16]_i_7_0
    SLICE_X97Y88         LUT6 (Prop_lut6_I2_O)        0.105     7.139 r  u_wb/defaultClockArea_cpu/GlobalPredictorBTBPlugin_btb/rams_0/ExceptionHandlerPlugin_EENTRY_VA[18]_i_11/O
                         net (fo=1, routed)           0.000     7.139    u_wb/defaultClockArea_cpu/GlobalPredictorBTBPlugin_btb/rams_0/ExceptionHandlerPlugin_EENTRY_VA[18]_i_11_n_0
    SLICE_X97Y88         MUXF7 (Prop_muxf7_I1_O)      0.182     7.321 r  u_wb/defaultClockArea_cpu/GlobalPredictorBTBPlugin_btb/rams_0/ExceptionHandlerPlugin_EENTRY_VA_reg[18]_i_5/O
                         net (fo=1, routed)           0.751     8.072    u_wb/defaultClockArea_cpu/GlobalPredictorBTBPlugin_btb/rams_0/ExceptionHandlerPlugin_EENTRY_VA_reg[18]_i_5_n_0
    SLICE_X89Y86         LUT6 (Prop_lut6_I1_O)        0.252     8.324 r  u_wb/defaultClockArea_cpu/GlobalPredictorBTBPlugin_btb/rams_0/ExceptionHandlerPlugin_EENTRY_VA[18]_i_3/O
                         net (fo=1, routed)           0.923     9.246    u_wb/defaultClockArea_cpu/GlobalPredictorBTBPlugin_btb/rams_0/_zz_ROBFIFOPlugin_fifoIO_pop_0_payload_state_intResult_36[24]
    SLICE_X70Y85         LUT5 (Prop_lut5_I4_O)        0.105     9.351 r  u_wb/defaultClockArea_cpu/GlobalPredictorBTBPlugin_btb/rams_0/ExceptionHandlerPlugin_EENTRY_VA[18]_i_2/O
                         net (fo=1, routed)           0.384     9.735    u_wb/defaultClockArea_cpu/GlobalPredictorBTBPlugin_btb/rams_0/ExceptionHandlerPlugin_EENTRY_VA[18]_i_2_n_0
    SLICE_X67Y80         LUT6 (Prop_lut6_I4_O)        0.105     9.840 r  u_wb/defaultClockArea_cpu/GlobalPredictorBTBPlugin_btb/rams_0/ExceptionHandlerPlugin_EENTRY_VA[18]_i_1/O
                         net (fo=23, routed)          1.107    10.948    u_wb/defaultClockArea_cpu/GlobalPredictorBTBPlugin_btb_n_33
    SLICE_X53Y62         LUT2 (Prop_lut2_I1_O)        0.105    11.053 r  u_wb/defaultClockArea_cpu/MMUPlugin_TLBTable_0_E_i_41/O
                         net (fo=32, routed)          0.833    11.886    u_wb/defaultClockArea_cpu/MMUPlugin_TLBTable_0_E_i_41_n_0
    SLICE_X54Y64         LUT6 (Prop_lut6_I3_O)        0.105    11.991 r  u_wb/defaultClockArea_cpu/MMUPlugin_TLBTable_14_E_i_18/O
                         net (fo=1, routed)           0.000    11.991    u_wb/defaultClockArea_cpu/MMUPlugin_TLBTable_14_E_i_18_n_0
    SLICE_X54Y64         CARRY4 (Prop_carry4_S[1]_CO[2])
                                                      0.475    12.466 r  u_wb/defaultClockArea_cpu/MMUPlugin_TLBTable_14_E_reg_i_8/CO[2]
                         net (fo=1, routed)           1.201    13.667    u_wb/defaultClockArea_cpu/MMUPlugin_TLBTable_14_E_reg_i_8_n_1
    SLICE_X68Y54         LUT3 (Prop_lut3_I2_O)        0.261    13.928 r  u_wb/defaultClockArea_cpu/MMUPlugin_TLBTable_14_E_i_5/O
                         net (fo=1, routed)           0.363    14.291    u_wb/defaultClockArea_cpu/MMUPlugin_TLBTable_14_E_i_5_n_0
    SLICE_X69Y54         LUT6 (Prop_lut6_I0_O)        0.105    14.396 r  u_wb/defaultClockArea_cpu/MMUPlugin_TLBTable_14_E_i_3/O
                         net (fo=1, routed)           0.232    14.628    u_wb/defaultClockArea_cpu/MMUPlugin_TLBTable_14_E_i_3_n_0
    SLICE_X69Y53         LUT5 (Prop_lut5_I1_O)        0.105    14.733 r  u_wb/defaultClockArea_cpu/MMUPlugin_TLBTable_14_E_i_1/O
                         net (fo=1, routed)           0.000    14.733    u_wb/defaultClockArea_cpu/MMUPlugin_TLBTable_14_E_i_1_n_0
    SLICE_X69Y53         FDCE                                         r  u_wb/defaultClockArea_cpu/MMUPlugin_TLBTable_14_E_reg/D
  -------------------------------------------------------------------    -------------------

                         (clock aclk rise edge)      10.000    10.000 r  
    L22                                               0.000    10.000 r  aclk (IN)
                         net (fo=0)                   0.000    10.000    aclk
    L22                  IBUF (Prop_ibuf_I_O)         0.762    10.762 r  aclk_IBUF_inst/O
                         net (fo=1, routed)           1.734    12.496    aclk_IBUF
    BUFGCTRL_X0Y3        BUFG (Prop_bufg_I_O)         0.077    12.573 r  aclk_IBUF_BUFG_inst_replica_2/O
                         net (fo=11, routed)          0.112    12.685    aclk_IBUF_BUFG_repN_2
    BUFGCTRL_X0Y2        BUFG (Prop_bufg_I_O)         0.077    12.762 r  aclk_IBUF_BUFG_inst_replica_1/O
                         net (fo=24, routed)          0.112    12.874    aclk_IBUF_BUFG_repN_1
    BUFGCTRL_X0Y1        BUFG (Prop_bufg_I_O)         0.077    12.951 r  aclk_IBUF_BUFG_inst_replica/O
                         net (fo=71, routed)          0.112    13.063    aclk_IBUF_BUFG_repN
    BUFGCTRL_X0Y0        BUFG (Prop_bufg_I_O)         0.077    13.140 r  aclk_IBUF_BUFG_inst/O
                         net (fo=20502, routed)       1.429    14.569    u_wb/defaultClockArea_cpu/aclk_IBUF_BUFG
    SLICE_X69Y53         FDCE                                         r  u_wb/defaultClockArea_cpu/MMUPlugin_TLBTable_14_E_reg/C
                         clock pessimism              0.248    14.817    
                         clock uncertainty           -0.035    14.781    
    SLICE_X69Y53         FDCE (Setup_fdce_C_D)        0.030    14.811    u_wb/defaultClockArea_cpu/MMUPlugin_TLBTable_14_E_reg
  -------------------------------------------------------------------
                         required time                         14.811    
                         arrival time                         -14.733    
  -------------------------------------------------------------------
                         slack                                  0.078    

Slack (MET) :             0.084ns  (required time - arrival time)
  Source:                 u_wb/defaultClockArea_cpu/weBattleFetchQueue_1/head_reg[1]/C
                            (rising edge-triggered cell FDCE clocked by aclk  {rise@0.000ns fall@5.000ns period=10.000ns})
  Destination:            u_wb/defaultClockArea_cpu/ID_to_RENAME_DECODE_PACKET_2_payload_except_payload_code_reg[0]/R
                            (rising edge-triggered cell FDRE clocked by aclk  {rise@0.000ns fall@5.000ns period=10.000ns})
  Path Group:             aclk
  Path Type:              Setup (Max at Slow Process Corner)
  Requirement:            10.000ns  (aclk rise@10.000ns - aclk rise@0.000ns)
  Data Path Delay:        9.574ns  (logic 2.234ns (23.334%)  route 7.340ns (76.666%))
  Logic Levels:           10  (LUT2=1 LUT4=2 LUT5=3 LUT6=3 MUXF7=1)
  Clock Path Skew:        0.116ns (DCD - SCD + CPR)
    Destination Clock Delay (DCD):    4.728ns = ( 14.728 - 10.000 ) 
    Source Clock Delay      (SCD):    4.943ns
    Clock Pessimism Removal (CPR):    0.331ns
  Clock Uncertainty:      0.035ns  ((TSJ^2 + TIJ^2)^1/2 + DJ) / 2 + PE
    Total System Jitter     (TSJ):    0.071ns
    Total Input Jitter      (TIJ):    0.000ns
    Discrete Jitter          (DJ):    0.000ns
    Phase Error              (PE):    0.000ns

    Location             Delay type                Incr(ns)  Path(ns)    Netlist Resource(s)
  -------------------------------------------------------------------    -------------------
                         (clock aclk rise edge)       0.000     0.000 r  
    L22                                               0.000     0.000 r  aclk (IN)
                         net (fo=0)                   0.000     0.000    aclk
    L22                  IBUF (Prop_ibuf_I_O)         0.893     0.893 r  aclk_IBUF_inst/O
                         net (fo=1, routed)           1.827     2.720    aclk_IBUF
    BUFGCTRL_X0Y3        BUFG (Prop_bufg_I_O)         0.081     2.801 r  aclk_IBUF_BUFG_inst_replica_2/O
                         net (fo=11, routed)          0.118     2.919    aclk_IBUF_BUFG_repN_2
    BUFGCTRL_X0Y2        BUFG (Prop_bufg_I_O)         0.081     3.000 r  aclk_IBUF_BUFG_inst_replica_1/O
                         net (fo=24, routed)          0.118     3.118    aclk_IBUF_BUFG_repN_1
    BUFGCTRL_X0Y1        BUFG (Prop_bufg_I_O)         0.081     3.199 r  aclk_IBUF_BUFG_inst_replica/O
                         net (fo=71, routed)          0.118     3.317    aclk_IBUF_BUFG_repN
    BUFGCTRL_X0Y0        BUFG (Prop_bufg_I_O)         0.081     3.398 r  aclk_IBUF_BUFG_inst/O
                         net (fo=20502, routed)       1.545     4.943    u_wb/defaultClockArea_cpu/weBattleFetchQueue_1/aclk_IBUF_BUFG
    SLICE_X46Y68         FDCE                                         r  u_wb/defaultClockArea_cpu/weBattleFetchQueue_1/head_reg[1]/C
  -------------------------------------------------------------------    -------------------
    SLICE_X46Y68         FDCE (Prop_fdce_C_Q)         0.433     5.376 r  u_wb/defaultClockArea_cpu/weBattleFetchQueue_1/head_reg[1]/Q
                         net (fo=134, routed)         1.341     6.717    u_wb/defaultClockArea_cpu/weBattleFetchQueue_1/head[1]
    SLICE_X27Y59         LUT6 (Prop_lut6_I2_O)        0.105     6.822 f  u_wb/defaultClockArea_cpu/weBattleFetchQueue_1/ID_to_RENAME_DECODE_PACKET_2_payload_inst[31]_i_2/O
                         net (fo=1, routed)           0.000     6.822    u_wb/defaultClockArea_cpu/weBattleFetchQueue_1/ID_to_RENAME_DECODE_PACKET_2_payload_inst[31]_i_2_n_0
    SLICE_X27Y59         MUXF7 (Prop_muxf7_I0_O)      0.178     7.000 f  u_wb/defaultClockArea_cpu/weBattleFetchQueue_1/ID_to_RENAME_DECODE_PACKET_2_payload_inst_reg[31]_i_1/O
                         net (fo=16, routed)          1.794     8.793    u_wb/defaultClockArea_cpu/weBattleFetchQueue_1/head_reg[2]_rep_5[31]
    SLICE_X9Y84          LUT5 (Prop_lut5_I2_O)        0.268     9.061 r  u_wb/defaultClockArea_cpu/weBattleFetchQueue_1/ID_to_RENAME_DECODE_PACKET_2_payload_isWait_i_3/O
                         net (fo=20, routed)          0.846     9.907    u_wb/defaultClockArea_cpu/weBattleFetchQueue_1/ID_to_RENAME_DECODE_PACKET_2_payload_isWait_i_3_n_0
    SLICE_X4Y81          LUT4 (Prop_lut4_I3_O)        0.268    10.175 f  u_wb/defaultClockArea_cpu/weBattleFetchQueue_1/ID_to_RENAME_DECODE_PACKET_2_payload_isErtn_i_5/O
                         net (fo=3, routed)           0.472    10.647    u_wb/defaultClockArea_cpu/weBattleFetchQueue_1/ID_to_RENAME_DECODE_PACKET_2_payload_isErtn_i_5_n_0
    SLICE_X7Y81          LUT5 (Prop_lut5_I4_O)        0.105    10.752 r  u_wb/defaultClockArea_cpu/weBattleFetchQueue_1/ID_to_RENAME_DECODE_PACKET_2_payload_isErtn_i_2/O
                         net (fo=3, routed)           0.655    11.407    u_wb/defaultClockArea_cpu/weBattleFetchQueue_1/ID_to_RENAME_DECODE_PACKET_2_payload_isErtn_i_2_n_0
    SLICE_X11Y82         LUT5 (Prop_lut5_I0_O)        0.105    11.512 r  u_wb/defaultClockArea_cpu/weBattleFetchQueue_1/ID_to_RENAME_DECODE_PACKET_2_payload_except_payload_code[5]_i_22/O
                         net (fo=2, routed)           0.534    12.045    u_wb/defaultClockArea_cpu/weBattleFetchQueue_1/ID_to_RENAME_DECODE_PACKET_2_payload_except_payload_code[5]_i_22_n_0
    SLICE_X7Y82          LUT4 (Prop_lut4_I0_O)        0.108    12.153 r  u_wb/defaultClockArea_cpu/weBattleFetchQueue_1/ID_to_RENAME_DECODE_PACKET_2_payload_fuType[0]_i_5/O
                         net (fo=2, routed)           0.600    12.753    u_wb/defaultClockArea_cpu/weBattleFetchQueue_1/ID_to_RENAME_DECODE_PACKET_2_payload_fuType[0]_i_5_n_0
    SLICE_X6Y81          LUT2 (Prop_lut2_I1_O)        0.295    13.048 r  u_wb/defaultClockArea_cpu/weBattleFetchQueue_1/ID_to_RENAME_DECODE_PACKET_2_payload_tlbOp[2]_i_2/O
                         net (fo=4, routed)           0.249    13.298    u_wb/defaultClockArea_cpu/weBattleFetchQueue_1/ID_to_RENAME_DECODE_PACKET_2_payload_tlbOp[2]_i_2_n_0
    SLICE_X5Y81          LUT6 (Prop_lut6_I5_O)        0.264    13.562 f  u_wb/defaultClockArea_cpu/weBattleFetchQueue_1/ID_to_RENAME_DECODE_PACKET_2_payload_except_payload_code[5]_i_5/O
                         net (fo=1, routed)           0.204    13.766    u_wb/defaultClockArea_cpu/weBattleFetchQueue_1/ID_to_RENAME_DECODE_PACKET_2_payload_except_payload_code[5]_i_5_n_0
    SLICE_X5Y81          LUT6 (Prop_lut6_I3_O)        0.105    13.871 r  u_wb/defaultClockArea_cpu/weBattleFetchQueue_1/ID_to_RENAME_DECODE_PACKET_2_payload_except_payload_code[5]_i_1/O
                         net (fo=6, routed)           0.646    14.517    u_wb/defaultClockArea_cpu/ID_to_RENAME_DECODE_PACKET_2_payload_except_payload_code[0]
    SLICE_X6Y80          FDRE                                         r  u_wb/defaultClockArea_cpu/ID_to_RENAME_DECODE_PACKET_2_payload_except_payload_code_reg[0]/R
  -------------------------------------------------------------------    -------------------

                         (clock aclk rise edge)      10.000    10.000 r  
    L22                                               0.000    10.000 r  aclk (IN)
                         net (fo=0)                   0.000    10.000    aclk
    L22                  IBUF (Prop_ibuf_I_O)         0.762    10.762 r  aclk_IBUF_inst/O
                         net (fo=1, routed)           1.734    12.496    aclk_IBUF
    BUFGCTRL_X0Y3        BUFG (Prop_bufg_I_O)         0.077    12.573 r  aclk_IBUF_BUFG_inst_replica_2/O
                         net (fo=11, routed)          0.112    12.685    aclk_IBUF_BUFG_repN_2
    BUFGCTRL_X0Y2        BUFG (Prop_bufg_I_O)         0.077    12.762 r  aclk_IBUF_BUFG_inst_replica_1/O
                         net (fo=24, routed)          0.112    12.874    aclk_IBUF_BUFG_repN_1
    BUFGCTRL_X0Y1        BUFG (Prop_bufg_I_O)         0.077    12.951 r  aclk_IBUF_BUFG_inst_replica/O
                         net (fo=71, routed)          0.112    13.063    aclk_IBUF_BUFG_repN
    BUFGCTRL_X0Y0        BUFG (Prop_bufg_I_O)         0.077    13.140 r  aclk_IBUF_BUFG_inst/O
                         net (fo=20502, routed)       1.588    14.728    u_wb/defaultClockArea_cpu/aclk_IBUF_BUFG
    SLICE_X6Y80          FDRE                                         r  u_wb/defaultClockArea_cpu/ID_to_RENAME_DECODE_PACKET_2_payload_except_payload_code_reg[0]/C
                         clock pessimism              0.331    15.059    
                         clock uncertainty           -0.035    15.023    
    SLICE_X6Y80          FDRE (Setup_fdre_C_R)       -0.423    14.600    u_wb/defaultClockArea_cpu/ID_to_RENAME_DECODE_PACKET_2_payload_except_payload_code_reg[0]
  -------------------------------------------------------------------
                         required time                         14.600    
                         arrival time                         -14.517    
  -------------------------------------------------------------------
                         slack                                  0.084    

Slack (MET) :             0.084ns  (required time - arrival time)
  Source:                 u_wb/defaultClockArea_cpu/weBattleFetchQueue_1/head_reg[1]/C
                            (rising edge-triggered cell FDCE clocked by aclk  {rise@0.000ns fall@5.000ns period=10.000ns})
  Destination:            u_wb/defaultClockArea_cpu/ID_to_RENAME_DECODE_PACKET_2_payload_except_payload_code_reg[1]/S
                            (rising edge-triggered cell FDSE clocked by aclk  {rise@0.000ns fall@5.000ns period=10.000ns})
  Path Group:             aclk
  Path Type:              Setup (Max at Slow Process Corner)
  Requirement:            10.000ns  (aclk rise@10.000ns - aclk rise@0.000ns)
  Data Path Delay:        9.574ns  (logic 2.234ns (23.334%)  route 7.340ns (76.666%))
  Logic Levels:           10  (LUT2=1 LUT4=2 LUT5=3 LUT6=3 MUXF7=1)
  Clock Path Skew:        0.116ns (DCD - SCD + CPR)
    Destination Clock Delay (DCD):    4.728ns = ( 14.728 - 10.000 ) 
    Source Clock Delay      (SCD):    4.943ns
    Clock Pessimism Removal (CPR):    0.331ns
  Clock Uncertainty:      0.035ns  ((TSJ^2 + TIJ^2)^1/2 + DJ) / 2 + PE
    Total System Jitter     (TSJ):    0.071ns
    Total Input Jitter      (TIJ):    0.000ns
    Discrete Jitter          (DJ):    0.000ns
    Phase Error              (PE):    0.000ns

    Location             Delay type                Incr(ns)  Path(ns)    Netlist Resource(s)
  -------------------------------------------------------------------    -------------------
                         (clock aclk rise edge)       0.000     0.000 r  
    L22                                               0.000     0.000 r  aclk (IN)
                         net (fo=0)                   0.000     0.000    aclk
    L22                  IBUF (Prop_ibuf_I_O)         0.893     0.893 r  aclk_IBUF_inst/O
                         net (fo=1, routed)           1.827     2.720    aclk_IBUF
    BUFGCTRL_X0Y3        BUFG (Prop_bufg_I_O)         0.081     2.801 r  aclk_IBUF_BUFG_inst_replica_2/O
                         net (fo=11, routed)          0.118     2.919    aclk_IBUF_BUFG_repN_2
    BUFGCTRL_X0Y2        BUFG (Prop_bufg_I_O)         0.081     3.000 r  aclk_IBUF_BUFG_inst_replica_1/O
                         net (fo=24, routed)          0.118     3.118    aclk_IBUF_BUFG_repN_1
    BUFGCTRL_X0Y1        BUFG (Prop_bufg_I_O)         0.081     3.199 r  aclk_IBUF_BUFG_inst_replica/O
                         net (fo=71, routed)          0.118     3.317    aclk_IBUF_BUFG_repN
    BUFGCTRL_X0Y0        BUFG (Prop_bufg_I_O)         0.081     3.398 r  aclk_IBUF_BUFG_inst/O
                         net (fo=20502, routed)       1.545     4.943    u_wb/defaultClockArea_cpu/weBattleFetchQueue_1/aclk_IBUF_BUFG
    SLICE_X46Y68         FDCE                                         r  u_wb/defaultClockArea_cpu/weBattleFetchQueue_1/head_reg[1]/C
  -------------------------------------------------------------------    -------------------
    SLICE_X46Y68         FDCE (Prop_fdce_C_Q)         0.433     5.376 r  u_wb/defaultClockArea_cpu/weBattleFetchQueue_1/head_reg[1]/Q
                         net (fo=134, routed)         1.341     6.717    u_wb/defaultClockArea_cpu/weBattleFetchQueue_1/head[1]
    SLICE_X27Y59         LUT6 (Prop_lut6_I2_O)        0.105     6.822 f  u_wb/defaultClockArea_cpu/weBattleFetchQueue_1/ID_to_RENAME_DECODE_PACKET_2_payload_inst[31]_i_2/O
                         net (fo=1, routed)           0.000     6.822    u_wb/defaultClockArea_cpu/weBattleFetchQueue_1/ID_to_RENAME_DECODE_PACKET_2_payload_inst[31]_i_2_n_0
    SLICE_X27Y59         MUXF7 (Prop_muxf7_I0_O)      0.178     7.000 f  u_wb/defaultClockArea_cpu/weBattleFetchQueue_1/ID_to_RENAME_DECODE_PACKET_2_payload_inst_reg[31]_i_1/O
                         net (fo=16, routed)          1.794     8.793    u_wb/defaultClockArea_cpu/weBattleFetchQueue_1/head_reg[2]_rep_5[31]
    SLICE_X9Y84          LUT5 (Prop_lut5_I2_O)        0.268     9.061 r  u_wb/defaultClockArea_cpu/weBattleFetchQueue_1/ID_to_RENAME_DECODE_PACKET_2_payload_isWait_i_3/O
                         net (fo=20, routed)          0.846     9.907    u_wb/defaultClockArea_cpu/weBattleFetchQueue_1/ID_to_RENAME_DECODE_PACKET_2_payload_isWait_i_3_n_0
    SLICE_X4Y81          LUT4 (Prop_lut4_I3_O)        0.268    10.175 f  u_wb/defaultClockArea_cpu/weBattleFetchQueue_1/ID_to_RENAME_DECODE_PACKET_2_payload_isErtn_i_5/O
                         net (fo=3, routed)           0.472    10.647    u_wb/defaultClockArea_cpu/weBattleFetchQueue_1/ID_to_RENAME_DECODE_PACKET_2_payload_isErtn_i_5_n_0
    SLICE_X7Y81          LUT5 (Prop_lut5_I4_O)        0.105    10.752 r  u_wb/defaultClockArea_cpu/weBattleFetchQueue_1/ID_to_RENAME_DECODE_PACKET_2_payload_isErtn_i_2/O
                         net (fo=3, routed)           0.655    11.407    u_wb/defaultClockArea_cpu/weBattleFetchQueue_1/ID_to_RENAME_DECODE_PACKET_2_payload_isErtn_i_2_n_0
    SLICE_X11Y82         LUT5 (Prop_lut5_I0_O)        0.105    11.512 r  u_wb/defaultClockArea_cpu/weBattleFetchQueue_1/ID_to_RENAME_DECODE_PACKET_2_payload_except_payload_code[5]_i_22/O
                         net (fo=2, routed)           0.534    12.045    u_wb/defaultClockArea_cpu/weBattleFetchQueue_1/ID_to_RENAME_DECODE_PACKET_2_payload_except_payload_code[5]_i_22_n_0
    SLICE_X7Y82          LUT4 (Prop_lut4_I0_O)        0.108    12.153 r  u_wb/defaultClockArea_cpu/weBattleFetchQueue_1/ID_to_RENAME_DECODE_PACKET_2_payload_fuType[0]_i_5/O
                         net (fo=2, routed)           0.600    12.753    u_wb/defaultClockArea_cpu/weBattleFetchQueue_1/ID_to_RENAME_DECODE_PACKET_2_payload_fuType[0]_i_5_n_0
    SLICE_X6Y81          LUT2 (Prop_lut2_I1_O)        0.295    13.048 r  u_wb/defaultClockArea_cpu/weBattleFetchQueue_1/ID_to_RENAME_DECODE_PACKET_2_payload_tlbOp[2]_i_2/O
                         net (fo=4, routed)           0.249    13.298    u_wb/defaultClockArea_cpu/weBattleFetchQueue_1/ID_to_RENAME_DECODE_PACKET_2_payload_tlbOp[2]_i_2_n_0
    SLICE_X5Y81          LUT6 (Prop_lut6_I5_O)        0.264    13.562 f  u_wb/defaultClockArea_cpu/weBattleFetchQueue_1/ID_to_RENAME_DECODE_PACKET_2_payload_except_payload_code[5]_i_5/O
                         net (fo=1, routed)           0.204    13.766    u_wb/defaultClockArea_cpu/weBattleFetchQueue_1/ID_to_RENAME_DECODE_PACKET_2_payload_except_payload_code[5]_i_5_n_0
    SLICE_X5Y81          LUT6 (Prop_lut6_I3_O)        0.105    13.871 r  u_wb/defaultClockArea_cpu/weBattleFetchQueue_1/ID_to_RENAME_DECODE_PACKET_2_payload_except_payload_code[5]_i_1/O
                         net (fo=6, routed)           0.646    14.517    u_wb/defaultClockArea_cpu/ID_to_RENAME_DECODE_PACKET_2_payload_except_payload_code[0]
    SLICE_X6Y80          FDSE                                         r  u_wb/defaultClockArea_cpu/ID_to_RENAME_DECODE_PACKET_2_payload_except_payload_code_reg[1]/S
  -------------------------------------------------------------------    -------------------

                         (clock aclk rise edge)      10.000    10.000 r  
    L22                                               0.000    10.000 r  aclk (IN)
                         net (fo=0)                   0.000    10.000    aclk
    L22                  IBUF (Prop_ibuf_I_O)         0.762    10.762 r  aclk_IBUF_inst/O
                         net (fo=1, routed)           1.734    12.496    aclk_IBUF
    BUFGCTRL_X0Y3        BUFG (Prop_bufg_I_O)         0.077    12.573 r  aclk_IBUF_BUFG_inst_replica_2/O
                         net (fo=11, routed)          0.112    12.685    aclk_IBUF_BUFG_repN_2
    BUFGCTRL_X0Y2        BUFG (Prop_bufg_I_O)         0.077    12.762 r  aclk_IBUF_BUFG_inst_replica_1/O
                         net (fo=24, routed)          0.112    12.874    aclk_IBUF_BUFG_repN_1
    BUFGCTRL_X0Y1        BUFG (Prop_bufg_I_O)         0.077    12.951 r  aclk_IBUF_BUFG_inst_replica/O
                         net (fo=71, routed)          0.112    13.063    aclk_IBUF_BUFG_repN
    BUFGCTRL_X0Y0        BUFG (Prop_bufg_I_O)         0.077    13.140 r  aclk_IBUF_BUFG_inst/O
                         net (fo=20502, routed)       1.588    14.728    u_wb/defaultClockArea_cpu/aclk_IBUF_BUFG
    SLICE_X6Y80          FDSE                                         r  u_wb/defaultClockArea_cpu/ID_to_RENAME_DECODE_PACKET_2_payload_except_payload_code_reg[1]/C
                         clock pessimism              0.331    15.059    
                         clock uncertainty           -0.035    15.023    
    SLICE_X6Y80          FDSE (Setup_fdse_C_S)       -0.423    14.600    u_wb/defaultClockArea_cpu/ID_to_RENAME_DECODE_PACKET_2_payload_except_payload_code_reg[1]
  -------------------------------------------------------------------
                         required time                         14.600    
                         arrival time                         -14.517    
  -------------------------------------------------------------------
                         slack                                  0.084    

Slack (MET) :             0.084ns  (required time - arrival time)
  Source:                 u_wb/defaultClockArea_cpu/weBattleFetchQueue_1/head_reg[1]/C
                            (rising edge-triggered cell FDCE clocked by aclk  {rise@0.000ns fall@5.000ns period=10.000ns})
  Destination:            u_wb/defaultClockArea_cpu/ID_to_RENAME_DECODE_PACKET_2_payload_except_payload_code_reg[2]/S
                            (rising edge-triggered cell FDSE clocked by aclk  {rise@0.000ns fall@5.000ns period=10.000ns})
  Path Group:             aclk
  Path Type:              Setup (Max at Slow Process Corner)
  Requirement:            10.000ns  (aclk rise@10.000ns - aclk rise@0.000ns)
  Data Path Delay:        9.574ns  (logic 2.234ns (23.334%)  route 7.340ns (76.666%))
  Logic Levels:           10  (LUT2=1 LUT4=2 LUT5=3 LUT6=3 MUXF7=1)
  Clock Path Skew:        0.116ns (DCD - SCD + CPR)
    Destination Clock Delay (DCD):    4.728ns = ( 14.728 - 10.000 ) 
    Source Clock Delay      (SCD):    4.943ns
    Clock Pessimism Removal (CPR):    0.331ns
  Clock Uncertainty:      0.035ns  ((TSJ^2 + TIJ^2)^1/2 + DJ) / 2 + PE
    Total System Jitter     (TSJ):    0.071ns
    Total Input Jitter      (TIJ):    0.000ns
    Discrete Jitter          (DJ):    0.000ns
    Phase Error              (PE):    0.000ns

    Location             Delay type                Incr(ns)  Path(ns)    Netlist Resource(s)
  -------------------------------------------------------------------    -------------------
                         (clock aclk rise edge)       0.000     0.000 r  
    L22                                               0.000     0.000 r  aclk (IN)
                         net (fo=0)                   0.000     0.000    aclk
    L22                  IBUF (Prop_ibuf_I_O)         0.893     0.893 r  aclk_IBUF_inst/O
                         net (fo=1, routed)           1.827     2.720    aclk_IBUF
    BUFGCTRL_X0Y3        BUFG (Prop_bufg_I_O)         0.081     2.801 r  aclk_IBUF_BUFG_inst_replica_2/O
                         net (fo=11, routed)          0.118     2.919    aclk_IBUF_BUFG_repN_2
    BUFGCTRL_X0Y2        BUFG (Prop_bufg_I_O)         0.081     3.000 r  aclk_IBUF_BUFG_inst_replica_1/O
                         net (fo=24, routed)          0.118     3.118    aclk_IBUF_BUFG_repN_1
    BUFGCTRL_X0Y1        BUFG (Prop_bufg_I_O)         0.081     3.199 r  aclk_IBUF_BUFG_inst_replica/O
                         net (fo=71, routed)          0.118     3.317    aclk_IBUF_BUFG_repN
    BUFGCTRL_X0Y0        BUFG (Prop_bufg_I_O)         0.081     3.398 r  aclk_IBUF_BUFG_inst/O
                         net (fo=20502, routed)       1.545     4.943    u_wb/defaultClockArea_cpu/weBattleFetchQueue_1/aclk_IBUF_BUFG
    SLICE_X46Y68         FDCE                                         r  u_wb/defaultClockArea_cpu/weBattleFetchQueue_1/head_reg[1]/C
  -------------------------------------------------------------------    -------------------
    SLICE_X46Y68         FDCE (Prop_fdce_C_Q)         0.433     5.376 r  u_wb/defaultClockArea_cpu/weBattleFetchQueue_1/head_reg[1]/Q
                         net (fo=134, routed)         1.341     6.717    u_wb/defaultClockArea_cpu/weBattleFetchQueue_1/head[1]
    SLICE_X27Y59         LUT6 (Prop_lut6_I2_O)        0.105     6.822 f  u_wb/defaultClockArea_cpu/weBattleFetchQueue_1/ID_to_RENAME_DECODE_PACKET_2_payload_inst[31]_i_2/O
                         net (fo=1, routed)           0.000     6.822    u_wb/defaultClockArea_cpu/weBattleFetchQueue_1/ID_to_RENAME_DECODE_PACKET_2_payload_inst[31]_i_2_n_0
    SLICE_X27Y59         MUXF7 (Prop_muxf7_I0_O)      0.178     7.000 f  u_wb/defaultClockArea_cpu/weBattleFetchQueue_1/ID_to_RENAME_DECODE_PACKET_2_payload_inst_reg[31]_i_1/O
                         net (fo=16, routed)          1.794     8.793    u_wb/defaultClockArea_cpu/weBattleFetchQueue_1/head_reg[2]_rep_5[31]
    SLICE_X9Y84          LUT5 (Prop_lut5_I2_O)        0.268     9.061 r  u_wb/defaultClockArea_cpu/weBattleFetchQueue_1/ID_to_RENAME_DECODE_PACKET_2_payload_isWait_i_3/O
                         net (fo=20, routed)          0.846     9.907    u_wb/defaultClockArea_cpu/weBattleFetchQueue_1/ID_to_RENAME_DECODE_PACKET_2_payload_isWait_i_3_n_0
    SLICE_X4Y81          LUT4 (Prop_lut4_I3_O)        0.268    10.175 f  u_wb/defaultClockArea_cpu/weBattleFetchQueue_1/ID_to_RENAME_DECODE_PACKET_2_payload_isErtn_i_5/O
                         net (fo=3, routed)           0.472    10.647    u_wb/defaultClockArea_cpu/weBattleFetchQueue_1/ID_to_RENAME_DECODE_PACKET_2_payload_isErtn_i_5_n_0
    SLICE_X7Y81          LUT5 (Prop_lut5_I4_O)        0.105    10.752 r  u_wb/defaultClockArea_cpu/weBattleFetchQueue_1/ID_to_RENAME_DECODE_PACKET_2_payload_isErtn_i_2/O
                         net (fo=3, routed)           0.655    11.407    u_wb/defaultClockArea_cpu/weBattleFetchQueue_1/ID_to_RENAME_DECODE_PACKET_2_payload_isErtn_i_2_n_0
    SLICE_X11Y82         LUT5 (Prop_lut5_I0_O)        0.105    11.512 r  u_wb/defaultClockArea_cpu/weBattleFetchQueue_1/ID_to_RENAME_DECODE_PACKET_2_payload_except_payload_code[5]_i_22/O
                         net (fo=2, routed)           0.534    12.045    u_wb/defaultClockArea_cpu/weBattleFetchQueue_1/ID_to_RENAME_DECODE_PACKET_2_payload_except_payload_code[5]_i_22_n_0
    SLICE_X7Y82          LUT4 (Prop_lut4_I0_O)        0.108    12.153 r  u_wb/defaultClockArea_cpu/weBattleFetchQueue_1/ID_to_RENAME_DECODE_PACKET_2_payload_fuType[0]_i_5/O
                         net (fo=2, routed)           0.600    12.753    u_wb/defaultClockArea_cpu/weBattleFetchQueue_1/ID_to_RENAME_DECODE_PACKET_2_payload_fuType[0]_i_5_n_0
    SLICE_X6Y81          LUT2 (Prop_lut2_I1_O)        0.295    13.048 r  u_wb/defaultClockArea_cpu/weBattleFetchQueue_1/ID_to_RENAME_DECODE_PACKET_2_payload_tlbOp[2]_i_2/O
                         net (fo=4, routed)           0.249    13.298    u_wb/defaultClockArea_cpu/weBattleFetchQueue_1/ID_to_RENAME_DECODE_PACKET_2_payload_tlbOp[2]_i_2_n_0
    SLICE_X5Y81          LUT6 (Prop_lut6_I5_O)        0.264    13.562 f  u_wb/defaultClockArea_cpu/weBattleFetchQueue_1/ID_to_RENAME_DECODE_PACKET_2_payload_except_payload_code[5]_i_5/O
                         net (fo=1, routed)           0.204    13.766    u_wb/defaultClockArea_cpu/weBattleFetchQueue_1/ID_to_RENAME_DECODE_PACKET_2_payload_except_payload_code[5]_i_5_n_0
    SLICE_X5Y81          LUT6 (Prop_lut6_I3_O)        0.105    13.871 r  u_wb/defaultClockArea_cpu/weBattleFetchQueue_1/ID_to_RENAME_DECODE_PACKET_2_payload_except_payload_code[5]_i_1/O
                         net (fo=6, routed)           0.646    14.517    u_wb/defaultClockArea_cpu/ID_to_RENAME_DECODE_PACKET_2_payload_except_payload_code[0]
    SLICE_X6Y80          FDSE                                         r  u_wb/defaultClockArea_cpu/ID_to_RENAME_DECODE_PACKET_2_payload_except_payload_code_reg[2]/S
  -------------------------------------------------------------------    -------------------

                         (clock aclk rise edge)      10.000    10.000 r  
    L22                                               0.000    10.000 r  aclk (IN)
                         net (fo=0)                   0.000    10.000    aclk
    L22                  IBUF (Prop_ibuf_I_O)         0.762    10.762 r  aclk_IBUF_inst/O
                         net (fo=1, routed)           1.734    12.496    aclk_IBUF
    BUFGCTRL_X0Y3        BUFG (Prop_bufg_I_O)         0.077    12.573 r  aclk_IBUF_BUFG_inst_replica_2/O
                         net (fo=11, routed)          0.112    12.685    aclk_IBUF_BUFG_repN_2
    BUFGCTRL_X0Y2        BUFG (Prop_bufg_I_O)         0.077    12.762 r  aclk_IBUF_BUFG_inst_replica_1/O
                         net (fo=24, routed)          0.112    12.874    aclk_IBUF_BUFG_repN_1
    BUFGCTRL_X0Y1        BUFG (Prop_bufg_I_O)         0.077    12.951 r  aclk_IBUF_BUFG_inst_replica/O
                         net (fo=71, routed)          0.112    13.063    aclk_IBUF_BUFG_repN
    BUFGCTRL_X0Y0        BUFG (Prop_bufg_I_O)         0.077    13.140 r  aclk_IBUF_BUFG_inst/O
                         net (fo=20502, routed)       1.588    14.728    u_wb/defaultClockArea_cpu/aclk_IBUF_BUFG
    SLICE_X6Y80          FDSE                                         r  u_wb/defaultClockArea_cpu/ID_to_RENAME_DECODE_PACKET_2_payload_except_payload_code_reg[2]/C
                         clock pessimism              0.331    15.059    
                         clock uncertainty           -0.035    15.023    
    SLICE_X6Y80          FDSE (Setup_fdse_C_S)       -0.423    14.600    u_wb/defaultClockArea_cpu/ID_to_RENAME_DECODE_PACKET_2_payload_except_payload_code_reg[2]
  -------------------------------------------------------------------
                         required time                         14.600    
                         arrival time                         -14.517    
  -------------------------------------------------------------------
                         slack                                  0.084    

Slack (MET) :             0.084ns  (required time - arrival time)
  Source:                 u_wb/defaultClockArea_cpu/weBattleFetchQueue_1/head_reg[1]/C
                            (rising edge-triggered cell FDCE clocked by aclk  {rise@0.000ns fall@5.000ns period=10.000ns})
  Destination:            u_wb/defaultClockArea_cpu/ID_to_RENAME_DECODE_PACKET_2_payload_except_payload_code_reg[3]/S
                            (rising edge-triggered cell FDSE clocked by aclk  {rise@0.000ns fall@5.000ns period=10.000ns})
  Path Group:             aclk
  Path Type:              Setup (Max at Slow Process Corner)
  Requirement:            10.000ns  (aclk rise@10.000ns - aclk rise@0.000ns)
  Data Path Delay:        9.574ns  (logic 2.234ns (23.334%)  route 7.340ns (76.666%))
  Logic Levels:           10  (LUT2=1 LUT4=2 LUT5=3 LUT6=3 MUXF7=1)
  Clock Path Skew:        0.116ns (DCD - SCD + CPR)
    Destination Clock Delay (DCD):    4.728ns = ( 14.728 - 10.000 ) 
    Source Clock Delay      (SCD):    4.943ns
    Clock Pessimism Removal (CPR):    0.331ns
  Clock Uncertainty:      0.035ns  ((TSJ^2 + TIJ^2)^1/2 + DJ) / 2 + PE
    Total System Jitter     (TSJ):    0.071ns
    Total Input Jitter      (TIJ):    0.000ns
    Discrete Jitter          (DJ):    0.000ns
    Phase Error              (PE):    0.000ns

    Location             Delay type                Incr(ns)  Path(ns)    Netlist Resource(s)
  -------------------------------------------------------------------    -------------------
                         (clock aclk rise edge)       0.000     0.000 r  
    L22                                               0.000     0.000 r  aclk (IN)
                         net (fo=0)                   0.000     0.000    aclk
    L22                  IBUF (Prop_ibuf_I_O)         0.893     0.893 r  aclk_IBUF_inst/O
                         net (fo=1, routed)           1.827     2.720    aclk_IBUF
    BUFGCTRL_X0Y3        BUFG (Prop_bufg_I_O)         0.081     2.801 r  aclk_IBUF_BUFG_inst_replica_2/O
                         net (fo=11, routed)          0.118     2.919    aclk_IBUF_BUFG_repN_2
    BUFGCTRL_X0Y2        BUFG (Prop_bufg_I_O)         0.081     3.000 r  aclk_IBUF_BUFG_inst_replica_1/O
                         net (fo=24, routed)          0.118     3.118    aclk_IBUF_BUFG_repN_1
    BUFGCTRL_X0Y1        BUFG (Prop_bufg_I_O)         0.081     3.199 r  aclk_IBUF_BUFG_inst_replica/O
                         net (fo=71, routed)          0.118     3.317    aclk_IBUF_BUFG_repN
    BUFGCTRL_X0Y0        BUFG (Prop_bufg_I_O)         0.081     3.398 r  aclk_IBUF_BUFG_inst/O
                         net (fo=20502, routed)       1.545     4.943    u_wb/defaultClockArea_cpu/weBattleFetchQueue_1/aclk_IBUF_BUFG
    SLICE_X46Y68         FDCE                                         r  u_wb/defaultClockArea_cpu/weBattleFetchQueue_1/head_reg[1]/C
  -------------------------------------------------------------------    -------------------
    SLICE_X46Y68         FDCE (Prop_fdce_C_Q)         0.433     5.376 r  u_wb/defaultClockArea_cpu/weBattleFetchQueue_1/head_reg[1]/Q
                         net (fo=134, routed)         1.341     6.717    u_wb/defaultClockArea_cpu/weBattleFetchQueue_1/head[1]
    SLICE_X27Y59         LUT6 (Prop_lut6_I2_O)        0.105     6.822 f  u_wb/defaultClockArea_cpu/weBattleFetchQueue_1/ID_to_RENAME_DECODE_PACKET_2_payload_inst[31]_i_2/O
                         net (fo=1, routed)           0.000     6.822    u_wb/defaultClockArea_cpu/weBattleFetchQueue_1/ID_to_RENAME_DECODE_PACKET_2_payload_inst[31]_i_2_n_0
    SLICE_X27Y59         MUXF7 (Prop_muxf7_I0_O)      0.178     7.000 f  u_wb/defaultClockArea_cpu/weBattleFetchQueue_1/ID_to_RENAME_DECODE_PACKET_2_payload_inst_reg[31]_i_1/O
                         net (fo=16, routed)          1.794     8.793    u_wb/defaultClockArea_cpu/weBattleFetchQueue_1/head_reg[2]_rep_5[31]
    SLICE_X9Y84          LUT5 (Prop_lut5_I2_O)        0.268     9.061 r  u_wb/defaultClockArea_cpu/weBattleFetchQueue_1/ID_to_RENAME_DECODE_PACKET_2_payload_isWait_i_3/O
                         net (fo=20, routed)          0.846     9.907    u_wb/defaultClockArea_cpu/weBattleFetchQueue_1/ID_to_RENAME_DECODE_PACKET_2_payload_isWait_i_3_n_0
    SLICE_X4Y81          LUT4 (Prop_lut4_I3_O)        0.268    10.175 f  u_wb/defaultClockArea_cpu/weBattleFetchQueue_1/ID_to_RENAME_DECODE_PACKET_2_payload_isErtn_i_5/O
                         net (fo=3, routed)           0.472    10.647    u_wb/defaultClockArea_cpu/weBattleFetchQueue_1/ID_to_RENAME_DECODE_PACKET_2_payload_isErtn_i_5_n_0
    SLICE_X7Y81          LUT5 (Prop_lut5_I4_O)        0.105    10.752 r  u_wb/defaultClockArea_cpu/weBattleFetchQueue_1/ID_to_RENAME_DECODE_PACKET_2_payload_isErtn_i_2/O
                         net (fo=3, routed)           0.655    11.407    u_wb/defaultClockArea_cpu/weBattleFetchQueue_1/ID_to_RENAME_DECODE_PACKET_2_payload_isErtn_i_2_n_0
    SLICE_X11Y82         LUT5 (Prop_lut5_I0_O)        0.105    11.512 r  u_wb/defaultClockArea_cpu/weBattleFetchQueue_1/ID_to_RENAME_DECODE_PACKET_2_payload_except_payload_code[5]_i_22/O
                         net (fo=2, routed)           0.534    12.045    u_wb/defaultClockArea_cpu/weBattleFetchQueue_1/ID_to_RENAME_DECODE_PACKET_2_payload_except_payload_code[5]_i_22_n_0
    SLICE_X7Y82          LUT4 (Prop_lut4_I0_O)        0.108    12.153 r  u_wb/defaultClockArea_cpu/weBattleFetchQueue_1/ID_to_RENAME_DECODE_PACKET_2_payload_fuType[0]_i_5/O
                         net (fo=2, routed)           0.600    12.753    u_wb/defaultClockArea_cpu/weBattleFetchQueue_1/ID_to_RENAME_DECODE_PACKET_2_payload_fuType[0]_i_5_n_0
    SLICE_X6Y81          LUT2 (Prop_lut2_I1_O)        0.295    13.048 r  u_wb/defaultClockArea_cpu/weBattleFetchQueue_1/ID_to_RENAME_DECODE_PACKET_2_payload_tlbOp[2]_i_2/O
                         net (fo=4, routed)           0.249    13.298    u_wb/defaultClockArea_cpu/weBattleFetchQueue_1/ID_to_RENAME_DECODE_PACKET_2_payload_tlbOp[2]_i_2_n_0
    SLICE_X5Y81          LUT6 (Prop_lut6_I5_O)        0.264    13.562 f  u_wb/defaultClockArea_cpu/weBattleFetchQueue_1/ID_to_RENAME_DECODE_PACKET_2_payload_except_payload_code[5]_i_5/O
                         net (fo=1, routed)           0.204    13.766    u_wb/defaultClockArea_cpu/weBattleFetchQueue_1/ID_to_RENAME_DECODE_PACKET_2_payload_except_payload_code[5]_i_5_n_0
    SLICE_X5Y81          LUT6 (Prop_lut6_I3_O)        0.105    13.871 r  u_wb/defaultClockArea_cpu/weBattleFetchQueue_1/ID_to_RENAME_DECODE_PACKET_2_payload_except_payload_code[5]_i_1/O
                         net (fo=6, routed)           0.646    14.517    u_wb/defaultClockArea_cpu/ID_to_RENAME_DECODE_PACKET_2_payload_except_payload_code[0]
    SLICE_X6Y80          FDSE                                         r  u_wb/defaultClockArea_cpu/ID_to_RENAME_DECODE_PACKET_2_payload_except_payload_code_reg[3]/S
  -------------------------------------------------------------------    -------------------

                         (clock aclk rise edge)      10.000    10.000 r  
    L22                                               0.000    10.000 r  aclk (IN)
                         net (fo=0)                   0.000    10.000    aclk
    L22                  IBUF (Prop_ibuf_I_O)         0.762    10.762 r  aclk_IBUF_inst/O
                         net (fo=1, routed)           1.734    12.496    aclk_IBUF
    BUFGCTRL_X0Y3        BUFG (Prop_bufg_I_O)         0.077    12.573 r  aclk_IBUF_BUFG_inst_replica_2/O
                         net (fo=11, routed)          0.112    12.685    aclk_IBUF_BUFG_repN_2
    BUFGCTRL_X0Y2        BUFG (Prop_bufg_I_O)         0.077    12.762 r  aclk_IBUF_BUFG_inst_replica_1/O
                         net (fo=24, routed)          0.112    12.874    aclk_IBUF_BUFG_repN_1
    BUFGCTRL_X0Y1        BUFG (Prop_bufg_I_O)         0.077    12.951 r  aclk_IBUF_BUFG_inst_replica/O
                         net (fo=71, routed)          0.112    13.063    aclk_IBUF_BUFG_repN
    BUFGCTRL_X0Y0        BUFG (Prop_bufg_I_O)         0.077    13.140 r  aclk_IBUF_BUFG_inst/O
                         net (fo=20502, routed)       1.588    14.728    u_wb/defaultClockArea_cpu/aclk_IBUF_BUFG
    SLICE_X6Y80          FDSE                                         r  u_wb/defaultClockArea_cpu/ID_to_RENAME_DECODE_PACKET_2_payload_except_payload_code_reg[3]/C
                         clock pessimism              0.331    15.059    
                         clock uncertainty           -0.035    15.023    
    SLICE_X6Y80          FDSE (Setup_fdse_C_S)       -0.423    14.600    u_wb/defaultClockArea_cpu/ID_to_RENAME_DECODE_PACKET_2_payload_except_payload_code_reg[3]
  -------------------------------------------------------------------
                         required time                         14.600    
                         arrival time                         -14.517    
  -------------------------------------------------------------------
                         slack                                  0.084    





Pulse Width Checks
--------------------------------------------------------------------------------------
Clock Name:         aclk
Waveform(ns):       { 0.000 5.000 }
Period(ns):         10.000
Sources:            { aclk }

Check Type        Corner  Lib Pin             Reference Pin  Required(ns)  Actual(ns)  Slack(ns)  Location      Pin
Min Period        n/a     DSP48E1/CLK         n/a            3.109         10.000      6.891      DSP48_X7Y45   core_top/wb_raw_top/MyCPUCore/WeBattleMulDivUnit/multiplier/<hidden>/<hidden>/<hidden>
Min Period        n/a     RAMB36E1/CLKARDCLK  n/a            2.472         10.000      7.528      RAMB36_X0Y7   u_wb/defaultClockArea_axiBuffer/fifo/xpm_fifo_base_inst/gen_sdpram.xpm_memory_base_inst/gen_wr_a.gen_word_narrow.mem_reg_0/CLKARDCLK
Min Period        n/a     RAMB36E1/CLKARDCLK  n/a            2.472         10.000      7.528      RAMB36_X0Y5   u_wb/defaultClockArea_axiBuffer/fifo/xpm_fifo_base_inst/gen_sdpram.xpm_memory_base_inst/gen_wr_a.gen_word_narrow.mem_reg_1/CLKARDCLK
Min Period        n/a     RAMB18E1/CLKARDCLK  n/a            2.472         10.000      7.528      RAMB18_X0Y12  u_wb/defaultClockArea_axiBuffer/fifo/xpm_fifo_base_inst/gen_sdpram.xpm_memory_base_inst/gen_wr_a.gen_word_narrow.mem_reg_2/CLKARDCLK
Min Period        n/a     RAMB36E1/CLKARDCLK  n/a            2.472         10.000      7.528      RAMB36_X0Y9   u_wb/defaultClockArea_cpu/DCachePlugin_dataRAMs_0/mem/xpm_memory_base_inst/gen_wr_a.gen_byte_narrow.for_mem_cols[1].mem_reg/CLKARDCLK
Min Period        n/a     RAMB36E1/CLKARDCLK  n/a            2.472         10.000      7.528      RAMB36_X0Y10  u_wb/defaultClockArea_cpu/DCachePlugin_dataRAMs_1/mem/xpm_memory_base_inst/gen_wr_a.gen_byte_narrow.for_mem_cols[1].mem_reg/CLKARDCLK
Min Period        n/a     RAMB36E1/CLKARDCLK  n/a            2.472         10.000      7.528      RAMB36_X0Y13  u_wb/defaultClockArea_cpu/DCachePlugin_infoRAM/mem/xpm_memory_base_inst/gen_wr_a.gen_word_narrow.mem_reg/CLKARDCLK
Min Period        n/a     RAMB36E1/CLKBWRCLK  n/a            2.472         10.000      7.528      RAMB36_X0Y13  u_wb/defaultClockArea_cpu/DCachePlugin_infoRAM/mem/xpm_memory_base_inst/gen_wr_a.gen_word_narrow.mem_reg/CLKBWRCLK
Min Period        n/a     RAMB36E1/CLKARDCLK  n/a            2.472         10.000      7.528      RAMB36_X3Y11  u_wb/defaultClockArea_cpu/GlobalPredictorBTBPlugin_btb/rams_0/mem/xpm_memory_base_inst/gen_wr_a.gen_word_narrow.mem_reg/CLKARDCLK
Min Period        n/a     RAMB36E1/CLKBWRCLK  n/a            2.472         10.000      7.528      RAMB36_X3Y11  u_wb/defaultClockArea_cpu/GlobalPredictorBTBPlugin_btb/rams_0/mem/xpm_memory_base_inst/gen_wr_a.gen_word_narrow.mem_reg/CLKBWRCLK
Min Period        n/a     RAMB36E1/CLKARDCLK  n/a            2.472         10.000      7.528      RAMB36_X2Y12  u_wb/defaultClockArea_cpu/GlobalPredictorBTBPlugin_btb/rams_1/mem/xpm_memory_base_inst/gen_wr_a.gen_word_narrow.mem_reg/CLKARDCLK
Min Period        n/a     RAMB36E1/CLKBWRCLK  n/a            2.472         10.000      7.528      RAMB36_X2Y12  u_wb/defaultClockArea_cpu/GlobalPredictorBTBPlugin_btb/rams_1/mem/xpm_memory_base_inst/gen_wr_a.gen_word_narrow.mem_reg/CLKBWRCLK
Min Period        n/a     RAMB36E1/CLKARDCLK  n/a            2.472         10.000      7.528      RAMB36_X2Y5   u_wb/defaultClockArea_cpu/GlobalPredictorBTBPlugin_btb/rams_2/mem/xpm_memory_base_inst/gen_wr_a.gen_word_narrow.mem_reg/CLKARDCLK
Min Period        n/a     RAMB36E1/CLKBWRCLK  n/a            2.472         10.000      7.528      RAMB36_X2Y5   u_wb/defaultClockArea_cpu/GlobalPredictorBTBPlugin_btb/rams_2/mem/xpm_memory_base_inst/gen_wr_a.gen_word_narrow.mem_reg/CLKBWRCLK
Min Period        n/a     RAMB36E1/CLKARDCLK  n/a            2.472         10.000      7.528      RAMB36_X2Y15  u_wb/defaultClockArea_cpu/GlobalPredictorBTBPlugin_btb/rams_3/mem/xpm_memory_base_inst/gen_wr_a.gen_word_narrow.mem_reg/CLKARDCLK
Min Period        n/a     RAMB36E1/CLKBWRCLK  n/a            2.472         10.000      7.528      RAMB36_X2Y15  u_wb/defaultClockArea_cpu/GlobalPredictorBTBPlugin_btb/rams_3/mem/xpm_memory_base_inst/gen_wr_a.gen_word_narrow.mem_reg/CLKBWRCLK
Min Period        n/a     RAMB18E1/CLKARDCLK  n/a            2.472         10.000      7.528      RAMB18_X3Y24  u_wb/defaultClockArea_cpu/GlobalPredictorBTBPlugin_predictor/pht/rams_0/mem/xpm_memory_base_inst/gen_wr_a.gen_word_narrow.mem_reg/CLKARDCLK
Min Period        n/a     RAMB18E1/CLKARDCLK  n/a            2.472         10.000      7.528      RAMB18_X3Y28  u_wb/defaultClockArea_cpu/GlobalPredictorBTBPlugin_predictor/pht/rams_1/mem/xpm_memory_base_inst/gen_wr_a.gen_word_narrow.mem_reg/CLKARDCLK
Min Period        n/a     RAMB18E1/CLKARDCLK  n/a            2.472         10.000      7.528      RAMB18_X3Y27  u_wb/defaultClockArea_cpu/GlobalPredictorBTBPlugin_predictor/pht/rams_2/mem/xpm_memory_base_inst/gen_wr_a.gen_word_narrow.mem_reg/CLKARDCLK
Min Period        n/a     RAMB18E1/CLKARDCLK  n/a            2.472         10.000      7.528      RAMB18_X2Y26  u_wb/defaultClockArea_cpu/GlobalPredictorBTBPlugin_predictor/pht/rams_3/mem/xpm_memory_base_inst/gen_wr_a.gen_word_narrow.mem_reg/CLKARDCLK
Low Pulse Width   Slow    SRL16E/CLK          n/a            0.854         5.000       4.146      SLICE_X14Y80  u_wb/defaultClockArea_cpu/MEM_ADDR_to_MEM_MEM1_ISSUE_SLOT_robIdx_reg[0]_srl3/CLK
Low Pulse Width   Fast    SRL16E/CLK          n/a            0.854         5.000       4.146      SLICE_X14Y80  u_wb/defaultClockArea_cpu/MEM_ADDR_to_MEM_MEM1_ISSUE_SLOT_robIdx_reg[0]_srl3/CLK
Low Pulse Width   Slow    SRL16E/CLK          n/a            0.854         5.000       4.146      SLICE_X14Y80  u_wb/defaultClockArea_cpu/MEM_ADDR_to_MEM_MEM1_ISSUE_SLOT_robIdx_reg[1]_srl3/CLK
Low Pulse Width   Fast    SRL16E/CLK          n/a            0.854         5.000       4.146      SLICE_X14Y80  u_wb/defaultClockArea_cpu/MEM_ADDR_to_MEM_MEM1_ISSUE_SLOT_robIdx_reg[1]_srl3/CLK
Low Pulse Width   Slow    SRL16E/CLK          n/a            0.854         5.000       4.146      SLICE_X14Y80  u_wb/defaultClockArea_cpu/MEM_ADDR_to_MEM_MEM1_ISSUE_SLOT_robIdx_reg[2]_srl3/CLK
Low Pulse Width   Fast    SRL16E/CLK          n/a            0.854         5.000       4.146      SLICE_X14Y80  u_wb/defaultClockArea_cpu/MEM_ADDR_to_MEM_MEM1_ISSUE_SLOT_robIdx_reg[2]_srl3/CLK
Low Pulse Width   Slow    SRL16E/CLK          n/a            0.854         5.000       4.146      SLICE_X14Y80  u_wb/defaultClockArea_cpu/MEM_ADDR_to_MEM_MEM1_ISSUE_SLOT_robIdx_reg[3]_srl3/CLK
Low Pulse Width   Fast    SRL16E/CLK          n/a            0.854         5.000       4.146      SLICE_X14Y80  u_wb/defaultClockArea_cpu/MEM_ADDR_to_MEM_MEM1_ISSUE_SLOT_robIdx_reg[3]_srl3/CLK
Low Pulse Width   Slow    SRL16E/CLK          n/a            0.854         5.000       4.146      SLICE_X14Y80  u_wb/defaultClockArea_cpu/MEM_ADDR_to_MEM_MEM1_ISSUE_SLOT_robIdx_reg[4]_srl3/CLK
Low Pulse Width   Fast    SRL16E/CLK          n/a            0.854         5.000       4.146      SLICE_X14Y80  u_wb/defaultClockArea_cpu/MEM_ADDR_to_MEM_MEM1_ISSUE_SLOT_robIdx_reg[4]_srl3/CLK
Low Pulse Width   Slow    SRL16E/CLK          n/a            0.854         5.000       4.146      SLICE_X10Y80  u_wb/defaultClockArea_cpu/MEM_ADDR_to_MEM_MEM1_ISSUE_SLOT_uop_cacheOp_reg[0]_srl3/CLK
Low Pulse Width   Fast    SRL16E/CLK          n/a            0.854         5.000       4.146      SLICE_X10Y80  u_wb/defaultClockArea_cpu/MEM_ADDR_to_MEM_MEM1_ISSUE_SLOT_uop_cacheOp_reg[0]_srl3/CLK
Low Pulse Width   Slow    SRL16E/CLK          n/a            0.854         5.000       4.146      SLICE_X10Y80  u_wb/defaultClockArea_cpu/MEM_ADDR_to_MEM_MEM1_ISSUE_SLOT_uop_cacheOp_reg[1]_srl3/CLK
Low Pulse Width   Fast    SRL16E/CLK          n/a            0.854         5.000       4.146      SLICE_X10Y80  u_wb/defaultClockArea_cpu/MEM_ADDR_to_MEM_MEM1_ISSUE_SLOT_uop_cacheOp_reg[1]_srl3/CLK
Low Pulse Width   Slow    SRL16E/CLK          n/a            0.854         5.000       4.146      SLICE_X14Y78  u_wb/defaultClockArea_cpu/MEM_ADDR_to_MEM_MEM1_ISSUE_SLOT_uop_cacheSel_reg[0]_srl3/CLK
Low Pulse Width   Fast    SRL16E/CLK          n/a            0.854         5.000       4.146      SLICE_X14Y78  u_wb/defaultClockArea_cpu/MEM_ADDR_to_MEM_MEM1_ISSUE_SLOT_uop_cacheSel_reg[0]_srl3/CLK
Low Pulse Width   Slow    SRL16E/CLK          n/a            0.854         5.000       4.146      SLICE_X14Y78  u_wb/defaultClockArea_cpu/MEM_ADDR_to_MEM_MEM1_ISSUE_SLOT_uop_cacheSel_reg[1]_srl3/CLK
Low Pulse Width   Fast    SRL16E/CLK          n/a            0.854         5.000       4.146      SLICE_X14Y78  u_wb/defaultClockArea_cpu/MEM_ADDR_to_MEM_MEM1_ISSUE_SLOT_uop_cacheSel_reg[1]_srl3/CLK
Low Pulse Width   Slow    SRL16E/CLK          n/a            0.854         5.000       4.146      SLICE_X14Y72  u_wb/defaultClockArea_cpu/MEM_ADDR_to_MEM_MEM1_ISSUE_SLOT_uop_isStore_reg_srl3/CLK
Low Pulse Width   Fast    SRL16E/CLK          n/a            0.854         5.000       4.146      SLICE_X14Y72  u_wb/defaultClockArea_cpu/MEM_ADDR_to_MEM_MEM1_ISSUE_SLOT_uop_isStore_reg_srl3/CLK
High Pulse Width  Slow    SRL16E/CLK          n/a            0.854         5.000       4.146      SLICE_X14Y80  u_wb/defaultClockArea_cpu/MEM_ADDR_to_MEM_MEM1_ISSUE_SLOT_robIdx_reg[0]_srl3/CLK
High Pulse Width  Fast    SRL16E/CLK          n/a            0.854         5.000       4.146      SLICE_X14Y80  u_wb/defaultClockArea_cpu/MEM_ADDR_to_MEM_MEM1_ISSUE_SLOT_robIdx_reg[0]_srl3/CLK
High Pulse Width  Slow    SRL16E/CLK          n/a            0.854         5.000       4.146      SLICE_X14Y80  u_wb/defaultClockArea_cpu/MEM_ADDR_to_MEM_MEM1_ISSUE_SLOT_robIdx_reg[1]_srl3/CLK
High Pulse Width  Fast    SRL16E/CLK          n/a            0.854         5.000       4.146      SLICE_X14Y80  u_wb/defaultClockArea_cpu/MEM_ADDR_to_MEM_MEM1_ISSUE_SLOT_robIdx_reg[1]_srl3/CLK
High Pulse Width  Slow    SRL16E/CLK          n/a            0.854         5.000       4.146      SLICE_X14Y80  u_wb/defaultClockArea_cpu/MEM_ADDR_to_MEM_MEM1_ISSUE_SLOT_robIdx_reg[2]_srl3/CLK
High Pulse Width  Fast    SRL16E/CLK          n/a            0.854         5.000       4.146      SLICE_X14Y80  u_wb/defaultClockArea_cpu/MEM_ADDR_to_MEM_MEM1_ISSUE_SLOT_robIdx_reg[2]_srl3/CLK
High Pulse Width  Slow    SRL16E/CLK          n/a            0.854         5.000       4.146      SLICE_X14Y80  u_wb/defaultClockArea_cpu/MEM_ADDR_to_MEM_MEM1_ISSUE_SLOT_robIdx_reg[3]_srl3/CLK
High Pulse Width  Fast    SRL16E/CLK          n/a            0.854         5.000       4.146      SLICE_X14Y80  u_wb/defaultClockArea_cpu/MEM_ADDR_to_MEM_MEM1_ISSUE_SLOT_robIdx_reg[3]_srl3/CLK
High Pulse Width  Slow    SRL16E/CLK          n/a            0.854         5.000       4.146      SLICE_X14Y80  u_wb/defaultClockArea_cpu/MEM_ADDR_to_MEM_MEM1_ISSUE_SLOT_robIdx_reg[4]_srl3/CLK
High Pulse Width  Fast    SRL16E/CLK          n/a            0.854         5.000       4.146      SLICE_X14Y80  u_wb/defaultClockArea_cpu/MEM_ADDR_to_MEM_MEM1_ISSUE_SLOT_robIdx_reg[4]_srl3/CLK
High Pulse Width  Slow    SRL16E/CLK          n/a            0.854         5.000       4.146      SLICE_X10Y80  u_wb/defaultClockArea_cpu/MEM_ADDR_to_MEM_MEM1_ISSUE_SLOT_uop_cacheOp_reg[0]_srl3/CLK
High Pulse Width  Fast    SRL16E/CLK          n/a            0.854         5.000       4.146      SLICE_X10Y80  u_wb/defaultClockArea_cpu/MEM_ADDR_to_MEM_MEM1_ISSUE_SLOT_uop_cacheOp_reg[0]_srl3/CLK
High Pulse Width  Slow    SRL16E/CLK          n/a            0.854         5.000       4.146      SLICE_X10Y80  u_wb/defaultClockArea_cpu/MEM_ADDR_to_MEM_MEM1_ISSUE_SLOT_uop_cacheOp_reg[1]_srl3/CLK
High Pulse Width  Fast    SRL16E/CLK          n/a            0.854         5.000       4.146      SLICE_X10Y80  u_wb/defaultClockArea_cpu/MEM_ADDR_to_MEM_MEM1_ISSUE_SLOT_uop_cacheOp_reg[1]_srl3/CLK
High Pulse Width  Slow    SRL16E/CLK          n/a            0.854         5.000       4.146      SLICE_X14Y78  u_wb/defaultClockArea_cpu/MEM_ADDR_to_MEM_MEM1_ISSUE_SLOT_uop_cacheSel_reg[0]_srl3/CLK
High Pulse Width  Fast    SRL16E/CLK          n/a            0.854         5.000       4.146      SLICE_X14Y78  u_wb/defaultClockArea_cpu/MEM_ADDR_to_MEM_MEM1_ISSUE_SLOT_uop_cacheSel_reg[0]_srl3/CLK
High Pulse Width  Slow    SRL16E/CLK          n/a            0.854         5.000       4.146      SLICE_X14Y78  u_wb/defaultClockArea_cpu/MEM_ADDR_to_MEM_MEM1_ISSUE_SLOT_uop_cacheSel_reg[1]_srl3/CLK
High Pulse Width  Fast    SRL16E/CLK          n/a            0.854         5.000       4.146      SLICE_X14Y78  u_wb/defaultClockArea_cpu/MEM_ADDR_to_MEM_MEM1_ISSUE_SLOT_uop_cacheSel_reg[1]_srl3/CLK
High Pulse Width  Slow    SRL16E/CLK          n/a            0.854         5.000       4.146      SLICE_X14Y72  u_wb/defaultClockArea_cpu/MEM_ADDR_to_MEM_MEM1_ISSUE_SLOT_uop_isStore_reg_srl3/CLK
High Pulse Width  Fast    SRL16E/CLK          n/a            0.854         5.000       4.146      SLICE_X14Y72  u_wb/defaultClockArea_cpu/MEM_ADDR_to_MEM_MEM1_ISSUE_SLOT_uop_isStore_reg_srl3/CLK



