Copyright 1986-2022 Xilinx, Inc. All Rights Reserved. Copyright 2022-2025 Advanced Micro Devices, Inc. All Rights Reserved.
----------------------------------------------------------------------------------------------------------------------------------------------------------
| Tool Version : Vivado v.2025.2 (win64) Build 6299465 Fri Nov 14 19:35:11 GMT 2025
| Date         : Wed Jul 29 23:19:35 2026
| Host         : MM的ThinkBook16p running 64-bit major release  (build 9200)
| Command      : report_timing_summary -delay_type max -max_paths 20 -file D:/NSCSCC2026/WeBattle-Core/reports/WB-N6/implementation/timing_route_10ns.rpt
| Design       : core_top
| Device       : 7a200t-fbg676
| Speed File   : -2  PRODUCTION 1.23 2018-06-13
| Design State : Routed
----------------------------------------------------------------------------------------------------------------------------------------------------------

Timing Summary Report

------------------------------------------------------------------------------------------------
| Timer Settings
| --------------
------------------------------------------------------------------------------------------------

  Enable Multi Corner Analysis               :  Yes
  Enable Pessimism Removal                   :  Yes
  Pessimism Removal Resolution               :  Nearest Common Node
  Enable Input Delay Default Clock           :  No
  Enable Preset / Clear Arcs                 :  No
  Disable Flight Delays                      :  No
  Ignore I/O Paths                           :  No
  Timing Early Launch at Borrowing Latches   :  No
  Borrow Time for Max Delay Exceptions       :  Yes
  Merge Timing Exceptions                    :  Yes
  Inter-SLR Compensation                     :  Conservative

  Corner  Analyze    Analyze    
  Name    Max Paths  Min Paths  
  ------  ---------  ---------  
  Slow    Yes        Yes        
  Fast    Yes        Yes        


------------------------------------------------------------------------------------------------
| Report Methodology
| ------------------
------------------------------------------------------------------------------------------------

No report available as report_methodology has not been run prior. Run report_methodology on the current design for the summary of methodology violations.



check_timing report

Table of Contents
-----------------
1. checking no_clock (0)
2. checking constant_clock (0)
3. checking pulse_width_clock (0)
4. checking unconstrained_internal_endpoints (0)
5. checking no_input_delay (47)
6. checking no_output_delay (234)
7. checking multiple_clock (0)
8. checking generated_clocks (0)
9. checking loops (0)
10. checking partial_input_delay (0)
11. checking partial_output_delay (0)
12. checking latch_loops (0)

1. checking no_clock (0)
------------------------
 There are 0 register/latch pins with no clock.


2. checking constant_clock (0)
------------------------------
 There are 0 register/latch pins with constant_clock.


3. checking pulse_width_clock (0)
---------------------------------
 There are 0 register/latch pins which need pulse_width check


4. checking unconstrained_internal_endpoints (0)
------------------------------------------------
 There are 0 pins that are not constrained for maximum delay.

 There are 0 pins that are not constrained for maximum delay due to constant clock.


5. checking no_input_delay (47)
-------------------------------
 There are 47 input ports with no input delay specified. (HIGH)

 There are 0 input ports with no input delay but user has a false path constraint.


6. checking no_output_delay (234)
---------------------------------
 There are 234 ports with no output delay specified. (HIGH)

 There are 0 ports with no output delay but user has a false path constraint

 There are 0 ports with no output delay but with a timing clock defined on it or propagating through it


7. checking multiple_clock (0)
------------------------------
 There are 0 register/latch pins with multiple clocks.


8. checking generated_clocks (0)
--------------------------------
 There are 0 generated clocks that are not connected to a clock source.


9. checking loops (0)
---------------------
 There are 0 combinational loops in the design.


10. checking partial_input_delay (0)
------------------------------------
 There are 0 input ports with partial input delay specified.


11. checking partial_output_delay (0)
-------------------------------------
 There are 0 ports with partial output delay specified.


12. checking latch_loops (0)
----------------------------
 There are 0 combinational latch loops in the design through latch input



------------------------------------------------------------------------------------------------
| Design Timing Summary
| ---------------------
------------------------------------------------------------------------------------------------

    WNS(ns)      TNS(ns)  TNS Failing Endpoints  TNS Total Endpoints     WPWS(ns)     TPWS(ns)  TPWS Failing Endpoints  TPWS Total Endpoints  
    -------      -------  ---------------------  -------------------     --------     --------  ----------------------  --------------------  
     -0.170       -0.816                     17                35633        3.870        0.000                       0                 17753  


Timing constraints are not met.


------------------------------------------------------------------------------------------------
| Clock Summary
| -------------
------------------------------------------------------------------------------------------------

Clock  Waveform(ns)       Period(ns)      Frequency(MHz)
-----  ------------       ----------      --------------
aclk   {0.000 5.000}      10.000          100.000         


------------------------------------------------------------------------------------------------
| Intra Clock Table
| -----------------
------------------------------------------------------------------------------------------------

Clock             WNS(ns)      TNS(ns)  TNS Failing Endpoints  TNS Total Endpoints     WPWS(ns)     TPWS(ns)  TPWS Failing Endpoints  TPWS Total Endpoints  
-----             -------      -------  ---------------------  -------------------     --------     --------  ----------------------  --------------------  
aclk               -0.170       -0.816                     17                35633        3.870        0.000                       0                 17753  


------------------------------------------------------------------------------------------------
| Inter Clock Table
| -----------------
------------------------------------------------------------------------------------------------

From Clock    To Clock          WNS(ns)      TNS(ns)  TNS Failing Endpoints  TNS Total Endpoints  
----------    --------          -------      -------  ---------------------  -------------------  


------------------------------------------------------------------------------------------------
| Other Path Groups Table
| -----------------------
------------------------------------------------------------------------------------------------

Path Group    From Clock    To Clock          WNS(ns)      TNS(ns)  TNS Failing Endpoints  TNS Total Endpoints  
----------    ----------    --------          -------      -------  ---------------------  -------------------  


------------------------------------------------------------------------------------------------
| Timing Details
| --------------
------------------------------------------------------------------------------------------------


---------------------------------------------------------------------------------------------------
From Clock:  aclk
  To Clock:  aclk

Setup :           17  Failing Endpoints,  Worst Slack       -0.170ns,  Total Violation       -0.816ns
Hold  :           NA  Failing Endpoints,  Worst Slack           NA  ,  Total Violation           NA
PW    :            0  Failing Endpoints,  Worst Slack        3.870ns,  Total Violation        0.000ns
---------------------------------------------------------------------------------------------------


Max Delay Paths
--------------------------------------------------------------------------------------
Slack (VIOLATED) :        -0.170ns  (required time - arrival time)
  Source:                 u_wb/defaultClockArea_cpu/IF1_to_IF2_TRANSLATE_SAVED_CSR_CRMD_DA_reg/C
                            (rising edge-triggered cell FDRE clocked by aclk  {rise@0.000ns fall@5.000ns period=10.000ns})
  Destination:            u_wb/defaultClockArea_cpu/ICachePlugin_dataRAMs_1/mem/xpm_memory_base_inst/gen_wr_a.gen_byte_narrow.for_mem_cols[1].mem_reg_6/ADDRARDADDR[9]
                            (rising edge-triggered cell RAMB36E1 clocked by aclk  {rise@0.000ns fall@5.000ns period=10.000ns})
  Path Group:             aclk
  Path Type:              Setup (Max at Slow Process Corner)
  Requirement:            10.000ns  (aclk rise@10.000ns - aclk rise@0.000ns)
  Data Path Delay:        9.648ns  (logic 2.158ns (22.366%)  route 7.490ns (77.634%))
  Logic Levels:           12  (CARRY4=1 LUT3=4 LUT4=2 LUT5=3 LUT6=2)
  Clock Path Skew:        0.004ns (DCD - SCD + CPR)
    Destination Clock Delay (DCD):    4.140ns = ( 14.140 - 10.000 ) 
    Source Clock Delay      (SCD):    4.438ns
    Clock Pessimism Removal (CPR):    0.302ns
  Clock Uncertainty:      0.035ns  ((TSJ^2 + TIJ^2)^1/2 + DJ) / 2 + PE
    Total System Jitter     (TSJ):    0.071ns
    Total Input Jitter      (TIJ):    0.000ns
    Discrete Jitter          (DJ):    0.000ns
    Phase Error              (PE):    0.000ns

    Location             Delay type                Incr(ns)  Path(ns)    Netlist Resource(s)
  -------------------------------------------------------------------    -------------------
                         (clock aclk rise edge)       0.000     0.000 r  
    G20                                               0.000     0.000 r  aclk (IN)
                         net (fo=0)                   0.000     0.000    aclk
    G20                  IBUF (Prop_ibuf_I_O)         0.897     0.897 r  aclk_IBUF_inst/O
                         net (fo=1, routed)           1.827     2.724    aclk_IBUF
    BUFGCTRL_X0Y16       BUFG (Prop_bufg_I_O)         0.081     2.805 r  aclk_IBUF_BUFG_inst/O
                         net (fo=17755, routed)       1.633     4.438    u_wb/defaultClockArea_cpu/aclk_IBUF_BUFG
    SLICE_X41Y50         FDRE                                         r  u_wb/defaultClockArea_cpu/IF1_to_IF2_TRANSLATE_SAVED_CSR_CRMD_DA_reg/C
  -------------------------------------------------------------------    -------------------
    SLICE_X41Y50         FDRE (Prop_fdre_C_Q)         0.379     4.817 f  u_wb/defaultClockArea_cpu/IF1_to_IF2_TRANSLATE_SAVED_CSR_CRMD_DA_reg/Q
                         net (fo=6, routed)           0.485     5.302    u_wb/defaultClockArea_cpu/ICachePlugin_infoRAM/IF1_to_IF2_TRANSLATE_SAVED_CSR_CRMD_DA
    SLICE_X41Y48         LUT3 (Prop_lut3_I2_O)        0.105     5.407 r  u_wb/defaultClockArea_cpu/ICachePlugin_infoRAM/mem_i_44__2/O
                         net (fo=11, routed)          0.454     5.861    u_wb/defaultClockArea_cpu/weBattleFetchQueue_1/_zz_IF2_InstAddrTranslatePlugin_pcCached
    SLICE_X38Y46         LUT3 (Prop_lut3_I1_O)        0.105     5.966 r  u_wb/defaultClockArea_cpu/weBattleFetchQueue_1/araddr_OBUF[29]_inst_i_3/O
                         net (fo=3, routed)           0.442     6.409    u_wb/defaultClockArea_cpu/weBattleFetchQueue_1/defaultClockArea_cpu_io_iBus_ar_payload_addr[0]
    SLICE_X42Y46         LUT6 (Prop_lut6_I1_O)        0.105     6.514 r  u_wb/defaultClockArea_cpu/weBattleFetchQueue_1/mem_i_57__3/O
                         net (fo=1, routed)           0.000     6.514    u_wb/defaultClockArea_cpu/weBattleFetchQueue_1/mem_i_57__3_n_0
    SLICE_X42Y46         CARRY4 (Prop_carry4_S[1]_CO[2])
                                                      0.477     6.991 f  u_wb/defaultClockArea_cpu/weBattleFetchQueue_1/mem_i_50__5/CO[2]
                         net (fo=1, routed)           0.444     7.434    u_wb/defaultClockArea_cpu/weBattleFetchQueue_1/IF2_ICachePlugin_hits_10
    SLICE_X45Y46         LUT4 (Prop_lut4_I3_O)        0.252     7.686 r  u_wb/defaultClockArea_cpu/weBattleFetchQueue_1/mem_i_43__11/O
                         net (fo=131, routed)         0.250     7.936    u_wb/defaultClockArea_cpu/weBattleFetchQueue_1/IF1_to_IF2_ICACHE_VALIDS_0_reg
    SLICE_X44Y47         LUT5 (Prop_lut5_I3_O)        0.105     8.041 r  u_wb/defaultClockArea_cpu/weBattleFetchQueue_1/mem_i_27__2/O
                         net (fo=1, routed)           0.315     8.355    u_wb/defaultClockArea_cpu/weBattleFetchQueue_1/mem_i_27__2_n_0
    SLICE_X45Y48         LUT6 (Prop_lut6_I3_O)        0.105     8.460 f  u_wb/defaultClockArea_cpu/weBattleFetchQueue_1/mem_i_26__7/O
                         net (fo=424, routed)         0.398     8.858    u_wb/defaultClockArea_cpu/weBattleFetchQueue_1/FSM_onehot_IF2_ICachePlugin_cacheRefillFSM_stateReg_reg[3][0]
    SLICE_X47Y49         LUT3 (Prop_lut3_I2_O)        0.105     8.963 f  u_wb/defaultClockArea_cpu/weBattleFetchQueue_1/ReturnAddressStackPlugin_ras_0[29]_i_3/O
                         net (fo=10, routed)          0.654     9.617    u_wb/defaultClockArea_cpu/weBattleFetchQueue_1/when_ReturnAddressStackPlugin_l31
    SLICE_X61Y53         LUT3 (Prop_lut3_I1_O)        0.105     9.722 r  u_wb/defaultClockArea_cpu/weBattleFetchQueue_1/storage_0_predInfo_predictAddr[31]_i_2/O
                         net (fo=30, routed)          0.827    10.550    u_wb/defaultClockArea_cpu/weBattleFetchQueue_1/storage_0_predInfo_predictAddr[31]_i_2_n_0
    SLICE_X72Y53         LUT5 (Prop_lut5_I1_O)        0.105    10.655 r  u_wb/defaultClockArea_cpu/weBattleFetchQueue_1/storage_0_predInfo_predictAddr[9]_i_1/O
                         net (fo=12, routed)          0.503    11.158    u_wb/defaultClockArea_cpu/ROBFIFOPlugin_robInfo/ram/rams_1/gen_wr_a.gen_word_narrow.mem_reg_8[3]
    SLICE_X72Y53         LUT5 (Prop_lut5_I0_O)        0.105    11.263 r  u_wb/defaultClockArea_cpu/ROBFIFOPlugin_robInfo/ram/rams_1/mem_i_9__11/O
                         net (fo=21, routed)          1.125    12.388    u_wb/defaultClockArea_cpu/ROBFIFOPlugin_robInfo/ram/IF1_to_IF2_PREDICT_JUMP_PAYLOAD_target_reg[7]
    SLICE_X51Y48         LUT4 (Prop_lut4_I3_O)        0.105    12.493 r  u_wb/defaultClockArea_cpu/ROBFIFOPlugin_robInfo/ram/mem_i_21__18/O
                         net (fo=17, routed)          1.594    14.086    u_wb/defaultClockArea_cpu/ICachePlugin_dataRAMs_1/mem/xpm_memory_base_inst/addrb[3]
    RAMB36_X1Y12         RAMB36E1                                     r  u_wb/defaultClockArea_cpu/ICachePlugin_dataRAMs_1/mem/xpm_memory_base_inst/gen_wr_a.gen_byte_narrow.for_mem_cols[1].mem_reg_6/ADDRARDADDR[9]
  -------------------------------------------------------------------    -------------------

                         (clock aclk rise edge)      10.000    10.000 r  
    G20                                               0.000    10.000 r  aclk (IN)
                         net (fo=0)                   0.000    10.000    aclk
    G20                  IBUF (Prop_ibuf_I_O)         0.766    10.766 r  aclk_IBUF_inst/O
                         net (fo=1, routed)           1.734    12.500    aclk_IBUF
    BUFGCTRL_X0Y16       BUFG (Prop_bufg_I_O)         0.077    12.577 r  aclk_IBUF_BUFG_inst/O
                         net (fo=17755, routed)       1.563    14.140    u_wb/defaultClockArea_cpu/ICachePlugin_dataRAMs_1/mem/xpm_memory_base_inst/clka
    RAMB36_X1Y12         RAMB36E1                                     r  u_wb/defaultClockArea_cpu/ICachePlugin_dataRAMs_1/mem/xpm_memory_base_inst/gen_wr_a.gen_byte_narrow.for_mem_cols[1].mem_reg_6/CLKARDCLK
                         clock pessimism              0.302    14.442    
                         clock uncertainty           -0.035    14.406    
    RAMB36_X1Y12         RAMB36E1 (Setup_ramb36e1_CLKARDCLK_ADDRARDADDR[9])
                                                     -0.490    13.916    u_wb/defaultClockArea_cpu/ICachePlugin_dataRAMs_1/mem/xpm_memory_base_inst/gen_wr_a.gen_byte_narrow.for_mem_cols[1].mem_reg_6
  -------------------------------------------------------------------
                         required time                         13.916    
                         arrival time                         -14.086    
  -------------------------------------------------------------------
                         slack                                 -0.170    

Slack (VIOLATED) :        -0.164ns  (required time - arrival time)
  Source:                 u_wb/defaultClockArea_cpu/ROBFIFOPlugin_robInfo/pushPtr_reg[1]/C
                            (rising edge-triggered cell FDCE clocked by aclk  {rise@0.000ns fall@5.000ns period=10.000ns})
  Destination:            u_wb/defaultClockArea_cpu/ROBFIFOPlugin_robInfo/ram/io_read_rsp_0_rename_wReg_reg[0]_rep/D
                            (rising edge-triggered cell FDRE clocked by aclk  {rise@0.000ns fall@5.000ns period=10.000ns})
  Path Group:             aclk
  Path Type:              Setup (Max at Slow Process Corner)
  Requirement:            10.000ns  (aclk rise@10.000ns - aclk rise@0.000ns)
  Data Path Delay:        10.026ns  (logic 2.037ns (20.318%)  route 7.989ns (79.682%))
  Logic Levels:           14  (LUT2=1 LUT5=6 LUT6=6 RAMD32=1)
  Clock Path Skew:        -0.056ns (DCD - SCD + CPR)
    Destination Clock Delay (DCD):    3.972ns = ( 13.972 - 10.000 ) 
    Source Clock Delay      (SCD):    4.330ns
    Clock Pessimism Removal (CPR):    0.302ns
  Clock Uncertainty:      0.035ns  ((TSJ^2 + TIJ^2)^1/2 + DJ) / 2 + PE
    Total System Jitter     (TSJ):    0.071ns
    Total Input Jitter      (TIJ):    0.000ns
    Discrete Jitter          (DJ):    0.000ns
    Phase Error              (PE):    0.000ns

    Location             Delay type                Incr(ns)  Path(ns)    Netlist Resource(s)
  -------------------------------------------------------------------    -------------------
                         (clock aclk rise edge)       0.000     0.000 r  
    G20                                               0.000     0.000 r  aclk (IN)
                         net (fo=0)                   0.000     0.000    aclk
    G20                  IBUF (Prop_ibuf_I_O)         0.897     0.897 r  aclk_IBUF_inst/O
                         net (fo=1, routed)           1.827     2.724    aclk_IBUF
    BUFGCTRL_X0Y16       BUFG (Prop_bufg_I_O)         0.081     2.805 r  aclk_IBUF_BUFG_inst/O
                         net (fo=17755, routed)       1.525     4.330    u_wb/defaultClockArea_cpu/ROBFIFOPlugin_robInfo/aclk_IBUF_BUFG
    SLICE_X79Y65         FDCE                                         r  u_wb/defaultClockArea_cpu/ROBFIFOPlugin_robInfo/pushPtr_reg[1]/C
  -------------------------------------------------------------------    -------------------
    SLICE_X79Y65         FDCE (Prop_fdce_C_Q)         0.379     4.709 r  u_wb/defaultClockArea_cpu/ROBFIFOPlugin_robInfo/pushPtr_reg[1]/Q
                         net (fo=167, routed)         0.750     5.459    u_wb/defaultClockArea_cpu/ROBFIFOPlugin_robInfo/ram/rams_1/io_read_rsp_0_uop_inst[31]_i_10[1]
    SLICE_X79Y66         LUT6 (Prop_lut6_I1_O)        0.105     5.564 f  u_wb/defaultClockArea_cpu/ROBFIFOPlugin_robInfo/ram/rams_1/mem_i_202/O
                         net (fo=2, routed)           0.325     5.889    u_wb/defaultClockArea_cpu/ROBFIFOPlugin_robInfo/ram/rams_2/mem_i_128__1_0
    SLICE_X79Y67         LUT6 (Prop_lut6_I0_O)        0.105     5.994 r  u_wb/defaultClockArea_cpu/ROBFIFOPlugin_robInfo/ram/rams_2/mem_i_156/O
                         net (fo=2, routed)           0.332     6.326    u_wb/defaultClockArea_cpu/ROBFIFOPlugin_robInfo/ram/rams_2/pushPtr_reg[3]
    SLICE_X79Y66         LUT6 (Prop_lut6_I0_O)        0.105     6.431 f  u_wb/defaultClockArea_cpu/ROBFIFOPlugin_robInfo/ram/rams_2/ExceptionHandlerPlugin_ESTAT_ECODE[5]_i_5/O
                         net (fo=5, routed)           0.372     6.803    u_wb/defaultClockArea_cpu/ROBFIFOPlugin_robInfo/ram_n_2243
    SLICE_X78Y68         LUT5 (Prop_lut5_I4_O)        0.105     6.908 f  u_wb/defaultClockArea_cpu/ROBFIFOPlugin_robInfo/ExceptionHandlerPlugin_ESTAT_ECODE[5]_i_3/O
                         net (fo=9, routed)           0.413     7.321    u_wb/defaultClockArea_cpu/ROBFIFOPlugin_robInfo/ram/defaultClockArea_cpu_ROBFIFOPlugin_debug_fifoIO_pop_0_valid
    SLICE_X80Y68         LUT5 (Prop_lut5_I1_O)        0.105     7.426 r  u_wb/defaultClockArea_cpu/ROBFIFOPlugin_robInfo/ram/CommitPlugin_port0Commit_uncachedProcess_fsm_stateReg[0]_i_4/O
                         net (fo=3, routed)           0.376     7.802    u_wb/defaultClockArea_cpu/ROBFIFOPlugin_robInfo/ram/rams_2/debug0_wb_pc_OBUF[31]_inst_i_7_5
    SLICE_X78Y70         LUT5 (Prop_lut5_I0_O)        0.105     7.907 f  u_wb/defaultClockArea_cpu/ROBFIFOPlugin_robInfo/ram/rams_2/debug0_wb_pc_OBUF[31]_inst_i_11/O
                         net (fo=1, routed)           0.325     8.232    u_wb/defaultClockArea_cpu/ROBFIFOPlugin_robInfo/ram/rams_2/debug0_wb_pc_OBUF[31]_inst_i_11_n_0
    SLICE_X79Y72         LUT5 (Prop_lut5_I4_O)        0.105     8.337 r  u_wb/defaultClockArea_cpu/ROBFIFOPlugin_robInfo/ram/rams_2/debug0_wb_pc_OBUF[31]_inst_i_7/O
                         net (fo=6, routed)           0.502     8.839    u_wb/defaultClockArea_cpu/ROBFIFOPlugin_robInfo/ram/rams_2/defaultClockArea_cpu_ROBFIFOPlugin_debug_fifoIO_pop_1_ready
    SLICE_X86Y71         LUT5 (Prop_lut5_I0_O)        0.105     8.944 r  u_wb/defaultClockArea_cpu/ROBFIFOPlugin_robInfo/ram/rams_2/debug0_wb_pc_OBUF[31]_inst_i_9/O
                         net (fo=4, routed)           0.344     9.288    u_wb/defaultClockArea_cpu/ROBFIFOPlugin_robInfo/ram/rams_2/defaultClockArea_cpu_ROBFIFOPlugin_debug_fifoIO_pop_2_ready
    SLICE_X86Y69         LUT6 (Prop_lut6_I4_O)        0.105     9.393 r  u_wb/defaultClockArea_cpu/ROBFIFOPlugin_robInfo/ram/rams_2/mem_i_132__1/O
                         net (fo=37, routed)          0.622    10.015    u_wb/defaultClockArea_cpu/ROBFIFOPlugin_robInfo/ram/rams_2/ROBFIFOPlugin_robInfo_popCount[0]
    SLICE_X90Y68         LUT5 (Prop_lut5_I2_O)        0.105    10.120 r  u_wb/defaultClockArea_cpu/ROBFIFOPlugin_robInfo/ram/rams_2/mem_i_124__2/O
                         net (fo=125, routed)         0.701    10.821    u_wb/defaultClockArea_cpu/ROBFIFOPlugin_robInfo/ram/rams_0/ram_io_read_cmd_payload[0]
    SLICE_X89Y70         LUT2 (Prop_lut2_I0_O)        0.124    10.945 r  u_wb/defaultClockArea_cpu/ROBFIFOPlugin_robInfo/ram/rams_0/mem_i_127/O
                         net (fo=120, routed)         1.190    12.135    u_wb/defaultClockArea_cpu/ROBFIFOPlugin_robInfo/ram/rams_0/mem/xpm_memory_base_inst/gen_wr_a.gen_word_narrow.mem_reg_0_7_108_113/ADDRB0
    SLICE_X84Y73         RAMD32 (Prop_ramd32_RADR0_O)
                                                      0.274    12.409 r  u_wb/defaultClockArea_cpu/ROBFIFOPlugin_robInfo/ram/rams_0/mem/xpm_memory_base_inst/gen_wr_a.gen_word_narrow.mem_reg_0_7_108_113/RAMB_D1/O
                         net (fo=3, routed)           0.467    12.876    u_wb/defaultClockArea_cpu/ROBFIFOPlugin_robInfo/ram/rams_0/mem_n_12
    SLICE_X81Y74         LUT6 (Prop_lut6_I0_O)        0.105    12.981 r  u_wb/defaultClockArea_cpu/ROBFIFOPlugin_robInfo/ram/rams_0/io_read_rsp_0_rename_wReg[0]_i_4/O
                         net (fo=5, routed)           0.692    13.673    u_wb/defaultClockArea_cpu/ROBFIFOPlugin_robInfo/ram/rams_2/io_read_rsp_0_rename_wReg_reg[0]
    SLICE_X82Y75         LUT6 (Prop_lut6_I4_O)        0.105    13.778 r  u_wb/defaultClockArea_cpu/ROBFIFOPlugin_robInfo/ram/rams_2/io_read_rsp_0_rename_wReg[0]_rep_i_1/O
                         net (fo=1, routed)           0.578    14.356    u_wb/defaultClockArea_cpu/ROBFIFOPlugin_robInfo/ram/rams_2_n_378
    SLICE_X82Y75         FDRE                                         r  u_wb/defaultClockArea_cpu/ROBFIFOPlugin_robInfo/ram/io_read_rsp_0_rename_wReg_reg[0]_rep/D
  -------------------------------------------------------------------    -------------------

                         (clock aclk rise edge)      10.000    10.000 r  
    G20                                               0.000    10.000 r  aclk (IN)
                         net (fo=0)                   0.000    10.000    aclk
    G20                  IBUF (Prop_ibuf_I_O)         0.766    10.766 r  aclk_IBUF_inst/O
                         net (fo=1, routed)           1.734    12.500    aclk_IBUF
    BUFGCTRL_X0Y16       BUFG (Prop_bufg_I_O)         0.077    12.577 r  aclk_IBUF_BUFG_inst/O
                         net (fo=17755, routed)       1.395    13.972    u_wb/defaultClockArea_cpu/ROBFIFOPlugin_robInfo/ram/aclk_IBUF_BUFG
    SLICE_X82Y75         FDRE                                         r  u_wb/defaultClockArea_cpu/ROBFIFOPlugin_robInfo/ram/io_read_rsp_0_rename_wReg_reg[0]_rep/C
                         clock pessimism              0.302    14.274    
                         clock uncertainty           -0.035    14.238    
    SLICE_X82Y75         FDRE (Setup_fdre_C_D)       -0.047    14.191    u_wb/defaultClockArea_cpu/ROBFIFOPlugin_robInfo/ram/io_read_rsp_0_rename_wReg_reg[0]_rep
  -------------------------------------------------------------------
                         required time                         14.191    
                         arrival time                         -14.356    
  -------------------------------------------------------------------
                         slack                                 -0.164    

Slack (VIOLATED) :        -0.128ns  (required time - arrival time)
  Source:                 u_wb/defaultClockArea_cpu/ROBFIFOPlugin_robInfo/pushPtr_reg[1]/C
                            (rising edge-triggered cell FDCE clocked by aclk  {rise@0.000ns fall@5.000ns period=10.000ns})
  Destination:            u_wb/defaultClockArea_cpu/ROBFIFOPlugin_robInfo/ram/io_read_rsp_0_uop_pc_reg[11]_rep__4/D
                            (rising edge-triggered cell FDRE clocked by aclk  {rise@0.000ns fall@5.000ns period=10.000ns})
  Path Group:             aclk
  Path Type:              Setup (Max at Slow Process Corner)
  Requirement:            10.000ns  (aclk rise@10.000ns - aclk rise@0.000ns)
  Data Path Delay:        10.025ns  (logic 2.037ns (20.318%)  route 7.988ns (79.682%))
  Logic Levels:           14  (LUT2=1 LUT5=6 LUT6=6 RAMD32=1)
  Clock Path Skew:        -0.065ns (DCD - SCD + CPR)
    Destination Clock Delay (DCD):    4.023ns = ( 14.023 - 10.000 ) 
    Source Clock Delay      (SCD):    4.330ns
    Clock Pessimism Removal (CPR):    0.242ns
  Clock Uncertainty:      0.035ns  ((TSJ^2 + TIJ^2)^1/2 + DJ) / 2 + PE
    Total System Jitter     (TSJ):    0.071ns
    Total Input Jitter      (TIJ):    0.000ns
    Discrete Jitter          (DJ):    0.000ns
    Phase Error              (PE):    0.000ns

    Location             Delay type                Incr(ns)  Path(ns)    Netlist Resource(s)
  -------------------------------------------------------------------    -------------------
                         (clock aclk rise edge)       0.000     0.000 r  
    G20                                               0.000     0.000 r  aclk (IN)
                         net (fo=0)                   0.000     0.000    aclk
    G20                  IBUF (Prop_ibuf_I_O)         0.897     0.897 r  aclk_IBUF_inst/O
                         net (fo=1, routed)           1.827     2.724    aclk_IBUF
    BUFGCTRL_X0Y16       BUFG (Prop_bufg_I_O)         0.081     2.805 r  aclk_IBUF_BUFG_inst/O
                         net (fo=17755, routed)       1.525     4.330    u_wb/defaultClockArea_cpu/ROBFIFOPlugin_robInfo/aclk_IBUF_BUFG
    SLICE_X79Y65         FDCE                                         r  u_wb/defaultClockArea_cpu/ROBFIFOPlugin_robInfo/pushPtr_reg[1]/C
  -------------------------------------------------------------------    -------------------
    SLICE_X79Y65         FDCE (Prop_fdce_C_Q)         0.379     4.709 r  u_wb/defaultClockArea_cpu/ROBFIFOPlugin_robInfo/pushPtr_reg[1]/Q
                         net (fo=167, routed)         0.750     5.459    u_wb/defaultClockArea_cpu/ROBFIFOPlugin_robInfo/ram/rams_1/io_read_rsp_0_uop_inst[31]_i_10[1]
    SLICE_X79Y66         LUT6 (Prop_lut6_I1_O)        0.105     5.564 f  u_wb/defaultClockArea_cpu/ROBFIFOPlugin_robInfo/ram/rams_1/mem_i_202/O
                         net (fo=2, routed)           0.325     5.889    u_wb/defaultClockArea_cpu/ROBFIFOPlugin_robInfo/ram/rams_2/mem_i_128__1_0
    SLICE_X79Y67         LUT6 (Prop_lut6_I0_O)        0.105     5.994 r  u_wb/defaultClockArea_cpu/ROBFIFOPlugin_robInfo/ram/rams_2/mem_i_156/O
                         net (fo=2, routed)           0.332     6.326    u_wb/defaultClockArea_cpu/ROBFIFOPlugin_robInfo/ram/rams_2/pushPtr_reg[3]
    SLICE_X79Y66         LUT6 (Prop_lut6_I0_O)        0.105     6.431 f  u_wb/defaultClockArea_cpu/ROBFIFOPlugin_robInfo/ram/rams_2/ExceptionHandlerPlugin_ESTAT_ECODE[5]_i_5/O
                         net (fo=5, routed)           0.372     6.803    u_wb/defaultClockArea_cpu/ROBFIFOPlugin_robInfo/ram_n_2243
    SLICE_X78Y68         LUT5 (Prop_lut5_I4_O)        0.105     6.908 f  u_wb/defaultClockArea_cpu/ROBFIFOPlugin_robInfo/ExceptionHandlerPlugin_ESTAT_ECODE[5]_i_3/O
                         net (fo=9, routed)           0.413     7.321    u_wb/defaultClockArea_cpu/ROBFIFOPlugin_robInfo/ram/defaultClockArea_cpu_ROBFIFOPlugin_debug_fifoIO_pop_0_valid
    SLICE_X80Y68         LUT5 (Prop_lut5_I1_O)        0.105     7.426 r  u_wb/defaultClockArea_cpu/ROBFIFOPlugin_robInfo/ram/CommitPlugin_port0Commit_uncachedProcess_fsm_stateReg[0]_i_4/O
                         net (fo=3, routed)           0.376     7.802    u_wb/defaultClockArea_cpu/ROBFIFOPlugin_robInfo/ram/rams_2/debug0_wb_pc_OBUF[31]_inst_i_7_5
    SLICE_X78Y70         LUT5 (Prop_lut5_I0_O)        0.105     7.907 f  u_wb/defaultClockArea_cpu/ROBFIFOPlugin_robInfo/ram/rams_2/debug0_wb_pc_OBUF[31]_inst_i_11/O
                         net (fo=1, routed)           0.325     8.232    u_wb/defaultClockArea_cpu/ROBFIFOPlugin_robInfo/ram/rams_2/debug0_wb_pc_OBUF[31]_inst_i_11_n_0
    SLICE_X79Y72         LUT5 (Prop_lut5_I4_O)        0.105     8.337 r  u_wb/defaultClockArea_cpu/ROBFIFOPlugin_robInfo/ram/rams_2/debug0_wb_pc_OBUF[31]_inst_i_7/O
                         net (fo=6, routed)           0.502     8.839    u_wb/defaultClockArea_cpu/ROBFIFOPlugin_robInfo/ram/rams_2/defaultClockArea_cpu_ROBFIFOPlugin_debug_fifoIO_pop_1_ready
    SLICE_X86Y71         LUT5 (Prop_lut5_I0_O)        0.105     8.944 r  u_wb/defaultClockArea_cpu/ROBFIFOPlugin_robInfo/ram/rams_2/debug0_wb_pc_OBUF[31]_inst_i_9/O
                         net (fo=4, routed)           0.344     9.288    u_wb/defaultClockArea_cpu/ROBFIFOPlugin_robInfo/ram/rams_2/defaultClockArea_cpu_ROBFIFOPlugin_debug_fifoIO_pop_2_ready
    SLICE_X86Y69         LUT6 (Prop_lut6_I4_O)        0.105     9.393 r  u_wb/defaultClockArea_cpu/ROBFIFOPlugin_robInfo/ram/rams_2/mem_i_132__1/O
                         net (fo=37, routed)          0.622    10.015    u_wb/defaultClockArea_cpu/ROBFIFOPlugin_robInfo/ram/rams_2/ROBFIFOPlugin_robInfo_popCount[0]
    SLICE_X90Y68         LUT5 (Prop_lut5_I2_O)        0.105    10.120 r  u_wb/defaultClockArea_cpu/ROBFIFOPlugin_robInfo/ram/rams_2/mem_i_124__2/O
                         net (fo=125, routed)         0.701    10.821    u_wb/defaultClockArea_cpu/ROBFIFOPlugin_robInfo/ram/rams_0/ram_io_read_cmd_payload[0]
    SLICE_X89Y70         LUT2 (Prop_lut2_I0_O)        0.124    10.945 r  u_wb/defaultClockArea_cpu/ROBFIFOPlugin_robInfo/ram/rams_0/mem_i_127/O
                         net (fo=120, routed)         1.229    12.174    u_wb/defaultClockArea_cpu/ROBFIFOPlugin_robInfo/ram/rams_0/mem/xpm_memory_base_inst/gen_wr_a.gen_word_narrow.mem_reg_0_7_6_11/ADDRC0
    SLICE_X94Y61         RAMD32 (Prop_ramd32_RADR0_O)
                                                      0.274    12.448 r  u_wb/defaultClockArea_cpu/ROBFIFOPlugin_robInfo/ram/rams_0/mem/xpm_memory_base_inst/gen_wr_a.gen_word_narrow.mem_reg_0_7_6_11/RAMC_D1/O
                         net (fo=3, routed)           0.522    12.971    u_wb/defaultClockArea_cpu/ROBFIFOPlugin_robInfo/ram/rams_0/mem_n_112
    SLICE_X102Y61        LUT6 (Prop_lut6_I0_O)        0.105    13.076 r  u_wb/defaultClockArea_cpu/ROBFIFOPlugin_robInfo/ram/rams_0/io_read_rsp_0_uop_pc[11]_i_4/O
                         net (fo=9, routed)           0.799    13.875    u_wb/defaultClockArea_cpu/ROBFIFOPlugin_robInfo/ram/rams_2/io_read_rsp_0_uop_pc_reg[11]
    SLICE_X105Y61        LUT6 (Prop_lut6_I4_O)        0.105    13.980 r  u_wb/defaultClockArea_cpu/ROBFIFOPlugin_robInfo/ram/rams_2/io_read_rsp_0_uop_pc[11]_rep__4_i_1/O
                         net (fo=1, routed)           0.375    14.355    u_wb/defaultClockArea_cpu/ROBFIFOPlugin_robInfo/ram/rams_2_n_367
    SLICE_X104Y64        FDRE                                         r  u_wb/defaultClockArea_cpu/ROBFIFOPlugin_robInfo/ram/io_read_rsp_0_uop_pc_reg[11]_rep__4/D
  -------------------------------------------------------------------    -------------------

                         (clock aclk rise edge)      10.000    10.000 r  
    G20                                               0.000    10.000 r  aclk (IN)
                         net (fo=0)                   0.000    10.000    aclk
    G20                  IBUF (Prop_ibuf_I_O)         0.766    10.766 r  aclk_IBUF_inst/O
                         net (fo=1, routed)           1.734    12.500    aclk_IBUF
    BUFGCTRL_X0Y16       BUFG (Prop_bufg_I_O)         0.077    12.577 r  aclk_IBUF_BUFG_inst/O
                         net (fo=17755, routed)       1.446    14.023    u_wb/defaultClockArea_cpu/ROBFIFOPlugin_robInfo/ram/aclk_IBUF_BUFG
    SLICE_X104Y64        FDRE                                         r  u_wb/defaultClockArea_cpu/ROBFIFOPlugin_robInfo/ram/io_read_rsp_0_uop_pc_reg[11]_rep__4/C
                         clock pessimism              0.242    14.265    
                         clock uncertainty           -0.035    14.229    
    SLICE_X104Y64        FDRE (Setup_fdre_C_D)       -0.002    14.227    u_wb/defaultClockArea_cpu/ROBFIFOPlugin_robInfo/ram/io_read_rsp_0_uop_pc_reg[11]_rep__4
  -------------------------------------------------------------------
                         required time                         14.227    
                         arrival time                         -14.355    
  -------------------------------------------------------------------
                         slack                                 -0.128    

Slack (VIOLATED) :        -0.080ns  (required time - arrival time)
  Source:                 u_wb/defaultClockArea_cpu/MEM_MEM2_UncachedAccessPlugin_uncachedStoreFSM_stateReg_reg[0]/C
                            (rising edge-triggered cell FDCE clocked by aclk  {rise@0.000ns fall@5.000ns period=10.000ns})
  Destination:            u_wb/defaultClockArea_cpu/IntIssueQueuePlugin_queue_0_payload_rRegs_0_valid_reg/D
                            (rising edge-triggered cell FDRE clocked by aclk  {rise@0.000ns fall@5.000ns period=10.000ns})
  Path Group:             aclk
  Path Type:              Setup (Max at Slow Process Corner)
  Requirement:            10.000ns  (aclk rise@10.000ns - aclk rise@0.000ns)
  Data Path Delay:        9.959ns  (logic 2.480ns (24.901%)  route 7.479ns (75.099%))
  Logic Levels:           19  (LUT2=4 LUT3=2 LUT4=1 LUT5=6 LUT6=6)
  Clock Path Skew:        -0.115ns (DCD - SCD + CPR)
    Destination Clock Delay (DCD):    4.018ns = ( 14.018 - 10.000 ) 
    Source Clock Delay      (SCD):    4.435ns
    Clock Pessimism Removal (CPR):    0.302ns
  Clock Uncertainty:      0.035ns  ((TSJ^2 + TIJ^2)^1/2 + DJ) / 2 + PE
    Total System Jitter     (TSJ):    0.071ns
    Total Input Jitter      (TIJ):    0.000ns
    Discrete Jitter          (DJ):    0.000ns
    Phase Error              (PE):    0.000ns

    Location             Delay type                Incr(ns)  Path(ns)    Netlist Resource(s)
  -------------------------------------------------------------------    -------------------
                         (clock aclk rise edge)       0.000     0.000 r  
    G20                                               0.000     0.000 r  aclk (IN)
                         net (fo=0)                   0.000     0.000    aclk
    G20                  IBUF (Prop_ibuf_I_O)         0.897     0.897 r  aclk_IBUF_inst/O
                         net (fo=1, routed)           1.827     2.724    aclk_IBUF
    BUFGCTRL_X0Y16       BUFG (Prop_bufg_I_O)         0.081     2.805 r  aclk_IBUF_BUFG_inst/O
                         net (fo=17755, routed)       1.630     4.435    u_wb/defaultClockArea_cpu/aclk_IBUF_BUFG
    SLICE_X13Y76         FDCE                                         r  u_wb/defaultClockArea_cpu/MEM_MEM2_UncachedAccessPlugin_uncachedStoreFSM_stateReg_reg[0]/C
  -------------------------------------------------------------------    -------------------
    SLICE_X13Y76         FDCE (Prop_fdce_C_Q)         0.348     4.783 f  u_wb/defaultClockArea_cpu/MEM_MEM2_UncachedAccessPlugin_uncachedStoreFSM_stateReg_reg[0]/Q
                         net (fo=7, routed)           0.268     5.051    u_wb/defaultClockArea_cpu/MEM_MEM2_UncachedAccessPlugin_uncachedStoreFSM_stateReg_reg_n_0_[0]
    SLICE_X12Y75         LUT2 (Prop_lut2_I0_O)        0.242     5.293 f  u_wb/defaultClockArea_cpu/fifo_i_77/O
                         net (fo=1, routed)           0.541     5.834    u_wb/defaultClockArea_axiBuffer/io_udBus_aw_valid
    SLICE_X13Y75         LUT6 (Prop_lut6_I4_O)        0.105     5.939 f  u_wb/defaultClockArea_axiBuffer/fifo_i_73/O
                         net (fo=71, routed)          0.485     6.424    u_wb/defaultClockArea_axiBuffer/when_AxiBuffer_l81__1
    SLICE_X21Y75         LUT3 (Prop_lut3_I0_O)        0.105     6.529 f  u_wb/defaultClockArea_axiBuffer/fifo_i_1/O
                         net (fo=11, routed)          0.254     6.783    u_wb/defaultClockArea_cpu/DCachePlugin_dataRAMs_1/wr_en
    SLICE_X20Y77         LUT3 (Prop_lut3_I2_O)        0.105     6.888 f  u_wb/defaultClockArea_cpu/DCachePlugin_dataRAMs_1/MEM_MEM1_to_MEM_MEM2_MEMORY_ADDRESS[31]_i_7/O
                         net (fo=1, routed)           0.130     7.018    u_wb/defaultClockArea_cpu/DCachePlugin_dataRAMs_1/MEM_MEM1_to_MEM_MEM2_MEMORY_ADDRESS[31]_i_7_n_0
    SLICE_X20Y77         LUT5 (Prop_lut5_I2_O)        0.105     7.123 r  u_wb/defaultClockArea_cpu/DCachePlugin_dataRAMs_1/MEM_MEM1_to_MEM_MEM2_MEMORY_ADDRESS[31]_i_5/O
                         net (fo=1, routed)           0.220     7.342    u_wb/defaultClockArea_cpu/DCachePlugin_dataRAMs_1/MEM_MEM2_arbitration_haltItself
    SLICE_X20Y77         LUT6 (Prop_lut6_I3_O)        0.105     7.447 r  u_wb/defaultClockArea_cpu/DCachePlugin_dataRAMs_1/MEM_MEM1_to_MEM_MEM2_MEMORY_ADDRESS[31]_i_3/O
                         net (fo=1, routed)           0.577     8.025    u_wb/defaultClockArea_cpu/DCachePlugin_dataRAMs_1/MEM_MEM1_to_MEM_MEM2_MEMORY_ADDRESS[31]_i_3_n_0
    SLICE_X29Y79         LUT5 (Prop_lut5_I3_O)        0.105     8.130 f  u_wb/defaultClockArea_cpu/DCachePlugin_dataRAMs_1/MEM_MEM1_to_MEM_MEM2_MEMORY_ADDRESS[31]_i_2/O
                         net (fo=252, routed)         0.550     8.680    u_wb/defaultClockArea_cpu/DCachePlugin_dataRAMs_1/MEM_MEM2_DCachePlugin_CACHEFSM_finishAllWay_reg
    SLICE_X33Y85         LUT2 (Prop_lut2_I0_O)        0.105     8.785 f  u_wb/defaultClockArea_cpu/DCachePlugin_dataRAMs_1/mem_i_76__4/O
                         net (fo=3, routed)           0.502     9.287    u_wb/defaultClockArea_cpu/DCachePlugin_dataRAMs_1/MEM_MEM2_DCachePlugin_fixUncacheFSM_stateReg_reg[0]
    SLICE_X39Y89         LUT5 (Prop_lut5_I4_O)        0.105     9.392 f  u_wb/defaultClockArea_cpu/DCachePlugin_dataRAMs_1/mem_i_66__7/O
                         net (fo=14, routed)          0.138     9.531    u_wb/defaultClockArea_cpu/DCachePlugin_dataRAMs_1_n_46
    SLICE_X39Y89         LUT2 (Prop_lut2_I1_O)        0.105     9.636 r  u_wb/defaultClockArea_cpu/MEM_ISS_to_MEM_RRD_ISSUE_SLOT_rRegs_0_payload[5]_i_1/O
                         net (fo=465, routed)         0.243     9.879    u_wb/defaultClockArea_cpu/when_Pipeline_l158_69
    SLICE_X39Y89         LUT5 (Prop_lut5_I4_O)        0.105     9.984 r  u_wb/defaultClockArea_cpu/MemIssueQueuePlugin_queue_4_payload_rRegs_1_valid_i_12/O
                         net (fo=44, routed)          0.343    10.327    u_wb/defaultClockArea_cpu/MemExecutePlugin_clrBusy_valid
    SLICE_X40Y89         LUT5 (Prop_lut5_I2_O)        0.105    10.432 r  u_wb/defaultClockArea_cpu/MulDivIssueQueuePlugin_queue_2_payload_rRegs_0_valid_i_23/O
                         net (fo=1, routed)           0.346    10.778    u_wb/defaultClockArea_cpu/MulDivIssueQueuePlugin_queue_2_payload_rRegs_0_valid_i_23_n_0
    SLICE_X41Y89         LUT6 (Prop_lut6_I0_O)        0.105    10.883 r  u_wb/defaultClockArea_cpu/MulDivIssueQueuePlugin_queue_2_payload_rRegs_0_valid_i_21/O
                         net (fo=1, routed)           0.630    11.514    u_wb/defaultClockArea_cpu/unsignedDivider_3/MemIssueQueuePlugin_queue_3_payload_rRegs_0_valid_i_6_2
    SLICE_X47Y95         LUT4 (Prop_lut4_I3_O)        0.105    11.619 f  u_wb/defaultClockArea_cpu/unsignedDivider_3/MulDivIssueQueuePlugin_queue_2_payload_rRegs_0_valid_i_10/O
                         net (fo=11, routed)          0.400    12.019    u_wb/defaultClockArea_cpu/unsignedDivider_3/MulDivIssueQueuePlugin_queue_2_payload_rRegs_0_valid_i_10_n_0
    SLICE_X46Y93         LUT5 (Prop_lut5_I0_O)        0.105    12.124 f  u_wb/defaultClockArea_cpu/unsignedDivider_3/IntIssueQueuePlugin_queue_6_payload_rRegs_0_valid_i_8/O
                         net (fo=6, routed)           0.547    12.671    u_wb/defaultClockArea_cpu/unsignedDivider_3/IntIssueQueuePlugin_queue_6_payload_rRegs_0_valid_i_8_n_0
    SLICE_X48Y95         LUT2 (Prop_lut2_I1_O)        0.105    12.776 r  u_wb/defaultClockArea_cpu/unsignedDivider_3/IntIssueQueuePlugin_queue_1_payload_rRegs_0_valid_i_33/O
                         net (fo=2, routed)           0.514    13.290    u_wb/defaultClockArea_cpu/unsignedDivider_3/IntIssueQueuePlugin_queue_1_payload_rRegs_0_valid_i_33_n_0
    SLICE_X49Y96         LUT6 (Prop_lut6_I0_O)        0.105    13.395 f  u_wb/defaultClockArea_cpu/unsignedDivider_3/IntIssueQueuePlugin_queue_1_payload_rRegs_0_valid_i_12/O
                         net (fo=1, routed)           0.250    13.644    u_wb/defaultClockArea_cpu/unsignedDivider_3/IntIssueQueuePlugin_queue_1_payload_rRegs_0_valid_i_12_n_0
    SLICE_X50Y96         LUT6 (Prop_lut6_I4_O)        0.105    13.749 r  u_wb/defaultClockArea_cpu/unsignedDivider_3/IntIssueQueuePlugin_queue_0_payload_rRegs_0_valid_i_3/O
                         net (fo=1, routed)           0.540    14.289    u_wb/defaultClockArea_cpu/unsignedDivider_3/IntIssueQueuePlugin_queue_0_payload_rRegs_0_valid_i_3_n_0
    SLICE_X51Y96         LUT6 (Prop_lut6_I2_O)        0.105    14.394 r  u_wb/defaultClockArea_cpu/unsignedDivider_3/IntIssueQueuePlugin_queue_0_payload_rRegs_0_valid_i_1_comp_1/O
                         net (fo=1, routed)           0.000    14.394    u_wb/defaultClockArea_cpu/unsignedDivider_3_n_75
    SLICE_X51Y96         FDRE                                         r  u_wb/defaultClockArea_cpu/IntIssueQueuePlugin_queue_0_payload_rRegs_0_valid_reg/D
  -------------------------------------------------------------------    -------------------

                         (clock aclk rise edge)      10.000    10.000 r  
    G20                                               0.000    10.000 r  aclk (IN)
                         net (fo=0)                   0.000    10.000    aclk
    G20                  IBUF (Prop_ibuf_I_O)         0.766    10.766 r  aclk_IBUF_inst/O
                         net (fo=1, routed)           1.734    12.500    aclk_IBUF
    BUFGCTRL_X0Y16       BUFG (Prop_bufg_I_O)         0.077    12.577 r  aclk_IBUF_BUFG_inst/O
                         net (fo=17755, routed)       1.441    14.018    u_wb/defaultClockArea_cpu/aclk_IBUF_BUFG
    SLICE_X51Y96         FDRE                                         r  u_wb/defaultClockArea_cpu/IntIssueQueuePlugin_queue_0_payload_rRegs_0_valid_reg/C
                         clock pessimism              0.302    14.320    
                         clock uncertainty           -0.035    14.284    
    SLICE_X51Y96         FDRE (Setup_fdre_C_D)        0.030    14.314    u_wb/defaultClockArea_cpu/IntIssueQueuePlugin_queue_0_payload_rRegs_0_valid_reg
  -------------------------------------------------------------------
                         required time                         14.314    
                         arrival time                         -14.394    
  -------------------------------------------------------------------
                         slack                                 -0.080    

Slack (VIOLATED) :        -0.067ns  (required time - arrival time)
  Source:                 u_wb/defaultClockArea_cpu/IF1_to_IF2_TRANSLATE_SAVED_CSR_CRMD_DA_reg/C
                            (rising edge-triggered cell FDRE clocked by aclk  {rise@0.000ns fall@5.000ns period=10.000ns})
  Destination:            u_wb/defaultClockArea_cpu/ICachePlugin_dataRAMs_0/mem/xpm_memory_base_inst/gen_wr_a.gen_byte_narrow.for_mem_cols[1].mem_reg_2/ADDRARDADDR[9]
                            (rising edge-triggered cell RAMB36E1 clocked by aclk  {rise@0.000ns fall@5.000ns period=10.000ns})
  Path Group:             aclk
  Path Type:              Setup (Max at Slow Process Corner)
  Requirement:            10.000ns  (aclk rise@10.000ns - aclk rise@0.000ns)
  Data Path Delay:        9.625ns  (logic 2.158ns (22.421%)  route 7.467ns (77.579%))
  Logic Levels:           12  (CARRY4=1 LUT3=4 LUT4=2 LUT5=3 LUT6=2)
  Clock Path Skew:        0.083ns (DCD - SCD + CPR)
    Destination Clock Delay (DCD):    4.279ns = ( 14.279 - 10.000 ) 
    Source Clock Delay      (SCD):    4.438ns
    Clock Pessimism Removal (CPR):    0.242ns
  Clock Uncertainty:      0.035ns  ((TSJ^2 + TIJ^2)^1/2 + DJ) / 2 + PE
    Total System Jitter     (TSJ):    0.071ns
    Total Input Jitter      (TIJ):    0.000ns
    Discrete Jitter          (DJ):    0.000ns
    Phase Error              (PE):    0.000ns

    Location             Delay type                Incr(ns)  Path(ns)    Netlist Resource(s)
  -------------------------------------------------------------------    -------------------
                         (clock aclk rise edge)       0.000     0.000 r  
    G20                                               0.000     0.000 r  aclk (IN)
                         net (fo=0)                   0.000     0.000    aclk
    G20                  IBUF (Prop_ibuf_I_O)         0.897     0.897 r  aclk_IBUF_inst/O
                         net (fo=1, routed)           1.827     2.724    aclk_IBUF
    BUFGCTRL_X0Y16       BUFG (Prop_bufg_I_O)         0.081     2.805 r  aclk_IBUF_BUFG_inst/O
                         net (fo=17755, routed)       1.633     4.438    u_wb/defaultClockArea_cpu/aclk_IBUF_BUFG
    SLICE_X41Y50         FDRE                                         r  u_wb/defaultClockArea_cpu/IF1_to_IF2_TRANSLATE_SAVED_CSR_CRMD_DA_reg/C
  -------------------------------------------------------------------    -------------------
    SLICE_X41Y50         FDRE (Prop_fdre_C_Q)         0.379     4.817 f  u_wb/defaultClockArea_cpu/IF1_to_IF2_TRANSLATE_SAVED_CSR_CRMD_DA_reg/Q
                         net (fo=6, routed)           0.485     5.302    u_wb/defaultClockArea_cpu/ICachePlugin_infoRAM/IF1_to_IF2_TRANSLATE_SAVED_CSR_CRMD_DA
    SLICE_X41Y48         LUT3 (Prop_lut3_I2_O)        0.105     5.407 r  u_wb/defaultClockArea_cpu/ICachePlugin_infoRAM/mem_i_44__2/O
                         net (fo=11, routed)          0.454     5.861    u_wb/defaultClockArea_cpu/weBattleFetchQueue_1/_zz_IF2_InstAddrTranslatePlugin_pcCached
    SLICE_X38Y46         LUT3 (Prop_lut3_I1_O)        0.105     5.966 r  u_wb/defaultClockArea_cpu/weBattleFetchQueue_1/araddr_OBUF[29]_inst_i_3/O
                         net (fo=3, routed)           0.442     6.409    u_wb/defaultClockArea_cpu/weBattleFetchQueue_1/defaultClockArea_cpu_io_iBus_ar_payload_addr[0]
    SLICE_X42Y46         LUT6 (Prop_lut6_I1_O)        0.105     6.514 r  u_wb/defaultClockArea_cpu/weBattleFetchQueue_1/mem_i_57__3/O
                         net (fo=1, routed)           0.000     6.514    u_wb/defaultClockArea_cpu/weBattleFetchQueue_1/mem_i_57__3_n_0
    SLICE_X42Y46         CARRY4 (Prop_carry4_S[1]_CO[2])
                                                      0.477     6.991 f  u_wb/defaultClockArea_cpu/weBattleFetchQueue_1/mem_i_50__5/CO[2]
                         net (fo=1, routed)           0.444     7.434    u_wb/defaultClockArea_cpu/weBattleFetchQueue_1/IF2_ICachePlugin_hits_10
    SLICE_X45Y46         LUT4 (Prop_lut4_I3_O)        0.252     7.686 r  u_wb/defaultClockArea_cpu/weBattleFetchQueue_1/mem_i_43__11/O
                         net (fo=131, routed)         0.250     7.936    u_wb/defaultClockArea_cpu/weBattleFetchQueue_1/IF1_to_IF2_ICACHE_VALIDS_0_reg
    SLICE_X44Y47         LUT5 (Prop_lut5_I3_O)        0.105     8.041 r  u_wb/defaultClockArea_cpu/weBattleFetchQueue_1/mem_i_27__2/O
                         net (fo=1, routed)           0.315     8.355    u_wb/defaultClockArea_cpu/weBattleFetchQueue_1/mem_i_27__2_n_0
    SLICE_X45Y48         LUT6 (Prop_lut6_I3_O)        0.105     8.460 f  u_wb/defaultClockArea_cpu/weBattleFetchQueue_1/mem_i_26__7/O
                         net (fo=424, routed)         0.398     8.858    u_wb/defaultClockArea_cpu/weBattleFetchQueue_1/FSM_onehot_IF2_ICachePlugin_cacheRefillFSM_stateReg_reg[3][0]
    SLICE_X47Y49         LUT3 (Prop_lut3_I2_O)        0.105     8.963 f  u_wb/defaultClockArea_cpu/weBattleFetchQueue_1/ReturnAddressStackPlugin_ras_0[29]_i_3/O
                         net (fo=10, routed)          0.654     9.617    u_wb/defaultClockArea_cpu/weBattleFetchQueue_1/when_ReturnAddressStackPlugin_l31
    SLICE_X61Y53         LUT3 (Prop_lut3_I1_O)        0.105     9.722 r  u_wb/defaultClockArea_cpu/weBattleFetchQueue_1/storage_0_predInfo_predictAddr[31]_i_2/O
                         net (fo=30, routed)          0.827    10.550    u_wb/defaultClockArea_cpu/weBattleFetchQueue_1/storage_0_predInfo_predictAddr[31]_i_2_n_0
    SLICE_X72Y53         LUT5 (Prop_lut5_I1_O)        0.105    10.655 r  u_wb/defaultClockArea_cpu/weBattleFetchQueue_1/storage_0_predInfo_predictAddr[9]_i_1/O
                         net (fo=12, routed)          0.503    11.158    u_wb/defaultClockArea_cpu/ROBFIFOPlugin_robInfo/ram/rams_1/gen_wr_a.gen_word_narrow.mem_reg_8[3]
    SLICE_X72Y53         LUT5 (Prop_lut5_I0_O)        0.105    11.263 r  u_wb/defaultClockArea_cpu/ROBFIFOPlugin_robInfo/ram/rams_1/mem_i_9__11/O
                         net (fo=21, routed)          1.125    12.388    u_wb/defaultClockArea_cpu/ROBFIFOPlugin_robInfo/ram/IF1_to_IF2_PREDICT_JUMP_PAYLOAD_target_reg[7]
    SLICE_X51Y48         LUT4 (Prop_lut4_I3_O)        0.105    12.493 r  u_wb/defaultClockArea_cpu/ROBFIFOPlugin_robInfo/ram/mem_i_21__18/O
                         net (fo=17, routed)          1.570    14.063    u_wb/defaultClockArea_cpu/ICachePlugin_dataRAMs_0/mem/xpm_memory_base_inst/addrb[3]
    RAMB36_X1Y5          RAMB36E1                                     r  u_wb/defaultClockArea_cpu/ICachePlugin_dataRAMs_0/mem/xpm_memory_base_inst/gen_wr_a.gen_byte_narrow.for_mem_cols[1].mem_reg_2/ADDRARDADDR[9]
  -------------------------------------------------------------------    -------------------

                         (clock aclk rise edge)      10.000    10.000 r  
    G20                                               0.000    10.000 r  aclk (IN)
                         net (fo=0)                   0.000    10.000    aclk
    G20                  IBUF (Prop_ibuf_I_O)         0.766    10.766 r  aclk_IBUF_inst/O
                         net (fo=1, routed)           1.734    12.500    aclk_IBUF
    BUFGCTRL_X0Y16       BUFG (Prop_bufg_I_O)         0.077    12.577 r  aclk_IBUF_BUFG_inst/O
                         net (fo=17755, routed)       1.702    14.279    u_wb/defaultClockArea_cpu/ICachePlugin_dataRAMs_0/mem/xpm_memory_base_inst/clka
    RAMB36_X1Y5          RAMB36E1                                     r  u_wb/defaultClockArea_cpu/ICachePlugin_dataRAMs_0/mem/xpm_memory_base_inst/gen_wr_a.gen_byte_narrow.for_mem_cols[1].mem_reg_2/CLKARDCLK
                         clock pessimism              0.242    14.521    
                         clock uncertainty           -0.035    14.485    
    RAMB36_X1Y5          RAMB36E1 (Setup_ramb36e1_CLKARDCLK_ADDRARDADDR[9])
                                                     -0.490    13.995    u_wb/defaultClockArea_cpu/ICachePlugin_dataRAMs_0/mem/xpm_memory_base_inst/gen_wr_a.gen_byte_narrow.for_mem_cols[1].mem_reg_2
  -------------------------------------------------------------------
                         required time                         13.995    
                         arrival time                         -14.063    
  -------------------------------------------------------------------
                         slack                                 -0.067    

Slack (VIOLATED) :        -0.045ns  (required time - arrival time)
  Source:                 u_wb/defaultClockArea_cpu/ROBFIFOPlugin_robInfo/pushPtr_reg[1]/C
                            (rising edge-triggered cell FDCE clocked by aclk  {rise@0.000ns fall@5.000ns period=10.000ns})
  Destination:            u_wb/defaultClockArea_cpu/ROBFIFOPlugin_robInfo/ram/io_read_rsp_0_uop_pc_reg[11]_rep/D
                            (rising edge-triggered cell FDRE clocked by aclk  {rise@0.000ns fall@5.000ns period=10.000ns})
  Path Group:             aclk
  Path Type:              Setup (Max at Slow Process Corner)
  Requirement:            10.000ns  (aclk rise@10.000ns - aclk rise@0.000ns)
  Data Path Delay:        9.899ns  (logic 2.037ns (20.578%)  route 7.862ns (79.422%))
  Logic Levels:           14  (LUT2=1 LUT5=6 LUT6=6 RAMD32=1)
  Clock Path Skew:        -0.064ns (DCD - SCD + CPR)
    Destination Clock Delay (DCD):    4.024ns = ( 14.024 - 10.000 ) 
    Source Clock Delay      (SCD):    4.330ns
    Clock Pessimism Removal (CPR):    0.242ns
  Clock Uncertainty:      0.035ns  ((TSJ^2 + TIJ^2)^1/2 + DJ) / 2 + PE
    Total System Jitter     (TSJ):    0.071ns
    Total Input Jitter      (TIJ):    0.000ns
    Discrete Jitter          (DJ):    0.000ns
    Phase Error              (PE):    0.000ns

    Location             Delay type                Incr(ns)  Path(ns)    Netlist Resource(s)
  -------------------------------------------------------------------    -------------------
                         (clock aclk rise edge)       0.000     0.000 r  
    G20                                               0.000     0.000 r  aclk (IN)
                         net (fo=0)                   0.000     0.000    aclk
    G20                  IBUF (Prop_ibuf_I_O)         0.897     0.897 r  aclk_IBUF_inst/O
                         net (fo=1, routed)           1.827     2.724    aclk_IBUF
    BUFGCTRL_X0Y16       BUFG (Prop_bufg_I_O)         0.081     2.805 r  aclk_IBUF_BUFG_inst/O
                         net (fo=17755, routed)       1.525     4.330    u_wb/defaultClockArea_cpu/ROBFIFOPlugin_robInfo/aclk_IBUF_BUFG
    SLICE_X79Y65         FDCE                                         r  u_wb/defaultClockArea_cpu/ROBFIFOPlugin_robInfo/pushPtr_reg[1]/C
  -------------------------------------------------------------------    -------------------
    SLICE_X79Y65         FDCE (Prop_fdce_C_Q)         0.379     4.709 r  u_wb/defaultClockArea_cpu/ROBFIFOPlugin_robInfo/pushPtr_reg[1]/Q
                         net (fo=167, routed)         0.750     5.459    u_wb/defaultClockArea_cpu/ROBFIFOPlugin_robInfo/ram/rams_1/io_read_rsp_0_uop_inst[31]_i_10[1]
    SLICE_X79Y66         LUT6 (Prop_lut6_I1_O)        0.105     5.564 f  u_wb/defaultClockArea_cpu/ROBFIFOPlugin_robInfo/ram/rams_1/mem_i_202/O
                         net (fo=2, routed)           0.325     5.889    u_wb/defaultClockArea_cpu/ROBFIFOPlugin_robInfo/ram/rams_2/mem_i_128__1_0
    SLICE_X79Y67         LUT6 (Prop_lut6_I0_O)        0.105     5.994 r  u_wb/defaultClockArea_cpu/ROBFIFOPlugin_robInfo/ram/rams_2/mem_i_156/O
                         net (fo=2, routed)           0.332     6.326    u_wb/defaultClockArea_cpu/ROBFIFOPlugin_robInfo/ram/rams_2/pushPtr_reg[3]
    SLICE_X79Y66         LUT6 (Prop_lut6_I0_O)        0.105     6.431 f  u_wb/defaultClockArea_cpu/ROBFIFOPlugin_robInfo/ram/rams_2/ExceptionHandlerPlugin_ESTAT_ECODE[5]_i_5/O
                         net (fo=5, routed)           0.372     6.803    u_wb/defaultClockArea_cpu/ROBFIFOPlugin_robInfo/ram_n_2243
    SLICE_X78Y68         LUT5 (Prop_lut5_I4_O)        0.105     6.908 f  u_wb/defaultClockArea_cpu/ROBFIFOPlugin_robInfo/ExceptionHandlerPlugin_ESTAT_ECODE[5]_i_3/O
                         net (fo=9, routed)           0.413     7.321    u_wb/defaultClockArea_cpu/ROBFIFOPlugin_robInfo/ram/defaultClockArea_cpu_ROBFIFOPlugin_debug_fifoIO_pop_0_valid
    SLICE_X80Y68         LUT5 (Prop_lut5_I1_O)        0.105     7.426 r  u_wb/defaultClockArea_cpu/ROBFIFOPlugin_robInfo/ram/CommitPlugin_port0Commit_uncachedProcess_fsm_stateReg[0]_i_4/O
                         net (fo=3, routed)           0.376     7.802    u_wb/defaultClockArea_cpu/ROBFIFOPlugin_robInfo/ram/rams_2/debug0_wb_pc_OBUF[31]_inst_i_7_5
    SLICE_X78Y70         LUT5 (Prop_lut5_I0_O)        0.105     7.907 f  u_wb/defaultClockArea_cpu/ROBFIFOPlugin_robInfo/ram/rams_2/debug0_wb_pc_OBUF[31]_inst_i_11/O
                         net (fo=1, routed)           0.325     8.232    u_wb/defaultClockArea_cpu/ROBFIFOPlugin_robInfo/ram/rams_2/debug0_wb_pc_OBUF[31]_inst_i_11_n_0
    SLICE_X79Y72         LUT5 (Prop_lut5_I4_O)        0.105     8.337 r  u_wb/defaultClockArea_cpu/ROBFIFOPlugin_robInfo/ram/rams_2/debug0_wb_pc_OBUF[31]_inst_i_7/O
                         net (fo=6, routed)           0.502     8.839    u_wb/defaultClockArea_cpu/ROBFIFOPlugin_robInfo/ram/rams_2/defaultClockArea_cpu_ROBFIFOPlugin_debug_fifoIO_pop_1_ready
    SLICE_X86Y71         LUT5 (Prop_lut5_I0_O)        0.105     8.944 r  u_wb/defaultClockArea_cpu/ROBFIFOPlugin_robInfo/ram/rams_2/debug0_wb_pc_OBUF[31]_inst_i_9/O
                         net (fo=4, routed)           0.344     9.288    u_wb/defaultClockArea_cpu/ROBFIFOPlugin_robInfo/ram/rams_2/defaultClockArea_cpu_ROBFIFOPlugin_debug_fifoIO_pop_2_ready
    SLICE_X86Y69         LUT6 (Prop_lut6_I4_O)        0.105     9.393 r  u_wb/defaultClockArea_cpu/ROBFIFOPlugin_robInfo/ram/rams_2/mem_i_132__1/O
                         net (fo=37, routed)          0.622    10.015    u_wb/defaultClockArea_cpu/ROBFIFOPlugin_robInfo/ram/rams_2/ROBFIFOPlugin_robInfo_popCount[0]
    SLICE_X90Y68         LUT5 (Prop_lut5_I2_O)        0.105    10.120 r  u_wb/defaultClockArea_cpu/ROBFIFOPlugin_robInfo/ram/rams_2/mem_i_124__2/O
                         net (fo=125, routed)         0.701    10.821    u_wb/defaultClockArea_cpu/ROBFIFOPlugin_robInfo/ram/rams_0/ram_io_read_cmd_payload[0]
    SLICE_X89Y70         LUT2 (Prop_lut2_I0_O)        0.124    10.945 r  u_wb/defaultClockArea_cpu/ROBFIFOPlugin_robInfo/ram/rams_0/mem_i_127/O
                         net (fo=120, routed)         1.229    12.174    u_wb/defaultClockArea_cpu/ROBFIFOPlugin_robInfo/ram/rams_0/mem/xpm_memory_base_inst/gen_wr_a.gen_word_narrow.mem_reg_0_7_6_11/ADDRC0
    SLICE_X94Y61         RAMD32 (Prop_ramd32_RADR0_O)
                                                      0.274    12.448 r  u_wb/defaultClockArea_cpu/ROBFIFOPlugin_robInfo/ram/rams_0/mem/xpm_memory_base_inst/gen_wr_a.gen_word_narrow.mem_reg_0_7_6_11/RAMC_D1/O
                         net (fo=3, routed)           0.522    12.971    u_wb/defaultClockArea_cpu/ROBFIFOPlugin_robInfo/ram/rams_0/mem_n_112
    SLICE_X102Y61        LUT6 (Prop_lut6_I0_O)        0.105    13.076 r  u_wb/defaultClockArea_cpu/ROBFIFOPlugin_robInfo/ram/rams_0/io_read_rsp_0_uop_pc[11]_i_4/O
                         net (fo=9, routed)           0.793    13.869    u_wb/defaultClockArea_cpu/ROBFIFOPlugin_robInfo/ram/rams_2/io_read_rsp_0_uop_pc_reg[11]
    SLICE_X105Y62        LUT6 (Prop_lut6_I4_O)        0.105    13.974 r  u_wb/defaultClockArea_cpu/ROBFIFOPlugin_robInfo/ram/rams_2/io_read_rsp_0_uop_pc[11]_rep_i_1/O
                         net (fo=1, routed)           0.255    14.229    u_wb/defaultClockArea_cpu/ROBFIFOPlugin_robInfo/ram/rams_2_n_362
    SLICE_X105Y63        FDRE                                         r  u_wb/defaultClockArea_cpu/ROBFIFOPlugin_robInfo/ram/io_read_rsp_0_uop_pc_reg[11]_rep/D
  -------------------------------------------------------------------    -------------------

                         (clock aclk rise edge)      10.000    10.000 r  
    G20                                               0.000    10.000 r  aclk (IN)
                         net (fo=0)                   0.000    10.000    aclk
    G20                  IBUF (Prop_ibuf_I_O)         0.766    10.766 r  aclk_IBUF_inst/O
                         net (fo=1, routed)           1.734    12.500    aclk_IBUF
    BUFGCTRL_X0Y16       BUFG (Prop_bufg_I_O)         0.077    12.577 r  aclk_IBUF_BUFG_inst/O
                         net (fo=17755, routed)       1.447    14.024    u_wb/defaultClockArea_cpu/ROBFIFOPlugin_robInfo/ram/aclk_IBUF_BUFG
    SLICE_X105Y63        FDRE                                         r  u_wb/defaultClockArea_cpu/ROBFIFOPlugin_robInfo/ram/io_read_rsp_0_uop_pc_reg[11]_rep/C
                         clock pessimism              0.242    14.266    
                         clock uncertainty           -0.035    14.230    
    SLICE_X105Y63        FDRE (Setup_fdre_C_D)       -0.047    14.183    u_wb/defaultClockArea_cpu/ROBFIFOPlugin_robInfo/ram/io_read_rsp_0_uop_pc_reg[11]_rep
  -------------------------------------------------------------------
                         required time                         14.183    
                         arrival time                         -14.229    
  -------------------------------------------------------------------
                         slack                                 -0.045    

Slack (VIOLATED) :        -0.030ns  (required time - arrival time)
  Source:                 u_wb/defaultClockArea_cpu/ROBFIFOPlugin_robInfo/pushPtr_reg[1]/C
                            (rising edge-triggered cell FDCE clocked by aclk  {rise@0.000ns fall@5.000ns period=10.000ns})
  Destination:            u_wb/defaultClockArea_cpu/ROBFIFOPlugin_robInfo/ram/io_read_rsp_0_uop_pc_reg[8]_rep__5/D
                            (rising edge-triggered cell FDRE clocked by aclk  {rise@0.000ns fall@5.000ns period=10.000ns})
  Path Group:             aclk
  Path Type:              Setup (Max at Slow Process Corner)
  Requirement:            10.000ns  (aclk rise@10.000ns - aclk rise@0.000ns)
  Data Path Delay:        9.894ns  (logic 2.228ns (22.518%)  route 7.666ns (77.482%))
  Logic Levels:           14  (LUT2=1 LUT5=6 LUT6=6 RAMD32=1)
  Clock Path Skew:        -0.073ns (DCD - SCD + CPR)
    Destination Clock Delay (DCD):    4.015ns = ( 14.015 - 10.000 ) 
    Source Clock Delay      (SCD):    4.330ns
    Clock Pessimism Removal (CPR):    0.242ns
  Clock Uncertainty:      0.035ns  ((TSJ^2 + TIJ^2)^1/2 + DJ) / 2 + PE
    Total System Jitter     (TSJ):    0.071ns
    Total Input Jitter      (TIJ):    0.000ns
    Discrete Jitter          (DJ):    0.000ns
    Phase Error              (PE):    0.000ns

    Location             Delay type                Incr(ns)  Path(ns)    Netlist Resource(s)
  -------------------------------------------------------------------    -------------------
                         (clock aclk rise edge)       0.000     0.000 r  
    G20                                               0.000     0.000 r  aclk (IN)
                         net (fo=0)                   0.000     0.000    aclk
    G20                  IBUF (Prop_ibuf_I_O)         0.897     0.897 r  aclk_IBUF_inst/O
                         net (fo=1, routed)           1.827     2.724    aclk_IBUF
    BUFGCTRL_X0Y16       BUFG (Prop_bufg_I_O)         0.081     2.805 r  aclk_IBUF_BUFG_inst/O
                         net (fo=17755, routed)       1.525     4.330    u_wb/defaultClockArea_cpu/ROBFIFOPlugin_robInfo/aclk_IBUF_BUFG
    SLICE_X79Y65         FDCE                                         r  u_wb/defaultClockArea_cpu/ROBFIFOPlugin_robInfo/pushPtr_reg[1]/C
  -------------------------------------------------------------------    -------------------
    SLICE_X79Y65         FDCE (Prop_fdce_C_Q)         0.379     4.709 r  u_wb/defaultClockArea_cpu/ROBFIFOPlugin_robInfo/pushPtr_reg[1]/Q
                         net (fo=167, routed)         0.750     5.459    u_wb/defaultClockArea_cpu/ROBFIFOPlugin_robInfo/ram/rams_1/io_read_rsp_0_uop_inst[31]_i_10[1]
    SLICE_X79Y66         LUT6 (Prop_lut6_I1_O)        0.105     5.564 f  u_wb/defaultClockArea_cpu/ROBFIFOPlugin_robInfo/ram/rams_1/mem_i_202/O
                         net (fo=2, routed)           0.325     5.889    u_wb/defaultClockArea_cpu/ROBFIFOPlugin_robInfo/ram/rams_2/mem_i_128__1_0
    SLICE_X79Y67         LUT6 (Prop_lut6_I0_O)        0.105     5.994 r  u_wb/defaultClockArea_cpu/ROBFIFOPlugin_robInfo/ram/rams_2/mem_i_156/O
                         net (fo=2, routed)           0.332     6.326    u_wb/defaultClockArea_cpu/ROBFIFOPlugin_robInfo/ram/rams_2/pushPtr_reg[3]
    SLICE_X79Y66         LUT6 (Prop_lut6_I0_O)        0.105     6.431 f  u_wb/defaultClockArea_cpu/ROBFIFOPlugin_robInfo/ram/rams_2/ExceptionHandlerPlugin_ESTAT_ECODE[5]_i_5/O
                         net (fo=5, routed)           0.372     6.803    u_wb/defaultClockArea_cpu/ROBFIFOPlugin_robInfo/ram_n_2243
    SLICE_X78Y68         LUT5 (Prop_lut5_I4_O)        0.105     6.908 f  u_wb/defaultClockArea_cpu/ROBFIFOPlugin_robInfo/ExceptionHandlerPlugin_ESTAT_ECODE[5]_i_3/O
                         net (fo=9, routed)           0.413     7.321    u_wb/defaultClockArea_cpu/ROBFIFOPlugin_robInfo/ram/defaultClockArea_cpu_ROBFIFOPlugin_debug_fifoIO_pop_0_valid
    SLICE_X80Y68         LUT5 (Prop_lut5_I1_O)        0.105     7.426 r  u_wb/defaultClockArea_cpu/ROBFIFOPlugin_robInfo/ram/CommitPlugin_port0Commit_uncachedProcess_fsm_stateReg[0]_i_4/O
                         net (fo=3, routed)           0.376     7.802    u_wb/defaultClockArea_cpu/ROBFIFOPlugin_robInfo/ram/rams_2/debug0_wb_pc_OBUF[31]_inst_i_7_5
    SLICE_X78Y70         LUT5 (Prop_lut5_I0_O)        0.105     7.907 f  u_wb/defaultClockArea_cpu/ROBFIFOPlugin_robInfo/ram/rams_2/debug0_wb_pc_OBUF[31]_inst_i_11/O
                         net (fo=1, routed)           0.325     8.232    u_wb/defaultClockArea_cpu/ROBFIFOPlugin_robInfo/ram/rams_2/debug0_wb_pc_OBUF[31]_inst_i_11_n_0
    SLICE_X79Y72         LUT5 (Prop_lut5_I4_O)        0.105     8.337 r  u_wb/defaultClockArea_cpu/ROBFIFOPlugin_robInfo/ram/rams_2/debug0_wb_pc_OBUF[31]_inst_i_7/O
                         net (fo=6, routed)           0.502     8.839    u_wb/defaultClockArea_cpu/ROBFIFOPlugin_robInfo/ram/rams_2/defaultClockArea_cpu_ROBFIFOPlugin_debug_fifoIO_pop_1_ready
    SLICE_X86Y71         LUT5 (Prop_lut5_I0_O)        0.105     8.944 r  u_wb/defaultClockArea_cpu/ROBFIFOPlugin_robInfo/ram/rams_2/debug0_wb_pc_OBUF[31]_inst_i_9/O
                         net (fo=4, routed)           0.344     9.288    u_wb/defaultClockArea_cpu/ROBFIFOPlugin_robInfo/ram/rams_2/defaultClockArea_cpu_ROBFIFOPlugin_debug_fifoIO_pop_2_ready
    SLICE_X86Y69         LUT6 (Prop_lut6_I4_O)        0.105     9.393 r  u_wb/defaultClockArea_cpu/ROBFIFOPlugin_robInfo/ram/rams_2/mem_i_132__1/O
                         net (fo=37, routed)          0.622    10.015    u_wb/defaultClockArea_cpu/ROBFIFOPlugin_robInfo/ram/rams_2/ROBFIFOPlugin_robInfo_popCount[0]
    SLICE_X90Y68         LUT5 (Prop_lut5_I2_O)        0.105    10.120 r  u_wb/defaultClockArea_cpu/ROBFIFOPlugin_robInfo/ram/rams_2/mem_i_124__2/O
                         net (fo=125, routed)         0.701    10.821    u_wb/defaultClockArea_cpu/ROBFIFOPlugin_robInfo/ram/rams_0/ram_io_read_cmd_payload[0]
    SLICE_X89Y70         LUT2 (Prop_lut2_I0_O)        0.124    10.945 r  u_wb/defaultClockArea_cpu/ROBFIFOPlugin_robInfo/ram/rams_0/mem_i_127/O
                         net (fo=120, routed)         1.345    12.290    u_wb/defaultClockArea_cpu/ROBFIFOPlugin_robInfo/ram/rams_0/mem/xpm_memory_base_inst/gen_wr_a.gen_word_narrow.mem_reg_0_7_6_11/ADDRB0
    SLICE_X94Y61         RAMD32 (Prop_ramd32_RADR0_O)
                                                      0.287    12.577 r  u_wb/defaultClockArea_cpu/ROBFIFOPlugin_robInfo/ram/rams_0/mem/xpm_memory_base_inst/gen_wr_a.gen_word_narrow.mem_reg_0_7_6_11/RAMB/O
                         net (fo=3, routed)           0.371    12.948    u_wb/defaultClockArea_cpu/ROBFIFOPlugin_robInfo/ram/rams_0/mem_n_115
    SLICE_X94Y60         LUT6 (Prop_lut6_I0_O)        0.283    13.231 r  u_wb/defaultClockArea_cpu/ROBFIFOPlugin_robInfo/ram/rams_0/io_read_rsp_0_uop_pc[8]_i_4/O
                         net (fo=9, routed)           0.602    13.833    u_wb/defaultClockArea_cpu/ROBFIFOPlugin_robInfo/ram/rams_2/io_read_rsp_0_uop_pc_reg[8]
    SLICE_X96Y60         LUT6 (Prop_lut6_I4_O)        0.105    13.938 r  u_wb/defaultClockArea_cpu/ROBFIFOPlugin_robInfo/ram/rams_2/io_read_rsp_0_uop_pc[8]_rep__5_i_1/O
                         net (fo=1, routed)           0.286    14.224    u_wb/defaultClockArea_cpu/ROBFIFOPlugin_robInfo/ram/rams_2_n_416
    SLICE_X96Y60         FDRE                                         r  u_wb/defaultClockArea_cpu/ROBFIFOPlugin_robInfo/ram/io_read_rsp_0_uop_pc_reg[8]_rep__5/D
  -------------------------------------------------------------------    -------------------

                         (clock aclk rise edge)      10.000    10.000 r  
    G20                                               0.000    10.000 r  aclk (IN)
                         net (fo=0)                   0.000    10.000    aclk
    G20                  IBUF (Prop_ibuf_I_O)         0.766    10.766 r  aclk_IBUF_inst/O
                         net (fo=1, routed)           1.734    12.500    aclk_IBUF
    BUFGCTRL_X0Y16       BUFG (Prop_bufg_I_O)         0.077    12.577 r  aclk_IBUF_BUFG_inst/O
                         net (fo=17755, routed)       1.438    14.015    u_wb/defaultClockArea_cpu/ROBFIFOPlugin_robInfo/ram/aclk_IBUF_BUFG
    SLICE_X96Y60         FDRE                                         r  u_wb/defaultClockArea_cpu/ROBFIFOPlugin_robInfo/ram/io_read_rsp_0_uop_pc_reg[8]_rep__5/C
                         clock pessimism              0.242    14.257    
                         clock uncertainty           -0.035    14.221    
    SLICE_X96Y60         FDRE (Setup_fdre_C_D)       -0.027    14.194    u_wb/defaultClockArea_cpu/ROBFIFOPlugin_robInfo/ram/io_read_rsp_0_uop_pc_reg[8]_rep__5
  -------------------------------------------------------------------
                         required time                         14.194    
                         arrival time                         -14.224    
  -------------------------------------------------------------------
                         slack                                 -0.030    

Slack (VIOLATED) :        -0.025ns  (required time - arrival time)
  Source:                 u_wb/defaultClockArea_cpu/ROBFIFOPlugin_robInfo/pushPtr_reg[1]/C
                            (rising edge-triggered cell FDCE clocked by aclk  {rise@0.000ns fall@5.000ns period=10.000ns})
  Destination:            u_wb/defaultClockArea_cpu/ICachePlugin_dataRAMs_1/mem/xpm_memory_base_inst/gen_wr_a.gen_byte_narrow.for_mem_cols[1].mem_reg_6/ADDRARDADDR[11]
                            (rising edge-triggered cell RAMB36E1 clocked by aclk  {rise@0.000ns fall@5.000ns period=10.000ns})
  Path Group:             aclk
  Path Type:              Setup (Max at Slow Process Corner)
  Requirement:            10.000ns  (aclk rise@10.000ns - aclk rise@0.000ns)
  Data Path Delay:        9.612ns  (logic 1.744ns (18.145%)  route 7.868ns (81.855%))
  Logic Levels:           13  (LUT2=1 LUT3=1 LUT4=2 LUT5=4 LUT6=5)
  Clock Path Skew:        0.112ns (DCD - SCD + CPR)
    Destination Clock Delay (DCD):    4.140ns = ( 14.140 - 10.000 ) 
    Source Clock Delay      (SCD):    4.330ns
    Clock Pessimism Removal (CPR):    0.302ns
  Clock Uncertainty:      0.035ns  ((TSJ^2 + TIJ^2)^1/2 + DJ) / 2 + PE
    Total System Jitter     (TSJ):    0.071ns
    Total Input Jitter      (TIJ):    0.000ns
    Discrete Jitter          (DJ):    0.000ns
    Phase Error              (PE):    0.000ns

    Location             Delay type                Incr(ns)  Path(ns)    Netlist Resource(s)
  -------------------------------------------------------------------    -------------------
                         (clock aclk rise edge)       0.000     0.000 r  
    G20                                               0.000     0.000 r  aclk (IN)
                         net (fo=0)                   0.000     0.000    aclk
    G20                  IBUF (Prop_ibuf_I_O)         0.897     0.897 r  aclk_IBUF_inst/O
                         net (fo=1, routed)           1.827     2.724    aclk_IBUF
    BUFGCTRL_X0Y16       BUFG (Prop_bufg_I_O)         0.081     2.805 r  aclk_IBUF_BUFG_inst/O
                         net (fo=17755, routed)       1.525     4.330    u_wb/defaultClockArea_cpu/ROBFIFOPlugin_robInfo/aclk_IBUF_BUFG
    SLICE_X79Y65         FDCE                                         r  u_wb/defaultClockArea_cpu/ROBFIFOPlugin_robInfo/pushPtr_reg[1]/C
  -------------------------------------------------------------------    -------------------
    SLICE_X79Y65         FDCE (Prop_fdce_C_Q)         0.379     4.709 r  u_wb/defaultClockArea_cpu/ROBFIFOPlugin_robInfo/pushPtr_reg[1]/Q
                         net (fo=167, routed)         0.750     5.459    u_wb/defaultClockArea_cpu/ROBFIFOPlugin_robInfo/ram/rams_1/io_read_rsp_0_uop_inst[31]_i_10[1]
    SLICE_X79Y66         LUT6 (Prop_lut6_I1_O)        0.105     5.564 f  u_wb/defaultClockArea_cpu/ROBFIFOPlugin_robInfo/ram/rams_1/mem_i_202/O
                         net (fo=2, routed)           0.325     5.889    u_wb/defaultClockArea_cpu/ROBFIFOPlugin_robInfo/ram/rams_2/mem_i_128__1_0
    SLICE_X79Y67         LUT6 (Prop_lut6_I0_O)        0.105     5.994 r  u_wb/defaultClockArea_cpu/ROBFIFOPlugin_robInfo/ram/rams_2/mem_i_156/O
                         net (fo=2, routed)           0.332     6.326    u_wb/defaultClockArea_cpu/ROBFIFOPlugin_robInfo/ram/rams_2/pushPtr_reg[3]
    SLICE_X79Y66         LUT6 (Prop_lut6_I0_O)        0.105     6.431 f  u_wb/defaultClockArea_cpu/ROBFIFOPlugin_robInfo/ram/rams_2/ExceptionHandlerPlugin_ESTAT_ECODE[5]_i_5/O
                         net (fo=5, routed)           0.372     6.803    u_wb/defaultClockArea_cpu/ROBFIFOPlugin_robInfo/ram_n_2243
    SLICE_X78Y68         LUT5 (Prop_lut5_I4_O)        0.105     6.908 f  u_wb/defaultClockArea_cpu/ROBFIFOPlugin_robInfo/ExceptionHandlerPlugin_ESTAT_ECODE[5]_i_3/O
                         net (fo=9, routed)           0.413     7.321    u_wb/defaultClockArea_cpu/ROBFIFOPlugin_robInfo/ram/defaultClockArea_cpu_ROBFIFOPlugin_debug_fifoIO_pop_0_valid
    SLICE_X80Y68         LUT5 (Prop_lut5_I1_O)        0.105     7.426 r  u_wb/defaultClockArea_cpu/ROBFIFOPlugin_robInfo/ram/CommitPlugin_port0Commit_uncachedProcess_fsm_stateReg[0]_i_4/O
                         net (fo=3, routed)           0.350     7.777    u_wb/defaultClockArea_cpu/ROBFIFOPlugin_robInfo/ram/CommitPlugin_port0Commit_uncachedProcess_fsm_stateReg[0]_i_4_n_0
    SLICE_X79Y68         LUT4 (Prop_lut4_I3_O)        0.105     7.882 f  u_wb/defaultClockArea_cpu/ROBFIFOPlugin_robInfo/ram/CommitPlugin_port0Commit_uncachedProcess_fsm_stateReg[0]_i_2/O
                         net (fo=6, routed)           0.234     8.116    u_wb/defaultClockArea_cpu/ROBFIFOPlugin_robInfo/ram/CommitPlugin_port0Commit_uncachedProcess_fsm_stateNext[0]
    SLICE_X79Y68         LUT6 (Prop_lut6_I4_O)        0.105     8.221 f  u_wb/defaultClockArea_cpu/ROBFIFOPlugin_robInfo/ram/ExceptionHandlerPlugin_ERA_PC[31]_i_4/O
                         net (fo=141, routed)         0.483     8.703    u_wb/defaultClockArea_cpu/ROBFIFOPlugin_robInfo/ram/ExceptionHandlerPlugin_ERA_PC[31]_i_4_n_0
    SLICE_X80Y64         LUT2 (Prop_lut2_I0_O)        0.105     8.808 r  u_wb/defaultClockArea_cpu/ROBFIFOPlugin_robInfo/ram/ExceptionHandlerPlugin_LLBCTL_KLO_i_2/O
                         net (fo=39, routed)          0.430     9.238    u_wb/defaultClockArea_cpu/ROBFIFOPlugin_robInfo/ram/ExceptionHandlerPlugin_LLBCTL_KLO_i_2_n_0
    SLICE_X80Y64         LUT6 (Prop_lut6_I1_O)        0.105     9.343 r  u_wb/defaultClockArea_cpu/ROBFIFOPlugin_robInfo/ram/ProgramCounterPlugin_backendJumpInterface_rData[11]_i_2/O
                         net (fo=1, routed)           0.384     9.727    u_wb/defaultClockArea_cpu/ROBFIFOPlugin_robInfo/ram/ProgramCounterPlugin_backendJumpInterface_rData[11]_i_2_n_0
    SLICE_X83Y60         LUT5 (Prop_lut5_I4_O)        0.105     9.832 r  u_wb/defaultClockArea_cpu/ROBFIFOPlugin_robInfo/ram/ProgramCounterPlugin_backendJumpInterface_rData[11]_i_1/O
                         net (fo=2, routed)           0.906    10.738    u_wb/defaultClockArea_cpu/ROBFIFOPlugin_robInfo/ram/ExceptionHandlerPlugin_EENTRY_VA_reg[25][11]
    SLICE_X69Y52         LUT3 (Prop_lut3_I2_O)        0.105    10.843 r  u_wb/defaultClockArea_cpu/ROBFIFOPlugin_robInfo/ram/mem_i_12__15/O
                         net (fo=1, routed)           0.312    11.156    u_wb/defaultClockArea_cpu/ROBFIFOPlugin_robInfo/ram/mem_i_12__15_n_0
    SLICE_X69Y51         LUT5 (Prop_lut5_I4_O)        0.105    11.261 r  u_wb/defaultClockArea_cpu/ROBFIFOPlugin_robInfo/ram/mem_i_7__14/O
                         net (fo=16, routed)          0.959    12.219    u_wb/defaultClockArea_cpu/ROBFIFOPlugin_robInfo/ram/IF1_to_IF2_PREDICT_JUMP_PAYLOAD_target_reg[9]
    SLICE_X51Y47         LUT4 (Prop_lut4_I3_O)        0.105    12.324 r  u_wb/defaultClockArea_cpu/ROBFIFOPlugin_robInfo/ram/mem_i_19__18/O
                         net (fo=17, routed)          1.617    13.941    u_wb/defaultClockArea_cpu/ICachePlugin_dataRAMs_1/mem/xpm_memory_base_inst/addrb[5]
    RAMB36_X1Y12         RAMB36E1                                     r  u_wb/defaultClockArea_cpu/ICachePlugin_dataRAMs_1/mem/xpm_memory_base_inst/gen_wr_a.gen_byte_narrow.for_mem_cols[1].mem_reg_6/ADDRARDADDR[11]
  -------------------------------------------------------------------    -------------------

                         (clock aclk rise edge)      10.000    10.000 r  
    G20                                               0.000    10.000 r  aclk (IN)
                         net (fo=0)                   0.000    10.000    aclk
    G20                  IBUF (Prop_ibuf_I_O)         0.766    10.766 r  aclk_IBUF_inst/O
                         net (fo=1, routed)           1.734    12.500    aclk_IBUF
    BUFGCTRL_X0Y16       BUFG (Prop_bufg_I_O)         0.077    12.577 r  aclk_IBUF_BUFG_inst/O
                         net (fo=17755, routed)       1.563    14.140    u_wb/defaultClockArea_cpu/ICachePlugin_dataRAMs_1/mem/xpm_memory_base_inst/clka
    RAMB36_X1Y12         RAMB36E1                                     r  u_wb/defaultClockArea_cpu/ICachePlugin_dataRAMs_1/mem/xpm_memory_base_inst/gen_wr_a.gen_byte_narrow.for_mem_cols[1].mem_reg_6/CLKARDCLK
                         clock pessimism              0.302    14.442    
                         clock uncertainty           -0.035    14.406    
    RAMB36_X1Y12         RAMB36E1 (Setup_ramb36e1_CLKARDCLK_ADDRARDADDR[11])
                                                     -0.490    13.916    u_wb/defaultClockArea_cpu/ICachePlugin_dataRAMs_1/mem/xpm_memory_base_inst/gen_wr_a.gen_byte_narrow.for_mem_cols[1].mem_reg_6
  -------------------------------------------------------------------
                         required time                         13.916    
                         arrival time                         -13.941    
  -------------------------------------------------------------------
                         slack                                 -0.025    

Slack (VIOLATED) :        -0.023ns  (required time - arrival time)
  Source:                 u_wb/defaultClockArea_cpu/ROBFIFOPlugin_robInfo/pushPtr_reg[1]/C
                            (rising edge-triggered cell FDCE clocked by aclk  {rise@0.000ns fall@5.000ns period=10.000ns})
  Destination:            u_wb/defaultClockArea_cpu/ROBFIFOPlugin_robInfo/ram/io_read_rsp_2_rename_wReg_reg[0]_rep__2/D
                            (rising edge-triggered cell FDRE clocked by aclk  {rise@0.000ns fall@5.000ns period=10.000ns})
  Path Group:             aclk
  Path Type:              Setup (Max at Slow Process Corner)
  Requirement:            10.000ns  (aclk rise@10.000ns - aclk rise@0.000ns)
  Data Path Delay:        9.892ns  (logic 2.037ns (20.592%)  route 7.855ns (79.408%))
  Logic Levels:           14  (LUT2=1 LUT5=6 LUT6=6 RAMD32=1)
  Clock Path Skew:        -0.056ns (DCD - SCD + CPR)
    Destination Clock Delay (DCD):    3.972ns = ( 13.972 - 10.000 ) 
    Source Clock Delay      (SCD):    4.330ns
    Clock Pessimism Removal (CPR):    0.302ns
  Clock Uncertainty:      0.035ns  ((TSJ^2 + TIJ^2)^1/2 + DJ) / 2 + PE
    Total System Jitter     (TSJ):    0.071ns
    Total Input Jitter      (TIJ):    0.000ns
    Discrete Jitter          (DJ):    0.000ns
    Phase Error              (PE):    0.000ns

    Location             Delay type                Incr(ns)  Path(ns)    Netlist Resource(s)
  -------------------------------------------------------------------    -------------------
                         (clock aclk rise edge)       0.000     0.000 r  
    G20                                               0.000     0.000 r  aclk (IN)
                         net (fo=0)                   0.000     0.000    aclk
    G20                  IBUF (Prop_ibuf_I_O)         0.897     0.897 r  aclk_IBUF_inst/O
                         net (fo=1, routed)           1.827     2.724    aclk_IBUF
    BUFGCTRL_X0Y16       BUFG (Prop_bufg_I_O)         0.081     2.805 r  aclk_IBUF_BUFG_inst/O
                         net (fo=17755, routed)       1.525     4.330    u_wb/defaultClockArea_cpu/ROBFIFOPlugin_robInfo/aclk_IBUF_BUFG
    SLICE_X79Y65         FDCE                                         r  u_wb/defaultClockArea_cpu/ROBFIFOPlugin_robInfo/pushPtr_reg[1]/C
  -------------------------------------------------------------------    -------------------
    SLICE_X79Y65         FDCE (Prop_fdce_C_Q)         0.379     4.709 r  u_wb/defaultClockArea_cpu/ROBFIFOPlugin_robInfo/pushPtr_reg[1]/Q
                         net (fo=167, routed)         0.750     5.459    u_wb/defaultClockArea_cpu/ROBFIFOPlugin_robInfo/ram/rams_1/io_read_rsp_0_uop_inst[31]_i_10[1]
    SLICE_X79Y66         LUT6 (Prop_lut6_I1_O)        0.105     5.564 f  u_wb/defaultClockArea_cpu/ROBFIFOPlugin_robInfo/ram/rams_1/mem_i_202/O
                         net (fo=2, routed)           0.325     5.889    u_wb/defaultClockArea_cpu/ROBFIFOPlugin_robInfo/ram/rams_2/mem_i_128__1_0
    SLICE_X79Y67         LUT6 (Prop_lut6_I0_O)        0.105     5.994 r  u_wb/defaultClockArea_cpu/ROBFIFOPlugin_robInfo/ram/rams_2/mem_i_156/O
                         net (fo=2, routed)           0.332     6.326    u_wb/defaultClockArea_cpu/ROBFIFOPlugin_robInfo/ram/rams_2/pushPtr_reg[3]
    SLICE_X79Y66         LUT6 (Prop_lut6_I0_O)        0.105     6.431 f  u_wb/defaultClockArea_cpu/ROBFIFOPlugin_robInfo/ram/rams_2/ExceptionHandlerPlugin_ESTAT_ECODE[5]_i_5/O
                         net (fo=5, routed)           0.372     6.803    u_wb/defaultClockArea_cpu/ROBFIFOPlugin_robInfo/ram_n_2243
    SLICE_X78Y68         LUT5 (Prop_lut5_I4_O)        0.105     6.908 f  u_wb/defaultClockArea_cpu/ROBFIFOPlugin_robInfo/ExceptionHandlerPlugin_ESTAT_ECODE[5]_i_3/O
                         net (fo=9, routed)           0.413     7.321    u_wb/defaultClockArea_cpu/ROBFIFOPlugin_robInfo/ram/defaultClockArea_cpu_ROBFIFOPlugin_debug_fifoIO_pop_0_valid
    SLICE_X80Y68         LUT5 (Prop_lut5_I1_O)        0.105     7.426 r  u_wb/defaultClockArea_cpu/ROBFIFOPlugin_robInfo/ram/CommitPlugin_port0Commit_uncachedProcess_fsm_stateReg[0]_i_4/O
                         net (fo=3, routed)           0.376     7.802    u_wb/defaultClockArea_cpu/ROBFIFOPlugin_robInfo/ram/rams_2/debug0_wb_pc_OBUF[31]_inst_i_7_5
    SLICE_X78Y70         LUT5 (Prop_lut5_I0_O)        0.105     7.907 f  u_wb/defaultClockArea_cpu/ROBFIFOPlugin_robInfo/ram/rams_2/debug0_wb_pc_OBUF[31]_inst_i_11/O
                         net (fo=1, routed)           0.325     8.232    u_wb/defaultClockArea_cpu/ROBFIFOPlugin_robInfo/ram/rams_2/debug0_wb_pc_OBUF[31]_inst_i_11_n_0
    SLICE_X79Y72         LUT5 (Prop_lut5_I4_O)        0.105     8.337 r  u_wb/defaultClockArea_cpu/ROBFIFOPlugin_robInfo/ram/rams_2/debug0_wb_pc_OBUF[31]_inst_i_7/O
                         net (fo=6, routed)           0.502     8.839    u_wb/defaultClockArea_cpu/ROBFIFOPlugin_robInfo/ram/rams_2/defaultClockArea_cpu_ROBFIFOPlugin_debug_fifoIO_pop_1_ready
    SLICE_X86Y71         LUT5 (Prop_lut5_I0_O)        0.105     8.944 r  u_wb/defaultClockArea_cpu/ROBFIFOPlugin_robInfo/ram/rams_2/debug0_wb_pc_OBUF[31]_inst_i_9/O
                         net (fo=4, routed)           0.344     9.288    u_wb/defaultClockArea_cpu/ROBFIFOPlugin_robInfo/ram/rams_2/defaultClockArea_cpu_ROBFIFOPlugin_debug_fifoIO_pop_2_ready
    SLICE_X86Y69         LUT6 (Prop_lut6_I4_O)        0.105     9.393 r  u_wb/defaultClockArea_cpu/ROBFIFOPlugin_robInfo/ram/rams_2/mem_i_132__1/O
                         net (fo=37, routed)          0.622    10.015    u_wb/defaultClockArea_cpu/ROBFIFOPlugin_robInfo/ram/rams_2/ROBFIFOPlugin_robInfo_popCount[0]
    SLICE_X90Y68         LUT5 (Prop_lut5_I2_O)        0.105    10.120 r  u_wb/defaultClockArea_cpu/ROBFIFOPlugin_robInfo/ram/rams_2/mem_i_124__2/O
                         net (fo=125, routed)         0.701    10.821    u_wb/defaultClockArea_cpu/ROBFIFOPlugin_robInfo/ram/rams_0/ram_io_read_cmd_payload[0]
    SLICE_X89Y70         LUT2 (Prop_lut2_I0_O)        0.124    10.945 r  u_wb/defaultClockArea_cpu/ROBFIFOPlugin_robInfo/ram/rams_0/mem_i_127/O
                         net (fo=120, routed)         1.190    12.135    u_wb/defaultClockArea_cpu/ROBFIFOPlugin_robInfo/ram/rams_0/mem/xpm_memory_base_inst/gen_wr_a.gen_word_narrow.mem_reg_0_7_108_113/ADDRB0
    SLICE_X84Y73         RAMD32 (Prop_ramd32_RADR0_O)
                                                      0.274    12.409 r  u_wb/defaultClockArea_cpu/ROBFIFOPlugin_robInfo/ram/rams_0/mem/xpm_memory_base_inst/gen_wr_a.gen_word_narrow.mem_reg_0_7_108_113/RAMB_D1/O
                         net (fo=3, routed)           0.457    12.866    u_wb/defaultClockArea_cpu/ROBFIFOPlugin_robInfo/ram/rams_0/mem_n_12
    SLICE_X83Y73         LUT6 (Prop_lut6_I0_O)        0.105    12.971 r  u_wb/defaultClockArea_cpu/ROBFIFOPlugin_robInfo/ram/rams_0/io_read_rsp_2_rename_wReg[0]_i_2/O
                         net (fo=5, routed)           0.724    13.695    u_wb/defaultClockArea_cpu/ROBFIFOPlugin_robInfo/ram/rams_2/io_read_rsp_2_rename_wReg_reg[0]
    SLICE_X83Y74         LUT6 (Prop_lut6_I4_O)        0.105    13.800 r  u_wb/defaultClockArea_cpu/ROBFIFOPlugin_robInfo/ram/rams_2/io_read_rsp_2_rename_wReg[0]_rep__2_i_1/O
                         net (fo=1, routed)           0.422    14.222    u_wb/defaultClockArea_cpu/ROBFIFOPlugin_robInfo/ram/rams_2_n_429
    SLICE_X83Y75         FDRE                                         r  u_wb/defaultClockArea_cpu/ROBFIFOPlugin_robInfo/ram/io_read_rsp_2_rename_wReg_reg[0]_rep__2/D
  -------------------------------------------------------------------    -------------------

                         (clock aclk rise edge)      10.000    10.000 r  
    G20                                               0.000    10.000 r  aclk (IN)
                         net (fo=0)                   0.000    10.000    aclk
    G20                  IBUF (Prop_ibuf_I_O)         0.766    10.766 r  aclk_IBUF_inst/O
                         net (fo=1, routed)           1.734    12.500    aclk_IBUF
    BUFGCTRL_X0Y16       BUFG (Prop_bufg_I_O)         0.077    12.577 r  aclk_IBUF_BUFG_inst/O
                         net (fo=17755, routed)       1.395    13.972    u_wb/defaultClockArea_cpu/ROBFIFOPlugin_robInfo/ram/aclk_IBUF_BUFG
    SLICE_X83Y75         FDRE                                         r  u_wb/defaultClockArea_cpu/ROBFIFOPlugin_robInfo/ram/io_read_rsp_2_rename_wReg_reg[0]_rep__2/C
                         clock pessimism              0.302    14.274    
                         clock uncertainty           -0.035    14.238    
    SLICE_X83Y75         FDRE (Setup_fdre_C_D)       -0.039    14.199    u_wb/defaultClockArea_cpu/ROBFIFOPlugin_robInfo/ram/io_read_rsp_2_rename_wReg_reg[0]_rep__2
  -------------------------------------------------------------------
                         required time                         14.199    
                         arrival time                         -14.222    
  -------------------------------------------------------------------
                         slack                                 -0.023    

Slack (VIOLATED) :        -0.018ns  (required time - arrival time)
  Source:                 u_wb/defaultClockArea_cpu/ROBFIFOPlugin_robInfo/pushPtr_reg[1]/C
                            (rising edge-triggered cell FDCE clocked by aclk  {rise@0.000ns fall@5.000ns period=10.000ns})
  Destination:            u_wb/defaultClockArea_cpu/ROBFIFOPlugin_robInfo/ram/io_read_rsp_0_uop_pc_reg[10]_rep__3/D
                            (rising edge-triggered cell FDRE clocked by aclk  {rise@0.000ns fall@5.000ns period=10.000ns})
  Path Group:             aclk
  Path Type:              Setup (Max at Slow Process Corner)
  Requirement:            10.000ns  (aclk rise@10.000ns - aclk rise@0.000ns)
  Data Path Delay:        9.876ns  (logic 2.214ns (22.418%)  route 7.662ns (77.582%))
  Logic Levels:           14  (LUT2=1 LUT5=6 LUT6=6 RAMD32=1)
  Clock Path Skew:        -0.075ns (DCD - SCD + CPR)
    Destination Clock Delay (DCD):    4.013ns = ( 14.013 - 10.000 ) 
    Source Clock Delay      (SCD):    4.330ns
    Clock Pessimism Removal (CPR):    0.242ns
  Clock Uncertainty:      0.035ns  ((TSJ^2 + TIJ^2)^1/2 + DJ) / 2 + PE
    Total System Jitter     (TSJ):    0.071ns
    Total Input Jitter      (TIJ):    0.000ns
    Discrete Jitter          (DJ):    0.000ns
    Phase Error              (PE):    0.000ns

    Location             Delay type                Incr(ns)  Path(ns)    Netlist Resource(s)
  -------------------------------------------------------------------    -------------------
                         (clock aclk rise edge)       0.000     0.000 r  
    G20                                               0.000     0.000 r  aclk (IN)
                         net (fo=0)                   0.000     0.000    aclk
    G20                  IBUF (Prop_ibuf_I_O)         0.897     0.897 r  aclk_IBUF_inst/O
                         net (fo=1, routed)           1.827     2.724    aclk_IBUF
    BUFGCTRL_X0Y16       BUFG (Prop_bufg_I_O)         0.081     2.805 r  aclk_IBUF_BUFG_inst/O
                         net (fo=17755, routed)       1.525     4.330    u_wb/defaultClockArea_cpu/ROBFIFOPlugin_robInfo/aclk_IBUF_BUFG
    SLICE_X79Y65         FDCE                                         r  u_wb/defaultClockArea_cpu/ROBFIFOPlugin_robInfo/pushPtr_reg[1]/C
  -------------------------------------------------------------------    -------------------
    SLICE_X79Y65         FDCE (Prop_fdce_C_Q)         0.379     4.709 r  u_wb/defaultClockArea_cpu/ROBFIFOPlugin_robInfo/pushPtr_reg[1]/Q
                         net (fo=167, routed)         0.750     5.459    u_wb/defaultClockArea_cpu/ROBFIFOPlugin_robInfo/ram/rams_1/io_read_rsp_0_uop_inst[31]_i_10[1]
    SLICE_X79Y66         LUT6 (Prop_lut6_I1_O)        0.105     5.564 f  u_wb/defaultClockArea_cpu/ROBFIFOPlugin_robInfo/ram/rams_1/mem_i_202/O
                         net (fo=2, routed)           0.325     5.889    u_wb/defaultClockArea_cpu/ROBFIFOPlugin_robInfo/ram/rams_2/mem_i_128__1_0
    SLICE_X79Y67         LUT6 (Prop_lut6_I0_O)        0.105     5.994 r  u_wb/defaultClockArea_cpu/ROBFIFOPlugin_robInfo/ram/rams_2/mem_i_156/O
                         net (fo=2, routed)           0.332     6.326    u_wb/defaultClockArea_cpu/ROBFIFOPlugin_robInfo/ram/rams_2/pushPtr_reg[3]
    SLICE_X79Y66         LUT6 (Prop_lut6_I0_O)        0.105     6.431 f  u_wb/defaultClockArea_cpu/ROBFIFOPlugin_robInfo/ram/rams_2/ExceptionHandlerPlugin_ESTAT_ECODE[5]_i_5/O
                         net (fo=5, routed)           0.372     6.803    u_wb/defaultClockArea_cpu/ROBFIFOPlugin_robInfo/ram_n_2243
    SLICE_X78Y68         LUT5 (Prop_lut5_I4_O)        0.105     6.908 f  u_wb/defaultClockArea_cpu/ROBFIFOPlugin_robInfo/ExceptionHandlerPlugin_ESTAT_ECODE[5]_i_3/O
                         net (fo=9, routed)           0.413     7.321    u_wb/defaultClockArea_cpu/ROBFIFOPlugin_robInfo/ram/defaultClockArea_cpu_ROBFIFOPlugin_debug_fifoIO_pop_0_valid
    SLICE_X80Y68         LUT5 (Prop_lut5_I1_O)        0.105     7.426 r  u_wb/defaultClockArea_cpu/ROBFIFOPlugin_robInfo/ram/CommitPlugin_port0Commit_uncachedProcess_fsm_stateReg[0]_i_4/O
                         net (fo=3, routed)           0.376     7.802    u_wb/defaultClockArea_cpu/ROBFIFOPlugin_robInfo/ram/rams_2/debug0_wb_pc_OBUF[31]_inst_i_7_5
    SLICE_X78Y70         LUT5 (Prop_lut5_I0_O)        0.105     7.907 f  u_wb/defaultClockArea_cpu/ROBFIFOPlugin_robInfo/ram/rams_2/debug0_wb_pc_OBUF[31]_inst_i_11/O
                         net (fo=1, routed)           0.325     8.232    u_wb/defaultClockArea_cpu/ROBFIFOPlugin_robInfo/ram/rams_2/debug0_wb_pc_OBUF[31]_inst_i_11_n_0
    SLICE_X79Y72         LUT5 (Prop_lut5_I4_O)        0.105     8.337 r  u_wb/defaultClockArea_cpu/ROBFIFOPlugin_robInfo/ram/rams_2/debug0_wb_pc_OBUF[31]_inst_i_7/O
                         net (fo=6, routed)           0.502     8.839    u_wb/defaultClockArea_cpu/ROBFIFOPlugin_robInfo/ram/rams_2/defaultClockArea_cpu_ROBFIFOPlugin_debug_fifoIO_pop_1_ready
    SLICE_X86Y71         LUT5 (Prop_lut5_I0_O)        0.105     8.944 r  u_wb/defaultClockArea_cpu/ROBFIFOPlugin_robInfo/ram/rams_2/debug0_wb_pc_OBUF[31]_inst_i_9/O
                         net (fo=4, routed)           0.344     9.288    u_wb/defaultClockArea_cpu/ROBFIFOPlugin_robInfo/ram/rams_2/defaultClockArea_cpu_ROBFIFOPlugin_debug_fifoIO_pop_2_ready
    SLICE_X86Y69         LUT6 (Prop_lut6_I4_O)        0.105     9.393 r  u_wb/defaultClockArea_cpu/ROBFIFOPlugin_robInfo/ram/rams_2/mem_i_132__1/O
                         net (fo=37, routed)          0.622    10.015    u_wb/defaultClockArea_cpu/ROBFIFOPlugin_robInfo/ram/rams_2/ROBFIFOPlugin_robInfo_popCount[0]
    SLICE_X90Y68         LUT5 (Prop_lut5_I2_O)        0.105    10.120 r  u_wb/defaultClockArea_cpu/ROBFIFOPlugin_robInfo/ram/rams_2/mem_i_124__2/O
                         net (fo=125, routed)         0.701    10.821    u_wb/defaultClockArea_cpu/ROBFIFOPlugin_robInfo/ram/rams_0/ram_io_read_cmd_payload[0]
    SLICE_X89Y70         LUT2 (Prop_lut2_I0_O)        0.124    10.945 r  u_wb/defaultClockArea_cpu/ROBFIFOPlugin_robInfo/ram/rams_0/mem_i_127/O
                         net (fo=120, routed)         1.229    12.174    u_wb/defaultClockArea_cpu/ROBFIFOPlugin_robInfo/ram/rams_0/mem/xpm_memory_base_inst/gen_wr_a.gen_word_narrow.mem_reg_0_7_6_11/ADDRC0
    SLICE_X94Y61         RAMD32 (Prop_ramd32_RADR0_O)
                                                      0.288    12.462 r  u_wb/defaultClockArea_cpu/ROBFIFOPlugin_robInfo/ram/rams_0/mem/xpm_memory_base_inst/gen_wr_a.gen_word_narrow.mem_reg_0_7_6_11/RAMC/O
                         net (fo=3, routed)           0.329    12.792    u_wb/defaultClockArea_cpu/ROBFIFOPlugin_robInfo/ram/rams_0/mem_n_113
    SLICE_X95Y62         LUT6 (Prop_lut6_I0_O)        0.268    13.060 r  u_wb/defaultClockArea_cpu/ROBFIFOPlugin_robInfo/ram/rams_0/io_read_rsp_0_uop_pc[10]_i_4/O
                         net (fo=9, routed)           0.655    13.714    u_wb/defaultClockArea_cpu/ROBFIFOPlugin_robInfo/ram/rams_2/io_read_rsp_0_uop_pc_reg[10]
    SLICE_X96Y58         LUT6 (Prop_lut6_I4_O)        0.105    13.819 r  u_wb/defaultClockArea_cpu/ROBFIFOPlugin_robInfo/ram/rams_2/io_read_rsp_0_uop_pc[10]_rep__3_i_1/O
                         net (fo=1, routed)           0.386    14.206    u_wb/defaultClockArea_cpu/ROBFIFOPlugin_robInfo/ram/rams_2_n_400
    SLICE_X95Y58         FDRE                                         r  u_wb/defaultClockArea_cpu/ROBFIFOPlugin_robInfo/ram/io_read_rsp_0_uop_pc_reg[10]_rep__3/D
  -------------------------------------------------------------------    -------------------

                         (clock aclk rise edge)      10.000    10.000 r  
    G20                                               0.000    10.000 r  aclk (IN)
                         net (fo=0)                   0.000    10.000    aclk
    G20                  IBUF (Prop_ibuf_I_O)         0.766    10.766 r  aclk_IBUF_inst/O
                         net (fo=1, routed)           1.734    12.500    aclk_IBUF
    BUFGCTRL_X0Y16       BUFG (Prop_bufg_I_O)         0.077    12.577 r  aclk_IBUF_BUFG_inst/O
                         net (fo=17755, routed)       1.436    14.013    u_wb/defaultClockArea_cpu/ROBFIFOPlugin_robInfo/ram/aclk_IBUF_BUFG
    SLICE_X95Y58         FDRE                                         r  u_wb/defaultClockArea_cpu/ROBFIFOPlugin_robInfo/ram/io_read_rsp_0_uop_pc_reg[10]_rep__3/C
                         clock pessimism              0.242    14.255    
                         clock uncertainty           -0.035    14.219    
    SLICE_X95Y58         FDRE (Setup_fdre_C_D)       -0.032    14.187    u_wb/defaultClockArea_cpu/ROBFIFOPlugin_robInfo/ram/io_read_rsp_0_uop_pc_reg[10]_rep__3
  -------------------------------------------------------------------
                         required time                         14.187    
                         arrival time                         -14.206    
  -------------------------------------------------------------------
                         slack                                 -0.018    

Slack (VIOLATED) :        -0.017ns  (required time - arrival time)
  Source:                 u_wb/defaultClockArea_cpu/ROBFIFOPlugin_robInfo/pushPtr_reg[1]/C
                            (rising edge-triggered cell FDCE clocked by aclk  {rise@0.000ns fall@5.000ns period=10.000ns})
  Destination:            u_wb/defaultClockArea_cpu/ROBFIFOPlugin_robInfo/ram/io_read_rsp_2_rename_wReg_reg[0]_rep/D
                            (rising edge-triggered cell FDRE clocked by aclk  {rise@0.000ns fall@5.000ns period=10.000ns})
  Path Group:             aclk
  Path Type:              Setup (Max at Slow Process Corner)
  Requirement:            10.000ns  (aclk rise@10.000ns - aclk rise@0.000ns)
  Data Path Delay:        9.879ns  (logic 2.037ns (20.620%)  route 7.842ns (79.381%))
  Logic Levels:           14  (LUT2=1 LUT5=6 LUT6=6 RAMD32=1)
  Clock Path Skew:        -0.056ns (DCD - SCD + CPR)
    Destination Clock Delay (DCD):    3.972ns = ( 13.972 - 10.000 ) 
    Source Clock Delay      (SCD):    4.330ns
    Clock Pessimism Removal (CPR):    0.302ns
  Clock Uncertainty:      0.035ns  ((TSJ^2 + TIJ^2)^1/2 + DJ) / 2 + PE
    Total System Jitter     (TSJ):    0.071ns
    Total Input Jitter      (TIJ):    0.000ns
    Discrete Jitter          (DJ):    0.000ns
    Phase Error              (PE):    0.000ns

    Location             Delay type                Incr(ns)  Path(ns)    Netlist Resource(s)
  -------------------------------------------------------------------    -------------------
                         (clock aclk rise edge)       0.000     0.000 r  
    G20                                               0.000     0.000 r  aclk (IN)
                         net (fo=0)                   0.000     0.000    aclk
    G20                  IBUF (Prop_ibuf_I_O)         0.897     0.897 r  aclk_IBUF_inst/O
                         net (fo=1, routed)           1.827     2.724    aclk_IBUF
    BUFGCTRL_X0Y16       BUFG (Prop_bufg_I_O)         0.081     2.805 r  aclk_IBUF_BUFG_inst/O
                         net (fo=17755, routed)       1.525     4.330    u_wb/defaultClockArea_cpu/ROBFIFOPlugin_robInfo/aclk_IBUF_BUFG
    SLICE_X79Y65         FDCE                                         r  u_wb/defaultClockArea_cpu/ROBFIFOPlugin_robInfo/pushPtr_reg[1]/C
  -------------------------------------------------------------------    -------------------
    SLICE_X79Y65         FDCE (Prop_fdce_C_Q)         0.379     4.709 r  u_wb/defaultClockArea_cpu/ROBFIFOPlugin_robInfo/pushPtr_reg[1]/Q
                         net (fo=167, routed)         0.750     5.459    u_wb/defaultClockArea_cpu/ROBFIFOPlugin_robInfo/ram/rams_1/io_read_rsp_0_uop_inst[31]_i_10[1]
    SLICE_X79Y66         LUT6 (Prop_lut6_I1_O)        0.105     5.564 f  u_wb/defaultClockArea_cpu/ROBFIFOPlugin_robInfo/ram/rams_1/mem_i_202/O
                         net (fo=2, routed)           0.325     5.889    u_wb/defaultClockArea_cpu/ROBFIFOPlugin_robInfo/ram/rams_2/mem_i_128__1_0
    SLICE_X79Y67         LUT6 (Prop_lut6_I0_O)        0.105     5.994 r  u_wb/defaultClockArea_cpu/ROBFIFOPlugin_robInfo/ram/rams_2/mem_i_156/O
                         net (fo=2, routed)           0.332     6.326    u_wb/defaultClockArea_cpu/ROBFIFOPlugin_robInfo/ram/rams_2/pushPtr_reg[3]
    SLICE_X79Y66         LUT6 (Prop_lut6_I0_O)        0.105     6.431 f  u_wb/defaultClockArea_cpu/ROBFIFOPlugin_robInfo/ram/rams_2/ExceptionHandlerPlugin_ESTAT_ECODE[5]_i_5/O
                         net (fo=5, routed)           0.372     6.803    u_wb/defaultClockArea_cpu/ROBFIFOPlugin_robInfo/ram_n_2243
    SLICE_X78Y68         LUT5 (Prop_lut5_I4_O)        0.105     6.908 f  u_wb/defaultClockArea_cpu/ROBFIFOPlugin_robInfo/ExceptionHandlerPlugin_ESTAT_ECODE[5]_i_3/O
                         net (fo=9, routed)           0.413     7.321    u_wb/defaultClockArea_cpu/ROBFIFOPlugin_robInfo/ram/defaultClockArea_cpu_ROBFIFOPlugin_debug_fifoIO_pop_0_valid
    SLICE_X80Y68         LUT5 (Prop_lut5_I1_O)        0.105     7.426 r  u_wb/defaultClockArea_cpu/ROBFIFOPlugin_robInfo/ram/CommitPlugin_port0Commit_uncachedProcess_fsm_stateReg[0]_i_4/O
                         net (fo=3, routed)           0.376     7.802    u_wb/defaultClockArea_cpu/ROBFIFOPlugin_robInfo/ram/rams_2/debug0_wb_pc_OBUF[31]_inst_i_7_5
    SLICE_X78Y70         LUT5 (Prop_lut5_I0_O)        0.105     7.907 f  u_wb/defaultClockArea_cpu/ROBFIFOPlugin_robInfo/ram/rams_2/debug0_wb_pc_OBUF[31]_inst_i_11/O
                         net (fo=1, routed)           0.325     8.232    u_wb/defaultClockArea_cpu/ROBFIFOPlugin_robInfo/ram/rams_2/debug0_wb_pc_OBUF[31]_inst_i_11_n_0
    SLICE_X79Y72         LUT5 (Prop_lut5_I4_O)        0.105     8.337 r  u_wb/defaultClockArea_cpu/ROBFIFOPlugin_robInfo/ram/rams_2/debug0_wb_pc_OBUF[31]_inst_i_7/O
                         net (fo=6, routed)           0.502     8.839    u_wb/defaultClockArea_cpu/ROBFIFOPlugin_robInfo/ram/rams_2/defaultClockArea_cpu_ROBFIFOPlugin_debug_fifoIO_pop_1_ready
    SLICE_X86Y71         LUT5 (Prop_lut5_I0_O)        0.105     8.944 r  u_wb/defaultClockArea_cpu/ROBFIFOPlugin_robInfo/ram/rams_2/debug0_wb_pc_OBUF[31]_inst_i_9/O
                         net (fo=4, routed)           0.344     9.288    u_wb/defaultClockArea_cpu/ROBFIFOPlugin_robInfo/ram/rams_2/defaultClockArea_cpu_ROBFIFOPlugin_debug_fifoIO_pop_2_ready
    SLICE_X86Y69         LUT6 (Prop_lut6_I4_O)        0.105     9.393 r  u_wb/defaultClockArea_cpu/ROBFIFOPlugin_robInfo/ram/rams_2/mem_i_132__1/O
                         net (fo=37, routed)          0.622    10.015    u_wb/defaultClockArea_cpu/ROBFIFOPlugin_robInfo/ram/rams_2/ROBFIFOPlugin_robInfo_popCount[0]
    SLICE_X90Y68         LUT5 (Prop_lut5_I2_O)        0.105    10.120 r  u_wb/defaultClockArea_cpu/ROBFIFOPlugin_robInfo/ram/rams_2/mem_i_124__2/O
                         net (fo=125, routed)         0.701    10.821    u_wb/defaultClockArea_cpu/ROBFIFOPlugin_robInfo/ram/rams_0/ram_io_read_cmd_payload[0]
    SLICE_X89Y70         LUT2 (Prop_lut2_I0_O)        0.124    10.945 r  u_wb/defaultClockArea_cpu/ROBFIFOPlugin_robInfo/ram/rams_0/mem_i_127/O
                         net (fo=120, routed)         1.190    12.135    u_wb/defaultClockArea_cpu/ROBFIFOPlugin_robInfo/ram/rams_0/mem/xpm_memory_base_inst/gen_wr_a.gen_word_narrow.mem_reg_0_7_108_113/ADDRB0
    SLICE_X84Y73         RAMD32 (Prop_ramd32_RADR0_O)
                                                      0.274    12.409 r  u_wb/defaultClockArea_cpu/ROBFIFOPlugin_robInfo/ram/rams_0/mem/xpm_memory_base_inst/gen_wr_a.gen_word_narrow.mem_reg_0_7_108_113/RAMB_D1/O
                         net (fo=3, routed)           0.457    12.866    u_wb/defaultClockArea_cpu/ROBFIFOPlugin_robInfo/ram/rams_0/mem_n_12
    SLICE_X83Y73         LUT6 (Prop_lut6_I0_O)        0.105    12.971 r  u_wb/defaultClockArea_cpu/ROBFIFOPlugin_robInfo/ram/rams_0/io_read_rsp_2_rename_wReg[0]_i_2/O
                         net (fo=5, routed)           0.722    13.693    u_wb/defaultClockArea_cpu/ROBFIFOPlugin_robInfo/ram/rams_2/io_read_rsp_2_rename_wReg_reg[0]
    SLICE_X83Y74         LUT6 (Prop_lut6_I4_O)        0.105    13.798 r  u_wb/defaultClockArea_cpu/ROBFIFOPlugin_robInfo/ram/rams_2/io_read_rsp_2_rename_wReg[0]_rep_i_1/O
                         net (fo=1, routed)           0.411    14.209    u_wb/defaultClockArea_cpu/ROBFIFOPlugin_robInfo/ram/rams_2_n_426
    SLICE_X83Y74         FDRE                                         r  u_wb/defaultClockArea_cpu/ROBFIFOPlugin_robInfo/ram/io_read_rsp_2_rename_wReg_reg[0]_rep/D
  -------------------------------------------------------------------    -------------------

                         (clock aclk rise edge)      10.000    10.000 r  
    G20                                               0.000    10.000 r  aclk (IN)
                         net (fo=0)                   0.000    10.000    aclk
    G20                  IBUF (Prop_ibuf_I_O)         0.766    10.766 r  aclk_IBUF_inst/O
                         net (fo=1, routed)           1.734    12.500    aclk_IBUF
    BUFGCTRL_X0Y16       BUFG (Prop_bufg_I_O)         0.077    12.577 r  aclk_IBUF_BUFG_inst/O
                         net (fo=17755, routed)       1.395    13.972    u_wb/defaultClockArea_cpu/ROBFIFOPlugin_robInfo/ram/aclk_IBUF_BUFG
    SLICE_X83Y74         FDRE                                         r  u_wb/defaultClockArea_cpu/ROBFIFOPlugin_robInfo/ram/io_read_rsp_2_rename_wReg_reg[0]_rep/C
                         clock pessimism              0.302    14.274    
                         clock uncertainty           -0.035    14.238    
    SLICE_X83Y74         FDRE (Setup_fdre_C_D)       -0.047    14.191    u_wb/defaultClockArea_cpu/ROBFIFOPlugin_robInfo/ram/io_read_rsp_2_rename_wReg_reg[0]_rep
  -------------------------------------------------------------------
                         required time                         14.191    
                         arrival time                         -14.209    
  -------------------------------------------------------------------
                         slack                                 -0.017    

Slack (VIOLATED) :        -0.014ns  (required time - arrival time)
  Source:                 u_wb/defaultClockArea_cpu/ROBFIFOPlugin_robInfo/pushPtr_reg[1]/C
                            (rising edge-triggered cell FDCE clocked by aclk  {rise@0.000ns fall@5.000ns period=10.000ns})
  Destination:            u_wb/defaultClockArea_cpu/ROBFIFOPlugin_robInfo/ram/io_read_rsp_0_rename_wReg_reg[0]_rep__2/D
                            (rising edge-triggered cell FDRE clocked by aclk  {rise@0.000ns fall@5.000ns period=10.000ns})
  Path Group:             aclk
  Path Type:              Setup (Max at Slow Process Corner)
  Requirement:            10.000ns  (aclk rise@10.000ns - aclk rise@0.000ns)
  Data Path Delay:        9.881ns  (logic 2.037ns (20.616%)  route 7.844ns (79.384%))
  Logic Levels:           14  (LUT2=1 LUT5=6 LUT6=6 RAMD32=1)
  Clock Path Skew:        -0.056ns (DCD - SCD + CPR)
    Destination Clock Delay (DCD):    3.972ns = ( 13.972 - 10.000 ) 
    Source Clock Delay      (SCD):    4.330ns
    Clock Pessimism Removal (CPR):    0.302ns
  Clock Uncertainty:      0.035ns  ((TSJ^2 + TIJ^2)^1/2 + DJ) / 2 + PE
    Total System Jitter     (TSJ):    0.071ns
    Total Input Jitter      (TIJ):    0.000ns
    Discrete Jitter          (DJ):    0.000ns
    Phase Error              (PE):    0.000ns

    Location             Delay type                Incr(ns)  Path(ns)    Netlist Resource(s)
  -------------------------------------------------------------------    -------------------
                         (clock aclk rise edge)       0.000     0.000 r  
    G20                                               0.000     0.000 r  aclk (IN)
                         net (fo=0)                   0.000     0.000    aclk
    G20                  IBUF (Prop_ibuf_I_O)         0.897     0.897 r  aclk_IBUF_inst/O
                         net (fo=1, routed)           1.827     2.724    aclk_IBUF
    BUFGCTRL_X0Y16       BUFG (Prop_bufg_I_O)         0.081     2.805 r  aclk_IBUF_BUFG_inst/O
                         net (fo=17755, routed)       1.525     4.330    u_wb/defaultClockArea_cpu/ROBFIFOPlugin_robInfo/aclk_IBUF_BUFG
    SLICE_X79Y65         FDCE                                         r  u_wb/defaultClockArea_cpu/ROBFIFOPlugin_robInfo/pushPtr_reg[1]/C
  -------------------------------------------------------------------    -------------------
    SLICE_X79Y65         FDCE (Prop_fdce_C_Q)         0.379     4.709 r  u_wb/defaultClockArea_cpu/ROBFIFOPlugin_robInfo/pushPtr_reg[1]/Q
                         net (fo=167, routed)         0.750     5.459    u_wb/defaultClockArea_cpu/ROBFIFOPlugin_robInfo/ram/rams_1/io_read_rsp_0_uop_inst[31]_i_10[1]
    SLICE_X79Y66         LUT6 (Prop_lut6_I1_O)        0.105     5.564 f  u_wb/defaultClockArea_cpu/ROBFIFOPlugin_robInfo/ram/rams_1/mem_i_202/O
                         net (fo=2, routed)           0.325     5.889    u_wb/defaultClockArea_cpu/ROBFIFOPlugin_robInfo/ram/rams_2/mem_i_128__1_0
    SLICE_X79Y67         LUT6 (Prop_lut6_I0_O)        0.105     5.994 r  u_wb/defaultClockArea_cpu/ROBFIFOPlugin_robInfo/ram/rams_2/mem_i_156/O
                         net (fo=2, routed)           0.332     6.326    u_wb/defaultClockArea_cpu/ROBFIFOPlugin_robInfo/ram/rams_2/pushPtr_reg[3]
    SLICE_X79Y66         LUT6 (Prop_lut6_I0_O)        0.105     6.431 f  u_wb/defaultClockArea_cpu/ROBFIFOPlugin_robInfo/ram/rams_2/ExceptionHandlerPlugin_ESTAT_ECODE[5]_i_5/O
                         net (fo=5, routed)           0.372     6.803    u_wb/defaultClockArea_cpu/ROBFIFOPlugin_robInfo/ram_n_2243
    SLICE_X78Y68         LUT5 (Prop_lut5_I4_O)        0.105     6.908 f  u_wb/defaultClockArea_cpu/ROBFIFOPlugin_robInfo/ExceptionHandlerPlugin_ESTAT_ECODE[5]_i_3/O
                         net (fo=9, routed)           0.413     7.321    u_wb/defaultClockArea_cpu/ROBFIFOPlugin_robInfo/ram/defaultClockArea_cpu_ROBFIFOPlugin_debug_fifoIO_pop_0_valid
    SLICE_X80Y68         LUT5 (Prop_lut5_I1_O)        0.105     7.426 r  u_wb/defaultClockArea_cpu/ROBFIFOPlugin_robInfo/ram/CommitPlugin_port0Commit_uncachedProcess_fsm_stateReg[0]_i_4/O
                         net (fo=3, routed)           0.376     7.802    u_wb/defaultClockArea_cpu/ROBFIFOPlugin_robInfo/ram/rams_2/debug0_wb_pc_OBUF[31]_inst_i_7_5
    SLICE_X78Y70         LUT5 (Prop_lut5_I0_O)        0.105     7.907 f  u_wb/defaultClockArea_cpu/ROBFIFOPlugin_robInfo/ram/rams_2/debug0_wb_pc_OBUF[31]_inst_i_11/O
                         net (fo=1, routed)           0.325     8.232    u_wb/defaultClockArea_cpu/ROBFIFOPlugin_robInfo/ram/rams_2/debug0_wb_pc_OBUF[31]_inst_i_11_n_0
    SLICE_X79Y72         LUT5 (Prop_lut5_I4_O)        0.105     8.337 r  u_wb/defaultClockArea_cpu/ROBFIFOPlugin_robInfo/ram/rams_2/debug0_wb_pc_OBUF[31]_inst_i_7/O
                         net (fo=6, routed)           0.502     8.839    u_wb/defaultClockArea_cpu/ROBFIFOPlugin_robInfo/ram/rams_2/defaultClockArea_cpu_ROBFIFOPlugin_debug_fifoIO_pop_1_ready
    SLICE_X86Y71         LUT5 (Prop_lut5_I0_O)        0.105     8.944 r  u_wb/defaultClockArea_cpu/ROBFIFOPlugin_robInfo/ram/rams_2/debug0_wb_pc_OBUF[31]_inst_i_9/O
                         net (fo=4, routed)           0.344     9.288    u_wb/defaultClockArea_cpu/ROBFIFOPlugin_robInfo/ram/rams_2/defaultClockArea_cpu_ROBFIFOPlugin_debug_fifoIO_pop_2_ready
    SLICE_X86Y69         LUT6 (Prop_lut6_I4_O)        0.105     9.393 r  u_wb/defaultClockArea_cpu/ROBFIFOPlugin_robInfo/ram/rams_2/mem_i_132__1/O
                         net (fo=37, routed)          0.622    10.015    u_wb/defaultClockArea_cpu/ROBFIFOPlugin_robInfo/ram/rams_2/ROBFIFOPlugin_robInfo_popCount[0]
    SLICE_X90Y68         LUT5 (Prop_lut5_I2_O)        0.105    10.120 r  u_wb/defaultClockArea_cpu/ROBFIFOPlugin_robInfo/ram/rams_2/mem_i_124__2/O
                         net (fo=125, routed)         0.701    10.821    u_wb/defaultClockArea_cpu/ROBFIFOPlugin_robInfo/ram/rams_0/ram_io_read_cmd_payload[0]
    SLICE_X89Y70         LUT2 (Prop_lut2_I0_O)        0.124    10.945 r  u_wb/defaultClockArea_cpu/ROBFIFOPlugin_robInfo/ram/rams_0/mem_i_127/O
                         net (fo=120, routed)         1.190    12.135    u_wb/defaultClockArea_cpu/ROBFIFOPlugin_robInfo/ram/rams_0/mem/xpm_memory_base_inst/gen_wr_a.gen_word_narrow.mem_reg_0_7_108_113/ADDRB0
    SLICE_X84Y73         RAMD32 (Prop_ramd32_RADR0_O)
                                                      0.274    12.409 r  u_wb/defaultClockArea_cpu/ROBFIFOPlugin_robInfo/ram/rams_0/mem/xpm_memory_base_inst/gen_wr_a.gen_word_narrow.mem_reg_0_7_108_113/RAMB_D1/O
                         net (fo=3, routed)           0.467    12.876    u_wb/defaultClockArea_cpu/ROBFIFOPlugin_robInfo/ram/rams_0/mem_n_12
    SLICE_X81Y74         LUT6 (Prop_lut6_I0_O)        0.105    12.981 r  u_wb/defaultClockArea_cpu/ROBFIFOPlugin_robInfo/ram/rams_0/io_read_rsp_0_rename_wReg[0]_i_4/O
                         net (fo=5, routed)           0.635    13.616    u_wb/defaultClockArea_cpu/ROBFIFOPlugin_robInfo/ram/rams_2/io_read_rsp_0_rename_wReg_reg[0]
    SLICE_X82Y75         LUT6 (Prop_lut6_I4_O)        0.105    13.721 r  u_wb/defaultClockArea_cpu/ROBFIFOPlugin_robInfo/ram/rams_2/io_read_rsp_0_rename_wReg[0]_rep__2_i_1/O
                         net (fo=1, routed)           0.490    14.210    u_wb/defaultClockArea_cpu/ROBFIFOPlugin_robInfo/ram/rams_2_n_381
    SLICE_X82Y75         FDRE                                         r  u_wb/defaultClockArea_cpu/ROBFIFOPlugin_robInfo/ram/io_read_rsp_0_rename_wReg_reg[0]_rep__2/D
  -------------------------------------------------------------------    -------------------

                         (clock aclk rise edge)      10.000    10.000 r  
    G20                                               0.000    10.000 r  aclk (IN)
                         net (fo=0)                   0.000    10.000    aclk
    G20                  IBUF (Prop_ibuf_I_O)         0.766    10.766 r  aclk_IBUF_inst/O
                         net (fo=1, routed)           1.734    12.500    aclk_IBUF
    BUFGCTRL_X0Y16       BUFG (Prop_bufg_I_O)         0.077    12.577 r  aclk_IBUF_BUFG_inst/O
                         net (fo=17755, routed)       1.395    13.972    u_wb/defaultClockArea_cpu/ROBFIFOPlugin_robInfo/ram/aclk_IBUF_BUFG
    SLICE_X82Y75         FDRE                                         r  u_wb/defaultClockArea_cpu/ROBFIFOPlugin_robInfo/ram/io_read_rsp_0_rename_wReg_reg[0]_rep__2/C
                         clock pessimism              0.302    14.274    
                         clock uncertainty           -0.035    14.238    
    SLICE_X82Y75         FDRE (Setup_fdre_C_D)       -0.042    14.196    u_wb/defaultClockArea_cpu/ROBFIFOPlugin_robInfo/ram/io_read_rsp_0_rename_wReg_reg[0]_rep__2
  -------------------------------------------------------------------
                         required time                         14.196    
                         arrival time                         -14.210    
  -------------------------------------------------------------------
                         slack                                 -0.014    

Slack (VIOLATED) :        -0.014ns  (required time - arrival time)
  Source:                 u_wb/defaultClockArea_cpu/IF1_to_IF2_TRANSLATE_SAVED_CSR_CRMD_DA_reg/C
                            (rising edge-triggered cell FDRE clocked by aclk  {rise@0.000ns fall@5.000ns period=10.000ns})
  Destination:            u_wb/defaultClockArea_cpu/ICachePlugin_dataRAMs_1/mem/xpm_memory_base_inst/gen_wr_a.gen_byte_narrow.for_mem_cols[1].mem_reg_4/ADDRARDADDR[9]
                            (rising edge-triggered cell RAMB36E1 clocked by aclk  {rise@0.000ns fall@5.000ns period=10.000ns})
  Path Group:             aclk
  Path Type:              Setup (Max at Slow Process Corner)
  Requirement:            10.000ns  (aclk rise@10.000ns - aclk rise@0.000ns)
  Data Path Delay:        9.577ns  (logic 2.158ns (22.532%)  route 7.419ns (77.468%))
  Logic Levels:           12  (CARRY4=1 LUT3=4 LUT4=2 LUT5=3 LUT6=2)
  Clock Path Skew:        0.089ns (DCD - SCD + CPR)
    Destination Clock Delay (DCD):    4.285ns = ( 14.285 - 10.000 ) 
    Source Clock Delay      (SCD):    4.438ns
    Clock Pessimism Removal (CPR):    0.242ns
  Clock Uncertainty:      0.035ns  ((TSJ^2 + TIJ^2)^1/2 + DJ) / 2 + PE
    Total System Jitter     (TSJ):    0.071ns
    Total Input Jitter      (TIJ):    0.000ns
    Discrete Jitter          (DJ):    0.000ns
    Phase Error              (PE):    0.000ns

    Location             Delay type                Incr(ns)  Path(ns)    Netlist Resource(s)
  -------------------------------------------------------------------    -------------------
                         (clock aclk rise edge)       0.000     0.000 r  
    G20                                               0.000     0.000 r  aclk (IN)
                         net (fo=0)                   0.000     0.000    aclk
    G20                  IBUF (Prop_ibuf_I_O)         0.897     0.897 r  aclk_IBUF_inst/O
                         net (fo=1, routed)           1.827     2.724    aclk_IBUF
    BUFGCTRL_X0Y16       BUFG (Prop_bufg_I_O)         0.081     2.805 r  aclk_IBUF_BUFG_inst/O
                         net (fo=17755, routed)       1.633     4.438    u_wb/defaultClockArea_cpu/aclk_IBUF_BUFG
    SLICE_X41Y50         FDRE                                         r  u_wb/defaultClockArea_cpu/IF1_to_IF2_TRANSLATE_SAVED_CSR_CRMD_DA_reg/C
  -------------------------------------------------------------------    -------------------
    SLICE_X41Y50         FDRE (Prop_fdre_C_Q)         0.379     4.817 f  u_wb/defaultClockArea_cpu/IF1_to_IF2_TRANSLATE_SAVED_CSR_CRMD_DA_reg/Q
                         net (fo=6, routed)           0.485     5.302    u_wb/defaultClockArea_cpu/ICachePlugin_infoRAM/IF1_to_IF2_TRANSLATE_SAVED_CSR_CRMD_DA
    SLICE_X41Y48         LUT3 (Prop_lut3_I2_O)        0.105     5.407 r  u_wb/defaultClockArea_cpu/ICachePlugin_infoRAM/mem_i_44__2/O
                         net (fo=11, routed)          0.454     5.861    u_wb/defaultClockArea_cpu/weBattleFetchQueue_1/_zz_IF2_InstAddrTranslatePlugin_pcCached
    SLICE_X38Y46         LUT3 (Prop_lut3_I1_O)        0.105     5.966 r  u_wb/defaultClockArea_cpu/weBattleFetchQueue_1/araddr_OBUF[29]_inst_i_3/O
                         net (fo=3, routed)           0.442     6.409    u_wb/defaultClockArea_cpu/weBattleFetchQueue_1/defaultClockArea_cpu_io_iBus_ar_payload_addr[0]
    SLICE_X42Y46         LUT6 (Prop_lut6_I1_O)        0.105     6.514 r  u_wb/defaultClockArea_cpu/weBattleFetchQueue_1/mem_i_57__3/O
                         net (fo=1, routed)           0.000     6.514    u_wb/defaultClockArea_cpu/weBattleFetchQueue_1/mem_i_57__3_n_0
    SLICE_X42Y46         CARRY4 (Prop_carry4_S[1]_CO[2])
                                                      0.477     6.991 f  u_wb/defaultClockArea_cpu/weBattleFetchQueue_1/mem_i_50__5/CO[2]
                         net (fo=1, routed)           0.444     7.434    u_wb/defaultClockArea_cpu/weBattleFetchQueue_1/IF2_ICachePlugin_hits_10
    SLICE_X45Y46         LUT4 (Prop_lut4_I3_O)        0.252     7.686 r  u_wb/defaultClockArea_cpu/weBattleFetchQueue_1/mem_i_43__11/O
                         net (fo=131, routed)         0.250     7.936    u_wb/defaultClockArea_cpu/weBattleFetchQueue_1/IF1_to_IF2_ICACHE_VALIDS_0_reg
    SLICE_X44Y47         LUT5 (Prop_lut5_I3_O)        0.105     8.041 r  u_wb/defaultClockArea_cpu/weBattleFetchQueue_1/mem_i_27__2/O
                         net (fo=1, routed)           0.315     8.355    u_wb/defaultClockArea_cpu/weBattleFetchQueue_1/mem_i_27__2_n_0
    SLICE_X45Y48         LUT6 (Prop_lut6_I3_O)        0.105     8.460 f  u_wb/defaultClockArea_cpu/weBattleFetchQueue_1/mem_i_26__7/O
                         net (fo=424, routed)         0.398     8.858    u_wb/defaultClockArea_cpu/weBattleFetchQueue_1/FSM_onehot_IF2_ICachePlugin_cacheRefillFSM_stateReg_reg[3][0]
    SLICE_X47Y49         LUT3 (Prop_lut3_I2_O)        0.105     8.963 f  u_wb/defaultClockArea_cpu/weBattleFetchQueue_1/ReturnAddressStackPlugin_ras_0[29]_i_3/O
                         net (fo=10, routed)          0.654     9.617    u_wb/defaultClockArea_cpu/weBattleFetchQueue_1/when_ReturnAddressStackPlugin_l31
    SLICE_X61Y53         LUT3 (Prop_lut3_I1_O)        0.105     9.722 r  u_wb/defaultClockArea_cpu/weBattleFetchQueue_1/storage_0_predInfo_predictAddr[31]_i_2/O
                         net (fo=30, routed)          0.827    10.550    u_wb/defaultClockArea_cpu/weBattleFetchQueue_1/storage_0_predInfo_predictAddr[31]_i_2_n_0
    SLICE_X72Y53         LUT5 (Prop_lut5_I1_O)        0.105    10.655 r  u_wb/defaultClockArea_cpu/weBattleFetchQueue_1/storage_0_predInfo_predictAddr[9]_i_1/O
                         net (fo=12, routed)          0.503    11.158    u_wb/defaultClockArea_cpu/ROBFIFOPlugin_robInfo/ram/rams_1/gen_wr_a.gen_word_narrow.mem_reg_8[3]
    SLICE_X72Y53         LUT5 (Prop_lut5_I0_O)        0.105    11.263 r  u_wb/defaultClockArea_cpu/ROBFIFOPlugin_robInfo/ram/rams_1/mem_i_9__11/O
                         net (fo=21, routed)          1.125    12.388    u_wb/defaultClockArea_cpu/ROBFIFOPlugin_robInfo/ram/IF1_to_IF2_PREDICT_JUMP_PAYLOAD_target_reg[7]
    SLICE_X51Y48         LUT4 (Prop_lut4_I3_O)        0.105    12.493 r  u_wb/defaultClockArea_cpu/ROBFIFOPlugin_robInfo/ram/mem_i_21__18/O
                         net (fo=17, routed)          1.523    14.015    u_wb/defaultClockArea_cpu/ICachePlugin_dataRAMs_1/mem/xpm_memory_base_inst/addrb[3]
    RAMB36_X1Y6          RAMB36E1                                     r  u_wb/defaultClockArea_cpu/ICachePlugin_dataRAMs_1/mem/xpm_memory_base_inst/gen_wr_a.gen_byte_narrow.for_mem_cols[1].mem_reg_4/ADDRARDADDR[9]
  -------------------------------------------------------------------    -------------------

                         (clock aclk rise edge)      10.000    10.000 r  
    G20                                               0.000    10.000 r  aclk (IN)
                         net (fo=0)                   0.000    10.000    aclk
    G20                  IBUF (Prop_ibuf_I_O)         0.766    10.766 r  aclk_IBUF_inst/O
                         net (fo=1, routed)           1.734    12.500    aclk_IBUF
    BUFGCTRL_X0Y16       BUFG (Prop_bufg_I_O)         0.077    12.577 r  aclk_IBUF_BUFG_inst/O
                         net (fo=17755, routed)       1.708    14.285    u_wb/defaultClockArea_cpu/ICachePlugin_dataRAMs_1/mem/xpm_memory_base_inst/clka
    RAMB36_X1Y6          RAMB36E1                                     r  u_wb/defaultClockArea_cpu/ICachePlugin_dataRAMs_1/mem/xpm_memory_base_inst/gen_wr_a.gen_byte_narrow.for_mem_cols[1].mem_reg_4/CLKARDCLK
                         clock pessimism              0.242    14.527    
                         clock uncertainty           -0.035    14.491    
    RAMB36_X1Y6          RAMB36E1 (Setup_ramb36e1_CLKARDCLK_ADDRARDADDR[9])
                                                     -0.490    14.001    u_wb/defaultClockArea_cpu/ICachePlugin_dataRAMs_1/mem/xpm_memory_base_inst/gen_wr_a.gen_byte_narrow.for_mem_cols[1].mem_reg_4
  -------------------------------------------------------------------
                         required time                         14.001    
                         arrival time                         -14.015    
  -------------------------------------------------------------------
                         slack                                 -0.014    

Slack (VIOLATED) :        -0.008ns  (required time - arrival time)
  Source:                 u_wb/defaultClockArea_cpu/IF1_to_IF2_TRANSLATE_SAVED_CSR_CRMD_DA_reg/C
                            (rising edge-triggered cell FDRE clocked by aclk  {rise@0.000ns fall@5.000ns period=10.000ns})
  Destination:            u_wb/defaultClockArea_cpu/ICachePlugin_dataRAMs_1/mem/xpm_memory_base_inst/gen_wr_a.gen_byte_narrow.for_mem_cols[1].mem_reg_5/ADDRARDADDR[9]
                            (rising edge-triggered cell RAMB36E1 clocked by aclk  {rise@0.000ns fall@5.000ns period=10.000ns})
  Path Group:             aclk
  Path Type:              Setup (Max at Slow Process Corner)
  Requirement:            10.000ns  (aclk rise@10.000ns - aclk rise@0.000ns)
  Data Path Delay:        9.489ns  (logic 2.158ns (22.742%)  route 7.331ns (77.258%))
  Logic Levels:           12  (CARRY4=1 LUT3=4 LUT4=2 LUT5=3 LUT6=2)
  Clock Path Skew:        0.007ns (DCD - SCD + CPR)
    Destination Clock Delay (DCD):    4.143ns = ( 14.143 - 10.000 ) 
    Source Clock Delay      (SCD):    4.438ns
    Clock Pessimism Removal (CPR):    0.302ns
  Clock Uncertainty:      0.035ns  ((TSJ^2 + TIJ^2)^1/2 + DJ) / 2 + PE
    Total System Jitter     (TSJ):    0.071ns
    Total Input Jitter      (TIJ):    0.000ns
    Discrete Jitter          (DJ):    0.000ns
    Phase Error              (PE):    0.000ns

    Location             Delay type                Incr(ns)  Path(ns)    Netlist Resource(s)
  -------------------------------------------------------------------    -------------------
                         (clock aclk rise edge)       0.000     0.000 r  
    G20                                               0.000     0.000 r  aclk (IN)
                         net (fo=0)                   0.000     0.000    aclk
    G20                  IBUF (Prop_ibuf_I_O)         0.897     0.897 r  aclk_IBUF_inst/O
                         net (fo=1, routed)           1.827     2.724    aclk_IBUF
    BUFGCTRL_X0Y16       BUFG (Prop_bufg_I_O)         0.081     2.805 r  aclk_IBUF_BUFG_inst/O
                         net (fo=17755, routed)       1.633     4.438    u_wb/defaultClockArea_cpu/aclk_IBUF_BUFG
    SLICE_X41Y50         FDRE                                         r  u_wb/defaultClockArea_cpu/IF1_to_IF2_TRANSLATE_SAVED_CSR_CRMD_DA_reg/C
  -------------------------------------------------------------------    -------------------
    SLICE_X41Y50         FDRE (Prop_fdre_C_Q)         0.379     4.817 f  u_wb/defaultClockArea_cpu/IF1_to_IF2_TRANSLATE_SAVED_CSR_CRMD_DA_reg/Q
                         net (fo=6, routed)           0.485     5.302    u_wb/defaultClockArea_cpu/ICachePlugin_infoRAM/IF1_to_IF2_TRANSLATE_SAVED_CSR_CRMD_DA
    SLICE_X41Y48         LUT3 (Prop_lut3_I2_O)        0.105     5.407 r  u_wb/defaultClockArea_cpu/ICachePlugin_infoRAM/mem_i_44__2/O
                         net (fo=11, routed)          0.454     5.861    u_wb/defaultClockArea_cpu/weBattleFetchQueue_1/_zz_IF2_InstAddrTranslatePlugin_pcCached
    SLICE_X38Y46         LUT3 (Prop_lut3_I1_O)        0.105     5.966 r  u_wb/defaultClockArea_cpu/weBattleFetchQueue_1/araddr_OBUF[29]_inst_i_3/O
                         net (fo=3, routed)           0.442     6.409    u_wb/defaultClockArea_cpu/weBattleFetchQueue_1/defaultClockArea_cpu_io_iBus_ar_payload_addr[0]
    SLICE_X42Y46         LUT6 (Prop_lut6_I1_O)        0.105     6.514 r  u_wb/defaultClockArea_cpu/weBattleFetchQueue_1/mem_i_57__3/O
                         net (fo=1, routed)           0.000     6.514    u_wb/defaultClockArea_cpu/weBattleFetchQueue_1/mem_i_57__3_n_0
    SLICE_X42Y46         CARRY4 (Prop_carry4_S[1]_CO[2])
                                                      0.477     6.991 f  u_wb/defaultClockArea_cpu/weBattleFetchQueue_1/mem_i_50__5/CO[2]
                         net (fo=1, routed)           0.444     7.434    u_wb/defaultClockArea_cpu/weBattleFetchQueue_1/IF2_ICachePlugin_hits_10
    SLICE_X45Y46         LUT4 (Prop_lut4_I3_O)        0.252     7.686 r  u_wb/defaultClockArea_cpu/weBattleFetchQueue_1/mem_i_43__11/O
                         net (fo=131, routed)         0.250     7.936    u_wb/defaultClockArea_cpu/weBattleFetchQueue_1/IF1_to_IF2_ICACHE_VALIDS_0_reg
    SLICE_X44Y47         LUT5 (Prop_lut5_I3_O)        0.105     8.041 r  u_wb/defaultClockArea_cpu/weBattleFetchQueue_1/mem_i_27__2/O
                         net (fo=1, routed)           0.315     8.355    u_wb/defaultClockArea_cpu/weBattleFetchQueue_1/mem_i_27__2_n_0
    SLICE_X45Y48         LUT6 (Prop_lut6_I3_O)        0.105     8.460 f  u_wb/defaultClockArea_cpu/weBattleFetchQueue_1/mem_i_26__7/O
                         net (fo=424, routed)         0.398     8.858    u_wb/defaultClockArea_cpu/weBattleFetchQueue_1/FSM_onehot_IF2_ICachePlugin_cacheRefillFSM_stateReg_reg[3][0]
    SLICE_X47Y49         LUT3 (Prop_lut3_I2_O)        0.105     8.963 f  u_wb/defaultClockArea_cpu/weBattleFetchQueue_1/ReturnAddressStackPlugin_ras_0[29]_i_3/O
                         net (fo=10, routed)          0.654     9.617    u_wb/defaultClockArea_cpu/weBattleFetchQueue_1/when_ReturnAddressStackPlugin_l31
    SLICE_X61Y53         LUT3 (Prop_lut3_I1_O)        0.105     9.722 r  u_wb/defaultClockArea_cpu/weBattleFetchQueue_1/storage_0_predInfo_predictAddr[31]_i_2/O
                         net (fo=30, routed)          0.827    10.550    u_wb/defaultClockArea_cpu/weBattleFetchQueue_1/storage_0_predInfo_predictAddr[31]_i_2_n_0
    SLICE_X72Y53         LUT5 (Prop_lut5_I1_O)        0.105    10.655 r  u_wb/defaultClockArea_cpu/weBattleFetchQueue_1/storage_0_predInfo_predictAddr[9]_i_1/O
                         net (fo=12, routed)          0.503    11.158    u_wb/defaultClockArea_cpu/ROBFIFOPlugin_robInfo/ram/rams_1/gen_wr_a.gen_word_narrow.mem_reg_8[3]
    SLICE_X72Y53         LUT5 (Prop_lut5_I0_O)        0.105    11.263 r  u_wb/defaultClockArea_cpu/ROBFIFOPlugin_robInfo/ram/rams_1/mem_i_9__11/O
                         net (fo=21, routed)          1.125    12.388    u_wb/defaultClockArea_cpu/ROBFIFOPlugin_robInfo/ram/IF1_to_IF2_PREDICT_JUMP_PAYLOAD_target_reg[7]
    SLICE_X51Y48         LUT4 (Prop_lut4_I3_O)        0.105    12.493 r  u_wb/defaultClockArea_cpu/ROBFIFOPlugin_robInfo/ram/mem_i_21__18/O
                         net (fo=17, routed)          1.434    13.927    u_wb/defaultClockArea_cpu/ICachePlugin_dataRAMs_1/mem/xpm_memory_base_inst/addrb[3]
    RAMB36_X1Y11         RAMB36E1                                     r  u_wb/defaultClockArea_cpu/ICachePlugin_dataRAMs_1/mem/xpm_memory_base_inst/gen_wr_a.gen_byte_narrow.for_mem_cols[1].mem_reg_5/ADDRARDADDR[9]
  -------------------------------------------------------------------    -------------------

                         (clock aclk rise edge)      10.000    10.000 r  
    G20                                               0.000    10.000 r  aclk (IN)
                         net (fo=0)                   0.000    10.000    aclk
    G20                  IBUF (Prop_ibuf_I_O)         0.766    10.766 r  aclk_IBUF_inst/O
                         net (fo=1, routed)           1.734    12.500    aclk_IBUF
    BUFGCTRL_X0Y16       BUFG (Prop_bufg_I_O)         0.077    12.577 r  aclk_IBUF_BUFG_inst/O
                         net (fo=17755, routed)       1.566    14.143    u_wb/defaultClockArea_cpu/ICachePlugin_dataRAMs_1/mem/xpm_memory_base_inst/clka
    RAMB36_X1Y11         RAMB36E1                                     r  u_wb/defaultClockArea_cpu/ICachePlugin_dataRAMs_1/mem/xpm_memory_base_inst/gen_wr_a.gen_byte_narrow.for_mem_cols[1].mem_reg_5/CLKARDCLK
                         clock pessimism              0.302    14.445    
                         clock uncertainty           -0.035    14.409    
    RAMB36_X1Y11         RAMB36E1 (Setup_ramb36e1_CLKARDCLK_ADDRARDADDR[9])
                                                     -0.490    13.919    u_wb/defaultClockArea_cpu/ICachePlugin_dataRAMs_1/mem/xpm_memory_base_inst/gen_wr_a.gen_byte_narrow.for_mem_cols[1].mem_reg_5
  -------------------------------------------------------------------
                         required time                         13.919    
                         arrival time                         -13.927    
  -------------------------------------------------------------------
                         slack                                 -0.008    

Slack (VIOLATED) :        -0.007ns  (required time - arrival time)
  Source:                 u_wb/defaultClockArea_cpu/ROBFIFOPlugin_robInfo/pushPtr_reg[1]/C
                            (rising edge-triggered cell FDCE clocked by aclk  {rise@0.000ns fall@5.000ns period=10.000ns})
  Destination:            u_wb/defaultClockArea_cpu/ROBFIFOPlugin_robInfo/ram/io_read_rsp_1_rename_wReg_reg[1]_rep__1/D
                            (rising edge-triggered cell FDRE clocked by aclk  {rise@0.000ns fall@5.000ns period=10.000ns})
  Path Group:             aclk
  Path Type:              Setup (Max at Slow Process Corner)
  Requirement:            10.000ns  (aclk rise@10.000ns - aclk rise@0.000ns)
  Data Path Delay:        9.864ns  (logic 2.026ns (20.540%)  route 7.838ns (79.460%))
  Logic Levels:           14  (LUT2=1 LUT5=6 LUT6=6 RAMD32=1)
  Clock Path Skew:        -0.104ns (DCD - SCD + CPR)
    Destination Clock Delay (DCD):    3.984ns = ( 13.984 - 10.000 ) 
    Source Clock Delay      (SCD):    4.330ns
    Clock Pessimism Removal (CPR):    0.242ns
  Clock Uncertainty:      0.035ns  ((TSJ^2 + TIJ^2)^1/2 + DJ) / 2 + PE
    Total System Jitter     (TSJ):    0.071ns
    Total Input Jitter      (TIJ):    0.000ns
    Discrete Jitter          (DJ):    0.000ns
    Phase Error              (PE):    0.000ns

    Location             Delay type                Incr(ns)  Path(ns)    Netlist Resource(s)
  -------------------------------------------------------------------    -------------------
                         (clock aclk rise edge)       0.000     0.000 r  
    G20                                               0.000     0.000 r  aclk (IN)
                         net (fo=0)                   0.000     0.000    aclk
    G20                  IBUF (Prop_ibuf_I_O)         0.897     0.897 r  aclk_IBUF_inst/O
                         net (fo=1, routed)           1.827     2.724    aclk_IBUF
    BUFGCTRL_X0Y16       BUFG (Prop_bufg_I_O)         0.081     2.805 r  aclk_IBUF_BUFG_inst/O
                         net (fo=17755, routed)       1.525     4.330    u_wb/defaultClockArea_cpu/ROBFIFOPlugin_robInfo/aclk_IBUF_BUFG
    SLICE_X79Y65         FDCE                                         r  u_wb/defaultClockArea_cpu/ROBFIFOPlugin_robInfo/pushPtr_reg[1]/C
  -------------------------------------------------------------------    -------------------
    SLICE_X79Y65         FDCE (Prop_fdce_C_Q)         0.379     4.709 r  u_wb/defaultClockArea_cpu/ROBFIFOPlugin_robInfo/pushPtr_reg[1]/Q
                         net (fo=167, routed)         0.750     5.459    u_wb/defaultClockArea_cpu/ROBFIFOPlugin_robInfo/ram/rams_1/io_read_rsp_0_uop_inst[31]_i_10[1]
    SLICE_X79Y66         LUT6 (Prop_lut6_I1_O)        0.105     5.564 f  u_wb/defaultClockArea_cpu/ROBFIFOPlugin_robInfo/ram/rams_1/mem_i_202/O
                         net (fo=2, routed)           0.325     5.889    u_wb/defaultClockArea_cpu/ROBFIFOPlugin_robInfo/ram/rams_2/mem_i_128__1_0
    SLICE_X79Y67         LUT6 (Prop_lut6_I0_O)        0.105     5.994 r  u_wb/defaultClockArea_cpu/ROBFIFOPlugin_robInfo/ram/rams_2/mem_i_156/O
                         net (fo=2, routed)           0.332     6.326    u_wb/defaultClockArea_cpu/ROBFIFOPlugin_robInfo/ram/rams_2/pushPtr_reg[3]
    SLICE_X79Y66         LUT6 (Prop_lut6_I0_O)        0.105     6.431 f  u_wb/defaultClockArea_cpu/ROBFIFOPlugin_robInfo/ram/rams_2/ExceptionHandlerPlugin_ESTAT_ECODE[5]_i_5/O
                         net (fo=5, routed)           0.372     6.803    u_wb/defaultClockArea_cpu/ROBFIFOPlugin_robInfo/ram_n_2243
    SLICE_X78Y68         LUT5 (Prop_lut5_I4_O)        0.105     6.908 f  u_wb/defaultClockArea_cpu/ROBFIFOPlugin_robInfo/ExceptionHandlerPlugin_ESTAT_ECODE[5]_i_3/O
                         net (fo=9, routed)           0.413     7.321    u_wb/defaultClockArea_cpu/ROBFIFOPlugin_robInfo/ram/defaultClockArea_cpu_ROBFIFOPlugin_debug_fifoIO_pop_0_valid
    SLICE_X80Y68         LUT5 (Prop_lut5_I1_O)        0.105     7.426 r  u_wb/defaultClockArea_cpu/ROBFIFOPlugin_robInfo/ram/CommitPlugin_port0Commit_uncachedProcess_fsm_stateReg[0]_i_4/O
                         net (fo=3, routed)           0.376     7.802    u_wb/defaultClockArea_cpu/ROBFIFOPlugin_robInfo/ram/rams_2/debug0_wb_pc_OBUF[31]_inst_i_7_5
    SLICE_X78Y70         LUT5 (Prop_lut5_I0_O)        0.105     7.907 f  u_wb/defaultClockArea_cpu/ROBFIFOPlugin_robInfo/ram/rams_2/debug0_wb_pc_OBUF[31]_inst_i_11/O
                         net (fo=1, routed)           0.325     8.232    u_wb/defaultClockArea_cpu/ROBFIFOPlugin_robInfo/ram/rams_2/debug0_wb_pc_OBUF[31]_inst_i_11_n_0
    SLICE_X79Y72         LUT5 (Prop_lut5_I4_O)        0.105     8.337 r  u_wb/defaultClockArea_cpu/ROBFIFOPlugin_robInfo/ram/rams_2/debug0_wb_pc_OBUF[31]_inst_i_7/O
                         net (fo=6, routed)           0.502     8.839    u_wb/defaultClockArea_cpu/ROBFIFOPlugin_robInfo/ram/rams_2/defaultClockArea_cpu_ROBFIFOPlugin_debug_fifoIO_pop_1_ready
    SLICE_X86Y71         LUT5 (Prop_lut5_I0_O)        0.105     8.944 r  u_wb/defaultClockArea_cpu/ROBFIFOPlugin_robInfo/ram/rams_2/debug0_wb_pc_OBUF[31]_inst_i_9/O
                         net (fo=4, routed)           0.344     9.288    u_wb/defaultClockArea_cpu/ROBFIFOPlugin_robInfo/ram/rams_2/defaultClockArea_cpu_ROBFIFOPlugin_debug_fifoIO_pop_2_ready
    SLICE_X86Y69         LUT6 (Prop_lut6_I4_O)        0.105     9.393 r  u_wb/defaultClockArea_cpu/ROBFIFOPlugin_robInfo/ram/rams_2/mem_i_132__1/O
                         net (fo=37, routed)          0.622    10.015    u_wb/defaultClockArea_cpu/ROBFIFOPlugin_robInfo/ram/rams_2/ROBFIFOPlugin_robInfo_popCount[0]
    SLICE_X90Y68         LUT5 (Prop_lut5_I2_O)        0.105    10.120 r  u_wb/defaultClockArea_cpu/ROBFIFOPlugin_robInfo/ram/rams_2/mem_i_124__2/O
                         net (fo=125, routed)         0.584    10.704    u_wb/defaultClockArea_cpu/ROBFIFOPlugin_robInfo/ram/rams_1/ram_io_read_cmd_payload[1]
    SLICE_X92Y67         LUT2 (Prop_lut2_I0_O)        0.105    10.809 r  u_wb/defaultClockArea_cpu/ROBFIFOPlugin_robInfo/ram/rams_1/mem_i_127__0/O
                         net (fo=120, routed)         1.141    11.950    u_wb/defaultClockArea_cpu/ROBFIFOPlugin_robInfo/ram/rams_1/mem/xpm_memory_base_inst/gen_wr_a.gen_word_narrow.mem_reg_0_7_108_113/ADDRC0
    SLICE_X88Y74         RAMD32 (Prop_ramd32_RADR0_O)
                                                      0.119    12.069 r  u_wb/defaultClockArea_cpu/ROBFIFOPlugin_robInfo/ram/rams_1/mem/xpm_memory_base_inst/gen_wr_a.gen_word_narrow.mem_reg_0_7_108_113/RAMC/O
                         net (fo=3, routed)           0.332    12.402    u_wb/defaultClockArea_cpu/ROBFIFOPlugin_robInfo/ram/rams_1/mem_n_11
    SLICE_X89Y74         LUT6 (Prop_lut6_I0_O)        0.268    12.670 r  u_wb/defaultClockArea_cpu/ROBFIFOPlugin_robInfo/ram/rams_1/io_read_rsp_1_rename_wReg[1]_i_3/O
                         net (fo=5, routed)           0.990    13.660    u_wb/defaultClockArea_cpu/ROBFIFOPlugin_robInfo/ram/rams_2/io_read_rsp_1_rename_wReg_reg[1]_0
    SLICE_X84Y79         LUT6 (Prop_lut6_I5_O)        0.105    13.765 r  u_wb/defaultClockArea_cpu/ROBFIFOPlugin_robInfo/ram/rams_2/io_read_rsp_1_rename_wReg[1]_rep__1_i_1/O
                         net (fo=1, routed)           0.429    14.194    u_wb/defaultClockArea_cpu/ROBFIFOPlugin_robInfo/ram/rams_2_n_386
    SLICE_X84Y79         FDRE                                         r  u_wb/defaultClockArea_cpu/ROBFIFOPlugin_robInfo/ram/io_read_rsp_1_rename_wReg_reg[1]_rep__1/D
  -------------------------------------------------------------------    -------------------

                         (clock aclk rise edge)      10.000    10.000 r  
    G20                                               0.000    10.000 r  aclk (IN)
                         net (fo=0)                   0.000    10.000    aclk
    G20                  IBUF (Prop_ibuf_I_O)         0.766    10.766 r  aclk_IBUF_inst/O
                         net (fo=1, routed)           1.734    12.500    aclk_IBUF
    BUFGCTRL_X0Y16       BUFG (Prop_bufg_I_O)         0.077    12.577 r  aclk_IBUF_BUFG_inst/O
                         net (fo=17755, routed)       1.407    13.984    u_wb/defaultClockArea_cpu/ROBFIFOPlugin_robInfo/ram/aclk_IBUF_BUFG
    SLICE_X84Y79         FDRE                                         r  u_wb/defaultClockArea_cpu/ROBFIFOPlugin_robInfo/ram/io_read_rsp_1_rename_wReg_reg[1]_rep__1/C
                         clock pessimism              0.242    14.226    
                         clock uncertainty           -0.035    14.190    
    SLICE_X84Y79         FDRE (Setup_fdre_C_D)       -0.004    14.186    u_wb/defaultClockArea_cpu/ROBFIFOPlugin_robInfo/ram/io_read_rsp_1_rename_wReg_reg[1]_rep__1
  -------------------------------------------------------------------
                         required time                         14.186    
                         arrival time                         -14.194    
  -------------------------------------------------------------------
                         slack                                 -0.007    

Slack (VIOLATED) :        -0.005ns  (required time - arrival time)
  Source:                 u_wb/defaultClockArea_cpu/ROBFIFOPlugin_robInfo/pushPtr_reg[1]/C
                            (rising edge-triggered cell FDCE clocked by aclk  {rise@0.000ns fall@5.000ns period=10.000ns})
  Destination:            u_wb/defaultClockArea_cpu/ROBFIFOPlugin_robInfo/ram/io_read_rsp_0_rename_wReg_reg[1]_rep/D
                            (rising edge-triggered cell FDRE clocked by aclk  {rise@0.000ns fall@5.000ns period=10.000ns})
  Path Group:             aclk
  Path Type:              Setup (Max at Slow Process Corner)
  Requirement:            10.000ns  (aclk rise@10.000ns - aclk rise@0.000ns)
  Data Path Delay:        9.832ns  (logic 2.214ns (22.519%)  route 7.618ns (77.481%))
  Logic Levels:           14  (LUT2=1 LUT5=6 LUT6=6 RAMD32=1)
  Clock Path Skew:        -0.106ns (DCD - SCD + CPR)
    Destination Clock Delay (DCD):    3.982ns = ( 13.982 - 10.000 ) 
    Source Clock Delay      (SCD):    4.330ns
    Clock Pessimism Removal (CPR):    0.242ns
  Clock Uncertainty:      0.035ns  ((TSJ^2 + TIJ^2)^1/2 + DJ) / 2 + PE
    Total System Jitter     (TSJ):    0.071ns
    Total Input Jitter      (TIJ):    0.000ns
    Discrete Jitter          (DJ):    0.000ns
    Phase Error              (PE):    0.000ns

    Location             Delay type                Incr(ns)  Path(ns)    Netlist Resource(s)
  -------------------------------------------------------------------    -------------------
                         (clock aclk rise edge)       0.000     0.000 r  
    G20                                               0.000     0.000 r  aclk (IN)
                         net (fo=0)                   0.000     0.000    aclk
    G20                  IBUF (Prop_ibuf_I_O)         0.897     0.897 r  aclk_IBUF_inst/O
                         net (fo=1, routed)           1.827     2.724    aclk_IBUF
    BUFGCTRL_X0Y16       BUFG (Prop_bufg_I_O)         0.081     2.805 r  aclk_IBUF_BUFG_inst/O
                         net (fo=17755, routed)       1.525     4.330    u_wb/defaultClockArea_cpu/ROBFIFOPlugin_robInfo/aclk_IBUF_BUFG
    SLICE_X79Y65         FDCE                                         r  u_wb/defaultClockArea_cpu/ROBFIFOPlugin_robInfo/pushPtr_reg[1]/C
  -------------------------------------------------------------------    -------------------
    SLICE_X79Y65         FDCE (Prop_fdce_C_Q)         0.379     4.709 r  u_wb/defaultClockArea_cpu/ROBFIFOPlugin_robInfo/pushPtr_reg[1]/Q
                         net (fo=167, routed)         0.750     5.459    u_wb/defaultClockArea_cpu/ROBFIFOPlugin_robInfo/ram/rams_1/io_read_rsp_0_uop_inst[31]_i_10[1]
    SLICE_X79Y66         LUT6 (Prop_lut6_I1_O)        0.105     5.564 f  u_wb/defaultClockArea_cpu/ROBFIFOPlugin_robInfo/ram/rams_1/mem_i_202/O
                         net (fo=2, routed)           0.325     5.889    u_wb/defaultClockArea_cpu/ROBFIFOPlugin_robInfo/ram/rams_2/mem_i_128__1_0
    SLICE_X79Y67         LUT6 (Prop_lut6_I0_O)        0.105     5.994 r  u_wb/defaultClockArea_cpu/ROBFIFOPlugin_robInfo/ram/rams_2/mem_i_156/O
                         net (fo=2, routed)           0.332     6.326    u_wb/defaultClockArea_cpu/ROBFIFOPlugin_robInfo/ram/rams_2/pushPtr_reg[3]
    SLICE_X79Y66         LUT6 (Prop_lut6_I0_O)        0.105     6.431 f  u_wb/defaultClockArea_cpu/ROBFIFOPlugin_robInfo/ram/rams_2/ExceptionHandlerPlugin_ESTAT_ECODE[5]_i_5/O
                         net (fo=5, routed)           0.372     6.803    u_wb/defaultClockArea_cpu/ROBFIFOPlugin_robInfo/ram_n_2243
    SLICE_X78Y68         LUT5 (Prop_lut5_I4_O)        0.105     6.908 f  u_wb/defaultClockArea_cpu/ROBFIFOPlugin_robInfo/ExceptionHandlerPlugin_ESTAT_ECODE[5]_i_3/O
                         net (fo=9, routed)           0.413     7.321    u_wb/defaultClockArea_cpu/ROBFIFOPlugin_robInfo/ram/defaultClockArea_cpu_ROBFIFOPlugin_debug_fifoIO_pop_0_valid
    SLICE_X80Y68         LUT5 (Prop_lut5_I1_O)        0.105     7.426 r  u_wb/defaultClockArea_cpu/ROBFIFOPlugin_robInfo/ram/CommitPlugin_port0Commit_uncachedProcess_fsm_stateReg[0]_i_4/O
                         net (fo=3, routed)           0.376     7.802    u_wb/defaultClockArea_cpu/ROBFIFOPlugin_robInfo/ram/rams_2/debug0_wb_pc_OBUF[31]_inst_i_7_5
    SLICE_X78Y70         LUT5 (Prop_lut5_I0_O)        0.105     7.907 f  u_wb/defaultClockArea_cpu/ROBFIFOPlugin_robInfo/ram/rams_2/debug0_wb_pc_OBUF[31]_inst_i_11/O
                         net (fo=1, routed)           0.325     8.232    u_wb/defaultClockArea_cpu/ROBFIFOPlugin_robInfo/ram/rams_2/debug0_wb_pc_OBUF[31]_inst_i_11_n_0
    SLICE_X79Y72         LUT5 (Prop_lut5_I4_O)        0.105     8.337 r  u_wb/defaultClockArea_cpu/ROBFIFOPlugin_robInfo/ram/rams_2/debug0_wb_pc_OBUF[31]_inst_i_7/O
                         net (fo=6, routed)           0.502     8.839    u_wb/defaultClockArea_cpu/ROBFIFOPlugin_robInfo/ram/rams_2/defaultClockArea_cpu_ROBFIFOPlugin_debug_fifoIO_pop_1_ready
    SLICE_X86Y71         LUT5 (Prop_lut5_I0_O)        0.105     8.944 r  u_wb/defaultClockArea_cpu/ROBFIFOPlugin_robInfo/ram/rams_2/debug0_wb_pc_OBUF[31]_inst_i_9/O
                         net (fo=4, routed)           0.344     9.288    u_wb/defaultClockArea_cpu/ROBFIFOPlugin_robInfo/ram/rams_2/defaultClockArea_cpu_ROBFIFOPlugin_debug_fifoIO_pop_2_ready
    SLICE_X86Y69         LUT6 (Prop_lut6_I4_O)        0.105     9.393 r  u_wb/defaultClockArea_cpu/ROBFIFOPlugin_robInfo/ram/rams_2/mem_i_132__1/O
                         net (fo=37, routed)          0.622    10.015    u_wb/defaultClockArea_cpu/ROBFIFOPlugin_robInfo/ram/rams_2/ROBFIFOPlugin_robInfo_popCount[0]
    SLICE_X90Y68         LUT5 (Prop_lut5_I2_O)        0.105    10.120 r  u_wb/defaultClockArea_cpu/ROBFIFOPlugin_robInfo/ram/rams_2/mem_i_124__2/O
                         net (fo=125, routed)         0.701    10.821    u_wb/defaultClockArea_cpu/ROBFIFOPlugin_robInfo/ram/rams_0/ram_io_read_cmd_payload[0]
    SLICE_X89Y70         LUT2 (Prop_lut2_I0_O)        0.124    10.945 r  u_wb/defaultClockArea_cpu/ROBFIFOPlugin_robInfo/ram/rams_0/mem_i_127/O
                         net (fo=120, routed)         1.068    12.013    u_wb/defaultClockArea_cpu/ROBFIFOPlugin_robInfo/ram/rams_0/mem/xpm_memory_base_inst/gen_wr_a.gen_word_narrow.mem_reg_0_7_108_113/ADDRC0
    SLICE_X84Y73         RAMD32 (Prop_ramd32_RADR0_O)
                                                      0.288    12.301 r  u_wb/defaultClockArea_cpu/ROBFIFOPlugin_robInfo/ram/rams_0/mem/xpm_memory_base_inst/gen_wr_a.gen_word_narrow.mem_reg_0_7_108_113/RAMC/O
                         net (fo=3, routed)           0.534    12.835    u_wb/defaultClockArea_cpu/ROBFIFOPlugin_robInfo/ram/rams_0/mem_n_11
    SLICE_X85Y78         LUT6 (Prop_lut6_I0_O)        0.268    13.103 r  u_wb/defaultClockArea_cpu/ROBFIFOPlugin_robInfo/ram/rams_0/io_read_rsp_0_rename_wReg[1]_i_4/O
                         net (fo=5, routed)           0.694    13.796    u_wb/defaultClockArea_cpu/ROBFIFOPlugin_robInfo/ram/rams_2/io_read_rsp_0_rename_wReg_reg[1]
    SLICE_X86Y78         LUT6 (Prop_lut6_I4_O)        0.105    13.901 r  u_wb/defaultClockArea_cpu/ROBFIFOPlugin_robInfo/ram/rams_2/io_read_rsp_0_rename_wReg[1]_rep_i_1/O
                         net (fo=1, routed)           0.260    14.162    u_wb/defaultClockArea_cpu/ROBFIFOPlugin_robInfo/ram/rams_2_n_374
    SLICE_X86Y78         FDRE                                         r  u_wb/defaultClockArea_cpu/ROBFIFOPlugin_robInfo/ram/io_read_rsp_0_rename_wReg_reg[1]_rep/D
  -------------------------------------------------------------------    -------------------

                         (clock aclk rise edge)      10.000    10.000 r  
    G20                                               0.000    10.000 r  aclk (IN)
                         net (fo=0)                   0.000    10.000    aclk
    G20                  IBUF (Prop_ibuf_I_O)         0.766    10.766 r  aclk_IBUF_inst/O
                         net (fo=1, routed)           1.734    12.500    aclk_IBUF
    BUFGCTRL_X0Y16       BUFG (Prop_bufg_I_O)         0.077    12.577 r  aclk_IBUF_BUFG_inst/O
                         net (fo=17755, routed)       1.405    13.982    u_wb/defaultClockArea_cpu/ROBFIFOPlugin_robInfo/ram/aclk_IBUF_BUFG
    SLICE_X86Y78         FDRE                                         r  u_wb/defaultClockArea_cpu/ROBFIFOPlugin_robInfo/ram/io_read_rsp_0_rename_wReg_reg[1]_rep/C
                         clock pessimism              0.242    14.224    
                         clock uncertainty           -0.035    14.188    
    SLICE_X86Y78         FDRE (Setup_fdre_C_D)       -0.032    14.156    u_wb/defaultClockArea_cpu/ROBFIFOPlugin_robInfo/ram/io_read_rsp_0_rename_wReg_reg[1]_rep
  -------------------------------------------------------------------
                         required time                         14.156    
                         arrival time                         -14.162    
  -------------------------------------------------------------------
                         slack                                 -0.005    

Slack (VIOLATED) :        -0.001ns  (required time - arrival time)
  Source:                 u_wb/defaultClockArea_cpu/MEM_MEM2_UncachedAccessPlugin_uncachedStoreFSM_stateReg_reg[0]/C
                            (rising edge-triggered cell FDCE clocked by aclk  {rise@0.000ns fall@5.000ns period=10.000ns})
  Destination:            u_wb/defaultClockArea_cpu/IntIssueQueuePlugin_queue_3_payload_rRegs_0_valid_reg/D
                            (rising edge-triggered cell FDRE clocked by aclk  {rise@0.000ns fall@5.000ns period=10.000ns})
  Path Group:             aclk
  Path Type:              Setup (Max at Slow Process Corner)
  Requirement:            10.000ns  (aclk rise@10.000ns - aclk rise@0.000ns)
  Data Path Delay:        9.882ns  (logic 2.375ns (24.032%)  route 7.507ns (75.968%))
  Logic Levels:           18  (LUT2=4 LUT3=3 LUT4=1 LUT5=5 LUT6=5)
  Clock Path Skew:        -0.115ns (DCD - SCD + CPR)
    Destination Clock Delay (DCD):    4.018ns = ( 14.018 - 10.000 ) 
    Source Clock Delay      (SCD):    4.435ns
    Clock Pessimism Removal (CPR):    0.302ns
  Clock Uncertainty:      0.035ns  ((TSJ^2 + TIJ^2)^1/2 + DJ) / 2 + PE
    Total System Jitter     (TSJ):    0.071ns
    Total Input Jitter      (TIJ):    0.000ns
    Discrete Jitter          (DJ):    0.000ns
    Phase Error              (PE):    0.000ns

    Location             Delay type                Incr(ns)  Path(ns)    Netlist Resource(s)
  -------------------------------------------------------------------    -------------------
                         (clock aclk rise edge)       0.000     0.000 r  
    G20                                               0.000     0.000 r  aclk (IN)
                         net (fo=0)                   0.000     0.000    aclk
    G20                  IBUF (Prop_ibuf_I_O)         0.897     0.897 r  aclk_IBUF_inst/O
                         net (fo=1, routed)           1.827     2.724    aclk_IBUF
    BUFGCTRL_X0Y16       BUFG (Prop_bufg_I_O)         0.081     2.805 r  aclk_IBUF_BUFG_inst/O
                         net (fo=17755, routed)       1.630     4.435    u_wb/defaultClockArea_cpu/aclk_IBUF_BUFG
    SLICE_X13Y76         FDCE                                         r  u_wb/defaultClockArea_cpu/MEM_MEM2_UncachedAccessPlugin_uncachedStoreFSM_stateReg_reg[0]/C
  -------------------------------------------------------------------    -------------------
    SLICE_X13Y76         FDCE (Prop_fdce_C_Q)         0.348     4.783 f  u_wb/defaultClockArea_cpu/MEM_MEM2_UncachedAccessPlugin_uncachedStoreFSM_stateReg_reg[0]/Q
                         net (fo=7, routed)           0.268     5.051    u_wb/defaultClockArea_cpu/MEM_MEM2_UncachedAccessPlugin_uncachedStoreFSM_stateReg_reg_n_0_[0]
    SLICE_X12Y75         LUT2 (Prop_lut2_I0_O)        0.242     5.293 f  u_wb/defaultClockArea_cpu/fifo_i_77/O
                         net (fo=1, routed)           0.541     5.834    u_wb/defaultClockArea_axiBuffer/io_udBus_aw_valid
    SLICE_X13Y75         LUT6 (Prop_lut6_I4_O)        0.105     5.939 f  u_wb/defaultClockArea_axiBuffer/fifo_i_73/O
                         net (fo=71, routed)          0.485     6.424    u_wb/defaultClockArea_axiBuffer/when_AxiBuffer_l81__1
    SLICE_X21Y75         LUT3 (Prop_lut3_I0_O)        0.105     6.529 f  u_wb/defaultClockArea_axiBuffer/fifo_i_1/O
                         net (fo=11, routed)          0.254     6.783    u_wb/defaultClockArea_cpu/DCachePlugin_dataRAMs_1/wr_en
    SLICE_X20Y77         LUT3 (Prop_lut3_I2_O)        0.105     6.888 f  u_wb/defaultClockArea_cpu/DCachePlugin_dataRAMs_1/MEM_MEM1_to_MEM_MEM2_MEMORY_ADDRESS[31]_i_7/O
                         net (fo=1, routed)           0.130     7.018    u_wb/defaultClockArea_cpu/DCachePlugin_dataRAMs_1/MEM_MEM1_to_MEM_MEM2_MEMORY_ADDRESS[31]_i_7_n_0
    SLICE_X20Y77         LUT5 (Prop_lut5_I2_O)        0.105     7.123 r  u_wb/defaultClockArea_cpu/DCachePlugin_dataRAMs_1/MEM_MEM1_to_MEM_MEM2_MEMORY_ADDRESS[31]_i_5/O
                         net (fo=1, routed)           0.220     7.342    u_wb/defaultClockArea_cpu/DCachePlugin_dataRAMs_1/MEM_MEM2_arbitration_haltItself
    SLICE_X20Y77         LUT6 (Prop_lut6_I3_O)        0.105     7.447 r  u_wb/defaultClockArea_cpu/DCachePlugin_dataRAMs_1/MEM_MEM1_to_MEM_MEM2_MEMORY_ADDRESS[31]_i_3/O
                         net (fo=1, routed)           0.577     8.025    u_wb/defaultClockArea_cpu/DCachePlugin_dataRAMs_1/MEM_MEM1_to_MEM_MEM2_MEMORY_ADDRESS[31]_i_3_n_0
    SLICE_X29Y79         LUT5 (Prop_lut5_I3_O)        0.105     8.130 f  u_wb/defaultClockArea_cpu/DCachePlugin_dataRAMs_1/MEM_MEM1_to_MEM_MEM2_MEMORY_ADDRESS[31]_i_2/O
                         net (fo=252, routed)         0.550     8.680    u_wb/defaultClockArea_cpu/DCachePlugin_dataRAMs_1/MEM_MEM2_DCachePlugin_CACHEFSM_finishAllWay_reg
    SLICE_X33Y85         LUT2 (Prop_lut2_I0_O)        0.105     8.785 f  u_wb/defaultClockArea_cpu/DCachePlugin_dataRAMs_1/mem_i_76__4/O
                         net (fo=3, routed)           0.502     9.287    u_wb/defaultClockArea_cpu/DCachePlugin_dataRAMs_1/MEM_MEM2_DCachePlugin_fixUncacheFSM_stateReg_reg[0]
    SLICE_X39Y89         LUT5 (Prop_lut5_I4_O)        0.105     9.392 f  u_wb/defaultClockArea_cpu/DCachePlugin_dataRAMs_1/mem_i_66__7/O
                         net (fo=14, routed)          0.138     9.531    u_wb/defaultClockArea_cpu/DCachePlugin_dataRAMs_1_n_46
    SLICE_X39Y89         LUT2 (Prop_lut2_I1_O)        0.105     9.636 r  u_wb/defaultClockArea_cpu/MEM_ISS_to_MEM_RRD_ISSUE_SLOT_rRegs_0_payload[5]_i_1/O
                         net (fo=465, routed)         0.243     9.879    u_wb/defaultClockArea_cpu/when_Pipeline_l158_69
    SLICE_X39Y89         LUT5 (Prop_lut5_I4_O)        0.105     9.984 r  u_wb/defaultClockArea_cpu/MemIssueQueuePlugin_queue_4_payload_rRegs_1_valid_i_12/O
                         net (fo=44, routed)          0.343    10.327    u_wb/defaultClockArea_cpu/MemExecutePlugin_clrBusy_valid
    SLICE_X40Y89         LUT5 (Prop_lut5_I2_O)        0.105    10.432 r  u_wb/defaultClockArea_cpu/MulDivIssueQueuePlugin_queue_2_payload_rRegs_0_valid_i_23/O
                         net (fo=1, routed)           0.346    10.778    u_wb/defaultClockArea_cpu/MulDivIssueQueuePlugin_queue_2_payload_rRegs_0_valid_i_23_n_0
    SLICE_X41Y89         LUT6 (Prop_lut6_I0_O)        0.105    10.883 r  u_wb/defaultClockArea_cpu/MulDivIssueQueuePlugin_queue_2_payload_rRegs_0_valid_i_21/O
                         net (fo=1, routed)           0.630    11.514    u_wb/defaultClockArea_cpu/unsignedDivider_3/MemIssueQueuePlugin_queue_3_payload_rRegs_0_valid_i_6_2
    SLICE_X47Y95         LUT4 (Prop_lut4_I3_O)        0.105    11.619 f  u_wb/defaultClockArea_cpu/unsignedDivider_3/MulDivIssueQueuePlugin_queue_2_payload_rRegs_0_valid_i_10/O
                         net (fo=11, routed)          0.364    11.982    u_wb/defaultClockArea_cpu/unsignedDivider_3/MulDivIssueQueuePlugin_queue_2_payload_rRegs_0_valid_i_10_n_0
    SLICE_X47Y95         LUT3 (Prop_lut3_I0_O)        0.105    12.087 r  u_wb/defaultClockArea_cpu/unsignedDivider_3/IntIssueQueuePlugin_queue_6_payload_rRegs_0_valid_i_2/O
                         net (fo=5, routed)           0.383    12.470    u_wb/defaultClockArea_cpu/unsignedDivider_3/IntIssueQueuePlugin_queue_6_payload_rRegs_0_valid_i_2_n_0
    SLICE_X48Y96         LUT2 (Prop_lut2_I0_O)        0.105    12.575 r  u_wb/defaultClockArea_cpu/unsignedDivider_3/IntIssueQueuePlugin_queue_1_payload_rRegs_0_valid_i_13/O
                         net (fo=2, routed)           0.692    13.267    u_wb/defaultClockArea_cpu/unsignedDivider_3/IntIssueQueuePlugin_queue_1_payload_rRegs_0_valid_i_13_n_0
    SLICE_X48Y96         LUT6 (Prop_lut6_I0_O)        0.105    13.372 r  u_wb/defaultClockArea_cpu/unsignedDivider_3/IntIssueQueuePlugin_queue_1_payload_rRegs_0_valid_i_4/O
                         net (fo=3, routed)           0.840    14.212    u_wb/defaultClockArea_cpu/unsignedDivider_3/IntIssueQueuePlugin_queue_1_payload_rRegs_0_valid_i_4_n_0
    SLICE_X51Y96         LUT6 (Prop_lut6_I2_O)        0.105    14.317 r  u_wb/defaultClockArea_cpu/unsignedDivider_3/IntIssueQueuePlugin_queue_3_payload_rRegs_0_valid_i_1_comp/O
                         net (fo=1, routed)           0.000    14.317    u_wb/defaultClockArea_cpu/unsignedDivider_3_n_115
    SLICE_X51Y96         FDRE                                         r  u_wb/defaultClockArea_cpu/IntIssueQueuePlugin_queue_3_payload_rRegs_0_valid_reg/D
  -------------------------------------------------------------------    -------------------

                         (clock aclk rise edge)      10.000    10.000 r  
    G20                                               0.000    10.000 r  aclk (IN)
                         net (fo=0)                   0.000    10.000    aclk
    G20                  IBUF (Prop_ibuf_I_O)         0.766    10.766 r  aclk_IBUF_inst/O
                         net (fo=1, routed)           1.734    12.500    aclk_IBUF
    BUFGCTRL_X0Y16       BUFG (Prop_bufg_I_O)         0.077    12.577 r  aclk_IBUF_BUFG_inst/O
                         net (fo=17755, routed)       1.441    14.018    u_wb/defaultClockArea_cpu/aclk_IBUF_BUFG
    SLICE_X51Y96         FDRE                                         r  u_wb/defaultClockArea_cpu/IntIssueQueuePlugin_queue_3_payload_rRegs_0_valid_reg/C
                         clock pessimism              0.302    14.320    
                         clock uncertainty           -0.035    14.284    
    SLICE_X51Y96         FDRE (Setup_fdre_C_D)        0.032    14.316    u_wb/defaultClockArea_cpu/IntIssueQueuePlugin_queue_3_payload_rRegs_0_valid_reg
  -------------------------------------------------------------------
                         required time                         14.316    
                         arrival time                         -14.317    
  -------------------------------------------------------------------
                         slack                                 -0.001    

Slack (MET) :             0.004ns  (required time - arrival time)
  Source:                 u_wb/defaultClockArea_cpu/ROBFIFOPlugin_robInfo/pushPtr_reg[1]/C
                            (rising edge-triggered cell FDCE clocked by aclk  {rise@0.000ns fall@5.000ns period=10.000ns})
  Destination:            u_wb/defaultClockArea_cpu/ROBFIFOPlugin_robInfo/ram/io_read_rsp_0_uop_pc_reg[3]_rep/D
                            (rising edge-triggered cell FDRE clocked by aclk  {rise@0.000ns fall@5.000ns period=10.000ns})
  Path Group:             aclk
  Path Type:              Setup (Max at Slow Process Corner)
  Requirement:            10.000ns  (aclk rise@10.000ns - aclk rise@0.000ns)
  Data Path Delay:        9.884ns  (logic 2.037ns (20.610%)  route 7.847ns (79.390%))
  Logic Levels:           14  (LUT2=1 LUT5=6 LUT6=6 RAMD32=1)
  Clock Path Skew:        -0.045ns (DCD - SCD + CPR)
    Destination Clock Delay (DCD):    3.983ns = ( 13.983 - 10.000 ) 
    Source Clock Delay      (SCD):    4.330ns
    Clock Pessimism Removal (CPR):    0.302ns
  Clock Uncertainty:      0.035ns  ((TSJ^2 + TIJ^2)^1/2 + DJ) / 2 + PE
    Total System Jitter     (TSJ):    0.071ns
    Total Input Jitter      (TIJ):    0.000ns
    Discrete Jitter          (DJ):    0.000ns
    Phase Error              (PE):    0.000ns

    Location             Delay type                Incr(ns)  Path(ns)    Netlist Resource(s)
  -------------------------------------------------------------------    -------------------
                         (clock aclk rise edge)       0.000     0.000 r  
    G20                                               0.000     0.000 r  aclk (IN)
                         net (fo=0)                   0.000     0.000    aclk
    G20                  IBUF (Prop_ibuf_I_O)         0.897     0.897 r  aclk_IBUF_inst/O
                         net (fo=1, routed)           1.827     2.724    aclk_IBUF
    BUFGCTRL_X0Y16       BUFG (Prop_bufg_I_O)         0.081     2.805 r  aclk_IBUF_BUFG_inst/O
                         net (fo=17755, routed)       1.525     4.330    u_wb/defaultClockArea_cpu/ROBFIFOPlugin_robInfo/aclk_IBUF_BUFG
    SLICE_X79Y65         FDCE                                         r  u_wb/defaultClockArea_cpu/ROBFIFOPlugin_robInfo/pushPtr_reg[1]/C
  -------------------------------------------------------------------    -------------------
    SLICE_X79Y65         FDCE (Prop_fdce_C_Q)         0.379     4.709 r  u_wb/defaultClockArea_cpu/ROBFIFOPlugin_robInfo/pushPtr_reg[1]/Q
                         net (fo=167, routed)         0.750     5.459    u_wb/defaultClockArea_cpu/ROBFIFOPlugin_robInfo/ram/rams_1/io_read_rsp_0_uop_inst[31]_i_10[1]
    SLICE_X79Y66         LUT6 (Prop_lut6_I1_O)        0.105     5.564 f  u_wb/defaultClockArea_cpu/ROBFIFOPlugin_robInfo/ram/rams_1/mem_i_202/O
                         net (fo=2, routed)           0.325     5.889    u_wb/defaultClockArea_cpu/ROBFIFOPlugin_robInfo/ram/rams_2/mem_i_128__1_0
    SLICE_X79Y67         LUT6 (Prop_lut6_I0_O)        0.105     5.994 r  u_wb/defaultClockArea_cpu/ROBFIFOPlugin_robInfo/ram/rams_2/mem_i_156/O
                         net (fo=2, routed)           0.332     6.326    u_wb/defaultClockArea_cpu/ROBFIFOPlugin_robInfo/ram/rams_2/pushPtr_reg[3]
    SLICE_X79Y66         LUT6 (Prop_lut6_I0_O)        0.105     6.431 f  u_wb/defaultClockArea_cpu/ROBFIFOPlugin_robInfo/ram/rams_2/ExceptionHandlerPlugin_ESTAT_ECODE[5]_i_5/O
                         net (fo=5, routed)           0.372     6.803    u_wb/defaultClockArea_cpu/ROBFIFOPlugin_robInfo/ram_n_2243
    SLICE_X78Y68         LUT5 (Prop_lut5_I4_O)        0.105     6.908 f  u_wb/defaultClockArea_cpu/ROBFIFOPlugin_robInfo/ExceptionHandlerPlugin_ESTAT_ECODE[5]_i_3/O
                         net (fo=9, routed)           0.413     7.321    u_wb/defaultClockArea_cpu/ROBFIFOPlugin_robInfo/ram/defaultClockArea_cpu_ROBFIFOPlugin_debug_fifoIO_pop_0_valid
    SLICE_X80Y68         LUT5 (Prop_lut5_I1_O)        0.105     7.426 r  u_wb/defaultClockArea_cpu/ROBFIFOPlugin_robInfo/ram/CommitPlugin_port0Commit_uncachedProcess_fsm_stateReg[0]_i_4/O
                         net (fo=3, routed)           0.376     7.802    u_wb/defaultClockArea_cpu/ROBFIFOPlugin_robInfo/ram/rams_2/debug0_wb_pc_OBUF[31]_inst_i_7_5
    SLICE_X78Y70         LUT5 (Prop_lut5_I0_O)        0.105     7.907 f  u_wb/defaultClockArea_cpu/ROBFIFOPlugin_robInfo/ram/rams_2/debug0_wb_pc_OBUF[31]_inst_i_11/O
                         net (fo=1, routed)           0.325     8.232    u_wb/defaultClockArea_cpu/ROBFIFOPlugin_robInfo/ram/rams_2/debug0_wb_pc_OBUF[31]_inst_i_11_n_0
    SLICE_X79Y72         LUT5 (Prop_lut5_I4_O)        0.105     8.337 r  u_wb/defaultClockArea_cpu/ROBFIFOPlugin_robInfo/ram/rams_2/debug0_wb_pc_OBUF[31]_inst_i_7/O
                         net (fo=6, routed)           0.502     8.839    u_wb/defaultClockArea_cpu/ROBFIFOPlugin_robInfo/ram/rams_2/defaultClockArea_cpu_ROBFIFOPlugin_debug_fifoIO_pop_1_ready
    SLICE_X86Y71         LUT5 (Prop_lut5_I0_O)        0.105     8.944 r  u_wb/defaultClockArea_cpu/ROBFIFOPlugin_robInfo/ram/rams_2/debug0_wb_pc_OBUF[31]_inst_i_9/O
                         net (fo=4, routed)           0.344     9.288    u_wb/defaultClockArea_cpu/ROBFIFOPlugin_robInfo/ram/rams_2/defaultClockArea_cpu_ROBFIFOPlugin_debug_fifoIO_pop_2_ready
    SLICE_X86Y69         LUT6 (Prop_lut6_I4_O)        0.105     9.393 r  u_wb/defaultClockArea_cpu/ROBFIFOPlugin_robInfo/ram/rams_2/mem_i_132__1/O
                         net (fo=37, routed)          0.622    10.015    u_wb/defaultClockArea_cpu/ROBFIFOPlugin_robInfo/ram/rams_2/ROBFIFOPlugin_robInfo_popCount[0]
    SLICE_X90Y68         LUT5 (Prop_lut5_I2_O)        0.105    10.120 r  u_wb/defaultClockArea_cpu/ROBFIFOPlugin_robInfo/ram/rams_2/mem_i_124__2/O
                         net (fo=125, routed)         0.701    10.821    u_wb/defaultClockArea_cpu/ROBFIFOPlugin_robInfo/ram/rams_0/ram_io_read_cmd_payload[0]
    SLICE_X89Y70         LUT2 (Prop_lut2_I0_O)        0.124    10.945 r  u_wb/defaultClockArea_cpu/ROBFIFOPlugin_robInfo/ram/rams_0/mem_i_127/O
                         net (fo=120, routed)         1.331    12.277    u_wb/defaultClockArea_cpu/ROBFIFOPlugin_robInfo/ram/rams_0/mem/xpm_memory_base_inst/gen_wr_a.gen_word_narrow.mem_reg_0_7_0_5/ADDRB0
    SLICE_X88Y59         RAMD32 (Prop_ramd32_RADR0_O)
                                                      0.274    12.551 r  u_wb/defaultClockArea_cpu/ROBFIFOPlugin_robInfo/ram/rams_0/mem/xpm_memory_base_inst/gen_wr_a.gen_word_narrow.mem_reg_0_7_0_5/RAMB_D1/O
                         net (fo=3, routed)           0.495    13.046    u_wb/defaultClockArea_cpu/ROBFIFOPlugin_robInfo/ram/rams_0/mem_n_120
    SLICE_X86Y62         LUT6 (Prop_lut6_I0_O)        0.105    13.151 r  u_wb/defaultClockArea_cpu/ROBFIFOPlugin_robInfo/ram/rams_0/io_read_rsp_0_uop_pc[3]_i_4/O
                         net (fo=4, routed)           0.594    13.744    u_wb/defaultClockArea_cpu/ROBFIFOPlugin_robInfo/ram/rams_2/io_read_rsp_0_uop_pc_reg[3]
    SLICE_X83Y64         LUT6 (Prop_lut6_I4_O)        0.105    13.849 r  u_wb/defaultClockArea_cpu/ROBFIFOPlugin_robInfo/ram/rams_2/io_read_rsp_0_uop_pc[3]_rep_i_1/O
                         net (fo=1, routed)           0.364    14.213    u_wb/defaultClockArea_cpu/ROBFIFOPlugin_robInfo/ram/rams_2_n_359
    SLICE_X83Y63         FDRE                                         r  u_wb/defaultClockArea_cpu/ROBFIFOPlugin_robInfo/ram/io_read_rsp_0_uop_pc_reg[3]_rep/D
  -------------------------------------------------------------------    -------------------

                         (clock aclk rise edge)      10.000    10.000 r  
    G20                                               0.000    10.000 r  aclk (IN)
                         net (fo=0)                   0.000    10.000    aclk
    G20                  IBUF (Prop_ibuf_I_O)         0.766    10.766 r  aclk_IBUF_inst/O
                         net (fo=1, routed)           1.734    12.500    aclk_IBUF
    BUFGCTRL_X0Y16       BUFG (Prop_bufg_I_O)         0.077    12.577 r  aclk_IBUF_BUFG_inst/O
                         net (fo=17755, routed)       1.406    13.983    u_wb/defaultClockArea_cpu/ROBFIFOPlugin_robInfo/ram/aclk_IBUF_BUFG
    SLICE_X83Y63         FDRE                                         r  u_wb/defaultClockArea_cpu/ROBFIFOPlugin_robInfo/ram/io_read_rsp_0_uop_pc_reg[3]_rep/C
                         clock pessimism              0.302    14.285    
                         clock uncertainty           -0.035    14.249    
    SLICE_X83Y63         FDRE (Setup_fdre_C_D)       -0.032    14.217    u_wb/defaultClockArea_cpu/ROBFIFOPlugin_robInfo/ram/io_read_rsp_0_uop_pc_reg[3]_rep
  -------------------------------------------------------------------
                         required time                         14.217    
                         arrival time                         -14.213    
  -------------------------------------------------------------------
                         slack                                  0.004    

Slack (MET) :             0.004ns  (required time - arrival time)
  Source:                 u_wb/defaultClockArea_cpu/ROBFIFOPlugin_robInfo/pushPtr_reg[1]/C
                            (rising edge-triggered cell FDCE clocked by aclk  {rise@0.000ns fall@5.000ns period=10.000ns})
  Destination:            u_wb/defaultClockArea_cpu/GlobalPredictorBTBPlugin_predictor/tournamentPht/rams_1/mem/xpm_memory_base_inst/gen_wr_a.gen_word_narrow.mem_reg/ADDRBWRADDR[13]
                            (rising edge-triggered cell RAMB18E1 clocked by aclk  {rise@0.000ns fall@5.000ns period=10.000ns})
  Path Group:             aclk
  Path Type:              Setup (Max at Slow Process Corner)
  Requirement:            10.000ns  (aclk rise@10.000ns - aclk rise@0.000ns)
  Data Path Delay:        9.487ns  (logic 2.014ns (21.229%)  route 7.473ns (78.771%))
  Logic Levels:           14  (LUT2=1 LUT3=1 LUT4=1 LUT5=5 LUT6=6)
  Clock Path Skew:        0.017ns (DCD - SCD + CPR)
    Destination Clock Delay (DCD):    4.045ns = ( 14.045 - 10.000 ) 
    Source Clock Delay      (SCD):    4.330ns
    Clock Pessimism Removal (CPR):    0.302ns
  Clock Uncertainty:      0.035ns  ((TSJ^2 + TIJ^2)^1/2 + DJ) / 2 + PE
    Total System Jitter     (TSJ):    0.071ns
    Total Input Jitter      (TIJ):    0.000ns
    Discrete Jitter          (DJ):    0.000ns
    Phase Error              (PE):    0.000ns

    Location             Delay type                Incr(ns)  Path(ns)    Netlist Resource(s)
  -------------------------------------------------------------------    -------------------
                         (clock aclk rise edge)       0.000     0.000 r  
    G20                                               0.000     0.000 r  aclk (IN)
                         net (fo=0)                   0.000     0.000    aclk
    G20                  IBUF (Prop_ibuf_I_O)         0.897     0.897 r  aclk_IBUF_inst/O
                         net (fo=1, routed)           1.827     2.724    aclk_IBUF
    BUFGCTRL_X0Y16       BUFG (Prop_bufg_I_O)         0.081     2.805 r  aclk_IBUF_BUFG_inst/O
                         net (fo=17755, routed)       1.525     4.330    u_wb/defaultClockArea_cpu/ROBFIFOPlugin_robInfo/aclk_IBUF_BUFG
    SLICE_X79Y65         FDCE                                         r  u_wb/defaultClockArea_cpu/ROBFIFOPlugin_robInfo/pushPtr_reg[1]/C
  -------------------------------------------------------------------    -------------------
    SLICE_X79Y65         FDCE (Prop_fdce_C_Q)         0.379     4.709 r  u_wb/defaultClockArea_cpu/ROBFIFOPlugin_robInfo/pushPtr_reg[1]/Q
                         net (fo=167, routed)         0.750     5.459    u_wb/defaultClockArea_cpu/ROBFIFOPlugin_robInfo/ram/rams_1/io_read_rsp_0_uop_inst[31]_i_10[1]
    SLICE_X79Y66         LUT6 (Prop_lut6_I1_O)        0.105     5.564 f  u_wb/defaultClockArea_cpu/ROBFIFOPlugin_robInfo/ram/rams_1/mem_i_202/O
                         net (fo=2, routed)           0.325     5.889    u_wb/defaultClockArea_cpu/ROBFIFOPlugin_robInfo/ram/rams_2/mem_i_128__1_0
    SLICE_X79Y67         LUT6 (Prop_lut6_I0_O)        0.105     5.994 r  u_wb/defaultClockArea_cpu/ROBFIFOPlugin_robInfo/ram/rams_2/mem_i_156/O
                         net (fo=2, routed)           0.332     6.326    u_wb/defaultClockArea_cpu/ROBFIFOPlugin_robInfo/ram/rams_2/pushPtr_reg[3]
    SLICE_X79Y66         LUT6 (Prop_lut6_I0_O)        0.105     6.431 f  u_wb/defaultClockArea_cpu/ROBFIFOPlugin_robInfo/ram/rams_2/ExceptionHandlerPlugin_ESTAT_ECODE[5]_i_5/O
                         net (fo=5, routed)           0.372     6.803    u_wb/defaultClockArea_cpu/ROBFIFOPlugin_robInfo/ram_n_2243
    SLICE_X78Y68         LUT5 (Prop_lut5_I4_O)        0.105     6.908 f  u_wb/defaultClockArea_cpu/ROBFIFOPlugin_robInfo/ExceptionHandlerPlugin_ESTAT_ECODE[5]_i_3/O
                         net (fo=9, routed)           0.413     7.321    u_wb/defaultClockArea_cpu/ROBFIFOPlugin_robInfo/ram/defaultClockArea_cpu_ROBFIFOPlugin_debug_fifoIO_pop_0_valid
    SLICE_X80Y68         LUT5 (Prop_lut5_I1_O)        0.105     7.426 r  u_wb/defaultClockArea_cpu/ROBFIFOPlugin_robInfo/ram/CommitPlugin_port0Commit_uncachedProcess_fsm_stateReg[0]_i_4/O
                         net (fo=3, routed)           0.350     7.777    u_wb/defaultClockArea_cpu/ROBFIFOPlugin_robInfo/ram/CommitPlugin_port0Commit_uncachedProcess_fsm_stateReg[0]_i_4_n_0
    SLICE_X79Y68         LUT4 (Prop_lut4_I3_O)        0.105     7.882 f  u_wb/defaultClockArea_cpu/ROBFIFOPlugin_robInfo/ram/CommitPlugin_port0Commit_uncachedProcess_fsm_stateReg[0]_i_2/O
                         net (fo=6, routed)           0.234     8.116    u_wb/defaultClockArea_cpu/ROBFIFOPlugin_robInfo/ram/CommitPlugin_port0Commit_uncachedProcess_fsm_stateNext[0]
    SLICE_X79Y68         LUT6 (Prop_lut6_I4_O)        0.105     8.221 f  u_wb/defaultClockArea_cpu/ROBFIFOPlugin_robInfo/ram/ExceptionHandlerPlugin_ERA_PC[31]_i_4/O
                         net (fo=141, routed)         0.483     8.703    u_wb/defaultClockArea_cpu/ROBFIFOPlugin_robInfo/ram/ExceptionHandlerPlugin_ERA_PC[31]_i_4_n_0
    SLICE_X80Y64         LUT2 (Prop_lut2_I0_O)        0.105     8.808 r  u_wb/defaultClockArea_cpu/ROBFIFOPlugin_robInfo/ram/ExceptionHandlerPlugin_LLBCTL_KLO_i_2/O
                         net (fo=39, routed)          0.453     9.262    u_wb/defaultClockArea_cpu/ROBFIFOPlugin_robInfo/ram/ExceptionHandlerPlugin_LLBCTL_KLO_i_2_n_0
    SLICE_X82Y61         LUT6 (Prop_lut6_I1_O)        0.105     9.367 f  u_wb/defaultClockArea_cpu/ROBFIFOPlugin_robInfo/ram/ProgramCounterPlugin_backendJumpInterface_rData[12]_i_2/O
                         net (fo=1, routed)           0.334     9.701    u_wb/defaultClockArea_cpu/ROBFIFOPlugin_robInfo/ram/ProgramCounterPlugin_backendJumpInterface_rData[12]_i_2_n_0
    SLICE_X82Y62         LUT5 (Prop_lut5_I4_O)        0.105     9.806 f  u_wb/defaultClockArea_cpu/ROBFIFOPlugin_robInfo/ram/ProgramCounterPlugin_backendJumpInterface_rData[12]_i_1/O
                         net (fo=2, routed)           0.703    10.508    u_wb/defaultClockArea_cpu/ROBFIFOPlugin_robInfo/ram/ExceptionHandlerPlugin_EENTRY_VA_reg[25][12]
    SLICE_X75Y59         LUT3 (Prop_lut3_I2_O)        0.108    10.616 f  u_wb/defaultClockArea_cpu/ROBFIFOPlugin_robInfo/ram/mem_i_11__14/O
                         net (fo=1, routed)           0.489    11.106    u_wb/defaultClockArea_cpu/ROBFIFOPlugin_robInfo/ram/mem_i_11__14_n_0
    SLICE_X72Y57         LUT5 (Prop_lut5_I4_O)        0.267    11.373 f  u_wb/defaultClockArea_cpu/ROBFIFOPlugin_robInfo/ram/mem_i_6__14/O
                         net (fo=8, routed)           0.845    12.218    u_wb/defaultClockArea_cpu/ROBFIFOPlugin_robInfo/ram/IF1_to_IF2_PREDICT_JUMP_PAYLOAD_target_reg[29][2]
    SLICE_X70Y55         LUT5 (Prop_lut5_I1_O)        0.105    12.323 r  u_wb/defaultClockArea_cpu/ROBFIFOPlugin_robInfo/ram/mem_i_30__3_comp/O
                         net (fo=1, routed)           0.453    12.776    u_wb/defaultClockArea_cpu/ROBFIFOPlugin_robInfo/ram/mem_i_30__3_n_0_repN
    SLICE_X66Y55         LUT6 (Prop_lut6_I5_O)        0.105    12.881 r  u_wb/defaultClockArea_cpu/ROBFIFOPlugin_robInfo/ram/mem_i_15__5_comp/O
                         net (fo=1, routed)           0.936    13.817    u_wb/defaultClockArea_cpu/GlobalPredictorBTBPlugin_predictor/tournamentPht/rams_1/mem/xpm_memory_base_inst/addrb[9]
    RAMB18_X3Y26         RAMB18E1                                     r  u_wb/defaultClockArea_cpu/GlobalPredictorBTBPlugin_predictor/tournamentPht/rams_1/mem/xpm_memory_base_inst/gen_wr_a.gen_word_narrow.mem_reg/ADDRBWRADDR[13]
  -------------------------------------------------------------------    -------------------

                         (clock aclk rise edge)      10.000    10.000 r  
    G20                                               0.000    10.000 r  aclk (IN)
                         net (fo=0)                   0.000    10.000    aclk
    G20                  IBUF (Prop_ibuf_I_O)         0.766    10.766 r  aclk_IBUF_inst/O
                         net (fo=1, routed)           1.734    12.500    aclk_IBUF
    BUFGCTRL_X0Y16       BUFG (Prop_bufg_I_O)         0.077    12.577 r  aclk_IBUF_BUFG_inst/O
                         net (fo=17755, routed)       1.468    14.045    u_wb/defaultClockArea_cpu/GlobalPredictorBTBPlugin_predictor/tournamentPht/rams_1/mem/xpm_memory_base_inst/clka
    RAMB18_X3Y26         RAMB18E1                                     r  u_wb/defaultClockArea_cpu/GlobalPredictorBTBPlugin_predictor/tournamentPht/rams_1/mem/xpm_memory_base_inst/gen_wr_a.gen_word_narrow.mem_reg/CLKBWRCLK
                         clock pessimism              0.302    14.347    
                         clock uncertainty           -0.035    14.311    
    RAMB18_X3Y26         RAMB18E1 (Setup_ramb18e1_CLKBWRCLK_ADDRBWRADDR[13])
                                                     -0.490    13.821    u_wb/defaultClockArea_cpu/GlobalPredictorBTBPlugin_predictor/tournamentPht/rams_1/mem/xpm_memory_base_inst/gen_wr_a.gen_word_narrow.mem_reg
  -------------------------------------------------------------------
                         required time                         13.821    
                         arrival time                         -13.817    
  -------------------------------------------------------------------
                         slack                                  0.004    

Slack (MET) :             0.020ns  (required time - arrival time)
  Source:                 u_wb/defaultClockArea_cpu/ROBFIFOPlugin_robInfo/pushPtr_reg[1]/C
                            (rising edge-triggered cell FDCE clocked by aclk  {rise@0.000ns fall@5.000ns period=10.000ns})
  Destination:            u_wb/defaultClockArea_cpu/MMUPlugin_TLBTable_0_E_reg/D
                            (rising edge-triggered cell FDCE clocked by aclk  {rise@0.000ns fall@5.000ns period=10.000ns})
  Path Group:             aclk
  Path Type:              Setup (Max at Slow Process Corner)
  Requirement:            10.000ns  (aclk rise@10.000ns - aclk rise@0.000ns)
  Data Path Delay:        9.923ns  (logic 2.153ns (21.698%)  route 7.770ns (78.302%))
  Logic Levels:           12  (CARRY4=1 LUT2=1 LUT4=1 LUT5=3 LUT6=6)
  Clock Path Skew:        -0.052ns (DCD - SCD + CPR)
    Destination Clock Delay (DCD):    4.036ns = ( 14.036 - 10.000 ) 
    Source Clock Delay      (SCD):    4.330ns
    Clock Pessimism Removal (CPR):    0.242ns
  Clock Uncertainty:      0.035ns  ((TSJ^2 + TIJ^2)^1/2 + DJ) / 2 + PE
    Total System Jitter     (TSJ):    0.071ns
    Total Input Jitter      (TIJ):    0.000ns
    Discrete Jitter          (DJ):    0.000ns
    Phase Error              (PE):    0.000ns

    Location             Delay type                Incr(ns)  Path(ns)    Netlist Resource(s)
  -------------------------------------------------------------------    -------------------
                         (clock aclk rise edge)       0.000     0.000 r  
    G20                                               0.000     0.000 r  aclk (IN)
                         net (fo=0)                   0.000     0.000    aclk
    G20                  IBUF (Prop_ibuf_I_O)         0.897     0.897 r  aclk_IBUF_inst/O
                         net (fo=1, routed)           1.827     2.724    aclk_IBUF
    BUFGCTRL_X0Y16       BUFG (Prop_bufg_I_O)         0.081     2.805 r  aclk_IBUF_BUFG_inst/O
                         net (fo=17755, routed)       1.525     4.330    u_wb/defaultClockArea_cpu/ROBFIFOPlugin_robInfo/aclk_IBUF_BUFG
    SLICE_X79Y65         FDCE                                         r  u_wb/defaultClockArea_cpu/ROBFIFOPlugin_robInfo/pushPtr_reg[1]/C
  -------------------------------------------------------------------    -------------------
    SLICE_X79Y65         FDCE (Prop_fdce_C_Q)         0.379     4.709 r  u_wb/defaultClockArea_cpu/ROBFIFOPlugin_robInfo/pushPtr_reg[1]/Q
                         net (fo=167, routed)         0.750     5.459    u_wb/defaultClockArea_cpu/ROBFIFOPlugin_robInfo/ram/rams_1/io_read_rsp_0_uop_inst[31]_i_10[1]
    SLICE_X79Y66         LUT6 (Prop_lut6_I1_O)        0.105     5.564 f  u_wb/defaultClockArea_cpu/ROBFIFOPlugin_robInfo/ram/rams_1/mem_i_202/O
                         net (fo=2, routed)           0.325     5.889    u_wb/defaultClockArea_cpu/ROBFIFOPlugin_robInfo/ram/rams_2/mem_i_128__1_0
    SLICE_X79Y67         LUT6 (Prop_lut6_I0_O)        0.105     5.994 r  u_wb/defaultClockArea_cpu/ROBFIFOPlugin_robInfo/ram/rams_2/mem_i_156/O
                         net (fo=2, routed)           0.332     6.326    u_wb/defaultClockArea_cpu/ROBFIFOPlugin_robInfo/ram/rams_2/pushPtr_reg[3]
    SLICE_X79Y66         LUT6 (Prop_lut6_I0_O)        0.105     6.431 f  u_wb/defaultClockArea_cpu/ROBFIFOPlugin_robInfo/ram/rams_2/ExceptionHandlerPlugin_ESTAT_ECODE[5]_i_5/O
                         net (fo=5, routed)           0.372     6.803    u_wb/defaultClockArea_cpu/ROBFIFOPlugin_robInfo/ram_n_2243
    SLICE_X78Y68         LUT5 (Prop_lut5_I4_O)        0.105     6.908 f  u_wb/defaultClockArea_cpu/ROBFIFOPlugin_robInfo/ExceptionHandlerPlugin_ESTAT_ECODE[5]_i_3/O
                         net (fo=9, routed)           0.413     7.321    u_wb/defaultClockArea_cpu/ROBFIFOPlugin_robInfo/ram/defaultClockArea_cpu_ROBFIFOPlugin_debug_fifoIO_pop_0_valid
    SLICE_X80Y68         LUT5 (Prop_lut5_I1_O)        0.105     7.426 r  u_wb/defaultClockArea_cpu/ROBFIFOPlugin_robInfo/ram/CommitPlugin_port0Commit_uncachedProcess_fsm_stateReg[0]_i_4/O
                         net (fo=3, routed)           0.350     7.777    u_wb/defaultClockArea_cpu/ROBFIFOPlugin_robInfo/ram/CommitPlugin_port0Commit_uncachedProcess_fsm_stateReg[0]_i_4_n_0
    SLICE_X79Y68         LUT4 (Prop_lut4_I3_O)        0.105     7.882 f  u_wb/defaultClockArea_cpu/ROBFIFOPlugin_robInfo/ram/CommitPlugin_port0Commit_uncachedProcess_fsm_stateReg[0]_i_2/O
                         net (fo=6, routed)           0.234     8.116    u_wb/defaultClockArea_cpu/ROBFIFOPlugin_robInfo/ram/CommitPlugin_port0Commit_uncachedProcess_fsm_stateNext[0]
    SLICE_X79Y68         LUT6 (Prop_lut6_I4_O)        0.105     8.221 f  u_wb/defaultClockArea_cpu/ROBFIFOPlugin_robInfo/ram/ExceptionHandlerPlugin_ERA_PC[31]_i_4/O
                         net (fo=141, routed)         2.849    11.069    u_wb/defaultClockArea_cpu/ROBFIFOPlugin_robInfo/ram/ExceptionHandlerPlugin_ERA_PC[31]_i_4_n_0
    SLICE_X122Y100       LUT2 (Prop_lut2_I0_O)        0.121    11.190 r  u_wb/defaultClockArea_cpu/ROBFIFOPlugin_robInfo/ram/MMUPlugin_TLBTable_0_E_i_30/O
                         net (fo=16, routed)          0.764    11.954    u_wb/defaultClockArea_cpu/ROBFIFOPlugin_robInfo/ram/MMUPlugin_TLBTable_0_E_i_30_n_0
    SLICE_X126Y98        LUT6 (Prop_lut6_I0_O)        0.268    12.222 r  u_wb/defaultClockArea_cpu/ROBFIFOPlugin_robInfo/ram/MMUPlugin_TLBTable_0_E_i_16/O
                         net (fo=1, routed)           0.000    12.222    u_wb/defaultClockArea_cpu/ROBFIFOPlugin_robInfo/ram/MMUPlugin_TLBTable_0_E_i_16_n_0
    SLICE_X126Y98        CARRY4 (Prop_carry4_S[0]_CO[3])
                                                      0.440    12.662 r  u_wb/defaultClockArea_cpu/ROBFIFOPlugin_robInfo/ram/MMUPlugin_TLBTable_0_E_reg_i_8/CO[3]
                         net (fo=1, routed)           0.902    13.564    u_wb/defaultClockArea_cpu/ROBFIFOPlugin_robInfo/ram/_zz_312
    SLICE_X133Y90        LUT6 (Prop_lut6_I5_O)        0.105    13.669 r  u_wb/defaultClockArea_cpu/ROBFIFOPlugin_robInfo/ram/MMUPlugin_TLBTable_0_E_i_3/O
                         net (fo=1, routed)           0.478    14.147    u_wb/defaultClockArea_cpu/ROBFIFOPlugin_robInfo/ram/MMUPlugin_TLBTable_0_E_i_3_n_0
    SLICE_X133Y97        LUT5 (Prop_lut5_I2_O)        0.105    14.252 r  u_wb/defaultClockArea_cpu/ROBFIFOPlugin_robInfo/ram/MMUPlugin_TLBTable_0_E_i_1/O
                         net (fo=1, routed)           0.000    14.252    u_wb/defaultClockArea_cpu/ROBFIFOPlugin_robInfo_n_940
    SLICE_X133Y97        FDCE                                         r  u_wb/defaultClockArea_cpu/MMUPlugin_TLBTable_0_E_reg/D
  -------------------------------------------------------------------    -------------------

                         (clock aclk rise edge)      10.000    10.000 r  
    G20                                               0.000    10.000 r  aclk (IN)
                         net (fo=0)                   0.000    10.000    aclk
    G20                  IBUF (Prop_ibuf_I_O)         0.766    10.766 r  aclk_IBUF_inst/O
                         net (fo=1, routed)           1.734    12.500    aclk_IBUF
    BUFGCTRL_X0Y16       BUFG (Prop_bufg_I_O)         0.077    12.577 r  aclk_IBUF_BUFG_inst/O
                         net (fo=17755, routed)       1.459    14.036    u_wb/defaultClockArea_cpu/aclk_IBUF_BUFG
    SLICE_X133Y97        FDCE                                         r  u_wb/defaultClockArea_cpu/MMUPlugin_TLBTable_0_E_reg/C
                         clock pessimism              0.242    14.278    
                         clock uncertainty           -0.035    14.242    
    SLICE_X133Y97        FDCE (Setup_fdce_C_D)        0.030    14.272    u_wb/defaultClockArea_cpu/MMUPlugin_TLBTable_0_E_reg
  -------------------------------------------------------------------
                         required time                         14.272    
                         arrival time                         -14.252    
  -------------------------------------------------------------------
                         slack                                  0.020    





Pulse Width Checks
--------------------------------------------------------------------------------------
Clock Name:         aclk
Waveform(ns):       { 0.000 5.000 }
Period(ns):         10.000
Sources:            { aclk }

Check Type        Corner  Lib Pin             Reference Pin  Required(ns)  Actual(ns)  Slack(ns)  Location      Pin
Min Period        n/a     DSP48E1/CLK         n/a            3.109         10.000      6.891      DSP48_X2Y47   core_top/wb_raw_top/MyCPUCore/multiplier/<hidden>/<hidden>/<hidden>
Min Period        n/a     RAMB36E1/CLKARDCLK  n/a            2.472         10.000      7.528      RAMB36_X0Y13  u_wb/defaultClockArea_axiBuffer/fifo/xpm_fifo_base_inst/gen_sdpram.xpm_memory_base_inst/gen_wr_a.gen_word_narrow.mem_reg_0/CLKARDCLK
Min Period        n/a     RAMB36E1/CLKARDCLK  n/a            2.472         10.000      7.528      RAMB36_X0Y11  u_wb/defaultClockArea_axiBuffer/fifo/xpm_fifo_base_inst/gen_sdpram.xpm_memory_base_inst/gen_wr_a.gen_word_narrow.mem_reg_1/CLKARDCLK
Min Period        n/a     RAMB18E1/CLKARDCLK  n/a            2.472         10.000      7.528      RAMB18_X0Y24  u_wb/defaultClockArea_axiBuffer/fifo/xpm_fifo_base_inst/gen_sdpram.xpm_memory_base_inst/gen_wr_a.gen_word_narrow.mem_reg_2/CLKARDCLK
Min Period        n/a     RAMB36E1/CLKARDCLK  n/a            2.472         10.000      7.528      RAMB36_X1Y14  u_wb/defaultClockArea_cpu/DCachePlugin_dataRAMs_0/mem/xpm_memory_base_inst/gen_wr_a.gen_byte_narrow.for_mem_cols[1].mem_reg/CLKARDCLK
Min Period        n/a     RAMB36E1/CLKARDCLK  n/a            2.472         10.000      7.528      RAMB36_X1Y13  u_wb/defaultClockArea_cpu/DCachePlugin_dataRAMs_1/mem/xpm_memory_base_inst/gen_wr_a.gen_byte_narrow.for_mem_cols[1].mem_reg/CLKARDCLK
Min Period        n/a     RAMB36E1/CLKARDCLK  n/a            2.472         10.000      7.528      RAMB36_X1Y15  u_wb/defaultClockArea_cpu/DCachePlugin_infoRAM/mem/xpm_memory_base_inst/gen_wr_a.gen_word_narrow.mem_reg/CLKARDCLK
Min Period        n/a     RAMB36E1/CLKBWRCLK  n/a            2.472         10.000      7.528      RAMB36_X1Y15  u_wb/defaultClockArea_cpu/DCachePlugin_infoRAM/mem/xpm_memory_base_inst/gen_wr_a.gen_word_narrow.mem_reg/CLKBWRCLK
Min Period        n/a     RAMB36E1/CLKARDCLK  n/a            2.472         10.000      7.528      RAMB36_X4Y10  u_wb/defaultClockArea_cpu/GlobalPredictorBTBPlugin_btb/rams_0/mem/xpm_memory_base_inst/gen_wr_a.gen_word_narrow.mem_reg/CLKARDCLK
Min Period        n/a     RAMB36E1/CLKBWRCLK  n/a            2.472         10.000      7.528      RAMB36_X4Y10  u_wb/defaultClockArea_cpu/GlobalPredictorBTBPlugin_btb/rams_0/mem/xpm_memory_base_inst/gen_wr_a.gen_word_narrow.mem_reg/CLKBWRCLK
Min Period        n/a     RAMB36E1/CLKARDCLK  n/a            2.472         10.000      7.528      RAMB36_X5Y11  u_wb/defaultClockArea_cpu/GlobalPredictorBTBPlugin_btb/rams_1/mem/xpm_memory_base_inst/gen_wr_a.gen_word_narrow.mem_reg/CLKARDCLK
Min Period        n/a     RAMB36E1/CLKBWRCLK  n/a            2.472         10.000      7.528      RAMB36_X5Y11  u_wb/defaultClockArea_cpu/GlobalPredictorBTBPlugin_btb/rams_1/mem/xpm_memory_base_inst/gen_wr_a.gen_word_narrow.mem_reg/CLKBWRCLK
Min Period        n/a     RAMB36E1/CLKARDCLK  n/a            2.472         10.000      7.528      RAMB36_X3Y10  u_wb/defaultClockArea_cpu/GlobalPredictorBTBPlugin_btb/rams_2/mem/xpm_memory_base_inst/gen_wr_a.gen_word_narrow.mem_reg/CLKARDCLK
Min Period        n/a     RAMB36E1/CLKBWRCLK  n/a            2.472         10.000      7.528      RAMB36_X3Y10  u_wb/defaultClockArea_cpu/GlobalPredictorBTBPlugin_btb/rams_2/mem/xpm_memory_base_inst/gen_wr_a.gen_word_narrow.mem_reg/CLKBWRCLK
Min Period        n/a     RAMB36E1/CLKARDCLK  n/a            2.472         10.000      7.528      RAMB36_X3Y12  u_wb/defaultClockArea_cpu/GlobalPredictorBTBPlugin_btb/rams_3/mem/xpm_memory_base_inst/gen_wr_a.gen_word_narrow.mem_reg/CLKARDCLK
Min Period        n/a     RAMB36E1/CLKBWRCLK  n/a            2.472         10.000      7.528      RAMB36_X3Y12  u_wb/defaultClockArea_cpu/GlobalPredictorBTBPlugin_btb/rams_3/mem/xpm_memory_base_inst/gen_wr_a.gen_word_narrow.mem_reg/CLKBWRCLK
Min Period        n/a     RAMB18E1/CLKARDCLK  n/a            2.472         10.000      7.528      RAMB18_X4Y24  u_wb/defaultClockArea_cpu/GlobalPredictorBTBPlugin_predictor/pht/rams_0/mem/xpm_memory_base_inst/gen_wr_a.gen_word_narrow.mem_reg/CLKARDCLK
Min Period        n/a     RAMB18E1/CLKARDCLK  n/a            2.472         10.000      7.528      RAMB18_X4Y22  u_wb/defaultClockArea_cpu/GlobalPredictorBTBPlugin_predictor/pht/rams_1/mem/xpm_memory_base_inst/gen_wr_a.gen_word_narrow.mem_reg/CLKARDCLK
Min Period        n/a     RAMB18E1/CLKARDCLK  n/a            2.472         10.000      7.528      RAMB18_X3Y22  u_wb/defaultClockArea_cpu/GlobalPredictorBTBPlugin_predictor/pht/rams_2/mem/xpm_memory_base_inst/gen_wr_a.gen_word_narrow.mem_reg/CLKARDCLK
Min Period        n/a     RAMB18E1/CLKARDCLK  n/a            2.472         10.000      7.528      RAMB18_X3Y27  u_wb/defaultClockArea_cpu/GlobalPredictorBTBPlugin_predictor/pht/rams_3/mem/xpm_memory_base_inst/gen_wr_a.gen_word_narrow.mem_reg/CLKARDCLK
Low Pulse Width   Slow    RAMD32/CLK          n/a            1.130         5.000       3.870      SLICE_X88Y59  u_wb/defaultClockArea_cpu/ROBFIFOPlugin_robInfo/ram/rams_0/mem/xpm_memory_base_inst/gen_wr_a.gen_word_narrow.mem_reg_0_7_0_5/RAMA/CLK
Low Pulse Width   Fast    RAMD32/CLK          n/a            1.130         5.000       3.870      SLICE_X88Y59  u_wb/defaultClockArea_cpu/ROBFIFOPlugin_robInfo/ram/rams_0/mem/xpm_memory_base_inst/gen_wr_a.gen_word_narrow.mem_reg_0_7_0_5/RAMA/CLK
Low Pulse Width   Slow    RAMD32/CLK          n/a            1.130         5.000       3.870      SLICE_X88Y59  u_wb/defaultClockArea_cpu/ROBFIFOPlugin_robInfo/ram/rams_0/mem/xpm_memory_base_inst/gen_wr_a.gen_word_narrow.mem_reg_0_7_0_5/RAMA_D1/CLK
Low Pulse Width   Fast    RAMD32/CLK          n/a            1.130         5.000       3.870      SLICE_X88Y59  u_wb/defaultClockArea_cpu/ROBFIFOPlugin_robInfo/ram/rams_0/mem/xpm_memory_base_inst/gen_wr_a.gen_word_narrow.mem_reg_0_7_0_5/RAMA_D1/CLK
Low Pulse Width   Slow    RAMD32/CLK          n/a            1.130         5.000       3.870      SLICE_X88Y59  u_wb/defaultClockArea_cpu/ROBFIFOPlugin_robInfo/ram/rams_0/mem/xpm_memory_base_inst/gen_wr_a.gen_word_narrow.mem_reg_0_7_0_5/RAMB/CLK
Low Pulse Width   Fast    RAMD32/CLK          n/a            1.130         5.000       3.870      SLICE_X88Y59  u_wb/defaultClockArea_cpu/ROBFIFOPlugin_robInfo/ram/rams_0/mem/xpm_memory_base_inst/gen_wr_a.gen_word_narrow.mem_reg_0_7_0_5/RAMB/CLK
Low Pulse Width   Slow    RAMD32/CLK          n/a            1.130         5.000       3.870      SLICE_X88Y59  u_wb/defaultClockArea_cpu/ROBFIFOPlugin_robInfo/ram/rams_0/mem/xpm_memory_base_inst/gen_wr_a.gen_word_narrow.mem_reg_0_7_0_5/RAMB_D1/CLK
Low Pulse Width   Fast    RAMD32/CLK          n/a            1.130         5.000       3.870      SLICE_X88Y59  u_wb/defaultClockArea_cpu/ROBFIFOPlugin_robInfo/ram/rams_0/mem/xpm_memory_base_inst/gen_wr_a.gen_word_narrow.mem_reg_0_7_0_5/RAMB_D1/CLK
Low Pulse Width   Slow    RAMD32/CLK          n/a            1.130         5.000       3.870      SLICE_X88Y59  u_wb/defaultClockArea_cpu/ROBFIFOPlugin_robInfo/ram/rams_0/mem/xpm_memory_base_inst/gen_wr_a.gen_word_narrow.mem_reg_0_7_0_5/RAMC/CLK
Low Pulse Width   Fast    RAMD32/CLK          n/a            1.130         5.000       3.870      SLICE_X88Y59  u_wb/defaultClockArea_cpu/ROBFIFOPlugin_robInfo/ram/rams_0/mem/xpm_memory_base_inst/gen_wr_a.gen_word_narrow.mem_reg_0_7_0_5/RAMC/CLK
Low Pulse Width   Slow    RAMD32/CLK          n/a            1.130         5.000       3.870      SLICE_X88Y59  u_wb/defaultClockArea_cpu/ROBFIFOPlugin_robInfo/ram/rams_0/mem/xpm_memory_base_inst/gen_wr_a.gen_word_narrow.mem_reg_0_7_0_5/RAMC_D1/CLK
Low Pulse Width   Fast    RAMD32/CLK          n/a            1.130         5.000       3.870      SLICE_X88Y59  u_wb/defaultClockArea_cpu/ROBFIFOPlugin_robInfo/ram/rams_0/mem/xpm_memory_base_inst/gen_wr_a.gen_word_narrow.mem_reg_0_7_0_5/RAMC_D1/CLK
Low Pulse Width   Slow    RAMS32/CLK          n/a            1.130         5.000       3.870      SLICE_X88Y59  u_wb/defaultClockArea_cpu/ROBFIFOPlugin_robInfo/ram/rams_0/mem/xpm_memory_base_inst/gen_wr_a.gen_word_narrow.mem_reg_0_7_0_5/RAMD/CLK
Low Pulse Width   Fast    RAMS32/CLK          n/a            1.130         5.000       3.870      SLICE_X88Y59  u_wb/defaultClockArea_cpu/ROBFIFOPlugin_robInfo/ram/rams_0/mem/xpm_memory_base_inst/gen_wr_a.gen_word_narrow.mem_reg_0_7_0_5/RAMD/CLK
Low Pulse Width   Slow    RAMS32/CLK          n/a            1.130         5.000       3.870      SLICE_X88Y59  u_wb/defaultClockArea_cpu/ROBFIFOPlugin_robInfo/ram/rams_0/mem/xpm_memory_base_inst/gen_wr_a.gen_word_narrow.mem_reg_0_7_0_5/RAMD_D1/CLK
Low Pulse Width   Fast    RAMS32/CLK          n/a            1.130         5.000       3.870      SLICE_X88Y59  u_wb/defaultClockArea_cpu/ROBFIFOPlugin_robInfo/ram/rams_0/mem/xpm_memory_base_inst/gen_wr_a.gen_word_narrow.mem_reg_0_7_0_5/RAMD_D1/CLK
Low Pulse Width   Slow    RAMD32/CLK          n/a            1.130         5.000       3.870      SLICE_X84Y74  u_wb/defaultClockArea_cpu/ROBFIFOPlugin_robInfo/ram/rams_0/mem/xpm_memory_base_inst/gen_wr_a.gen_word_narrow.mem_reg_0_7_102_107/RAMA/CLK
Low Pulse Width   Fast    RAMD32/CLK          n/a            1.130         5.000       3.870      SLICE_X84Y74  u_wb/defaultClockArea_cpu/ROBFIFOPlugin_robInfo/ram/rams_0/mem/xpm_memory_base_inst/gen_wr_a.gen_word_narrow.mem_reg_0_7_102_107/RAMA/CLK
Low Pulse Width   Slow    RAMD32/CLK          n/a            1.130         5.000       3.870      SLICE_X84Y74  u_wb/defaultClockArea_cpu/ROBFIFOPlugin_robInfo/ram/rams_0/mem/xpm_memory_base_inst/gen_wr_a.gen_word_narrow.mem_reg_0_7_102_107/RAMA_D1/CLK
Low Pulse Width   Fast    RAMD32/CLK          n/a            1.130         5.000       3.870      SLICE_X84Y74  u_wb/defaultClockArea_cpu/ROBFIFOPlugin_robInfo/ram/rams_0/mem/xpm_memory_base_inst/gen_wr_a.gen_word_narrow.mem_reg_0_7_102_107/RAMA_D1/CLK
High Pulse Width  Slow    RAMD32/CLK          n/a            1.130         5.000       3.870      SLICE_X88Y59  u_wb/defaultClockArea_cpu/ROBFIFOPlugin_robInfo/ram/rams_0/mem/xpm_memory_base_inst/gen_wr_a.gen_word_narrow.mem_reg_0_7_0_5/RAMA/CLK
High Pulse Width  Fast    RAMD32/CLK          n/a            1.130         5.000       3.870      SLICE_X88Y59  u_wb/defaultClockArea_cpu/ROBFIFOPlugin_robInfo/ram/rams_0/mem/xpm_memory_base_inst/gen_wr_a.gen_word_narrow.mem_reg_0_7_0_5/RAMA/CLK
High Pulse Width  Slow    RAMD32/CLK          n/a            1.130         5.000       3.870      SLICE_X88Y59  u_wb/defaultClockArea_cpu/ROBFIFOPlugin_robInfo/ram/rams_0/mem/xpm_memory_base_inst/gen_wr_a.gen_word_narrow.mem_reg_0_7_0_5/RAMA_D1/CLK
High Pulse Width  Fast    RAMD32/CLK          n/a            1.130         5.000       3.870      SLICE_X88Y59  u_wb/defaultClockArea_cpu/ROBFIFOPlugin_robInfo/ram/rams_0/mem/xpm_memory_base_inst/gen_wr_a.gen_word_narrow.mem_reg_0_7_0_5/RAMA_D1/CLK
High Pulse Width  Slow    RAMD32/CLK          n/a            1.130         5.000       3.870      SLICE_X88Y59  u_wb/defaultClockArea_cpu/ROBFIFOPlugin_robInfo/ram/rams_0/mem/xpm_memory_base_inst/gen_wr_a.gen_word_narrow.mem_reg_0_7_0_5/RAMB/CLK
High Pulse Width  Fast    RAMD32/CLK          n/a            1.130         5.000       3.870      SLICE_X88Y59  u_wb/defaultClockArea_cpu/ROBFIFOPlugin_robInfo/ram/rams_0/mem/xpm_memory_base_inst/gen_wr_a.gen_word_narrow.mem_reg_0_7_0_5/RAMB/CLK
High Pulse Width  Slow    RAMD32/CLK          n/a            1.130         5.000       3.870      SLICE_X88Y59  u_wb/defaultClockArea_cpu/ROBFIFOPlugin_robInfo/ram/rams_0/mem/xpm_memory_base_inst/gen_wr_a.gen_word_narrow.mem_reg_0_7_0_5/RAMB_D1/CLK
High Pulse Width  Fast    RAMD32/CLK          n/a            1.130         5.000       3.870      SLICE_X88Y59  u_wb/defaultClockArea_cpu/ROBFIFOPlugin_robInfo/ram/rams_0/mem/xpm_memory_base_inst/gen_wr_a.gen_word_narrow.mem_reg_0_7_0_5/RAMB_D1/CLK
High Pulse Width  Slow    RAMD32/CLK          n/a            1.130         5.000       3.870      SLICE_X88Y59  u_wb/defaultClockArea_cpu/ROBFIFOPlugin_robInfo/ram/rams_0/mem/xpm_memory_base_inst/gen_wr_a.gen_word_narrow.mem_reg_0_7_0_5/RAMC/CLK
High Pulse Width  Fast    RAMD32/CLK          n/a            1.130         5.000       3.870      SLICE_X88Y59  u_wb/defaultClockArea_cpu/ROBFIFOPlugin_robInfo/ram/rams_0/mem/xpm_memory_base_inst/gen_wr_a.gen_word_narrow.mem_reg_0_7_0_5/RAMC/CLK
High Pulse Width  Slow    RAMD32/CLK          n/a            1.130         5.000       3.870      SLICE_X88Y59  u_wb/defaultClockArea_cpu/ROBFIFOPlugin_robInfo/ram/rams_0/mem/xpm_memory_base_inst/gen_wr_a.gen_word_narrow.mem_reg_0_7_0_5/RAMC_D1/CLK
High Pulse Width  Fast    RAMD32/CLK          n/a            1.130         5.000       3.870      SLICE_X88Y59  u_wb/defaultClockArea_cpu/ROBFIFOPlugin_robInfo/ram/rams_0/mem/xpm_memory_base_inst/gen_wr_a.gen_word_narrow.mem_reg_0_7_0_5/RAMC_D1/CLK
High Pulse Width  Slow    RAMS32/CLK          n/a            1.130         5.000       3.870      SLICE_X88Y59  u_wb/defaultClockArea_cpu/ROBFIFOPlugin_robInfo/ram/rams_0/mem/xpm_memory_base_inst/gen_wr_a.gen_word_narrow.mem_reg_0_7_0_5/RAMD/CLK
High Pulse Width  Fast    RAMS32/CLK          n/a            1.130         5.000       3.870      SLICE_X88Y59  u_wb/defaultClockArea_cpu/ROBFIFOPlugin_robInfo/ram/rams_0/mem/xpm_memory_base_inst/gen_wr_a.gen_word_narrow.mem_reg_0_7_0_5/RAMD/CLK
High Pulse Width  Slow    RAMS32/CLK          n/a            1.130         5.000       3.870      SLICE_X88Y59  u_wb/defaultClockArea_cpu/ROBFIFOPlugin_robInfo/ram/rams_0/mem/xpm_memory_base_inst/gen_wr_a.gen_word_narrow.mem_reg_0_7_0_5/RAMD_D1/CLK
High Pulse Width  Fast    RAMS32/CLK          n/a            1.130         5.000       3.870      SLICE_X88Y59  u_wb/defaultClockArea_cpu/ROBFIFOPlugin_robInfo/ram/rams_0/mem/xpm_memory_base_inst/gen_wr_a.gen_word_narrow.mem_reg_0_7_0_5/RAMD_D1/CLK
High Pulse Width  Slow    RAMD32/CLK          n/a            1.130         5.000       3.870      SLICE_X84Y74  u_wb/defaultClockArea_cpu/ROBFIFOPlugin_robInfo/ram/rams_0/mem/xpm_memory_base_inst/gen_wr_a.gen_word_narrow.mem_reg_0_7_102_107/RAMA/CLK
High Pulse Width  Fast    RAMD32/CLK          n/a            1.130         5.000       3.870      SLICE_X84Y74  u_wb/defaultClockArea_cpu/ROBFIFOPlugin_robInfo/ram/rams_0/mem/xpm_memory_base_inst/gen_wr_a.gen_word_narrow.mem_reg_0_7_102_107/RAMA/CLK
High Pulse Width  Slow    RAMD32/CLK          n/a            1.130         5.000       3.870      SLICE_X84Y74  u_wb/defaultClockArea_cpu/ROBFIFOPlugin_robInfo/ram/rams_0/mem/xpm_memory_base_inst/gen_wr_a.gen_word_narrow.mem_reg_0_7_102_107/RAMA_D1/CLK
High Pulse Width  Fast    RAMD32/CLK          n/a            1.130         5.000       3.870      SLICE_X84Y74  u_wb/defaultClockArea_cpu/ROBFIFOPlugin_robInfo/ram/rams_0/mem/xpm_memory_base_inst/gen_wr_a.gen_word_narrow.mem_reg_0_7_102_107/RAMA_D1/CLK



