Copyright 1986-2022 Xilinx, Inc. All Rights Reserved. Copyright 2022-2025 Advanced Micro Devices, Inc. All Rights Reserved.
----------------------------------------------------------------------------------------------------------------------------------------------------------
| Tool Version : Vivado v.2025.2 (win64) Build 6299465 Fri Nov 14 19:35:11 GMT 2025
| Date         : Wed Jul 29 22:58:31 2026
| Host         : MM的ThinkBook16p running 64-bit major release  (build 9200)
| Command      : report_timing_summary -delay_type max -max_paths 20 -file D:/NSCSCC2026/WeBattle-Core/reports/WB-N6/implementation/timing_synth_10ns.rpt
| Design       : core_top
| Device       : 7a200t-fbg676
| Speed File   : -2  PRODUCTION 1.23 2018-06-13
| Design State : Synthesized
----------------------------------------------------------------------------------------------------------------------------------------------------------

Timing Summary Report

------------------------------------------------------------------------------------------------
| Timer Settings
| --------------
------------------------------------------------------------------------------------------------

  Enable Multi Corner Analysis               :  Yes
  Enable Pessimism Removal                   :  Yes
  Pessimism Removal Resolution               :  Nearest Common Node
  Enable Input Delay Default Clock           :  No
  Enable Preset / Clear Arcs                 :  No
  Disable Flight Delays                      :  No
  Ignore I/O Paths                           :  No
  Timing Early Launch at Borrowing Latches   :  No
  Borrow Time for Max Delay Exceptions       :  Yes
  Merge Timing Exceptions                    :  Yes
  Inter-SLR Compensation                     :  Conservative

  Corner  Analyze    Analyze    
  Name    Max Paths  Min Paths  
  ------  ---------  ---------  
  Slow    Yes        Yes        
  Fast    Yes        Yes        


------------------------------------------------------------------------------------------------
| Report Methodology
| ------------------
------------------------------------------------------------------------------------------------

No report available as report_methodology has not been run prior. Run report_methodology on the current design for the summary of methodology violations.



check_timing report

Table of Contents
-----------------
1. checking no_clock (0)
2. checking constant_clock (0)
3. checking pulse_width_clock (0)
4. checking unconstrained_internal_endpoints (0)
5. checking no_input_delay (47)
6. checking no_output_delay (234)
7. checking multiple_clock (0)
8. checking generated_clocks (0)
9. checking loops (0)
10. checking partial_input_delay (0)
11. checking partial_output_delay (0)
12. checking latch_loops (0)

1. checking no_clock (0)
------------------------
 There are 0 register/latch pins with no clock.


2. checking constant_clock (0)
------------------------------
 There are 0 register/latch pins with constant_clock.


3. checking pulse_width_clock (0)
---------------------------------
 There are 0 register/latch pins which need pulse_width check


4. checking unconstrained_internal_endpoints (0)
------------------------------------------------
 There are 0 pins that are not constrained for maximum delay.

 There are 0 pins that are not constrained for maximum delay due to constant clock.


5. checking no_input_delay (47)
-------------------------------
 There are 47 input ports with no input delay specified. (HIGH)

 There are 0 input ports with no input delay but user has a false path constraint.


6. checking no_output_delay (234)
---------------------------------
 There are 234 ports with no output delay specified. (HIGH)

 There are 0 ports with no output delay but user has a false path constraint

 There are 0 ports with no output delay but with a timing clock defined on it or propagating through it


7. checking multiple_clock (0)
------------------------------
 There are 0 register/latch pins with multiple clocks.


8. checking generated_clocks (0)
--------------------------------
 There are 0 generated clocks that are not connected to a clock source.


9. checking loops (0)
---------------------
 There are 0 combinational loops in the design.


10. checking partial_input_delay (0)
------------------------------------
 There are 0 input ports with partial input delay specified.


11. checking partial_output_delay (0)
-------------------------------------
 There are 0 ports with partial output delay specified.


12. checking latch_loops (0)
----------------------------
 There are 0 combinational latch loops in the design through latch input



------------------------------------------------------------------------------------------------
| Design Timing Summary
| ---------------------
------------------------------------------------------------------------------------------------

    WNS(ns)      TNS(ns)  TNS Failing Endpoints  TNS Total Endpoints     WPWS(ns)     TPWS(ns)  TPWS Failing Endpoints  TPWS Total Endpoints  
    -------      -------  ---------------------  -------------------     --------     --------  ----------------------  --------------------  
     -0.969       -8.582                     19                35592        3.870        0.000                       0                 17732  


Timing constraints are not met.


------------------------------------------------------------------------------------------------
| Clock Summary
| -------------
------------------------------------------------------------------------------------------------

Clock  Waveform(ns)       Period(ns)      Frequency(MHz)
-----  ------------       ----------      --------------
aclk   {0.000 5.000}      10.000          100.000         


------------------------------------------------------------------------------------------------
| Intra Clock Table
| -----------------
------------------------------------------------------------------------------------------------

Clock             WNS(ns)      TNS(ns)  TNS Failing Endpoints  TNS Total Endpoints     WPWS(ns)     TPWS(ns)  TPWS Failing Endpoints  TPWS Total Endpoints  
-----             -------      -------  ---------------------  -------------------     --------     --------  ----------------------  --------------------  
aclk               -0.969       -8.582                     19                35592        3.870        0.000                       0                 17732  


------------------------------------------------------------------------------------------------
| Inter Clock Table
| -----------------
------------------------------------------------------------------------------------------------

From Clock    To Clock          WNS(ns)      TNS(ns)  TNS Failing Endpoints  TNS Total Endpoints  
----------    --------          -------      -------  ---------------------  -------------------  


------------------------------------------------------------------------------------------------
| Other Path Groups Table
| -----------------------
------------------------------------------------------------------------------------------------

Path Group    From Clock    To Clock          WNS(ns)      TNS(ns)  TNS Failing Endpoints  TNS Total Endpoints  
----------    ----------    --------          -------      -------  ---------------------  -------------------  


------------------------------------------------------------------------------------------------
| Timing Details
| --------------
------------------------------------------------------------------------------------------------


---------------------------------------------------------------------------------------------------
From Clock:  aclk
  To Clock:  aclk

Setup :           19  Failing Endpoints,  Worst Slack       -0.969ns,  Total Violation       -8.582ns
Hold  :           NA  Failing Endpoints,  Worst Slack           NA  ,  Total Violation           NA
PW    :            0  Failing Endpoints,  Worst Slack        3.870ns,  Total Violation        0.000ns
---------------------------------------------------------------------------------------------------


Max Delay Paths
--------------------------------------------------------------------------------------
Slack (VIOLATED) :        -0.969ns  (required time - arrival time)
  Source:                 u_wb/defaultClockArea_axiBuffer/fifo/xpm_fifo_base_inst/xpm_fifo_rst_inst/gen_rst_cc.fifo_wr_rst_cc_reg[2]/C
                            (rising edge-triggered cell FDSE clocked by aclk  {rise@0.000ns fall@5.000ns period=10.000ns})
  Destination:            u_wb/defaultClockArea_cpu/IntIssueQueuePlugin_queue_2_payload_rRegs_1_valid_reg/D
                            (rising edge-triggered cell FDRE clocked by aclk  {rise@0.000ns fall@5.000ns period=10.000ns})
  Path Group:             aclk
  Path Type:              Setup (Max at Slow Process Corner)
  Requirement:            10.000ns  (aclk rise@10.000ns - aclk rise@0.000ns)
  Data Path Delay:        10.818ns  (logic 2.626ns (24.274%)  route 8.192ns (75.726%))
  Logic Levels:           20  (LUT2=4 LUT3=4 LUT4=1 LUT5=6 LUT6=5)
  Clock Path Skew:        -0.145ns (DCD - SCD + CPR)
    Destination Clock Delay (DCD):    1.881ns = ( 11.881 - 10.000 ) 
    Source Clock Delay      (SCD):    2.193ns
    Clock Pessimism Removal (CPR):    0.167ns
  Clock Uncertainty:      0.035ns  ((TSJ^2 + TIJ^2)^1/2 + DJ) / 2 + PE
    Total System Jitter     (TSJ):    0.071ns
    Total Input Jitter      (TIJ):    0.000ns
    Discrete Jitter          (DJ):    0.000ns
    Phase Error              (PE):    0.000ns

    Location             Delay type                Incr(ns)  Path(ns)    Netlist Resource(s)
  -------------------------------------------------------------------    -------------------
                         (clock aclk rise edge)       0.000     0.000 r  
                                                      0.000     0.000 r  aclk (IN)
                         net (fo=0)                   0.000     0.000    aclk
                         IBUF (Prop_ibuf_I_O)         0.882     0.882 r  aclk_IBUF_inst/O
                         net (fo=1, unplaced)         0.646     1.528    aclk_IBUF
                         BUFG (Prop_bufg_I_O)         0.081     1.609 r  aclk_IBUF_BUFG_inst/O
                         net (fo=17734, unplaced)     0.584     2.193    u_wb/defaultClockArea_axiBuffer/fifo/xpm_fifo_base_inst/xpm_fifo_rst_inst/wr_clk
                         FDSE                                         r  u_wb/defaultClockArea_axiBuffer/fifo/xpm_fifo_base_inst/xpm_fifo_rst_inst/gen_rst_cc.fifo_wr_rst_cc_reg[2]/C
  -------------------------------------------------------------------    -------------------
                         FDSE (Prop_fdse_C_Q)         0.379     2.572 f  u_wb/defaultClockArea_axiBuffer/fifo/xpm_fifo_base_inst/xpm_fifo_rst_inst/gen_rst_cc.fifo_wr_rst_cc_reg[2]/Q
                         net (fo=51, unplaced)        0.445     3.017    u_wb/defaultClockArea_axiBuffer/fifo/xpm_fifo_base_inst/xpm_fifo_rst_inst/Q[0]
                         LUT2 (Prop_lut2_I0_O)        0.232     3.249 f  u_wb/defaultClockArea_axiBuffer/fifo/xpm_fifo_base_inst/xpm_fifo_rst_inst/wr_rst_busy_INST_0/O
                         net (fo=144, unplaced)       0.456     3.705    u_wb/defaultClockArea_axiBuffer/fifo_rd_rst_busy
                         LUT2 (Prop_lut2_I0_O)        0.105     3.810 r  u_wb/defaultClockArea_axiBuffer/fifo_i_76/O
                         net (fo=2, unplaced)         0.358     4.168    u_wb/defaultClockArea_axiBuffer/fifo_i_76_n_0
                         LUT6 (Prop_lut6_I0_O)        0.105     4.273 f  u_wb/defaultClockArea_axiBuffer/fifo_i_73/O
                         net (fo=71, unplaced)        0.438     4.711    u_wb/defaultClockArea_axiBuffer/when_AxiBuffer_l81__1
                         LUT4 (Prop_lut4_I0_O)        0.105     4.816 f  u_wb/defaultClockArea_axiBuffer/fifo_i_1/O
                         net (fo=11, unplaced)        0.393     5.209    u_wb/defaultClockArea_cpu/DCachePlugin_dataRAMs_1/wr_en
                         LUT3 (Prop_lut3_I2_O)        0.105     5.314 f  u_wb/defaultClockArea_cpu/DCachePlugin_dataRAMs_1/MEM_MEM1_to_MEM_MEM2_MEMORY_ADDRESS[31]_i_7/O
                         net (fo=1, unplaced)         0.347     5.661    u_wb/defaultClockArea_cpu/DCachePlugin_dataRAMs_1/MEM_MEM1_to_MEM_MEM2_MEMORY_ADDRESS[31]_i_7_n_0
                         LUT5 (Prop_lut5_I2_O)        0.105     5.766 r  u_wb/defaultClockArea_cpu/DCachePlugin_dataRAMs_1/MEM_MEM1_to_MEM_MEM2_MEMORY_ADDRESS[31]_i_5/O
                         net (fo=1, unplaced)         0.347     6.113    u_wb/defaultClockArea_cpu/DCachePlugin_dataRAMs_1/MEM_MEM2_arbitration_haltItself
                         LUT6 (Prop_lut6_I3_O)        0.105     6.218 r  u_wb/defaultClockArea_cpu/DCachePlugin_dataRAMs_1/MEM_MEM1_to_MEM_MEM2_MEMORY_ADDRESS[31]_i_3/O
                         net (fo=1, unplaced)         0.347     6.565    u_wb/defaultClockArea_cpu/DCachePlugin_dataRAMs_1/MEM_MEM1_to_MEM_MEM2_MEMORY_ADDRESS[31]_i_3_n_0
                         LUT5 (Prop_lut5_I3_O)        0.105     6.670 r  u_wb/defaultClockArea_cpu/DCachePlugin_dataRAMs_1/MEM_MEM1_to_MEM_MEM2_MEMORY_ADDRESS[31]_i_2/O
                         net (fo=32, unplaced)        0.418     7.088    u_wb/defaultClockArea_cpu/DCachePlugin_dataRAMs_1/MEM_MEM2_DCachePlugin_CACHEFSM_finishAllWay_reg
                         LUT2 (Prop_lut2_I0_O)        0.105     7.193 f  u_wb/defaultClockArea_cpu/DCachePlugin_dataRAMs_1/mem_i_76__4/O
                         net (fo=3, unplaced)         0.365     7.558    u_wb/defaultClockArea_cpu/DCachePlugin_dataRAMs_1/MEM_MEM2_DCachePlugin_fixUncacheFSM_stateReg_reg[0]
                         LUT5 (Prop_lut5_I4_O)        0.105     7.663 f  u_wb/defaultClockArea_cpu/DCachePlugin_dataRAMs_1/mem_i_66__7/O
                         net (fo=14, unplaced)        0.398     8.061    u_wb/defaultClockArea_cpu/DCachePlugin_dataRAMs_1_n_46
                         LUT2 (Prop_lut2_I1_O)        0.105     8.166 r  u_wb/defaultClockArea_cpu/MEM_ISS_to_MEM_RRD_ISSUE_SLOT_rRegs_0_payload[5]_i_1/O
                         net (fo=465, unplaced)       0.485     8.651    u_wb/defaultClockArea_cpu/when_Pipeline_l158_69
                         LUT5 (Prop_lut5_I4_O)        0.105     8.756 r  u_wb/defaultClockArea_cpu/MemIssueQueuePlugin_queue_4_payload_rRegs_1_valid_i_12/O
                         net (fo=44, unplaced)        0.426     9.182    u_wb/defaultClockArea_cpu/MemExecutePlugin_clrBusy_valid
                         LUT6 (Prop_lut6_I2_O)        0.105     9.287 r  u_wb/defaultClockArea_cpu/MulDivIssueQueuePlugin_queue_2_payload_rRegs_1_valid_i_23/O
                         net (fo=1, unplaced)         0.328     9.615    u_wb/defaultClockArea_cpu/unsignedDivider_3/MemIssueQueuePlugin_queue_4_payload_rRegs_1_valid_i_8_1
                         LUT6 (Prop_lut6_I1_O)        0.105     9.720 r  u_wb/defaultClockArea_cpu/unsignedDivider_3/MulDivIssueQueuePlugin_queue_2_payload_rRegs_1_valid_i_21/O
                         net (fo=2, unplaced)         0.358    10.078    u_wb/defaultClockArea_cpu/unsignedDivider_3/MulDivIssueQueuePlugin_queue_2_payload_rRegs_1_valid_i_21_n_0
                         LUT3 (Prop_lut3_I0_O)        0.105    10.183 r  u_wb/defaultClockArea_cpu/unsignedDivider_3/MemIssueQueuePlugin_queue_4_payload_rRegs_1_valid_i_8/O
                         net (fo=8, unplaced)         0.620    10.803    u_wb/defaultClockArea_cpu/unsignedDivider_3/MemIssueQueuePlugin_queue_4_payload_rRegs_1_valid_i_8_n_0
                         LUT5 (Prop_lut5_I0_O)        0.105    10.908 r  u_wb/defaultClockArea_cpu/unsignedDivider_3/IntIssueQueuePlugin_queue_6_payload_rRegs_1_valid_i_7/O
                         net (fo=7, unplaced)         0.382    11.290    u_wb/defaultClockArea_cpu/unsignedDivider_3/IntIssueQueuePlugin_queue_6_payload_rRegs_1_valid_i_7_n_0
                         LUT3 (Prop_lut3_I1_O)        0.105    11.395 f  u_wb/defaultClockArea_cpu/unsignedDivider_3/IntIssueQueuePlugin_queue_1_payload_rRegs_1_valid_i_5/O
                         net (fo=1, unplaced)         0.582    11.977    u_wb/defaultClockArea_cpu/unsignedDivider_3/IntIssueQueuePlugin_queue_1_payload_rRegs_1_valid_i_5_n_0
                         LUT6 (Prop_lut6_I0_O)        0.105    12.082 r  u_wb/defaultClockArea_cpu/unsignedDivider_3/IntIssueQueuePlugin_queue_1_payload_rRegs_1_valid_i_2/O
                         net (fo=4, unplaced)         0.352    12.434    u_wb/defaultClockArea_cpu/unsignedDivider_3/IntIssueQueuePlugin_queue_1_payload_rRegs_1_valid_i_2_n_0
                         LUT3 (Prop_lut3_I0_O)        0.125    12.559 f  u_wb/defaultClockArea_cpu/unsignedDivider_3/IntIssueQueuePlugin_queue_2_payload_rRegs_1_valid_i_2/O
                         net (fo=1, unplaced)         0.347    12.906    u_wb/defaultClockArea_cpu/unsignedDivider_3/IntIssueQueuePlugin_queue_2_payload_rRegs_1_valid_i_2_n_0
                         LUT5 (Prop_lut5_I2_O)        0.105    13.011 r  u_wb/defaultClockArea_cpu/unsignedDivider_3/IntIssueQueuePlugin_queue_2_payload_rRegs_1_valid_i_1/O
                         net (fo=1, unplaced)         0.000    13.011    u_wb/defaultClockArea_cpu/unsignedDivider_3_n_119
                         FDRE                                         r  u_wb/defaultClockArea_cpu/IntIssueQueuePlugin_queue_2_payload_rRegs_1_valid_reg/D
  -------------------------------------------------------------------    -------------------

                         (clock aclk rise edge)      10.000    10.000 r  
                                                      0.000    10.000 r  aclk (IN)
                         net (fo=0)                   0.000    10.000    aclk
                         IBUF (Prop_ibuf_I_O)         0.751    10.751 r  aclk_IBUF_inst/O
                         net (fo=1, unplaced)         0.613    11.365    aclk_IBUF
                         BUFG (Prop_bufg_I_O)         0.077    11.442 r  aclk_IBUF_BUFG_inst/O
                         net (fo=17734, unplaced)     0.439    11.881    u_wb/defaultClockArea_cpu/aclk_IBUF_BUFG
                         FDRE                                         r  u_wb/defaultClockArea_cpu/IntIssueQueuePlugin_queue_2_payload_rRegs_1_valid_reg/C
                         clock pessimism              0.167    12.048    
                         clock uncertainty           -0.035    12.012    
                         FDRE (Setup_fdre_C_D)        0.029    12.041    u_wb/defaultClockArea_cpu/IntIssueQueuePlugin_queue_2_payload_rRegs_1_valid_reg
  -------------------------------------------------------------------
                         required time                         12.041    
                         arrival time                         -13.011    
  -------------------------------------------------------------------
                         slack                                 -0.969    

Slack (VIOLATED) :        -0.968ns  (required time - arrival time)
  Source:                 u_wb/defaultClockArea_axiBuffer/fifo/xpm_fifo_base_inst/xpm_fifo_rst_inst/gen_rst_cc.fifo_wr_rst_cc_reg[2]/C
                            (rising edge-triggered cell FDSE clocked by aclk  {rise@0.000ns fall@5.000ns period=10.000ns})
  Destination:            u_wb/defaultClockArea_cpu/IntIssueQueuePlugin_queue_3_payload_rRegs_1_valid_reg/D
                            (rising edge-triggered cell FDRE clocked by aclk  {rise@0.000ns fall@5.000ns period=10.000ns})
  Path Group:             aclk
  Path Type:              Setup (Max at Slow Process Corner)
  Requirement:            10.000ns  (aclk rise@10.000ns - aclk rise@0.000ns)
  Data Path Delay:        10.817ns  (logic 2.606ns (24.092%)  route 8.211ns (75.908%))
  Logic Levels:           20  (LUT2=4 LUT3=4 LUT4=1 LUT5=6 LUT6=5)
  Clock Path Skew:        -0.145ns (DCD - SCD + CPR)
    Destination Clock Delay (DCD):    1.881ns = ( 11.881 - 10.000 ) 
    Source Clock Delay      (SCD):    2.193ns
    Clock Pessimism Removal (CPR):    0.167ns
  Clock Uncertainty:      0.035ns  ((TSJ^2 + TIJ^2)^1/2 + DJ) / 2 + PE
    Total System Jitter     (TSJ):    0.071ns
    Total Input Jitter      (TIJ):    0.000ns
    Discrete Jitter          (DJ):    0.000ns
    Phase Error              (PE):    0.000ns

    Location             Delay type                Incr(ns)  Path(ns)    Netlist Resource(s)
  -------------------------------------------------------------------    -------------------
                         (clock aclk rise edge)       0.000     0.000 r  
                                                      0.000     0.000 r  aclk (IN)
                         net (fo=0)                   0.000     0.000    aclk
                         IBUF (Prop_ibuf_I_O)         0.882     0.882 r  aclk_IBUF_inst/O
                         net (fo=1, unplaced)         0.646     1.528    aclk_IBUF
                         BUFG (Prop_bufg_I_O)         0.081     1.609 r  aclk_IBUF_BUFG_inst/O
                         net (fo=17734, unplaced)     0.584     2.193    u_wb/defaultClockArea_axiBuffer/fifo/xpm_fifo_base_inst/xpm_fifo_rst_inst/wr_clk
                         FDSE                                         r  u_wb/defaultClockArea_axiBuffer/fifo/xpm_fifo_base_inst/xpm_fifo_rst_inst/gen_rst_cc.fifo_wr_rst_cc_reg[2]/C
  -------------------------------------------------------------------    -------------------
                         FDSE (Prop_fdse_C_Q)         0.379     2.572 f  u_wb/defaultClockArea_axiBuffer/fifo/xpm_fifo_base_inst/xpm_fifo_rst_inst/gen_rst_cc.fifo_wr_rst_cc_reg[2]/Q
                         net (fo=51, unplaced)        0.445     3.017    u_wb/defaultClockArea_axiBuffer/fifo/xpm_fifo_base_inst/xpm_fifo_rst_inst/Q[0]
                         LUT2 (Prop_lut2_I0_O)        0.232     3.249 f  u_wb/defaultClockArea_axiBuffer/fifo/xpm_fifo_base_inst/xpm_fifo_rst_inst/wr_rst_busy_INST_0/O
                         net (fo=144, unplaced)       0.456     3.705    u_wb/defaultClockArea_axiBuffer/fifo_rd_rst_busy
                         LUT2 (Prop_lut2_I0_O)        0.105     3.810 r  u_wb/defaultClockArea_axiBuffer/fifo_i_76/O
                         net (fo=2, unplaced)         0.358     4.168    u_wb/defaultClockArea_axiBuffer/fifo_i_76_n_0
                         LUT6 (Prop_lut6_I0_O)        0.105     4.273 f  u_wb/defaultClockArea_axiBuffer/fifo_i_73/O
                         net (fo=71, unplaced)        0.438     4.711    u_wb/defaultClockArea_axiBuffer/when_AxiBuffer_l81__1
                         LUT4 (Prop_lut4_I0_O)        0.105     4.816 f  u_wb/defaultClockArea_axiBuffer/fifo_i_1/O
                         net (fo=11, unplaced)        0.393     5.209    u_wb/defaultClockArea_cpu/DCachePlugin_dataRAMs_1/wr_en
                         LUT3 (Prop_lut3_I2_O)        0.105     5.314 f  u_wb/defaultClockArea_cpu/DCachePlugin_dataRAMs_1/MEM_MEM1_to_MEM_MEM2_MEMORY_ADDRESS[31]_i_7/O
                         net (fo=1, unplaced)         0.347     5.661    u_wb/defaultClockArea_cpu/DCachePlugin_dataRAMs_1/MEM_MEM1_to_MEM_MEM2_MEMORY_ADDRESS[31]_i_7_n_0
                         LUT5 (Prop_lut5_I2_O)        0.105     5.766 r  u_wb/defaultClockArea_cpu/DCachePlugin_dataRAMs_1/MEM_MEM1_to_MEM_MEM2_MEMORY_ADDRESS[31]_i_5/O
                         net (fo=1, unplaced)         0.347     6.113    u_wb/defaultClockArea_cpu/DCachePlugin_dataRAMs_1/MEM_MEM2_arbitration_haltItself
                         LUT6 (Prop_lut6_I3_O)        0.105     6.218 r  u_wb/defaultClockArea_cpu/DCachePlugin_dataRAMs_1/MEM_MEM1_to_MEM_MEM2_MEMORY_ADDRESS[31]_i_3/O
                         net (fo=1, unplaced)         0.347     6.565    u_wb/defaultClockArea_cpu/DCachePlugin_dataRAMs_1/MEM_MEM1_to_MEM_MEM2_MEMORY_ADDRESS[31]_i_3_n_0
                         LUT5 (Prop_lut5_I3_O)        0.105     6.670 r  u_wb/defaultClockArea_cpu/DCachePlugin_dataRAMs_1/MEM_MEM1_to_MEM_MEM2_MEMORY_ADDRESS[31]_i_2/O
                         net (fo=32, unplaced)        0.418     7.088    u_wb/defaultClockArea_cpu/DCachePlugin_dataRAMs_1/MEM_MEM2_DCachePlugin_CACHEFSM_finishAllWay_reg
                         LUT2 (Prop_lut2_I0_O)        0.105     7.193 f  u_wb/defaultClockArea_cpu/DCachePlugin_dataRAMs_1/mem_i_76__4/O
                         net (fo=3, unplaced)         0.365     7.558    u_wb/defaultClockArea_cpu/DCachePlugin_dataRAMs_1/MEM_MEM2_DCachePlugin_fixUncacheFSM_stateReg_reg[0]
                         LUT5 (Prop_lut5_I4_O)        0.105     7.663 f  u_wb/defaultClockArea_cpu/DCachePlugin_dataRAMs_1/mem_i_66__7/O
                         net (fo=14, unplaced)        0.398     8.061    u_wb/defaultClockArea_cpu/DCachePlugin_dataRAMs_1_n_46
                         LUT2 (Prop_lut2_I1_O)        0.105     8.166 r  u_wb/defaultClockArea_cpu/MEM_ISS_to_MEM_RRD_ISSUE_SLOT_rRegs_0_payload[5]_i_1/O
                         net (fo=465, unplaced)       0.485     8.651    u_wb/defaultClockArea_cpu/when_Pipeline_l158_69
                         LUT5 (Prop_lut5_I4_O)        0.105     8.756 r  u_wb/defaultClockArea_cpu/MemIssueQueuePlugin_queue_4_payload_rRegs_1_valid_i_12/O
                         net (fo=44, unplaced)        0.426     9.182    u_wb/defaultClockArea_cpu/MemExecutePlugin_clrBusy_valid
                         LUT6 (Prop_lut6_I2_O)        0.105     9.287 r  u_wb/defaultClockArea_cpu/MulDivIssueQueuePlugin_queue_2_payload_rRegs_1_valid_i_23/O
                         net (fo=1, unplaced)         0.328     9.615    u_wb/defaultClockArea_cpu/unsignedDivider_3/MemIssueQueuePlugin_queue_4_payload_rRegs_1_valid_i_8_1
                         LUT6 (Prop_lut6_I1_O)        0.105     9.720 r  u_wb/defaultClockArea_cpu/unsignedDivider_3/MulDivIssueQueuePlugin_queue_2_payload_rRegs_1_valid_i_21/O
                         net (fo=2, unplaced)         0.358    10.078    u_wb/defaultClockArea_cpu/unsignedDivider_3/MulDivIssueQueuePlugin_queue_2_payload_rRegs_1_valid_i_21_n_0
                         LUT3 (Prop_lut3_I0_O)        0.105    10.183 r  u_wb/defaultClockArea_cpu/unsignedDivider_3/MemIssueQueuePlugin_queue_4_payload_rRegs_1_valid_i_8/O
                         net (fo=8, unplaced)         0.620    10.803    u_wb/defaultClockArea_cpu/unsignedDivider_3/MemIssueQueuePlugin_queue_4_payload_rRegs_1_valid_i_8_n_0
                         LUT5 (Prop_lut5_I0_O)        0.105    10.908 r  u_wb/defaultClockArea_cpu/unsignedDivider_3/IntIssueQueuePlugin_queue_6_payload_rRegs_1_valid_i_7/O
                         net (fo=7, unplaced)         0.382    11.290    u_wb/defaultClockArea_cpu/unsignedDivider_3/IntIssueQueuePlugin_queue_6_payload_rRegs_1_valid_i_7_n_0
                         LUT3 (Prop_lut3_I1_O)        0.105    11.395 f  u_wb/defaultClockArea_cpu/unsignedDivider_3/IntIssueQueuePlugin_queue_1_payload_rRegs_1_valid_i_5/O
                         net (fo=1, unplaced)         0.582    11.977    u_wb/defaultClockArea_cpu/unsignedDivider_3/IntIssueQueuePlugin_queue_1_payload_rRegs_1_valid_i_5_n_0
                         LUT6 (Prop_lut6_I0_O)        0.105    12.082 r  u_wb/defaultClockArea_cpu/unsignedDivider_3/IntIssueQueuePlugin_queue_1_payload_rRegs_1_valid_i_2/O
                         net (fo=4, unplaced)         0.371    12.453    u_wb/defaultClockArea_cpu/unsignedDivider_3/IntIssueQueuePlugin_queue_1_payload_rRegs_1_valid_i_2_n_0
                         LUT3 (Prop_lut3_I2_O)        0.105    12.558 r  u_wb/defaultClockArea_cpu/unsignedDivider_3/IntIssueQueuePlugin_queue_3_payload_rRegs_1_valid_i_2/O
                         net (fo=1, unplaced)         0.347    12.905    u_wb/defaultClockArea_cpu/unsignedDivider_3/IntIssueQueuePlugin_queue_3_payload_rRegs_1_valid_i_2_n_0
                         LUT5 (Prop_lut5_I2_O)        0.105    13.010 r  u_wb/defaultClockArea_cpu/unsignedDivider_3/IntIssueQueuePlugin_queue_3_payload_rRegs_1_valid_i_1/O
                         net (fo=1, unplaced)         0.000    13.010    u_wb/defaultClockArea_cpu/unsignedDivider_3_n_114
                         FDRE                                         r  u_wb/defaultClockArea_cpu/IntIssueQueuePlugin_queue_3_payload_rRegs_1_valid_reg/D
  -------------------------------------------------------------------    -------------------

                         (clock aclk rise edge)      10.000    10.000 r  
                                                      0.000    10.000 r  aclk (IN)
                         net (fo=0)                   0.000    10.000    aclk
                         IBUF (Prop_ibuf_I_O)         0.751    10.751 r  aclk_IBUF_inst/O
                         net (fo=1, unplaced)         0.613    11.365    aclk_IBUF
                         BUFG (Prop_bufg_I_O)         0.077    11.442 r  aclk_IBUF_BUFG_inst/O
                         net (fo=17734, unplaced)     0.439    11.881    u_wb/defaultClockArea_cpu/aclk_IBUF_BUFG
                         FDRE                                         r  u_wb/defaultClockArea_cpu/IntIssueQueuePlugin_queue_3_payload_rRegs_1_valid_reg/C
                         clock pessimism              0.167    12.048    
                         clock uncertainty           -0.035    12.012    
                         FDRE (Setup_fdre_C_D)        0.029    12.041    u_wb/defaultClockArea_cpu/IntIssueQueuePlugin_queue_3_payload_rRegs_1_valid_reg
  -------------------------------------------------------------------
                         required time                         12.041    
                         arrival time                         -13.010    
  -------------------------------------------------------------------
                         slack                                 -0.968    

Slack (VIOLATED) :        -0.949ns  (required time - arrival time)
  Source:                 u_wb/defaultClockArea_axiBuffer/fifo/xpm_fifo_base_inst/xpm_fifo_rst_inst/gen_rst_cc.fifo_wr_rst_cc_reg[2]/C
                            (rising edge-triggered cell FDSE clocked by aclk  {rise@0.000ns fall@5.000ns period=10.000ns})
  Destination:            u_wb/defaultClockArea_cpu/IntIssueQueuePlugin_queue_0_payload_rRegs_1_valid_reg/D
                            (rising edge-triggered cell FDRE clocked by aclk  {rise@0.000ns fall@5.000ns period=10.000ns})
  Path Group:             aclk
  Path Type:              Setup (Max at Slow Process Corner)
  Requirement:            10.000ns  (aclk rise@10.000ns - aclk rise@0.000ns)
  Data Path Delay:        10.798ns  (logic 2.606ns (24.134%)  route 8.192ns (75.866%))
  Logic Levels:           20  (LUT2=4 LUT3=3 LUT4=2 LUT5=6 LUT6=5)
  Clock Path Skew:        -0.145ns (DCD - SCD + CPR)
    Destination Clock Delay (DCD):    1.881ns = ( 11.881 - 10.000 ) 
    Source Clock Delay      (SCD):    2.193ns
    Clock Pessimism Removal (CPR):    0.167ns
  Clock Uncertainty:      0.035ns  ((TSJ^2 + TIJ^2)^1/2 + DJ) / 2 + PE
    Total System Jitter     (TSJ):    0.071ns
    Total Input Jitter      (TIJ):    0.000ns
    Discrete Jitter          (DJ):    0.000ns
    Phase Error              (PE):    0.000ns

    Location             Delay type                Incr(ns)  Path(ns)    Netlist Resource(s)
  -------------------------------------------------------------------    -------------------
                         (clock aclk rise edge)       0.000     0.000 r  
                                                      0.000     0.000 r  aclk (IN)
                         net (fo=0)                   0.000     0.000    aclk
                         IBUF (Prop_ibuf_I_O)         0.882     0.882 r  aclk_IBUF_inst/O
                         net (fo=1, unplaced)         0.646     1.528    aclk_IBUF
                         BUFG (Prop_bufg_I_O)         0.081     1.609 r  aclk_IBUF_BUFG_inst/O
                         net (fo=17734, unplaced)     0.584     2.193    u_wb/defaultClockArea_axiBuffer/fifo/xpm_fifo_base_inst/xpm_fifo_rst_inst/wr_clk
                         FDSE                                         r  u_wb/defaultClockArea_axiBuffer/fifo/xpm_fifo_base_inst/xpm_fifo_rst_inst/gen_rst_cc.fifo_wr_rst_cc_reg[2]/C
  -------------------------------------------------------------------    -------------------
                         FDSE (Prop_fdse_C_Q)         0.379     2.572 f  u_wb/defaultClockArea_axiBuffer/fifo/xpm_fifo_base_inst/xpm_fifo_rst_inst/gen_rst_cc.fifo_wr_rst_cc_reg[2]/Q
                         net (fo=51, unplaced)        0.445     3.017    u_wb/defaultClockArea_axiBuffer/fifo/xpm_fifo_base_inst/xpm_fifo_rst_inst/Q[0]
                         LUT2 (Prop_lut2_I0_O)        0.232     3.249 f  u_wb/defaultClockArea_axiBuffer/fifo/xpm_fifo_base_inst/xpm_fifo_rst_inst/wr_rst_busy_INST_0/O
                         net (fo=144, unplaced)       0.456     3.705    u_wb/defaultClockArea_axiBuffer/fifo_rd_rst_busy
                         LUT2 (Prop_lut2_I0_O)        0.105     3.810 r  u_wb/defaultClockArea_axiBuffer/fifo_i_76/O
                         net (fo=2, unplaced)         0.358     4.168    u_wb/defaultClockArea_axiBuffer/fifo_i_76_n_0
                         LUT6 (Prop_lut6_I0_O)        0.105     4.273 f  u_wb/defaultClockArea_axiBuffer/fifo_i_73/O
                         net (fo=71, unplaced)        0.438     4.711    u_wb/defaultClockArea_axiBuffer/when_AxiBuffer_l81__1
                         LUT4 (Prop_lut4_I0_O)        0.105     4.816 f  u_wb/defaultClockArea_axiBuffer/fifo_i_1/O
                         net (fo=11, unplaced)        0.393     5.209    u_wb/defaultClockArea_cpu/DCachePlugin_dataRAMs_1/wr_en
                         LUT3 (Prop_lut3_I2_O)        0.105     5.314 f  u_wb/defaultClockArea_cpu/DCachePlugin_dataRAMs_1/MEM_MEM1_to_MEM_MEM2_MEMORY_ADDRESS[31]_i_7/O
                         net (fo=1, unplaced)         0.347     5.661    u_wb/defaultClockArea_cpu/DCachePlugin_dataRAMs_1/MEM_MEM1_to_MEM_MEM2_MEMORY_ADDRESS[31]_i_7_n_0
                         LUT5 (Prop_lut5_I2_O)        0.105     5.766 r  u_wb/defaultClockArea_cpu/DCachePlugin_dataRAMs_1/MEM_MEM1_to_MEM_MEM2_MEMORY_ADDRESS[31]_i_5/O
                         net (fo=1, unplaced)         0.347     6.113    u_wb/defaultClockArea_cpu/DCachePlugin_dataRAMs_1/MEM_MEM2_arbitration_haltItself
                         LUT6 (Prop_lut6_I3_O)        0.105     6.218 r  u_wb/defaultClockArea_cpu/DCachePlugin_dataRAMs_1/MEM_MEM1_to_MEM_MEM2_MEMORY_ADDRESS[31]_i_3/O
                         net (fo=1, unplaced)         0.347     6.565    u_wb/defaultClockArea_cpu/DCachePlugin_dataRAMs_1/MEM_MEM1_to_MEM_MEM2_MEMORY_ADDRESS[31]_i_3_n_0
                         LUT5 (Prop_lut5_I3_O)        0.105     6.670 r  u_wb/defaultClockArea_cpu/DCachePlugin_dataRAMs_1/MEM_MEM1_to_MEM_MEM2_MEMORY_ADDRESS[31]_i_2/O
                         net (fo=32, unplaced)        0.418     7.088    u_wb/defaultClockArea_cpu/DCachePlugin_dataRAMs_1/MEM_MEM2_DCachePlugin_CACHEFSM_finishAllWay_reg
                         LUT2 (Prop_lut2_I0_O)        0.105     7.193 f  u_wb/defaultClockArea_cpu/DCachePlugin_dataRAMs_1/mem_i_76__4/O
                         net (fo=3, unplaced)         0.365     7.558    u_wb/defaultClockArea_cpu/DCachePlugin_dataRAMs_1/MEM_MEM2_DCachePlugin_fixUncacheFSM_stateReg_reg[0]
                         LUT5 (Prop_lut5_I4_O)        0.105     7.663 f  u_wb/defaultClockArea_cpu/DCachePlugin_dataRAMs_1/mem_i_66__7/O
                         net (fo=14, unplaced)        0.398     8.061    u_wb/defaultClockArea_cpu/DCachePlugin_dataRAMs_1_n_46
                         LUT2 (Prop_lut2_I1_O)        0.105     8.166 r  u_wb/defaultClockArea_cpu/MEM_ISS_to_MEM_RRD_ISSUE_SLOT_rRegs_0_payload[5]_i_1/O
                         net (fo=465, unplaced)       0.485     8.651    u_wb/defaultClockArea_cpu/when_Pipeline_l158_69
                         LUT5 (Prop_lut5_I4_O)        0.105     8.756 r  u_wb/defaultClockArea_cpu/MemIssueQueuePlugin_queue_4_payload_rRegs_1_valid_i_12/O
                         net (fo=44, unplaced)        0.426     9.182    u_wb/defaultClockArea_cpu/MemExecutePlugin_clrBusy_valid
                         LUT6 (Prop_lut6_I2_O)        0.105     9.287 r  u_wb/defaultClockArea_cpu/MulDivIssueQueuePlugin_queue_2_payload_rRegs_1_valid_i_23/O
                         net (fo=1, unplaced)         0.328     9.615    u_wb/defaultClockArea_cpu/unsignedDivider_3/MemIssueQueuePlugin_queue_4_payload_rRegs_1_valid_i_8_1
                         LUT6 (Prop_lut6_I1_O)        0.105     9.720 r  u_wb/defaultClockArea_cpu/unsignedDivider_3/MulDivIssueQueuePlugin_queue_2_payload_rRegs_1_valid_i_21/O
                         net (fo=2, unplaced)         0.358    10.078    u_wb/defaultClockArea_cpu/unsignedDivider_3/MulDivIssueQueuePlugin_queue_2_payload_rRegs_1_valid_i_21_n_0
                         LUT3 (Prop_lut3_I0_O)        0.105    10.183 r  u_wb/defaultClockArea_cpu/unsignedDivider_3/MemIssueQueuePlugin_queue_4_payload_rRegs_1_valid_i_8/O
                         net (fo=8, unplaced)         0.620    10.803    u_wb/defaultClockArea_cpu/unsignedDivider_3/MemIssueQueuePlugin_queue_4_payload_rRegs_1_valid_i_8_n_0
                         LUT5 (Prop_lut5_I0_O)        0.105    10.908 r  u_wb/defaultClockArea_cpu/unsignedDivider_3/IntIssueQueuePlugin_queue_6_payload_rRegs_1_valid_i_7/O
                         net (fo=7, unplaced)         0.382    11.290    u_wb/defaultClockArea_cpu/unsignedDivider_3/IntIssueQueuePlugin_queue_6_payload_rRegs_1_valid_i_7_n_0
                         LUT3 (Prop_lut3_I1_O)        0.105    11.395 f  u_wb/defaultClockArea_cpu/unsignedDivider_3/IntIssueQueuePlugin_queue_1_payload_rRegs_1_valid_i_5/O
                         net (fo=1, unplaced)         0.582    11.977    u_wb/defaultClockArea_cpu/unsignedDivider_3/IntIssueQueuePlugin_queue_1_payload_rRegs_1_valid_i_5_n_0
                         LUT6 (Prop_lut6_I0_O)        0.105    12.082 r  u_wb/defaultClockArea_cpu/unsignedDivider_3/IntIssueQueuePlugin_queue_1_payload_rRegs_1_valid_i_2/O
                         net (fo=4, unplaced)         0.352    12.434    u_wb/defaultClockArea_cpu/unsignedDivider_3/IntIssueQueuePlugin_queue_1_payload_rRegs_1_valid_i_2_n_0
                         LUT4 (Prop_lut4_I0_O)        0.105    12.539 r  u_wb/defaultClockArea_cpu/unsignedDivider_3/IntIssueQueuePlugin_queue_0_payload_rRegs_1_valid_i_3/O
                         net (fo=1, unplaced)         0.347    12.886    u_wb/defaultClockArea_cpu/unsignedDivider_3/IntIssueQueuePlugin_queue_0_payload_rRegs_1_valid_i_3_n_0
                         LUT5 (Prop_lut5_I1_O)        0.105    12.991 r  u_wb/defaultClockArea_cpu/unsignedDivider_3/IntIssueQueuePlugin_queue_0_payload_rRegs_1_valid_i_1/O
                         net (fo=1, unplaced)         0.000    12.991    u_wb/defaultClockArea_cpu/unsignedDivider_3_n_74
                         FDRE                                         r  u_wb/defaultClockArea_cpu/IntIssueQueuePlugin_queue_0_payload_rRegs_1_valid_reg/D
  -------------------------------------------------------------------    -------------------

                         (clock aclk rise edge)      10.000    10.000 r  
                                                      0.000    10.000 r  aclk (IN)
                         net (fo=0)                   0.000    10.000    aclk
                         IBUF (Prop_ibuf_I_O)         0.751    10.751 r  aclk_IBUF_inst/O
                         net (fo=1, unplaced)         0.613    11.365    aclk_IBUF
                         BUFG (Prop_bufg_I_O)         0.077    11.442 r  aclk_IBUF_BUFG_inst/O
                         net (fo=17734, unplaced)     0.439    11.881    u_wb/defaultClockArea_cpu/aclk_IBUF_BUFG
                         FDRE                                         r  u_wb/defaultClockArea_cpu/IntIssueQueuePlugin_queue_0_payload_rRegs_1_valid_reg/C
                         clock pessimism              0.167    12.048    
                         clock uncertainty           -0.035    12.012    
                         FDRE (Setup_fdre_C_D)        0.029    12.041    u_wb/defaultClockArea_cpu/IntIssueQueuePlugin_queue_0_payload_rRegs_1_valid_reg
  -------------------------------------------------------------------
                         required time                         12.041    
                         arrival time                         -12.991    
  -------------------------------------------------------------------
                         slack                                 -0.949    

Slack (VIOLATED) :        -0.751ns  (required time - arrival time)
  Source:                 u_wb/defaultClockArea_axiBuffer/fifo/xpm_fifo_base_inst/xpm_fifo_rst_inst/gen_rst_cc.fifo_wr_rst_cc_reg[2]/C
                            (rising edge-triggered cell FDSE clocked by aclk  {rise@0.000ns fall@5.000ns period=10.000ns})
  Destination:            u_wb/defaultClockArea_cpu/IntIssueQueuePlugin_queue_1_payload_rRegs_1_valid_reg/D
                            (rising edge-triggered cell FDRE clocked by aclk  {rise@0.000ns fall@5.000ns period=10.000ns})
  Path Group:             aclk
  Path Type:              Setup (Max at Slow Process Corner)
  Requirement:            10.000ns  (aclk rise@10.000ns - aclk rise@0.000ns)
  Data Path Delay:        10.600ns  (logic 2.501ns (23.594%)  route 8.099ns (76.406%))
  Logic Levels:           19  (LUT2=4 LUT3=3 LUT4=1 LUT5=6 LUT6=5)
  Clock Path Skew:        -0.145ns (DCD - SCD + CPR)
    Destination Clock Delay (DCD):    1.881ns = ( 11.881 - 10.000 ) 
    Source Clock Delay      (SCD):    2.193ns
    Clock Pessimism Removal (CPR):    0.167ns
  Clock Uncertainty:      0.035ns  ((TSJ^2 + TIJ^2)^1/2 + DJ) / 2 + PE
    Total System Jitter     (TSJ):    0.071ns
    Total Input Jitter      (TIJ):    0.000ns
    Discrete Jitter          (DJ):    0.000ns
    Phase Error              (PE):    0.000ns

    Location             Delay type                Incr(ns)  Path(ns)    Netlist Resource(s)
  -------------------------------------------------------------------    -------------------
                         (clock aclk rise edge)       0.000     0.000 r  
                                                      0.000     0.000 r  aclk (IN)
                         net (fo=0)                   0.000     0.000    aclk
                         IBUF (Prop_ibuf_I_O)         0.882     0.882 r  aclk_IBUF_inst/O
                         net (fo=1, unplaced)         0.646     1.528    aclk_IBUF
                         BUFG (Prop_bufg_I_O)         0.081     1.609 r  aclk_IBUF_BUFG_inst/O
                         net (fo=17734, unplaced)     0.584     2.193    u_wb/defaultClockArea_axiBuffer/fifo/xpm_fifo_base_inst/xpm_fifo_rst_inst/wr_clk
                         FDSE                                         r  u_wb/defaultClockArea_axiBuffer/fifo/xpm_fifo_base_inst/xpm_fifo_rst_inst/gen_rst_cc.fifo_wr_rst_cc_reg[2]/C
  -------------------------------------------------------------------    -------------------
                         FDSE (Prop_fdse_C_Q)         0.379     2.572 f  u_wb/defaultClockArea_axiBuffer/fifo/xpm_fifo_base_inst/xpm_fifo_rst_inst/gen_rst_cc.fifo_wr_rst_cc_reg[2]/Q
                         net (fo=51, unplaced)        0.445     3.017    u_wb/defaultClockArea_axiBuffer/fifo/xpm_fifo_base_inst/xpm_fifo_rst_inst/Q[0]
                         LUT2 (Prop_lut2_I0_O)        0.232     3.249 f  u_wb/defaultClockArea_axiBuffer/fifo/xpm_fifo_base_inst/xpm_fifo_rst_inst/wr_rst_busy_INST_0/O
                         net (fo=144, unplaced)       0.456     3.705    u_wb/defaultClockArea_axiBuffer/fifo_rd_rst_busy
                         LUT2 (Prop_lut2_I0_O)        0.105     3.810 r  u_wb/defaultClockArea_axiBuffer/fifo_i_76/O
                         net (fo=2, unplaced)         0.358     4.168    u_wb/defaultClockArea_axiBuffer/fifo_i_76_n_0
                         LUT6 (Prop_lut6_I0_O)        0.105     4.273 f  u_wb/defaultClockArea_axiBuffer/fifo_i_73/O
                         net (fo=71, unplaced)        0.438     4.711    u_wb/defaultClockArea_axiBuffer/when_AxiBuffer_l81__1
                         LUT4 (Prop_lut4_I0_O)        0.105     4.816 f  u_wb/defaultClockArea_axiBuffer/fifo_i_1/O
                         net (fo=11, unplaced)        0.393     5.209    u_wb/defaultClockArea_cpu/DCachePlugin_dataRAMs_1/wr_en
                         LUT3 (Prop_lut3_I2_O)        0.105     5.314 f  u_wb/defaultClockArea_cpu/DCachePlugin_dataRAMs_1/MEM_MEM1_to_MEM_MEM2_MEMORY_ADDRESS[31]_i_7/O
                         net (fo=1, unplaced)         0.347     5.661    u_wb/defaultClockArea_cpu/DCachePlugin_dataRAMs_1/MEM_MEM1_to_MEM_MEM2_MEMORY_ADDRESS[31]_i_7_n_0
                         LUT5 (Prop_lut5_I2_O)        0.105     5.766 r  u_wb/defaultClockArea_cpu/DCachePlugin_dataRAMs_1/MEM_MEM1_to_MEM_MEM2_MEMORY_ADDRESS[31]_i_5/O
                         net (fo=1, unplaced)         0.347     6.113    u_wb/defaultClockArea_cpu/DCachePlugin_dataRAMs_1/MEM_MEM2_arbitration_haltItself
                         LUT6 (Prop_lut6_I3_O)        0.105     6.218 r  u_wb/defaultClockArea_cpu/DCachePlugin_dataRAMs_1/MEM_MEM1_to_MEM_MEM2_MEMORY_ADDRESS[31]_i_3/O
                         net (fo=1, unplaced)         0.347     6.565    u_wb/defaultClockArea_cpu/DCachePlugin_dataRAMs_1/MEM_MEM1_to_MEM_MEM2_MEMORY_ADDRESS[31]_i_3_n_0
                         LUT5 (Prop_lut5_I3_O)        0.105     6.670 r  u_wb/defaultClockArea_cpu/DCachePlugin_dataRAMs_1/MEM_MEM1_to_MEM_MEM2_MEMORY_ADDRESS[31]_i_2/O
                         net (fo=32, unplaced)        0.418     7.088    u_wb/defaultClockArea_cpu/DCachePlugin_dataRAMs_1/MEM_MEM2_DCachePlugin_CACHEFSM_finishAllWay_reg
                         LUT2 (Prop_lut2_I0_O)        0.105     7.193 f  u_wb/defaultClockArea_cpu/DCachePlugin_dataRAMs_1/mem_i_76__4/O
                         net (fo=3, unplaced)         0.365     7.558    u_wb/defaultClockArea_cpu/DCachePlugin_dataRAMs_1/MEM_MEM2_DCachePlugin_fixUncacheFSM_stateReg_reg[0]
                         LUT5 (Prop_lut5_I4_O)        0.105     7.663 f  u_wb/defaultClockArea_cpu/DCachePlugin_dataRAMs_1/mem_i_66__7/O
                         net (fo=14, unplaced)        0.398     8.061    u_wb/defaultClockArea_cpu/DCachePlugin_dataRAMs_1_n_46
                         LUT2 (Prop_lut2_I1_O)        0.105     8.166 r  u_wb/defaultClockArea_cpu/MEM_ISS_to_MEM_RRD_ISSUE_SLOT_rRegs_0_payload[5]_i_1/O
                         net (fo=465, unplaced)       0.485     8.651    u_wb/defaultClockArea_cpu/when_Pipeline_l158_69
                         LUT5 (Prop_lut5_I4_O)        0.105     8.756 r  u_wb/defaultClockArea_cpu/MemIssueQueuePlugin_queue_4_payload_rRegs_1_valid_i_12/O
                         net (fo=44, unplaced)        0.426     9.182    u_wb/defaultClockArea_cpu/MemExecutePlugin_clrBusy_valid
                         LUT6 (Prop_lut6_I2_O)        0.105     9.287 r  u_wb/defaultClockArea_cpu/MulDivIssueQueuePlugin_queue_2_payload_rRegs_1_valid_i_23/O
                         net (fo=1, unplaced)         0.328     9.615    u_wb/defaultClockArea_cpu/unsignedDivider_3/MemIssueQueuePlugin_queue_4_payload_rRegs_1_valid_i_8_1
                         LUT6 (Prop_lut6_I1_O)        0.105     9.720 r  u_wb/defaultClockArea_cpu/unsignedDivider_3/MulDivIssueQueuePlugin_queue_2_payload_rRegs_1_valid_i_21/O
                         net (fo=2, unplaced)         0.358    10.078    u_wb/defaultClockArea_cpu/unsignedDivider_3/MulDivIssueQueuePlugin_queue_2_payload_rRegs_1_valid_i_21_n_0
                         LUT3 (Prop_lut3_I0_O)        0.105    10.183 r  u_wb/defaultClockArea_cpu/unsignedDivider_3/MemIssueQueuePlugin_queue_4_payload_rRegs_1_valid_i_8/O
                         net (fo=8, unplaced)         0.620    10.803    u_wb/defaultClockArea_cpu/unsignedDivider_3/MemIssueQueuePlugin_queue_4_payload_rRegs_1_valid_i_8_n_0
                         LUT5 (Prop_lut5_I0_O)        0.105    10.908 r  u_wb/defaultClockArea_cpu/unsignedDivider_3/IntIssueQueuePlugin_queue_6_payload_rRegs_1_valid_i_7/O
                         net (fo=7, unplaced)         0.382    11.290    u_wb/defaultClockArea_cpu/unsignedDivider_3/IntIssueQueuePlugin_queue_6_payload_rRegs_1_valid_i_7_n_0
                         LUT3 (Prop_lut3_I1_O)        0.105    11.395 f  u_wb/defaultClockArea_cpu/unsignedDivider_3/IntIssueQueuePlugin_queue_1_payload_rRegs_1_valid_i_5/O
                         net (fo=1, unplaced)         0.582    11.977    u_wb/defaultClockArea_cpu/unsignedDivider_3/IntIssueQueuePlugin_queue_1_payload_rRegs_1_valid_i_5_n_0
                         LUT6 (Prop_lut6_I0_O)        0.105    12.082 r  u_wb/defaultClockArea_cpu/unsignedDivider_3/IntIssueQueuePlugin_queue_1_payload_rRegs_1_valid_i_2/O
                         net (fo=4, unplaced)         0.606    12.688    u_wb/defaultClockArea_cpu/unsignedDivider_3/IntIssueQueuePlugin_queue_1_payload_rRegs_1_valid_i_2_n_0
                         LUT5 (Prop_lut5_I0_O)        0.105    12.793 r  u_wb/defaultClockArea_cpu/unsignedDivider_3/IntIssueQueuePlugin_queue_1_payload_rRegs_1_valid_i_1/O
                         net (fo=1, unplaced)         0.000    12.793    u_wb/defaultClockArea_cpu/unsignedDivider_3_n_121
                         FDRE                                         r  u_wb/defaultClockArea_cpu/IntIssueQueuePlugin_queue_1_payload_rRegs_1_valid_reg/D
  -------------------------------------------------------------------    -------------------

                         (clock aclk rise edge)      10.000    10.000 r  
                                                      0.000    10.000 r  aclk (IN)
                         net (fo=0)                   0.000    10.000    aclk
                         IBUF (Prop_ibuf_I_O)         0.751    10.751 r  aclk_IBUF_inst/O
                         net (fo=1, unplaced)         0.613    11.365    aclk_IBUF
                         BUFG (Prop_bufg_I_O)         0.077    11.442 r  aclk_IBUF_BUFG_inst/O
                         net (fo=17734, unplaced)     0.439    11.881    u_wb/defaultClockArea_cpu/aclk_IBUF_BUFG
                         FDRE                                         r  u_wb/defaultClockArea_cpu/IntIssueQueuePlugin_queue_1_payload_rRegs_1_valid_reg/C
                         clock pessimism              0.167    12.048    
                         clock uncertainty           -0.035    12.012    
                         FDRE (Setup_fdre_C_D)        0.029    12.041    u_wb/defaultClockArea_cpu/IntIssueQueuePlugin_queue_1_payload_rRegs_1_valid_reg
  -------------------------------------------------------------------
                         required time                         12.041    
                         arrival time                         -12.793    
  -------------------------------------------------------------------
                         slack                                 -0.751    

Slack (VIOLATED) :        -0.736ns  (required time - arrival time)
  Source:                 u_wb/defaultClockArea_axiBuffer/fifo/xpm_fifo_base_inst/xpm_fifo_rst_inst/gen_rst_cc.fifo_wr_rst_cc_reg[2]/C
                            (rising edge-triggered cell FDSE clocked by aclk  {rise@0.000ns fall@5.000ns period=10.000ns})
  Destination:            u_wb/defaultClockArea_cpu/IntIssueQueuePlugin_queue_2_payload_rRegs_0_valid_reg/D
                            (rising edge-triggered cell FDRE clocked by aclk  {rise@0.000ns fall@5.000ns period=10.000ns})
  Path Group:             aclk
  Path Type:              Setup (Max at Slow Process Corner)
  Requirement:            10.000ns  (aclk rise@10.000ns - aclk rise@0.000ns)
  Data Path Delay:        10.585ns  (logic 2.606ns (24.620%)  route 7.979ns (75.380%))
  Logic Levels:           20  (LUT2=5 LUT3=3 LUT4=2 LUT5=6 LUT6=4)
  Clock Path Skew:        -0.145ns (DCD - SCD + CPR)
    Destination Clock Delay (DCD):    1.881ns = ( 11.881 - 10.000 ) 
    Source Clock Delay      (SCD):    2.193ns
    Clock Pessimism Removal (CPR):    0.167ns
  Clock Uncertainty:      0.035ns  ((TSJ^2 + TIJ^2)^1/2 + DJ) / 2 + PE
    Total System Jitter     (TSJ):    0.071ns
    Total Input Jitter      (TIJ):    0.000ns
    Discrete Jitter          (DJ):    0.000ns
    Phase Error              (PE):    0.000ns

    Location             Delay type                Incr(ns)  Path(ns)    Netlist Resource(s)
  -------------------------------------------------------------------    -------------------
                         (clock aclk rise edge)       0.000     0.000 r  
                                                      0.000     0.000 r  aclk (IN)
                         net (fo=0)                   0.000     0.000    aclk
                         IBUF (Prop_ibuf_I_O)         0.882     0.882 r  aclk_IBUF_inst/O
                         net (fo=1, unplaced)         0.646     1.528    aclk_IBUF
                         BUFG (Prop_bufg_I_O)         0.081     1.609 r  aclk_IBUF_BUFG_inst/O
                         net (fo=17734, unplaced)     0.584     2.193    u_wb/defaultClockArea_axiBuffer/fifo/xpm_fifo_base_inst/xpm_fifo_rst_inst/wr_clk
                         FDSE                                         r  u_wb/defaultClockArea_axiBuffer/fifo/xpm_fifo_base_inst/xpm_fifo_rst_inst/gen_rst_cc.fifo_wr_rst_cc_reg[2]/C
  -------------------------------------------------------------------    -------------------
                         FDSE (Prop_fdse_C_Q)         0.379     2.572 f  u_wb/defaultClockArea_axiBuffer/fifo/xpm_fifo_base_inst/xpm_fifo_rst_inst/gen_rst_cc.fifo_wr_rst_cc_reg[2]/Q
                         net (fo=51, unplaced)        0.445     3.017    u_wb/defaultClockArea_axiBuffer/fifo/xpm_fifo_base_inst/xpm_fifo_rst_inst/Q[0]
                         LUT2 (Prop_lut2_I0_O)        0.232     3.249 f  u_wb/defaultClockArea_axiBuffer/fifo/xpm_fifo_base_inst/xpm_fifo_rst_inst/wr_rst_busy_INST_0/O
                         net (fo=144, unplaced)       0.456     3.705    u_wb/defaultClockArea_axiBuffer/fifo_rd_rst_busy
                         LUT2 (Prop_lut2_I0_O)        0.105     3.810 r  u_wb/defaultClockArea_axiBuffer/fifo_i_76/O
                         net (fo=2, unplaced)         0.358     4.168    u_wb/defaultClockArea_axiBuffer/fifo_i_76_n_0
                         LUT6 (Prop_lut6_I0_O)        0.105     4.273 f  u_wb/defaultClockArea_axiBuffer/fifo_i_73/O
                         net (fo=71, unplaced)        0.438     4.711    u_wb/defaultClockArea_axiBuffer/when_AxiBuffer_l81__1
                         LUT4 (Prop_lut4_I0_O)        0.105     4.816 f  u_wb/defaultClockArea_axiBuffer/fifo_i_1/O
                         net (fo=11, unplaced)        0.393     5.209    u_wb/defaultClockArea_cpu/DCachePlugin_dataRAMs_1/wr_en
                         LUT3 (Prop_lut3_I2_O)        0.105     5.314 f  u_wb/defaultClockArea_cpu/DCachePlugin_dataRAMs_1/MEM_MEM1_to_MEM_MEM2_MEMORY_ADDRESS[31]_i_7/O
                         net (fo=1, unplaced)         0.347     5.661    u_wb/defaultClockArea_cpu/DCachePlugin_dataRAMs_1/MEM_MEM1_to_MEM_MEM2_MEMORY_ADDRESS[31]_i_7_n_0
                         LUT5 (Prop_lut5_I2_O)        0.105     5.766 r  u_wb/defaultClockArea_cpu/DCachePlugin_dataRAMs_1/MEM_MEM1_to_MEM_MEM2_MEMORY_ADDRESS[31]_i_5/O
                         net (fo=1, unplaced)         0.347     6.113    u_wb/defaultClockArea_cpu/DCachePlugin_dataRAMs_1/MEM_MEM2_arbitration_haltItself
                         LUT6 (Prop_lut6_I3_O)        0.105     6.218 r  u_wb/defaultClockArea_cpu/DCachePlugin_dataRAMs_1/MEM_MEM1_to_MEM_MEM2_MEMORY_ADDRESS[31]_i_3/O
                         net (fo=1, unplaced)         0.347     6.565    u_wb/defaultClockArea_cpu/DCachePlugin_dataRAMs_1/MEM_MEM1_to_MEM_MEM2_MEMORY_ADDRESS[31]_i_3_n_0
                         LUT5 (Prop_lut5_I3_O)        0.105     6.670 r  u_wb/defaultClockArea_cpu/DCachePlugin_dataRAMs_1/MEM_MEM1_to_MEM_MEM2_MEMORY_ADDRESS[31]_i_2/O
                         net (fo=32, unplaced)        0.418     7.088    u_wb/defaultClockArea_cpu/DCachePlugin_dataRAMs_1/MEM_MEM2_DCachePlugin_CACHEFSM_finishAllWay_reg
                         LUT2 (Prop_lut2_I0_O)        0.105     7.193 f  u_wb/defaultClockArea_cpu/DCachePlugin_dataRAMs_1/mem_i_76__4/O
                         net (fo=3, unplaced)         0.365     7.558    u_wb/defaultClockArea_cpu/DCachePlugin_dataRAMs_1/MEM_MEM2_DCachePlugin_fixUncacheFSM_stateReg_reg[0]
                         LUT5 (Prop_lut5_I4_O)        0.105     7.663 f  u_wb/defaultClockArea_cpu/DCachePlugin_dataRAMs_1/mem_i_66__7/O
                         net (fo=14, unplaced)        0.398     8.061    u_wb/defaultClockArea_cpu/DCachePlugin_dataRAMs_1_n_46
                         LUT2 (Prop_lut2_I1_O)        0.105     8.166 r  u_wb/defaultClockArea_cpu/MEM_ISS_to_MEM_RRD_ISSUE_SLOT_rRegs_0_payload[5]_i_1/O
                         net (fo=465, unplaced)       0.485     8.651    u_wb/defaultClockArea_cpu/when_Pipeline_l158_69
                         LUT5 (Prop_lut5_I4_O)        0.105     8.756 r  u_wb/defaultClockArea_cpu/MemIssueQueuePlugin_queue_4_payload_rRegs_1_valid_i_12/O
                         net (fo=44, unplaced)        0.426     9.182    u_wb/defaultClockArea_cpu/MemExecutePlugin_clrBusy_valid
                         LUT5 (Prop_lut5_I2_O)        0.105     9.287 r  u_wb/defaultClockArea_cpu/MulDivIssueQueuePlugin_queue_2_payload_rRegs_0_valid_i_23/O
                         net (fo=1, unplaced)         0.347     9.634    u_wb/defaultClockArea_cpu/MulDivIssueQueuePlugin_queue_2_payload_rRegs_0_valid_i_23_n_0
                         LUT6 (Prop_lut6_I0_O)        0.105     9.739 r  u_wb/defaultClockArea_cpu/MulDivIssueQueuePlugin_queue_2_payload_rRegs_0_valid_i_21/O
                         net (fo=1, unplaced)         0.347    10.086    u_wb/defaultClockArea_cpu/unsignedDivider_3/MemIssueQueuePlugin_queue_3_payload_rRegs_0_valid_i_6_2
                         LUT4 (Prop_lut4_I3_O)        0.105    10.191 f  u_wb/defaultClockArea_cpu/unsignedDivider_3/MulDivIssueQueuePlugin_queue_2_payload_rRegs_0_valid_i_10/O
                         net (fo=11, unplaced)        0.393    10.584    u_wb/defaultClockArea_cpu/unsignedDivider_3/MulDivIssueQueuePlugin_queue_2_payload_rRegs_0_valid_i_10_n_0
                         LUT3 (Prop_lut3_I0_O)        0.105    10.689 r  u_wb/defaultClockArea_cpu/unsignedDivider_3/IntIssueQueuePlugin_queue_6_payload_rRegs_0_valid_i_2/O
                         net (fo=5, unplaced)         0.375    11.064    u_wb/defaultClockArea_cpu/unsignedDivider_3/IntIssueQueuePlugin_queue_6_payload_rRegs_0_valid_i_2_n_0
                         LUT2 (Prop_lut2_I1_O)        0.105    11.169 f  u_wb/defaultClockArea_cpu/unsignedDivider_3/IntIssueQueuePlugin_queue_1_payload_rRegs_0_valid_i_27/O
                         net (fo=1, unplaced)         0.582    11.751    u_wb/defaultClockArea_cpu/unsignedDivider_3/IntIssueQueuePlugin_queue_1_payload_rRegs_0_valid_i_27_n_0
                         LUT6 (Prop_lut6_I0_O)        0.105    11.856 f  u_wb/defaultClockArea_cpu/unsignedDivider_3/IntIssueQueuePlugin_queue_1_payload_rRegs_0_valid_i_11/O
                         net (fo=3, unplaced)         0.365    12.221    u_wb/defaultClockArea_cpu/unsignedDivider_3/IntIssueQueuePlugin_queue_1_payload_rRegs_0_valid_i_11_n_0
                         LUT3 (Prop_lut3_I2_O)        0.105    12.326 f  u_wb/defaultClockArea_cpu/unsignedDivider_3/IntIssueQueuePlugin_queue_2_payload_rRegs_0_valid_i_2/O
                         net (fo=1, unplaced)         0.347    12.673    u_wb/defaultClockArea_cpu/unsignedDivider_3/IntIssueQueuePlugin_queue_2_payload_rRegs_0_valid_i_2_n_0
                         LUT5 (Prop_lut5_I2_O)        0.105    12.778 r  u_wb/defaultClockArea_cpu/unsignedDivider_3/IntIssueQueuePlugin_queue_2_payload_rRegs_0_valid_i_1/O
                         net (fo=1, unplaced)         0.000    12.778    u_wb/defaultClockArea_cpu/unsignedDivider_3_n_118
                         FDRE                                         r  u_wb/defaultClockArea_cpu/IntIssueQueuePlugin_queue_2_payload_rRegs_0_valid_reg/D
  -------------------------------------------------------------------    -------------------

                         (clock aclk rise edge)      10.000    10.000 r  
                                                      0.000    10.000 r  aclk (IN)
                         net (fo=0)                   0.000    10.000    aclk
                         IBUF (Prop_ibuf_I_O)         0.751    10.751 r  aclk_IBUF_inst/O
                         net (fo=1, unplaced)         0.613    11.365    aclk_IBUF
                         BUFG (Prop_bufg_I_O)         0.077    11.442 r  aclk_IBUF_BUFG_inst/O
                         net (fo=17734, unplaced)     0.439    11.881    u_wb/defaultClockArea_cpu/aclk_IBUF_BUFG
                         FDRE                                         r  u_wb/defaultClockArea_cpu/IntIssueQueuePlugin_queue_2_payload_rRegs_0_valid_reg/C
                         clock pessimism              0.167    12.048    
                         clock uncertainty           -0.035    12.012    
                         FDRE (Setup_fdre_C_D)        0.029    12.041    u_wb/defaultClockArea_cpu/IntIssueQueuePlugin_queue_2_payload_rRegs_0_valid_reg
  -------------------------------------------------------------------
                         required time                         12.041    
                         arrival time                         -12.778    
  -------------------------------------------------------------------
                         slack                                 -0.736    

Slack (VIOLATED) :        -0.735ns  (required time - arrival time)
  Source:                 u_wb/defaultClockArea_axiBuffer/fifo/xpm_fifo_base_inst/xpm_fifo_rst_inst/gen_rst_cc.fifo_wr_rst_cc_reg[2]/C
                            (rising edge-triggered cell FDSE clocked by aclk  {rise@0.000ns fall@5.000ns period=10.000ns})
  Destination:            u_wb/defaultClockArea_cpu/IntIssueQueuePlugin_queue_3_payload_rRegs_0_valid_reg/D
                            (rising edge-triggered cell FDRE clocked by aclk  {rise@0.000ns fall@5.000ns period=10.000ns})
  Path Group:             aclk
  Path Type:              Setup (Max at Slow Process Corner)
  Requirement:            10.000ns  (aclk rise@10.000ns - aclk rise@0.000ns)
  Data Path Delay:        10.584ns  (logic 2.606ns (24.622%)  route 7.978ns (75.378%))
  Logic Levels:           20  (LUT2=4 LUT3=3 LUT4=1 LUT5=7 LUT6=5)
  Clock Path Skew:        -0.145ns (DCD - SCD + CPR)
    Destination Clock Delay (DCD):    1.881ns = ( 11.881 - 10.000 ) 
    Source Clock Delay      (SCD):    2.193ns
    Clock Pessimism Removal (CPR):    0.167ns
  Clock Uncertainty:      0.035ns  ((TSJ^2 + TIJ^2)^1/2 + DJ) / 2 + PE
    Total System Jitter     (TSJ):    0.071ns
    Total Input Jitter      (TIJ):    0.000ns
    Discrete Jitter          (DJ):    0.000ns
    Phase Error              (PE):    0.000ns

    Location             Delay type                Incr(ns)  Path(ns)    Netlist Resource(s)
  -------------------------------------------------------------------    -------------------
                         (clock aclk rise edge)       0.000     0.000 r  
                                                      0.000     0.000 r  aclk (IN)
                         net (fo=0)                   0.000     0.000    aclk
                         IBUF (Prop_ibuf_I_O)         0.882     0.882 r  aclk_IBUF_inst/O
                         net (fo=1, unplaced)         0.646     1.528    aclk_IBUF
                         BUFG (Prop_bufg_I_O)         0.081     1.609 r  aclk_IBUF_BUFG_inst/O
                         net (fo=17734, unplaced)     0.584     2.193    u_wb/defaultClockArea_axiBuffer/fifo/xpm_fifo_base_inst/xpm_fifo_rst_inst/wr_clk
                         FDSE                                         r  u_wb/defaultClockArea_axiBuffer/fifo/xpm_fifo_base_inst/xpm_fifo_rst_inst/gen_rst_cc.fifo_wr_rst_cc_reg[2]/C
  -------------------------------------------------------------------    -------------------
                         FDSE (Prop_fdse_C_Q)         0.379     2.572 f  u_wb/defaultClockArea_axiBuffer/fifo/xpm_fifo_base_inst/xpm_fifo_rst_inst/gen_rst_cc.fifo_wr_rst_cc_reg[2]/Q
                         net (fo=51, unplaced)        0.445     3.017    u_wb/defaultClockArea_axiBuffer/fifo/xpm_fifo_base_inst/xpm_fifo_rst_inst/Q[0]
                         LUT2 (Prop_lut2_I0_O)        0.232     3.249 f  u_wb/defaultClockArea_axiBuffer/fifo/xpm_fifo_base_inst/xpm_fifo_rst_inst/wr_rst_busy_INST_0/O
                         net (fo=144, unplaced)       0.456     3.705    u_wb/defaultClockArea_axiBuffer/fifo_rd_rst_busy
                         LUT2 (Prop_lut2_I0_O)        0.105     3.810 r  u_wb/defaultClockArea_axiBuffer/fifo_i_76/O
                         net (fo=2, unplaced)         0.358     4.168    u_wb/defaultClockArea_axiBuffer/fifo_i_76_n_0
                         LUT6 (Prop_lut6_I0_O)        0.105     4.273 f  u_wb/defaultClockArea_axiBuffer/fifo_i_73/O
                         net (fo=71, unplaced)        0.438     4.711    u_wb/defaultClockArea_axiBuffer/when_AxiBuffer_l81__1
                         LUT4 (Prop_lut4_I0_O)        0.105     4.816 f  u_wb/defaultClockArea_axiBuffer/fifo_i_1/O
                         net (fo=11, unplaced)        0.393     5.209    u_wb/defaultClockArea_cpu/DCachePlugin_dataRAMs_1/wr_en
                         LUT3 (Prop_lut3_I2_O)        0.105     5.314 f  u_wb/defaultClockArea_cpu/DCachePlugin_dataRAMs_1/MEM_MEM1_to_MEM_MEM2_MEMORY_ADDRESS[31]_i_7/O
                         net (fo=1, unplaced)         0.347     5.661    u_wb/defaultClockArea_cpu/DCachePlugin_dataRAMs_1/MEM_MEM1_to_MEM_MEM2_MEMORY_ADDRESS[31]_i_7_n_0
                         LUT5 (Prop_lut5_I2_O)        0.105     5.766 r  u_wb/defaultClockArea_cpu/DCachePlugin_dataRAMs_1/MEM_MEM1_to_MEM_MEM2_MEMORY_ADDRESS[31]_i_5/O
                         net (fo=1, unplaced)         0.347     6.113    u_wb/defaultClockArea_cpu/DCachePlugin_dataRAMs_1/MEM_MEM2_arbitration_haltItself
                         LUT6 (Prop_lut6_I3_O)        0.105     6.218 r  u_wb/defaultClockArea_cpu/DCachePlugin_dataRAMs_1/MEM_MEM1_to_MEM_MEM2_MEMORY_ADDRESS[31]_i_3/O
                         net (fo=1, unplaced)         0.347     6.565    u_wb/defaultClockArea_cpu/DCachePlugin_dataRAMs_1/MEM_MEM1_to_MEM_MEM2_MEMORY_ADDRESS[31]_i_3_n_0
                         LUT5 (Prop_lut5_I3_O)        0.105     6.670 r  u_wb/defaultClockArea_cpu/DCachePlugin_dataRAMs_1/MEM_MEM1_to_MEM_MEM2_MEMORY_ADDRESS[31]_i_2/O
                         net (fo=32, unplaced)        0.418     7.088    u_wb/defaultClockArea_cpu/DCachePlugin_dataRAMs_1/MEM_MEM2_DCachePlugin_CACHEFSM_finishAllWay_reg
                         LUT2 (Prop_lut2_I0_O)        0.105     7.193 f  u_wb/defaultClockArea_cpu/DCachePlugin_dataRAMs_1/mem_i_76__4/O
                         net (fo=3, unplaced)         0.365     7.558    u_wb/defaultClockArea_cpu/DCachePlugin_dataRAMs_1/MEM_MEM2_DCachePlugin_fixUncacheFSM_stateReg_reg[0]
                         LUT5 (Prop_lut5_I4_O)        0.105     7.663 f  u_wb/defaultClockArea_cpu/DCachePlugin_dataRAMs_1/mem_i_66__7/O
                         net (fo=14, unplaced)        0.398     8.061    u_wb/defaultClockArea_cpu/DCachePlugin_dataRAMs_1_n_46
                         LUT2 (Prop_lut2_I1_O)        0.105     8.166 r  u_wb/defaultClockArea_cpu/MEM_ISS_to_MEM_RRD_ISSUE_SLOT_rRegs_0_payload[5]_i_1/O
                         net (fo=465, unplaced)       0.485     8.651    u_wb/defaultClockArea_cpu/when_Pipeline_l158_69
                         LUT5 (Prop_lut5_I4_O)        0.105     8.756 r  u_wb/defaultClockArea_cpu/MemIssueQueuePlugin_queue_4_payload_rRegs_1_valid_i_12/O
                         net (fo=44, unplaced)        0.426     9.182    u_wb/defaultClockArea_cpu/MemExecutePlugin_clrBusy_valid
                         LUT6 (Prop_lut6_I2_O)        0.105     9.287 r  u_wb/defaultClockArea_cpu/MulDivIssueQueuePlugin_queue_0_payload_rRegs_0_valid_i_20/O
                         net (fo=1, unplaced)         0.347     9.634    u_wb/defaultClockArea_cpu/MulDivIssueQueuePlugin_queue_0_payload_rRegs_0_valid_i_20_n_0
                         LUT5 (Prop_lut5_I4_O)        0.105     9.739 f  u_wb/defaultClockArea_cpu/MulDivIssueQueuePlugin_queue_0_payload_rRegs_0_valid_i_8/O
                         net (fo=1, unplaced)         0.347    10.086    u_wb/defaultClockArea_cpu/unsignedDivider_3/MulDivIssueQueuePlugin_queue_0_payload_rRegs_0_valid_i_2_0
                         LUT6 (Prop_lut6_I1_O)        0.105    10.191 f  u_wb/defaultClockArea_cpu/unsignedDivider_3/MulDivIssueQueuePlugin_queue_0_payload_rRegs_0_valid_i_4/O
                         net (fo=6, unplaced)         0.379    10.570    u_wb/defaultClockArea_cpu/unsignedDivider_3/MulDivIssueQueuePlugin_queue_0_payload_rRegs_0_valid_i_4_n_0
                         LUT5 (Prop_lut5_I2_O)        0.105    10.675 r  u_wb/defaultClockArea_cpu/unsignedDivider_3/IntIssueQueuePlugin_queue_6_payload_rRegs_0_valid_i_9/O
                         net (fo=7, unplaced)         0.382    11.057    u_wb/defaultClockArea_cpu/unsignedDivider_3/IntIssueQueuePlugin_queue_6_payload_rRegs_0_valid_i_9_n_0
                         LUT3 (Prop_lut3_I1_O)        0.105    11.162 f  u_wb/defaultClockArea_cpu/unsignedDivider_3/IntIssueQueuePlugin_queue_1_payload_rRegs_0_valid_i_5/O
                         net (fo=1, unplaced)         0.582    11.744    u_wb/defaultClockArea_cpu/unsignedDivider_3/IntIssueQueuePlugin_queue_1_payload_rRegs_0_valid_i_5_n_0
                         LUT6 (Prop_lut6_I0_O)        0.105    11.849 r  u_wb/defaultClockArea_cpu/unsignedDivider_3/IntIssueQueuePlugin_queue_1_payload_rRegs_0_valid_i_2/O
                         net (fo=4, unplaced)         0.371    12.220    u_wb/defaultClockArea_cpu/unsignedDivider_3/IntIssueQueuePlugin_queue_1_payload_rRegs_0_valid_i_2_n_0
                         LUT3 (Prop_lut3_I2_O)        0.105    12.325 r  u_wb/defaultClockArea_cpu/unsignedDivider_3/IntIssueQueuePlugin_queue_3_payload_rRegs_0_valid_i_2/O
                         net (fo=1, unplaced)         0.347    12.672    u_wb/defaultClockArea_cpu/unsignedDivider_3/IntIssueQueuePlugin_queue_3_payload_rRegs_0_valid_i_2_n_0
                         LUT5 (Prop_lut5_I2_O)        0.105    12.777 r  u_wb/defaultClockArea_cpu/unsignedDivider_3/IntIssueQueuePlugin_queue_3_payload_rRegs_0_valid_i_1/O
                         net (fo=1, unplaced)         0.000    12.777    u_wb/defaultClockArea_cpu/unsignedDivider_3_n_115
                         FDRE                                         r  u_wb/defaultClockArea_cpu/IntIssueQueuePlugin_queue_3_payload_rRegs_0_valid_reg/D
  -------------------------------------------------------------------    -------------------

                         (clock aclk rise edge)      10.000    10.000 r  
                                                      0.000    10.000 r  aclk (IN)
                         net (fo=0)                   0.000    10.000    aclk
                         IBUF (Prop_ibuf_I_O)         0.751    10.751 r  aclk_IBUF_inst/O
                         net (fo=1, unplaced)         0.613    11.365    aclk_IBUF
                         BUFG (Prop_bufg_I_O)         0.077    11.442 r  aclk_IBUF_BUFG_inst/O
                         net (fo=17734, unplaced)     0.439    11.881    u_wb/defaultClockArea_cpu/aclk_IBUF_BUFG
                         FDRE                                         r  u_wb/defaultClockArea_cpu/IntIssueQueuePlugin_queue_3_payload_rRegs_0_valid_reg/C
                         clock pessimism              0.167    12.048    
                         clock uncertainty           -0.035    12.012    
                         FDRE (Setup_fdre_C_D)        0.029    12.041    u_wb/defaultClockArea_cpu/IntIssueQueuePlugin_queue_3_payload_rRegs_0_valid_reg
  -------------------------------------------------------------------
                         required time                         12.041    
                         arrival time                         -12.777    
  -------------------------------------------------------------------
                         slack                                 -0.735    

Slack (VIOLATED) :        -0.717ns  (required time - arrival time)
  Source:                 u_wb/defaultClockArea_axiBuffer/fifo/xpm_fifo_base_inst/xpm_fifo_rst_inst/gen_rst_cc.fifo_wr_rst_cc_reg[2]/C
                            (rising edge-triggered cell FDSE clocked by aclk  {rise@0.000ns fall@5.000ns period=10.000ns})
  Destination:            u_wb/defaultClockArea_cpu/IntIssueQueuePlugin_queue_0_payload_rRegs_0_valid_reg/D
                            (rising edge-triggered cell FDRE clocked by aclk  {rise@0.000ns fall@5.000ns period=10.000ns})
  Path Group:             aclk
  Path Type:              Setup (Max at Slow Process Corner)
  Requirement:            10.000ns  (aclk rise@10.000ns - aclk rise@0.000ns)
  Data Path Delay:        10.566ns  (logic 2.606ns (24.664%)  route 7.960ns (75.336%))
  Logic Levels:           20  (LUT2=5 LUT3=2 LUT4=3 LUT5=6 LUT6=4)
  Clock Path Skew:        -0.145ns (DCD - SCD + CPR)
    Destination Clock Delay (DCD):    1.881ns = ( 11.881 - 10.000 ) 
    Source Clock Delay      (SCD):    2.193ns
    Clock Pessimism Removal (CPR):    0.167ns
  Clock Uncertainty:      0.035ns  ((TSJ^2 + TIJ^2)^1/2 + DJ) / 2 + PE
    Total System Jitter     (TSJ):    0.071ns
    Total Input Jitter      (TIJ):    0.000ns
    Discrete Jitter          (DJ):    0.000ns
    Phase Error              (PE):    0.000ns

    Location             Delay type                Incr(ns)  Path(ns)    Netlist Resource(s)
  -------------------------------------------------------------------    -------------------
                         (clock aclk rise edge)       0.000     0.000 r  
                                                      0.000     0.000 r  aclk (IN)
                         net (fo=0)                   0.000     0.000    aclk
                         IBUF (Prop_ibuf_I_O)         0.882     0.882 r  aclk_IBUF_inst/O
                         net (fo=1, unplaced)         0.646     1.528    aclk_IBUF
                         BUFG (Prop_bufg_I_O)         0.081     1.609 r  aclk_IBUF_BUFG_inst/O
                         net (fo=17734, unplaced)     0.584     2.193    u_wb/defaultClockArea_axiBuffer/fifo/xpm_fifo_base_inst/xpm_fifo_rst_inst/wr_clk
                         FDSE                                         r  u_wb/defaultClockArea_axiBuffer/fifo/xpm_fifo_base_inst/xpm_fifo_rst_inst/gen_rst_cc.fifo_wr_rst_cc_reg[2]/C
  -------------------------------------------------------------------    -------------------
                         FDSE (Prop_fdse_C_Q)         0.379     2.572 f  u_wb/defaultClockArea_axiBuffer/fifo/xpm_fifo_base_inst/xpm_fifo_rst_inst/gen_rst_cc.fifo_wr_rst_cc_reg[2]/Q
                         net (fo=51, unplaced)        0.445     3.017    u_wb/defaultClockArea_axiBuffer/fifo/xpm_fifo_base_inst/xpm_fifo_rst_inst/Q[0]
                         LUT2 (Prop_lut2_I0_O)        0.232     3.249 f  u_wb/defaultClockArea_axiBuffer/fifo/xpm_fifo_base_inst/xpm_fifo_rst_inst/wr_rst_busy_INST_0/O
                         net (fo=144, unplaced)       0.456     3.705    u_wb/defaultClockArea_axiBuffer/fifo_rd_rst_busy
                         LUT2 (Prop_lut2_I0_O)        0.105     3.810 r  u_wb/defaultClockArea_axiBuffer/fifo_i_76/O
                         net (fo=2, unplaced)         0.358     4.168    u_wb/defaultClockArea_axiBuffer/fifo_i_76_n_0
                         LUT6 (Prop_lut6_I0_O)        0.105     4.273 f  u_wb/defaultClockArea_axiBuffer/fifo_i_73/O
                         net (fo=71, unplaced)        0.438     4.711    u_wb/defaultClockArea_axiBuffer/when_AxiBuffer_l81__1
                         LUT4 (Prop_lut4_I0_O)        0.105     4.816 f  u_wb/defaultClockArea_axiBuffer/fifo_i_1/O
                         net (fo=11, unplaced)        0.393     5.209    u_wb/defaultClockArea_cpu/DCachePlugin_dataRAMs_1/wr_en
                         LUT3 (Prop_lut3_I2_O)        0.105     5.314 f  u_wb/defaultClockArea_cpu/DCachePlugin_dataRAMs_1/MEM_MEM1_to_MEM_MEM2_MEMORY_ADDRESS[31]_i_7/O
                         net (fo=1, unplaced)         0.347     5.661    u_wb/defaultClockArea_cpu/DCachePlugin_dataRAMs_1/MEM_MEM1_to_MEM_MEM2_MEMORY_ADDRESS[31]_i_7_n_0
                         LUT5 (Prop_lut5_I2_O)        0.105     5.766 r  u_wb/defaultClockArea_cpu/DCachePlugin_dataRAMs_1/MEM_MEM1_to_MEM_MEM2_MEMORY_ADDRESS[31]_i_5/O
                         net (fo=1, unplaced)         0.347     6.113    u_wb/defaultClockArea_cpu/DCachePlugin_dataRAMs_1/MEM_MEM2_arbitration_haltItself
                         LUT6 (Prop_lut6_I3_O)        0.105     6.218 r  u_wb/defaultClockArea_cpu/DCachePlugin_dataRAMs_1/MEM_MEM1_to_MEM_MEM2_MEMORY_ADDRESS[31]_i_3/O
                         net (fo=1, unplaced)         0.347     6.565    u_wb/defaultClockArea_cpu/DCachePlugin_dataRAMs_1/MEM_MEM1_to_MEM_MEM2_MEMORY_ADDRESS[31]_i_3_n_0
                         LUT5 (Prop_lut5_I3_O)        0.105     6.670 r  u_wb/defaultClockArea_cpu/DCachePlugin_dataRAMs_1/MEM_MEM1_to_MEM_MEM2_MEMORY_ADDRESS[31]_i_2/O
                         net (fo=32, unplaced)        0.418     7.088    u_wb/defaultClockArea_cpu/DCachePlugin_dataRAMs_1/MEM_MEM2_DCachePlugin_CACHEFSM_finishAllWay_reg
                         LUT2 (Prop_lut2_I0_O)        0.105     7.193 f  u_wb/defaultClockArea_cpu/DCachePlugin_dataRAMs_1/mem_i_76__4/O
                         net (fo=3, unplaced)         0.365     7.558    u_wb/defaultClockArea_cpu/DCachePlugin_dataRAMs_1/MEM_MEM2_DCachePlugin_fixUncacheFSM_stateReg_reg[0]
                         LUT5 (Prop_lut5_I4_O)        0.105     7.663 f  u_wb/defaultClockArea_cpu/DCachePlugin_dataRAMs_1/mem_i_66__7/O
                         net (fo=14, unplaced)        0.398     8.061    u_wb/defaultClockArea_cpu/DCachePlugin_dataRAMs_1_n_46
                         LUT2 (Prop_lut2_I1_O)        0.105     8.166 r  u_wb/defaultClockArea_cpu/MEM_ISS_to_MEM_RRD_ISSUE_SLOT_rRegs_0_payload[5]_i_1/O
                         net (fo=465, unplaced)       0.485     8.651    u_wb/defaultClockArea_cpu/when_Pipeline_l158_69
                         LUT5 (Prop_lut5_I4_O)        0.105     8.756 r  u_wb/defaultClockArea_cpu/MemIssueQueuePlugin_queue_4_payload_rRegs_1_valid_i_12/O
                         net (fo=44, unplaced)        0.426     9.182    u_wb/defaultClockArea_cpu/MemExecutePlugin_clrBusy_valid
                         LUT5 (Prop_lut5_I2_O)        0.105     9.287 r  u_wb/defaultClockArea_cpu/MulDivIssueQueuePlugin_queue_2_payload_rRegs_0_valid_i_23/O
                         net (fo=1, unplaced)         0.347     9.634    u_wb/defaultClockArea_cpu/MulDivIssueQueuePlugin_queue_2_payload_rRegs_0_valid_i_23_n_0
                         LUT6 (Prop_lut6_I0_O)        0.105     9.739 r  u_wb/defaultClockArea_cpu/MulDivIssueQueuePlugin_queue_2_payload_rRegs_0_valid_i_21/O
                         net (fo=1, unplaced)         0.347    10.086    u_wb/defaultClockArea_cpu/unsignedDivider_3/MemIssueQueuePlugin_queue_3_payload_rRegs_0_valid_i_6_2
                         LUT4 (Prop_lut4_I3_O)        0.105    10.191 f  u_wb/defaultClockArea_cpu/unsignedDivider_3/MulDivIssueQueuePlugin_queue_2_payload_rRegs_0_valid_i_10/O
                         net (fo=11, unplaced)        0.393    10.584    u_wb/defaultClockArea_cpu/unsignedDivider_3/MulDivIssueQueuePlugin_queue_2_payload_rRegs_0_valid_i_10_n_0
                         LUT3 (Prop_lut3_I0_O)        0.105    10.689 r  u_wb/defaultClockArea_cpu/unsignedDivider_3/IntIssueQueuePlugin_queue_6_payload_rRegs_0_valid_i_2/O
                         net (fo=5, unplaced)         0.375    11.064    u_wb/defaultClockArea_cpu/unsignedDivider_3/IntIssueQueuePlugin_queue_6_payload_rRegs_0_valid_i_2_n_0
                         LUT2 (Prop_lut2_I1_O)        0.105    11.169 f  u_wb/defaultClockArea_cpu/unsignedDivider_3/IntIssueQueuePlugin_queue_1_payload_rRegs_0_valid_i_27/O
                         net (fo=1, unplaced)         0.582    11.751    u_wb/defaultClockArea_cpu/unsignedDivider_3/IntIssueQueuePlugin_queue_1_payload_rRegs_0_valid_i_27_n_0
                         LUT6 (Prop_lut6_I0_O)        0.105    11.856 f  u_wb/defaultClockArea_cpu/unsignedDivider_3/IntIssueQueuePlugin_queue_1_payload_rRegs_0_valid_i_11/O
                         net (fo=3, unplaced)         0.365    12.221    u_wb/defaultClockArea_cpu/unsignedDivider_3/IntIssueQueuePlugin_queue_1_payload_rRegs_0_valid_i_11_n_0
                         LUT4 (Prop_lut4_I3_O)        0.105    12.326 r  u_wb/defaultClockArea_cpu/unsignedDivider_3/IntIssueQueuePlugin_queue_0_payload_rRegs_0_valid_i_2/O
                         net (fo=1, unplaced)         0.328    12.654    u_wb/defaultClockArea_cpu/unsignedDivider_3/IntIssueQueuePlugin_queue_0_payload_rRegs_0_valid_i_2_n_0
                         LUT5 (Prop_lut5_I0_O)        0.105    12.759 r  u_wb/defaultClockArea_cpu/unsignedDivider_3/IntIssueQueuePlugin_queue_0_payload_rRegs_0_valid_i_1/O
                         net (fo=1, unplaced)         0.000    12.759    u_wb/defaultClockArea_cpu/unsignedDivider_3_n_75
                         FDRE                                         r  u_wb/defaultClockArea_cpu/IntIssueQueuePlugin_queue_0_payload_rRegs_0_valid_reg/D
  -------------------------------------------------------------------    -------------------

                         (clock aclk rise edge)      10.000    10.000 r  
                                                      0.000    10.000 r  aclk (IN)
                         net (fo=0)                   0.000    10.000    aclk
                         IBUF (Prop_ibuf_I_O)         0.751    10.751 r  aclk_IBUF_inst/O
                         net (fo=1, unplaced)         0.613    11.365    aclk_IBUF
                         BUFG (Prop_bufg_I_O)         0.077    11.442 r  aclk_IBUF_BUFG_inst/O
                         net (fo=17734, unplaced)     0.439    11.881    u_wb/defaultClockArea_cpu/aclk_IBUF_BUFG
                         FDRE                                         r  u_wb/defaultClockArea_cpu/IntIssueQueuePlugin_queue_0_payload_rRegs_0_valid_reg/C
                         clock pessimism              0.167    12.048    
                         clock uncertainty           -0.035    12.012    
                         FDRE (Setup_fdre_C_D)        0.029    12.041    u_wb/defaultClockArea_cpu/IntIssueQueuePlugin_queue_0_payload_rRegs_0_valid_reg
  -------------------------------------------------------------------
                         required time                         12.041    
                         arrival time                         -12.759    
  -------------------------------------------------------------------
                         slack                                 -0.717    

Slack (VIOLATED) :        -0.717ns  (required time - arrival time)
  Source:                 u_wb/defaultClockArea_axiBuffer/fifo/xpm_fifo_base_inst/xpm_fifo_rst_inst/gen_rst_cc.fifo_wr_rst_cc_reg[2]/C
                            (rising edge-triggered cell FDSE clocked by aclk  {rise@0.000ns fall@5.000ns period=10.000ns})
  Destination:            u_wb/defaultClockArea_cpu/IntIssueQueuePlugin_queue_1_payload_rRegs_0_valid_reg/D
                            (rising edge-triggered cell FDRE clocked by aclk  {rise@0.000ns fall@5.000ns period=10.000ns})
  Path Group:             aclk
  Path Type:              Setup (Max at Slow Process Corner)
  Requirement:            10.000ns  (aclk rise@10.000ns - aclk rise@0.000ns)
  Data Path Delay:        10.566ns  (logic 2.606ns (24.664%)  route 7.960ns (75.336%))
  Logic Levels:           20  (LUT2=5 LUT3=3 LUT4=2 LUT5=6 LUT6=4)
  Clock Path Skew:        -0.145ns (DCD - SCD + CPR)
    Destination Clock Delay (DCD):    1.881ns = ( 11.881 - 10.000 ) 
    Source Clock Delay      (SCD):    2.193ns
    Clock Pessimism Removal (CPR):    0.167ns
  Clock Uncertainty:      0.035ns  ((TSJ^2 + TIJ^2)^1/2 + DJ) / 2 + PE
    Total System Jitter     (TSJ):    0.071ns
    Total Input Jitter      (TIJ):    0.000ns
    Discrete Jitter          (DJ):    0.000ns
    Phase Error              (PE):    0.000ns

    Location             Delay type                Incr(ns)  Path(ns)    Netlist Resource(s)
  -------------------------------------------------------------------    -------------------
                         (clock aclk rise edge)       0.000     0.000 r  
                                                      0.000     0.000 r  aclk (IN)
                         net (fo=0)                   0.000     0.000    aclk
                         IBUF (Prop_ibuf_I_O)         0.882     0.882 r  aclk_IBUF_inst/O
                         net (fo=1, unplaced)         0.646     1.528    aclk_IBUF
                         BUFG (Prop_bufg_I_O)         0.081     1.609 r  aclk_IBUF_BUFG_inst/O
                         net (fo=17734, unplaced)     0.584     2.193    u_wb/defaultClockArea_axiBuffer/fifo/xpm_fifo_base_inst/xpm_fifo_rst_inst/wr_clk
                         FDSE                                         r  u_wb/defaultClockArea_axiBuffer/fifo/xpm_fifo_base_inst/xpm_fifo_rst_inst/gen_rst_cc.fifo_wr_rst_cc_reg[2]/C
  -------------------------------------------------------------------    -------------------
                         FDSE (Prop_fdse_C_Q)         0.379     2.572 f  u_wb/defaultClockArea_axiBuffer/fifo/xpm_fifo_base_inst/xpm_fifo_rst_inst/gen_rst_cc.fifo_wr_rst_cc_reg[2]/Q
                         net (fo=51, unplaced)        0.445     3.017    u_wb/defaultClockArea_axiBuffer/fifo/xpm_fifo_base_inst/xpm_fifo_rst_inst/Q[0]
                         LUT2 (Prop_lut2_I0_O)        0.232     3.249 f  u_wb/defaultClockArea_axiBuffer/fifo/xpm_fifo_base_inst/xpm_fifo_rst_inst/wr_rst_busy_INST_0/O
                         net (fo=144, unplaced)       0.456     3.705    u_wb/defaultClockArea_axiBuffer/fifo_rd_rst_busy
                         LUT2 (Prop_lut2_I0_O)        0.105     3.810 r  u_wb/defaultClockArea_axiBuffer/fifo_i_76/O
                         net (fo=2, unplaced)         0.358     4.168    u_wb/defaultClockArea_axiBuffer/fifo_i_76_n_0
                         LUT6 (Prop_lut6_I0_O)        0.105     4.273 f  u_wb/defaultClockArea_axiBuffer/fifo_i_73/O
                         net (fo=71, unplaced)        0.438     4.711    u_wb/defaultClockArea_axiBuffer/when_AxiBuffer_l81__1
                         LUT4 (Prop_lut4_I0_O)        0.105     4.816 f  u_wb/defaultClockArea_axiBuffer/fifo_i_1/O
                         net (fo=11, unplaced)        0.393     5.209    u_wb/defaultClockArea_cpu/DCachePlugin_dataRAMs_1/wr_en
                         LUT3 (Prop_lut3_I2_O)        0.105     5.314 f  u_wb/defaultClockArea_cpu/DCachePlugin_dataRAMs_1/MEM_MEM1_to_MEM_MEM2_MEMORY_ADDRESS[31]_i_7/O
                         net (fo=1, unplaced)         0.347     5.661    u_wb/defaultClockArea_cpu/DCachePlugin_dataRAMs_1/MEM_MEM1_to_MEM_MEM2_MEMORY_ADDRESS[31]_i_7_n_0
                         LUT5 (Prop_lut5_I2_O)        0.105     5.766 r  u_wb/defaultClockArea_cpu/DCachePlugin_dataRAMs_1/MEM_MEM1_to_MEM_MEM2_MEMORY_ADDRESS[31]_i_5/O
                         net (fo=1, unplaced)         0.347     6.113    u_wb/defaultClockArea_cpu/DCachePlugin_dataRAMs_1/MEM_MEM2_arbitration_haltItself
                         LUT6 (Prop_lut6_I3_O)        0.105     6.218 r  u_wb/defaultClockArea_cpu/DCachePlugin_dataRAMs_1/MEM_MEM1_to_MEM_MEM2_MEMORY_ADDRESS[31]_i_3/O
                         net (fo=1, unplaced)         0.347     6.565    u_wb/defaultClockArea_cpu/DCachePlugin_dataRAMs_1/MEM_MEM1_to_MEM_MEM2_MEMORY_ADDRESS[31]_i_3_n_0
                         LUT5 (Prop_lut5_I3_O)        0.105     6.670 r  u_wb/defaultClockArea_cpu/DCachePlugin_dataRAMs_1/MEM_MEM1_to_MEM_MEM2_MEMORY_ADDRESS[31]_i_2/O
                         net (fo=32, unplaced)        0.418     7.088    u_wb/defaultClockArea_cpu/DCachePlugin_dataRAMs_1/MEM_MEM2_DCachePlugin_CACHEFSM_finishAllWay_reg
                         LUT2 (Prop_lut2_I0_O)        0.105     7.193 f  u_wb/defaultClockArea_cpu/DCachePlugin_dataRAMs_1/mem_i_76__4/O
                         net (fo=3, unplaced)         0.365     7.558    u_wb/defaultClockArea_cpu/DCachePlugin_dataRAMs_1/MEM_MEM2_DCachePlugin_fixUncacheFSM_stateReg_reg[0]
                         LUT5 (Prop_lut5_I4_O)        0.105     7.663 f  u_wb/defaultClockArea_cpu/DCachePlugin_dataRAMs_1/mem_i_66__7/O
                         net (fo=14, unplaced)        0.398     8.061    u_wb/defaultClockArea_cpu/DCachePlugin_dataRAMs_1_n_46
                         LUT2 (Prop_lut2_I1_O)        0.105     8.166 r  u_wb/defaultClockArea_cpu/MEM_ISS_to_MEM_RRD_ISSUE_SLOT_rRegs_0_payload[5]_i_1/O
                         net (fo=465, unplaced)       0.485     8.651    u_wb/defaultClockArea_cpu/when_Pipeline_l158_69
                         LUT5 (Prop_lut5_I4_O)        0.105     8.756 r  u_wb/defaultClockArea_cpu/MemIssueQueuePlugin_queue_4_payload_rRegs_1_valid_i_12/O
                         net (fo=44, unplaced)        0.426     9.182    u_wb/defaultClockArea_cpu/MemExecutePlugin_clrBusy_valid
                         LUT5 (Prop_lut5_I2_O)        0.105     9.287 r  u_wb/defaultClockArea_cpu/MulDivIssueQueuePlugin_queue_2_payload_rRegs_0_valid_i_23/O
                         net (fo=1, unplaced)         0.347     9.634    u_wb/defaultClockArea_cpu/MulDivIssueQueuePlugin_queue_2_payload_rRegs_0_valid_i_23_n_0
                         LUT6 (Prop_lut6_I0_O)        0.105     9.739 r  u_wb/defaultClockArea_cpu/MulDivIssueQueuePlugin_queue_2_payload_rRegs_0_valid_i_21/O
                         net (fo=1, unplaced)         0.347    10.086    u_wb/defaultClockArea_cpu/unsignedDivider_3/MemIssueQueuePlugin_queue_3_payload_rRegs_0_valid_i_6_2
                         LUT4 (Prop_lut4_I3_O)        0.105    10.191 f  u_wb/defaultClockArea_cpu/unsignedDivider_3/MulDivIssueQueuePlugin_queue_2_payload_rRegs_0_valid_i_10/O
                         net (fo=11, unplaced)        0.393    10.584    u_wb/defaultClockArea_cpu/unsignedDivider_3/MulDivIssueQueuePlugin_queue_2_payload_rRegs_0_valid_i_10_n_0
                         LUT3 (Prop_lut3_I0_O)        0.105    10.689 r  u_wb/defaultClockArea_cpu/unsignedDivider_3/IntIssueQueuePlugin_queue_6_payload_rRegs_0_valid_i_2/O
                         net (fo=5, unplaced)         0.375    11.064    u_wb/defaultClockArea_cpu/unsignedDivider_3/IntIssueQueuePlugin_queue_6_payload_rRegs_0_valid_i_2_n_0
                         LUT2 (Prop_lut2_I1_O)        0.105    11.169 f  u_wb/defaultClockArea_cpu/unsignedDivider_3/IntIssueQueuePlugin_queue_1_payload_rRegs_0_valid_i_27/O
                         net (fo=1, unplaced)         0.582    11.751    u_wb/defaultClockArea_cpu/unsignedDivider_3/IntIssueQueuePlugin_queue_1_payload_rRegs_0_valid_i_27_n_0
                         LUT6 (Prop_lut6_I0_O)        0.105    11.856 f  u_wb/defaultClockArea_cpu/unsignedDivider_3/IntIssueQueuePlugin_queue_1_payload_rRegs_0_valid_i_11/O
                         net (fo=3, unplaced)         0.346    12.202    u_wb/defaultClockArea_cpu/unsignedDivider_3/IntIssueQueuePlugin_queue_1_payload_rRegs_0_valid_i_11_n_0
                         LUT3 (Prop_lut3_I0_O)        0.105    12.307 f  u_wb/defaultClockArea_cpu/unsignedDivider_3/IntIssueQueuePlugin_queue_1_payload_rRegs_0_valid_i_3/O
                         net (fo=1, unplaced)         0.347    12.654    u_wb/defaultClockArea_cpu/unsignedDivider_3/IntIssueQueuePlugin_queue_1_payload_rRegs_0_valid_i_3_n_0
                         LUT5 (Prop_lut5_I2_O)        0.105    12.759 r  u_wb/defaultClockArea_cpu/unsignedDivider_3/IntIssueQueuePlugin_queue_1_payload_rRegs_0_valid_i_1/O
                         net (fo=1, unplaced)         0.000    12.759    u_wb/defaultClockArea_cpu/unsignedDivider_3_n_120
                         FDRE                                         r  u_wb/defaultClockArea_cpu/IntIssueQueuePlugin_queue_1_payload_rRegs_0_valid_reg/D
  -------------------------------------------------------------------    -------------------

                         (clock aclk rise edge)      10.000    10.000 r  
                                                      0.000    10.000 r  aclk (IN)
                         net (fo=0)                   0.000    10.000    aclk
                         IBUF (Prop_ibuf_I_O)         0.751    10.751 r  aclk_IBUF_inst/O
                         net (fo=1, unplaced)         0.613    11.365    aclk_IBUF
                         BUFG (Prop_bufg_I_O)         0.077    11.442 r  aclk_IBUF_BUFG_inst/O
                         net (fo=17734, unplaced)     0.439    11.881    u_wb/defaultClockArea_cpu/aclk_IBUF_BUFG
                         FDRE                                         r  u_wb/defaultClockArea_cpu/IntIssueQueuePlugin_queue_1_payload_rRegs_0_valid_reg/C
                         clock pessimism              0.167    12.048    
                         clock uncertainty           -0.035    12.012    
                         FDRE (Setup_fdre_C_D)        0.029    12.041    u_wb/defaultClockArea_cpu/IntIssueQueuePlugin_queue_1_payload_rRegs_0_valid_reg
  -------------------------------------------------------------------
                         required time                         12.041    
                         arrival time                         -12.759    
  -------------------------------------------------------------------
                         slack                                 -0.717    

Slack (VIOLATED) :        -0.516ns  (required time - arrival time)
  Source:                 u_wb/defaultClockArea_axiBuffer/fifo/xpm_fifo_base_inst/xpm_fifo_rst_inst/gen_rst_cc.fifo_wr_rst_cc_reg[2]/C
                            (rising edge-triggered cell FDSE clocked by aclk  {rise@0.000ns fall@5.000ns period=10.000ns})
  Destination:            u_wb/defaultClockArea_cpu/IntIssueQueuePlugin_queue_4_payload_rRegs_1_valid_reg/D
                            (rising edge-triggered cell FDRE clocked by aclk  {rise@0.000ns fall@5.000ns period=10.000ns})
  Path Group:             aclk
  Path Type:              Setup (Max at Slow Process Corner)
  Requirement:            10.000ns  (aclk rise@10.000ns - aclk rise@0.000ns)
  Data Path Delay:        10.365ns  (logic 2.501ns (24.129%)  route 7.864ns (75.871%))
  Logic Levels:           19  (LUT2=4 LUT3=2 LUT4=1 LUT5=7 LUT6=5)
  Clock Path Skew:        -0.145ns (DCD - SCD + CPR)
    Destination Clock Delay (DCD):    1.881ns = ( 11.881 - 10.000 ) 
    Source Clock Delay      (SCD):    2.193ns
    Clock Pessimism Removal (CPR):    0.167ns
  Clock Uncertainty:      0.035ns  ((TSJ^2 + TIJ^2)^1/2 + DJ) / 2 + PE
    Total System Jitter     (TSJ):    0.071ns
    Total Input Jitter      (TIJ):    0.000ns
    Discrete Jitter          (DJ):    0.000ns
    Phase Error              (PE):    0.000ns

    Location             Delay type                Incr(ns)  Path(ns)    Netlist Resource(s)
  -------------------------------------------------------------------    -------------------
                         (clock aclk rise edge)       0.000     0.000 r  
                                                      0.000     0.000 r  aclk (IN)
                         net (fo=0)                   0.000     0.000    aclk
                         IBUF (Prop_ibuf_I_O)         0.882     0.882 r  aclk_IBUF_inst/O
                         net (fo=1, unplaced)         0.646     1.528    aclk_IBUF
                         BUFG (Prop_bufg_I_O)         0.081     1.609 r  aclk_IBUF_BUFG_inst/O
                         net (fo=17734, unplaced)     0.584     2.193    u_wb/defaultClockArea_axiBuffer/fifo/xpm_fifo_base_inst/xpm_fifo_rst_inst/wr_clk
                         FDSE                                         r  u_wb/defaultClockArea_axiBuffer/fifo/xpm_fifo_base_inst/xpm_fifo_rst_inst/gen_rst_cc.fifo_wr_rst_cc_reg[2]/C
  -------------------------------------------------------------------    -------------------
                         FDSE (Prop_fdse_C_Q)         0.379     2.572 f  u_wb/defaultClockArea_axiBuffer/fifo/xpm_fifo_base_inst/xpm_fifo_rst_inst/gen_rst_cc.fifo_wr_rst_cc_reg[2]/Q
                         net (fo=51, unplaced)        0.445     3.017    u_wb/defaultClockArea_axiBuffer/fifo/xpm_fifo_base_inst/xpm_fifo_rst_inst/Q[0]
                         LUT2 (Prop_lut2_I0_O)        0.232     3.249 f  u_wb/defaultClockArea_axiBuffer/fifo/xpm_fifo_base_inst/xpm_fifo_rst_inst/wr_rst_busy_INST_0/O
                         net (fo=144, unplaced)       0.456     3.705    u_wb/defaultClockArea_axiBuffer/fifo_rd_rst_busy
                         LUT2 (Prop_lut2_I0_O)        0.105     3.810 r  u_wb/defaultClockArea_axiBuffer/fifo_i_76/O
                         net (fo=2, unplaced)         0.358     4.168    u_wb/defaultClockArea_axiBuffer/fifo_i_76_n_0
                         LUT6 (Prop_lut6_I0_O)        0.105     4.273 f  u_wb/defaultClockArea_axiBuffer/fifo_i_73/O
                         net (fo=71, unplaced)        0.438     4.711    u_wb/defaultClockArea_axiBuffer/when_AxiBuffer_l81__1
                         LUT4 (Prop_lut4_I0_O)        0.105     4.816 f  u_wb/defaultClockArea_axiBuffer/fifo_i_1/O
                         net (fo=11, unplaced)        0.393     5.209    u_wb/defaultClockArea_cpu/DCachePlugin_dataRAMs_1/wr_en
                         LUT3 (Prop_lut3_I2_O)        0.105     5.314 f  u_wb/defaultClockArea_cpu/DCachePlugin_dataRAMs_1/MEM_MEM1_to_MEM_MEM2_MEMORY_ADDRESS[31]_i_7/O
                         net (fo=1, unplaced)         0.347     5.661    u_wb/defaultClockArea_cpu/DCachePlugin_dataRAMs_1/MEM_MEM1_to_MEM_MEM2_MEMORY_ADDRESS[31]_i_7_n_0
                         LUT5 (Prop_lut5_I2_O)        0.105     5.766 r  u_wb/defaultClockArea_cpu/DCachePlugin_dataRAMs_1/MEM_MEM1_to_MEM_MEM2_MEMORY_ADDRESS[31]_i_5/O
                         net (fo=1, unplaced)         0.347     6.113    u_wb/defaultClockArea_cpu/DCachePlugin_dataRAMs_1/MEM_MEM2_arbitration_haltItself
                         LUT6 (Prop_lut6_I3_O)        0.105     6.218 r  u_wb/defaultClockArea_cpu/DCachePlugin_dataRAMs_1/MEM_MEM1_to_MEM_MEM2_MEMORY_ADDRESS[31]_i_3/O
                         net (fo=1, unplaced)         0.347     6.565    u_wb/defaultClockArea_cpu/DCachePlugin_dataRAMs_1/MEM_MEM1_to_MEM_MEM2_MEMORY_ADDRESS[31]_i_3_n_0
                         LUT5 (Prop_lut5_I3_O)        0.105     6.670 r  u_wb/defaultClockArea_cpu/DCachePlugin_dataRAMs_1/MEM_MEM1_to_MEM_MEM2_MEMORY_ADDRESS[31]_i_2/O
                         net (fo=32, unplaced)        0.418     7.088    u_wb/defaultClockArea_cpu/DCachePlugin_dataRAMs_1/MEM_MEM2_DCachePlugin_CACHEFSM_finishAllWay_reg
                         LUT2 (Prop_lut2_I0_O)        0.105     7.193 f  u_wb/defaultClockArea_cpu/DCachePlugin_dataRAMs_1/mem_i_76__4/O
                         net (fo=3, unplaced)         0.365     7.558    u_wb/defaultClockArea_cpu/DCachePlugin_dataRAMs_1/MEM_MEM2_DCachePlugin_fixUncacheFSM_stateReg_reg[0]
                         LUT5 (Prop_lut5_I4_O)        0.105     7.663 f  u_wb/defaultClockArea_cpu/DCachePlugin_dataRAMs_1/mem_i_66__7/O
                         net (fo=14, unplaced)        0.398     8.061    u_wb/defaultClockArea_cpu/DCachePlugin_dataRAMs_1_n_46
                         LUT2 (Prop_lut2_I1_O)        0.105     8.166 r  u_wb/defaultClockArea_cpu/MEM_ISS_to_MEM_RRD_ISSUE_SLOT_rRegs_0_payload[5]_i_1/O
                         net (fo=465, unplaced)       0.485     8.651    u_wb/defaultClockArea_cpu/when_Pipeline_l158_69
                         LUT5 (Prop_lut5_I4_O)        0.105     8.756 r  u_wb/defaultClockArea_cpu/MemIssueQueuePlugin_queue_4_payload_rRegs_1_valid_i_12/O
                         net (fo=44, unplaced)        0.426     9.182    u_wb/defaultClockArea_cpu/MemExecutePlugin_clrBusy_valid
                         LUT6 (Prop_lut6_I2_O)        0.105     9.287 r  u_wb/defaultClockArea_cpu/MulDivIssueQueuePlugin_queue_2_payload_rRegs_1_valid_i_23/O
                         net (fo=1, unplaced)         0.328     9.615    u_wb/defaultClockArea_cpu/unsignedDivider_3/MemIssueQueuePlugin_queue_4_payload_rRegs_1_valid_i_8_1
                         LUT6 (Prop_lut6_I1_O)        0.105     9.720 r  u_wb/defaultClockArea_cpu/unsignedDivider_3/MulDivIssueQueuePlugin_queue_2_payload_rRegs_1_valid_i_21/O
                         net (fo=2, unplaced)         0.358    10.078    u_wb/defaultClockArea_cpu/unsignedDivider_3/MulDivIssueQueuePlugin_queue_2_payload_rRegs_1_valid_i_21_n_0
                         LUT3 (Prop_lut3_I0_O)        0.105    10.183 r  u_wb/defaultClockArea_cpu/unsignedDivider_3/MemIssueQueuePlugin_queue_4_payload_rRegs_1_valid_i_8/O
                         net (fo=8, unplaced)         0.620    10.803    u_wb/defaultClockArea_cpu/unsignedDivider_3/MemIssueQueuePlugin_queue_4_payload_rRegs_1_valid_i_8_n_0
                         LUT5 (Prop_lut5_I0_O)        0.105    10.908 r  u_wb/defaultClockArea_cpu/unsignedDivider_3/IntIssueQueuePlugin_queue_6_payload_rRegs_1_valid_i_7/O
                         net (fo=7, unplaced)         0.382    11.290    u_wb/defaultClockArea_cpu/unsignedDivider_3/IntIssueQueuePlugin_queue_6_payload_rRegs_1_valid_i_7_n_0
                         LUT6 (Prop_lut6_I0_O)        0.105    11.395 r  u_wb/defaultClockArea_cpu/unsignedDivider_3/IntIssueQueuePlugin_queue_6_payload_rRegs_1_valid_i_4/O
                         net (fo=1, unplaced)         0.347    11.742    u_wb/defaultClockArea_cpu/unsignedDivider_3/IntIssueQueuePlugin_queue_6_payload_rRegs_1_valid_i_4_n_0
                         LUT5 (Prop_lut5_I4_O)        0.105    11.847 r  u_wb/defaultClockArea_cpu/unsignedDivider_3/IntIssueQueuePlugin_queue_6_payload_rRegs_1_valid_i_1/O
                         net (fo=4, unplaced)         0.606    12.453    u_wb/defaultClockArea_cpu/unsignedDivider_3/RENAME_to_DISPATCH_PUSH_INDEXES_2_payload_reg[1]_rep__0_0
                         LUT5 (Prop_lut5_I0_O)        0.105    12.558 r  u_wb/defaultClockArea_cpu/unsignedDivider_3/IntIssueQueuePlugin_queue_4_payload_rRegs_1_valid_i_1/O
                         net (fo=1, unplaced)         0.000    12.558    u_wb/defaultClockArea_cpu/unsignedDivider_3_n_116
                         FDRE                                         r  u_wb/defaultClockArea_cpu/IntIssueQueuePlugin_queue_4_payload_rRegs_1_valid_reg/D
  -------------------------------------------------------------------    -------------------

                         (clock aclk rise edge)      10.000    10.000 r  
                                                      0.000    10.000 r  aclk (IN)
                         net (fo=0)                   0.000    10.000    aclk
                         IBUF (Prop_ibuf_I_O)         0.751    10.751 r  aclk_IBUF_inst/O
                         net (fo=1, unplaced)         0.613    11.365    aclk_IBUF
                         BUFG (Prop_bufg_I_O)         0.077    11.442 r  aclk_IBUF_BUFG_inst/O
                         net (fo=17734, unplaced)     0.439    11.881    u_wb/defaultClockArea_cpu/aclk_IBUF_BUFG
                         FDRE                                         r  u_wb/defaultClockArea_cpu/IntIssueQueuePlugin_queue_4_payload_rRegs_1_valid_reg/C
                         clock pessimism              0.167    12.048    
                         clock uncertainty           -0.035    12.012    
                         FDRE (Setup_fdre_C_D)        0.029    12.041    u_wb/defaultClockArea_cpu/IntIssueQueuePlugin_queue_4_payload_rRegs_1_valid_reg
  -------------------------------------------------------------------
                         required time                         12.041    
                         arrival time                         -12.558    
  -------------------------------------------------------------------
                         slack                                 -0.516    

Slack (VIOLATED) :        -0.290ns  (required time - arrival time)
  Source:                 u_wb/defaultClockArea_axiBuffer/fifo/xpm_fifo_base_inst/xpm_fifo_rst_inst/gen_rst_cc.fifo_wr_rst_cc_reg[2]/C
                            (rising edge-triggered cell FDSE clocked by aclk  {rise@0.000ns fall@5.000ns period=10.000ns})
  Destination:            u_wb/defaultClockArea_cpu/IntIssueQueuePlugin_queue_4_payload_rRegs_0_valid_reg/D
                            (rising edge-triggered cell FDRE clocked by aclk  {rise@0.000ns fall@5.000ns period=10.000ns})
  Path Group:             aclk
  Path Type:              Setup (Max at Slow Process Corner)
  Requirement:            10.000ns  (aclk rise@10.000ns - aclk rise@0.000ns)
  Data Path Delay:        10.139ns  (logic 2.501ns (24.667%)  route 7.638ns (75.333%))
  Logic Levels:           19  (LUT2=5 LUT3=2 LUT4=2 LUT5=6 LUT6=4)
  Clock Path Skew:        -0.145ns (DCD - SCD + CPR)
    Destination Clock Delay (DCD):    1.881ns = ( 11.881 - 10.000 ) 
    Source Clock Delay      (SCD):    2.193ns
    Clock Pessimism Removal (CPR):    0.167ns
  Clock Uncertainty:      0.035ns  ((TSJ^2 + TIJ^2)^1/2 + DJ) / 2 + PE
    Total System Jitter     (TSJ):    0.071ns
    Total Input Jitter      (TIJ):    0.000ns
    Discrete Jitter          (DJ):    0.000ns
    Phase Error              (PE):    0.000ns

    Location             Delay type                Incr(ns)  Path(ns)    Netlist Resource(s)
  -------------------------------------------------------------------    -------------------
                         (clock aclk rise edge)       0.000     0.000 r  
                                                      0.000     0.000 r  aclk (IN)
                         net (fo=0)                   0.000     0.000    aclk
                         IBUF (Prop_ibuf_I_O)         0.882     0.882 r  aclk_IBUF_inst/O
                         net (fo=1, unplaced)         0.646     1.528    aclk_IBUF
                         BUFG (Prop_bufg_I_O)         0.081     1.609 r  aclk_IBUF_BUFG_inst/O
                         net (fo=17734, unplaced)     0.584     2.193    u_wb/defaultClockArea_axiBuffer/fifo/xpm_fifo_base_inst/xpm_fifo_rst_inst/wr_clk
                         FDSE                                         r  u_wb/defaultClockArea_axiBuffer/fifo/xpm_fifo_base_inst/xpm_fifo_rst_inst/gen_rst_cc.fifo_wr_rst_cc_reg[2]/C
  -------------------------------------------------------------------    -------------------
                         FDSE (Prop_fdse_C_Q)         0.379     2.572 f  u_wb/defaultClockArea_axiBuffer/fifo/xpm_fifo_base_inst/xpm_fifo_rst_inst/gen_rst_cc.fifo_wr_rst_cc_reg[2]/Q
                         net (fo=51, unplaced)        0.445     3.017    u_wb/defaultClockArea_axiBuffer/fifo/xpm_fifo_base_inst/xpm_fifo_rst_inst/Q[0]
                         LUT2 (Prop_lut2_I0_O)        0.232     3.249 f  u_wb/defaultClockArea_axiBuffer/fifo/xpm_fifo_base_inst/xpm_fifo_rst_inst/wr_rst_busy_INST_0/O
                         net (fo=144, unplaced)       0.456     3.705    u_wb/defaultClockArea_axiBuffer/fifo_rd_rst_busy
                         LUT2 (Prop_lut2_I0_O)        0.105     3.810 r  u_wb/defaultClockArea_axiBuffer/fifo_i_76/O
                         net (fo=2, unplaced)         0.358     4.168    u_wb/defaultClockArea_axiBuffer/fifo_i_76_n_0
                         LUT6 (Prop_lut6_I0_O)        0.105     4.273 f  u_wb/defaultClockArea_axiBuffer/fifo_i_73/O
                         net (fo=71, unplaced)        0.438     4.711    u_wb/defaultClockArea_axiBuffer/when_AxiBuffer_l81__1
                         LUT4 (Prop_lut4_I0_O)        0.105     4.816 f  u_wb/defaultClockArea_axiBuffer/fifo_i_1/O
                         net (fo=11, unplaced)        0.393     5.209    u_wb/defaultClockArea_cpu/DCachePlugin_dataRAMs_1/wr_en
                         LUT3 (Prop_lut3_I2_O)        0.105     5.314 f  u_wb/defaultClockArea_cpu/DCachePlugin_dataRAMs_1/MEM_MEM1_to_MEM_MEM2_MEMORY_ADDRESS[31]_i_7/O
                         net (fo=1, unplaced)         0.347     5.661    u_wb/defaultClockArea_cpu/DCachePlugin_dataRAMs_1/MEM_MEM1_to_MEM_MEM2_MEMORY_ADDRESS[31]_i_7_n_0
                         LUT5 (Prop_lut5_I2_O)        0.105     5.766 r  u_wb/defaultClockArea_cpu/DCachePlugin_dataRAMs_1/MEM_MEM1_to_MEM_MEM2_MEMORY_ADDRESS[31]_i_5/O
                         net (fo=1, unplaced)         0.347     6.113    u_wb/defaultClockArea_cpu/DCachePlugin_dataRAMs_1/MEM_MEM2_arbitration_haltItself
                         LUT6 (Prop_lut6_I3_O)        0.105     6.218 r  u_wb/defaultClockArea_cpu/DCachePlugin_dataRAMs_1/MEM_MEM1_to_MEM_MEM2_MEMORY_ADDRESS[31]_i_3/O
                         net (fo=1, unplaced)         0.347     6.565    u_wb/defaultClockArea_cpu/DCachePlugin_dataRAMs_1/MEM_MEM1_to_MEM_MEM2_MEMORY_ADDRESS[31]_i_3_n_0
                         LUT5 (Prop_lut5_I3_O)        0.105     6.670 r  u_wb/defaultClockArea_cpu/DCachePlugin_dataRAMs_1/MEM_MEM1_to_MEM_MEM2_MEMORY_ADDRESS[31]_i_2/O
                         net (fo=32, unplaced)        0.418     7.088    u_wb/defaultClockArea_cpu/DCachePlugin_dataRAMs_1/MEM_MEM2_DCachePlugin_CACHEFSM_finishAllWay_reg
                         LUT2 (Prop_lut2_I0_O)        0.105     7.193 f  u_wb/defaultClockArea_cpu/DCachePlugin_dataRAMs_1/mem_i_76__4/O
                         net (fo=3, unplaced)         0.365     7.558    u_wb/defaultClockArea_cpu/DCachePlugin_dataRAMs_1/MEM_MEM2_DCachePlugin_fixUncacheFSM_stateReg_reg[0]
                         LUT5 (Prop_lut5_I4_O)        0.105     7.663 f  u_wb/defaultClockArea_cpu/DCachePlugin_dataRAMs_1/mem_i_66__7/O
                         net (fo=14, unplaced)        0.398     8.061    u_wb/defaultClockArea_cpu/DCachePlugin_dataRAMs_1_n_46
                         LUT2 (Prop_lut2_I1_O)        0.105     8.166 r  u_wb/defaultClockArea_cpu/MEM_ISS_to_MEM_RRD_ISSUE_SLOT_rRegs_0_payload[5]_i_1/O
                         net (fo=465, unplaced)       0.485     8.651    u_wb/defaultClockArea_cpu/when_Pipeline_l158_69
                         LUT5 (Prop_lut5_I4_O)        0.105     8.756 r  u_wb/defaultClockArea_cpu/MemIssueQueuePlugin_queue_4_payload_rRegs_1_valid_i_12/O
                         net (fo=44, unplaced)        0.426     9.182    u_wb/defaultClockArea_cpu/MemExecutePlugin_clrBusy_valid
                         LUT5 (Prop_lut5_I2_O)        0.105     9.287 r  u_wb/defaultClockArea_cpu/MulDivIssueQueuePlugin_queue_2_payload_rRegs_0_valid_i_23/O
                         net (fo=1, unplaced)         0.347     9.634    u_wb/defaultClockArea_cpu/MulDivIssueQueuePlugin_queue_2_payload_rRegs_0_valid_i_23_n_0
                         LUT6 (Prop_lut6_I0_O)        0.105     9.739 r  u_wb/defaultClockArea_cpu/MulDivIssueQueuePlugin_queue_2_payload_rRegs_0_valid_i_21/O
                         net (fo=1, unplaced)         0.347    10.086    u_wb/defaultClockArea_cpu/unsignedDivider_3/MemIssueQueuePlugin_queue_3_payload_rRegs_0_valid_i_6_2
                         LUT4 (Prop_lut4_I3_O)        0.105    10.191 f  u_wb/defaultClockArea_cpu/unsignedDivider_3/MulDivIssueQueuePlugin_queue_2_payload_rRegs_0_valid_i_10/O
                         net (fo=11, unplaced)        0.393    10.584    u_wb/defaultClockArea_cpu/unsignedDivider_3/MulDivIssueQueuePlugin_queue_2_payload_rRegs_0_valid_i_10_n_0
                         LUT3 (Prop_lut3_I0_O)        0.105    10.689 r  u_wb/defaultClockArea_cpu/unsignedDivider_3/IntIssueQueuePlugin_queue_6_payload_rRegs_0_valid_i_2/O
                         net (fo=5, unplaced)         0.375    11.064    u_wb/defaultClockArea_cpu/unsignedDivider_3/IntIssueQueuePlugin_queue_6_payload_rRegs_0_valid_i_2_n_0
                         LUT2 (Prop_lut2_I0_O)        0.105    11.169 r  u_wb/defaultClockArea_cpu/unsignedDivider_3/IntIssueQueuePlugin_queue_1_payload_rRegs_0_valid_i_13/O
                         net (fo=1, unplaced)         0.582    11.751    u_wb/defaultClockArea_cpu/unsignedDivider_3/IntIssueQueuePlugin_queue_1_payload_rRegs_0_valid_i_13_n_0
                         LUT6 (Prop_lut6_I0_O)        0.105    11.856 r  u_wb/defaultClockArea_cpu/unsignedDivider_3/IntIssueQueuePlugin_queue_1_payload_rRegs_0_valid_i_4/O
                         net (fo=4, unplaced)         0.371    12.227    u_wb/defaultClockArea_cpu/unsignedDivider_3/IntIssueQueuePlugin_queue_1_payload_rRegs_0_valid_i_4_n_0
                         LUT5 (Prop_lut5_I4_O)        0.105    12.332 r  u_wb/defaultClockArea_cpu/unsignedDivider_3/IntIssueQueuePlugin_queue_4_payload_rRegs_0_valid_i_1/O
                         net (fo=1, unplaced)         0.000    12.332    u_wb/defaultClockArea_cpu/unsignedDivider_3_n_117
                         FDRE                                         r  u_wb/defaultClockArea_cpu/IntIssueQueuePlugin_queue_4_payload_rRegs_0_valid_reg/D
  -------------------------------------------------------------------    -------------------

                         (clock aclk rise edge)      10.000    10.000 r  
                                                      0.000    10.000 r  aclk (IN)
                         net (fo=0)                   0.000    10.000    aclk
                         IBUF (Prop_ibuf_I_O)         0.751    10.751 r  aclk_IBUF_inst/O
                         net (fo=1, unplaced)         0.613    11.365    aclk_IBUF
                         BUFG (Prop_bufg_I_O)         0.077    11.442 r  aclk_IBUF_BUFG_inst/O
                         net (fo=17734, unplaced)     0.439    11.881    u_wb/defaultClockArea_cpu/aclk_IBUF_BUFG
                         FDRE                                         r  u_wb/defaultClockArea_cpu/IntIssueQueuePlugin_queue_4_payload_rRegs_0_valid_reg/C
                         clock pessimism              0.167    12.048    
                         clock uncertainty           -0.035    12.012    
                         FDRE (Setup_fdre_C_D)        0.029    12.041    u_wb/defaultClockArea_cpu/IntIssueQueuePlugin_queue_4_payload_rRegs_0_valid_reg
  -------------------------------------------------------------------
                         required time                         12.041    
                         arrival time                         -12.332    
  -------------------------------------------------------------------
                         slack                                 -0.290    

Slack (VIOLATED) :        -0.281ns  (required time - arrival time)
  Source:                 u_wb/defaultClockArea_axiBuffer/fifo/xpm_fifo_base_inst/xpm_fifo_rst_inst/gen_rst_cc.fifo_wr_rst_cc_reg[2]/C
                            (rising edge-triggered cell FDSE clocked by aclk  {rise@0.000ns fall@5.000ns period=10.000ns})
  Destination:            u_wb/defaultClockArea_cpu/IntIssueQueuePlugin_queue_5_payload_rRegs_1_valid_reg/D
                            (rising edge-triggered cell FDRE clocked by aclk  {rise@0.000ns fall@5.000ns period=10.000ns})
  Path Group:             aclk
  Path Type:              Setup (Max at Slow Process Corner)
  Requirement:            10.000ns  (aclk rise@10.000ns - aclk rise@0.000ns)
  Data Path Delay:        10.130ns  (logic 2.501ns (24.689%)  route 7.629ns (75.311%))
  Logic Levels:           19  (LUT2=5 LUT3=2 LUT4=1 LUT5=6 LUT6=5)
  Clock Path Skew:        -0.145ns (DCD - SCD + CPR)
    Destination Clock Delay (DCD):    1.881ns = ( 11.881 - 10.000 ) 
    Source Clock Delay      (SCD):    2.193ns
    Clock Pessimism Removal (CPR):    0.167ns
  Clock Uncertainty:      0.035ns  ((TSJ^2 + TIJ^2)^1/2 + DJ) / 2 + PE
    Total System Jitter     (TSJ):    0.071ns
    Total Input Jitter      (TIJ):    0.000ns
    Discrete Jitter          (DJ):    0.000ns
    Phase Error              (PE):    0.000ns

    Location             Delay type                Incr(ns)  Path(ns)    Netlist Resource(s)
  -------------------------------------------------------------------    -------------------
                         (clock aclk rise edge)       0.000     0.000 r  
                                                      0.000     0.000 r  aclk (IN)
                         net (fo=0)                   0.000     0.000    aclk
                         IBUF (Prop_ibuf_I_O)         0.882     0.882 r  aclk_IBUF_inst/O
                         net (fo=1, unplaced)         0.646     1.528    aclk_IBUF
                         BUFG (Prop_bufg_I_O)         0.081     1.609 r  aclk_IBUF_BUFG_inst/O
                         net (fo=17734, unplaced)     0.584     2.193    u_wb/defaultClockArea_axiBuffer/fifo/xpm_fifo_base_inst/xpm_fifo_rst_inst/wr_clk
                         FDSE                                         r  u_wb/defaultClockArea_axiBuffer/fifo/xpm_fifo_base_inst/xpm_fifo_rst_inst/gen_rst_cc.fifo_wr_rst_cc_reg[2]/C
  -------------------------------------------------------------------    -------------------
                         FDSE (Prop_fdse_C_Q)         0.379     2.572 f  u_wb/defaultClockArea_axiBuffer/fifo/xpm_fifo_base_inst/xpm_fifo_rst_inst/gen_rst_cc.fifo_wr_rst_cc_reg[2]/Q
                         net (fo=51, unplaced)        0.445     3.017    u_wb/defaultClockArea_axiBuffer/fifo/xpm_fifo_base_inst/xpm_fifo_rst_inst/Q[0]
                         LUT2 (Prop_lut2_I0_O)        0.232     3.249 f  u_wb/defaultClockArea_axiBuffer/fifo/xpm_fifo_base_inst/xpm_fifo_rst_inst/wr_rst_busy_INST_0/O
                         net (fo=144, unplaced)       0.456     3.705    u_wb/defaultClockArea_axiBuffer/fifo_rd_rst_busy
                         LUT2 (Prop_lut2_I0_O)        0.105     3.810 r  u_wb/defaultClockArea_axiBuffer/fifo_i_76/O
                         net (fo=2, unplaced)         0.358     4.168    u_wb/defaultClockArea_axiBuffer/fifo_i_76_n_0
                         LUT6 (Prop_lut6_I0_O)        0.105     4.273 f  u_wb/defaultClockArea_axiBuffer/fifo_i_73/O
                         net (fo=71, unplaced)        0.438     4.711    u_wb/defaultClockArea_axiBuffer/when_AxiBuffer_l81__1
                         LUT4 (Prop_lut4_I0_O)        0.105     4.816 f  u_wb/defaultClockArea_axiBuffer/fifo_i_1/O
                         net (fo=11, unplaced)        0.393     5.209    u_wb/defaultClockArea_cpu/DCachePlugin_dataRAMs_1/wr_en
                         LUT3 (Prop_lut3_I2_O)        0.105     5.314 f  u_wb/defaultClockArea_cpu/DCachePlugin_dataRAMs_1/MEM_MEM1_to_MEM_MEM2_MEMORY_ADDRESS[31]_i_7/O
                         net (fo=1, unplaced)         0.347     5.661    u_wb/defaultClockArea_cpu/DCachePlugin_dataRAMs_1/MEM_MEM1_to_MEM_MEM2_MEMORY_ADDRESS[31]_i_7_n_0
                         LUT5 (Prop_lut5_I2_O)        0.105     5.766 r  u_wb/defaultClockArea_cpu/DCachePlugin_dataRAMs_1/MEM_MEM1_to_MEM_MEM2_MEMORY_ADDRESS[31]_i_5/O
                         net (fo=1, unplaced)         0.347     6.113    u_wb/defaultClockArea_cpu/DCachePlugin_dataRAMs_1/MEM_MEM2_arbitration_haltItself
                         LUT6 (Prop_lut6_I3_O)        0.105     6.218 r  u_wb/defaultClockArea_cpu/DCachePlugin_dataRAMs_1/MEM_MEM1_to_MEM_MEM2_MEMORY_ADDRESS[31]_i_3/O
                         net (fo=1, unplaced)         0.347     6.565    u_wb/defaultClockArea_cpu/DCachePlugin_dataRAMs_1/MEM_MEM1_to_MEM_MEM2_MEMORY_ADDRESS[31]_i_3_n_0
                         LUT5 (Prop_lut5_I3_O)        0.105     6.670 r  u_wb/defaultClockArea_cpu/DCachePlugin_dataRAMs_1/MEM_MEM1_to_MEM_MEM2_MEMORY_ADDRESS[31]_i_2/O
                         net (fo=32, unplaced)        0.418     7.088    u_wb/defaultClockArea_cpu/DCachePlugin_dataRAMs_1/MEM_MEM2_DCachePlugin_CACHEFSM_finishAllWay_reg
                         LUT2 (Prop_lut2_I0_O)        0.105     7.193 f  u_wb/defaultClockArea_cpu/DCachePlugin_dataRAMs_1/mem_i_76__4/O
                         net (fo=3, unplaced)         0.365     7.558    u_wb/defaultClockArea_cpu/DCachePlugin_dataRAMs_1/MEM_MEM2_DCachePlugin_fixUncacheFSM_stateReg_reg[0]
                         LUT5 (Prop_lut5_I4_O)        0.105     7.663 f  u_wb/defaultClockArea_cpu/DCachePlugin_dataRAMs_1/mem_i_66__7/O
                         net (fo=14, unplaced)        0.398     8.061    u_wb/defaultClockArea_cpu/DCachePlugin_dataRAMs_1_n_46
                         LUT2 (Prop_lut2_I1_O)        0.105     8.166 r  u_wb/defaultClockArea_cpu/MEM_ISS_to_MEM_RRD_ISSUE_SLOT_rRegs_0_payload[5]_i_1/O
                         net (fo=465, unplaced)       0.485     8.651    u_wb/defaultClockArea_cpu/when_Pipeline_l158_69
                         LUT5 (Prop_lut5_I4_O)        0.105     8.756 r  u_wb/defaultClockArea_cpu/MemIssueQueuePlugin_queue_4_payload_rRegs_1_valid_i_12/O
                         net (fo=44, unplaced)        0.426     9.182    u_wb/defaultClockArea_cpu/MemExecutePlugin_clrBusy_valid
                         LUT6 (Prop_lut6_I2_O)        0.105     9.287 r  u_wb/defaultClockArea_cpu/MulDivIssueQueuePlugin_queue_2_payload_rRegs_1_valid_i_23/O
                         net (fo=1, unplaced)         0.328     9.615    u_wb/defaultClockArea_cpu/unsignedDivider_3/MemIssueQueuePlugin_queue_4_payload_rRegs_1_valid_i_8_1
                         LUT6 (Prop_lut6_I1_O)        0.105     9.720 r  u_wb/defaultClockArea_cpu/unsignedDivider_3/MulDivIssueQueuePlugin_queue_2_payload_rRegs_1_valid_i_21/O
                         net (fo=2, unplaced)         0.358    10.078    u_wb/defaultClockArea_cpu/unsignedDivider_3/MulDivIssueQueuePlugin_queue_2_payload_rRegs_1_valid_i_21_n_0
                         LUT3 (Prop_lut3_I0_O)        0.105    10.183 r  u_wb/defaultClockArea_cpu/unsignedDivider_3/MemIssueQueuePlugin_queue_4_payload_rRegs_1_valid_i_8/O
                         net (fo=8, unplaced)         0.620    10.803    u_wb/defaultClockArea_cpu/unsignedDivider_3/MemIssueQueuePlugin_queue_4_payload_rRegs_1_valid_i_8_n_0
                         LUT5 (Prop_lut5_I0_O)        0.105    10.908 r  u_wb/defaultClockArea_cpu/unsignedDivider_3/IntIssueQueuePlugin_queue_6_payload_rRegs_1_valid_i_7/O
                         net (fo=7, unplaced)         0.382    11.290    u_wb/defaultClockArea_cpu/unsignedDivider_3/IntIssueQueuePlugin_queue_6_payload_rRegs_1_valid_i_7_n_0
                         LUT2 (Prop_lut2_I1_O)        0.105    11.395 r  u_wb/defaultClockArea_cpu/unsignedDivider_3/IntIssueQueuePlugin_queue_2_payload_rRegs_1_valid_i_4/O
                         net (fo=1, unplaced)         0.347    11.742    u_wb/defaultClockArea_cpu/unsignedDivider_3/IntIssueQueuePlugin_queue_2_payload_rRegs_1_valid_i_4_n_0
                         LUT6 (Prop_lut6_I4_O)        0.105    11.847 r  u_wb/defaultClockArea_cpu/unsignedDivider_3/IntIssueQueuePlugin_queue_2_payload_rRegs_1_valid_i_3/O
                         net (fo=4, unplaced)         0.371    12.218    u_wb/defaultClockArea_cpu/unsignedDivider_3/IntIssueQueuePlugin_queue_2_payload_rRegs_1_valid_i_3_n_0
                         LUT5 (Prop_lut5_I4_O)        0.105    12.323 r  u_wb/defaultClockArea_cpu/unsignedDivider_3/IntIssueQueuePlugin_queue_5_payload_rRegs_1_valid_i_1/O
                         net (fo=1, unplaced)         0.000    12.323    u_wb/defaultClockArea_cpu/unsignedDivider_3_n_85
                         FDRE                                         r  u_wb/defaultClockArea_cpu/IntIssueQueuePlugin_queue_5_payload_rRegs_1_valid_reg/D
  -------------------------------------------------------------------    -------------------

                         (clock aclk rise edge)      10.000    10.000 r  
                                                      0.000    10.000 r  aclk (IN)
                         net (fo=0)                   0.000    10.000    aclk
                         IBUF (Prop_ibuf_I_O)         0.751    10.751 r  aclk_IBUF_inst/O
                         net (fo=1, unplaced)         0.613    11.365    aclk_IBUF
                         BUFG (Prop_bufg_I_O)         0.077    11.442 r  aclk_IBUF_BUFG_inst/O
                         net (fo=17734, unplaced)     0.439    11.881    u_wb/defaultClockArea_cpu/aclk_IBUF_BUFG
                         FDRE                                         r  u_wb/defaultClockArea_cpu/IntIssueQueuePlugin_queue_5_payload_rRegs_1_valid_reg/C
                         clock pessimism              0.167    12.048    
                         clock uncertainty           -0.035    12.012    
                         FDRE (Setup_fdre_C_D)        0.029    12.041    u_wb/defaultClockArea_cpu/IntIssueQueuePlugin_queue_5_payload_rRegs_1_valid_reg
  -------------------------------------------------------------------
                         required time                         12.041    
                         arrival time                         -12.323    
  -------------------------------------------------------------------
                         slack                                 -0.281    

Slack (VIOLATED) :        -0.262ns  (required time - arrival time)
  Source:                 u_wb/defaultClockArea_axiBuffer/fifo/xpm_fifo_base_inst/xpm_fifo_rst_inst/gen_rst_cc.fifo_wr_rst_cc_reg[2]/C
                            (rising edge-triggered cell FDSE clocked by aclk  {rise@0.000ns fall@5.000ns period=10.000ns})
  Destination:            u_wb/defaultClockArea_cpu/MemIssueQueuePlugin_queue_2_payload_rRegs_1_valid_reg/D
                            (rising edge-triggered cell FDRE clocked by aclk  {rise@0.000ns fall@5.000ns period=10.000ns})
  Path Group:             aclk
  Path Type:              Setup (Max at Slow Process Corner)
  Requirement:            10.000ns  (aclk rise@10.000ns - aclk rise@0.000ns)
  Data Path Delay:        10.111ns  (logic 2.521ns (24.933%)  route 7.590ns (75.067%))
  Logic Levels:           19  (LUT2=4 LUT3=3 LUT4=1 LUT5=5 LUT6=6)
  Clock Path Skew:        -0.145ns (DCD - SCD + CPR)
    Destination Clock Delay (DCD):    1.881ns = ( 11.881 - 10.000 ) 
    Source Clock Delay      (SCD):    2.193ns
    Clock Pessimism Removal (CPR):    0.167ns
  Clock Uncertainty:      0.035ns  ((TSJ^2 + TIJ^2)^1/2 + DJ) / 2 + PE
    Total System Jitter     (TSJ):    0.071ns
    Total Input Jitter      (TIJ):    0.000ns
    Discrete Jitter          (DJ):    0.000ns
    Phase Error              (PE):    0.000ns

    Location             Delay type                Incr(ns)  Path(ns)    Netlist Resource(s)
  -------------------------------------------------------------------    -------------------
                         (clock aclk rise edge)       0.000     0.000 r  
                                                      0.000     0.000 r  aclk (IN)
                         net (fo=0)                   0.000     0.000    aclk
                         IBUF (Prop_ibuf_I_O)         0.882     0.882 r  aclk_IBUF_inst/O
                         net (fo=1, unplaced)         0.646     1.528    aclk_IBUF
                         BUFG (Prop_bufg_I_O)         0.081     1.609 r  aclk_IBUF_BUFG_inst/O
                         net (fo=17734, unplaced)     0.584     2.193    u_wb/defaultClockArea_axiBuffer/fifo/xpm_fifo_base_inst/xpm_fifo_rst_inst/wr_clk
                         FDSE                                         r  u_wb/defaultClockArea_axiBuffer/fifo/xpm_fifo_base_inst/xpm_fifo_rst_inst/gen_rst_cc.fifo_wr_rst_cc_reg[2]/C
  -------------------------------------------------------------------    -------------------
                         FDSE (Prop_fdse_C_Q)         0.379     2.572 f  u_wb/defaultClockArea_axiBuffer/fifo/xpm_fifo_base_inst/xpm_fifo_rst_inst/gen_rst_cc.fifo_wr_rst_cc_reg[2]/Q
                         net (fo=51, unplaced)        0.445     3.017    u_wb/defaultClockArea_axiBuffer/fifo/xpm_fifo_base_inst/xpm_fifo_rst_inst/Q[0]
                         LUT2 (Prop_lut2_I0_O)        0.232     3.249 f  u_wb/defaultClockArea_axiBuffer/fifo/xpm_fifo_base_inst/xpm_fifo_rst_inst/wr_rst_busy_INST_0/O
                         net (fo=144, unplaced)       0.456     3.705    u_wb/defaultClockArea_axiBuffer/fifo_rd_rst_busy
                         LUT2 (Prop_lut2_I0_O)        0.105     3.810 r  u_wb/defaultClockArea_axiBuffer/fifo_i_76/O
                         net (fo=2, unplaced)         0.358     4.168    u_wb/defaultClockArea_axiBuffer/fifo_i_76_n_0
                         LUT6 (Prop_lut6_I0_O)        0.105     4.273 f  u_wb/defaultClockArea_axiBuffer/fifo_i_73/O
                         net (fo=71, unplaced)        0.438     4.711    u_wb/defaultClockArea_axiBuffer/when_AxiBuffer_l81__1
                         LUT4 (Prop_lut4_I0_O)        0.105     4.816 f  u_wb/defaultClockArea_axiBuffer/fifo_i_1/O
                         net (fo=11, unplaced)        0.393     5.209    u_wb/defaultClockArea_cpu/DCachePlugin_dataRAMs_1/wr_en
                         LUT3 (Prop_lut3_I2_O)        0.105     5.314 f  u_wb/defaultClockArea_cpu/DCachePlugin_dataRAMs_1/MEM_MEM1_to_MEM_MEM2_MEMORY_ADDRESS[31]_i_7/O
                         net (fo=1, unplaced)         0.347     5.661    u_wb/defaultClockArea_cpu/DCachePlugin_dataRAMs_1/MEM_MEM1_to_MEM_MEM2_MEMORY_ADDRESS[31]_i_7_n_0
                         LUT5 (Prop_lut5_I2_O)        0.105     5.766 r  u_wb/defaultClockArea_cpu/DCachePlugin_dataRAMs_1/MEM_MEM1_to_MEM_MEM2_MEMORY_ADDRESS[31]_i_5/O
                         net (fo=1, unplaced)         0.347     6.113    u_wb/defaultClockArea_cpu/DCachePlugin_dataRAMs_1/MEM_MEM2_arbitration_haltItself
                         LUT6 (Prop_lut6_I3_O)        0.105     6.218 r  u_wb/defaultClockArea_cpu/DCachePlugin_dataRAMs_1/MEM_MEM1_to_MEM_MEM2_MEMORY_ADDRESS[31]_i_3/O
                         net (fo=1, unplaced)         0.347     6.565    u_wb/defaultClockArea_cpu/DCachePlugin_dataRAMs_1/MEM_MEM1_to_MEM_MEM2_MEMORY_ADDRESS[31]_i_3_n_0
                         LUT5 (Prop_lut5_I3_O)        0.105     6.670 r  u_wb/defaultClockArea_cpu/DCachePlugin_dataRAMs_1/MEM_MEM1_to_MEM_MEM2_MEMORY_ADDRESS[31]_i_2/O
                         net (fo=32, unplaced)        0.418     7.088    u_wb/defaultClockArea_cpu/DCachePlugin_dataRAMs_1/MEM_MEM2_DCachePlugin_CACHEFSM_finishAllWay_reg
                         LUT2 (Prop_lut2_I0_O)        0.105     7.193 f  u_wb/defaultClockArea_cpu/DCachePlugin_dataRAMs_1/mem_i_76__4/O
                         net (fo=3, unplaced)         0.365     7.558    u_wb/defaultClockArea_cpu/DCachePlugin_dataRAMs_1/MEM_MEM2_DCachePlugin_fixUncacheFSM_stateReg_reg[0]
                         LUT5 (Prop_lut5_I4_O)        0.105     7.663 f  u_wb/defaultClockArea_cpu/DCachePlugin_dataRAMs_1/mem_i_66__7/O
                         net (fo=14, unplaced)        0.398     8.061    u_wb/defaultClockArea_cpu/DCachePlugin_dataRAMs_1_n_46
                         LUT2 (Prop_lut2_I1_O)        0.105     8.166 r  u_wb/defaultClockArea_cpu/MEM_ISS_to_MEM_RRD_ISSUE_SLOT_rRegs_0_payload[5]_i_1/O
                         net (fo=465, unplaced)       0.485     8.651    u_wb/defaultClockArea_cpu/when_Pipeline_l158_69
                         LUT5 (Prop_lut5_I4_O)        0.105     8.756 r  u_wb/defaultClockArea_cpu/MemIssueQueuePlugin_queue_4_payload_rRegs_1_valid_i_12/O
                         net (fo=44, unplaced)        0.426     9.182    u_wb/defaultClockArea_cpu/MemExecutePlugin_clrBusy_valid
                         LUT6 (Prop_lut6_I2_O)        0.105     9.287 r  u_wb/defaultClockArea_cpu/MulDivIssueQueuePlugin_queue_2_payload_rRegs_1_valid_i_23/O
                         net (fo=1, unplaced)         0.328     9.615    u_wb/defaultClockArea_cpu/unsignedDivider_3/MemIssueQueuePlugin_queue_4_payload_rRegs_1_valid_i_8_1
                         LUT6 (Prop_lut6_I1_O)        0.105     9.720 r  u_wb/defaultClockArea_cpu/unsignedDivider_3/MulDivIssueQueuePlugin_queue_2_payload_rRegs_1_valid_i_21/O
                         net (fo=2, unplaced)         0.358    10.078    u_wb/defaultClockArea_cpu/unsignedDivider_3/MulDivIssueQueuePlugin_queue_2_payload_rRegs_1_valid_i_21_n_0
                         LUT3 (Prop_lut3_I0_O)        0.105    10.183 r  u_wb/defaultClockArea_cpu/unsignedDivider_3/MemIssueQueuePlugin_queue_4_payload_rRegs_1_valid_i_8/O
                         net (fo=8, unplaced)         0.620    10.803    u_wb/defaultClockArea_cpu/unsignedDivider_3/MemIssueQueuePlugin_queue_4_payload_rRegs_1_valid_i_8_n_0
                         LUT5 (Prop_lut5_I0_O)        0.105    10.908 r  u_wb/defaultClockArea_cpu/unsignedDivider_3/MemIssueQueuePlugin_queue_0_payload_rRegs_1_valid_i_2/O
                         net (fo=5, unplaced)         0.375    11.283    u_wb/defaultClockArea_cpu/unsignedDivider_3/MemIssueQueuePlugin_queue_0_payload_rRegs_1_valid_i_2_n_0
                         LUT6 (Prop_lut6_I5_O)        0.105    11.388 r  u_wb/defaultClockArea_cpu/unsignedDivider_3/MemIssueQueuePlugin_queue_3_payload_rRegs_1_valid_i_6/O
                         net (fo=1, unplaced)         0.347    11.735    u_wb/defaultClockArea_cpu/unsignedDivider_3/MemIssueQueuePlugin_queue_3_payload_rRegs_1_valid_i_6_n_0
                         LUT6 (Prop_lut6_I5_O)        0.105    11.840 r  u_wb/defaultClockArea_cpu/unsignedDivider_3/MemIssueQueuePlugin_queue_3_payload_rRegs_1_valid_i_2/O
                         net (fo=2, unplaced)         0.339    12.179    u_wb/defaultClockArea_cpu/unsignedDivider_3/MemIssueQueuePlugin_queue_3_payload_rRegs_1_valid_i_2_n_0
                         LUT3 (Prop_lut3_I0_O)        0.125    12.304 r  u_wb/defaultClockArea_cpu/unsignedDivider_3/MemIssueQueuePlugin_queue_2_payload_rRegs_1_valid_i_1/O
                         net (fo=1, unplaced)         0.000    12.304    u_wb/defaultClockArea_cpu/unsignedDivider_3_n_183
                         FDRE                                         r  u_wb/defaultClockArea_cpu/MemIssueQueuePlugin_queue_2_payload_rRegs_1_valid_reg/D
  -------------------------------------------------------------------    -------------------

                         (clock aclk rise edge)      10.000    10.000 r  
                                                      0.000    10.000 r  aclk (IN)
                         net (fo=0)                   0.000    10.000    aclk
                         IBUF (Prop_ibuf_I_O)         0.751    10.751 r  aclk_IBUF_inst/O
                         net (fo=1, unplaced)         0.613    11.365    aclk_IBUF
                         BUFG (Prop_bufg_I_O)         0.077    11.442 r  aclk_IBUF_BUFG_inst/O
                         net (fo=17734, unplaced)     0.439    11.881    u_wb/defaultClockArea_cpu/aclk_IBUF_BUFG
                         FDRE                                         r  u_wb/defaultClockArea_cpu/MemIssueQueuePlugin_queue_2_payload_rRegs_1_valid_reg/C
                         clock pessimism              0.167    12.048    
                         clock uncertainty           -0.035    12.012    
                         FDRE (Setup_fdre_C_D)        0.029    12.041    u_wb/defaultClockArea_cpu/MemIssueQueuePlugin_queue_2_payload_rRegs_1_valid_reg
  -------------------------------------------------------------------
                         required time                         12.041    
                         arrival time                         -12.304    
  -------------------------------------------------------------------
                         slack                                 -0.262    

Slack (VIOLATED) :        -0.261ns  (required time - arrival time)
  Source:                 u_wb/defaultClockArea_axiBuffer/fifo/xpm_fifo_base_inst/xpm_fifo_rst_inst/gen_rst_cc.fifo_wr_rst_cc_reg[2]/C
                            (rising edge-triggered cell FDSE clocked by aclk  {rise@0.000ns fall@5.000ns period=10.000ns})
  Destination:            u_wb/defaultClockArea_cpu/MemIssueQueuePlugin_queue_1_payload_rRegs_1_valid_reg/D
                            (rising edge-triggered cell FDRE clocked by aclk  {rise@0.000ns fall@5.000ns period=10.000ns})
  Path Group:             aclk
  Path Type:              Setup (Max at Slow Process Corner)
  Requirement:            10.000ns  (aclk rise@10.000ns - aclk rise@0.000ns)
  Data Path Delay:        10.110ns  (logic 2.501ns (24.738%)  route 7.609ns (75.262%))
  Logic Levels:           19  (LUT2=4 LUT3=3 LUT4=1 LUT5=5 LUT6=6)
  Clock Path Skew:        -0.145ns (DCD - SCD + CPR)
    Destination Clock Delay (DCD):    1.881ns = ( 11.881 - 10.000 ) 
    Source Clock Delay      (SCD):    2.193ns
    Clock Pessimism Removal (CPR):    0.167ns
  Clock Uncertainty:      0.035ns  ((TSJ^2 + TIJ^2)^1/2 + DJ) / 2 + PE
    Total System Jitter     (TSJ):    0.071ns
    Total Input Jitter      (TIJ):    0.000ns
    Discrete Jitter          (DJ):    0.000ns
    Phase Error              (PE):    0.000ns

    Location             Delay type                Incr(ns)  Path(ns)    Netlist Resource(s)
  -------------------------------------------------------------------    -------------------
                         (clock aclk rise edge)       0.000     0.000 r  
                                                      0.000     0.000 r  aclk (IN)
                         net (fo=0)                   0.000     0.000    aclk
                         IBUF (Prop_ibuf_I_O)         0.882     0.882 r  aclk_IBUF_inst/O
                         net (fo=1, unplaced)         0.646     1.528    aclk_IBUF
                         BUFG (Prop_bufg_I_O)         0.081     1.609 r  aclk_IBUF_BUFG_inst/O
                         net (fo=17734, unplaced)     0.584     2.193    u_wb/defaultClockArea_axiBuffer/fifo/xpm_fifo_base_inst/xpm_fifo_rst_inst/wr_clk
                         FDSE                                         r  u_wb/defaultClockArea_axiBuffer/fifo/xpm_fifo_base_inst/xpm_fifo_rst_inst/gen_rst_cc.fifo_wr_rst_cc_reg[2]/C
  -------------------------------------------------------------------    -------------------
                         FDSE (Prop_fdse_C_Q)         0.379     2.572 f  u_wb/defaultClockArea_axiBuffer/fifo/xpm_fifo_base_inst/xpm_fifo_rst_inst/gen_rst_cc.fifo_wr_rst_cc_reg[2]/Q
                         net (fo=51, unplaced)        0.445     3.017    u_wb/defaultClockArea_axiBuffer/fifo/xpm_fifo_base_inst/xpm_fifo_rst_inst/Q[0]
                         LUT2 (Prop_lut2_I0_O)        0.232     3.249 f  u_wb/defaultClockArea_axiBuffer/fifo/xpm_fifo_base_inst/xpm_fifo_rst_inst/wr_rst_busy_INST_0/O
                         net (fo=144, unplaced)       0.456     3.705    u_wb/defaultClockArea_axiBuffer/fifo_rd_rst_busy
                         LUT2 (Prop_lut2_I0_O)        0.105     3.810 r  u_wb/defaultClockArea_axiBuffer/fifo_i_76/O
                         net (fo=2, unplaced)         0.358     4.168    u_wb/defaultClockArea_axiBuffer/fifo_i_76_n_0
                         LUT6 (Prop_lut6_I0_O)        0.105     4.273 f  u_wb/defaultClockArea_axiBuffer/fifo_i_73/O
                         net (fo=71, unplaced)        0.438     4.711    u_wb/defaultClockArea_axiBuffer/when_AxiBuffer_l81__1
                         LUT4 (Prop_lut4_I0_O)        0.105     4.816 f  u_wb/defaultClockArea_axiBuffer/fifo_i_1/O
                         net (fo=11, unplaced)        0.393     5.209    u_wb/defaultClockArea_cpu/DCachePlugin_dataRAMs_1/wr_en
                         LUT3 (Prop_lut3_I2_O)        0.105     5.314 f  u_wb/defaultClockArea_cpu/DCachePlugin_dataRAMs_1/MEM_MEM1_to_MEM_MEM2_MEMORY_ADDRESS[31]_i_7/O
                         net (fo=1, unplaced)         0.347     5.661    u_wb/defaultClockArea_cpu/DCachePlugin_dataRAMs_1/MEM_MEM1_to_MEM_MEM2_MEMORY_ADDRESS[31]_i_7_n_0
                         LUT5 (Prop_lut5_I2_O)        0.105     5.766 r  u_wb/defaultClockArea_cpu/DCachePlugin_dataRAMs_1/MEM_MEM1_to_MEM_MEM2_MEMORY_ADDRESS[31]_i_5/O
                         net (fo=1, unplaced)         0.347     6.113    u_wb/defaultClockArea_cpu/DCachePlugin_dataRAMs_1/MEM_MEM2_arbitration_haltItself
                         LUT6 (Prop_lut6_I3_O)        0.105     6.218 r  u_wb/defaultClockArea_cpu/DCachePlugin_dataRAMs_1/MEM_MEM1_to_MEM_MEM2_MEMORY_ADDRESS[31]_i_3/O
                         net (fo=1, unplaced)         0.347     6.565    u_wb/defaultClockArea_cpu/DCachePlugin_dataRAMs_1/MEM_MEM1_to_MEM_MEM2_MEMORY_ADDRESS[31]_i_3_n_0
                         LUT5 (Prop_lut5_I3_O)        0.105     6.670 r  u_wb/defaultClockArea_cpu/DCachePlugin_dataRAMs_1/MEM_MEM1_to_MEM_MEM2_MEMORY_ADDRESS[31]_i_2/O
                         net (fo=32, unplaced)        0.418     7.088    u_wb/defaultClockArea_cpu/DCachePlugin_dataRAMs_1/MEM_MEM2_DCachePlugin_CACHEFSM_finishAllWay_reg
                         LUT2 (Prop_lut2_I0_O)        0.105     7.193 f  u_wb/defaultClockArea_cpu/DCachePlugin_dataRAMs_1/mem_i_76__4/O
                         net (fo=3, unplaced)         0.365     7.558    u_wb/defaultClockArea_cpu/DCachePlugin_dataRAMs_1/MEM_MEM2_DCachePlugin_fixUncacheFSM_stateReg_reg[0]
                         LUT5 (Prop_lut5_I4_O)        0.105     7.663 f  u_wb/defaultClockArea_cpu/DCachePlugin_dataRAMs_1/mem_i_66__7/O
                         net (fo=14, unplaced)        0.398     8.061    u_wb/defaultClockArea_cpu/DCachePlugin_dataRAMs_1_n_46
                         LUT2 (Prop_lut2_I1_O)        0.105     8.166 r  u_wb/defaultClockArea_cpu/MEM_ISS_to_MEM_RRD_ISSUE_SLOT_rRegs_0_payload[5]_i_1/O
                         net (fo=465, unplaced)       0.485     8.651    u_wb/defaultClockArea_cpu/when_Pipeline_l158_69
                         LUT5 (Prop_lut5_I4_O)        0.105     8.756 r  u_wb/defaultClockArea_cpu/MemIssueQueuePlugin_queue_4_payload_rRegs_1_valid_i_12/O
                         net (fo=44, unplaced)        0.426     9.182    u_wb/defaultClockArea_cpu/MemExecutePlugin_clrBusy_valid
                         LUT6 (Prop_lut6_I2_O)        0.105     9.287 r  u_wb/defaultClockArea_cpu/MulDivIssueQueuePlugin_queue_2_payload_rRegs_1_valid_i_23/O
                         net (fo=1, unplaced)         0.328     9.615    u_wb/defaultClockArea_cpu/unsignedDivider_3/MemIssueQueuePlugin_queue_4_payload_rRegs_1_valid_i_8_1
                         LUT6 (Prop_lut6_I1_O)        0.105     9.720 r  u_wb/defaultClockArea_cpu/unsignedDivider_3/MulDivIssueQueuePlugin_queue_2_payload_rRegs_1_valid_i_21/O
                         net (fo=2, unplaced)         0.358    10.078    u_wb/defaultClockArea_cpu/unsignedDivider_3/MulDivIssueQueuePlugin_queue_2_payload_rRegs_1_valid_i_21_n_0
                         LUT3 (Prop_lut3_I0_O)        0.105    10.183 r  u_wb/defaultClockArea_cpu/unsignedDivider_3/MemIssueQueuePlugin_queue_4_payload_rRegs_1_valid_i_8/O
                         net (fo=8, unplaced)         0.620    10.803    u_wb/defaultClockArea_cpu/unsignedDivider_3/MemIssueQueuePlugin_queue_4_payload_rRegs_1_valid_i_8_n_0
                         LUT5 (Prop_lut5_I0_O)        0.105    10.908 r  u_wb/defaultClockArea_cpu/unsignedDivider_3/MemIssueQueuePlugin_queue_0_payload_rRegs_1_valid_i_2/O
                         net (fo=5, unplaced)         0.375    11.283    u_wb/defaultClockArea_cpu/unsignedDivider_3/MemIssueQueuePlugin_queue_0_payload_rRegs_1_valid_i_2_n_0
                         LUT6 (Prop_lut6_I1_O)        0.105    11.388 r  u_wb/defaultClockArea_cpu/unsignedDivider_3/MemIssueQueuePlugin_queue_2_payload_rRegs_1_valid_i_6/O
                         net (fo=1, unplaced)         0.347    11.735    u_wb/defaultClockArea_cpu/unsignedDivider_3/MemIssueQueuePlugin_queue_2_payload_rRegs_1_valid_i_6_n_0
                         LUT6 (Prop_lut6_I5_O)        0.105    11.840 r  u_wb/defaultClockArea_cpu/unsignedDivider_3/MemIssueQueuePlugin_queue_2_payload_rRegs_1_valid_i_2/O
                         net (fo=2, unplaced)         0.358    12.198    u_wb/defaultClockArea_cpu/unsignedDivider_3/MemIssueQueuePlugin_queue_2_payload_rRegs_1_valid_i_2_n_0
                         LUT3 (Prop_lut3_I0_O)        0.105    12.303 r  u_wb/defaultClockArea_cpu/unsignedDivider_3/MemIssueQueuePlugin_queue_1_payload_rRegs_1_valid_i_1/O
                         net (fo=1, unplaced)         0.000    12.303    u_wb/defaultClockArea_cpu/unsignedDivider_3_n_180
                         FDRE                                         r  u_wb/defaultClockArea_cpu/MemIssueQueuePlugin_queue_1_payload_rRegs_1_valid_reg/D
  -------------------------------------------------------------------    -------------------

                         (clock aclk rise edge)      10.000    10.000 r  
                                                      0.000    10.000 r  aclk (IN)
                         net (fo=0)                   0.000    10.000    aclk
                         IBUF (Prop_ibuf_I_O)         0.751    10.751 r  aclk_IBUF_inst/O
                         net (fo=1, unplaced)         0.613    11.365    aclk_IBUF
                         BUFG (Prop_bufg_I_O)         0.077    11.442 r  aclk_IBUF_BUFG_inst/O
                         net (fo=17734, unplaced)     0.439    11.881    u_wb/defaultClockArea_cpu/aclk_IBUF_BUFG
                         FDRE                                         r  u_wb/defaultClockArea_cpu/MemIssueQueuePlugin_queue_1_payload_rRegs_1_valid_reg/C
                         clock pessimism              0.167    12.048    
                         clock uncertainty           -0.035    12.012    
                         FDRE (Setup_fdre_C_D)        0.029    12.041    u_wb/defaultClockArea_cpu/MemIssueQueuePlugin_queue_1_payload_rRegs_1_valid_reg
  -------------------------------------------------------------------
                         required time                         12.041    
                         arrival time                         -12.303    
  -------------------------------------------------------------------
                         slack                                 -0.261    

Slack (VIOLATED) :        -0.261ns  (required time - arrival time)
  Source:                 u_wb/defaultClockArea_axiBuffer/fifo/xpm_fifo_base_inst/xpm_fifo_rst_inst/gen_rst_cc.fifo_wr_rst_cc_reg[2]/C
                            (rising edge-triggered cell FDSE clocked by aclk  {rise@0.000ns fall@5.000ns period=10.000ns})
  Destination:            u_wb/defaultClockArea_cpu/MemIssueQueuePlugin_queue_3_payload_rRegs_1_valid_reg/D
                            (rising edge-triggered cell FDRE clocked by aclk  {rise@0.000ns fall@5.000ns period=10.000ns})
  Path Group:             aclk
  Path Type:              Setup (Max at Slow Process Corner)
  Requirement:            10.000ns  (aclk rise@10.000ns - aclk rise@0.000ns)
  Data Path Delay:        10.110ns  (logic 2.501ns (24.738%)  route 7.609ns (75.262%))
  Logic Levels:           19  (LUT2=4 LUT3=3 LUT4=1 LUT5=5 LUT6=6)
  Clock Path Skew:        -0.145ns (DCD - SCD + CPR)
    Destination Clock Delay (DCD):    1.881ns = ( 11.881 - 10.000 ) 
    Source Clock Delay      (SCD):    2.193ns
    Clock Pessimism Removal (CPR):    0.167ns
  Clock Uncertainty:      0.035ns  ((TSJ^2 + TIJ^2)^1/2 + DJ) / 2 + PE
    Total System Jitter     (TSJ):    0.071ns
    Total Input Jitter      (TIJ):    0.000ns
    Discrete Jitter          (DJ):    0.000ns
    Phase Error              (PE):    0.000ns

    Location             Delay type                Incr(ns)  Path(ns)    Netlist Resource(s)
  -------------------------------------------------------------------    -------------------
                         (clock aclk rise edge)       0.000     0.000 r  
                                                      0.000     0.000 r  aclk (IN)
                         net (fo=0)                   0.000     0.000    aclk
                         IBUF (Prop_ibuf_I_O)         0.882     0.882 r  aclk_IBUF_inst/O
                         net (fo=1, unplaced)         0.646     1.528    aclk_IBUF
                         BUFG (Prop_bufg_I_O)         0.081     1.609 r  aclk_IBUF_BUFG_inst/O
                         net (fo=17734, unplaced)     0.584     2.193    u_wb/defaultClockArea_axiBuffer/fifo/xpm_fifo_base_inst/xpm_fifo_rst_inst/wr_clk
                         FDSE                                         r  u_wb/defaultClockArea_axiBuffer/fifo/xpm_fifo_base_inst/xpm_fifo_rst_inst/gen_rst_cc.fifo_wr_rst_cc_reg[2]/C
  -------------------------------------------------------------------    -------------------
                         FDSE (Prop_fdse_C_Q)         0.379     2.572 f  u_wb/defaultClockArea_axiBuffer/fifo/xpm_fifo_base_inst/xpm_fifo_rst_inst/gen_rst_cc.fifo_wr_rst_cc_reg[2]/Q
                         net (fo=51, unplaced)        0.445     3.017    u_wb/defaultClockArea_axiBuffer/fifo/xpm_fifo_base_inst/xpm_fifo_rst_inst/Q[0]
                         LUT2 (Prop_lut2_I0_O)        0.232     3.249 f  u_wb/defaultClockArea_axiBuffer/fifo/xpm_fifo_base_inst/xpm_fifo_rst_inst/wr_rst_busy_INST_0/O
                         net (fo=144, unplaced)       0.456     3.705    u_wb/defaultClockArea_axiBuffer/fifo_rd_rst_busy
                         LUT2 (Prop_lut2_I0_O)        0.105     3.810 r  u_wb/defaultClockArea_axiBuffer/fifo_i_76/O
                         net (fo=2, unplaced)         0.358     4.168    u_wb/defaultClockArea_axiBuffer/fifo_i_76_n_0
                         LUT6 (Prop_lut6_I0_O)        0.105     4.273 f  u_wb/defaultClockArea_axiBuffer/fifo_i_73/O
                         net (fo=71, unplaced)        0.438     4.711    u_wb/defaultClockArea_axiBuffer/when_AxiBuffer_l81__1
                         LUT4 (Prop_lut4_I0_O)        0.105     4.816 f  u_wb/defaultClockArea_axiBuffer/fifo_i_1/O
                         net (fo=11, unplaced)        0.393     5.209    u_wb/defaultClockArea_cpu/DCachePlugin_dataRAMs_1/wr_en
                         LUT3 (Prop_lut3_I2_O)        0.105     5.314 f  u_wb/defaultClockArea_cpu/DCachePlugin_dataRAMs_1/MEM_MEM1_to_MEM_MEM2_MEMORY_ADDRESS[31]_i_7/O
                         net (fo=1, unplaced)         0.347     5.661    u_wb/defaultClockArea_cpu/DCachePlugin_dataRAMs_1/MEM_MEM1_to_MEM_MEM2_MEMORY_ADDRESS[31]_i_7_n_0
                         LUT5 (Prop_lut5_I2_O)        0.105     5.766 r  u_wb/defaultClockArea_cpu/DCachePlugin_dataRAMs_1/MEM_MEM1_to_MEM_MEM2_MEMORY_ADDRESS[31]_i_5/O
                         net (fo=1, unplaced)         0.347     6.113    u_wb/defaultClockArea_cpu/DCachePlugin_dataRAMs_1/MEM_MEM2_arbitration_haltItself
                         LUT6 (Prop_lut6_I3_O)        0.105     6.218 r  u_wb/defaultClockArea_cpu/DCachePlugin_dataRAMs_1/MEM_MEM1_to_MEM_MEM2_MEMORY_ADDRESS[31]_i_3/O
                         net (fo=1, unplaced)         0.347     6.565    u_wb/defaultClockArea_cpu/DCachePlugin_dataRAMs_1/MEM_MEM1_to_MEM_MEM2_MEMORY_ADDRESS[31]_i_3_n_0
                         LUT5 (Prop_lut5_I3_O)        0.105     6.670 r  u_wb/defaultClockArea_cpu/DCachePlugin_dataRAMs_1/MEM_MEM1_to_MEM_MEM2_MEMORY_ADDRESS[31]_i_2/O
                         net (fo=32, unplaced)        0.418     7.088    u_wb/defaultClockArea_cpu/DCachePlugin_dataRAMs_1/MEM_MEM2_DCachePlugin_CACHEFSM_finishAllWay_reg
                         LUT2 (Prop_lut2_I0_O)        0.105     7.193 f  u_wb/defaultClockArea_cpu/DCachePlugin_dataRAMs_1/mem_i_76__4/O
                         net (fo=3, unplaced)         0.365     7.558    u_wb/defaultClockArea_cpu/DCachePlugin_dataRAMs_1/MEM_MEM2_DCachePlugin_fixUncacheFSM_stateReg_reg[0]
                         LUT5 (Prop_lut5_I4_O)        0.105     7.663 f  u_wb/defaultClockArea_cpu/DCachePlugin_dataRAMs_1/mem_i_66__7/O
                         net (fo=14, unplaced)        0.398     8.061    u_wb/defaultClockArea_cpu/DCachePlugin_dataRAMs_1_n_46
                         LUT2 (Prop_lut2_I1_O)        0.105     8.166 r  u_wb/defaultClockArea_cpu/MEM_ISS_to_MEM_RRD_ISSUE_SLOT_rRegs_0_payload[5]_i_1/O
                         net (fo=465, unplaced)       0.485     8.651    u_wb/defaultClockArea_cpu/when_Pipeline_l158_69
                         LUT5 (Prop_lut5_I4_O)        0.105     8.756 r  u_wb/defaultClockArea_cpu/MemIssueQueuePlugin_queue_4_payload_rRegs_1_valid_i_12/O
                         net (fo=44, unplaced)        0.426     9.182    u_wb/defaultClockArea_cpu/MemExecutePlugin_clrBusy_valid
                         LUT6 (Prop_lut6_I2_O)        0.105     9.287 r  u_wb/defaultClockArea_cpu/MulDivIssueQueuePlugin_queue_2_payload_rRegs_1_valid_i_23/O
                         net (fo=1, unplaced)         0.328     9.615    u_wb/defaultClockArea_cpu/unsignedDivider_3/MemIssueQueuePlugin_queue_4_payload_rRegs_1_valid_i_8_1
                         LUT6 (Prop_lut6_I1_O)        0.105     9.720 r  u_wb/defaultClockArea_cpu/unsignedDivider_3/MulDivIssueQueuePlugin_queue_2_payload_rRegs_1_valid_i_21/O
                         net (fo=2, unplaced)         0.358    10.078    u_wb/defaultClockArea_cpu/unsignedDivider_3/MulDivIssueQueuePlugin_queue_2_payload_rRegs_1_valid_i_21_n_0
                         LUT3 (Prop_lut3_I0_O)        0.105    10.183 r  u_wb/defaultClockArea_cpu/unsignedDivider_3/MemIssueQueuePlugin_queue_4_payload_rRegs_1_valid_i_8/O
                         net (fo=8, unplaced)         0.620    10.803    u_wb/defaultClockArea_cpu/unsignedDivider_3/MemIssueQueuePlugin_queue_4_payload_rRegs_1_valid_i_8_n_0
                         LUT5 (Prop_lut5_I0_O)        0.105    10.908 r  u_wb/defaultClockArea_cpu/unsignedDivider_3/MemIssueQueuePlugin_queue_0_payload_rRegs_1_valid_i_2/O
                         net (fo=5, unplaced)         0.375    11.283    u_wb/defaultClockArea_cpu/unsignedDivider_3/MemIssueQueuePlugin_queue_0_payload_rRegs_1_valid_i_2_n_0
                         LUT6 (Prop_lut6_I5_O)        0.105    11.388 r  u_wb/defaultClockArea_cpu/unsignedDivider_3/MemIssueQueuePlugin_queue_3_payload_rRegs_1_valid_i_6/O
                         net (fo=1, unplaced)         0.347    11.735    u_wb/defaultClockArea_cpu/unsignedDivider_3/MemIssueQueuePlugin_queue_3_payload_rRegs_1_valid_i_6_n_0
                         LUT6 (Prop_lut6_I5_O)        0.105    11.840 r  u_wb/defaultClockArea_cpu/unsignedDivider_3/MemIssueQueuePlugin_queue_3_payload_rRegs_1_valid_i_2/O
                         net (fo=2, unplaced)         0.358    12.198    u_wb/defaultClockArea_cpu/unsignedDivider_3/MemIssueQueuePlugin_queue_3_payload_rRegs_1_valid_i_2_n_0
                         LUT3 (Prop_lut3_I2_O)        0.105    12.303 r  u_wb/defaultClockArea_cpu/unsignedDivider_3/MemIssueQueuePlugin_queue_3_payload_rRegs_1_valid_i_1/O
                         net (fo=1, unplaced)         0.000    12.303    u_wb/defaultClockArea_cpu/unsignedDivider_3_n_181
                         FDRE                                         r  u_wb/defaultClockArea_cpu/MemIssueQueuePlugin_queue_3_payload_rRegs_1_valid_reg/D
  -------------------------------------------------------------------    -------------------

                         (clock aclk rise edge)      10.000    10.000 r  
                                                      0.000    10.000 r  aclk (IN)
                         net (fo=0)                   0.000    10.000    aclk
                         IBUF (Prop_ibuf_I_O)         0.751    10.751 r  aclk_IBUF_inst/O
                         net (fo=1, unplaced)         0.613    11.365    aclk_IBUF
                         BUFG (Prop_bufg_I_O)         0.077    11.442 r  aclk_IBUF_BUFG_inst/O
                         net (fo=17734, unplaced)     0.439    11.881    u_wb/defaultClockArea_cpu/aclk_IBUF_BUFG
                         FDRE                                         r  u_wb/defaultClockArea_cpu/MemIssueQueuePlugin_queue_3_payload_rRegs_1_valid_reg/C
                         clock pessimism              0.167    12.048    
                         clock uncertainty           -0.035    12.012    
                         FDRE (Setup_fdre_C_D)        0.029    12.041    u_wb/defaultClockArea_cpu/MemIssueQueuePlugin_queue_3_payload_rRegs_1_valid_reg
  -------------------------------------------------------------------
                         required time                         12.041    
                         arrival time                         -12.303    
  -------------------------------------------------------------------
                         slack                                 -0.261    

Slack (VIOLATED) :        -0.045ns  (required time - arrival time)
  Source:                 u_wb/defaultClockArea_axiBuffer/fifo/xpm_fifo_base_inst/xpm_fifo_rst_inst/gen_rst_cc.fifo_wr_rst_cc_reg[2]/C
                            (rising edge-triggered cell FDSE clocked by aclk  {rise@0.000ns fall@5.000ns period=10.000ns})
  Destination:            u_wb/defaultClockArea_cpu/IntIssueQueuePlugin_queue_5_payload_rRegs_0_valid_reg/D
                            (rising edge-triggered cell FDRE clocked by aclk  {rise@0.000ns fall@5.000ns period=10.000ns})
  Path Group:             aclk
  Path Type:              Setup (Max at Slow Process Corner)
  Requirement:            10.000ns  (aclk rise@10.000ns - aclk rise@0.000ns)
  Data Path Delay:        9.894ns  (logic 2.501ns (25.278%)  route 7.393ns (74.722%))
  Logic Levels:           19  (LUT2=5 LUT3=1 LUT4=1 LUT5=7 LUT6=5)
  Clock Path Skew:        -0.145ns (DCD - SCD + CPR)
    Destination Clock Delay (DCD):    1.881ns = ( 11.881 - 10.000 ) 
    Source Clock Delay      (SCD):    2.193ns
    Clock Pessimism Removal (CPR):    0.167ns
  Clock Uncertainty:      0.035ns  ((TSJ^2 + TIJ^2)^1/2 + DJ) / 2 + PE
    Total System Jitter     (TSJ):    0.071ns
    Total Input Jitter      (TIJ):    0.000ns
    Discrete Jitter          (DJ):    0.000ns
    Phase Error              (PE):    0.000ns

    Location             Delay type                Incr(ns)  Path(ns)    Netlist Resource(s)
  -------------------------------------------------------------------    -------------------
                         (clock aclk rise edge)       0.000     0.000 r  
                                                      0.000     0.000 r  aclk (IN)
                         net (fo=0)                   0.000     0.000    aclk
                         IBUF (Prop_ibuf_I_O)         0.882     0.882 r  aclk_IBUF_inst/O
                         net (fo=1, unplaced)         0.646     1.528    aclk_IBUF
                         BUFG (Prop_bufg_I_O)         0.081     1.609 r  aclk_IBUF_BUFG_inst/O
                         net (fo=17734, unplaced)     0.584     2.193    u_wb/defaultClockArea_axiBuffer/fifo/xpm_fifo_base_inst/xpm_fifo_rst_inst/wr_clk
                         FDSE                                         r  u_wb/defaultClockArea_axiBuffer/fifo/xpm_fifo_base_inst/xpm_fifo_rst_inst/gen_rst_cc.fifo_wr_rst_cc_reg[2]/C
  -------------------------------------------------------------------    -------------------
                         FDSE (Prop_fdse_C_Q)         0.379     2.572 f  u_wb/defaultClockArea_axiBuffer/fifo/xpm_fifo_base_inst/xpm_fifo_rst_inst/gen_rst_cc.fifo_wr_rst_cc_reg[2]/Q
                         net (fo=51, unplaced)        0.445     3.017    u_wb/defaultClockArea_axiBuffer/fifo/xpm_fifo_base_inst/xpm_fifo_rst_inst/Q[0]
                         LUT2 (Prop_lut2_I0_O)        0.232     3.249 f  u_wb/defaultClockArea_axiBuffer/fifo/xpm_fifo_base_inst/xpm_fifo_rst_inst/wr_rst_busy_INST_0/O
                         net (fo=144, unplaced)       0.456     3.705    u_wb/defaultClockArea_axiBuffer/fifo_rd_rst_busy
                         LUT2 (Prop_lut2_I0_O)        0.105     3.810 r  u_wb/defaultClockArea_axiBuffer/fifo_i_76/O
                         net (fo=2, unplaced)         0.358     4.168    u_wb/defaultClockArea_axiBuffer/fifo_i_76_n_0
                         LUT6 (Prop_lut6_I0_O)        0.105     4.273 f  u_wb/defaultClockArea_axiBuffer/fifo_i_73/O
                         net (fo=71, unplaced)        0.438     4.711    u_wb/defaultClockArea_axiBuffer/when_AxiBuffer_l81__1
                         LUT4 (Prop_lut4_I0_O)        0.105     4.816 f  u_wb/defaultClockArea_axiBuffer/fifo_i_1/O
                         net (fo=11, unplaced)        0.393     5.209    u_wb/defaultClockArea_cpu/DCachePlugin_dataRAMs_1/wr_en
                         LUT3 (Prop_lut3_I2_O)        0.105     5.314 f  u_wb/defaultClockArea_cpu/DCachePlugin_dataRAMs_1/MEM_MEM1_to_MEM_MEM2_MEMORY_ADDRESS[31]_i_7/O
                         net (fo=1, unplaced)         0.347     5.661    u_wb/defaultClockArea_cpu/DCachePlugin_dataRAMs_1/MEM_MEM1_to_MEM_MEM2_MEMORY_ADDRESS[31]_i_7_n_0
                         LUT5 (Prop_lut5_I2_O)        0.105     5.766 r  u_wb/defaultClockArea_cpu/DCachePlugin_dataRAMs_1/MEM_MEM1_to_MEM_MEM2_MEMORY_ADDRESS[31]_i_5/O
                         net (fo=1, unplaced)         0.347     6.113    u_wb/defaultClockArea_cpu/DCachePlugin_dataRAMs_1/MEM_MEM2_arbitration_haltItself
                         LUT6 (Prop_lut6_I3_O)        0.105     6.218 r  u_wb/defaultClockArea_cpu/DCachePlugin_dataRAMs_1/MEM_MEM1_to_MEM_MEM2_MEMORY_ADDRESS[31]_i_3/O
                         net (fo=1, unplaced)         0.347     6.565    u_wb/defaultClockArea_cpu/DCachePlugin_dataRAMs_1/MEM_MEM1_to_MEM_MEM2_MEMORY_ADDRESS[31]_i_3_n_0
                         LUT5 (Prop_lut5_I3_O)        0.105     6.670 r  u_wb/defaultClockArea_cpu/DCachePlugin_dataRAMs_1/MEM_MEM1_to_MEM_MEM2_MEMORY_ADDRESS[31]_i_2/O
                         net (fo=32, unplaced)        0.418     7.088    u_wb/defaultClockArea_cpu/DCachePlugin_dataRAMs_1/MEM_MEM2_DCachePlugin_CACHEFSM_finishAllWay_reg
                         LUT2 (Prop_lut2_I0_O)        0.105     7.193 f  u_wb/defaultClockArea_cpu/DCachePlugin_dataRAMs_1/mem_i_76__4/O
                         net (fo=3, unplaced)         0.365     7.558    u_wb/defaultClockArea_cpu/DCachePlugin_dataRAMs_1/MEM_MEM2_DCachePlugin_fixUncacheFSM_stateReg_reg[0]
                         LUT5 (Prop_lut5_I4_O)        0.105     7.663 f  u_wb/defaultClockArea_cpu/DCachePlugin_dataRAMs_1/mem_i_66__7/O
                         net (fo=14, unplaced)        0.398     8.061    u_wb/defaultClockArea_cpu/DCachePlugin_dataRAMs_1_n_46
                         LUT2 (Prop_lut2_I1_O)        0.105     8.166 r  u_wb/defaultClockArea_cpu/MEM_ISS_to_MEM_RRD_ISSUE_SLOT_rRegs_0_payload[5]_i_1/O
                         net (fo=465, unplaced)       0.485     8.651    u_wb/defaultClockArea_cpu/when_Pipeline_l158_69
                         LUT5 (Prop_lut5_I4_O)        0.105     8.756 r  u_wb/defaultClockArea_cpu/MemIssueQueuePlugin_queue_4_payload_rRegs_1_valid_i_12/O
                         net (fo=44, unplaced)        0.426     9.182    u_wb/defaultClockArea_cpu/MemExecutePlugin_clrBusy_valid
                         LUT6 (Prop_lut6_I2_O)        0.105     9.287 r  u_wb/defaultClockArea_cpu/MulDivIssueQueuePlugin_queue_0_payload_rRegs_0_valid_i_20/O
                         net (fo=1, unplaced)         0.347     9.634    u_wb/defaultClockArea_cpu/MulDivIssueQueuePlugin_queue_0_payload_rRegs_0_valid_i_20_n_0
                         LUT5 (Prop_lut5_I4_O)        0.105     9.739 f  u_wb/defaultClockArea_cpu/MulDivIssueQueuePlugin_queue_0_payload_rRegs_0_valid_i_8/O
                         net (fo=1, unplaced)         0.347    10.086    u_wb/defaultClockArea_cpu/unsignedDivider_3/MulDivIssueQueuePlugin_queue_0_payload_rRegs_0_valid_i_2_0
                         LUT6 (Prop_lut6_I1_O)        0.105    10.191 f  u_wb/defaultClockArea_cpu/unsignedDivider_3/MulDivIssueQueuePlugin_queue_0_payload_rRegs_0_valid_i_4/O
                         net (fo=6, unplaced)         0.379    10.570    u_wb/defaultClockArea_cpu/unsignedDivider_3/MulDivIssueQueuePlugin_queue_0_payload_rRegs_0_valid_i_4_n_0
                         LUT5 (Prop_lut5_I2_O)        0.105    10.675 f  u_wb/defaultClockArea_cpu/unsignedDivider_3/IntIssueQueuePlugin_queue_6_payload_rRegs_0_valid_i_8/O
                         net (fo=6, unplaced)         0.379    11.054    u_wb/defaultClockArea_cpu/unsignedDivider_3/IntIssueQueuePlugin_queue_6_payload_rRegs_0_valid_i_8_n_0
                         LUT2 (Prop_lut2_I1_O)        0.105    11.159 r  u_wb/defaultClockArea_cpu/unsignedDivider_3/IntIssueQueuePlugin_queue_2_payload_rRegs_0_valid_i_7/O
                         net (fo=1, unplaced)         0.347    11.506    u_wb/defaultClockArea_cpu/unsignedDivider_3/IntIssueQueuePlugin_queue_2_payload_rRegs_0_valid_i_7_n_0
                         LUT6 (Prop_lut6_I5_O)        0.105    11.611 r  u_wb/defaultClockArea_cpu/unsignedDivider_3/IntIssueQueuePlugin_queue_2_payload_rRegs_0_valid_i_3/O
                         net (fo=4, unplaced)         0.371    11.982    u_wb/defaultClockArea_cpu/unsignedDivider_3/IntIssueQueuePlugin_queue_2_payload_rRegs_0_valid_i_3_n_0
                         LUT5 (Prop_lut5_I4_O)        0.105    12.087 r  u_wb/defaultClockArea_cpu/unsignedDivider_3/IntIssueQueuePlugin_queue_5_payload_rRegs_0_valid_i_1/O
                         net (fo=1, unplaced)         0.000    12.087    u_wb/defaultClockArea_cpu/unsignedDivider_3_n_83
                         FDRE                                         r  u_wb/defaultClockArea_cpu/IntIssueQueuePlugin_queue_5_payload_rRegs_0_valid_reg/D
  -------------------------------------------------------------------    -------------------

                         (clock aclk rise edge)      10.000    10.000 r  
                                                      0.000    10.000 r  aclk (IN)
                         net (fo=0)                   0.000    10.000    aclk
                         IBUF (Prop_ibuf_I_O)         0.751    10.751 r  aclk_IBUF_inst/O
                         net (fo=1, unplaced)         0.613    11.365    aclk_IBUF
                         BUFG (Prop_bufg_I_O)         0.077    11.442 r  aclk_IBUF_BUFG_inst/O
                         net (fo=17734, unplaced)     0.439    11.881    u_wb/defaultClockArea_cpu/aclk_IBUF_BUFG
                         FDRE                                         r  u_wb/defaultClockArea_cpu/IntIssueQueuePlugin_queue_5_payload_rRegs_0_valid_reg/C
                         clock pessimism              0.167    12.048    
                         clock uncertainty           -0.035    12.012    
                         FDRE (Setup_fdre_C_D)        0.029    12.041    u_wb/defaultClockArea_cpu/IntIssueQueuePlugin_queue_5_payload_rRegs_0_valid_reg
  -------------------------------------------------------------------
                         required time                         12.041    
                         arrival time                         -12.087    
  -------------------------------------------------------------------
                         slack                                 -0.045    

Slack (VIOLATED) :        -0.032ns  (required time - arrival time)
  Source:                 u_wb/defaultClockArea_axiBuffer/fifo/xpm_fifo_base_inst/xpm_fifo_rst_inst/gen_rst_cc.fifo_wr_rst_cc_reg[2]/C
                            (rising edge-triggered cell FDSE clocked by aclk  {rise@0.000ns fall@5.000ns period=10.000ns})
  Destination:            u_wb/defaultClockArea_cpu/MulDivIssueQueuePlugin_queue_1_payload_rRegs_0_valid_reg/D
                            (rising edge-triggered cell FDRE clocked by aclk  {rise@0.000ns fall@5.000ns period=10.000ns})
  Path Group:             aclk
  Path Type:              Setup (Max at Slow Process Corner)
  Requirement:            10.000ns  (aclk rise@10.000ns - aclk rise@0.000ns)
  Data Path Delay:        9.881ns  (logic 2.501ns (25.311%)  route 7.380ns (74.689%))
  Logic Levels:           19  (LUT2=4 LUT3=2 LUT4=2 LUT5=6 LUT6=5)
  Clock Path Skew:        -0.145ns (DCD - SCD + CPR)
    Destination Clock Delay (DCD):    1.881ns = ( 11.881 - 10.000 ) 
    Source Clock Delay      (SCD):    2.193ns
    Clock Pessimism Removal (CPR):    0.167ns
  Clock Uncertainty:      0.035ns  ((TSJ^2 + TIJ^2)^1/2 + DJ) / 2 + PE
    Total System Jitter     (TSJ):    0.071ns
    Total Input Jitter      (TIJ):    0.000ns
    Discrete Jitter          (DJ):    0.000ns
    Phase Error              (PE):    0.000ns

    Location             Delay type                Incr(ns)  Path(ns)    Netlist Resource(s)
  -------------------------------------------------------------------    -------------------
                         (clock aclk rise edge)       0.000     0.000 r  
                                                      0.000     0.000 r  aclk (IN)
                         net (fo=0)                   0.000     0.000    aclk
                         IBUF (Prop_ibuf_I_O)         0.882     0.882 r  aclk_IBUF_inst/O
                         net (fo=1, unplaced)         0.646     1.528    aclk_IBUF
                         BUFG (Prop_bufg_I_O)         0.081     1.609 r  aclk_IBUF_BUFG_inst/O
                         net (fo=17734, unplaced)     0.584     2.193    u_wb/defaultClockArea_axiBuffer/fifo/xpm_fifo_base_inst/xpm_fifo_rst_inst/wr_clk
                         FDSE                                         r  u_wb/defaultClockArea_axiBuffer/fifo/xpm_fifo_base_inst/xpm_fifo_rst_inst/gen_rst_cc.fifo_wr_rst_cc_reg[2]/C
  -------------------------------------------------------------------    -------------------
                         FDSE (Prop_fdse_C_Q)         0.379     2.572 f  u_wb/defaultClockArea_axiBuffer/fifo/xpm_fifo_base_inst/xpm_fifo_rst_inst/gen_rst_cc.fifo_wr_rst_cc_reg[2]/Q
                         net (fo=51, unplaced)        0.445     3.017    u_wb/defaultClockArea_axiBuffer/fifo/xpm_fifo_base_inst/xpm_fifo_rst_inst/Q[0]
                         LUT2 (Prop_lut2_I0_O)        0.232     3.249 f  u_wb/defaultClockArea_axiBuffer/fifo/xpm_fifo_base_inst/xpm_fifo_rst_inst/wr_rst_busy_INST_0/O
                         net (fo=144, unplaced)       0.456     3.705    u_wb/defaultClockArea_axiBuffer/fifo_rd_rst_busy
                         LUT2 (Prop_lut2_I0_O)        0.105     3.810 r  u_wb/defaultClockArea_axiBuffer/fifo_i_76/O
                         net (fo=2, unplaced)         0.358     4.168    u_wb/defaultClockArea_axiBuffer/fifo_i_76_n_0
                         LUT6 (Prop_lut6_I0_O)        0.105     4.273 f  u_wb/defaultClockArea_axiBuffer/fifo_i_73/O
                         net (fo=71, unplaced)        0.438     4.711    u_wb/defaultClockArea_axiBuffer/when_AxiBuffer_l81__1
                         LUT4 (Prop_lut4_I0_O)        0.105     4.816 f  u_wb/defaultClockArea_axiBuffer/fifo_i_1/O
                         net (fo=11, unplaced)        0.393     5.209    u_wb/defaultClockArea_cpu/DCachePlugin_dataRAMs_1/wr_en
                         LUT3 (Prop_lut3_I2_O)        0.105     5.314 f  u_wb/defaultClockArea_cpu/DCachePlugin_dataRAMs_1/MEM_MEM1_to_MEM_MEM2_MEMORY_ADDRESS[31]_i_7/O
                         net (fo=1, unplaced)         0.347     5.661    u_wb/defaultClockArea_cpu/DCachePlugin_dataRAMs_1/MEM_MEM1_to_MEM_MEM2_MEMORY_ADDRESS[31]_i_7_n_0
                         LUT5 (Prop_lut5_I2_O)        0.105     5.766 r  u_wb/defaultClockArea_cpu/DCachePlugin_dataRAMs_1/MEM_MEM1_to_MEM_MEM2_MEMORY_ADDRESS[31]_i_5/O
                         net (fo=1, unplaced)         0.347     6.113    u_wb/defaultClockArea_cpu/DCachePlugin_dataRAMs_1/MEM_MEM2_arbitration_haltItself
                         LUT6 (Prop_lut6_I3_O)        0.105     6.218 r  u_wb/defaultClockArea_cpu/DCachePlugin_dataRAMs_1/MEM_MEM1_to_MEM_MEM2_MEMORY_ADDRESS[31]_i_3/O
                         net (fo=1, unplaced)         0.347     6.565    u_wb/defaultClockArea_cpu/DCachePlugin_dataRAMs_1/MEM_MEM1_to_MEM_MEM2_MEMORY_ADDRESS[31]_i_3_n_0
                         LUT5 (Prop_lut5_I3_O)        0.105     6.670 r  u_wb/defaultClockArea_cpu/DCachePlugin_dataRAMs_1/MEM_MEM1_to_MEM_MEM2_MEMORY_ADDRESS[31]_i_2/O
                         net (fo=32, unplaced)        0.418     7.088    u_wb/defaultClockArea_cpu/DCachePlugin_dataRAMs_1/MEM_MEM2_DCachePlugin_CACHEFSM_finishAllWay_reg
                         LUT2 (Prop_lut2_I0_O)        0.105     7.193 f  u_wb/defaultClockArea_cpu/DCachePlugin_dataRAMs_1/mem_i_76__4/O
                         net (fo=3, unplaced)         0.365     7.558    u_wb/defaultClockArea_cpu/DCachePlugin_dataRAMs_1/MEM_MEM2_DCachePlugin_fixUncacheFSM_stateReg_reg[0]
                         LUT5 (Prop_lut5_I4_O)        0.105     7.663 f  u_wb/defaultClockArea_cpu/DCachePlugin_dataRAMs_1/mem_i_66__7/O
                         net (fo=14, unplaced)        0.398     8.061    u_wb/defaultClockArea_cpu/DCachePlugin_dataRAMs_1_n_46
                         LUT2 (Prop_lut2_I1_O)        0.105     8.166 r  u_wb/defaultClockArea_cpu/MEM_ISS_to_MEM_RRD_ISSUE_SLOT_rRegs_0_payload[5]_i_1/O
                         net (fo=465, unplaced)       0.485     8.651    u_wb/defaultClockArea_cpu/when_Pipeline_l158_69
                         LUT5 (Prop_lut5_I4_O)        0.105     8.756 r  u_wb/defaultClockArea_cpu/MemIssueQueuePlugin_queue_4_payload_rRegs_1_valid_i_12/O
                         net (fo=44, unplaced)        0.426     9.182    u_wb/defaultClockArea_cpu/MemExecutePlugin_clrBusy_valid
                         LUT5 (Prop_lut5_I2_O)        0.105     9.287 r  u_wb/defaultClockArea_cpu/MulDivIssueQueuePlugin_queue_2_payload_rRegs_0_valid_i_23/O
                         net (fo=1, unplaced)         0.347     9.634    u_wb/defaultClockArea_cpu/MulDivIssueQueuePlugin_queue_2_payload_rRegs_0_valid_i_23_n_0
                         LUT6 (Prop_lut6_I0_O)        0.105     9.739 r  u_wb/defaultClockArea_cpu/MulDivIssueQueuePlugin_queue_2_payload_rRegs_0_valid_i_21/O
                         net (fo=1, unplaced)         0.347    10.086    u_wb/defaultClockArea_cpu/unsignedDivider_3/MemIssueQueuePlugin_queue_3_payload_rRegs_0_valid_i_6_2
                         LUT4 (Prop_lut4_I3_O)        0.105    10.191 f  u_wb/defaultClockArea_cpu/unsignedDivider_3/MulDivIssueQueuePlugin_queue_2_payload_rRegs_0_valid_i_10/O
                         net (fo=11, unplaced)        0.393    10.584    u_wb/defaultClockArea_cpu/unsignedDivider_3/MulDivIssueQueuePlugin_queue_2_payload_rRegs_0_valid_i_10_n_0
                         LUT5 (Prop_lut5_I4_O)        0.105    10.689 f  u_wb/defaultClockArea_cpu/unsignedDivider_3/MulDivIssueQueuePlugin_queue_0_payload_rRegs_0_valid_i_2/O
                         net (fo=3, unplaced)         0.365    11.054    u_wb/defaultClockArea_cpu/unsignedDivider_3/MulDivIssueQueuePlugin_queue_0_payload_rRegs_0_valid_i_2_n_0
                         LUT6 (Prop_lut6_I3_O)        0.105    11.159 r  u_wb/defaultClockArea_cpu/unsignedDivider_3/MulDivIssueQueuePlugin_queue_2_payload_rRegs_0_valid_i_5/O
                         net (fo=1, unplaced)         0.347    11.506    u_wb/defaultClockArea_cpu/unsignedDivider_3/MulDivIssueQueuePlugin_queue_2_payload_rRegs_0_valid_i_5_n_0
                         LUT6 (Prop_lut6_I5_O)        0.105    11.611 r  u_wb/defaultClockArea_cpu/unsignedDivider_3/MulDivIssueQueuePlugin_queue_2_payload_rRegs_0_valid_i_1/O
                         net (fo=2, unplaced)         0.358    11.969    u_wb/defaultClockArea_cpu/unsignedDivider_3/MULDIV_RRD_to_MULDIV_EXE_ISSUE_SLOT_uop_doRegWrite_reg_1
                         LUT3 (Prop_lut3_I0_O)        0.105    12.074 r  u_wb/defaultClockArea_cpu/unsignedDivider_3/MulDivIssueQueuePlugin_queue_1_payload_rRegs_0_valid_i_1/O
                         net (fo=1, unplaced)         0.000    12.074    u_wb/defaultClockArea_cpu/unsignedDivider_3_n_188
                         FDRE                                         r  u_wb/defaultClockArea_cpu/MulDivIssueQueuePlugin_queue_1_payload_rRegs_0_valid_reg/D
  -------------------------------------------------------------------    -------------------

                         (clock aclk rise edge)      10.000    10.000 r  
                                                      0.000    10.000 r  aclk (IN)
                         net (fo=0)                   0.000    10.000    aclk
                         IBUF (Prop_ibuf_I_O)         0.751    10.751 r  aclk_IBUF_inst/O
                         net (fo=1, unplaced)         0.613    11.365    aclk_IBUF
                         BUFG (Prop_bufg_I_O)         0.077    11.442 r  aclk_IBUF_BUFG_inst/O
                         net (fo=17734, unplaced)     0.439    11.881    u_wb/defaultClockArea_cpu/aclk_IBUF_BUFG
                         FDRE                                         r  u_wb/defaultClockArea_cpu/MulDivIssueQueuePlugin_queue_1_payload_rRegs_0_valid_reg/C
                         clock pessimism              0.167    12.048    
                         clock uncertainty           -0.035    12.012    
                         FDRE (Setup_fdre_C_D)        0.029    12.041    u_wb/defaultClockArea_cpu/MulDivIssueQueuePlugin_queue_1_payload_rRegs_0_valid_reg
  -------------------------------------------------------------------
                         required time                         12.041    
                         arrival time                         -12.074    
  -------------------------------------------------------------------
                         slack                                 -0.032    

Slack (VIOLATED) :        -0.029ns  (required time - arrival time)
  Source:                 u_wb/defaultClockArea_axiBuffer/fifo/xpm_fifo_base_inst/xpm_fifo_rst_inst/gen_rst_cc.fifo_wr_rst_cc_reg[2]/C
                            (rising edge-triggered cell FDSE clocked by aclk  {rise@0.000ns fall@5.000ns period=10.000ns})
  Destination:            u_wb/defaultClockArea_cpu/MemIssueQueuePlugin_queue_2_payload_rRegs_0_valid_reg/D
                            (rising edge-triggered cell FDRE clocked by aclk  {rise@0.000ns fall@5.000ns period=10.000ns})
  Path Group:             aclk
  Path Type:              Setup (Max at Slow Process Corner)
  Requirement:            10.000ns  (aclk rise@10.000ns - aclk rise@0.000ns)
  Data Path Delay:        9.878ns  (logic 2.521ns (25.521%)  route 7.357ns (74.479%))
  Logic Levels:           19  (LUT2=4 LUT3=2 LUT4=1 LUT5=6 LUT6=6)
  Clock Path Skew:        -0.145ns (DCD - SCD + CPR)
    Destination Clock Delay (DCD):    1.881ns = ( 11.881 - 10.000 ) 
    Source Clock Delay      (SCD):    2.193ns
    Clock Pessimism Removal (CPR):    0.167ns
  Clock Uncertainty:      0.035ns  ((TSJ^2 + TIJ^2)^1/2 + DJ) / 2 + PE
    Total System Jitter     (TSJ):    0.071ns
    Total Input Jitter      (TIJ):    0.000ns
    Discrete Jitter          (DJ):    0.000ns
    Phase Error              (PE):    0.000ns

    Location             Delay type                Incr(ns)  Path(ns)    Netlist Resource(s)
  -------------------------------------------------------------------    -------------------
                         (clock aclk rise edge)       0.000     0.000 r  
                                                      0.000     0.000 r  aclk (IN)
                         net (fo=0)                   0.000     0.000    aclk
                         IBUF (Prop_ibuf_I_O)         0.882     0.882 r  aclk_IBUF_inst/O
                         net (fo=1, unplaced)         0.646     1.528    aclk_IBUF
                         BUFG (Prop_bufg_I_O)         0.081     1.609 r  aclk_IBUF_BUFG_inst/O
                         net (fo=17734, unplaced)     0.584     2.193    u_wb/defaultClockArea_axiBuffer/fifo/xpm_fifo_base_inst/xpm_fifo_rst_inst/wr_clk
                         FDSE                                         r  u_wb/defaultClockArea_axiBuffer/fifo/xpm_fifo_base_inst/xpm_fifo_rst_inst/gen_rst_cc.fifo_wr_rst_cc_reg[2]/C
  -------------------------------------------------------------------    -------------------
                         FDSE (Prop_fdse_C_Q)         0.379     2.572 f  u_wb/defaultClockArea_axiBuffer/fifo/xpm_fifo_base_inst/xpm_fifo_rst_inst/gen_rst_cc.fifo_wr_rst_cc_reg[2]/Q
                         net (fo=51, unplaced)        0.445     3.017    u_wb/defaultClockArea_axiBuffer/fifo/xpm_fifo_base_inst/xpm_fifo_rst_inst/Q[0]
                         LUT2 (Prop_lut2_I0_O)        0.232     3.249 f  u_wb/defaultClockArea_axiBuffer/fifo/xpm_fifo_base_inst/xpm_fifo_rst_inst/wr_rst_busy_INST_0/O
                         net (fo=144, unplaced)       0.456     3.705    u_wb/defaultClockArea_axiBuffer/fifo_rd_rst_busy
                         LUT2 (Prop_lut2_I0_O)        0.105     3.810 r  u_wb/defaultClockArea_axiBuffer/fifo_i_76/O
                         net (fo=2, unplaced)         0.358     4.168    u_wb/defaultClockArea_axiBuffer/fifo_i_76_n_0
                         LUT6 (Prop_lut6_I0_O)        0.105     4.273 f  u_wb/defaultClockArea_axiBuffer/fifo_i_73/O
                         net (fo=71, unplaced)        0.438     4.711    u_wb/defaultClockArea_axiBuffer/when_AxiBuffer_l81__1
                         LUT4 (Prop_lut4_I0_O)        0.105     4.816 f  u_wb/defaultClockArea_axiBuffer/fifo_i_1/O
                         net (fo=11, unplaced)        0.393     5.209    u_wb/defaultClockArea_cpu/DCachePlugin_dataRAMs_1/wr_en
                         LUT3 (Prop_lut3_I2_O)        0.105     5.314 f  u_wb/defaultClockArea_cpu/DCachePlugin_dataRAMs_1/MEM_MEM1_to_MEM_MEM2_MEMORY_ADDRESS[31]_i_7/O
                         net (fo=1, unplaced)         0.347     5.661    u_wb/defaultClockArea_cpu/DCachePlugin_dataRAMs_1/MEM_MEM1_to_MEM_MEM2_MEMORY_ADDRESS[31]_i_7_n_0
                         LUT5 (Prop_lut5_I2_O)        0.105     5.766 r  u_wb/defaultClockArea_cpu/DCachePlugin_dataRAMs_1/MEM_MEM1_to_MEM_MEM2_MEMORY_ADDRESS[31]_i_5/O
                         net (fo=1, unplaced)         0.347     6.113    u_wb/defaultClockArea_cpu/DCachePlugin_dataRAMs_1/MEM_MEM2_arbitration_haltItself
                         LUT6 (Prop_lut6_I3_O)        0.105     6.218 r  u_wb/defaultClockArea_cpu/DCachePlugin_dataRAMs_1/MEM_MEM1_to_MEM_MEM2_MEMORY_ADDRESS[31]_i_3/O
                         net (fo=1, unplaced)         0.347     6.565    u_wb/defaultClockArea_cpu/DCachePlugin_dataRAMs_1/MEM_MEM1_to_MEM_MEM2_MEMORY_ADDRESS[31]_i_3_n_0
                         LUT5 (Prop_lut5_I3_O)        0.105     6.670 r  u_wb/defaultClockArea_cpu/DCachePlugin_dataRAMs_1/MEM_MEM1_to_MEM_MEM2_MEMORY_ADDRESS[31]_i_2/O
                         net (fo=32, unplaced)        0.418     7.088    u_wb/defaultClockArea_cpu/DCachePlugin_dataRAMs_1/MEM_MEM2_DCachePlugin_CACHEFSM_finishAllWay_reg
                         LUT2 (Prop_lut2_I0_O)        0.105     7.193 f  u_wb/defaultClockArea_cpu/DCachePlugin_dataRAMs_1/mem_i_76__4/O
                         net (fo=3, unplaced)         0.365     7.558    u_wb/defaultClockArea_cpu/DCachePlugin_dataRAMs_1/MEM_MEM2_DCachePlugin_fixUncacheFSM_stateReg_reg[0]
                         LUT5 (Prop_lut5_I4_O)        0.105     7.663 f  u_wb/defaultClockArea_cpu/DCachePlugin_dataRAMs_1/mem_i_66__7/O
                         net (fo=14, unplaced)        0.398     8.061    u_wb/defaultClockArea_cpu/DCachePlugin_dataRAMs_1_n_46
                         LUT2 (Prop_lut2_I1_O)        0.105     8.166 r  u_wb/defaultClockArea_cpu/MEM_ISS_to_MEM_RRD_ISSUE_SLOT_rRegs_0_payload[5]_i_1/O
                         net (fo=465, unplaced)       0.485     8.651    u_wb/defaultClockArea_cpu/when_Pipeline_l158_69
                         LUT5 (Prop_lut5_I4_O)        0.105     8.756 r  u_wb/defaultClockArea_cpu/MemIssueQueuePlugin_queue_4_payload_rRegs_1_valid_i_12/O
                         net (fo=44, unplaced)        0.426     9.182    u_wb/defaultClockArea_cpu/MemExecutePlugin_clrBusy_valid
                         LUT6 (Prop_lut6_I2_O)        0.105     9.287 r  u_wb/defaultClockArea_cpu/MulDivIssueQueuePlugin_queue_0_payload_rRegs_0_valid_i_20/O
                         net (fo=1, unplaced)         0.347     9.634    u_wb/defaultClockArea_cpu/MulDivIssueQueuePlugin_queue_0_payload_rRegs_0_valid_i_20_n_0
                         LUT5 (Prop_lut5_I4_O)        0.105     9.739 f  u_wb/defaultClockArea_cpu/MulDivIssueQueuePlugin_queue_0_payload_rRegs_0_valid_i_8/O
                         net (fo=1, unplaced)         0.347    10.086    u_wb/defaultClockArea_cpu/unsignedDivider_3/MulDivIssueQueuePlugin_queue_0_payload_rRegs_0_valid_i_2_0
                         LUT6 (Prop_lut6_I1_O)        0.105    10.191 f  u_wb/defaultClockArea_cpu/unsignedDivider_3/MulDivIssueQueuePlugin_queue_0_payload_rRegs_0_valid_i_4/O
                         net (fo=6, unplaced)         0.379    10.570    u_wb/defaultClockArea_cpu/unsignedDivider_3/MulDivIssueQueuePlugin_queue_0_payload_rRegs_0_valid_i_4_n_0
                         LUT5 (Prop_lut5_I2_O)        0.105    10.675 f  u_wb/defaultClockArea_cpu/unsignedDivider_3/MemIssueQueuePlugin_queue_0_payload_rRegs_0_valid_i_2/O
                         net (fo=5, unplaced)         0.375    11.050    u_wb/defaultClockArea_cpu/unsignedDivider_3/MemIssueQueuePlugin_queue_0_payload_rRegs_0_valid_i_2_n_0
                         LUT6 (Prop_lut6_I5_O)        0.105    11.155 r  u_wb/defaultClockArea_cpu/unsignedDivider_3/MemIssueQueuePlugin_queue_3_payload_rRegs_0_valid_i_6/O
                         net (fo=1, unplaced)         0.347    11.502    u_wb/defaultClockArea_cpu/unsignedDivider_3/MemIssueQueuePlugin_queue_3_payload_rRegs_0_valid_i_6_n_0
                         LUT6 (Prop_lut6_I5_O)        0.105    11.607 r  u_wb/defaultClockArea_cpu/unsignedDivider_3/MemIssueQueuePlugin_queue_3_payload_rRegs_0_valid_i_2/O
                         net (fo=2, unplaced)         0.339    11.946    u_wb/defaultClockArea_cpu/unsignedDivider_3/MemIssueQueuePlugin_queue_3_payload_rRegs_0_valid_i_2_n_0
                         LUT3 (Prop_lut3_I0_O)        0.125    12.071 r  u_wb/defaultClockArea_cpu/unsignedDivider_3/MemIssueQueuePlugin_queue_2_payload_rRegs_0_valid_i_1/O
                         net (fo=1, unplaced)         0.000    12.071    u_wb/defaultClockArea_cpu/unsignedDivider_3_n_186
                         FDRE                                         r  u_wb/defaultClockArea_cpu/MemIssueQueuePlugin_queue_2_payload_rRegs_0_valid_reg/D
  -------------------------------------------------------------------    -------------------

                         (clock aclk rise edge)      10.000    10.000 r  
                                                      0.000    10.000 r  aclk (IN)
                         net (fo=0)                   0.000    10.000    aclk
                         IBUF (Prop_ibuf_I_O)         0.751    10.751 r  aclk_IBUF_inst/O
                         net (fo=1, unplaced)         0.613    11.365    aclk_IBUF
                         BUFG (Prop_bufg_I_O)         0.077    11.442 r  aclk_IBUF_BUFG_inst/O
                         net (fo=17734, unplaced)     0.439    11.881    u_wb/defaultClockArea_cpu/aclk_IBUF_BUFG
                         FDRE                                         r  u_wb/defaultClockArea_cpu/MemIssueQueuePlugin_queue_2_payload_rRegs_0_valid_reg/C
                         clock pessimism              0.167    12.048    
                         clock uncertainty           -0.035    12.012    
                         FDRE (Setup_fdre_C_D)        0.029    12.041    u_wb/defaultClockArea_cpu/MemIssueQueuePlugin_queue_2_payload_rRegs_0_valid_reg
  -------------------------------------------------------------------
                         required time                         12.041    
                         arrival time                         -12.071    
  -------------------------------------------------------------------
                         slack                                 -0.029    

Slack (VIOLATED) :        -0.028ns  (required time - arrival time)
  Source:                 u_wb/defaultClockArea_axiBuffer/fifo/xpm_fifo_base_inst/xpm_fifo_rst_inst/gen_rst_cc.fifo_wr_rst_cc_reg[2]/C
                            (rising edge-triggered cell FDSE clocked by aclk  {rise@0.000ns fall@5.000ns period=10.000ns})
  Destination:            u_wb/defaultClockArea_cpu/MemIssueQueuePlugin_queue_1_payload_rRegs_0_valid_reg/D
                            (rising edge-triggered cell FDRE clocked by aclk  {rise@0.000ns fall@5.000ns period=10.000ns})
  Path Group:             aclk
  Path Type:              Setup (Max at Slow Process Corner)
  Requirement:            10.000ns  (aclk rise@10.000ns - aclk rise@0.000ns)
  Data Path Delay:        9.877ns  (logic 2.501ns (25.321%)  route 7.376ns (74.679%))
  Logic Levels:           19  (LUT2=4 LUT3=2 LUT4=1 LUT5=6 LUT6=6)
  Clock Path Skew:        -0.145ns (DCD - SCD + CPR)
    Destination Clock Delay (DCD):    1.881ns = ( 11.881 - 10.000 ) 
    Source Clock Delay      (SCD):    2.193ns
    Clock Pessimism Removal (CPR):    0.167ns
  Clock Uncertainty:      0.035ns  ((TSJ^2 + TIJ^2)^1/2 + DJ) / 2 + PE
    Total System Jitter     (TSJ):    0.071ns
    Total Input Jitter      (TIJ):    0.000ns
    Discrete Jitter          (DJ):    0.000ns
    Phase Error              (PE):    0.000ns

    Location             Delay type                Incr(ns)  Path(ns)    Netlist Resource(s)
  -------------------------------------------------------------------    -------------------
                         (clock aclk rise edge)       0.000     0.000 r  
                                                      0.000     0.000 r  aclk (IN)
                         net (fo=0)                   0.000     0.000    aclk
                         IBUF (Prop_ibuf_I_O)         0.882     0.882 r  aclk_IBUF_inst/O
                         net (fo=1, unplaced)         0.646     1.528    aclk_IBUF
                         BUFG (Prop_bufg_I_O)         0.081     1.609 r  aclk_IBUF_BUFG_inst/O
                         net (fo=17734, unplaced)     0.584     2.193    u_wb/defaultClockArea_axiBuffer/fifo/xpm_fifo_base_inst/xpm_fifo_rst_inst/wr_clk
                         FDSE                                         r  u_wb/defaultClockArea_axiBuffer/fifo/xpm_fifo_base_inst/xpm_fifo_rst_inst/gen_rst_cc.fifo_wr_rst_cc_reg[2]/C
  -------------------------------------------------------------------    -------------------
                         FDSE (Prop_fdse_C_Q)         0.379     2.572 f  u_wb/defaultClockArea_axiBuffer/fifo/xpm_fifo_base_inst/xpm_fifo_rst_inst/gen_rst_cc.fifo_wr_rst_cc_reg[2]/Q
                         net (fo=51, unplaced)        0.445     3.017    u_wb/defaultClockArea_axiBuffer/fifo/xpm_fifo_base_inst/xpm_fifo_rst_inst/Q[0]
                         LUT2 (Prop_lut2_I0_O)        0.232     3.249 f  u_wb/defaultClockArea_axiBuffer/fifo/xpm_fifo_base_inst/xpm_fifo_rst_inst/wr_rst_busy_INST_0/O
                         net (fo=144, unplaced)       0.456     3.705    u_wb/defaultClockArea_axiBuffer/fifo_rd_rst_busy
                         LUT2 (Prop_lut2_I0_O)        0.105     3.810 r  u_wb/defaultClockArea_axiBuffer/fifo_i_76/O
                         net (fo=2, unplaced)         0.358     4.168    u_wb/defaultClockArea_axiBuffer/fifo_i_76_n_0
                         LUT6 (Prop_lut6_I0_O)        0.105     4.273 f  u_wb/defaultClockArea_axiBuffer/fifo_i_73/O
                         net (fo=71, unplaced)        0.438     4.711    u_wb/defaultClockArea_axiBuffer/when_AxiBuffer_l81__1
                         LUT4 (Prop_lut4_I0_O)        0.105     4.816 f  u_wb/defaultClockArea_axiBuffer/fifo_i_1/O
                         net (fo=11, unplaced)        0.393     5.209    u_wb/defaultClockArea_cpu/DCachePlugin_dataRAMs_1/wr_en
                         LUT3 (Prop_lut3_I2_O)        0.105     5.314 f  u_wb/defaultClockArea_cpu/DCachePlugin_dataRAMs_1/MEM_MEM1_to_MEM_MEM2_MEMORY_ADDRESS[31]_i_7/O
                         net (fo=1, unplaced)         0.347     5.661    u_wb/defaultClockArea_cpu/DCachePlugin_dataRAMs_1/MEM_MEM1_to_MEM_MEM2_MEMORY_ADDRESS[31]_i_7_n_0
                         LUT5 (Prop_lut5_I2_O)        0.105     5.766 r  u_wb/defaultClockArea_cpu/DCachePlugin_dataRAMs_1/MEM_MEM1_to_MEM_MEM2_MEMORY_ADDRESS[31]_i_5/O
                         net (fo=1, unplaced)         0.347     6.113    u_wb/defaultClockArea_cpu/DCachePlugin_dataRAMs_1/MEM_MEM2_arbitration_haltItself
                         LUT6 (Prop_lut6_I3_O)        0.105     6.218 r  u_wb/defaultClockArea_cpu/DCachePlugin_dataRAMs_1/MEM_MEM1_to_MEM_MEM2_MEMORY_ADDRESS[31]_i_3/O
                         net (fo=1, unplaced)         0.347     6.565    u_wb/defaultClockArea_cpu/DCachePlugin_dataRAMs_1/MEM_MEM1_to_MEM_MEM2_MEMORY_ADDRESS[31]_i_3_n_0
                         LUT5 (Prop_lut5_I3_O)        0.105     6.670 r  u_wb/defaultClockArea_cpu/DCachePlugin_dataRAMs_1/MEM_MEM1_to_MEM_MEM2_MEMORY_ADDRESS[31]_i_2/O
                         net (fo=32, unplaced)        0.418     7.088    u_wb/defaultClockArea_cpu/DCachePlugin_dataRAMs_1/MEM_MEM2_DCachePlugin_CACHEFSM_finishAllWay_reg
                         LUT2 (Prop_lut2_I0_O)        0.105     7.193 f  u_wb/defaultClockArea_cpu/DCachePlugin_dataRAMs_1/mem_i_76__4/O
                         net (fo=3, unplaced)         0.365     7.558    u_wb/defaultClockArea_cpu/DCachePlugin_dataRAMs_1/MEM_MEM2_DCachePlugin_fixUncacheFSM_stateReg_reg[0]
                         LUT5 (Prop_lut5_I4_O)        0.105     7.663 f  u_wb/defaultClockArea_cpu/DCachePlugin_dataRAMs_1/mem_i_66__7/O
                         net (fo=14, unplaced)        0.398     8.061    u_wb/defaultClockArea_cpu/DCachePlugin_dataRAMs_1_n_46
                         LUT2 (Prop_lut2_I1_O)        0.105     8.166 r  u_wb/defaultClockArea_cpu/MEM_ISS_to_MEM_RRD_ISSUE_SLOT_rRegs_0_payload[5]_i_1/O
                         net (fo=465, unplaced)       0.485     8.651    u_wb/defaultClockArea_cpu/when_Pipeline_l158_69
                         LUT5 (Prop_lut5_I4_O)        0.105     8.756 r  u_wb/defaultClockArea_cpu/MemIssueQueuePlugin_queue_4_payload_rRegs_1_valid_i_12/O
                         net (fo=44, unplaced)        0.426     9.182    u_wb/defaultClockArea_cpu/MemExecutePlugin_clrBusy_valid
                         LUT6 (Prop_lut6_I2_O)        0.105     9.287 r  u_wb/defaultClockArea_cpu/MulDivIssueQueuePlugin_queue_0_payload_rRegs_0_valid_i_20/O
                         net (fo=1, unplaced)         0.347     9.634    u_wb/defaultClockArea_cpu/MulDivIssueQueuePlugin_queue_0_payload_rRegs_0_valid_i_20_n_0
                         LUT5 (Prop_lut5_I4_O)        0.105     9.739 f  u_wb/defaultClockArea_cpu/MulDivIssueQueuePlugin_queue_0_payload_rRegs_0_valid_i_8/O
                         net (fo=1, unplaced)         0.347    10.086    u_wb/defaultClockArea_cpu/unsignedDivider_3/MulDivIssueQueuePlugin_queue_0_payload_rRegs_0_valid_i_2_0
                         LUT6 (Prop_lut6_I1_O)        0.105    10.191 f  u_wb/defaultClockArea_cpu/unsignedDivider_3/MulDivIssueQueuePlugin_queue_0_payload_rRegs_0_valid_i_4/O
                         net (fo=6, unplaced)         0.379    10.570    u_wb/defaultClockArea_cpu/unsignedDivider_3/MulDivIssueQueuePlugin_queue_0_payload_rRegs_0_valid_i_4_n_0
                         LUT5 (Prop_lut5_I2_O)        0.105    10.675 f  u_wb/defaultClockArea_cpu/unsignedDivider_3/MemIssueQueuePlugin_queue_0_payload_rRegs_0_valid_i_2/O
                         net (fo=5, unplaced)         0.375    11.050    u_wb/defaultClockArea_cpu/unsignedDivider_3/MemIssueQueuePlugin_queue_0_payload_rRegs_0_valid_i_2_n_0
                         LUT6 (Prop_lut6_I1_O)        0.105    11.155 r  u_wb/defaultClockArea_cpu/unsignedDivider_3/MemIssueQueuePlugin_queue_2_payload_rRegs_0_valid_i_6/O
                         net (fo=1, unplaced)         0.347    11.502    u_wb/defaultClockArea_cpu/unsignedDivider_3/MemIssueQueuePlugin_queue_2_payload_rRegs_0_valid_i_6_n_0
                         LUT6 (Prop_lut6_I5_O)        0.105    11.607 r  u_wb/defaultClockArea_cpu/unsignedDivider_3/MemIssueQueuePlugin_queue_2_payload_rRegs_0_valid_i_2/O
                         net (fo=2, unplaced)         0.358    11.965    u_wb/defaultClockArea_cpu/unsignedDivider_3/MemIssueQueuePlugin_queue_2_payload_rRegs_0_valid_i_2_n_0
                         LUT3 (Prop_lut3_I0_O)        0.105    12.070 r  u_wb/defaultClockArea_cpu/unsignedDivider_3/MemIssueQueuePlugin_queue_1_payload_rRegs_0_valid_i_1/O
                         net (fo=1, unplaced)         0.000    12.070    u_wb/defaultClockArea_cpu/unsignedDivider_3_n_187
                         FDRE                                         r  u_wb/defaultClockArea_cpu/MemIssueQueuePlugin_queue_1_payload_rRegs_0_valid_reg/D
  -------------------------------------------------------------------    -------------------

                         (clock aclk rise edge)      10.000    10.000 r  
                                                      0.000    10.000 r  aclk (IN)
                         net (fo=0)                   0.000    10.000    aclk
                         IBUF (Prop_ibuf_I_O)         0.751    10.751 r  aclk_IBUF_inst/O
                         net (fo=1, unplaced)         0.613    11.365    aclk_IBUF
                         BUFG (Prop_bufg_I_O)         0.077    11.442 r  aclk_IBUF_BUFG_inst/O
                         net (fo=17734, unplaced)     0.439    11.881    u_wb/defaultClockArea_cpu/aclk_IBUF_BUFG
                         FDRE                                         r  u_wb/defaultClockArea_cpu/MemIssueQueuePlugin_queue_1_payload_rRegs_0_valid_reg/C
                         clock pessimism              0.167    12.048    
                         clock uncertainty           -0.035    12.012    
                         FDRE (Setup_fdre_C_D)        0.029    12.041    u_wb/defaultClockArea_cpu/MemIssueQueuePlugin_queue_1_payload_rRegs_0_valid_reg
  -------------------------------------------------------------------
                         required time                         12.041    
                         arrival time                         -12.070    
  -------------------------------------------------------------------
                         slack                                 -0.028    

Slack (VIOLATED) :        -0.028ns  (required time - arrival time)
  Source:                 u_wb/defaultClockArea_axiBuffer/fifo/xpm_fifo_base_inst/xpm_fifo_rst_inst/gen_rst_cc.fifo_wr_rst_cc_reg[2]/C
                            (rising edge-triggered cell FDSE clocked by aclk  {rise@0.000ns fall@5.000ns period=10.000ns})
  Destination:            u_wb/defaultClockArea_cpu/MemIssueQueuePlugin_queue_3_payload_rRegs_0_valid_reg/D
                            (rising edge-triggered cell FDRE clocked by aclk  {rise@0.000ns fall@5.000ns period=10.000ns})
  Path Group:             aclk
  Path Type:              Setup (Max at Slow Process Corner)
  Requirement:            10.000ns  (aclk rise@10.000ns - aclk rise@0.000ns)
  Data Path Delay:        9.877ns  (logic 2.501ns (25.321%)  route 7.376ns (74.679%))
  Logic Levels:           19  (LUT2=4 LUT3=2 LUT4=1 LUT5=6 LUT6=6)
  Clock Path Skew:        -0.145ns (DCD - SCD + CPR)
    Destination Clock Delay (DCD):    1.881ns = ( 11.881 - 10.000 ) 
    Source Clock Delay      (SCD):    2.193ns
    Clock Pessimism Removal (CPR):    0.167ns
  Clock Uncertainty:      0.035ns  ((TSJ^2 + TIJ^2)^1/2 + DJ) / 2 + PE
    Total System Jitter     (TSJ):    0.071ns
    Total Input Jitter      (TIJ):    0.000ns
    Discrete Jitter          (DJ):    0.000ns
    Phase Error              (PE):    0.000ns

    Location             Delay type                Incr(ns)  Path(ns)    Netlist Resource(s)
  -------------------------------------------------------------------    -------------------
                         (clock aclk rise edge)       0.000     0.000 r  
                                                      0.000     0.000 r  aclk (IN)
                         net (fo=0)                   0.000     0.000    aclk
                         IBUF (Prop_ibuf_I_O)         0.882     0.882 r  aclk_IBUF_inst/O
                         net (fo=1, unplaced)         0.646     1.528    aclk_IBUF
                         BUFG (Prop_bufg_I_O)         0.081     1.609 r  aclk_IBUF_BUFG_inst/O
                         net (fo=17734, unplaced)     0.584     2.193    u_wb/defaultClockArea_axiBuffer/fifo/xpm_fifo_base_inst/xpm_fifo_rst_inst/wr_clk
                         FDSE                                         r  u_wb/defaultClockArea_axiBuffer/fifo/xpm_fifo_base_inst/xpm_fifo_rst_inst/gen_rst_cc.fifo_wr_rst_cc_reg[2]/C
  -------------------------------------------------------------------    -------------------
                         FDSE (Prop_fdse_C_Q)         0.379     2.572 f  u_wb/defaultClockArea_axiBuffer/fifo/xpm_fifo_base_inst/xpm_fifo_rst_inst/gen_rst_cc.fifo_wr_rst_cc_reg[2]/Q
                         net (fo=51, unplaced)        0.445     3.017    u_wb/defaultClockArea_axiBuffer/fifo/xpm_fifo_base_inst/xpm_fifo_rst_inst/Q[0]
                         LUT2 (Prop_lut2_I0_O)        0.232     3.249 f  u_wb/defaultClockArea_axiBuffer/fifo/xpm_fifo_base_inst/xpm_fifo_rst_inst/wr_rst_busy_INST_0/O
                         net (fo=144, unplaced)       0.456     3.705    u_wb/defaultClockArea_axiBuffer/fifo_rd_rst_busy
                         LUT2 (Prop_lut2_I0_O)        0.105     3.810 r  u_wb/defaultClockArea_axiBuffer/fifo_i_76/O
                         net (fo=2, unplaced)         0.358     4.168    u_wb/defaultClockArea_axiBuffer/fifo_i_76_n_0
                         LUT6 (Prop_lut6_I0_O)        0.105     4.273 f  u_wb/defaultClockArea_axiBuffer/fifo_i_73/O
                         net (fo=71, unplaced)        0.438     4.711    u_wb/defaultClockArea_axiBuffer/when_AxiBuffer_l81__1
                         LUT4 (Prop_lut4_I0_O)        0.105     4.816 f  u_wb/defaultClockArea_axiBuffer/fifo_i_1/O
                         net (fo=11, unplaced)        0.393     5.209    u_wb/defaultClockArea_cpu/DCachePlugin_dataRAMs_1/wr_en
                         LUT3 (Prop_lut3_I2_O)        0.105     5.314 f  u_wb/defaultClockArea_cpu/DCachePlugin_dataRAMs_1/MEM_MEM1_to_MEM_MEM2_MEMORY_ADDRESS[31]_i_7/O
                         net (fo=1, unplaced)         0.347     5.661    u_wb/defaultClockArea_cpu/DCachePlugin_dataRAMs_1/MEM_MEM1_to_MEM_MEM2_MEMORY_ADDRESS[31]_i_7_n_0
                         LUT5 (Prop_lut5_I2_O)        0.105     5.766 r  u_wb/defaultClockArea_cpu/DCachePlugin_dataRAMs_1/MEM_MEM1_to_MEM_MEM2_MEMORY_ADDRESS[31]_i_5/O
                         net (fo=1, unplaced)         0.347     6.113    u_wb/defaultClockArea_cpu/DCachePlugin_dataRAMs_1/MEM_MEM2_arbitration_haltItself
                         LUT6 (Prop_lut6_I3_O)        0.105     6.218 r  u_wb/defaultClockArea_cpu/DCachePlugin_dataRAMs_1/MEM_MEM1_to_MEM_MEM2_MEMORY_ADDRESS[31]_i_3/O
                         net (fo=1, unplaced)         0.347     6.565    u_wb/defaultClockArea_cpu/DCachePlugin_dataRAMs_1/MEM_MEM1_to_MEM_MEM2_MEMORY_ADDRESS[31]_i_3_n_0
                         LUT5 (Prop_lut5_I3_O)        0.105     6.670 r  u_wb/defaultClockArea_cpu/DCachePlugin_dataRAMs_1/MEM_MEM1_to_MEM_MEM2_MEMORY_ADDRESS[31]_i_2/O
                         net (fo=32, unplaced)        0.418     7.088    u_wb/defaultClockArea_cpu/DCachePlugin_dataRAMs_1/MEM_MEM2_DCachePlugin_CACHEFSM_finishAllWay_reg
                         LUT2 (Prop_lut2_I0_O)        0.105     7.193 f  u_wb/defaultClockArea_cpu/DCachePlugin_dataRAMs_1/mem_i_76__4/O
                         net (fo=3, unplaced)         0.365     7.558    u_wb/defaultClockArea_cpu/DCachePlugin_dataRAMs_1/MEM_MEM2_DCachePlugin_fixUncacheFSM_stateReg_reg[0]
                         LUT5 (Prop_lut5_I4_O)        0.105     7.663 f  u_wb/defaultClockArea_cpu/DCachePlugin_dataRAMs_1/mem_i_66__7/O
                         net (fo=14, unplaced)        0.398     8.061    u_wb/defaultClockArea_cpu/DCachePlugin_dataRAMs_1_n_46
                         LUT2 (Prop_lut2_I1_O)        0.105     8.166 r  u_wb/defaultClockArea_cpu/MEM_ISS_to_MEM_RRD_ISSUE_SLOT_rRegs_0_payload[5]_i_1/O
                         net (fo=465, unplaced)       0.485     8.651    u_wb/defaultClockArea_cpu/when_Pipeline_l158_69
                         LUT5 (Prop_lut5_I4_O)        0.105     8.756 r  u_wb/defaultClockArea_cpu/MemIssueQueuePlugin_queue_4_payload_rRegs_1_valid_i_12/O
                         net (fo=44, unplaced)        0.426     9.182    u_wb/defaultClockArea_cpu/MemExecutePlugin_clrBusy_valid
                         LUT6 (Prop_lut6_I2_O)        0.105     9.287 r  u_wb/defaultClockArea_cpu/MulDivIssueQueuePlugin_queue_0_payload_rRegs_0_valid_i_20/O
                         net (fo=1, unplaced)         0.347     9.634    u_wb/defaultClockArea_cpu/MulDivIssueQueuePlugin_queue_0_payload_rRegs_0_valid_i_20_n_0
                         LUT5 (Prop_lut5_I4_O)        0.105     9.739 f  u_wb/defaultClockArea_cpu/MulDivIssueQueuePlugin_queue_0_payload_rRegs_0_valid_i_8/O
                         net (fo=1, unplaced)         0.347    10.086    u_wb/defaultClockArea_cpu/unsignedDivider_3/MulDivIssueQueuePlugin_queue_0_payload_rRegs_0_valid_i_2_0
                         LUT6 (Prop_lut6_I1_O)        0.105    10.191 f  u_wb/defaultClockArea_cpu/unsignedDivider_3/MulDivIssueQueuePlugin_queue_0_payload_rRegs_0_valid_i_4/O
                         net (fo=6, unplaced)         0.379    10.570    u_wb/defaultClockArea_cpu/unsignedDivider_3/MulDivIssueQueuePlugin_queue_0_payload_rRegs_0_valid_i_4_n_0
                         LUT5 (Prop_lut5_I2_O)        0.105    10.675 f  u_wb/defaultClockArea_cpu/unsignedDivider_3/MemIssueQueuePlugin_queue_0_payload_rRegs_0_valid_i_2/O
                         net (fo=5, unplaced)         0.375    11.050    u_wb/defaultClockArea_cpu/unsignedDivider_3/MemIssueQueuePlugin_queue_0_payload_rRegs_0_valid_i_2_n_0
                         LUT6 (Prop_lut6_I5_O)        0.105    11.155 r  u_wb/defaultClockArea_cpu/unsignedDivider_3/MemIssueQueuePlugin_queue_3_payload_rRegs_0_valid_i_6/O
                         net (fo=1, unplaced)         0.347    11.502    u_wb/defaultClockArea_cpu/unsignedDivider_3/MemIssueQueuePlugin_queue_3_payload_rRegs_0_valid_i_6_n_0
                         LUT6 (Prop_lut6_I5_O)        0.105    11.607 r  u_wb/defaultClockArea_cpu/unsignedDivider_3/MemIssueQueuePlugin_queue_3_payload_rRegs_0_valid_i_2/O
                         net (fo=2, unplaced)         0.358    11.965    u_wb/defaultClockArea_cpu/unsignedDivider_3/MemIssueQueuePlugin_queue_3_payload_rRegs_0_valid_i_2_n_0
                         LUT3 (Prop_lut3_I2_O)        0.105    12.070 r  u_wb/defaultClockArea_cpu/unsignedDivider_3/MemIssueQueuePlugin_queue_3_payload_rRegs_0_valid_i_1/O
                         net (fo=1, unplaced)         0.000    12.070    u_wb/defaultClockArea_cpu/unsignedDivider_3_n_184
                         FDRE                                         r  u_wb/defaultClockArea_cpu/MemIssueQueuePlugin_queue_3_payload_rRegs_0_valid_reg/D
  -------------------------------------------------------------------    -------------------

                         (clock aclk rise edge)      10.000    10.000 r  
                                                      0.000    10.000 r  aclk (IN)
                         net (fo=0)                   0.000    10.000    aclk
                         IBUF (Prop_ibuf_I_O)         0.751    10.751 r  aclk_IBUF_inst/O
                         net (fo=1, unplaced)         0.613    11.365    aclk_IBUF
                         BUFG (Prop_bufg_I_O)         0.077    11.442 r  aclk_IBUF_BUFG_inst/O
                         net (fo=17734, unplaced)     0.439    11.881    u_wb/defaultClockArea_cpu/aclk_IBUF_BUFG
                         FDRE                                         r  u_wb/defaultClockArea_cpu/MemIssueQueuePlugin_queue_3_payload_rRegs_0_valid_reg/C
                         clock pessimism              0.167    12.048    
                         clock uncertainty           -0.035    12.012    
                         FDRE (Setup_fdre_C_D)        0.029    12.041    u_wb/defaultClockArea_cpu/MemIssueQueuePlugin_queue_3_payload_rRegs_0_valid_reg
  -------------------------------------------------------------------
                         required time                         12.041    
                         arrival time                         -12.070    
  -------------------------------------------------------------------
                         slack                                 -0.028    

Slack (MET) :             0.004ns  (required time - arrival time)
  Source:                 u_wb/defaultClockArea_axiBuffer/fifo/xpm_fifo_base_inst/xpm_fifo_rst_inst/gen_rst_cc.fifo_wr_rst_cc_reg[2]/C
                            (rising edge-triggered cell FDSE clocked by aclk  {rise@0.000ns fall@5.000ns period=10.000ns})
  Destination:            u_wb/defaultClockArea_cpu/MulDivIssueQueuePlugin_queue_1_payload_rRegs_1_valid_reg/D
                            (rising edge-triggered cell FDRE clocked by aclk  {rise@0.000ns fall@5.000ns period=10.000ns})
  Path Group:             aclk
  Path Type:              Setup (Max at Slow Process Corner)
  Requirement:            10.000ns  (aclk rise@10.000ns - aclk rise@0.000ns)
  Data Path Delay:        9.845ns  (logic 2.501ns (25.404%)  route 7.344ns (74.596%))
  Logic Levels:           19  (LUT2=5 LUT3=2 LUT4=1 LUT5=4 LUT6=7)
  Clock Path Skew:        -0.145ns (DCD - SCD + CPR)
    Destination Clock Delay (DCD):    1.881ns = ( 11.881 - 10.000 ) 
    Source Clock Delay      (SCD):    2.193ns
    Clock Pessimism Removal (CPR):    0.167ns
  Clock Uncertainty:      0.035ns  ((TSJ^2 + TIJ^2)^1/2 + DJ) / 2 + PE
    Total System Jitter     (TSJ):    0.071ns
    Total Input Jitter      (TIJ):    0.000ns
    Discrete Jitter          (DJ):    0.000ns
    Phase Error              (PE):    0.000ns

    Location             Delay type                Incr(ns)  Path(ns)    Netlist Resource(s)
  -------------------------------------------------------------------    -------------------
                         (clock aclk rise edge)       0.000     0.000 r  
                                                      0.000     0.000 r  aclk (IN)
                         net (fo=0)                   0.000     0.000    aclk
                         IBUF (Prop_ibuf_I_O)         0.882     0.882 r  aclk_IBUF_inst/O
                         net (fo=1, unplaced)         0.646     1.528    aclk_IBUF
                         BUFG (Prop_bufg_I_O)         0.081     1.609 r  aclk_IBUF_BUFG_inst/O
                         net (fo=17734, unplaced)     0.584     2.193    u_wb/defaultClockArea_axiBuffer/fifo/xpm_fifo_base_inst/xpm_fifo_rst_inst/wr_clk
                         FDSE                                         r  u_wb/defaultClockArea_axiBuffer/fifo/xpm_fifo_base_inst/xpm_fifo_rst_inst/gen_rst_cc.fifo_wr_rst_cc_reg[2]/C
  -------------------------------------------------------------------    -------------------
                         FDSE (Prop_fdse_C_Q)         0.379     2.572 f  u_wb/defaultClockArea_axiBuffer/fifo/xpm_fifo_base_inst/xpm_fifo_rst_inst/gen_rst_cc.fifo_wr_rst_cc_reg[2]/Q
                         net (fo=51, unplaced)        0.445     3.017    u_wb/defaultClockArea_axiBuffer/fifo/xpm_fifo_base_inst/xpm_fifo_rst_inst/Q[0]
                         LUT2 (Prop_lut2_I0_O)        0.232     3.249 f  u_wb/defaultClockArea_axiBuffer/fifo/xpm_fifo_base_inst/xpm_fifo_rst_inst/wr_rst_busy_INST_0/O
                         net (fo=144, unplaced)       0.456     3.705    u_wb/defaultClockArea_axiBuffer/fifo_rd_rst_busy
                         LUT2 (Prop_lut2_I0_O)        0.105     3.810 r  u_wb/defaultClockArea_axiBuffer/fifo_i_76/O
                         net (fo=2, unplaced)         0.358     4.168    u_wb/defaultClockArea_axiBuffer/fifo_i_76_n_0
                         LUT6 (Prop_lut6_I0_O)        0.105     4.273 f  u_wb/defaultClockArea_axiBuffer/fifo_i_73/O
                         net (fo=71, unplaced)        0.438     4.711    u_wb/defaultClockArea_axiBuffer/when_AxiBuffer_l81__1
                         LUT4 (Prop_lut4_I0_O)        0.105     4.816 f  u_wb/defaultClockArea_axiBuffer/fifo_i_1/O
                         net (fo=11, unplaced)        0.393     5.209    u_wb/defaultClockArea_cpu/DCachePlugin_dataRAMs_1/wr_en
                         LUT3 (Prop_lut3_I2_O)        0.105     5.314 f  u_wb/defaultClockArea_cpu/DCachePlugin_dataRAMs_1/MEM_MEM1_to_MEM_MEM2_MEMORY_ADDRESS[31]_i_7/O
                         net (fo=1, unplaced)         0.347     5.661    u_wb/defaultClockArea_cpu/DCachePlugin_dataRAMs_1/MEM_MEM1_to_MEM_MEM2_MEMORY_ADDRESS[31]_i_7_n_0
                         LUT5 (Prop_lut5_I2_O)        0.105     5.766 r  u_wb/defaultClockArea_cpu/DCachePlugin_dataRAMs_1/MEM_MEM1_to_MEM_MEM2_MEMORY_ADDRESS[31]_i_5/O
                         net (fo=1, unplaced)         0.347     6.113    u_wb/defaultClockArea_cpu/DCachePlugin_dataRAMs_1/MEM_MEM2_arbitration_haltItself
                         LUT6 (Prop_lut6_I3_O)        0.105     6.218 r  u_wb/defaultClockArea_cpu/DCachePlugin_dataRAMs_1/MEM_MEM1_to_MEM_MEM2_MEMORY_ADDRESS[31]_i_3/O
                         net (fo=1, unplaced)         0.347     6.565    u_wb/defaultClockArea_cpu/DCachePlugin_dataRAMs_1/MEM_MEM1_to_MEM_MEM2_MEMORY_ADDRESS[31]_i_3_n_0
                         LUT5 (Prop_lut5_I3_O)        0.105     6.670 r  u_wb/defaultClockArea_cpu/DCachePlugin_dataRAMs_1/MEM_MEM1_to_MEM_MEM2_MEMORY_ADDRESS[31]_i_2/O
                         net (fo=32, unplaced)        0.418     7.088    u_wb/defaultClockArea_cpu/DCachePlugin_dataRAMs_1/MEM_MEM2_DCachePlugin_CACHEFSM_finishAllWay_reg
                         LUT2 (Prop_lut2_I0_O)        0.105     7.193 f  u_wb/defaultClockArea_cpu/DCachePlugin_dataRAMs_1/mem_i_76__4/O
                         net (fo=3, unplaced)         0.365     7.558    u_wb/defaultClockArea_cpu/DCachePlugin_dataRAMs_1/MEM_MEM2_DCachePlugin_fixUncacheFSM_stateReg_reg[0]
                         LUT5 (Prop_lut5_I4_O)        0.105     7.663 f  u_wb/defaultClockArea_cpu/DCachePlugin_dataRAMs_1/mem_i_66__7/O
                         net (fo=14, unplaced)        0.398     8.061    u_wb/defaultClockArea_cpu/DCachePlugin_dataRAMs_1_n_46
                         LUT2 (Prop_lut2_I1_O)        0.105     8.166 r  u_wb/defaultClockArea_cpu/MEM_ISS_to_MEM_RRD_ISSUE_SLOT_rRegs_0_payload[5]_i_1/O
                         net (fo=465, unplaced)       0.485     8.651    u_wb/defaultClockArea_cpu/when_Pipeline_l158_69
                         LUT5 (Prop_lut5_I4_O)        0.105     8.756 r  u_wb/defaultClockArea_cpu/MemIssueQueuePlugin_queue_4_payload_rRegs_1_valid_i_12/O
                         net (fo=44, unplaced)        0.426     9.182    u_wb/defaultClockArea_cpu/MemExecutePlugin_clrBusy_valid
                         LUT6 (Prop_lut6_I2_O)        0.105     9.287 r  u_wb/defaultClockArea_cpu/MulDivIssueQueuePlugin_queue_2_payload_rRegs_1_valid_i_23/O
                         net (fo=1, unplaced)         0.328     9.615    u_wb/defaultClockArea_cpu/unsignedDivider_3/MemIssueQueuePlugin_queue_4_payload_rRegs_1_valid_i_8_1
                         LUT6 (Prop_lut6_I1_O)        0.105     9.720 r  u_wb/defaultClockArea_cpu/unsignedDivider_3/MulDivIssueQueuePlugin_queue_2_payload_rRegs_1_valid_i_21/O
                         net (fo=2, unplaced)         0.358    10.078    u_wb/defaultClockArea_cpu/unsignedDivider_3/MulDivIssueQueuePlugin_queue_2_payload_rRegs_1_valid_i_21_n_0
                         LUT2 (Prop_lut2_I1_O)        0.105    10.183 f  u_wb/defaultClockArea_cpu/unsignedDivider_3/MulDivIssueQueuePlugin_queue_2_payload_rRegs_1_valid_i_11/O
                         net (fo=3, unplaced)         0.365    10.548    u_wb/defaultClockArea_cpu/unsignedDivider_3/MulDivIssueQueuePlugin_queue_2_payload_rRegs_1_valid_i_11_n_0
                         LUT6 (Prop_lut6_I5_O)        0.105    10.653 f  u_wb/defaultClockArea_cpu/unsignedDivider_3/MulDivIssueQueuePlugin_queue_0_payload_rRegs_1_valid_i_2/O
                         net (fo=3, unplaced)         0.365    11.018    u_wb/defaultClockArea_cpu/unsignedDivider_3/MulDivIssueQueuePlugin_queue_0_payload_rRegs_1_valid_i_2_n_0
                         LUT6 (Prop_lut6_I3_O)        0.105    11.123 r  u_wb/defaultClockArea_cpu/unsignedDivider_3/MulDivIssueQueuePlugin_queue_2_payload_rRegs_1_valid_i_6/O
                         net (fo=1, unplaced)         0.347    11.470    u_wb/defaultClockArea_cpu/unsignedDivider_3/MulDivIssueQueuePlugin_queue_2_payload_rRegs_1_valid_i_6_n_0
                         LUT6 (Prop_lut6_I5_O)        0.105    11.575 r  u_wb/defaultClockArea_cpu/unsignedDivider_3/MulDivIssueQueuePlugin_queue_2_payload_rRegs_1_valid_i_1/O
                         net (fo=2, unplaced)         0.358    11.933    u_wb/defaultClockArea_cpu/unsignedDivider_3/MULDIV_RRD_to_MULDIV_EXE_ISSUE_SLOT_uop_doRegWrite_reg_2
                         LUT3 (Prop_lut3_I0_O)        0.105    12.038 r  u_wb/defaultClockArea_cpu/unsignedDivider_3/MulDivIssueQueuePlugin_queue_1_payload_rRegs_1_valid_i_1/O
                         net (fo=1, unplaced)         0.000    12.038    u_wb/defaultClockArea_cpu/unsignedDivider_3_n_190
                         FDRE                                         r  u_wb/defaultClockArea_cpu/MulDivIssueQueuePlugin_queue_1_payload_rRegs_1_valid_reg/D
  -------------------------------------------------------------------    -------------------

                         (clock aclk rise edge)      10.000    10.000 r  
                                                      0.000    10.000 r  aclk (IN)
                         net (fo=0)                   0.000    10.000    aclk
                         IBUF (Prop_ibuf_I_O)         0.751    10.751 r  aclk_IBUF_inst/O
                         net (fo=1, unplaced)         0.613    11.365    aclk_IBUF
                         BUFG (Prop_bufg_I_O)         0.077    11.442 r  aclk_IBUF_BUFG_inst/O
                         net (fo=17734, unplaced)     0.439    11.881    u_wb/defaultClockArea_cpu/aclk_IBUF_BUFG
                         FDRE                                         r  u_wb/defaultClockArea_cpu/MulDivIssueQueuePlugin_queue_1_payload_rRegs_1_valid_reg/C
                         clock pessimism              0.167    12.048    
                         clock uncertainty           -0.035    12.012    
                         FDRE (Setup_fdre_C_D)        0.029    12.041    u_wb/defaultClockArea_cpu/MulDivIssueQueuePlugin_queue_1_payload_rRegs_1_valid_reg
  -------------------------------------------------------------------
                         required time                         12.041    
                         arrival time                         -12.038    
  -------------------------------------------------------------------
                         slack                                  0.004    





Pulse Width Checks
--------------------------------------------------------------------------------------
Clock Name:         aclk
Waveform(ns):       { 0.000 5.000 }
Period(ns):         10.000
Sources:            { aclk }

Check Type        Corner  Lib Pin             Reference Pin  Required(ns)  Actual(ns)  Slack(ns)  Location  Pin
Min Period        n/a     DSP48E1/CLK         n/a            3.109         10.000      6.891                core_top/wb_raw_top/MyCPUCore/multiplier/<hidden>/<hidden>/<hidden>
Min Period        n/a     RAMB36E1/CLKARDCLK  n/a            2.472         10.000      7.528                u_wb/defaultClockArea_axiBuffer/fifo/xpm_fifo_base_inst/gen_sdpram.xpm_memory_base_inst/gen_wr_a.gen_word_narrow.mem_reg_0/CLKARDCLK
Min Period        n/a     RAMB36E1/CLKARDCLK  n/a            2.472         10.000      7.528                u_wb/defaultClockArea_axiBuffer/fifo/xpm_fifo_base_inst/gen_sdpram.xpm_memory_base_inst/gen_wr_a.gen_word_narrow.mem_reg_1/CLKARDCLK
Min Period        n/a     RAMB18E1/CLKARDCLK  n/a            2.472         10.000      7.528                u_wb/defaultClockArea_axiBuffer/fifo/xpm_fifo_base_inst/gen_sdpram.xpm_memory_base_inst/gen_wr_a.gen_word_narrow.mem_reg_2/CLKARDCLK
Min Period        n/a     RAMB36E1/CLKARDCLK  n/a            2.472         10.000      7.528                u_wb/defaultClockArea_cpu/DCachePlugin_dataRAMs_0/mem/xpm_memory_base_inst/gen_wr_a.gen_byte_narrow.for_mem_cols[1].mem_reg/CLKARDCLK
Min Period        n/a     RAMB36E1/CLKARDCLK  n/a            2.472         10.000      7.528                u_wb/defaultClockArea_cpu/DCachePlugin_dataRAMs_1/mem/xpm_memory_base_inst/gen_wr_a.gen_byte_narrow.for_mem_cols[1].mem_reg/CLKARDCLK
Min Period        n/a     RAMB36E1/CLKARDCLK  n/a            2.472         10.000      7.528                u_wb/defaultClockArea_cpu/DCachePlugin_infoRAM/mem/xpm_memory_base_inst/gen_wr_a.gen_word_narrow.mem_reg/CLKARDCLK
Min Period        n/a     RAMB36E1/CLKBWRCLK  n/a            2.472         10.000      7.528                u_wb/defaultClockArea_cpu/DCachePlugin_infoRAM/mem/xpm_memory_base_inst/gen_wr_a.gen_word_narrow.mem_reg/CLKBWRCLK
Min Period        n/a     RAMB36E1/CLKARDCLK  n/a            2.472         10.000      7.528                u_wb/defaultClockArea_cpu/GlobalPredictorBTBPlugin_btb/rams_0/mem/xpm_memory_base_inst/gen_wr_a.gen_word_narrow.mem_reg/CLKARDCLK
Min Period        n/a     RAMB36E1/CLKBWRCLK  n/a            2.472         10.000      7.528                u_wb/defaultClockArea_cpu/GlobalPredictorBTBPlugin_btb/rams_0/mem/xpm_memory_base_inst/gen_wr_a.gen_word_narrow.mem_reg/CLKBWRCLK
Min Period        n/a     RAMB36E1/CLKARDCLK  n/a            2.472         10.000      7.528                u_wb/defaultClockArea_cpu/GlobalPredictorBTBPlugin_btb/rams_1/mem/xpm_memory_base_inst/gen_wr_a.gen_word_narrow.mem_reg/CLKARDCLK
Min Period        n/a     RAMB36E1/CLKBWRCLK  n/a            2.472         10.000      7.528                u_wb/defaultClockArea_cpu/GlobalPredictorBTBPlugin_btb/rams_1/mem/xpm_memory_base_inst/gen_wr_a.gen_word_narrow.mem_reg/CLKBWRCLK
Min Period        n/a     RAMB36E1/CLKARDCLK  n/a            2.472         10.000      7.528                u_wb/defaultClockArea_cpu/GlobalPredictorBTBPlugin_btb/rams_2/mem/xpm_memory_base_inst/gen_wr_a.gen_word_narrow.mem_reg/CLKARDCLK
Min Period        n/a     RAMB36E1/CLKBWRCLK  n/a            2.472         10.000      7.528                u_wb/defaultClockArea_cpu/GlobalPredictorBTBPlugin_btb/rams_2/mem/xpm_memory_base_inst/gen_wr_a.gen_word_narrow.mem_reg/CLKBWRCLK
Min Period        n/a     RAMB36E1/CLKARDCLK  n/a            2.472         10.000      7.528                u_wb/defaultClockArea_cpu/GlobalPredictorBTBPlugin_btb/rams_3/mem/xpm_memory_base_inst/gen_wr_a.gen_word_narrow.mem_reg/CLKARDCLK
Min Period        n/a     RAMB36E1/CLKBWRCLK  n/a            2.472         10.000      7.528                u_wb/defaultClockArea_cpu/GlobalPredictorBTBPlugin_btb/rams_3/mem/xpm_memory_base_inst/gen_wr_a.gen_word_narrow.mem_reg/CLKBWRCLK
Min Period        n/a     RAMB18E1/CLKARDCLK  n/a            2.472         10.000      7.528                u_wb/defaultClockArea_cpu/GlobalPredictorBTBPlugin_predictor/pht/rams_0/mem/xpm_memory_base_inst/gen_wr_a.gen_word_narrow.mem_reg/CLKARDCLK
Min Period        n/a     RAMB18E1/CLKARDCLK  n/a            2.472         10.000      7.528                u_wb/defaultClockArea_cpu/GlobalPredictorBTBPlugin_predictor/pht/rams_1/mem/xpm_memory_base_inst/gen_wr_a.gen_word_narrow.mem_reg/CLKARDCLK
Min Period        n/a     RAMB18E1/CLKARDCLK  n/a            2.472         10.000      7.528                u_wb/defaultClockArea_cpu/GlobalPredictorBTBPlugin_predictor/pht/rams_2/mem/xpm_memory_base_inst/gen_wr_a.gen_word_narrow.mem_reg/CLKARDCLK
Min Period        n/a     RAMB18E1/CLKARDCLK  n/a            2.472         10.000      7.528                u_wb/defaultClockArea_cpu/GlobalPredictorBTBPlugin_predictor/pht/rams_3/mem/xpm_memory_base_inst/gen_wr_a.gen_word_narrow.mem_reg/CLKARDCLK
Low Pulse Width   Slow    RAMD32/CLK          n/a            1.130         5.000       3.870                u_wb/defaultClockArea_cpu/ROBFIFOPlugin_robInfo/ram/rams_0/mem/xpm_memory_base_inst/gen_wr_a.gen_word_narrow.mem_reg_0_7_0_5/RAMA/CLK
Low Pulse Width   Fast    RAMD32/CLK          n/a            1.130         5.000       3.870                u_wb/defaultClockArea_cpu/ROBFIFOPlugin_robInfo/ram/rams_0/mem/xpm_memory_base_inst/gen_wr_a.gen_word_narrow.mem_reg_0_7_0_5/RAMA/CLK
Low Pulse Width   Slow    RAMD32/CLK          n/a            1.130         5.000       3.870                u_wb/defaultClockArea_cpu/ROBFIFOPlugin_robInfo/ram/rams_0/mem/xpm_memory_base_inst/gen_wr_a.gen_word_narrow.mem_reg_0_7_0_5/RAMA_D1/CLK
Low Pulse Width   Fast    RAMD32/CLK          n/a            1.130         5.000       3.870                u_wb/defaultClockArea_cpu/ROBFIFOPlugin_robInfo/ram/rams_0/mem/xpm_memory_base_inst/gen_wr_a.gen_word_narrow.mem_reg_0_7_0_5/RAMA_D1/CLK
Low Pulse Width   Slow    RAMD32/CLK          n/a            1.130         5.000       3.870                u_wb/defaultClockArea_cpu/ROBFIFOPlugin_robInfo/ram/rams_0/mem/xpm_memory_base_inst/gen_wr_a.gen_word_narrow.mem_reg_0_7_0_5/RAMB/CLK
Low Pulse Width   Fast    RAMD32/CLK          n/a            1.130         5.000       3.870                u_wb/defaultClockArea_cpu/ROBFIFOPlugin_robInfo/ram/rams_0/mem/xpm_memory_base_inst/gen_wr_a.gen_word_narrow.mem_reg_0_7_0_5/RAMB/CLK
Low Pulse Width   Slow    RAMD32/CLK          n/a            1.130         5.000       3.870                u_wb/defaultClockArea_cpu/ROBFIFOPlugin_robInfo/ram/rams_0/mem/xpm_memory_base_inst/gen_wr_a.gen_word_narrow.mem_reg_0_7_0_5/RAMB_D1/CLK
Low Pulse Width   Fast    RAMD32/CLK          n/a            1.130         5.000       3.870                u_wb/defaultClockArea_cpu/ROBFIFOPlugin_robInfo/ram/rams_0/mem/xpm_memory_base_inst/gen_wr_a.gen_word_narrow.mem_reg_0_7_0_5/RAMB_D1/CLK
Low Pulse Width   Slow    RAMD32/CLK          n/a            1.130         5.000       3.870                u_wb/defaultClockArea_cpu/ROBFIFOPlugin_robInfo/ram/rams_0/mem/xpm_memory_base_inst/gen_wr_a.gen_word_narrow.mem_reg_0_7_0_5/RAMC/CLK
Low Pulse Width   Fast    RAMD32/CLK          n/a            1.130         5.000       3.870                u_wb/defaultClockArea_cpu/ROBFIFOPlugin_robInfo/ram/rams_0/mem/xpm_memory_base_inst/gen_wr_a.gen_word_narrow.mem_reg_0_7_0_5/RAMC/CLK
Low Pulse Width   Slow    RAMD32/CLK          n/a            1.130         5.000       3.870                u_wb/defaultClockArea_cpu/ROBFIFOPlugin_robInfo/ram/rams_0/mem/xpm_memory_base_inst/gen_wr_a.gen_word_narrow.mem_reg_0_7_0_5/RAMC_D1/CLK
Low Pulse Width   Fast    RAMD32/CLK          n/a            1.130         5.000       3.870                u_wb/defaultClockArea_cpu/ROBFIFOPlugin_robInfo/ram/rams_0/mem/xpm_memory_base_inst/gen_wr_a.gen_word_narrow.mem_reg_0_7_0_5/RAMC_D1/CLK
Low Pulse Width   Slow    RAMS32/CLK          n/a            1.130         5.000       3.870                u_wb/defaultClockArea_cpu/ROBFIFOPlugin_robInfo/ram/rams_0/mem/xpm_memory_base_inst/gen_wr_a.gen_word_narrow.mem_reg_0_7_0_5/RAMD/CLK
Low Pulse Width   Fast    RAMS32/CLK          n/a            1.130         5.000       3.870                u_wb/defaultClockArea_cpu/ROBFIFOPlugin_robInfo/ram/rams_0/mem/xpm_memory_base_inst/gen_wr_a.gen_word_narrow.mem_reg_0_7_0_5/RAMD/CLK
Low Pulse Width   Slow    RAMS32/CLK          n/a            1.130         5.000       3.870                u_wb/defaultClockArea_cpu/ROBFIFOPlugin_robInfo/ram/rams_0/mem/xpm_memory_base_inst/gen_wr_a.gen_word_narrow.mem_reg_0_7_0_5/RAMD_D1/CLK
Low Pulse Width   Fast    RAMS32/CLK          n/a            1.130         5.000       3.870                u_wb/defaultClockArea_cpu/ROBFIFOPlugin_robInfo/ram/rams_0/mem/xpm_memory_base_inst/gen_wr_a.gen_word_narrow.mem_reg_0_7_0_5/RAMD_D1/CLK
Low Pulse Width   Slow    RAMD32/CLK          n/a            1.130         5.000       3.870                u_wb/defaultClockArea_cpu/ROBFIFOPlugin_robInfo/ram/rams_0/mem/xpm_memory_base_inst/gen_wr_a.gen_word_narrow.mem_reg_0_7_102_107/RAMA/CLK
Low Pulse Width   Fast    RAMD32/CLK          n/a            1.130         5.000       3.870                u_wb/defaultClockArea_cpu/ROBFIFOPlugin_robInfo/ram/rams_0/mem/xpm_memory_base_inst/gen_wr_a.gen_word_narrow.mem_reg_0_7_102_107/RAMA/CLK
Low Pulse Width   Slow    RAMD32/CLK          n/a            1.130         5.000       3.870                u_wb/defaultClockArea_cpu/ROBFIFOPlugin_robInfo/ram/rams_0/mem/xpm_memory_base_inst/gen_wr_a.gen_word_narrow.mem_reg_0_7_102_107/RAMA_D1/CLK
Low Pulse Width   Fast    RAMD32/CLK          n/a            1.130         5.000       3.870                u_wb/defaultClockArea_cpu/ROBFIFOPlugin_robInfo/ram/rams_0/mem/xpm_memory_base_inst/gen_wr_a.gen_word_narrow.mem_reg_0_7_102_107/RAMA_D1/CLK
High Pulse Width  Slow    RAMD32/CLK          n/a            1.130         5.000       3.870                u_wb/defaultClockArea_cpu/ROBFIFOPlugin_robInfo/ram/rams_0/mem/xpm_memory_base_inst/gen_wr_a.gen_word_narrow.mem_reg_0_7_0_5/RAMA/CLK
High Pulse Width  Fast    RAMD32/CLK          n/a            1.130         5.000       3.870                u_wb/defaultClockArea_cpu/ROBFIFOPlugin_robInfo/ram/rams_0/mem/xpm_memory_base_inst/gen_wr_a.gen_word_narrow.mem_reg_0_7_0_5/RAMA/CLK
High Pulse Width  Slow    RAMD32/CLK          n/a            1.130         5.000       3.870                u_wb/defaultClockArea_cpu/ROBFIFOPlugin_robInfo/ram/rams_0/mem/xpm_memory_base_inst/gen_wr_a.gen_word_narrow.mem_reg_0_7_0_5/RAMA_D1/CLK
High Pulse Width  Fast    RAMD32/CLK          n/a            1.130         5.000       3.870                u_wb/defaultClockArea_cpu/ROBFIFOPlugin_robInfo/ram/rams_0/mem/xpm_memory_base_inst/gen_wr_a.gen_word_narrow.mem_reg_0_7_0_5/RAMA_D1/CLK
High Pulse Width  Slow    RAMD32/CLK          n/a            1.130         5.000       3.870                u_wb/defaultClockArea_cpu/ROBFIFOPlugin_robInfo/ram/rams_0/mem/xpm_memory_base_inst/gen_wr_a.gen_word_narrow.mem_reg_0_7_0_5/RAMB/CLK
High Pulse Width  Fast    RAMD32/CLK          n/a            1.130         5.000       3.870                u_wb/defaultClockArea_cpu/ROBFIFOPlugin_robInfo/ram/rams_0/mem/xpm_memory_base_inst/gen_wr_a.gen_word_narrow.mem_reg_0_7_0_5/RAMB/CLK
High Pulse Width  Slow    RAMD32/CLK          n/a            1.130         5.000       3.870                u_wb/defaultClockArea_cpu/ROBFIFOPlugin_robInfo/ram/rams_0/mem/xpm_memory_base_inst/gen_wr_a.gen_word_narrow.mem_reg_0_7_0_5/RAMB_D1/CLK
High Pulse Width  Fast    RAMD32/CLK          n/a            1.130         5.000       3.870                u_wb/defaultClockArea_cpu/ROBFIFOPlugin_robInfo/ram/rams_0/mem/xpm_memory_base_inst/gen_wr_a.gen_word_narrow.mem_reg_0_7_0_5/RAMB_D1/CLK
High Pulse Width  Slow    RAMD32/CLK          n/a            1.130         5.000       3.870                u_wb/defaultClockArea_cpu/ROBFIFOPlugin_robInfo/ram/rams_0/mem/xpm_memory_base_inst/gen_wr_a.gen_word_narrow.mem_reg_0_7_0_5/RAMC/CLK
High Pulse Width  Fast    RAMD32/CLK          n/a            1.130         5.000       3.870                u_wb/defaultClockArea_cpu/ROBFIFOPlugin_robInfo/ram/rams_0/mem/xpm_memory_base_inst/gen_wr_a.gen_word_narrow.mem_reg_0_7_0_5/RAMC/CLK
High Pulse Width  Slow    RAMD32/CLK          n/a            1.130         5.000       3.870                u_wb/defaultClockArea_cpu/ROBFIFOPlugin_robInfo/ram/rams_0/mem/xpm_memory_base_inst/gen_wr_a.gen_word_narrow.mem_reg_0_7_0_5/RAMC_D1/CLK
High Pulse Width  Fast    RAMD32/CLK          n/a            1.130         5.000       3.870                u_wb/defaultClockArea_cpu/ROBFIFOPlugin_robInfo/ram/rams_0/mem/xpm_memory_base_inst/gen_wr_a.gen_word_narrow.mem_reg_0_7_0_5/RAMC_D1/CLK
High Pulse Width  Slow    RAMS32/CLK          n/a            1.130         5.000       3.870                u_wb/defaultClockArea_cpu/ROBFIFOPlugin_robInfo/ram/rams_0/mem/xpm_memory_base_inst/gen_wr_a.gen_word_narrow.mem_reg_0_7_0_5/RAMD/CLK
High Pulse Width  Fast    RAMS32/CLK          n/a            1.130         5.000       3.870                u_wb/defaultClockArea_cpu/ROBFIFOPlugin_robInfo/ram/rams_0/mem/xpm_memory_base_inst/gen_wr_a.gen_word_narrow.mem_reg_0_7_0_5/RAMD/CLK
High Pulse Width  Slow    RAMS32/CLK          n/a            1.130         5.000       3.870                u_wb/defaultClockArea_cpu/ROBFIFOPlugin_robInfo/ram/rams_0/mem/xpm_memory_base_inst/gen_wr_a.gen_word_narrow.mem_reg_0_7_0_5/RAMD_D1/CLK
High Pulse Width  Fast    RAMS32/CLK          n/a            1.130         5.000       3.870                u_wb/defaultClockArea_cpu/ROBFIFOPlugin_robInfo/ram/rams_0/mem/xpm_memory_base_inst/gen_wr_a.gen_word_narrow.mem_reg_0_7_0_5/RAMD_D1/CLK
High Pulse Width  Slow    RAMD32/CLK          n/a            1.130         5.000       3.870                u_wb/defaultClockArea_cpu/ROBFIFOPlugin_robInfo/ram/rams_0/mem/xpm_memory_base_inst/gen_wr_a.gen_word_narrow.mem_reg_0_7_102_107/RAMA/CLK
High Pulse Width  Fast    RAMD32/CLK          n/a            1.130         5.000       3.870                u_wb/defaultClockArea_cpu/ROBFIFOPlugin_robInfo/ram/rams_0/mem/xpm_memory_base_inst/gen_wr_a.gen_word_narrow.mem_reg_0_7_102_107/RAMA/CLK
High Pulse Width  Slow    RAMD32/CLK          n/a            1.130         5.000       3.870                u_wb/defaultClockArea_cpu/ROBFIFOPlugin_robInfo/ram/rams_0/mem/xpm_memory_base_inst/gen_wr_a.gen_word_narrow.mem_reg_0_7_102_107/RAMA_D1/CLK
High Pulse Width  Fast    RAMD32/CLK          n/a            1.130         5.000       3.870                u_wb/defaultClockArea_cpu/ROBFIFOPlugin_robInfo/ram/rams_0/mem/xpm_memory_base_inst/gen_wr_a.gen_word_narrow.mem_reg_0_7_102_107/RAMA_D1/CLK



