Copyright 1986-2022 Xilinx, Inc. All Rights Reserved. Copyright 2022-2025 Advanced Micro Devices, Inc. All Rights Reserved.
-------------------------------------------------------------------------------------------------------------------------------------------------------
| Tool Version : Vivado v.2025.2 (win64) Build 6299465 Fri Nov 14 19:35:11 GMT 2025
| Date         : Tue Jul 28 23:50:49 2026
| Host         : MM的ThinkBook16p running 64-bit major release  (build 9200)
| Command      : report_timing_summary -delay_type max -max_paths 20 -file D:/NSCSCC2026/WeBattle-Core/reports/WB-N1/synth_final/timing_synth_10ns.rpt
| Design       : core_top
| Device       : 7a200t-fbg676
| Speed File   : -2  PRODUCTION 1.23 2018-06-13
| Design State : Synthesized
-------------------------------------------------------------------------------------------------------------------------------------------------------

Timing Summary Report

------------------------------------------------------------------------------------------------
| Timer Settings
| --------------
------------------------------------------------------------------------------------------------

  Enable Multi Corner Analysis               :  Yes
  Enable Pessimism Removal                   :  Yes
  Pessimism Removal Resolution               :  Nearest Common Node
  Enable Input Delay Default Clock           :  No
  Enable Preset / Clear Arcs                 :  No
  Disable Flight Delays                      :  No
  Ignore I/O Paths                           :  No
  Timing Early Launch at Borrowing Latches   :  No
  Borrow Time for Max Delay Exceptions       :  Yes
  Merge Timing Exceptions                    :  Yes
  Inter-SLR Compensation                     :  Conservative

  Corner  Analyze    Analyze    
  Name    Max Paths  Min Paths  
  ------  ---------  ---------  
  Slow    Yes        Yes        
  Fast    Yes        Yes        


------------------------------------------------------------------------------------------------
| Report Methodology
| ------------------
------------------------------------------------------------------------------------------------

No report available as report_methodology has not been run prior. Run report_methodology on the current design for the summary of methodology violations.



check_timing report

Table of Contents
-----------------
1. checking no_clock (0)
2. checking constant_clock (0)
3. checking pulse_width_clock (0)
4. checking unconstrained_internal_endpoints (0)
5. checking no_input_delay (47)
6. checking no_output_delay (234)
7. checking multiple_clock (0)
8. checking generated_clocks (0)
9. checking loops (0)
10. checking partial_input_delay (0)
11. checking partial_output_delay (0)
12. checking latch_loops (0)

1. checking no_clock (0)
------------------------
 There are 0 register/latch pins with no clock.


2. checking constant_clock (0)
------------------------------
 There are 0 register/latch pins with constant_clock.


3. checking pulse_width_clock (0)
---------------------------------
 There are 0 register/latch pins which need pulse_width check


4. checking unconstrained_internal_endpoints (0)
------------------------------------------------
 There are 0 pins that are not constrained for maximum delay.

 There are 0 pins that are not constrained for maximum delay due to constant clock.


5. checking no_input_delay (47)
-------------------------------
 There are 47 input ports with no input delay specified. (HIGH)

 There are 0 input ports with no input delay but user has a false path constraint.


6. checking no_output_delay (234)
---------------------------------
 There are 234 ports with no output delay specified. (HIGH)

 There are 0 ports with no output delay but user has a false path constraint

 There are 0 ports with no output delay but with a timing clock defined on it or propagating through it


7. checking multiple_clock (0)
------------------------------
 There are 0 register/latch pins with multiple clocks.


8. checking generated_clocks (0)
--------------------------------
 There are 0 generated clocks that are not connected to a clock source.


9. checking loops (0)
---------------------
 There are 0 combinational loops in the design.


10. checking partial_input_delay (0)
------------------------------------
 There are 0 input ports with partial input delay specified.


11. checking partial_output_delay (0)
-------------------------------------
 There are 0 ports with partial output delay specified.


12. checking latch_loops (0)
----------------------------
 There are 0 combinational latch loops in the design through latch input



------------------------------------------------------------------------------------------------
| Design Timing Summary
| ---------------------
------------------------------------------------------------------------------------------------

    WNS(ns)      TNS(ns)  TNS Failing Endpoints  TNS Total Endpoints     WPWS(ns)     TPWS(ns)  TPWS Failing Endpoints  TPWS Total Endpoints  
    -------      -------  ---------------------  -------------------     --------     --------  ----------------------  --------------------  
     -0.090       -0.337                      7                35509        3.870        0.000                       0                 17681  


Timing constraints are not met.


------------------------------------------------------------------------------------------------
| Clock Summary
| -------------
------------------------------------------------------------------------------------------------

Clock       Waveform(ns)       Period(ns)      Frequency(MHz)
-----       ------------       ----------      --------------
core_clock  {0.000 5.000}      10.000          100.000         


------------------------------------------------------------------------------------------------
| Intra Clock Table
| -----------------
------------------------------------------------------------------------------------------------

Clock             WNS(ns)      TNS(ns)  TNS Failing Endpoints  TNS Total Endpoints     WPWS(ns)     TPWS(ns)  TPWS Failing Endpoints  TPWS Total Endpoints  
-----             -------      -------  ---------------------  -------------------     --------     --------  ----------------------  --------------------  
core_clock         -0.090       -0.337                      7                35509        3.870        0.000                       0                 17681  


------------------------------------------------------------------------------------------------
| Inter Clock Table
| -----------------
------------------------------------------------------------------------------------------------

From Clock    To Clock          WNS(ns)      TNS(ns)  TNS Failing Endpoints  TNS Total Endpoints  
----------    --------          -------      -------  ---------------------  -------------------  


------------------------------------------------------------------------------------------------
| Other Path Groups Table
| -----------------------
------------------------------------------------------------------------------------------------

Path Group    From Clock    To Clock          WNS(ns)      TNS(ns)  TNS Failing Endpoints  TNS Total Endpoints  
----------    ----------    --------          -------      -------  ---------------------  -------------------  


------------------------------------------------------------------------------------------------
| Timing Details
| --------------
------------------------------------------------------------------------------------------------


---------------------------------------------------------------------------------------------------
From Clock:  core_clock
  To Clock:  core_clock

Setup :            7  Failing Endpoints,  Worst Slack       -0.090ns,  Total Violation       -0.337ns
Hold  :           NA  Failing Endpoints,  Worst Slack           NA  ,  Total Violation           NA
PW    :            0  Failing Endpoints,  Worst Slack        3.870ns,  Total Violation        0.000ns
---------------------------------------------------------------------------------------------------


Max Delay Paths
--------------------------------------------------------------------------------------
Slack (VIOLATED) :        -0.090ns  (required time - arrival time)
  Source:                 u_wb/defaultClockArea_cpu/IntIssueQueuePlugin_queue_2_payload_rRegs_0_valid_reg/C
                            (rising edge-triggered cell FDRE clocked by core_clock  {rise@0.000ns fall@5.000ns period=10.000ns})
  Destination:            u_wb/defaultClockArea_cpu/IntIssueQueuePlugin_queue_2_payload_rRegs_0_valid_reg/D
                            (rising edge-triggered cell FDRE clocked by core_clock  {rise@0.000ns fall@5.000ns period=10.000ns})
  Path Group:             core_clock
  Path Type:              Setup (Max at Slow Process Corner)
  Requirement:            10.000ns  (core_clock rise@10.000ns - core_clock rise@0.000ns)
  Data Path Delay:        9.939ns  (logic 1.976ns (19.881%)  route 7.963ns (80.119%))
  Logic Levels:           14  (LUT2=1 LUT4=1 LUT6=12)
  Clock Path Skew:        -0.145ns (DCD - SCD + CPR)
    Destination Clock Delay (DCD):    1.881ns = ( 11.881 - 10.000 ) 
    Source Clock Delay      (SCD):    2.193ns
    Clock Pessimism Removal (CPR):    0.167ns
  Clock Uncertainty:      0.035ns  ((TSJ^2 + TIJ^2)^1/2 + DJ) / 2 + PE
    Total System Jitter     (TSJ):    0.071ns
    Total Input Jitter      (TIJ):    0.000ns
    Discrete Jitter          (DJ):    0.000ns
    Phase Error              (PE):    0.000ns

    Location             Delay type                Incr(ns)  Path(ns)    Netlist Resource(s)
  -------------------------------------------------------------------    -------------------
                         (clock core_clock rise edge)
                                                      0.000     0.000 r  
                                                      0.000     0.000 r  aclk (IN)
                         net (fo=0)                   0.000     0.000    aclk
                         IBUF (Prop_ibuf_I_O)         0.882     0.882 r  aclk_IBUF_inst/O
                         net (fo=1, unplaced)         0.646     1.528    aclk_IBUF
                         BUFG (Prop_bufg_I_O)         0.081     1.609 r  aclk_IBUF_BUFG_inst/O
                         net (fo=17683, unplaced)     0.584     2.193    u_wb/defaultClockArea_cpu/aclk_IBUF_BUFG
                         FDRE                                         r  u_wb/defaultClockArea_cpu/IntIssueQueuePlugin_queue_2_payload_rRegs_0_valid_reg/C
  -------------------------------------------------------------------    -------------------
                         FDRE (Prop_fdre_C_Q)         0.379     2.572 r  u_wb/defaultClockArea_cpu/IntIssueQueuePlugin_queue_2_payload_rRegs_0_valid_reg/Q
                         net (fo=4, unplaced)         0.803     3.375    u_wb/defaultClockArea_cpu/IntIssueQueuePlugin_queue_2_payload_rRegs_0_valid_reg_n_0
                         LUT6 (Prop_lut6_I0_O)        0.232     3.607 r  u_wb/defaultClockArea_cpu/INT2_ISS_to_INT2_RRD_ISSUE_SLOT_rRegs_1_payload[5]_i_9/O
                         net (fo=10, unplaced)        0.981     4.588    u_wb/defaultClockArea_cpu/INT2_ISS_to_INT2_RRD_ISSUE_SLOT_rRegs_1_payload[5]_i_9_n_0
                         LUT6 (Prop_lut6_I1_O)        0.105     4.693 r  u_wb/defaultClockArea_cpu/INT2_ISS_to_INT2_RRD_ISSUE_SLOT_uop_doRegWrite_i_6/O
                         net (fo=12, unplaced)        0.395     5.088    u_wb/defaultClockArea_cpu/INT2_ISS_to_INT2_RRD_ISSUE_SLOT_uop_doRegWrite_i_6_n_0
                         LUT6 (Prop_lut6_I0_O)        0.105     5.193 r  u_wb/defaultClockArea_cpu/INT1_ISS_to_INT1_RRD_ISSUE_SLOT_rRegs_1_payload[5]_i_11/O
                         net (fo=9, unplaced)         0.979     6.172    u_wb/defaultClockArea_cpu/INT1_ISS_to_INT1_RRD_ISSUE_SLOT_rRegs_1_payload[5]_i_11_n_0
                         LUT6 (Prop_lut6_I0_O)        0.105     6.277 f  u_wb/defaultClockArea_cpu/INT1_ISS_to_INT1_RRD_ISSUE_SLOT_uop_readTimer64H_i_5/O
                         net (fo=7, unplaced)         0.563     6.840    u_wb/defaultClockArea_cpu/INT1_ISS_to_INT1_RRD_ISSUE_SLOT_uop_readTimer64H_i_5_n_0
                         LUT6 (Prop_lut6_I1_O)        0.105     6.945 r  u_wb/defaultClockArea_cpu/INT0_ISS_to_INT0_RRD_ISSUE_SLOT_uop_predInfo_predictTaken_i_7/O
                         net (fo=3, unplaced)         0.346     7.291    u_wb/defaultClockArea_cpu/INT0_ISS_to_INT0_RRD_ISSUE_SLOT_uop_predInfo_predictTaken_i_7_n_0
                         LUT4 (Prop_lut4_I2_O)        0.105     7.396 r  u_wb/defaultClockArea_cpu/INT0_ISS_to_INT0_RRD_ISSUE_SLOT_uop_predInfo_predictTaken_i_2/O
                         net (fo=93, unplaced)        0.445     7.841    u_wb/defaultClockArea_cpu/_zz_INT0_ISS_IntExecutePlugin_issSlot_rRegs_0_valid_3[2]
                         LUT6 (Prop_lut6_I5_O)        0.105     7.946 r  u_wb/defaultClockArea_cpu/INT0_ISS_to_INT0_RRD_ISSUE_SLOT_wReg[0]_i_3/O
                         net (fo=1, unplaced)         0.347     8.293    u_wb/defaultClockArea_cpu/INT0_ISS_to_INT0_RRD_ISSUE_SLOT_wReg[0]_i_3_n_0
                         LUT6 (Prop_lut6_I5_O)        0.105     8.398 r  u_wb/defaultClockArea_cpu/INT0_ISS_to_INT0_RRD_ISSUE_SLOT_wReg[0]_i_2/O
                         net (fo=1, unplaced)         0.347     8.745    u_wb/defaultClockArea_cpu/INT0_ISS_to_INT0_RRD_ISSUE_SLOT_wReg[0]_i_2_n_0
                         LUT6 (Prop_lut6_I1_O)        0.105     8.850 r  u_wb/defaultClockArea_cpu/INT0_ISS_to_INT0_RRD_ISSUE_SLOT_wReg[0]_i_1/O
                         net (fo=15, unplaced)        0.635     9.485    u_wb/defaultClockArea_cpu/_zz_INT0_ISS_IntExecutePlugin_issSlot_wReg[0]
                         LUT6 (Prop_lut6_I1_O)        0.105     9.590 f  u_wb/defaultClockArea_cpu/IntIssueQueuePlugin_queue_3_payload_rRegs_0_valid_i_22/O
                         net (fo=2, unplaced)         0.358     9.948    u_wb/defaultClockArea_cpu/IntIssueQueuePlugin_queue_3_payload_rRegs_0_valid_i_22_n_0
                         LUT2 (Prop_lut2_I1_O)        0.105    10.053 f  u_wb/defaultClockArea_cpu/IntIssueQueuePlugin_queue_2_payload_rRegs_0_valid_i_15/O
                         net (fo=1, unplaced)         0.582    10.635    u_wb/defaultClockArea_cpu/unsignedDivider_3/IntIssueQueuePlugin_queue_2_payload_rRegs_0_valid_i_4_0
                         LUT6 (Prop_lut6_I2_O)        0.105    10.740 r  u_wb/defaultClockArea_cpu/unsignedDivider_3/IntIssueQueuePlugin_queue_2_payload_rRegs_0_valid_i_9/O
                         net (fo=3, unplaced)         0.600    11.340    u_wb/defaultClockArea_cpu/unsignedDivider_3/IntIssueQueuePlugin_queue_2_payload_rRegs_0_valid_i_9_n_0
                         LUT6 (Prop_lut6_I2_O)        0.105    11.445 f  u_wb/defaultClockArea_cpu/unsignedDivider_3/IntIssueQueuePlugin_queue_2_payload_rRegs_0_valid_i_4/O
                         net (fo=1, unplaced)         0.582    12.027    u_wb/defaultClockArea_cpu/unsignedDivider_3/IntIssueQueuePlugin_queue_2_payload_rRegs_0_valid_i_4_n_0
                         LUT6 (Prop_lut6_I3_O)        0.105    12.132 r  u_wb/defaultClockArea_cpu/unsignedDivider_3/IntIssueQueuePlugin_queue_2_payload_rRegs_0_valid_i_1/O
                         net (fo=1, unplaced)         0.000    12.132    u_wb/defaultClockArea_cpu/unsignedDivider_3_n_145
                         FDRE                                         r  u_wb/defaultClockArea_cpu/IntIssueQueuePlugin_queue_2_payload_rRegs_0_valid_reg/D
  -------------------------------------------------------------------    -------------------

                         (clock core_clock rise edge)
                                                     10.000    10.000 r  
                                                      0.000    10.000 r  aclk (IN)
                         net (fo=0)                   0.000    10.000    aclk
                         IBUF (Prop_ibuf_I_O)         0.751    10.751 r  aclk_IBUF_inst/O
                         net (fo=1, unplaced)         0.613    11.365    aclk_IBUF
                         BUFG (Prop_bufg_I_O)         0.077    11.442 r  aclk_IBUF_BUFG_inst/O
                         net (fo=17683, unplaced)     0.439    11.881    u_wb/defaultClockArea_cpu/aclk_IBUF_BUFG
                         FDRE                                         r  u_wb/defaultClockArea_cpu/IntIssueQueuePlugin_queue_2_payload_rRegs_0_valid_reg/C
                         clock pessimism              0.167    12.048    
                         clock uncertainty           -0.035    12.012    
                         FDRE (Setup_fdre_C_D)        0.029    12.041    u_wb/defaultClockArea_cpu/IntIssueQueuePlugin_queue_2_payload_rRegs_0_valid_reg
  -------------------------------------------------------------------
                         required time                         12.041    
                         arrival time                         -12.132    
  -------------------------------------------------------------------
                         slack                                 -0.090    

Slack (VIOLATED) :        -0.047ns  (required time - arrival time)
  Source:                 u_wb/defaultClockArea_cpu/MULDIV_RRD_to_MULDIV_EXE_REG_READ_RSP_0_reg[31]/C
                            (rising edge-triggered cell FDRE clocked by core_clock  {rise@0.000ns fall@5.000ns period=10.000ns})
  Destination:            u_wb/defaultClockArea_cpu/IntIssueQueuePlugin_queue_1_payload_rRegs_1_valid_reg/D
                            (rising edge-triggered cell FDRE clocked by core_clock  {rise@0.000ns fall@5.000ns period=10.000ns})
  Path Group:             core_clock
  Path Type:              Setup (Max at Slow Process Corner)
  Requirement:            10.000ns  (core_clock rise@10.000ns - core_clock rise@0.000ns)
  Data Path Delay:        9.896ns  (logic 3.462ns (34.984%)  route 6.434ns (65.016%))
  Logic Levels:           22  (CARRY4=8 LUT3=2 LUT4=3 LUT5=3 LUT6=6)
  Clock Path Skew:        -0.145ns (DCD - SCD + CPR)
    Destination Clock Delay (DCD):    1.881ns = ( 11.881 - 10.000 ) 
    Source Clock Delay      (SCD):    2.193ns
    Clock Pessimism Removal (CPR):    0.167ns
  Clock Uncertainty:      0.035ns  ((TSJ^2 + TIJ^2)^1/2 + DJ) / 2 + PE
    Total System Jitter     (TSJ):    0.071ns
    Total Input Jitter      (TIJ):    0.000ns
    Discrete Jitter          (DJ):    0.000ns
    Phase Error              (PE):    0.000ns

    Location             Delay type                Incr(ns)  Path(ns)    Netlist Resource(s)
  -------------------------------------------------------------------    -------------------
                         (clock core_clock rise edge)
                                                      0.000     0.000 r  
                                                      0.000     0.000 r  aclk (IN)
                         net (fo=0)                   0.000     0.000    aclk
                         IBUF (Prop_ibuf_I_O)         0.882     0.882 r  aclk_IBUF_inst/O
                         net (fo=1, unplaced)         0.646     1.528    aclk_IBUF
                         BUFG (Prop_bufg_I_O)         0.081     1.609 r  aclk_IBUF_BUFG_inst/O
                         net (fo=17683, unplaced)     0.584     2.193    u_wb/defaultClockArea_cpu/aclk_IBUF_BUFG
                         FDRE                                         r  u_wb/defaultClockArea_cpu/MULDIV_RRD_to_MULDIV_EXE_REG_READ_RSP_0_reg[31]/C
  -------------------------------------------------------------------    -------------------
                         FDRE (Prop_fdre_C_Q)         0.379     2.572 r  u_wb/defaultClockArea_cpu/MULDIV_RRD_to_MULDIV_EXE_REG_READ_RSP_0_reg[31]/Q
                         net (fo=160, unplaced)       0.710     3.282    u_wb/defaultClockArea_cpu/unsignedDivider_2/Q[30]
                         LUT3 (Prop_lut3_I0_O)        0.232     3.514 r  u_wb/defaultClockArea_cpu/unsignedDivider_2/MULDIV_EXE_MulDivExecutePlugin_multiplier_i_48/O
                         net (fo=1, unplaced)         0.000     3.514    u_wb/defaultClockArea_cpu/unsignedDivider_2/_zz_MULDIV_EXE_MulDivExecutePlugin_absRj[1]
                         CARRY4 (Prop_carry4_S[1]_CO[3])
                                                      0.444     3.958 r  u_wb/defaultClockArea_cpu/unsignedDivider_2/MULDIV_EXE_MulDivExecutePlugin_multiplier_i_8/CO[3]
                         net (fo=1, unplaced)         0.008     3.966    u_wb/defaultClockArea_cpu/unsignedDivider_2/MULDIV_EXE_MulDivExecutePlugin_multiplier_i_8_n_0
                         CARRY4 (Prop_carry4_CI_CO[3])
                                                      0.100     4.066 r  u_wb/defaultClockArea_cpu/unsignedDivider_2/MULDIV_EXE_MulDivExecutePlugin_multiplier_i_7/CO[3]
                         net (fo=1, unplaced)         0.000     4.066    u_wb/defaultClockArea_cpu/unsignedDivider_2/MULDIV_EXE_MulDivExecutePlugin_multiplier_i_7_n_0
                         CARRY4 (Prop_carry4_CI_CO[3])
                                                      0.100     4.166 r  u_wb/defaultClockArea_cpu/unsignedDivider_2/MULDIV_EXE_MulDivExecutePlugin_multiplier_i_6/CO[3]
                         net (fo=1, unplaced)         0.000     4.166    u_wb/defaultClockArea_cpu/unsignedDivider_2/MULDIV_EXE_MulDivExecutePlugin_multiplier_i_6_n_0
                         CARRY4 (Prop_carry4_CI_CO[3])
                                                      0.100     4.266 r  u_wb/defaultClockArea_cpu/unsignedDivider_2/MULDIV_EXE_MulDivExecutePlugin_multiplier_i_5/CO[3]
                         net (fo=1, unplaced)         0.000     4.266    u_wb/defaultClockArea_cpu/unsignedDivider_2/MULDIV_EXE_MulDivExecutePlugin_multiplier_i_5_n_0
                         CARRY4 (Prop_carry4_CI_CO[3])
                                                      0.100     4.366 r  u_wb/defaultClockArea_cpu/unsignedDivider_2/MULDIV_EXE_MulDivExecutePlugin_multiplier_i_4/CO[3]
                         net (fo=1, unplaced)         0.000     4.366    u_wb/defaultClockArea_cpu/unsignedDivider_2/MULDIV_EXE_MulDivExecutePlugin_multiplier_i_4_n_0
                         CARRY4 (Prop_carry4_CI_CO[3])
                                                      0.100     4.466 r  u_wb/defaultClockArea_cpu/unsignedDivider_2/MULDIV_EXE_MulDivExecutePlugin_multiplier_i_3/CO[3]
                         net (fo=1, unplaced)         0.000     4.466    u_wb/defaultClockArea_cpu/unsignedDivider_2/MULDIV_EXE_MulDivExecutePlugin_multiplier_i_3_n_0
                         CARRY4 (Prop_carry4_CI_CO[3])
                                                      0.100     4.566 r  u_wb/defaultClockArea_cpu/unsignedDivider_2/MULDIV_EXE_MulDivExecutePlugin_multiplier_i_2/CO[3]
                         net (fo=1, unplaced)         0.000     4.566    u_wb/defaultClockArea_cpu/unsignedDivider_2/MULDIV_EXE_MulDivExecutePlugin_multiplier_i_2_n_0
                         CARRY4 (Prop_carry4_CI_O[3])
                                                      0.277     4.843 f  u_wb/defaultClockArea_cpu/unsignedDivider_2/MULDIV_EXE_MulDivExecutePlugin_multiplier_i_1/O[3]
                         net (fo=3, unplaced)         0.537     5.380    u_wb/defaultClockArea_cpu/unsignedDivider_2/A[31]
                         LUT4 (Prop_lut4_I2_O)        0.250     5.630 f  u_wb/defaultClockArea_cpu/unsignedDivider_2/MULDIV_RRD_to_MULDIV_EXE_ISSUE_SLOT_wReg[5]_i_9/O
                         net (fo=1, unplaced)         0.347     5.977    u_wb/defaultClockArea_cpu/unsignedDivider_2/MULDIV_RRD_to_MULDIV_EXE_ISSUE_SLOT_wReg[5]_i_9_n_0
                         LUT5 (Prop_lut5_I4_O)        0.105     6.082 f  u_wb/defaultClockArea_cpu/unsignedDivider_2/MULDIV_RRD_to_MULDIV_EXE_ISSUE_SLOT_wReg[5]_i_5/O
                         net (fo=1, unplaced)         0.528     6.610    u_wb/defaultClockArea_cpu/unsignedDivider_2/MULDIV_RRD_to_MULDIV_EXE_ISSUE_SLOT_wReg[5]_i_5_n_0
                         LUT4 (Prop_lut4_I0_O)        0.105     6.715 r  u_wb/defaultClockArea_cpu/unsignedDivider_2/MULDIV_RRD_to_MULDIV_EXE_ISSUE_SLOT_wReg[5]_i_4/O
                         net (fo=66, unplaced)        0.436     7.151    u_wb/defaultClockArea_cpu/unsignedDivider_3/MULDIV_RRD_to_MULDIV_EXE_ISSUE_SLOT_uop_signed_reg_rep_0
                         LUT5 (Prop_lut5_I2_O)        0.105     7.256 r  u_wb/defaultClockArea_cpu/unsignedDivider_3/MULDIV_RRD_to_MULDIV_EXE_ISSUE_SLOT_wReg[5]_i_1/O
                         net (fo=94, unplaced)        0.445     7.701    u_wb/defaultClockArea_cpu/unsignedDivider_3/MULDIV_EXE_arbitration_notStuck
                         LUT6 (Prop_lut6_I0_O)        0.105     7.806 r  u_wb/defaultClockArea_cpu/unsignedDivider_3/MulDivIssueQueuePlugin_queue_2_payload_rRegs_0_valid_i_9/O
                         net (fo=55, unplaced)        0.432     8.238    u_wb/defaultClockArea_cpu/unsignedDivider_3/MulDivExecutePlugin_clrBusy_valid
                         LUT6 (Prop_lut6_I3_O)        0.105     8.343 f  u_wb/defaultClockArea_cpu/unsignedDivider_3/MulDivIssueQueuePlugin_queue_2_payload_rRegs_1_valid_i_38/O
                         net (fo=1, unplaced)         0.347     8.690    u_wb/defaultClockArea_cpu/unsignedDivider_3/MulDivIssueQueuePlugin_queue_2_payload_rRegs_1_valid_i_38_n_0
                         LUT6 (Prop_lut6_I0_O)        0.105     8.795 r  u_wb/defaultClockArea_cpu/unsignedDivider_3/MulDivIssueQueuePlugin_queue_2_payload_rRegs_1_valid_i_22/O
                         net (fo=2, unplaced)         0.358     9.153    u_wb/defaultClockArea_cpu/unsignedDivider_3/MulDivIssueQueuePlugin_queue_2_payload_rRegs_1_valid_i_22_n_0
                         LUT3 (Prop_lut3_I0_O)        0.105     9.258 r  u_wb/defaultClockArea_cpu/unsignedDivider_3/MemIssueQueuePlugin_queue_4_payload_rRegs_1_valid_i_12/O
                         net (fo=9, unplaced)         0.623     9.881    u_wb/defaultClockArea_cpu/unsignedDivider_3/MemIssueQueuePlugin_queue_4_payload_rRegs_1_valid_i_12_n_0
                         LUT5 (Prop_lut5_I0_O)        0.105     9.986 r  u_wb/defaultClockArea_cpu/unsignedDivider_3/IntIssueQueuePlugin_queue_1_payload_rRegs_1_valid_i_6/O
                         net (fo=7, unplaced)         0.617    10.603    u_wb/defaultClockArea_cpu/unsignedDivider_3/IntIssueQueuePlugin_queue_1_payload_rRegs_1_valid_i_6_n_0
                         LUT6 (Prop_lut6_I2_O)        0.105    10.708 r  u_wb/defaultClockArea_cpu/unsignedDivider_3/IntIssueQueuePlugin_queue_2_payload_rRegs_1_valid_i_5/O
                         net (fo=1, unplaced)         0.347    11.055    u_wb/defaultClockArea_cpu/unsignedDivider_3/IntIssueQueuePlugin_queue_2_payload_rRegs_1_valid_i_5_n_0
                         LUT6 (Prop_lut6_I0_O)        0.105    11.160 r  u_wb/defaultClockArea_cpu/unsignedDivider_3/IntIssueQueuePlugin_queue_2_payload_rRegs_1_valid_i_2/O
                         net (fo=4, unplaced)         0.352    11.512    u_wb/defaultClockArea_cpu/unsignedDivider_3/IntIssueQueuePlugin_queue_2_payload_rRegs_1_valid_i_2_n_0
                         LUT4 (Prop_lut4_I0_O)        0.125    11.637 r  u_wb/defaultClockArea_cpu/unsignedDivider_3/IntIssueQueuePlugin_queue_1_payload_rRegs_1_valid_i_2/O
                         net (fo=1, unplaced)         0.347    11.984    u_wb/defaultClockArea_cpu/unsignedDivider_3/IntIssueQueuePlugin_queue_1_payload_rRegs_1_valid_i_2_n_0
                         LUT6 (Prop_lut6_I0_O)        0.105    12.089 r  u_wb/defaultClockArea_cpu/unsignedDivider_3/IntIssueQueuePlugin_queue_1_payload_rRegs_1_valid_i_1/O
                         net (fo=1, unplaced)         0.000    12.089    u_wb/defaultClockArea_cpu/unsignedDivider_3_n_150
                         FDRE                                         r  u_wb/defaultClockArea_cpu/IntIssueQueuePlugin_queue_1_payload_rRegs_1_valid_reg/D
  -------------------------------------------------------------------    -------------------

                         (clock core_clock rise edge)
                                                     10.000    10.000 r  
                                                      0.000    10.000 r  aclk (IN)
                         net (fo=0)                   0.000    10.000    aclk
                         IBUF (Prop_ibuf_I_O)         0.751    10.751 r  aclk_IBUF_inst/O
                         net (fo=1, unplaced)         0.613    11.365    aclk_IBUF
                         BUFG (Prop_bufg_I_O)         0.077    11.442 r  aclk_IBUF_BUFG_inst/O
                         net (fo=17683, unplaced)     0.439    11.881    u_wb/defaultClockArea_cpu/aclk_IBUF_BUFG
                         FDRE                                         r  u_wb/defaultClockArea_cpu/IntIssueQueuePlugin_queue_1_payload_rRegs_1_valid_reg/C
                         clock pessimism              0.167    12.048    
                         clock uncertainty           -0.035    12.012    
                         FDRE (Setup_fdre_C_D)        0.029    12.041    u_wb/defaultClockArea_cpu/IntIssueQueuePlugin_queue_1_payload_rRegs_1_valid_reg
  -------------------------------------------------------------------
                         required time                         12.041    
                         arrival time                         -12.089    
  -------------------------------------------------------------------
                         slack                                 -0.047    

Slack (VIOLATED) :        -0.046ns  (required time - arrival time)
  Source:                 u_wb/defaultClockArea_cpu/MULDIV_RRD_to_MULDIV_EXE_REG_READ_RSP_0_reg[31]/C
                            (rising edge-triggered cell FDRE clocked by core_clock  {rise@0.000ns fall@5.000ns period=10.000ns})
  Destination:            u_wb/defaultClockArea_cpu/IntIssueQueuePlugin_queue_3_payload_rRegs_1_valid_reg/D
                            (rising edge-triggered cell FDRE clocked by core_clock  {rise@0.000ns fall@5.000ns period=10.000ns})
  Path Group:             core_clock
  Path Type:              Setup (Max at Slow Process Corner)
  Requirement:            10.000ns  (core_clock rise@10.000ns - core_clock rise@0.000ns)
  Data Path Delay:        9.895ns  (logic 3.442ns (34.785%)  route 6.453ns (65.215%))
  Logic Levels:           22  (CARRY4=8 LUT3=2 LUT4=2 LUT5=5 LUT6=5)
  Clock Path Skew:        -0.145ns (DCD - SCD + CPR)
    Destination Clock Delay (DCD):    1.881ns = ( 11.881 - 10.000 ) 
    Source Clock Delay      (SCD):    2.193ns
    Clock Pessimism Removal (CPR):    0.167ns
  Clock Uncertainty:      0.035ns  ((TSJ^2 + TIJ^2)^1/2 + DJ) / 2 + PE
    Total System Jitter     (TSJ):    0.071ns
    Total Input Jitter      (TIJ):    0.000ns
    Discrete Jitter          (DJ):    0.000ns
    Phase Error              (PE):    0.000ns

    Location             Delay type                Incr(ns)  Path(ns)    Netlist Resource(s)
  -------------------------------------------------------------------    -------------------
                         (clock core_clock rise edge)
                                                      0.000     0.000 r  
                                                      0.000     0.000 r  aclk (IN)
                         net (fo=0)                   0.000     0.000    aclk
                         IBUF (Prop_ibuf_I_O)         0.882     0.882 r  aclk_IBUF_inst/O
                         net (fo=1, unplaced)         0.646     1.528    aclk_IBUF
                         BUFG (Prop_bufg_I_O)         0.081     1.609 r  aclk_IBUF_BUFG_inst/O
                         net (fo=17683, unplaced)     0.584     2.193    u_wb/defaultClockArea_cpu/aclk_IBUF_BUFG
                         FDRE                                         r  u_wb/defaultClockArea_cpu/MULDIV_RRD_to_MULDIV_EXE_REG_READ_RSP_0_reg[31]/C
  -------------------------------------------------------------------    -------------------
                         FDRE (Prop_fdre_C_Q)         0.379     2.572 r  u_wb/defaultClockArea_cpu/MULDIV_RRD_to_MULDIV_EXE_REG_READ_RSP_0_reg[31]/Q
                         net (fo=160, unplaced)       0.710     3.282    u_wb/defaultClockArea_cpu/unsignedDivider_2/Q[30]
                         LUT3 (Prop_lut3_I0_O)        0.232     3.514 r  u_wb/defaultClockArea_cpu/unsignedDivider_2/MULDIV_EXE_MulDivExecutePlugin_multiplier_i_48/O
                         net (fo=1, unplaced)         0.000     3.514    u_wb/defaultClockArea_cpu/unsignedDivider_2/_zz_MULDIV_EXE_MulDivExecutePlugin_absRj[1]
                         CARRY4 (Prop_carry4_S[1]_CO[3])
                                                      0.444     3.958 r  u_wb/defaultClockArea_cpu/unsignedDivider_2/MULDIV_EXE_MulDivExecutePlugin_multiplier_i_8/CO[3]
                         net (fo=1, unplaced)         0.008     3.966    u_wb/defaultClockArea_cpu/unsignedDivider_2/MULDIV_EXE_MulDivExecutePlugin_multiplier_i_8_n_0
                         CARRY4 (Prop_carry4_CI_CO[3])
                                                      0.100     4.066 r  u_wb/defaultClockArea_cpu/unsignedDivider_2/MULDIV_EXE_MulDivExecutePlugin_multiplier_i_7/CO[3]
                         net (fo=1, unplaced)         0.000     4.066    u_wb/defaultClockArea_cpu/unsignedDivider_2/MULDIV_EXE_MulDivExecutePlugin_multiplier_i_7_n_0
                         CARRY4 (Prop_carry4_CI_CO[3])
                                                      0.100     4.166 r  u_wb/defaultClockArea_cpu/unsignedDivider_2/MULDIV_EXE_MulDivExecutePlugin_multiplier_i_6/CO[3]
                         net (fo=1, unplaced)         0.000     4.166    u_wb/defaultClockArea_cpu/unsignedDivider_2/MULDIV_EXE_MulDivExecutePlugin_multiplier_i_6_n_0
                         CARRY4 (Prop_carry4_CI_CO[3])
                                                      0.100     4.266 r  u_wb/defaultClockArea_cpu/unsignedDivider_2/MULDIV_EXE_MulDivExecutePlugin_multiplier_i_5/CO[3]
                         net (fo=1, unplaced)         0.000     4.266    u_wb/defaultClockArea_cpu/unsignedDivider_2/MULDIV_EXE_MulDivExecutePlugin_multiplier_i_5_n_0
                         CARRY4 (Prop_carry4_CI_CO[3])
                                                      0.100     4.366 r  u_wb/defaultClockArea_cpu/unsignedDivider_2/MULDIV_EXE_MulDivExecutePlugin_multiplier_i_4/CO[3]
                         net (fo=1, unplaced)         0.000     4.366    u_wb/defaultClockArea_cpu/unsignedDivider_2/MULDIV_EXE_MulDivExecutePlugin_multiplier_i_4_n_0
                         CARRY4 (Prop_carry4_CI_CO[3])
                                                      0.100     4.466 r  u_wb/defaultClockArea_cpu/unsignedDivider_2/MULDIV_EXE_MulDivExecutePlugin_multiplier_i_3/CO[3]
                         net (fo=1, unplaced)         0.000     4.466    u_wb/defaultClockArea_cpu/unsignedDivider_2/MULDIV_EXE_MulDivExecutePlugin_multiplier_i_3_n_0
                         CARRY4 (Prop_carry4_CI_CO[3])
                                                      0.100     4.566 r  u_wb/defaultClockArea_cpu/unsignedDivider_2/MULDIV_EXE_MulDivExecutePlugin_multiplier_i_2/CO[3]
                         net (fo=1, unplaced)         0.000     4.566    u_wb/defaultClockArea_cpu/unsignedDivider_2/MULDIV_EXE_MulDivExecutePlugin_multiplier_i_2_n_0
                         CARRY4 (Prop_carry4_CI_O[3])
                                                      0.277     4.843 f  u_wb/defaultClockArea_cpu/unsignedDivider_2/MULDIV_EXE_MulDivExecutePlugin_multiplier_i_1/O[3]
                         net (fo=3, unplaced)         0.537     5.380    u_wb/defaultClockArea_cpu/unsignedDivider_2/A[31]
                         LUT4 (Prop_lut4_I2_O)        0.250     5.630 f  u_wb/defaultClockArea_cpu/unsignedDivider_2/MULDIV_RRD_to_MULDIV_EXE_ISSUE_SLOT_wReg[5]_i_9/O
                         net (fo=1, unplaced)         0.347     5.977    u_wb/defaultClockArea_cpu/unsignedDivider_2/MULDIV_RRD_to_MULDIV_EXE_ISSUE_SLOT_wReg[5]_i_9_n_0
                         LUT5 (Prop_lut5_I4_O)        0.105     6.082 f  u_wb/defaultClockArea_cpu/unsignedDivider_2/MULDIV_RRD_to_MULDIV_EXE_ISSUE_SLOT_wReg[5]_i_5/O
                         net (fo=1, unplaced)         0.528     6.610    u_wb/defaultClockArea_cpu/unsignedDivider_2/MULDIV_RRD_to_MULDIV_EXE_ISSUE_SLOT_wReg[5]_i_5_n_0
                         LUT4 (Prop_lut4_I0_O)        0.105     6.715 r  u_wb/defaultClockArea_cpu/unsignedDivider_2/MULDIV_RRD_to_MULDIV_EXE_ISSUE_SLOT_wReg[5]_i_4/O
                         net (fo=66, unplaced)        0.436     7.151    u_wb/defaultClockArea_cpu/unsignedDivider_3/MULDIV_RRD_to_MULDIV_EXE_ISSUE_SLOT_uop_signed_reg_rep_0
                         LUT5 (Prop_lut5_I2_O)        0.105     7.256 r  u_wb/defaultClockArea_cpu/unsignedDivider_3/MULDIV_RRD_to_MULDIV_EXE_ISSUE_SLOT_wReg[5]_i_1/O
                         net (fo=94, unplaced)        0.445     7.701    u_wb/defaultClockArea_cpu/unsignedDivider_3/MULDIV_EXE_arbitration_notStuck
                         LUT6 (Prop_lut6_I0_O)        0.105     7.806 r  u_wb/defaultClockArea_cpu/unsignedDivider_3/MulDivIssueQueuePlugin_queue_2_payload_rRegs_0_valid_i_9/O
                         net (fo=55, unplaced)        0.432     8.238    u_wb/defaultClockArea_cpu/unsignedDivider_3/MulDivExecutePlugin_clrBusy_valid
                         LUT6 (Prop_lut6_I3_O)        0.105     8.343 f  u_wb/defaultClockArea_cpu/unsignedDivider_3/MulDivIssueQueuePlugin_queue_2_payload_rRegs_1_valid_i_38/O
                         net (fo=1, unplaced)         0.347     8.690    u_wb/defaultClockArea_cpu/unsignedDivider_3/MulDivIssueQueuePlugin_queue_2_payload_rRegs_1_valid_i_38_n_0
                         LUT6 (Prop_lut6_I0_O)        0.105     8.795 r  u_wb/defaultClockArea_cpu/unsignedDivider_3/MulDivIssueQueuePlugin_queue_2_payload_rRegs_1_valid_i_22/O
                         net (fo=2, unplaced)         0.358     9.153    u_wb/defaultClockArea_cpu/unsignedDivider_3/MulDivIssueQueuePlugin_queue_2_payload_rRegs_1_valid_i_22_n_0
                         LUT3 (Prop_lut3_I0_O)        0.105     9.258 r  u_wb/defaultClockArea_cpu/unsignedDivider_3/MemIssueQueuePlugin_queue_4_payload_rRegs_1_valid_i_12/O
                         net (fo=9, unplaced)         0.623     9.881    u_wb/defaultClockArea_cpu/unsignedDivider_3/MemIssueQueuePlugin_queue_4_payload_rRegs_1_valid_i_12_n_0
                         LUT5 (Prop_lut5_I0_O)        0.105     9.986 r  u_wb/defaultClockArea_cpu/unsignedDivider_3/IntIssueQueuePlugin_queue_1_payload_rRegs_1_valid_i_6/O
                         net (fo=7, unplaced)         0.617    10.603    u_wb/defaultClockArea_cpu/unsignedDivider_3/IntIssueQueuePlugin_queue_1_payload_rRegs_1_valid_i_6_n_0
                         LUT6 (Prop_lut6_I2_O)        0.105    10.708 r  u_wb/defaultClockArea_cpu/unsignedDivider_3/IntIssueQueuePlugin_queue_1_payload_rRegs_1_valid_i_16/O
                         net (fo=1, unplaced)         0.347    11.055    u_wb/defaultClockArea_cpu/unsignedDivider_3/IntIssueQueuePlugin_queue_1_payload_rRegs_1_valid_i_16_n_0
                         LUT6 (Prop_lut6_I0_O)        0.105    11.160 r  u_wb/defaultClockArea_cpu/unsignedDivider_3/IntIssueQueuePlugin_queue_1_payload_rRegs_1_valid_i_5/O
                         net (fo=4, unplaced)         0.371    11.531    u_wb/defaultClockArea_cpu/unsignedDivider_3/IntIssueQueuePlugin_queue_1_payload_rRegs_1_valid_i_5_n_0
                         LUT5 (Prop_lut5_I1_O)        0.105    11.636 r  u_wb/defaultClockArea_cpu/unsignedDivider_3/IntIssueQueuePlugin_queue_3_payload_rRegs_1_valid_i_2/O
                         net (fo=1, unplaced)         0.347    11.983    u_wb/defaultClockArea_cpu/unsignedDivider_3/IntIssueQueuePlugin_queue_3_payload_rRegs_1_valid_i_2_n_0
                         LUT5 (Prop_lut5_I4_O)        0.105    12.088 r  u_wb/defaultClockArea_cpu/unsignedDivider_3/IntIssueQueuePlugin_queue_3_payload_rRegs_1_valid_i_1/O
                         net (fo=1, unplaced)         0.000    12.088    u_wb/defaultClockArea_cpu/unsignedDivider_3_n_148
                         FDRE                                         r  u_wb/defaultClockArea_cpu/IntIssueQueuePlugin_queue_3_payload_rRegs_1_valid_reg/D
  -------------------------------------------------------------------    -------------------

                         (clock core_clock rise edge)
                                                     10.000    10.000 r  
                                                      0.000    10.000 r  aclk (IN)
                         net (fo=0)                   0.000    10.000    aclk
                         IBUF (Prop_ibuf_I_O)         0.751    10.751 r  aclk_IBUF_inst/O
                         net (fo=1, unplaced)         0.613    11.365    aclk_IBUF
                         BUFG (Prop_bufg_I_O)         0.077    11.442 r  aclk_IBUF_BUFG_inst/O
                         net (fo=17683, unplaced)     0.439    11.881    u_wb/defaultClockArea_cpu/aclk_IBUF_BUFG
                         FDRE                                         r  u_wb/defaultClockArea_cpu/IntIssueQueuePlugin_queue_3_payload_rRegs_1_valid_reg/C
                         clock pessimism              0.167    12.048    
                         clock uncertainty           -0.035    12.012    
                         FDRE (Setup_fdre_C_D)        0.029    12.041    u_wb/defaultClockArea_cpu/IntIssueQueuePlugin_queue_3_payload_rRegs_1_valid_reg
  -------------------------------------------------------------------
                         required time                         12.041    
                         arrival time                         -12.088    
  -------------------------------------------------------------------
                         slack                                 -0.046    

Slack (VIOLATED) :        -0.040ns  (required time - arrival time)
  Source:                 u_wb/defaultClockArea_cpu/MULDIV_RRD_to_MULDIV_EXE_REG_READ_RSP_0_reg[31]/C
                            (rising edge-triggered cell FDRE clocked by core_clock  {rise@0.000ns fall@5.000ns period=10.000ns})
  Destination:            u_wb/defaultClockArea_cpu/IntIssueQueuePlugin_queue_0_payload_rRegs_1_valid_reg/D
                            (rising edge-triggered cell FDRE clocked by core_clock  {rise@0.000ns fall@5.000ns period=10.000ns})
  Path Group:             core_clock
  Path Type:              Setup (Max at Slow Process Corner)
  Requirement:            10.000ns  (core_clock rise@10.000ns - core_clock rise@0.000ns)
  Data Path Delay:        9.889ns  (logic 3.442ns (34.806%)  route 6.447ns (65.194%))
  Logic Levels:           22  (CARRY4=8 LUT3=2 LUT4=2 LUT5=4 LUT6=6)
  Clock Path Skew:        -0.145ns (DCD - SCD + CPR)
    Destination Clock Delay (DCD):    1.881ns = ( 11.881 - 10.000 ) 
    Source Clock Delay      (SCD):    2.193ns
    Clock Pessimism Removal (CPR):    0.167ns
  Clock Uncertainty:      0.035ns  ((TSJ^2 + TIJ^2)^1/2 + DJ) / 2 + PE
    Total System Jitter     (TSJ):    0.071ns
    Total Input Jitter      (TIJ):    0.000ns
    Discrete Jitter          (DJ):    0.000ns
    Phase Error              (PE):    0.000ns

    Location             Delay type                Incr(ns)  Path(ns)    Netlist Resource(s)
  -------------------------------------------------------------------    -------------------
                         (clock core_clock rise edge)
                                                      0.000     0.000 r  
                                                      0.000     0.000 r  aclk (IN)
                         net (fo=0)                   0.000     0.000    aclk
                         IBUF (Prop_ibuf_I_O)         0.882     0.882 r  aclk_IBUF_inst/O
                         net (fo=1, unplaced)         0.646     1.528    aclk_IBUF
                         BUFG (Prop_bufg_I_O)         0.081     1.609 r  aclk_IBUF_BUFG_inst/O
                         net (fo=17683, unplaced)     0.584     2.193    u_wb/defaultClockArea_cpu/aclk_IBUF_BUFG
                         FDRE                                         r  u_wb/defaultClockArea_cpu/MULDIV_RRD_to_MULDIV_EXE_REG_READ_RSP_0_reg[31]/C
  -------------------------------------------------------------------    -------------------
                         FDRE (Prop_fdre_C_Q)         0.379     2.572 r  u_wb/defaultClockArea_cpu/MULDIV_RRD_to_MULDIV_EXE_REG_READ_RSP_0_reg[31]/Q
                         net (fo=160, unplaced)       0.710     3.282    u_wb/defaultClockArea_cpu/unsignedDivider_2/Q[30]
                         LUT3 (Prop_lut3_I0_O)        0.232     3.514 r  u_wb/defaultClockArea_cpu/unsignedDivider_2/MULDIV_EXE_MulDivExecutePlugin_multiplier_i_48/O
                         net (fo=1, unplaced)         0.000     3.514    u_wb/defaultClockArea_cpu/unsignedDivider_2/_zz_MULDIV_EXE_MulDivExecutePlugin_absRj[1]
                         CARRY4 (Prop_carry4_S[1]_CO[3])
                                                      0.444     3.958 r  u_wb/defaultClockArea_cpu/unsignedDivider_2/MULDIV_EXE_MulDivExecutePlugin_multiplier_i_8/CO[3]
                         net (fo=1, unplaced)         0.008     3.966    u_wb/defaultClockArea_cpu/unsignedDivider_2/MULDIV_EXE_MulDivExecutePlugin_multiplier_i_8_n_0
                         CARRY4 (Prop_carry4_CI_CO[3])
                                                      0.100     4.066 r  u_wb/defaultClockArea_cpu/unsignedDivider_2/MULDIV_EXE_MulDivExecutePlugin_multiplier_i_7/CO[3]
                         net (fo=1, unplaced)         0.000     4.066    u_wb/defaultClockArea_cpu/unsignedDivider_2/MULDIV_EXE_MulDivExecutePlugin_multiplier_i_7_n_0
                         CARRY4 (Prop_carry4_CI_CO[3])
                                                      0.100     4.166 r  u_wb/defaultClockArea_cpu/unsignedDivider_2/MULDIV_EXE_MulDivExecutePlugin_multiplier_i_6/CO[3]
                         net (fo=1, unplaced)         0.000     4.166    u_wb/defaultClockArea_cpu/unsignedDivider_2/MULDIV_EXE_MulDivExecutePlugin_multiplier_i_6_n_0
                         CARRY4 (Prop_carry4_CI_CO[3])
                                                      0.100     4.266 r  u_wb/defaultClockArea_cpu/unsignedDivider_2/MULDIV_EXE_MulDivExecutePlugin_multiplier_i_5/CO[3]
                         net (fo=1, unplaced)         0.000     4.266    u_wb/defaultClockArea_cpu/unsignedDivider_2/MULDIV_EXE_MulDivExecutePlugin_multiplier_i_5_n_0
                         CARRY4 (Prop_carry4_CI_CO[3])
                                                      0.100     4.366 r  u_wb/defaultClockArea_cpu/unsignedDivider_2/MULDIV_EXE_MulDivExecutePlugin_multiplier_i_4/CO[3]
                         net (fo=1, unplaced)         0.000     4.366    u_wb/defaultClockArea_cpu/unsignedDivider_2/MULDIV_EXE_MulDivExecutePlugin_multiplier_i_4_n_0
                         CARRY4 (Prop_carry4_CI_CO[3])
                                                      0.100     4.466 r  u_wb/defaultClockArea_cpu/unsignedDivider_2/MULDIV_EXE_MulDivExecutePlugin_multiplier_i_3/CO[3]
                         net (fo=1, unplaced)         0.000     4.466    u_wb/defaultClockArea_cpu/unsignedDivider_2/MULDIV_EXE_MulDivExecutePlugin_multiplier_i_3_n_0
                         CARRY4 (Prop_carry4_CI_CO[3])
                                                      0.100     4.566 r  u_wb/defaultClockArea_cpu/unsignedDivider_2/MULDIV_EXE_MulDivExecutePlugin_multiplier_i_2/CO[3]
                         net (fo=1, unplaced)         0.000     4.566    u_wb/defaultClockArea_cpu/unsignedDivider_2/MULDIV_EXE_MulDivExecutePlugin_multiplier_i_2_n_0
                         CARRY4 (Prop_carry4_CI_O[3])
                                                      0.277     4.843 f  u_wb/defaultClockArea_cpu/unsignedDivider_2/MULDIV_EXE_MulDivExecutePlugin_multiplier_i_1/O[3]
                         net (fo=3, unplaced)         0.537     5.380    u_wb/defaultClockArea_cpu/unsignedDivider_2/A[31]
                         LUT4 (Prop_lut4_I2_O)        0.250     5.630 f  u_wb/defaultClockArea_cpu/unsignedDivider_2/MULDIV_RRD_to_MULDIV_EXE_ISSUE_SLOT_wReg[5]_i_9/O
                         net (fo=1, unplaced)         0.347     5.977    u_wb/defaultClockArea_cpu/unsignedDivider_2/MULDIV_RRD_to_MULDIV_EXE_ISSUE_SLOT_wReg[5]_i_9_n_0
                         LUT5 (Prop_lut5_I4_O)        0.105     6.082 f  u_wb/defaultClockArea_cpu/unsignedDivider_2/MULDIV_RRD_to_MULDIV_EXE_ISSUE_SLOT_wReg[5]_i_5/O
                         net (fo=1, unplaced)         0.528     6.610    u_wb/defaultClockArea_cpu/unsignedDivider_2/MULDIV_RRD_to_MULDIV_EXE_ISSUE_SLOT_wReg[5]_i_5_n_0
                         LUT4 (Prop_lut4_I0_O)        0.105     6.715 r  u_wb/defaultClockArea_cpu/unsignedDivider_2/MULDIV_RRD_to_MULDIV_EXE_ISSUE_SLOT_wReg[5]_i_4/O
                         net (fo=66, unplaced)        0.436     7.151    u_wb/defaultClockArea_cpu/unsignedDivider_3/MULDIV_RRD_to_MULDIV_EXE_ISSUE_SLOT_uop_signed_reg_rep_0
                         LUT5 (Prop_lut5_I2_O)        0.105     7.256 r  u_wb/defaultClockArea_cpu/unsignedDivider_3/MULDIV_RRD_to_MULDIV_EXE_ISSUE_SLOT_wReg[5]_i_1/O
                         net (fo=94, unplaced)        0.445     7.701    u_wb/defaultClockArea_cpu/unsignedDivider_3/MULDIV_EXE_arbitration_notStuck
                         LUT6 (Prop_lut6_I0_O)        0.105     7.806 r  u_wb/defaultClockArea_cpu/unsignedDivider_3/MulDivIssueQueuePlugin_queue_2_payload_rRegs_0_valid_i_9/O
                         net (fo=55, unplaced)        0.432     8.238    u_wb/defaultClockArea_cpu/unsignedDivider_3/MulDivExecutePlugin_clrBusy_valid
                         LUT6 (Prop_lut6_I3_O)        0.105     8.343 f  u_wb/defaultClockArea_cpu/unsignedDivider_3/MulDivIssueQueuePlugin_queue_2_payload_rRegs_1_valid_i_38/O
                         net (fo=1, unplaced)         0.347     8.690    u_wb/defaultClockArea_cpu/unsignedDivider_3/MulDivIssueQueuePlugin_queue_2_payload_rRegs_1_valid_i_38_n_0
                         LUT6 (Prop_lut6_I0_O)        0.105     8.795 r  u_wb/defaultClockArea_cpu/unsignedDivider_3/MulDivIssueQueuePlugin_queue_2_payload_rRegs_1_valid_i_22/O
                         net (fo=2, unplaced)         0.358     9.153    u_wb/defaultClockArea_cpu/unsignedDivider_3/MulDivIssueQueuePlugin_queue_2_payload_rRegs_1_valid_i_22_n_0
                         LUT3 (Prop_lut3_I0_O)        0.105     9.258 r  u_wb/defaultClockArea_cpu/unsignedDivider_3/MemIssueQueuePlugin_queue_4_payload_rRegs_1_valid_i_12/O
                         net (fo=9, unplaced)         0.623     9.881    u_wb/defaultClockArea_cpu/unsignedDivider_3/MemIssueQueuePlugin_queue_4_payload_rRegs_1_valid_i_12_n_0
                         LUT5 (Prop_lut5_I0_O)        0.105     9.986 r  u_wb/defaultClockArea_cpu/unsignedDivider_3/IntIssueQueuePlugin_queue_1_payload_rRegs_1_valid_i_6/O
                         net (fo=7, unplaced)         0.617    10.603    u_wb/defaultClockArea_cpu/unsignedDivider_3/IntIssueQueuePlugin_queue_1_payload_rRegs_1_valid_i_6_n_0
                         LUT6 (Prop_lut6_I2_O)        0.105    10.708 r  u_wb/defaultClockArea_cpu/unsignedDivider_3/IntIssueQueuePlugin_queue_1_payload_rRegs_1_valid_i_10/O
                         net (fo=1, unplaced)         0.347    11.055    u_wb/defaultClockArea_cpu/unsignedDivider_3/IntIssueQueuePlugin_queue_1_payload_rRegs_1_valid_i_10_n_0
                         LUT6 (Prop_lut6_I0_O)        0.105    11.160 r  u_wb/defaultClockArea_cpu/unsignedDivider_3/IntIssueQueuePlugin_queue_1_payload_rRegs_1_valid_i_4/O
                         net (fo=3, unplaced)         0.365    11.525    u_wb/defaultClockArea_cpu/unsignedDivider_3/IntIssueQueuePlugin_queue_1_payload_rRegs_1_valid_i_4_n_0
                         LUT5 (Prop_lut5_I0_O)        0.105    11.630 r  u_wb/defaultClockArea_cpu/unsignedDivider_3/IntIssueQueuePlugin_queue_0_payload_rRegs_1_valid_i_4/O
                         net (fo=1, unplaced)         0.347    11.977    u_wb/defaultClockArea_cpu/unsignedDivider_3/IntIssueQueuePlugin_queue_0_payload_rRegs_1_valid_i_4_n_0
                         LUT6 (Prop_lut6_I2_O)        0.105    12.082 r  u_wb/defaultClockArea_cpu/unsignedDivider_3/IntIssueQueuePlugin_queue_0_payload_rRegs_1_valid_i_1/O
                         net (fo=1, unplaced)         0.000    12.082    u_wb/defaultClockArea_cpu/unsignedDivider_3_n_25
                         FDRE                                         r  u_wb/defaultClockArea_cpu/IntIssueQueuePlugin_queue_0_payload_rRegs_1_valid_reg/D
  -------------------------------------------------------------------    -------------------

                         (clock core_clock rise edge)
                                                     10.000    10.000 r  
                                                      0.000    10.000 r  aclk (IN)
                         net (fo=0)                   0.000    10.000    aclk
                         IBUF (Prop_ibuf_I_O)         0.751    10.751 r  aclk_IBUF_inst/O
                         net (fo=1, unplaced)         0.613    11.365    aclk_IBUF
                         BUFG (Prop_bufg_I_O)         0.077    11.442 r  aclk_IBUF_BUFG_inst/O
                         net (fo=17683, unplaced)     0.439    11.881    u_wb/defaultClockArea_cpu/aclk_IBUF_BUFG
                         FDRE                                         r  u_wb/defaultClockArea_cpu/IntIssueQueuePlugin_queue_0_payload_rRegs_1_valid_reg/C
                         clock pessimism              0.167    12.048    
                         clock uncertainty           -0.035    12.012    
                         FDRE (Setup_fdre_C_D)        0.029    12.041    u_wb/defaultClockArea_cpu/IntIssueQueuePlugin_queue_0_payload_rRegs_1_valid_reg
  -------------------------------------------------------------------
                         required time                         12.041    
                         arrival time                         -12.082    
  -------------------------------------------------------------------
                         slack                                 -0.040    

Slack (VIOLATED) :        -0.040ns  (required time - arrival time)
  Source:                 u_wb/defaultClockArea_cpu/MULDIV_RRD_to_MULDIV_EXE_REG_READ_RSP_0_reg[31]/C
                            (rising edge-triggered cell FDRE clocked by core_clock  {rise@0.000ns fall@5.000ns period=10.000ns})
  Destination:            u_wb/defaultClockArea_cpu/IntIssueQueuePlugin_queue_2_payload_rRegs_1_valid_reg/D
                            (rising edge-triggered cell FDRE clocked by core_clock  {rise@0.000ns fall@5.000ns period=10.000ns})
  Path Group:             core_clock
  Path Type:              Setup (Max at Slow Process Corner)
  Requirement:            10.000ns  (core_clock rise@10.000ns - core_clock rise@0.000ns)
  Data Path Delay:        9.889ns  (logic 3.442ns (34.806%)  route 6.447ns (65.194%))
  Logic Levels:           22  (CARRY4=8 LUT3=2 LUT4=2 LUT5=5 LUT6=5)
  Clock Path Skew:        -0.145ns (DCD - SCD + CPR)
    Destination Clock Delay (DCD):    1.881ns = ( 11.881 - 10.000 ) 
    Source Clock Delay      (SCD):    2.193ns
    Clock Pessimism Removal (CPR):    0.167ns
  Clock Uncertainty:      0.035ns  ((TSJ^2 + TIJ^2)^1/2 + DJ) / 2 + PE
    Total System Jitter     (TSJ):    0.071ns
    Total Input Jitter      (TIJ):    0.000ns
    Discrete Jitter          (DJ):    0.000ns
    Phase Error              (PE):    0.000ns

    Location             Delay type                Incr(ns)  Path(ns)    Netlist Resource(s)
  -------------------------------------------------------------------    -------------------
                         (clock core_clock rise edge)
                                                      0.000     0.000 r  
                                                      0.000     0.000 r  aclk (IN)
                         net (fo=0)                   0.000     0.000    aclk
                         IBUF (Prop_ibuf_I_O)         0.882     0.882 r  aclk_IBUF_inst/O
                         net (fo=1, unplaced)         0.646     1.528    aclk_IBUF
                         BUFG (Prop_bufg_I_O)         0.081     1.609 r  aclk_IBUF_BUFG_inst/O
                         net (fo=17683, unplaced)     0.584     2.193    u_wb/defaultClockArea_cpu/aclk_IBUF_BUFG
                         FDRE                                         r  u_wb/defaultClockArea_cpu/MULDIV_RRD_to_MULDIV_EXE_REG_READ_RSP_0_reg[31]/C
  -------------------------------------------------------------------    -------------------
                         FDRE (Prop_fdre_C_Q)         0.379     2.572 r  u_wb/defaultClockArea_cpu/MULDIV_RRD_to_MULDIV_EXE_REG_READ_RSP_0_reg[31]/Q
                         net (fo=160, unplaced)       0.710     3.282    u_wb/defaultClockArea_cpu/unsignedDivider_2/Q[30]
                         LUT3 (Prop_lut3_I0_O)        0.232     3.514 r  u_wb/defaultClockArea_cpu/unsignedDivider_2/MULDIV_EXE_MulDivExecutePlugin_multiplier_i_48/O
                         net (fo=1, unplaced)         0.000     3.514    u_wb/defaultClockArea_cpu/unsignedDivider_2/_zz_MULDIV_EXE_MulDivExecutePlugin_absRj[1]
                         CARRY4 (Prop_carry4_S[1]_CO[3])
                                                      0.444     3.958 r  u_wb/defaultClockArea_cpu/unsignedDivider_2/MULDIV_EXE_MulDivExecutePlugin_multiplier_i_8/CO[3]
                         net (fo=1, unplaced)         0.008     3.966    u_wb/defaultClockArea_cpu/unsignedDivider_2/MULDIV_EXE_MulDivExecutePlugin_multiplier_i_8_n_0
                         CARRY4 (Prop_carry4_CI_CO[3])
                                                      0.100     4.066 r  u_wb/defaultClockArea_cpu/unsignedDivider_2/MULDIV_EXE_MulDivExecutePlugin_multiplier_i_7/CO[3]
                         net (fo=1, unplaced)         0.000     4.066    u_wb/defaultClockArea_cpu/unsignedDivider_2/MULDIV_EXE_MulDivExecutePlugin_multiplier_i_7_n_0
                         CARRY4 (Prop_carry4_CI_CO[3])
                                                      0.100     4.166 r  u_wb/defaultClockArea_cpu/unsignedDivider_2/MULDIV_EXE_MulDivExecutePlugin_multiplier_i_6/CO[3]
                         net (fo=1, unplaced)         0.000     4.166    u_wb/defaultClockArea_cpu/unsignedDivider_2/MULDIV_EXE_MulDivExecutePlugin_multiplier_i_6_n_0
                         CARRY4 (Prop_carry4_CI_CO[3])
                                                      0.100     4.266 r  u_wb/defaultClockArea_cpu/unsignedDivider_2/MULDIV_EXE_MulDivExecutePlugin_multiplier_i_5/CO[3]
                         net (fo=1, unplaced)         0.000     4.266    u_wb/defaultClockArea_cpu/unsignedDivider_2/MULDIV_EXE_MulDivExecutePlugin_multiplier_i_5_n_0
                         CARRY4 (Prop_carry4_CI_CO[3])
                                                      0.100     4.366 r  u_wb/defaultClockArea_cpu/unsignedDivider_2/MULDIV_EXE_MulDivExecutePlugin_multiplier_i_4/CO[3]
                         net (fo=1, unplaced)         0.000     4.366    u_wb/defaultClockArea_cpu/unsignedDivider_2/MULDIV_EXE_MulDivExecutePlugin_multiplier_i_4_n_0
                         CARRY4 (Prop_carry4_CI_CO[3])
                                                      0.100     4.466 r  u_wb/defaultClockArea_cpu/unsignedDivider_2/MULDIV_EXE_MulDivExecutePlugin_multiplier_i_3/CO[3]
                         net (fo=1, unplaced)         0.000     4.466    u_wb/defaultClockArea_cpu/unsignedDivider_2/MULDIV_EXE_MulDivExecutePlugin_multiplier_i_3_n_0
                         CARRY4 (Prop_carry4_CI_CO[3])
                                                      0.100     4.566 r  u_wb/defaultClockArea_cpu/unsignedDivider_2/MULDIV_EXE_MulDivExecutePlugin_multiplier_i_2/CO[3]
                         net (fo=1, unplaced)         0.000     4.566    u_wb/defaultClockArea_cpu/unsignedDivider_2/MULDIV_EXE_MulDivExecutePlugin_multiplier_i_2_n_0
                         CARRY4 (Prop_carry4_CI_O[3])
                                                      0.277     4.843 f  u_wb/defaultClockArea_cpu/unsignedDivider_2/MULDIV_EXE_MulDivExecutePlugin_multiplier_i_1/O[3]
                         net (fo=3, unplaced)         0.537     5.380    u_wb/defaultClockArea_cpu/unsignedDivider_2/A[31]
                         LUT4 (Prop_lut4_I2_O)        0.250     5.630 f  u_wb/defaultClockArea_cpu/unsignedDivider_2/MULDIV_RRD_to_MULDIV_EXE_ISSUE_SLOT_wReg[5]_i_9/O
                         net (fo=1, unplaced)         0.347     5.977    u_wb/defaultClockArea_cpu/unsignedDivider_2/MULDIV_RRD_to_MULDIV_EXE_ISSUE_SLOT_wReg[5]_i_9_n_0
                         LUT5 (Prop_lut5_I4_O)        0.105     6.082 f  u_wb/defaultClockArea_cpu/unsignedDivider_2/MULDIV_RRD_to_MULDIV_EXE_ISSUE_SLOT_wReg[5]_i_5/O
                         net (fo=1, unplaced)         0.528     6.610    u_wb/defaultClockArea_cpu/unsignedDivider_2/MULDIV_RRD_to_MULDIV_EXE_ISSUE_SLOT_wReg[5]_i_5_n_0
                         LUT4 (Prop_lut4_I0_O)        0.105     6.715 r  u_wb/defaultClockArea_cpu/unsignedDivider_2/MULDIV_RRD_to_MULDIV_EXE_ISSUE_SLOT_wReg[5]_i_4/O
                         net (fo=66, unplaced)        0.436     7.151    u_wb/defaultClockArea_cpu/unsignedDivider_3/MULDIV_RRD_to_MULDIV_EXE_ISSUE_SLOT_uop_signed_reg_rep_0
                         LUT5 (Prop_lut5_I2_O)        0.105     7.256 r  u_wb/defaultClockArea_cpu/unsignedDivider_3/MULDIV_RRD_to_MULDIV_EXE_ISSUE_SLOT_wReg[5]_i_1/O
                         net (fo=94, unplaced)        0.445     7.701    u_wb/defaultClockArea_cpu/unsignedDivider_3/MULDIV_EXE_arbitration_notStuck
                         LUT6 (Prop_lut6_I0_O)        0.105     7.806 r  u_wb/defaultClockArea_cpu/unsignedDivider_3/MulDivIssueQueuePlugin_queue_2_payload_rRegs_0_valid_i_9/O
                         net (fo=55, unplaced)        0.432     8.238    u_wb/defaultClockArea_cpu/unsignedDivider_3/MulDivExecutePlugin_clrBusy_valid
                         LUT6 (Prop_lut6_I3_O)        0.105     8.343 f  u_wb/defaultClockArea_cpu/unsignedDivider_3/MulDivIssueQueuePlugin_queue_2_payload_rRegs_1_valid_i_38/O
                         net (fo=1, unplaced)         0.347     8.690    u_wb/defaultClockArea_cpu/unsignedDivider_3/MulDivIssueQueuePlugin_queue_2_payload_rRegs_1_valid_i_38_n_0
                         LUT6 (Prop_lut6_I0_O)        0.105     8.795 r  u_wb/defaultClockArea_cpu/unsignedDivider_3/MulDivIssueQueuePlugin_queue_2_payload_rRegs_1_valid_i_22/O
                         net (fo=2, unplaced)         0.358     9.153    u_wb/defaultClockArea_cpu/unsignedDivider_3/MulDivIssueQueuePlugin_queue_2_payload_rRegs_1_valid_i_22_n_0
                         LUT3 (Prop_lut3_I0_O)        0.105     9.258 r  u_wb/defaultClockArea_cpu/unsignedDivider_3/MemIssueQueuePlugin_queue_4_payload_rRegs_1_valid_i_12/O
                         net (fo=9, unplaced)         0.623     9.881    u_wb/defaultClockArea_cpu/unsignedDivider_3/MemIssueQueuePlugin_queue_4_payload_rRegs_1_valid_i_12_n_0
                         LUT5 (Prop_lut5_I0_O)        0.105     9.986 r  u_wb/defaultClockArea_cpu/unsignedDivider_3/IntIssueQueuePlugin_queue_1_payload_rRegs_1_valid_i_6/O
                         net (fo=7, unplaced)         0.617    10.603    u_wb/defaultClockArea_cpu/unsignedDivider_3/IntIssueQueuePlugin_queue_1_payload_rRegs_1_valid_i_6_n_0
                         LUT6 (Prop_lut6_I2_O)        0.105    10.708 r  u_wb/defaultClockArea_cpu/unsignedDivider_3/IntIssueQueuePlugin_queue_1_payload_rRegs_1_valid_i_10/O
                         net (fo=1, unplaced)         0.347    11.055    u_wb/defaultClockArea_cpu/unsignedDivider_3/IntIssueQueuePlugin_queue_1_payload_rRegs_1_valid_i_10_n_0
                         LUT6 (Prop_lut6_I0_O)        0.105    11.160 r  u_wb/defaultClockArea_cpu/unsignedDivider_3/IntIssueQueuePlugin_queue_1_payload_rRegs_1_valid_i_4/O
                         net (fo=3, unplaced)         0.365    11.525    u_wb/defaultClockArea_cpu/unsignedDivider_3/IntIssueQueuePlugin_queue_1_payload_rRegs_1_valid_i_4_n_0
                         LUT5 (Prop_lut5_I1_O)        0.105    11.630 r  u_wb/defaultClockArea_cpu/unsignedDivider_3/IntIssueQueuePlugin_queue_2_payload_rRegs_1_valid_i_4/O
                         net (fo=1, unplaced)         0.347    11.977    u_wb/defaultClockArea_cpu/unsignedDivider_3/IntIssueQueuePlugin_queue_2_payload_rRegs_1_valid_i_4_n_0
                         LUT5 (Prop_lut5_I4_O)        0.105    12.082 r  u_wb/defaultClockArea_cpu/unsignedDivider_3/IntIssueQueuePlugin_queue_2_payload_rRegs_1_valid_i_1/O
                         net (fo=1, unplaced)         0.000    12.082    u_wb/defaultClockArea_cpu/unsignedDivider_3_n_149
                         FDRE                                         r  u_wb/defaultClockArea_cpu/IntIssueQueuePlugin_queue_2_payload_rRegs_1_valid_reg/D
  -------------------------------------------------------------------    -------------------

                         (clock core_clock rise edge)
                                                     10.000    10.000 r  
                                                      0.000    10.000 r  aclk (IN)
                         net (fo=0)                   0.000    10.000    aclk
                         IBUF (Prop_ibuf_I_O)         0.751    10.751 r  aclk_IBUF_inst/O
                         net (fo=1, unplaced)         0.613    11.365    aclk_IBUF
                         BUFG (Prop_bufg_I_O)         0.077    11.442 r  aclk_IBUF_BUFG_inst/O
                         net (fo=17683, unplaced)     0.439    11.881    u_wb/defaultClockArea_cpu/aclk_IBUF_BUFG
                         FDRE                                         r  u_wb/defaultClockArea_cpu/IntIssueQueuePlugin_queue_2_payload_rRegs_1_valid_reg/C
                         clock pessimism              0.167    12.048    
                         clock uncertainty           -0.035    12.012    
                         FDRE (Setup_fdre_C_D)        0.029    12.041    u_wb/defaultClockArea_cpu/IntIssueQueuePlugin_queue_2_payload_rRegs_1_valid_reg
  -------------------------------------------------------------------
                         required time                         12.041    
                         arrival time                         -12.082    
  -------------------------------------------------------------------
                         slack                                 -0.040    

Slack (VIOLATED) :        -0.036ns  (required time - arrival time)
  Source:                 u_wb/defaultClockArea_cpu/IntIssueQueuePlugin_queue_2_payload_rRegs_0_valid_reg/C
                            (rising edge-triggered cell FDRE clocked by core_clock  {rise@0.000ns fall@5.000ns period=10.000ns})
  Destination:            u_wb/defaultClockArea_cpu/IntIssueQueuePlugin_queue_0_payload_rRegs_0_valid_reg/D
                            (rising edge-triggered cell FDRE clocked by core_clock  {rise@0.000ns fall@5.000ns period=10.000ns})
  Path Group:             core_clock
  Path Type:              Setup (Max at Slow Process Corner)
  Requirement:            10.000ns  (core_clock rise@10.000ns - core_clock rise@0.000ns)
  Data Path Delay:        9.885ns  (logic 1.976ns (19.990%)  route 7.909ns (80.010%))
  Logic Levels:           14  (LUT2=1 LUT4=1 LUT6=12)
  Clock Path Skew:        -0.145ns (DCD - SCD + CPR)
    Destination Clock Delay (DCD):    1.881ns = ( 11.881 - 10.000 ) 
    Source Clock Delay      (SCD):    2.193ns
    Clock Pessimism Removal (CPR):    0.167ns
  Clock Uncertainty:      0.035ns  ((TSJ^2 + TIJ^2)^1/2 + DJ) / 2 + PE
    Total System Jitter     (TSJ):    0.071ns
    Total Input Jitter      (TIJ):    0.000ns
    Discrete Jitter          (DJ):    0.000ns
    Phase Error              (PE):    0.000ns

    Location             Delay type                Incr(ns)  Path(ns)    Netlist Resource(s)
  -------------------------------------------------------------------    -------------------
                         (clock core_clock rise edge)
                                                      0.000     0.000 r  
                                                      0.000     0.000 r  aclk (IN)
                         net (fo=0)                   0.000     0.000    aclk
                         IBUF (Prop_ibuf_I_O)         0.882     0.882 r  aclk_IBUF_inst/O
                         net (fo=1, unplaced)         0.646     1.528    aclk_IBUF
                         BUFG (Prop_bufg_I_O)         0.081     1.609 r  aclk_IBUF_BUFG_inst/O
                         net (fo=17683, unplaced)     0.584     2.193    u_wb/defaultClockArea_cpu/aclk_IBUF_BUFG
                         FDRE                                         r  u_wb/defaultClockArea_cpu/IntIssueQueuePlugin_queue_2_payload_rRegs_0_valid_reg/C
  -------------------------------------------------------------------    -------------------
                         FDRE (Prop_fdre_C_Q)         0.379     2.572 r  u_wb/defaultClockArea_cpu/IntIssueQueuePlugin_queue_2_payload_rRegs_0_valid_reg/Q
                         net (fo=4, unplaced)         0.803     3.375    u_wb/defaultClockArea_cpu/IntIssueQueuePlugin_queue_2_payload_rRegs_0_valid_reg_n_0
                         LUT6 (Prop_lut6_I0_O)        0.232     3.607 r  u_wb/defaultClockArea_cpu/INT2_ISS_to_INT2_RRD_ISSUE_SLOT_rRegs_1_payload[5]_i_9/O
                         net (fo=10, unplaced)        0.981     4.588    u_wb/defaultClockArea_cpu/INT2_ISS_to_INT2_RRD_ISSUE_SLOT_rRegs_1_payload[5]_i_9_n_0
                         LUT6 (Prop_lut6_I1_O)        0.105     4.693 r  u_wb/defaultClockArea_cpu/INT2_ISS_to_INT2_RRD_ISSUE_SLOT_uop_doRegWrite_i_6/O
                         net (fo=12, unplaced)        0.395     5.088    u_wb/defaultClockArea_cpu/INT2_ISS_to_INT2_RRD_ISSUE_SLOT_uop_doRegWrite_i_6_n_0
                         LUT6 (Prop_lut6_I0_O)        0.105     5.193 r  u_wb/defaultClockArea_cpu/INT1_ISS_to_INT1_RRD_ISSUE_SLOT_rRegs_1_payload[5]_i_11/O
                         net (fo=9, unplaced)         0.979     6.172    u_wb/defaultClockArea_cpu/INT1_ISS_to_INT1_RRD_ISSUE_SLOT_rRegs_1_payload[5]_i_11_n_0
                         LUT6 (Prop_lut6_I0_O)        0.105     6.277 f  u_wb/defaultClockArea_cpu/INT1_ISS_to_INT1_RRD_ISSUE_SLOT_uop_readTimer64H_i_5/O
                         net (fo=7, unplaced)         0.563     6.840    u_wb/defaultClockArea_cpu/INT1_ISS_to_INT1_RRD_ISSUE_SLOT_uop_readTimer64H_i_5_n_0
                         LUT6 (Prop_lut6_I1_O)        0.105     6.945 r  u_wb/defaultClockArea_cpu/INT0_ISS_to_INT0_RRD_ISSUE_SLOT_uop_predInfo_predictTaken_i_7/O
                         net (fo=3, unplaced)         0.346     7.291    u_wb/defaultClockArea_cpu/INT0_ISS_to_INT0_RRD_ISSUE_SLOT_uop_predInfo_predictTaken_i_7_n_0
                         LUT4 (Prop_lut4_I2_O)        0.105     7.396 r  u_wb/defaultClockArea_cpu/INT0_ISS_to_INT0_RRD_ISSUE_SLOT_uop_predInfo_predictTaken_i_2/O
                         net (fo=93, unplaced)        0.445     7.841    u_wb/defaultClockArea_cpu/_zz_INT0_ISS_IntExecutePlugin_issSlot_rRegs_0_valid_3[2]
                         LUT6 (Prop_lut6_I5_O)        0.105     7.946 r  u_wb/defaultClockArea_cpu/INT0_ISS_to_INT0_RRD_ISSUE_SLOT_wReg[0]_i_3/O
                         net (fo=1, unplaced)         0.347     8.293    u_wb/defaultClockArea_cpu/INT0_ISS_to_INT0_RRD_ISSUE_SLOT_wReg[0]_i_3_n_0
                         LUT6 (Prop_lut6_I5_O)        0.105     8.398 r  u_wb/defaultClockArea_cpu/INT0_ISS_to_INT0_RRD_ISSUE_SLOT_wReg[0]_i_2/O
                         net (fo=1, unplaced)         0.347     8.745    u_wb/defaultClockArea_cpu/INT0_ISS_to_INT0_RRD_ISSUE_SLOT_wReg[0]_i_2_n_0
                         LUT6 (Prop_lut6_I1_O)        0.105     8.850 r  u_wb/defaultClockArea_cpu/INT0_ISS_to_INT0_RRD_ISSUE_SLOT_wReg[0]_i_1/O
                         net (fo=15, unplaced)        0.635     9.485    u_wb/defaultClockArea_cpu/_zz_INT0_ISS_IntExecutePlugin_issSlot_wReg[0]
                         LUT6 (Prop_lut6_I1_O)        0.105     9.590 f  u_wb/defaultClockArea_cpu/IntIssueQueuePlugin_queue_3_payload_rRegs_0_valid_i_22/O
                         net (fo=2, unplaced)         0.358     9.948    u_wb/defaultClockArea_cpu/IntIssueQueuePlugin_queue_3_payload_rRegs_0_valid_i_22_n_0
                         LUT2 (Prop_lut2_I1_O)        0.105    10.053 f  u_wb/defaultClockArea_cpu/IntIssueQueuePlugin_queue_2_payload_rRegs_0_valid_i_15/O
                         net (fo=1, unplaced)         0.582    10.635    u_wb/defaultClockArea_cpu/unsignedDivider_3/IntIssueQueuePlugin_queue_2_payload_rRegs_0_valid_i_4_0
                         LUT6 (Prop_lut6_I2_O)        0.105    10.740 r  u_wb/defaultClockArea_cpu/unsignedDivider_3/IntIssueQueuePlugin_queue_2_payload_rRegs_0_valid_i_9/O
                         net (fo=3, unplaced)         0.600    11.340    u_wb/defaultClockArea_cpu/unsignedDivider_3/IntIssueQueuePlugin_queue_2_payload_rRegs_0_valid_i_9_n_0
                         LUT6 (Prop_lut6_I3_O)        0.105    11.445 r  u_wb/defaultClockArea_cpu/unsignedDivider_3/IntIssueQueuePlugin_queue_0_payload_rRegs_0_valid_i_3/O
                         net (fo=1, unplaced)         0.528    11.973    u_wb/defaultClockArea_cpu/unsignedDivider_3/IntIssueQueuePlugin_queue_0_payload_rRegs_0_valid_i_3_n_0
                         LUT6 (Prop_lut6_I1_O)        0.105    12.078 r  u_wb/defaultClockArea_cpu/unsignedDivider_3/IntIssueQueuePlugin_queue_0_payload_rRegs_0_valid_i_1/O
                         net (fo=1, unplaced)         0.000    12.078    u_wb/defaultClockArea_cpu/unsignedDivider_3_n_7
                         FDRE                                         r  u_wb/defaultClockArea_cpu/IntIssueQueuePlugin_queue_0_payload_rRegs_0_valid_reg/D
  -------------------------------------------------------------------    -------------------

                         (clock core_clock rise edge)
                                                     10.000    10.000 r  
                                                      0.000    10.000 r  aclk (IN)
                         net (fo=0)                   0.000    10.000    aclk
                         IBUF (Prop_ibuf_I_O)         0.751    10.751 r  aclk_IBUF_inst/O
                         net (fo=1, unplaced)         0.613    11.365    aclk_IBUF
                         BUFG (Prop_bufg_I_O)         0.077    11.442 r  aclk_IBUF_BUFG_inst/O
                         net (fo=17683, unplaced)     0.439    11.881    u_wb/defaultClockArea_cpu/aclk_IBUF_BUFG
                         FDRE                                         r  u_wb/defaultClockArea_cpu/IntIssueQueuePlugin_queue_0_payload_rRegs_0_valid_reg/C
                         clock pessimism              0.167    12.048    
                         clock uncertainty           -0.035    12.012    
                         FDRE (Setup_fdre_C_D)        0.029    12.041    u_wb/defaultClockArea_cpu/IntIssueQueuePlugin_queue_0_payload_rRegs_0_valid_reg
  -------------------------------------------------------------------
                         required time                         12.041    
                         arrival time                         -12.078    
  -------------------------------------------------------------------
                         slack                                 -0.036    

Slack (VIOLATED) :        -0.036ns  (required time - arrival time)
  Source:                 u_wb/defaultClockArea_cpu/IntIssueQueuePlugin_queue_2_payload_rRegs_0_valid_reg/C
                            (rising edge-triggered cell FDRE clocked by core_clock  {rise@0.000ns fall@5.000ns period=10.000ns})
  Destination:            u_wb/defaultClockArea_cpu/IntIssueQueuePlugin_queue_1_payload_rRegs_0_valid_reg/D
                            (rising edge-triggered cell FDRE clocked by core_clock  {rise@0.000ns fall@5.000ns period=10.000ns})
  Path Group:             core_clock
  Path Type:              Setup (Max at Slow Process Corner)
  Requirement:            10.000ns  (core_clock rise@10.000ns - core_clock rise@0.000ns)
  Data Path Delay:        9.885ns  (logic 1.976ns (19.990%)  route 7.909ns (80.010%))
  Logic Levels:           14  (LUT2=1 LUT4=1 LUT6=12)
  Clock Path Skew:        -0.145ns (DCD - SCD + CPR)
    Destination Clock Delay (DCD):    1.881ns = ( 11.881 - 10.000 ) 
    Source Clock Delay      (SCD):    2.193ns
    Clock Pessimism Removal (CPR):    0.167ns
  Clock Uncertainty:      0.035ns  ((TSJ^2 + TIJ^2)^1/2 + DJ) / 2 + PE
    Total System Jitter     (TSJ):    0.071ns
    Total Input Jitter      (TIJ):    0.000ns
    Discrete Jitter          (DJ):    0.000ns
    Phase Error              (PE):    0.000ns

    Location             Delay type                Incr(ns)  Path(ns)    Netlist Resource(s)
  -------------------------------------------------------------------    -------------------
                         (clock core_clock rise edge)
                                                      0.000     0.000 r  
                                                      0.000     0.000 r  aclk (IN)
                         net (fo=0)                   0.000     0.000    aclk
                         IBUF (Prop_ibuf_I_O)         0.882     0.882 r  aclk_IBUF_inst/O
                         net (fo=1, unplaced)         0.646     1.528    aclk_IBUF
                         BUFG (Prop_bufg_I_O)         0.081     1.609 r  aclk_IBUF_BUFG_inst/O
                         net (fo=17683, unplaced)     0.584     2.193    u_wb/defaultClockArea_cpu/aclk_IBUF_BUFG
                         FDRE                                         r  u_wb/defaultClockArea_cpu/IntIssueQueuePlugin_queue_2_payload_rRegs_0_valid_reg/C
  -------------------------------------------------------------------    -------------------
                         FDRE (Prop_fdre_C_Q)         0.379     2.572 r  u_wb/defaultClockArea_cpu/IntIssueQueuePlugin_queue_2_payload_rRegs_0_valid_reg/Q
                         net (fo=4, unplaced)         0.803     3.375    u_wb/defaultClockArea_cpu/IntIssueQueuePlugin_queue_2_payload_rRegs_0_valid_reg_n_0
                         LUT6 (Prop_lut6_I0_O)        0.232     3.607 r  u_wb/defaultClockArea_cpu/INT2_ISS_to_INT2_RRD_ISSUE_SLOT_rRegs_1_payload[5]_i_9/O
                         net (fo=10, unplaced)        0.981     4.588    u_wb/defaultClockArea_cpu/INT2_ISS_to_INT2_RRD_ISSUE_SLOT_rRegs_1_payload[5]_i_9_n_0
                         LUT6 (Prop_lut6_I1_O)        0.105     4.693 r  u_wb/defaultClockArea_cpu/INT2_ISS_to_INT2_RRD_ISSUE_SLOT_uop_doRegWrite_i_6/O
                         net (fo=12, unplaced)        0.395     5.088    u_wb/defaultClockArea_cpu/INT2_ISS_to_INT2_RRD_ISSUE_SLOT_uop_doRegWrite_i_6_n_0
                         LUT6 (Prop_lut6_I0_O)        0.105     5.193 r  u_wb/defaultClockArea_cpu/INT1_ISS_to_INT1_RRD_ISSUE_SLOT_rRegs_1_payload[5]_i_11/O
                         net (fo=9, unplaced)         0.979     6.172    u_wb/defaultClockArea_cpu/INT1_ISS_to_INT1_RRD_ISSUE_SLOT_rRegs_1_payload[5]_i_11_n_0
                         LUT6 (Prop_lut6_I0_O)        0.105     6.277 f  u_wb/defaultClockArea_cpu/INT1_ISS_to_INT1_RRD_ISSUE_SLOT_uop_readTimer64H_i_5/O
                         net (fo=7, unplaced)         0.563     6.840    u_wb/defaultClockArea_cpu/INT1_ISS_to_INT1_RRD_ISSUE_SLOT_uop_readTimer64H_i_5_n_0
                         LUT6 (Prop_lut6_I1_O)        0.105     6.945 r  u_wb/defaultClockArea_cpu/INT0_ISS_to_INT0_RRD_ISSUE_SLOT_uop_predInfo_predictTaken_i_7/O
                         net (fo=3, unplaced)         0.346     7.291    u_wb/defaultClockArea_cpu/INT0_ISS_to_INT0_RRD_ISSUE_SLOT_uop_predInfo_predictTaken_i_7_n_0
                         LUT4 (Prop_lut4_I2_O)        0.105     7.396 r  u_wb/defaultClockArea_cpu/INT0_ISS_to_INT0_RRD_ISSUE_SLOT_uop_predInfo_predictTaken_i_2/O
                         net (fo=93, unplaced)        0.445     7.841    u_wb/defaultClockArea_cpu/_zz_INT0_ISS_IntExecutePlugin_issSlot_rRegs_0_valid_3[2]
                         LUT6 (Prop_lut6_I5_O)        0.105     7.946 r  u_wb/defaultClockArea_cpu/INT0_ISS_to_INT0_RRD_ISSUE_SLOT_wReg[0]_i_3/O
                         net (fo=1, unplaced)         0.347     8.293    u_wb/defaultClockArea_cpu/INT0_ISS_to_INT0_RRD_ISSUE_SLOT_wReg[0]_i_3_n_0
                         LUT6 (Prop_lut6_I5_O)        0.105     8.398 r  u_wb/defaultClockArea_cpu/INT0_ISS_to_INT0_RRD_ISSUE_SLOT_wReg[0]_i_2/O
                         net (fo=1, unplaced)         0.347     8.745    u_wb/defaultClockArea_cpu/INT0_ISS_to_INT0_RRD_ISSUE_SLOT_wReg[0]_i_2_n_0
                         LUT6 (Prop_lut6_I1_O)        0.105     8.850 r  u_wb/defaultClockArea_cpu/INT0_ISS_to_INT0_RRD_ISSUE_SLOT_wReg[0]_i_1/O
                         net (fo=15, unplaced)        0.635     9.485    u_wb/defaultClockArea_cpu/_zz_INT0_ISS_IntExecutePlugin_issSlot_wReg[0]
                         LUT6 (Prop_lut6_I1_O)        0.105     9.590 f  u_wb/defaultClockArea_cpu/IntIssueQueuePlugin_queue_3_payload_rRegs_0_valid_i_22/O
                         net (fo=2, unplaced)         0.358     9.948    u_wb/defaultClockArea_cpu/IntIssueQueuePlugin_queue_3_payload_rRegs_0_valid_i_22_n_0
                         LUT2 (Prop_lut2_I1_O)        0.105    10.053 f  u_wb/defaultClockArea_cpu/IntIssueQueuePlugin_queue_2_payload_rRegs_0_valid_i_15/O
                         net (fo=1, unplaced)         0.582    10.635    u_wb/defaultClockArea_cpu/unsignedDivider_3/IntIssueQueuePlugin_queue_2_payload_rRegs_0_valid_i_4_0
                         LUT6 (Prop_lut6_I2_O)        0.105    10.740 r  u_wb/defaultClockArea_cpu/unsignedDivider_3/IntIssueQueuePlugin_queue_2_payload_rRegs_0_valid_i_9/O
                         net (fo=3, unplaced)         0.600    11.340    u_wb/defaultClockArea_cpu/unsignedDivider_3/IntIssueQueuePlugin_queue_2_payload_rRegs_0_valid_i_9_n_0
                         LUT6 (Prop_lut6_I3_O)        0.105    11.445 r  u_wb/defaultClockArea_cpu/unsignedDivider_3/IntIssueQueuePlugin_queue_1_payload_rRegs_0_valid_i_2/O
                         net (fo=1, unplaced)         0.528    11.973    u_wb/defaultClockArea_cpu/unsignedDivider_3/IntIssueQueuePlugin_queue_1_payload_rRegs_0_valid_i_2_n_0
                         LUT6 (Prop_lut6_I0_O)        0.105    12.078 r  u_wb/defaultClockArea_cpu/unsignedDivider_3/IntIssueQueuePlugin_queue_1_payload_rRegs_0_valid_i_1/O
                         net (fo=1, unplaced)         0.000    12.078    u_wb/defaultClockArea_cpu/unsignedDivider_3_n_144
                         FDRE                                         r  u_wb/defaultClockArea_cpu/IntIssueQueuePlugin_queue_1_payload_rRegs_0_valid_reg/D
  -------------------------------------------------------------------    -------------------

                         (clock core_clock rise edge)
                                                     10.000    10.000 r  
                                                      0.000    10.000 r  aclk (IN)
                         net (fo=0)                   0.000    10.000    aclk
                         IBUF (Prop_ibuf_I_O)         0.751    10.751 r  aclk_IBUF_inst/O
                         net (fo=1, unplaced)         0.613    11.365    aclk_IBUF
                         BUFG (Prop_bufg_I_O)         0.077    11.442 r  aclk_IBUF_BUFG_inst/O
                         net (fo=17683, unplaced)     0.439    11.881    u_wb/defaultClockArea_cpu/aclk_IBUF_BUFG
                         FDRE                                         r  u_wb/defaultClockArea_cpu/IntIssueQueuePlugin_queue_1_payload_rRegs_0_valid_reg/C
                         clock pessimism              0.167    12.048    
                         clock uncertainty           -0.035    12.012    
                         FDRE (Setup_fdre_C_D)        0.029    12.041    u_wb/defaultClockArea_cpu/IntIssueQueuePlugin_queue_1_payload_rRegs_0_valid_reg
  -------------------------------------------------------------------
                         required time                         12.041    
                         arrival time                         -12.078    
  -------------------------------------------------------------------
                         slack                                 -0.036    

Slack (MET) :             0.053ns  (required time - arrival time)
  Source:                 u_wb/defaultClockArea_cpu/IF1_to_IF2_TRANSLATE_SAVED_CSR_CRMD_PG_reg/C
                            (rising edge-triggered cell FDRE clocked by core_clock  {rise@0.000ns fall@5.000ns period=10.000ns})
  Destination:            u_wb/defaultClockArea_cpu/GlobalPredictorBTBPlugin_predictor/pht/rams_0/mem/xpm_memory_base_inst/gen_wr_a.gen_word_narrow.mem_reg/ADDRBWRADDR[12]
                            (rising edge-triggered cell RAMB18E1 clocked by core_clock  {rise@0.000ns fall@5.000ns period=10.000ns})
  Path Group:             core_clock
  Path Type:              Setup (Max at Slow Process Corner)
  Requirement:            10.000ns  (core_clock rise@10.000ns - core_clock rise@0.000ns)
  Data Path Delay:        9.132ns  (logic 3.255ns (35.646%)  route 5.877ns (64.354%))
  Logic Levels:           16  (CARRY4=5 LUT2=1 LUT3=5 LUT5=4 LUT6=1)
  Clock Path Skew:        -0.145ns (DCD - SCD + CPR)
    Destination Clock Delay (DCD):    1.881ns = ( 11.881 - 10.000 ) 
    Source Clock Delay      (SCD):    2.193ns
    Clock Pessimism Removal (CPR):    0.167ns
  Clock Uncertainty:      0.035ns  ((TSJ^2 + TIJ^2)^1/2 + DJ) / 2 + PE
    Total System Jitter     (TSJ):    0.071ns
    Total Input Jitter      (TIJ):    0.000ns
    Discrete Jitter          (DJ):    0.000ns
    Phase Error              (PE):    0.000ns

    Location             Delay type                Incr(ns)  Path(ns)    Netlist Resource(s)
  -------------------------------------------------------------------    -------------------
                         (clock core_clock rise edge)
                                                      0.000     0.000 r  
                                                      0.000     0.000 r  aclk (IN)
                         net (fo=0)                   0.000     0.000    aclk
                         IBUF (Prop_ibuf_I_O)         0.882     0.882 r  aclk_IBUF_inst/O
                         net (fo=1, unplaced)         0.646     1.528    aclk_IBUF
                         BUFG (Prop_bufg_I_O)         0.081     1.609 r  aclk_IBUF_BUFG_inst/O
                         net (fo=17683, unplaced)     0.584     2.193    u_wb/defaultClockArea_cpu/aclk_IBUF_BUFG
                         FDRE                                         r  u_wb/defaultClockArea_cpu/IF1_to_IF2_TRANSLATE_SAVED_CSR_CRMD_PG_reg/C
  -------------------------------------------------------------------    -------------------
                         FDRE (Prop_fdre_C_Q)         0.379     2.572 r  u_wb/defaultClockArea_cpu/IF1_to_IF2_TRANSLATE_SAVED_CSR_CRMD_PG_reg/Q
                         net (fo=30, unplaced)        0.669     3.241    u_wb/defaultClockArea_cpu/ICachePlugin_infoRAM/IF1_to_IF2_TRANSLATE_SAVED_CSR_CRMD_PG
                         LUT5 (Prop_lut5_I2_O)        0.232     3.473 r  u_wb/defaultClockArea_cpu/ICachePlugin_infoRAM/araddr_OBUF[17]_inst_i_2/O
                         net (fo=5, unplaced)         0.610     4.083    u_wb/defaultClockArea_cpu/FetchBufferPlugin_bufferFIFO/defaultClockArea_cpu_io_iBus_ar_payload_addr[5]
                         LUT6 (Prop_lut6_I0_O)        0.105     4.188 r  u_wb/defaultClockArea_cpu/FetchBufferPlugin_bufferFIFO/mem_i_70/O
                         net (fo=1, unplaced)         0.000     4.188    u_wb/defaultClockArea_cpu/FetchBufferPlugin_bufferFIFO/mem_i_70_n_0
                         CARRY4 (Prop_carry4_S[1]_CO[3])
                                                      0.444     4.632 r  u_wb/defaultClockArea_cpu/FetchBufferPlugin_bufferFIFO/mem_i_64/CO[3]
                         net (fo=1, unplaced)         0.008     4.640    u_wb/defaultClockArea_cpu/FetchBufferPlugin_bufferFIFO/mem_i_64_n_0
                         CARRY4 (Prop_carry4_CI_CO[2])
                                                      0.211     4.851 f  u_wb/defaultClockArea_cpu/FetchBufferPlugin_bufferFIFO/mem_i_61/CO[2]
                         net (fo=1, unplaced)         0.349     5.200    u_wb/defaultClockArea_cpu/FetchBufferPlugin_bufferFIFO/IF2_ICachePlugin_hits_00
                         LUT2 (Prop_lut2_I1_O)        0.252     5.452 r  u_wb/defaultClockArea_cpu/FetchBufferPlugin_bufferFIFO/mem_i_53/O
                         net (fo=131, unplaced)       0.453     5.905    u_wb/defaultClockArea_cpu/FetchBufferPlugin_bufferFIFO/IF1_to_IF2_ICACHE_VALIDS_0_reg
                         LUT3 (Prop_lut3_I2_O)        0.105     6.010 f  u_wb/defaultClockArea_cpu/FetchBufferPlugin_bufferFIFO/FSM_onehot_IF2_ICachePlugin_cacheRefillFSM_stateReg[4]_i_5/O
                         net (fo=132, unplaced)       0.454     6.464    u_wb/defaultClockArea_cpu/FetchBufferPlugin_bufferFIFO/FSM_onehot_IF2_ICachePlugin_cacheRefillFSM_stateReg[4]_i_5_n_0
                         LUT5 (Prop_lut5_I1_O)        0.105     6.569 f  u_wb/defaultClockArea_cpu/FetchBufferPlugin_bufferFIFO/IF1_to_IF2_ICACHE_INFO_tags_0[19]_i_1/O
                         net (fo=426, unplaced)       0.483     7.052    u_wb/defaultClockArea_cpu/FetchBufferPlugin_bufferFIFO/FSM_onehot_IF2_ICachePlugin_cacheRefillFSM_stateReg_reg[4][0]
                         LUT3 (Prop_lut3_I2_O)        0.105     7.157 f  u_wb/defaultClockArea_cpu/FetchBufferPlugin_bufferFIFO/ReturnAddressStackPlugin_ras_0[29]_i_3/O
                         net (fo=10, unplaced)        0.390     7.547    u_wb/defaultClockArea_cpu/FetchBufferPlugin_bufferFIFO/when_ReturnAddressStackPlugin_l31
                         LUT3 (Prop_lut3_I2_O)        0.105     7.652 r  u_wb/defaultClockArea_cpu/FetchBufferPlugin_bufferFIFO/dataVec_7_predInfo_predictAddr[31]_i_2/O
                         net (fo=30, unplaced)        0.417     8.069    u_wb/defaultClockArea_cpu/FetchBufferPlugin_bufferFIFO/dataVec_7_predInfo_predictAddr[31]_i_2_n_0
                         LUT5 (Prop_lut5_I1_O)        0.105     8.174 r  u_wb/defaultClockArea_cpu/FetchBufferPlugin_bufferFIFO/dataVec_7_predInfo_predictAddr[4]_i_1/O
                         net (fo=9, unplaced)         0.388     8.562    u_wb/defaultClockArea_cpu/FetchBufferPlugin_bufferFIFO/IF2_GlobalPredictorBTBPlugin_payloadTarget[4]
                         LUT3 (Prop_lut3_I0_O)        0.105     8.667 r  u_wb/defaultClockArea_cpu/FetchBufferPlugin_bufferFIFO/mem_i_27__7/O
                         net (fo=1, unplaced)         0.347     9.014    u_wb/defaultClockArea_cpu/ROBFIFOPlugin_robInfo/ram/rams_1/gen_wr_a.gen_word_narrow.mem_reg_11
                         LUT5 (Prop_lut5_I4_O)        0.105     9.119 r  u_wb/defaultClockArea_cpu/ROBFIFOPlugin_robInfo/ram/rams_1/mem_i_14__9/O
                         net (fo=34, unplaced)        0.655     9.774    u_wb/defaultClockArea_cpu/ROBFIFOPlugin_robInfo/ram/addrb[0]
                         LUT3 (Prop_lut3_I0_O)        0.105     9.879 r  u_wb/defaultClockArea_cpu/ROBFIFOPlugin_robInfo/ram/mem_i_27__12/O
                         net (fo=1, unplaced)         0.000     9.879    u_wb/defaultClockArea_cpu/ROBFIFOPlugin_robInfo/ram/mem_i_27__12_n_0
                         CARRY4 (Prop_carry4_S[0]_CO[3])
                                                      0.423    10.302 r  u_wb/defaultClockArea_cpu/ROBFIFOPlugin_robInfo/ram/mem_i_10__9/CO[3]
                         net (fo=1, unplaced)         0.008    10.310    u_wb/defaultClockArea_cpu/ROBFIFOPlugin_robInfo/ram/mem_i_10__9_n_0
                         CARRY4 (Prop_carry4_CI_CO[3])
                                                      0.100    10.410 r  u_wb/defaultClockArea_cpu/ROBFIFOPlugin_robInfo/ram/mem_i_9__11/CO[3]
                         net (fo=1, unplaced)         0.000    10.410    u_wb/defaultClockArea_cpu/ROBFIFOPlugin_robInfo/ram/mem_i_9__11_n_0
                         CARRY4 (Prop_carry4_CI_O[1])
                                                      0.269    10.679 r  u_wb/defaultClockArea_cpu/ROBFIFOPlugin_robInfo/ram/mem_i_8__11/O[1]
                         net (fo=1, unplaced)         0.646    11.324    u_wb/defaultClockArea_cpu/GlobalPredictorBTBPlugin_predictor/pht/rams_0/mem/xpm_memory_base_inst/addrb[9]
                         RAMB18E1                                     r  u_wb/defaultClockArea_cpu/GlobalPredictorBTBPlugin_predictor/pht/rams_0/mem/xpm_memory_base_inst/gen_wr_a.gen_word_narrow.mem_reg/ADDRBWRADDR[12]
  -------------------------------------------------------------------    -------------------

                         (clock core_clock rise edge)
                                                     10.000    10.000 r  
                                                      0.000    10.000 r  aclk (IN)
                         net (fo=0)                   0.000    10.000    aclk
                         IBUF (Prop_ibuf_I_O)         0.751    10.751 r  aclk_IBUF_inst/O
                         net (fo=1, unplaced)         0.613    11.365    aclk_IBUF
                         BUFG (Prop_bufg_I_O)         0.077    11.442 r  aclk_IBUF_BUFG_inst/O
                         net (fo=17683, unplaced)     0.439    11.881    u_wb/defaultClockArea_cpu/GlobalPredictorBTBPlugin_predictor/pht/rams_0/mem/xpm_memory_base_inst/clka
                         RAMB18E1                                     r  u_wb/defaultClockArea_cpu/GlobalPredictorBTBPlugin_predictor/pht/rams_0/mem/xpm_memory_base_inst/gen_wr_a.gen_word_narrow.mem_reg/CLKBWRCLK
                         clock pessimism              0.167    12.048    
                         clock uncertainty           -0.035    12.012    
                         RAMB18E1 (Setup_ramb18e1_CLKBWRCLK_ADDRBWRADDR[12])
                                                     -0.635    11.377    u_wb/defaultClockArea_cpu/GlobalPredictorBTBPlugin_predictor/pht/rams_0/mem/xpm_memory_base_inst/gen_wr_a.gen_word_narrow.mem_reg
  -------------------------------------------------------------------
                         required time                         11.377    
                         arrival time                         -11.324    
  -------------------------------------------------------------------
                         slack                                  0.053    

Slack (MET) :             0.053ns  (required time - arrival time)
  Source:                 u_wb/defaultClockArea_cpu/IF1_to_IF2_TRANSLATE_SAVED_CSR_CRMD_PG_reg/C
                            (rising edge-triggered cell FDRE clocked by core_clock  {rise@0.000ns fall@5.000ns period=10.000ns})
  Destination:            u_wb/defaultClockArea_cpu/GlobalPredictorBTBPlugin_predictor/pht/rams_2/mem/xpm_memory_base_inst/gen_wr_a.gen_word_narrow.mem_reg/ADDRBWRADDR[12]
                            (rising edge-triggered cell RAMB18E1 clocked by core_clock  {rise@0.000ns fall@5.000ns period=10.000ns})
  Path Group:             core_clock
  Path Type:              Setup (Max at Slow Process Corner)
  Requirement:            10.000ns  (core_clock rise@10.000ns - core_clock rise@0.000ns)
  Data Path Delay:        9.132ns  (logic 3.255ns (35.646%)  route 5.877ns (64.354%))
  Logic Levels:           16  (CARRY4=5 LUT2=1 LUT3=5 LUT5=4 LUT6=1)
  Clock Path Skew:        -0.145ns (DCD - SCD + CPR)
    Destination Clock Delay (DCD):    1.881ns = ( 11.881 - 10.000 ) 
    Source Clock Delay      (SCD):    2.193ns
    Clock Pessimism Removal (CPR):    0.167ns
  Clock Uncertainty:      0.035ns  ((TSJ^2 + TIJ^2)^1/2 + DJ) / 2 + PE
    Total System Jitter     (TSJ):    0.071ns
    Total Input Jitter      (TIJ):    0.000ns
    Discrete Jitter          (DJ):    0.000ns
    Phase Error              (PE):    0.000ns

    Location             Delay type                Incr(ns)  Path(ns)    Netlist Resource(s)
  -------------------------------------------------------------------    -------------------
                         (clock core_clock rise edge)
                                                      0.000     0.000 r  
                                                      0.000     0.000 r  aclk (IN)
                         net (fo=0)                   0.000     0.000    aclk
                         IBUF (Prop_ibuf_I_O)         0.882     0.882 r  aclk_IBUF_inst/O
                         net (fo=1, unplaced)         0.646     1.528    aclk_IBUF
                         BUFG (Prop_bufg_I_O)         0.081     1.609 r  aclk_IBUF_BUFG_inst/O
                         net (fo=17683, unplaced)     0.584     2.193    u_wb/defaultClockArea_cpu/aclk_IBUF_BUFG
                         FDRE                                         r  u_wb/defaultClockArea_cpu/IF1_to_IF2_TRANSLATE_SAVED_CSR_CRMD_PG_reg/C
  -------------------------------------------------------------------    -------------------
                         FDRE (Prop_fdre_C_Q)         0.379     2.572 r  u_wb/defaultClockArea_cpu/IF1_to_IF2_TRANSLATE_SAVED_CSR_CRMD_PG_reg/Q
                         net (fo=30, unplaced)        0.669     3.241    u_wb/defaultClockArea_cpu/ICachePlugin_infoRAM/IF1_to_IF2_TRANSLATE_SAVED_CSR_CRMD_PG
                         LUT5 (Prop_lut5_I2_O)        0.232     3.473 r  u_wb/defaultClockArea_cpu/ICachePlugin_infoRAM/araddr_OBUF[17]_inst_i_2/O
                         net (fo=5, unplaced)         0.610     4.083    u_wb/defaultClockArea_cpu/FetchBufferPlugin_bufferFIFO/defaultClockArea_cpu_io_iBus_ar_payload_addr[5]
                         LUT6 (Prop_lut6_I0_O)        0.105     4.188 r  u_wb/defaultClockArea_cpu/FetchBufferPlugin_bufferFIFO/mem_i_70/O
                         net (fo=1, unplaced)         0.000     4.188    u_wb/defaultClockArea_cpu/FetchBufferPlugin_bufferFIFO/mem_i_70_n_0
                         CARRY4 (Prop_carry4_S[1]_CO[3])
                                                      0.444     4.632 r  u_wb/defaultClockArea_cpu/FetchBufferPlugin_bufferFIFO/mem_i_64/CO[3]
                         net (fo=1, unplaced)         0.008     4.640    u_wb/defaultClockArea_cpu/FetchBufferPlugin_bufferFIFO/mem_i_64_n_0
                         CARRY4 (Prop_carry4_CI_CO[2])
                                                      0.211     4.851 f  u_wb/defaultClockArea_cpu/FetchBufferPlugin_bufferFIFO/mem_i_61/CO[2]
                         net (fo=1, unplaced)         0.349     5.200    u_wb/defaultClockArea_cpu/FetchBufferPlugin_bufferFIFO/IF2_ICachePlugin_hits_00
                         LUT2 (Prop_lut2_I1_O)        0.252     5.452 r  u_wb/defaultClockArea_cpu/FetchBufferPlugin_bufferFIFO/mem_i_53/O
                         net (fo=131, unplaced)       0.453     5.905    u_wb/defaultClockArea_cpu/FetchBufferPlugin_bufferFIFO/IF1_to_IF2_ICACHE_VALIDS_0_reg
                         LUT3 (Prop_lut3_I2_O)        0.105     6.010 f  u_wb/defaultClockArea_cpu/FetchBufferPlugin_bufferFIFO/FSM_onehot_IF2_ICachePlugin_cacheRefillFSM_stateReg[4]_i_5/O
                         net (fo=132, unplaced)       0.454     6.464    u_wb/defaultClockArea_cpu/FetchBufferPlugin_bufferFIFO/FSM_onehot_IF2_ICachePlugin_cacheRefillFSM_stateReg[4]_i_5_n_0
                         LUT5 (Prop_lut5_I1_O)        0.105     6.569 f  u_wb/defaultClockArea_cpu/FetchBufferPlugin_bufferFIFO/IF1_to_IF2_ICACHE_INFO_tags_0[19]_i_1/O
                         net (fo=426, unplaced)       0.483     7.052    u_wb/defaultClockArea_cpu/FetchBufferPlugin_bufferFIFO/FSM_onehot_IF2_ICachePlugin_cacheRefillFSM_stateReg_reg[4][0]
                         LUT3 (Prop_lut3_I2_O)        0.105     7.157 f  u_wb/defaultClockArea_cpu/FetchBufferPlugin_bufferFIFO/ReturnAddressStackPlugin_ras_0[29]_i_3/O
                         net (fo=10, unplaced)        0.390     7.547    u_wb/defaultClockArea_cpu/FetchBufferPlugin_bufferFIFO/when_ReturnAddressStackPlugin_l31
                         LUT3 (Prop_lut3_I2_O)        0.105     7.652 r  u_wb/defaultClockArea_cpu/FetchBufferPlugin_bufferFIFO/dataVec_7_predInfo_predictAddr[31]_i_2/O
                         net (fo=30, unplaced)        0.417     8.069    u_wb/defaultClockArea_cpu/FetchBufferPlugin_bufferFIFO/dataVec_7_predInfo_predictAddr[31]_i_2_n_0
                         LUT5 (Prop_lut5_I1_O)        0.105     8.174 r  u_wb/defaultClockArea_cpu/FetchBufferPlugin_bufferFIFO/dataVec_7_predInfo_predictAddr[4]_i_1/O
                         net (fo=9, unplaced)         0.388     8.562    u_wb/defaultClockArea_cpu/FetchBufferPlugin_bufferFIFO/IF2_GlobalPredictorBTBPlugin_payloadTarget[4]
                         LUT3 (Prop_lut3_I0_O)        0.105     8.667 r  u_wb/defaultClockArea_cpu/FetchBufferPlugin_bufferFIFO/mem_i_27__7/O
                         net (fo=1, unplaced)         0.347     9.014    u_wb/defaultClockArea_cpu/ROBFIFOPlugin_robInfo/ram/rams_1/gen_wr_a.gen_word_narrow.mem_reg_11
                         LUT5 (Prop_lut5_I4_O)        0.105     9.119 r  u_wb/defaultClockArea_cpu/ROBFIFOPlugin_robInfo/ram/rams_1/mem_i_14__9/O
                         net (fo=34, unplaced)        0.655     9.774    u_wb/defaultClockArea_cpu/ROBFIFOPlugin_robInfo/ram/addrb[0]
                         LUT3 (Prop_lut3_I0_O)        0.105     9.879 r  u_wb/defaultClockArea_cpu/ROBFIFOPlugin_robInfo/ram/mem_i_21__12/O
                         net (fo=1, unplaced)         0.000     9.879    u_wb/defaultClockArea_cpu/ROBFIFOPlugin_robInfo/ram/mem_i_21__12_n_0
                         CARRY4 (Prop_carry4_S[0]_CO[3])
                                                      0.423    10.302 r  u_wb/defaultClockArea_cpu/ROBFIFOPlugin_robInfo/ram/mem_i_9__9/CO[3]
                         net (fo=1, unplaced)         0.008    10.310    u_wb/defaultClockArea_cpu/ROBFIFOPlugin_robInfo/ram/mem_i_9__9_n_0
                         CARRY4 (Prop_carry4_CI_CO[3])
                                                      0.100    10.410 r  u_wb/defaultClockArea_cpu/ROBFIFOPlugin_robInfo/ram/mem_i_8__9/CO[3]
                         net (fo=1, unplaced)         0.000    10.410    u_wb/defaultClockArea_cpu/ROBFIFOPlugin_robInfo/ram/mem_i_8__9_n_0
                         CARRY4 (Prop_carry4_CI_O[1])
                                                      0.269    10.679 r  u_wb/defaultClockArea_cpu/ROBFIFOPlugin_robInfo/ram/mem_i_7__9/O[1]
                         net (fo=1, unplaced)         0.646    11.324    u_wb/defaultClockArea_cpu/GlobalPredictorBTBPlugin_predictor/pht/rams_2/mem/xpm_memory_base_inst/addrb[9]
                         RAMB18E1                                     r  u_wb/defaultClockArea_cpu/GlobalPredictorBTBPlugin_predictor/pht/rams_2/mem/xpm_memory_base_inst/gen_wr_a.gen_word_narrow.mem_reg/ADDRBWRADDR[12]
  -------------------------------------------------------------------    -------------------

                         (clock core_clock rise edge)
                                                     10.000    10.000 r  
                                                      0.000    10.000 r  aclk (IN)
                         net (fo=0)                   0.000    10.000    aclk
                         IBUF (Prop_ibuf_I_O)         0.751    10.751 r  aclk_IBUF_inst/O
                         net (fo=1, unplaced)         0.613    11.365    aclk_IBUF
                         BUFG (Prop_bufg_I_O)         0.077    11.442 r  aclk_IBUF_BUFG_inst/O
                         net (fo=17683, unplaced)     0.439    11.881    u_wb/defaultClockArea_cpu/GlobalPredictorBTBPlugin_predictor/pht/rams_2/mem/xpm_memory_base_inst/clka
                         RAMB18E1                                     r  u_wb/defaultClockArea_cpu/GlobalPredictorBTBPlugin_predictor/pht/rams_2/mem/xpm_memory_base_inst/gen_wr_a.gen_word_narrow.mem_reg/CLKBWRCLK
                         clock pessimism              0.167    12.048    
                         clock uncertainty           -0.035    12.012    
                         RAMB18E1 (Setup_ramb18e1_CLKBWRCLK_ADDRBWRADDR[12])
                                                     -0.635    11.377    u_wb/defaultClockArea_cpu/GlobalPredictorBTBPlugin_predictor/pht/rams_2/mem/xpm_memory_base_inst/gen_wr_a.gen_word_narrow.mem_reg
  -------------------------------------------------------------------
                         required time                         11.377    
                         arrival time                         -11.324    
  -------------------------------------------------------------------
                         slack                                  0.053    

Slack (MET) :             0.061ns  (required time - arrival time)
  Source:                 u_wb/defaultClockArea_cpu/IntIssueQueuePlugin_queue_2_payload_rRegs_0_valid_reg/C
                            (rising edge-triggered cell FDRE clocked by core_clock  {rise@0.000ns fall@5.000ns period=10.000ns})
  Destination:            u_wb/defaultClockArea_cpu/IntIssueQueuePlugin_queue_3_payload_rRegs_0_valid_reg/D
                            (rising edge-triggered cell FDRE clocked by core_clock  {rise@0.000ns fall@5.000ns period=10.000ns})
  Path Group:             core_clock
  Path Type:              Setup (Max at Slow Process Corner)
  Requirement:            10.000ns  (core_clock rise@10.000ns - core_clock rise@0.000ns)
  Data Path Delay:        9.788ns  (logic 1.976ns (20.188%)  route 7.812ns (79.812%))
  Logic Levels:           14  (LUT4=1 LUT5=1 LUT6=12)
  Clock Path Skew:        -0.145ns (DCD - SCD + CPR)
    Destination Clock Delay (DCD):    1.881ns = ( 11.881 - 10.000 ) 
    Source Clock Delay      (SCD):    2.193ns
    Clock Pessimism Removal (CPR):    0.167ns
  Clock Uncertainty:      0.035ns  ((TSJ^2 + TIJ^2)^1/2 + DJ) / 2 + PE
    Total System Jitter     (TSJ):    0.071ns
    Total Input Jitter      (TIJ):    0.000ns
    Discrete Jitter          (DJ):    0.000ns
    Phase Error              (PE):    0.000ns

    Location             Delay type                Incr(ns)  Path(ns)    Netlist Resource(s)
  -------------------------------------------------------------------    -------------------
                         (clock core_clock rise edge)
                                                      0.000     0.000 r  
                                                      0.000     0.000 r  aclk (IN)
                         net (fo=0)                   0.000     0.000    aclk
                         IBUF (Prop_ibuf_I_O)         0.882     0.882 r  aclk_IBUF_inst/O
                         net (fo=1, unplaced)         0.646     1.528    aclk_IBUF
                         BUFG (Prop_bufg_I_O)         0.081     1.609 r  aclk_IBUF_BUFG_inst/O
                         net (fo=17683, unplaced)     0.584     2.193    u_wb/defaultClockArea_cpu/aclk_IBUF_BUFG
                         FDRE                                         r  u_wb/defaultClockArea_cpu/IntIssueQueuePlugin_queue_2_payload_rRegs_0_valid_reg/C
  -------------------------------------------------------------------    -------------------
                         FDRE (Prop_fdre_C_Q)         0.379     2.572 r  u_wb/defaultClockArea_cpu/IntIssueQueuePlugin_queue_2_payload_rRegs_0_valid_reg/Q
                         net (fo=4, unplaced)         0.803     3.375    u_wb/defaultClockArea_cpu/IntIssueQueuePlugin_queue_2_payload_rRegs_0_valid_reg_n_0
                         LUT6 (Prop_lut6_I0_O)        0.232     3.607 r  u_wb/defaultClockArea_cpu/INT2_ISS_to_INT2_RRD_ISSUE_SLOT_rRegs_1_payload[5]_i_9/O
                         net (fo=10, unplaced)        0.981     4.588    u_wb/defaultClockArea_cpu/INT2_ISS_to_INT2_RRD_ISSUE_SLOT_rRegs_1_payload[5]_i_9_n_0
                         LUT6 (Prop_lut6_I1_O)        0.105     4.693 r  u_wb/defaultClockArea_cpu/INT2_ISS_to_INT2_RRD_ISSUE_SLOT_uop_doRegWrite_i_6/O
                         net (fo=12, unplaced)        0.395     5.088    u_wb/defaultClockArea_cpu/INT2_ISS_to_INT2_RRD_ISSUE_SLOT_uop_doRegWrite_i_6_n_0
                         LUT6 (Prop_lut6_I0_O)        0.105     5.193 r  u_wb/defaultClockArea_cpu/INT1_ISS_to_INT1_RRD_ISSUE_SLOT_rRegs_1_payload[5]_i_11/O
                         net (fo=9, unplaced)         0.979     6.172    u_wb/defaultClockArea_cpu/INT1_ISS_to_INT1_RRD_ISSUE_SLOT_rRegs_1_payload[5]_i_11_n_0
                         LUT6 (Prop_lut6_I0_O)        0.105     6.277 f  u_wb/defaultClockArea_cpu/INT1_ISS_to_INT1_RRD_ISSUE_SLOT_uop_readTimer64H_i_5/O
                         net (fo=7, unplaced)         0.563     6.840    u_wb/defaultClockArea_cpu/INT1_ISS_to_INT1_RRD_ISSUE_SLOT_uop_readTimer64H_i_5_n_0
                         LUT6 (Prop_lut6_I1_O)        0.105     6.945 r  u_wb/defaultClockArea_cpu/INT0_ISS_to_INT0_RRD_ISSUE_SLOT_uop_predInfo_predictTaken_i_7/O
                         net (fo=3, unplaced)         0.346     7.291    u_wb/defaultClockArea_cpu/INT0_ISS_to_INT0_RRD_ISSUE_SLOT_uop_predInfo_predictTaken_i_7_n_0
                         LUT4 (Prop_lut4_I2_O)        0.105     7.396 r  u_wb/defaultClockArea_cpu/INT0_ISS_to_INT0_RRD_ISSUE_SLOT_uop_predInfo_predictTaken_i_2/O
                         net (fo=93, unplaced)        0.445     7.841    u_wb/defaultClockArea_cpu/_zz_INT0_ISS_IntExecutePlugin_issSlot_rRegs_0_valid_3[2]
                         LUT6 (Prop_lut6_I5_O)        0.105     7.946 r  u_wb/defaultClockArea_cpu/INT0_ISS_to_INT0_RRD_ISSUE_SLOT_wReg[3]_i_3/O
                         net (fo=1, unplaced)         0.347     8.293    u_wb/defaultClockArea_cpu/INT0_ISS_to_INT0_RRD_ISSUE_SLOT_wReg[3]_i_3_n_0
                         LUT6 (Prop_lut6_I5_O)        0.105     8.398 r  u_wb/defaultClockArea_cpu/INT0_ISS_to_INT0_RRD_ISSUE_SLOT_wReg[3]_i_2/O
                         net (fo=1, unplaced)         0.347     8.745    u_wb/defaultClockArea_cpu/INT0_ISS_to_INT0_RRD_ISSUE_SLOT_wReg[3]_i_2_n_0
                         LUT6 (Prop_lut6_I1_O)        0.105     8.850 r  u_wb/defaultClockArea_cpu/INT0_ISS_to_INT0_RRD_ISSUE_SLOT_wReg[3]_i_1/O
                         net (fo=15, unplaced)        0.635     9.485    u_wb/defaultClockArea_cpu/_zz_INT0_ISS_IntExecutePlugin_issSlot_wReg[3]
                         LUT6 (Prop_lut6_I1_O)        0.105     9.590 f  u_wb/defaultClockArea_cpu/IntIssueQueuePlugin_queue_3_payload_rRegs_0_valid_i_23/O
                         net (fo=2, unplaced)         0.358     9.948    u_wb/defaultClockArea_cpu/IntIssueQueuePlugin_queue_3_payload_rRegs_0_valid_i_23_n_0
                         LUT6 (Prop_lut6_I1_O)        0.105    10.053 f  u_wb/defaultClockArea_cpu/IntIssueQueuePlugin_queue_3_payload_rRegs_0_valid_i_13/O
                         net (fo=1, unplaced)         0.938    10.991    u_wb/defaultClockArea_cpu/unsignedDivider_3/IntIssueQueuePlugin_queue_3_payload_rRegs_0_valid_i_2_0
                         LUT6 (Prop_lut6_I2_O)        0.105    11.096 r  u_wb/defaultClockArea_cpu/unsignedDivider_3/IntIssueQueuePlugin_queue_3_payload_rRegs_0_valid_i_7/O
                         net (fo=1, unplaced)         0.347    11.443    u_wb/defaultClockArea_cpu/unsignedDivider_3/IntIssueQueuePlugin_queue_3_payload_rRegs_0_valid_i_7_n_0
                         LUT6 (Prop_lut6_I5_O)        0.105    11.548 f  u_wb/defaultClockArea_cpu/unsignedDivider_3/IntIssueQueuePlugin_queue_3_payload_rRegs_0_valid_i_2/O
                         net (fo=1, unplaced)         0.328    11.876    u_wb/defaultClockArea_cpu/unsignedDivider_3/IntIssueQueuePlugin_queue_3_payload_rRegs_0_valid_i_2_n_0
                         LUT5 (Prop_lut5_I2_O)        0.105    11.981 r  u_wb/defaultClockArea_cpu/unsignedDivider_3/IntIssueQueuePlugin_queue_3_payload_rRegs_0_valid_i_1/O
                         net (fo=1, unplaced)         0.000    11.981    u_wb/defaultClockArea_cpu/unsignedDivider_3_n_143
                         FDRE                                         r  u_wb/defaultClockArea_cpu/IntIssueQueuePlugin_queue_3_payload_rRegs_0_valid_reg/D
  -------------------------------------------------------------------    -------------------

                         (clock core_clock rise edge)
                                                     10.000    10.000 r  
                                                      0.000    10.000 r  aclk (IN)
                         net (fo=0)                   0.000    10.000    aclk
                         IBUF (Prop_ibuf_I_O)         0.751    10.751 r  aclk_IBUF_inst/O
                         net (fo=1, unplaced)         0.613    11.365    aclk_IBUF
                         BUFG (Prop_bufg_I_O)         0.077    11.442 r  aclk_IBUF_BUFG_inst/O
                         net (fo=17683, unplaced)     0.439    11.881    u_wb/defaultClockArea_cpu/aclk_IBUF_BUFG
                         FDRE                                         r  u_wb/defaultClockArea_cpu/IntIssueQueuePlugin_queue_3_payload_rRegs_0_valid_reg/C
                         clock pessimism              0.167    12.048    
                         clock uncertainty           -0.035    12.012    
                         FDRE (Setup_fdre_C_D)        0.029    12.041    u_wb/defaultClockArea_cpu/IntIssueQueuePlugin_queue_3_payload_rRegs_0_valid_reg
  -------------------------------------------------------------------
                         required time                         12.041    
                         arrival time                         -11.981    
  -------------------------------------------------------------------
                         slack                                  0.061    

Slack (MET) :             0.105ns  (required time - arrival time)
  Source:                 u_wb/defaultClockArea_cpu/IF1_to_IF2_TRANSLATE_SAVED_CSR_CRMD_PG_reg/C
                            (rising edge-triggered cell FDRE clocked by core_clock  {rise@0.000ns fall@5.000ns period=10.000ns})
  Destination:            u_wb/defaultClockArea_cpu/GlobalPredictorBTBPlugin_predictor/pht/rams_0/mem/xpm_memory_base_inst/gen_wr_a.gen_word_narrow.mem_reg/ADDRBWRADDR[13]
                            (rising edge-triggered cell RAMB18E1 clocked by core_clock  {rise@0.000ns fall@5.000ns period=10.000ns})
  Path Group:             core_clock
  Path Type:              Setup (Max at Slow Process Corner)
  Requirement:            10.000ns  (core_clock rise@10.000ns - core_clock rise@0.000ns)
  Data Path Delay:        9.077ns  (logic 3.200ns (35.256%)  route 5.877ns (64.744%))
  Logic Levels:           16  (CARRY4=5 LUT2=1 LUT3=5 LUT5=4 LUT6=1)
  Clock Path Skew:        -0.145ns (DCD - SCD + CPR)
    Destination Clock Delay (DCD):    1.881ns = ( 11.881 - 10.000 ) 
    Source Clock Delay      (SCD):    2.193ns
    Clock Pessimism Removal (CPR):    0.167ns
  Clock Uncertainty:      0.035ns  ((TSJ^2 + TIJ^2)^1/2 + DJ) / 2 + PE
    Total System Jitter     (TSJ):    0.071ns
    Total Input Jitter      (TIJ):    0.000ns
    Discrete Jitter          (DJ):    0.000ns
    Phase Error              (PE):    0.000ns

    Location             Delay type                Incr(ns)  Path(ns)    Netlist Resource(s)
  -------------------------------------------------------------------    -------------------
                         (clock core_clock rise edge)
                                                      0.000     0.000 r  
                                                      0.000     0.000 r  aclk (IN)
                         net (fo=0)                   0.000     0.000    aclk
                         IBUF (Prop_ibuf_I_O)         0.882     0.882 r  aclk_IBUF_inst/O
                         net (fo=1, unplaced)         0.646     1.528    aclk_IBUF
                         BUFG (Prop_bufg_I_O)         0.081     1.609 r  aclk_IBUF_BUFG_inst/O
                         net (fo=17683, unplaced)     0.584     2.193    u_wb/defaultClockArea_cpu/aclk_IBUF_BUFG
                         FDRE                                         r  u_wb/defaultClockArea_cpu/IF1_to_IF2_TRANSLATE_SAVED_CSR_CRMD_PG_reg/C
  -------------------------------------------------------------------    -------------------
                         FDRE (Prop_fdre_C_Q)         0.379     2.572 r  u_wb/defaultClockArea_cpu/IF1_to_IF2_TRANSLATE_SAVED_CSR_CRMD_PG_reg/Q
                         net (fo=30, unplaced)        0.669     3.241    u_wb/defaultClockArea_cpu/ICachePlugin_infoRAM/IF1_to_IF2_TRANSLATE_SAVED_CSR_CRMD_PG
                         LUT5 (Prop_lut5_I2_O)        0.232     3.473 r  u_wb/defaultClockArea_cpu/ICachePlugin_infoRAM/araddr_OBUF[17]_inst_i_2/O
                         net (fo=5, unplaced)         0.610     4.083    u_wb/defaultClockArea_cpu/FetchBufferPlugin_bufferFIFO/defaultClockArea_cpu_io_iBus_ar_payload_addr[5]
                         LUT6 (Prop_lut6_I0_O)        0.105     4.188 r  u_wb/defaultClockArea_cpu/FetchBufferPlugin_bufferFIFO/mem_i_70/O
                         net (fo=1, unplaced)         0.000     4.188    u_wb/defaultClockArea_cpu/FetchBufferPlugin_bufferFIFO/mem_i_70_n_0
                         CARRY4 (Prop_carry4_S[1]_CO[3])
                                                      0.444     4.632 r  u_wb/defaultClockArea_cpu/FetchBufferPlugin_bufferFIFO/mem_i_64/CO[3]
                         net (fo=1, unplaced)         0.008     4.640    u_wb/defaultClockArea_cpu/FetchBufferPlugin_bufferFIFO/mem_i_64_n_0
                         CARRY4 (Prop_carry4_CI_CO[2])
                                                      0.211     4.851 f  u_wb/defaultClockArea_cpu/FetchBufferPlugin_bufferFIFO/mem_i_61/CO[2]
                         net (fo=1, unplaced)         0.349     5.200    u_wb/defaultClockArea_cpu/FetchBufferPlugin_bufferFIFO/IF2_ICachePlugin_hits_00
                         LUT2 (Prop_lut2_I1_O)        0.252     5.452 r  u_wb/defaultClockArea_cpu/FetchBufferPlugin_bufferFIFO/mem_i_53/O
                         net (fo=131, unplaced)       0.453     5.905    u_wb/defaultClockArea_cpu/FetchBufferPlugin_bufferFIFO/IF1_to_IF2_ICACHE_VALIDS_0_reg
                         LUT3 (Prop_lut3_I2_O)        0.105     6.010 f  u_wb/defaultClockArea_cpu/FetchBufferPlugin_bufferFIFO/FSM_onehot_IF2_ICachePlugin_cacheRefillFSM_stateReg[4]_i_5/O
                         net (fo=132, unplaced)       0.454     6.464    u_wb/defaultClockArea_cpu/FetchBufferPlugin_bufferFIFO/FSM_onehot_IF2_ICachePlugin_cacheRefillFSM_stateReg[4]_i_5_n_0
                         LUT5 (Prop_lut5_I1_O)        0.105     6.569 f  u_wb/defaultClockArea_cpu/FetchBufferPlugin_bufferFIFO/IF1_to_IF2_ICACHE_INFO_tags_0[19]_i_1/O
                         net (fo=426, unplaced)       0.483     7.052    u_wb/defaultClockArea_cpu/FetchBufferPlugin_bufferFIFO/FSM_onehot_IF2_ICachePlugin_cacheRefillFSM_stateReg_reg[4][0]
                         LUT3 (Prop_lut3_I2_O)        0.105     7.157 f  u_wb/defaultClockArea_cpu/FetchBufferPlugin_bufferFIFO/ReturnAddressStackPlugin_ras_0[29]_i_3/O
                         net (fo=10, unplaced)        0.390     7.547    u_wb/defaultClockArea_cpu/FetchBufferPlugin_bufferFIFO/when_ReturnAddressStackPlugin_l31
                         LUT3 (Prop_lut3_I2_O)        0.105     7.652 r  u_wb/defaultClockArea_cpu/FetchBufferPlugin_bufferFIFO/dataVec_7_predInfo_predictAddr[31]_i_2/O
                         net (fo=30, unplaced)        0.417     8.069    u_wb/defaultClockArea_cpu/FetchBufferPlugin_bufferFIFO/dataVec_7_predInfo_predictAddr[31]_i_2_n_0
                         LUT5 (Prop_lut5_I1_O)        0.105     8.174 r  u_wb/defaultClockArea_cpu/FetchBufferPlugin_bufferFIFO/dataVec_7_predInfo_predictAddr[4]_i_1/O
                         net (fo=9, unplaced)         0.388     8.562    u_wb/defaultClockArea_cpu/FetchBufferPlugin_bufferFIFO/IF2_GlobalPredictorBTBPlugin_payloadTarget[4]
                         LUT3 (Prop_lut3_I0_O)        0.105     8.667 r  u_wb/defaultClockArea_cpu/FetchBufferPlugin_bufferFIFO/mem_i_27__7/O
                         net (fo=1, unplaced)         0.347     9.014    u_wb/defaultClockArea_cpu/ROBFIFOPlugin_robInfo/ram/rams_1/gen_wr_a.gen_word_narrow.mem_reg_11
                         LUT5 (Prop_lut5_I4_O)        0.105     9.119 r  u_wb/defaultClockArea_cpu/ROBFIFOPlugin_robInfo/ram/rams_1/mem_i_14__9/O
                         net (fo=34, unplaced)        0.655     9.774    u_wb/defaultClockArea_cpu/ROBFIFOPlugin_robInfo/ram/addrb[0]
                         LUT3 (Prop_lut3_I0_O)        0.105     9.879 r  u_wb/defaultClockArea_cpu/ROBFIFOPlugin_robInfo/ram/mem_i_27__12/O
                         net (fo=1, unplaced)         0.000     9.879    u_wb/defaultClockArea_cpu/ROBFIFOPlugin_robInfo/ram/mem_i_27__12_n_0
                         CARRY4 (Prop_carry4_S[0]_CO[3])
                                                      0.423    10.302 r  u_wb/defaultClockArea_cpu/ROBFIFOPlugin_robInfo/ram/mem_i_10__9/CO[3]
                         net (fo=1, unplaced)         0.008    10.310    u_wb/defaultClockArea_cpu/ROBFIFOPlugin_robInfo/ram/mem_i_10__9_n_0
                         CARRY4 (Prop_carry4_CI_CO[3])
                                                      0.100    10.410 r  u_wb/defaultClockArea_cpu/ROBFIFOPlugin_robInfo/ram/mem_i_9__11/CO[3]
                         net (fo=1, unplaced)         0.000    10.410    u_wb/defaultClockArea_cpu/ROBFIFOPlugin_robInfo/ram/mem_i_9__11_n_0
                         CARRY4 (Prop_carry4_CI_O[2])
                                                      0.214    10.624 r  u_wb/defaultClockArea_cpu/ROBFIFOPlugin_robInfo/ram/mem_i_8__11/O[2]
                         net (fo=1, unplaced)         0.646    11.269    u_wb/defaultClockArea_cpu/GlobalPredictorBTBPlugin_predictor/pht/rams_0/mem/xpm_memory_base_inst/addrb[10]
                         RAMB18E1                                     r  u_wb/defaultClockArea_cpu/GlobalPredictorBTBPlugin_predictor/pht/rams_0/mem/xpm_memory_base_inst/gen_wr_a.gen_word_narrow.mem_reg/ADDRBWRADDR[13]
  -------------------------------------------------------------------    -------------------

                         (clock core_clock rise edge)
                                                     10.000    10.000 r  
                                                      0.000    10.000 r  aclk (IN)
                         net (fo=0)                   0.000    10.000    aclk
                         IBUF (Prop_ibuf_I_O)         0.751    10.751 r  aclk_IBUF_inst/O
                         net (fo=1, unplaced)         0.613    11.365    aclk_IBUF
                         BUFG (Prop_bufg_I_O)         0.077    11.442 r  aclk_IBUF_BUFG_inst/O
                         net (fo=17683, unplaced)     0.439    11.881    u_wb/defaultClockArea_cpu/GlobalPredictorBTBPlugin_predictor/pht/rams_0/mem/xpm_memory_base_inst/clka
                         RAMB18E1                                     r  u_wb/defaultClockArea_cpu/GlobalPredictorBTBPlugin_predictor/pht/rams_0/mem/xpm_memory_base_inst/gen_wr_a.gen_word_narrow.mem_reg/CLKBWRCLK
                         clock pessimism              0.167    12.048    
                         clock uncertainty           -0.035    12.012    
                         RAMB18E1 (Setup_ramb18e1_CLKBWRCLK_ADDRBWRADDR[13])
                                                     -0.638    11.374    u_wb/defaultClockArea_cpu/GlobalPredictorBTBPlugin_predictor/pht/rams_0/mem/xpm_memory_base_inst/gen_wr_a.gen_word_narrow.mem_reg
  -------------------------------------------------------------------
                         required time                         11.374    
                         arrival time                         -11.269    
  -------------------------------------------------------------------
                         slack                                  0.105    

Slack (MET) :             0.105ns  (required time - arrival time)
  Source:                 u_wb/defaultClockArea_cpu/IF1_to_IF2_TRANSLATE_SAVED_CSR_CRMD_PG_reg/C
                            (rising edge-triggered cell FDRE clocked by core_clock  {rise@0.000ns fall@5.000ns period=10.000ns})
  Destination:            u_wb/defaultClockArea_cpu/GlobalPredictorBTBPlugin_predictor/pht/rams_2/mem/xpm_memory_base_inst/gen_wr_a.gen_word_narrow.mem_reg/ADDRBWRADDR[13]
                            (rising edge-triggered cell RAMB18E1 clocked by core_clock  {rise@0.000ns fall@5.000ns period=10.000ns})
  Path Group:             core_clock
  Path Type:              Setup (Max at Slow Process Corner)
  Requirement:            10.000ns  (core_clock rise@10.000ns - core_clock rise@0.000ns)
  Data Path Delay:        9.077ns  (logic 3.200ns (35.256%)  route 5.877ns (64.744%))
  Logic Levels:           16  (CARRY4=5 LUT2=1 LUT3=5 LUT5=4 LUT6=1)
  Clock Path Skew:        -0.145ns (DCD - SCD + CPR)
    Destination Clock Delay (DCD):    1.881ns = ( 11.881 - 10.000 ) 
    Source Clock Delay      (SCD):    2.193ns
    Clock Pessimism Removal (CPR):    0.167ns
  Clock Uncertainty:      0.035ns  ((TSJ^2 + TIJ^2)^1/2 + DJ) / 2 + PE
    Total System Jitter     (TSJ):    0.071ns
    Total Input Jitter      (TIJ):    0.000ns
    Discrete Jitter          (DJ):    0.000ns
    Phase Error              (PE):    0.000ns

    Location             Delay type                Incr(ns)  Path(ns)    Netlist Resource(s)
  -------------------------------------------------------------------    -------------------
                         (clock core_clock rise edge)
                                                      0.000     0.000 r  
                                                      0.000     0.000 r  aclk (IN)
                         net (fo=0)                   0.000     0.000    aclk
                         IBUF (Prop_ibuf_I_O)         0.882     0.882 r  aclk_IBUF_inst/O
                         net (fo=1, unplaced)         0.646     1.528    aclk_IBUF
                         BUFG (Prop_bufg_I_O)         0.081     1.609 r  aclk_IBUF_BUFG_inst/O
                         net (fo=17683, unplaced)     0.584     2.193    u_wb/defaultClockArea_cpu/aclk_IBUF_BUFG
                         FDRE                                         r  u_wb/defaultClockArea_cpu/IF1_to_IF2_TRANSLATE_SAVED_CSR_CRMD_PG_reg/C
  -------------------------------------------------------------------    -------------------
                         FDRE (Prop_fdre_C_Q)         0.379     2.572 r  u_wb/defaultClockArea_cpu/IF1_to_IF2_TRANSLATE_SAVED_CSR_CRMD_PG_reg/Q
                         net (fo=30, unplaced)        0.669     3.241    u_wb/defaultClockArea_cpu/ICachePlugin_infoRAM/IF1_to_IF2_TRANSLATE_SAVED_CSR_CRMD_PG
                         LUT5 (Prop_lut5_I2_O)        0.232     3.473 r  u_wb/defaultClockArea_cpu/ICachePlugin_infoRAM/araddr_OBUF[17]_inst_i_2/O
                         net (fo=5, unplaced)         0.610     4.083    u_wb/defaultClockArea_cpu/FetchBufferPlugin_bufferFIFO/defaultClockArea_cpu_io_iBus_ar_payload_addr[5]
                         LUT6 (Prop_lut6_I0_O)        0.105     4.188 r  u_wb/defaultClockArea_cpu/FetchBufferPlugin_bufferFIFO/mem_i_70/O
                         net (fo=1, unplaced)         0.000     4.188    u_wb/defaultClockArea_cpu/FetchBufferPlugin_bufferFIFO/mem_i_70_n_0
                         CARRY4 (Prop_carry4_S[1]_CO[3])
                                                      0.444     4.632 r  u_wb/defaultClockArea_cpu/FetchBufferPlugin_bufferFIFO/mem_i_64/CO[3]
                         net (fo=1, unplaced)         0.008     4.640    u_wb/defaultClockArea_cpu/FetchBufferPlugin_bufferFIFO/mem_i_64_n_0
                         CARRY4 (Prop_carry4_CI_CO[2])
                                                      0.211     4.851 f  u_wb/defaultClockArea_cpu/FetchBufferPlugin_bufferFIFO/mem_i_61/CO[2]
                         net (fo=1, unplaced)         0.349     5.200    u_wb/defaultClockArea_cpu/FetchBufferPlugin_bufferFIFO/IF2_ICachePlugin_hits_00
                         LUT2 (Prop_lut2_I1_O)        0.252     5.452 r  u_wb/defaultClockArea_cpu/FetchBufferPlugin_bufferFIFO/mem_i_53/O
                         net (fo=131, unplaced)       0.453     5.905    u_wb/defaultClockArea_cpu/FetchBufferPlugin_bufferFIFO/IF1_to_IF2_ICACHE_VALIDS_0_reg
                         LUT3 (Prop_lut3_I2_O)        0.105     6.010 f  u_wb/defaultClockArea_cpu/FetchBufferPlugin_bufferFIFO/FSM_onehot_IF2_ICachePlugin_cacheRefillFSM_stateReg[4]_i_5/O
                         net (fo=132, unplaced)       0.454     6.464    u_wb/defaultClockArea_cpu/FetchBufferPlugin_bufferFIFO/FSM_onehot_IF2_ICachePlugin_cacheRefillFSM_stateReg[4]_i_5_n_0
                         LUT5 (Prop_lut5_I1_O)        0.105     6.569 f  u_wb/defaultClockArea_cpu/FetchBufferPlugin_bufferFIFO/IF1_to_IF2_ICACHE_INFO_tags_0[19]_i_1/O
                         net (fo=426, unplaced)       0.483     7.052    u_wb/defaultClockArea_cpu/FetchBufferPlugin_bufferFIFO/FSM_onehot_IF2_ICachePlugin_cacheRefillFSM_stateReg_reg[4][0]
                         LUT3 (Prop_lut3_I2_O)        0.105     7.157 f  u_wb/defaultClockArea_cpu/FetchBufferPlugin_bufferFIFO/ReturnAddressStackPlugin_ras_0[29]_i_3/O
                         net (fo=10, unplaced)        0.390     7.547    u_wb/defaultClockArea_cpu/FetchBufferPlugin_bufferFIFO/when_ReturnAddressStackPlugin_l31
                         LUT3 (Prop_lut3_I2_O)        0.105     7.652 r  u_wb/defaultClockArea_cpu/FetchBufferPlugin_bufferFIFO/dataVec_7_predInfo_predictAddr[31]_i_2/O
                         net (fo=30, unplaced)        0.417     8.069    u_wb/defaultClockArea_cpu/FetchBufferPlugin_bufferFIFO/dataVec_7_predInfo_predictAddr[31]_i_2_n_0
                         LUT5 (Prop_lut5_I1_O)        0.105     8.174 r  u_wb/defaultClockArea_cpu/FetchBufferPlugin_bufferFIFO/dataVec_7_predInfo_predictAddr[4]_i_1/O
                         net (fo=9, unplaced)         0.388     8.562    u_wb/defaultClockArea_cpu/FetchBufferPlugin_bufferFIFO/IF2_GlobalPredictorBTBPlugin_payloadTarget[4]
                         LUT3 (Prop_lut3_I0_O)        0.105     8.667 r  u_wb/defaultClockArea_cpu/FetchBufferPlugin_bufferFIFO/mem_i_27__7/O
                         net (fo=1, unplaced)         0.347     9.014    u_wb/defaultClockArea_cpu/ROBFIFOPlugin_robInfo/ram/rams_1/gen_wr_a.gen_word_narrow.mem_reg_11
                         LUT5 (Prop_lut5_I4_O)        0.105     9.119 r  u_wb/defaultClockArea_cpu/ROBFIFOPlugin_robInfo/ram/rams_1/mem_i_14__9/O
                         net (fo=34, unplaced)        0.655     9.774    u_wb/defaultClockArea_cpu/ROBFIFOPlugin_robInfo/ram/addrb[0]
                         LUT3 (Prop_lut3_I0_O)        0.105     9.879 r  u_wb/defaultClockArea_cpu/ROBFIFOPlugin_robInfo/ram/mem_i_21__12/O
                         net (fo=1, unplaced)         0.000     9.879    u_wb/defaultClockArea_cpu/ROBFIFOPlugin_robInfo/ram/mem_i_21__12_n_0
                         CARRY4 (Prop_carry4_S[0]_CO[3])
                                                      0.423    10.302 r  u_wb/defaultClockArea_cpu/ROBFIFOPlugin_robInfo/ram/mem_i_9__9/CO[3]
                         net (fo=1, unplaced)         0.008    10.310    u_wb/defaultClockArea_cpu/ROBFIFOPlugin_robInfo/ram/mem_i_9__9_n_0
                         CARRY4 (Prop_carry4_CI_CO[3])
                                                      0.100    10.410 r  u_wb/defaultClockArea_cpu/ROBFIFOPlugin_robInfo/ram/mem_i_8__9/CO[3]
                         net (fo=1, unplaced)         0.000    10.410    u_wb/defaultClockArea_cpu/ROBFIFOPlugin_robInfo/ram/mem_i_8__9_n_0
                         CARRY4 (Prop_carry4_CI_O[2])
                                                      0.214    10.624 r  u_wb/defaultClockArea_cpu/ROBFIFOPlugin_robInfo/ram/mem_i_7__9/O[2]
                         net (fo=1, unplaced)         0.646    11.269    u_wb/defaultClockArea_cpu/GlobalPredictorBTBPlugin_predictor/pht/rams_2/mem/xpm_memory_base_inst/addrb[10]
                         RAMB18E1                                     r  u_wb/defaultClockArea_cpu/GlobalPredictorBTBPlugin_predictor/pht/rams_2/mem/xpm_memory_base_inst/gen_wr_a.gen_word_narrow.mem_reg/ADDRBWRADDR[13]
  -------------------------------------------------------------------    -------------------

                         (clock core_clock rise edge)
                                                     10.000    10.000 r  
                                                      0.000    10.000 r  aclk (IN)
                         net (fo=0)                   0.000    10.000    aclk
                         IBUF (Prop_ibuf_I_O)         0.751    10.751 r  aclk_IBUF_inst/O
                         net (fo=1, unplaced)         0.613    11.365    aclk_IBUF
                         BUFG (Prop_bufg_I_O)         0.077    11.442 r  aclk_IBUF_BUFG_inst/O
                         net (fo=17683, unplaced)     0.439    11.881    u_wb/defaultClockArea_cpu/GlobalPredictorBTBPlugin_predictor/pht/rams_2/mem/xpm_memory_base_inst/clka
                         RAMB18E1                                     r  u_wb/defaultClockArea_cpu/GlobalPredictorBTBPlugin_predictor/pht/rams_2/mem/xpm_memory_base_inst/gen_wr_a.gen_word_narrow.mem_reg/CLKBWRCLK
                         clock pessimism              0.167    12.048    
                         clock uncertainty           -0.035    12.012    
                         RAMB18E1 (Setup_ramb18e1_CLKBWRCLK_ADDRBWRADDR[13])
                                                     -0.638    11.374    u_wb/defaultClockArea_cpu/GlobalPredictorBTBPlugin_predictor/pht/rams_2/mem/xpm_memory_base_inst/gen_wr_a.gen_word_narrow.mem_reg
  -------------------------------------------------------------------
                         required time                         11.374    
                         arrival time                         -11.269    
  -------------------------------------------------------------------
                         slack                                  0.105    

Slack (MET) :             0.134ns  (required time - arrival time)
  Source:                 u_wb/defaultClockArea_cpu/IF1_to_IF2_TRANSLATE_SAVED_CSR_CRMD_PG_reg/C
                            (rising edge-triggered cell FDRE clocked by core_clock  {rise@0.000ns fall@5.000ns period=10.000ns})
  Destination:            u_wb/defaultClockArea_cpu/GlobalPredictorBTBPlugin_predictor/pht/rams_0/mem/xpm_memory_base_inst/gen_wr_a.gen_word_narrow.mem_reg/ADDRBWRADDR[11]
                            (rising edge-triggered cell RAMB18E1 clocked by core_clock  {rise@0.000ns fall@5.000ns period=10.000ns})
  Path Group:             core_clock
  Path Type:              Setup (Max at Slow Process Corner)
  Requirement:            10.000ns  (core_clock rise@10.000ns - core_clock rise@0.000ns)
  Data Path Delay:        9.052ns  (logic 3.175ns (35.077%)  route 5.877ns (64.923%))
  Logic Levels:           16  (CARRY4=5 LUT2=1 LUT3=5 LUT5=4 LUT6=1)
  Clock Path Skew:        -0.145ns (DCD - SCD + CPR)
    Destination Clock Delay (DCD):    1.881ns = ( 11.881 - 10.000 ) 
    Source Clock Delay      (SCD):    2.193ns
    Clock Pessimism Removal (CPR):    0.167ns
  Clock Uncertainty:      0.035ns  ((TSJ^2 + TIJ^2)^1/2 + DJ) / 2 + PE
    Total System Jitter     (TSJ):    0.071ns
    Total Input Jitter      (TIJ):    0.000ns
    Discrete Jitter          (DJ):    0.000ns
    Phase Error              (PE):    0.000ns

    Location             Delay type                Incr(ns)  Path(ns)    Netlist Resource(s)
  -------------------------------------------------------------------    -------------------
                         (clock core_clock rise edge)
                                                      0.000     0.000 r  
                                                      0.000     0.000 r  aclk (IN)
                         net (fo=0)                   0.000     0.000    aclk
                         IBUF (Prop_ibuf_I_O)         0.882     0.882 r  aclk_IBUF_inst/O
                         net (fo=1, unplaced)         0.646     1.528    aclk_IBUF
                         BUFG (Prop_bufg_I_O)         0.081     1.609 r  aclk_IBUF_BUFG_inst/O
                         net (fo=17683, unplaced)     0.584     2.193    u_wb/defaultClockArea_cpu/aclk_IBUF_BUFG
                         FDRE                                         r  u_wb/defaultClockArea_cpu/IF1_to_IF2_TRANSLATE_SAVED_CSR_CRMD_PG_reg/C
  -------------------------------------------------------------------    -------------------
                         FDRE (Prop_fdre_C_Q)         0.379     2.572 r  u_wb/defaultClockArea_cpu/IF1_to_IF2_TRANSLATE_SAVED_CSR_CRMD_PG_reg/Q
                         net (fo=30, unplaced)        0.669     3.241    u_wb/defaultClockArea_cpu/ICachePlugin_infoRAM/IF1_to_IF2_TRANSLATE_SAVED_CSR_CRMD_PG
                         LUT5 (Prop_lut5_I2_O)        0.232     3.473 r  u_wb/defaultClockArea_cpu/ICachePlugin_infoRAM/araddr_OBUF[17]_inst_i_2/O
                         net (fo=5, unplaced)         0.610     4.083    u_wb/defaultClockArea_cpu/FetchBufferPlugin_bufferFIFO/defaultClockArea_cpu_io_iBus_ar_payload_addr[5]
                         LUT6 (Prop_lut6_I0_O)        0.105     4.188 r  u_wb/defaultClockArea_cpu/FetchBufferPlugin_bufferFIFO/mem_i_70/O
                         net (fo=1, unplaced)         0.000     4.188    u_wb/defaultClockArea_cpu/FetchBufferPlugin_bufferFIFO/mem_i_70_n_0
                         CARRY4 (Prop_carry4_S[1]_CO[3])
                                                      0.444     4.632 r  u_wb/defaultClockArea_cpu/FetchBufferPlugin_bufferFIFO/mem_i_64/CO[3]
                         net (fo=1, unplaced)         0.008     4.640    u_wb/defaultClockArea_cpu/FetchBufferPlugin_bufferFIFO/mem_i_64_n_0
                         CARRY4 (Prop_carry4_CI_CO[2])
                                                      0.211     4.851 f  u_wb/defaultClockArea_cpu/FetchBufferPlugin_bufferFIFO/mem_i_61/CO[2]
                         net (fo=1, unplaced)         0.349     5.200    u_wb/defaultClockArea_cpu/FetchBufferPlugin_bufferFIFO/IF2_ICachePlugin_hits_00
                         LUT2 (Prop_lut2_I1_O)        0.252     5.452 r  u_wb/defaultClockArea_cpu/FetchBufferPlugin_bufferFIFO/mem_i_53/O
                         net (fo=131, unplaced)       0.453     5.905    u_wb/defaultClockArea_cpu/FetchBufferPlugin_bufferFIFO/IF1_to_IF2_ICACHE_VALIDS_0_reg
                         LUT3 (Prop_lut3_I2_O)        0.105     6.010 f  u_wb/defaultClockArea_cpu/FetchBufferPlugin_bufferFIFO/FSM_onehot_IF2_ICachePlugin_cacheRefillFSM_stateReg[4]_i_5/O
                         net (fo=132, unplaced)       0.454     6.464    u_wb/defaultClockArea_cpu/FetchBufferPlugin_bufferFIFO/FSM_onehot_IF2_ICachePlugin_cacheRefillFSM_stateReg[4]_i_5_n_0
                         LUT5 (Prop_lut5_I1_O)        0.105     6.569 f  u_wb/defaultClockArea_cpu/FetchBufferPlugin_bufferFIFO/IF1_to_IF2_ICACHE_INFO_tags_0[19]_i_1/O
                         net (fo=426, unplaced)       0.483     7.052    u_wb/defaultClockArea_cpu/FetchBufferPlugin_bufferFIFO/FSM_onehot_IF2_ICachePlugin_cacheRefillFSM_stateReg_reg[4][0]
                         LUT3 (Prop_lut3_I2_O)        0.105     7.157 f  u_wb/defaultClockArea_cpu/FetchBufferPlugin_bufferFIFO/ReturnAddressStackPlugin_ras_0[29]_i_3/O
                         net (fo=10, unplaced)        0.390     7.547    u_wb/defaultClockArea_cpu/FetchBufferPlugin_bufferFIFO/when_ReturnAddressStackPlugin_l31
                         LUT3 (Prop_lut3_I2_O)        0.105     7.652 r  u_wb/defaultClockArea_cpu/FetchBufferPlugin_bufferFIFO/dataVec_7_predInfo_predictAddr[31]_i_2/O
                         net (fo=30, unplaced)        0.417     8.069    u_wb/defaultClockArea_cpu/FetchBufferPlugin_bufferFIFO/dataVec_7_predInfo_predictAddr[31]_i_2_n_0
                         LUT5 (Prop_lut5_I1_O)        0.105     8.174 r  u_wb/defaultClockArea_cpu/FetchBufferPlugin_bufferFIFO/dataVec_7_predInfo_predictAddr[4]_i_1/O
                         net (fo=9, unplaced)         0.388     8.562    u_wb/defaultClockArea_cpu/FetchBufferPlugin_bufferFIFO/IF2_GlobalPredictorBTBPlugin_payloadTarget[4]
                         LUT3 (Prop_lut3_I0_O)        0.105     8.667 r  u_wb/defaultClockArea_cpu/FetchBufferPlugin_bufferFIFO/mem_i_27__7/O
                         net (fo=1, unplaced)         0.347     9.014    u_wb/defaultClockArea_cpu/ROBFIFOPlugin_robInfo/ram/rams_1/gen_wr_a.gen_word_narrow.mem_reg_11
                         LUT5 (Prop_lut5_I4_O)        0.105     9.119 r  u_wb/defaultClockArea_cpu/ROBFIFOPlugin_robInfo/ram/rams_1/mem_i_14__9/O
                         net (fo=34, unplaced)        0.655     9.774    u_wb/defaultClockArea_cpu/ROBFIFOPlugin_robInfo/ram/addrb[0]
                         LUT3 (Prop_lut3_I0_O)        0.105     9.879 r  u_wb/defaultClockArea_cpu/ROBFIFOPlugin_robInfo/ram/mem_i_27__12/O
                         net (fo=1, unplaced)         0.000     9.879    u_wb/defaultClockArea_cpu/ROBFIFOPlugin_robInfo/ram/mem_i_27__12_n_0
                         CARRY4 (Prop_carry4_S[0]_CO[3])
                                                      0.423    10.302 r  u_wb/defaultClockArea_cpu/ROBFIFOPlugin_robInfo/ram/mem_i_10__9/CO[3]
                         net (fo=1, unplaced)         0.008    10.310    u_wb/defaultClockArea_cpu/ROBFIFOPlugin_robInfo/ram/mem_i_10__9_n_0
                         CARRY4 (Prop_carry4_CI_CO[3])
                                                      0.100    10.410 r  u_wb/defaultClockArea_cpu/ROBFIFOPlugin_robInfo/ram/mem_i_9__11/CO[3]
                         net (fo=1, unplaced)         0.000    10.410    u_wb/defaultClockArea_cpu/ROBFIFOPlugin_robInfo/ram/mem_i_9__11_n_0
                         CARRY4 (Prop_carry4_CI_O[0])
                                                      0.189    10.599 r  u_wb/defaultClockArea_cpu/ROBFIFOPlugin_robInfo/ram/mem_i_8__11/O[0]
                         net (fo=1, unplaced)         0.646    11.244    u_wb/defaultClockArea_cpu/GlobalPredictorBTBPlugin_predictor/pht/rams_0/mem/xpm_memory_base_inst/addrb[8]
                         RAMB18E1                                     r  u_wb/defaultClockArea_cpu/GlobalPredictorBTBPlugin_predictor/pht/rams_0/mem/xpm_memory_base_inst/gen_wr_a.gen_word_narrow.mem_reg/ADDRBWRADDR[11]
  -------------------------------------------------------------------    -------------------

                         (clock core_clock rise edge)
                                                     10.000    10.000 r  
                                                      0.000    10.000 r  aclk (IN)
                         net (fo=0)                   0.000    10.000    aclk
                         IBUF (Prop_ibuf_I_O)         0.751    10.751 r  aclk_IBUF_inst/O
                         net (fo=1, unplaced)         0.613    11.365    aclk_IBUF
                         BUFG (Prop_bufg_I_O)         0.077    11.442 r  aclk_IBUF_BUFG_inst/O
                         net (fo=17683, unplaced)     0.439    11.881    u_wb/defaultClockArea_cpu/GlobalPredictorBTBPlugin_predictor/pht/rams_0/mem/xpm_memory_base_inst/clka
                         RAMB18E1                                     r  u_wb/defaultClockArea_cpu/GlobalPredictorBTBPlugin_predictor/pht/rams_0/mem/xpm_memory_base_inst/gen_wr_a.gen_word_narrow.mem_reg/CLKBWRCLK
                         clock pessimism              0.167    12.048    
                         clock uncertainty           -0.035    12.012    
                         RAMB18E1 (Setup_ramb18e1_CLKBWRCLK_ADDRBWRADDR[11])
                                                     -0.634    11.378    u_wb/defaultClockArea_cpu/GlobalPredictorBTBPlugin_predictor/pht/rams_0/mem/xpm_memory_base_inst/gen_wr_a.gen_word_narrow.mem_reg
  -------------------------------------------------------------------
                         required time                         11.378    
                         arrival time                         -11.244    
  -------------------------------------------------------------------
                         slack                                  0.134    

Slack (MET) :             0.134ns  (required time - arrival time)
  Source:                 u_wb/defaultClockArea_cpu/IF1_to_IF2_TRANSLATE_SAVED_CSR_CRMD_PG_reg/C
                            (rising edge-triggered cell FDRE clocked by core_clock  {rise@0.000ns fall@5.000ns period=10.000ns})
  Destination:            u_wb/defaultClockArea_cpu/GlobalPredictorBTBPlugin_predictor/pht/rams_2/mem/xpm_memory_base_inst/gen_wr_a.gen_word_narrow.mem_reg/ADDRBWRADDR[11]
                            (rising edge-triggered cell RAMB18E1 clocked by core_clock  {rise@0.000ns fall@5.000ns period=10.000ns})
  Path Group:             core_clock
  Path Type:              Setup (Max at Slow Process Corner)
  Requirement:            10.000ns  (core_clock rise@10.000ns - core_clock rise@0.000ns)
  Data Path Delay:        9.052ns  (logic 3.175ns (35.077%)  route 5.877ns (64.923%))
  Logic Levels:           16  (CARRY4=5 LUT2=1 LUT3=5 LUT5=4 LUT6=1)
  Clock Path Skew:        -0.145ns (DCD - SCD + CPR)
    Destination Clock Delay (DCD):    1.881ns = ( 11.881 - 10.000 ) 
    Source Clock Delay      (SCD):    2.193ns
    Clock Pessimism Removal (CPR):    0.167ns
  Clock Uncertainty:      0.035ns  ((TSJ^2 + TIJ^2)^1/2 + DJ) / 2 + PE
    Total System Jitter     (TSJ):    0.071ns
    Total Input Jitter      (TIJ):    0.000ns
    Discrete Jitter          (DJ):    0.000ns
    Phase Error              (PE):    0.000ns

    Location             Delay type                Incr(ns)  Path(ns)    Netlist Resource(s)
  -------------------------------------------------------------------    -------------------
                         (clock core_clock rise edge)
                                                      0.000     0.000 r  
                                                      0.000     0.000 r  aclk (IN)
                         net (fo=0)                   0.000     0.000    aclk
                         IBUF (Prop_ibuf_I_O)         0.882     0.882 r  aclk_IBUF_inst/O
                         net (fo=1, unplaced)         0.646     1.528    aclk_IBUF
                         BUFG (Prop_bufg_I_O)         0.081     1.609 r  aclk_IBUF_BUFG_inst/O
                         net (fo=17683, unplaced)     0.584     2.193    u_wb/defaultClockArea_cpu/aclk_IBUF_BUFG
                         FDRE                                         r  u_wb/defaultClockArea_cpu/IF1_to_IF2_TRANSLATE_SAVED_CSR_CRMD_PG_reg/C
  -------------------------------------------------------------------    -------------------
                         FDRE (Prop_fdre_C_Q)         0.379     2.572 r  u_wb/defaultClockArea_cpu/IF1_to_IF2_TRANSLATE_SAVED_CSR_CRMD_PG_reg/Q
                         net (fo=30, unplaced)        0.669     3.241    u_wb/defaultClockArea_cpu/ICachePlugin_infoRAM/IF1_to_IF2_TRANSLATE_SAVED_CSR_CRMD_PG
                         LUT5 (Prop_lut5_I2_O)        0.232     3.473 r  u_wb/defaultClockArea_cpu/ICachePlugin_infoRAM/araddr_OBUF[17]_inst_i_2/O
                         net (fo=5, unplaced)         0.610     4.083    u_wb/defaultClockArea_cpu/FetchBufferPlugin_bufferFIFO/defaultClockArea_cpu_io_iBus_ar_payload_addr[5]
                         LUT6 (Prop_lut6_I0_O)        0.105     4.188 r  u_wb/defaultClockArea_cpu/FetchBufferPlugin_bufferFIFO/mem_i_70/O
                         net (fo=1, unplaced)         0.000     4.188    u_wb/defaultClockArea_cpu/FetchBufferPlugin_bufferFIFO/mem_i_70_n_0
                         CARRY4 (Prop_carry4_S[1]_CO[3])
                                                      0.444     4.632 r  u_wb/defaultClockArea_cpu/FetchBufferPlugin_bufferFIFO/mem_i_64/CO[3]
                         net (fo=1, unplaced)         0.008     4.640    u_wb/defaultClockArea_cpu/FetchBufferPlugin_bufferFIFO/mem_i_64_n_0
                         CARRY4 (Prop_carry4_CI_CO[2])
                                                      0.211     4.851 f  u_wb/defaultClockArea_cpu/FetchBufferPlugin_bufferFIFO/mem_i_61/CO[2]
                         net (fo=1, unplaced)         0.349     5.200    u_wb/defaultClockArea_cpu/FetchBufferPlugin_bufferFIFO/IF2_ICachePlugin_hits_00
                         LUT2 (Prop_lut2_I1_O)        0.252     5.452 r  u_wb/defaultClockArea_cpu/FetchBufferPlugin_bufferFIFO/mem_i_53/O
                         net (fo=131, unplaced)       0.453     5.905    u_wb/defaultClockArea_cpu/FetchBufferPlugin_bufferFIFO/IF1_to_IF2_ICACHE_VALIDS_0_reg
                         LUT3 (Prop_lut3_I2_O)        0.105     6.010 f  u_wb/defaultClockArea_cpu/FetchBufferPlugin_bufferFIFO/FSM_onehot_IF2_ICachePlugin_cacheRefillFSM_stateReg[4]_i_5/O
                         net (fo=132, unplaced)       0.454     6.464    u_wb/defaultClockArea_cpu/FetchBufferPlugin_bufferFIFO/FSM_onehot_IF2_ICachePlugin_cacheRefillFSM_stateReg[4]_i_5_n_0
                         LUT5 (Prop_lut5_I1_O)        0.105     6.569 f  u_wb/defaultClockArea_cpu/FetchBufferPlugin_bufferFIFO/IF1_to_IF2_ICACHE_INFO_tags_0[19]_i_1/O
                         net (fo=426, unplaced)       0.483     7.052    u_wb/defaultClockArea_cpu/FetchBufferPlugin_bufferFIFO/FSM_onehot_IF2_ICachePlugin_cacheRefillFSM_stateReg_reg[4][0]
                         LUT3 (Prop_lut3_I2_O)        0.105     7.157 f  u_wb/defaultClockArea_cpu/FetchBufferPlugin_bufferFIFO/ReturnAddressStackPlugin_ras_0[29]_i_3/O
                         net (fo=10, unplaced)        0.390     7.547    u_wb/defaultClockArea_cpu/FetchBufferPlugin_bufferFIFO/when_ReturnAddressStackPlugin_l31
                         LUT3 (Prop_lut3_I2_O)        0.105     7.652 r  u_wb/defaultClockArea_cpu/FetchBufferPlugin_bufferFIFO/dataVec_7_predInfo_predictAddr[31]_i_2/O
                         net (fo=30, unplaced)        0.417     8.069    u_wb/defaultClockArea_cpu/FetchBufferPlugin_bufferFIFO/dataVec_7_predInfo_predictAddr[31]_i_2_n_0
                         LUT5 (Prop_lut5_I1_O)        0.105     8.174 r  u_wb/defaultClockArea_cpu/FetchBufferPlugin_bufferFIFO/dataVec_7_predInfo_predictAddr[4]_i_1/O
                         net (fo=9, unplaced)         0.388     8.562    u_wb/defaultClockArea_cpu/FetchBufferPlugin_bufferFIFO/IF2_GlobalPredictorBTBPlugin_payloadTarget[4]
                         LUT3 (Prop_lut3_I0_O)        0.105     8.667 r  u_wb/defaultClockArea_cpu/FetchBufferPlugin_bufferFIFO/mem_i_27__7/O
                         net (fo=1, unplaced)         0.347     9.014    u_wb/defaultClockArea_cpu/ROBFIFOPlugin_robInfo/ram/rams_1/gen_wr_a.gen_word_narrow.mem_reg_11
                         LUT5 (Prop_lut5_I4_O)        0.105     9.119 r  u_wb/defaultClockArea_cpu/ROBFIFOPlugin_robInfo/ram/rams_1/mem_i_14__9/O
                         net (fo=34, unplaced)        0.655     9.774    u_wb/defaultClockArea_cpu/ROBFIFOPlugin_robInfo/ram/addrb[0]
                         LUT3 (Prop_lut3_I0_O)        0.105     9.879 r  u_wb/defaultClockArea_cpu/ROBFIFOPlugin_robInfo/ram/mem_i_21__12/O
                         net (fo=1, unplaced)         0.000     9.879    u_wb/defaultClockArea_cpu/ROBFIFOPlugin_robInfo/ram/mem_i_21__12_n_0
                         CARRY4 (Prop_carry4_S[0]_CO[3])
                                                      0.423    10.302 r  u_wb/defaultClockArea_cpu/ROBFIFOPlugin_robInfo/ram/mem_i_9__9/CO[3]
                         net (fo=1, unplaced)         0.008    10.310    u_wb/defaultClockArea_cpu/ROBFIFOPlugin_robInfo/ram/mem_i_9__9_n_0
                         CARRY4 (Prop_carry4_CI_CO[3])
                                                      0.100    10.410 r  u_wb/defaultClockArea_cpu/ROBFIFOPlugin_robInfo/ram/mem_i_8__9/CO[3]
                         net (fo=1, unplaced)         0.000    10.410    u_wb/defaultClockArea_cpu/ROBFIFOPlugin_robInfo/ram/mem_i_8__9_n_0
                         CARRY4 (Prop_carry4_CI_O[0])
                                                      0.189    10.599 r  u_wb/defaultClockArea_cpu/ROBFIFOPlugin_robInfo/ram/mem_i_7__9/O[0]
                         net (fo=1, unplaced)         0.646    11.244    u_wb/defaultClockArea_cpu/GlobalPredictorBTBPlugin_predictor/pht/rams_2/mem/xpm_memory_base_inst/addrb[8]
                         RAMB18E1                                     r  u_wb/defaultClockArea_cpu/GlobalPredictorBTBPlugin_predictor/pht/rams_2/mem/xpm_memory_base_inst/gen_wr_a.gen_word_narrow.mem_reg/ADDRBWRADDR[11]
  -------------------------------------------------------------------    -------------------

                         (clock core_clock rise edge)
                                                     10.000    10.000 r  
                                                      0.000    10.000 r  aclk (IN)
                         net (fo=0)                   0.000    10.000    aclk
                         IBUF (Prop_ibuf_I_O)         0.751    10.751 r  aclk_IBUF_inst/O
                         net (fo=1, unplaced)         0.613    11.365    aclk_IBUF
                         BUFG (Prop_bufg_I_O)         0.077    11.442 r  aclk_IBUF_BUFG_inst/O
                         net (fo=17683, unplaced)     0.439    11.881    u_wb/defaultClockArea_cpu/GlobalPredictorBTBPlugin_predictor/pht/rams_2/mem/xpm_memory_base_inst/clka
                         RAMB18E1                                     r  u_wb/defaultClockArea_cpu/GlobalPredictorBTBPlugin_predictor/pht/rams_2/mem/xpm_memory_base_inst/gen_wr_a.gen_word_narrow.mem_reg/CLKBWRCLK
                         clock pessimism              0.167    12.048    
                         clock uncertainty           -0.035    12.012    
                         RAMB18E1 (Setup_ramb18e1_CLKBWRCLK_ADDRBWRADDR[11])
                                                     -0.634    11.378    u_wb/defaultClockArea_cpu/GlobalPredictorBTBPlugin_predictor/pht/rams_2/mem/xpm_memory_base_inst/gen_wr_a.gen_word_narrow.mem_reg
  -------------------------------------------------------------------
                         required time                         11.378    
                         arrival time                         -11.244    
  -------------------------------------------------------------------
                         slack                                  0.134    

Slack (MET) :             0.138ns  (required time - arrival time)
  Source:                 u_wb/defaultClockArea_cpu/IF1_to_IF2_TRANSLATE_SAVED_CSR_CRMD_PG_reg/C
                            (rising edge-triggered cell FDRE clocked by core_clock  {rise@0.000ns fall@5.000ns period=10.000ns})
  Destination:            u_wb/defaultClockArea_cpu/GlobalPredictorBTBPlugin_predictor/pht/rams_0/mem/xpm_memory_base_inst/gen_wr_a.gen_word_narrow.mem_reg/ADDRBWRADDR[10]
                            (rising edge-triggered cell RAMB18E1 clocked by core_clock  {rise@0.000ns fall@5.000ns period=10.000ns})
  Path Group:             core_clock
  Path Type:              Setup (Max at Slow Process Corner)
  Requirement:            10.000ns  (core_clock rise@10.000ns - core_clock rise@0.000ns)
  Data Path Delay:        9.040ns  (logic 3.163ns (34.991%)  route 5.877ns (65.009%))
  Logic Levels:           15  (CARRY4=4 LUT2=1 LUT3=5 LUT5=4 LUT6=1)
  Clock Path Skew:        -0.145ns (DCD - SCD + CPR)
    Destination Clock Delay (DCD):    1.881ns = ( 11.881 - 10.000 ) 
    Source Clock Delay      (SCD):    2.193ns
    Clock Pessimism Removal (CPR):    0.167ns
  Clock Uncertainty:      0.035ns  ((TSJ^2 + TIJ^2)^1/2 + DJ) / 2 + PE
    Total System Jitter     (TSJ):    0.071ns
    Total Input Jitter      (TIJ):    0.000ns
    Discrete Jitter          (DJ):    0.000ns
    Phase Error              (PE):    0.000ns

    Location             Delay type                Incr(ns)  Path(ns)    Netlist Resource(s)
  -------------------------------------------------------------------    -------------------
                         (clock core_clock rise edge)
                                                      0.000     0.000 r  
                                                      0.000     0.000 r  aclk (IN)
                         net (fo=0)                   0.000     0.000    aclk
                         IBUF (Prop_ibuf_I_O)         0.882     0.882 r  aclk_IBUF_inst/O
                         net (fo=1, unplaced)         0.646     1.528    aclk_IBUF
                         BUFG (Prop_bufg_I_O)         0.081     1.609 r  aclk_IBUF_BUFG_inst/O
                         net (fo=17683, unplaced)     0.584     2.193    u_wb/defaultClockArea_cpu/aclk_IBUF_BUFG
                         FDRE                                         r  u_wb/defaultClockArea_cpu/IF1_to_IF2_TRANSLATE_SAVED_CSR_CRMD_PG_reg/C
  -------------------------------------------------------------------    -------------------
                         FDRE (Prop_fdre_C_Q)         0.379     2.572 r  u_wb/defaultClockArea_cpu/IF1_to_IF2_TRANSLATE_SAVED_CSR_CRMD_PG_reg/Q
                         net (fo=30, unplaced)        0.669     3.241    u_wb/defaultClockArea_cpu/ICachePlugin_infoRAM/IF1_to_IF2_TRANSLATE_SAVED_CSR_CRMD_PG
                         LUT5 (Prop_lut5_I2_O)        0.232     3.473 r  u_wb/defaultClockArea_cpu/ICachePlugin_infoRAM/araddr_OBUF[17]_inst_i_2/O
                         net (fo=5, unplaced)         0.610     4.083    u_wb/defaultClockArea_cpu/FetchBufferPlugin_bufferFIFO/defaultClockArea_cpu_io_iBus_ar_payload_addr[5]
                         LUT6 (Prop_lut6_I0_O)        0.105     4.188 r  u_wb/defaultClockArea_cpu/FetchBufferPlugin_bufferFIFO/mem_i_70/O
                         net (fo=1, unplaced)         0.000     4.188    u_wb/defaultClockArea_cpu/FetchBufferPlugin_bufferFIFO/mem_i_70_n_0
                         CARRY4 (Prop_carry4_S[1]_CO[3])
                                                      0.444     4.632 r  u_wb/defaultClockArea_cpu/FetchBufferPlugin_bufferFIFO/mem_i_64/CO[3]
                         net (fo=1, unplaced)         0.008     4.640    u_wb/defaultClockArea_cpu/FetchBufferPlugin_bufferFIFO/mem_i_64_n_0
                         CARRY4 (Prop_carry4_CI_CO[2])
                                                      0.211     4.851 f  u_wb/defaultClockArea_cpu/FetchBufferPlugin_bufferFIFO/mem_i_61/CO[2]
                         net (fo=1, unplaced)         0.349     5.200    u_wb/defaultClockArea_cpu/FetchBufferPlugin_bufferFIFO/IF2_ICachePlugin_hits_00
                         LUT2 (Prop_lut2_I1_O)        0.252     5.452 r  u_wb/defaultClockArea_cpu/FetchBufferPlugin_bufferFIFO/mem_i_53/O
                         net (fo=131, unplaced)       0.453     5.905    u_wb/defaultClockArea_cpu/FetchBufferPlugin_bufferFIFO/IF1_to_IF2_ICACHE_VALIDS_0_reg
                         LUT3 (Prop_lut3_I2_O)        0.105     6.010 f  u_wb/defaultClockArea_cpu/FetchBufferPlugin_bufferFIFO/FSM_onehot_IF2_ICachePlugin_cacheRefillFSM_stateReg[4]_i_5/O
                         net (fo=132, unplaced)       0.454     6.464    u_wb/defaultClockArea_cpu/FetchBufferPlugin_bufferFIFO/FSM_onehot_IF2_ICachePlugin_cacheRefillFSM_stateReg[4]_i_5_n_0
                         LUT5 (Prop_lut5_I1_O)        0.105     6.569 f  u_wb/defaultClockArea_cpu/FetchBufferPlugin_bufferFIFO/IF1_to_IF2_ICACHE_INFO_tags_0[19]_i_1/O
                         net (fo=426, unplaced)       0.483     7.052    u_wb/defaultClockArea_cpu/FetchBufferPlugin_bufferFIFO/FSM_onehot_IF2_ICachePlugin_cacheRefillFSM_stateReg_reg[4][0]
                         LUT3 (Prop_lut3_I2_O)        0.105     7.157 f  u_wb/defaultClockArea_cpu/FetchBufferPlugin_bufferFIFO/ReturnAddressStackPlugin_ras_0[29]_i_3/O
                         net (fo=10, unplaced)        0.390     7.547    u_wb/defaultClockArea_cpu/FetchBufferPlugin_bufferFIFO/when_ReturnAddressStackPlugin_l31
                         LUT3 (Prop_lut3_I2_O)        0.105     7.652 r  u_wb/defaultClockArea_cpu/FetchBufferPlugin_bufferFIFO/dataVec_7_predInfo_predictAddr[31]_i_2/O
                         net (fo=30, unplaced)        0.417     8.069    u_wb/defaultClockArea_cpu/FetchBufferPlugin_bufferFIFO/dataVec_7_predInfo_predictAddr[31]_i_2_n_0
                         LUT5 (Prop_lut5_I1_O)        0.105     8.174 r  u_wb/defaultClockArea_cpu/FetchBufferPlugin_bufferFIFO/dataVec_7_predInfo_predictAddr[4]_i_1/O
                         net (fo=9, unplaced)         0.388     8.562    u_wb/defaultClockArea_cpu/FetchBufferPlugin_bufferFIFO/IF2_GlobalPredictorBTBPlugin_payloadTarget[4]
                         LUT3 (Prop_lut3_I0_O)        0.105     8.667 r  u_wb/defaultClockArea_cpu/FetchBufferPlugin_bufferFIFO/mem_i_27__7/O
                         net (fo=1, unplaced)         0.347     9.014    u_wb/defaultClockArea_cpu/ROBFIFOPlugin_robInfo/ram/rams_1/gen_wr_a.gen_word_narrow.mem_reg_11
                         LUT5 (Prop_lut5_I4_O)        0.105     9.119 r  u_wb/defaultClockArea_cpu/ROBFIFOPlugin_robInfo/ram/rams_1/mem_i_14__9/O
                         net (fo=34, unplaced)        0.655     9.774    u_wb/defaultClockArea_cpu/ROBFIFOPlugin_robInfo/ram/addrb[0]
                         LUT3 (Prop_lut3_I0_O)        0.105     9.879 r  u_wb/defaultClockArea_cpu/ROBFIFOPlugin_robInfo/ram/mem_i_27__12/O
                         net (fo=1, unplaced)         0.000     9.879    u_wb/defaultClockArea_cpu/ROBFIFOPlugin_robInfo/ram/mem_i_27__12_n_0
                         CARRY4 (Prop_carry4_S[0]_CO[3])
                                                      0.423    10.302 r  u_wb/defaultClockArea_cpu/ROBFIFOPlugin_robInfo/ram/mem_i_10__9/CO[3]
                         net (fo=1, unplaced)         0.008    10.310    u_wb/defaultClockArea_cpu/ROBFIFOPlugin_robInfo/ram/mem_i_10__9_n_0
                         CARRY4 (Prop_carry4_CI_O[3])
                                                      0.277    10.587 r  u_wb/defaultClockArea_cpu/ROBFIFOPlugin_robInfo/ram/mem_i_9__11/O[3]
                         net (fo=1, unplaced)         0.646    11.232    u_wb/defaultClockArea_cpu/GlobalPredictorBTBPlugin_predictor/pht/rams_0/mem/xpm_memory_base_inst/addrb[7]
                         RAMB18E1                                     r  u_wb/defaultClockArea_cpu/GlobalPredictorBTBPlugin_predictor/pht/rams_0/mem/xpm_memory_base_inst/gen_wr_a.gen_word_narrow.mem_reg/ADDRBWRADDR[10]
  -------------------------------------------------------------------    -------------------

                         (clock core_clock rise edge)
                                                     10.000    10.000 r  
                                                      0.000    10.000 r  aclk (IN)
                         net (fo=0)                   0.000    10.000    aclk
                         IBUF (Prop_ibuf_I_O)         0.751    10.751 r  aclk_IBUF_inst/O
                         net (fo=1, unplaced)         0.613    11.365    aclk_IBUF
                         BUFG (Prop_bufg_I_O)         0.077    11.442 r  aclk_IBUF_BUFG_inst/O
                         net (fo=17683, unplaced)     0.439    11.881    u_wb/defaultClockArea_cpu/GlobalPredictorBTBPlugin_predictor/pht/rams_0/mem/xpm_memory_base_inst/clka
                         RAMB18E1                                     r  u_wb/defaultClockArea_cpu/GlobalPredictorBTBPlugin_predictor/pht/rams_0/mem/xpm_memory_base_inst/gen_wr_a.gen_word_narrow.mem_reg/CLKBWRCLK
                         clock pessimism              0.167    12.048    
                         clock uncertainty           -0.035    12.012    
                         RAMB18E1 (Setup_ramb18e1_CLKBWRCLK_ADDRBWRADDR[10])
                                                     -0.642    11.370    u_wb/defaultClockArea_cpu/GlobalPredictorBTBPlugin_predictor/pht/rams_0/mem/xpm_memory_base_inst/gen_wr_a.gen_word_narrow.mem_reg
  -------------------------------------------------------------------
                         required time                         11.370    
                         arrival time                         -11.232    
  -------------------------------------------------------------------
                         slack                                  0.138    

Slack (MET) :             0.138ns  (required time - arrival time)
  Source:                 u_wb/defaultClockArea_cpu/IF1_to_IF2_TRANSLATE_SAVED_CSR_CRMD_PG_reg/C
                            (rising edge-triggered cell FDRE clocked by core_clock  {rise@0.000ns fall@5.000ns period=10.000ns})
  Destination:            u_wb/defaultClockArea_cpu/GlobalPredictorBTBPlugin_predictor/pht/rams_2/mem/xpm_memory_base_inst/gen_wr_a.gen_word_narrow.mem_reg/ADDRBWRADDR[10]
                            (rising edge-triggered cell RAMB18E1 clocked by core_clock  {rise@0.000ns fall@5.000ns period=10.000ns})
  Path Group:             core_clock
  Path Type:              Setup (Max at Slow Process Corner)
  Requirement:            10.000ns  (core_clock rise@10.000ns - core_clock rise@0.000ns)
  Data Path Delay:        9.040ns  (logic 3.163ns (34.991%)  route 5.877ns (65.009%))
  Logic Levels:           15  (CARRY4=4 LUT2=1 LUT3=5 LUT5=4 LUT6=1)
  Clock Path Skew:        -0.145ns (DCD - SCD + CPR)
    Destination Clock Delay (DCD):    1.881ns = ( 11.881 - 10.000 ) 
    Source Clock Delay      (SCD):    2.193ns
    Clock Pessimism Removal (CPR):    0.167ns
  Clock Uncertainty:      0.035ns  ((TSJ^2 + TIJ^2)^1/2 + DJ) / 2 + PE
    Total System Jitter     (TSJ):    0.071ns
    Total Input Jitter      (TIJ):    0.000ns
    Discrete Jitter          (DJ):    0.000ns
    Phase Error              (PE):    0.000ns

    Location             Delay type                Incr(ns)  Path(ns)    Netlist Resource(s)
  -------------------------------------------------------------------    -------------------
                         (clock core_clock rise edge)
                                                      0.000     0.000 r  
                                                      0.000     0.000 r  aclk (IN)
                         net (fo=0)                   0.000     0.000    aclk
                         IBUF (Prop_ibuf_I_O)         0.882     0.882 r  aclk_IBUF_inst/O
                         net (fo=1, unplaced)         0.646     1.528    aclk_IBUF
                         BUFG (Prop_bufg_I_O)         0.081     1.609 r  aclk_IBUF_BUFG_inst/O
                         net (fo=17683, unplaced)     0.584     2.193    u_wb/defaultClockArea_cpu/aclk_IBUF_BUFG
                         FDRE                                         r  u_wb/defaultClockArea_cpu/IF1_to_IF2_TRANSLATE_SAVED_CSR_CRMD_PG_reg/C
  -------------------------------------------------------------------    -------------------
                         FDRE (Prop_fdre_C_Q)         0.379     2.572 r  u_wb/defaultClockArea_cpu/IF1_to_IF2_TRANSLATE_SAVED_CSR_CRMD_PG_reg/Q
                         net (fo=30, unplaced)        0.669     3.241    u_wb/defaultClockArea_cpu/ICachePlugin_infoRAM/IF1_to_IF2_TRANSLATE_SAVED_CSR_CRMD_PG
                         LUT5 (Prop_lut5_I2_O)        0.232     3.473 r  u_wb/defaultClockArea_cpu/ICachePlugin_infoRAM/araddr_OBUF[17]_inst_i_2/O
                         net (fo=5, unplaced)         0.610     4.083    u_wb/defaultClockArea_cpu/FetchBufferPlugin_bufferFIFO/defaultClockArea_cpu_io_iBus_ar_payload_addr[5]
                         LUT6 (Prop_lut6_I0_O)        0.105     4.188 r  u_wb/defaultClockArea_cpu/FetchBufferPlugin_bufferFIFO/mem_i_70/O
                         net (fo=1, unplaced)         0.000     4.188    u_wb/defaultClockArea_cpu/FetchBufferPlugin_bufferFIFO/mem_i_70_n_0
                         CARRY4 (Prop_carry4_S[1]_CO[3])
                                                      0.444     4.632 r  u_wb/defaultClockArea_cpu/FetchBufferPlugin_bufferFIFO/mem_i_64/CO[3]
                         net (fo=1, unplaced)         0.008     4.640    u_wb/defaultClockArea_cpu/FetchBufferPlugin_bufferFIFO/mem_i_64_n_0
                         CARRY4 (Prop_carry4_CI_CO[2])
                                                      0.211     4.851 f  u_wb/defaultClockArea_cpu/FetchBufferPlugin_bufferFIFO/mem_i_61/CO[2]
                         net (fo=1, unplaced)         0.349     5.200    u_wb/defaultClockArea_cpu/FetchBufferPlugin_bufferFIFO/IF2_ICachePlugin_hits_00
                         LUT2 (Prop_lut2_I1_O)        0.252     5.452 r  u_wb/defaultClockArea_cpu/FetchBufferPlugin_bufferFIFO/mem_i_53/O
                         net (fo=131, unplaced)       0.453     5.905    u_wb/defaultClockArea_cpu/FetchBufferPlugin_bufferFIFO/IF1_to_IF2_ICACHE_VALIDS_0_reg
                         LUT3 (Prop_lut3_I2_O)        0.105     6.010 f  u_wb/defaultClockArea_cpu/FetchBufferPlugin_bufferFIFO/FSM_onehot_IF2_ICachePlugin_cacheRefillFSM_stateReg[4]_i_5/O
                         net (fo=132, unplaced)       0.454     6.464    u_wb/defaultClockArea_cpu/FetchBufferPlugin_bufferFIFO/FSM_onehot_IF2_ICachePlugin_cacheRefillFSM_stateReg[4]_i_5_n_0
                         LUT5 (Prop_lut5_I1_O)        0.105     6.569 f  u_wb/defaultClockArea_cpu/FetchBufferPlugin_bufferFIFO/IF1_to_IF2_ICACHE_INFO_tags_0[19]_i_1/O
                         net (fo=426, unplaced)       0.483     7.052    u_wb/defaultClockArea_cpu/FetchBufferPlugin_bufferFIFO/FSM_onehot_IF2_ICachePlugin_cacheRefillFSM_stateReg_reg[4][0]
                         LUT3 (Prop_lut3_I2_O)        0.105     7.157 f  u_wb/defaultClockArea_cpu/FetchBufferPlugin_bufferFIFO/ReturnAddressStackPlugin_ras_0[29]_i_3/O
                         net (fo=10, unplaced)        0.390     7.547    u_wb/defaultClockArea_cpu/FetchBufferPlugin_bufferFIFO/when_ReturnAddressStackPlugin_l31
                         LUT3 (Prop_lut3_I2_O)        0.105     7.652 r  u_wb/defaultClockArea_cpu/FetchBufferPlugin_bufferFIFO/dataVec_7_predInfo_predictAddr[31]_i_2/O
                         net (fo=30, unplaced)        0.417     8.069    u_wb/defaultClockArea_cpu/FetchBufferPlugin_bufferFIFO/dataVec_7_predInfo_predictAddr[31]_i_2_n_0
                         LUT5 (Prop_lut5_I1_O)        0.105     8.174 r  u_wb/defaultClockArea_cpu/FetchBufferPlugin_bufferFIFO/dataVec_7_predInfo_predictAddr[4]_i_1/O
                         net (fo=9, unplaced)         0.388     8.562    u_wb/defaultClockArea_cpu/FetchBufferPlugin_bufferFIFO/IF2_GlobalPredictorBTBPlugin_payloadTarget[4]
                         LUT3 (Prop_lut3_I0_O)        0.105     8.667 r  u_wb/defaultClockArea_cpu/FetchBufferPlugin_bufferFIFO/mem_i_27__7/O
                         net (fo=1, unplaced)         0.347     9.014    u_wb/defaultClockArea_cpu/ROBFIFOPlugin_robInfo/ram/rams_1/gen_wr_a.gen_word_narrow.mem_reg_11
                         LUT5 (Prop_lut5_I4_O)        0.105     9.119 r  u_wb/defaultClockArea_cpu/ROBFIFOPlugin_robInfo/ram/rams_1/mem_i_14__9/O
                         net (fo=34, unplaced)        0.655     9.774    u_wb/defaultClockArea_cpu/ROBFIFOPlugin_robInfo/ram/addrb[0]
                         LUT3 (Prop_lut3_I0_O)        0.105     9.879 r  u_wb/defaultClockArea_cpu/ROBFIFOPlugin_robInfo/ram/mem_i_21__12/O
                         net (fo=1, unplaced)         0.000     9.879    u_wb/defaultClockArea_cpu/ROBFIFOPlugin_robInfo/ram/mem_i_21__12_n_0
                         CARRY4 (Prop_carry4_S[0]_CO[3])
                                                      0.423    10.302 r  u_wb/defaultClockArea_cpu/ROBFIFOPlugin_robInfo/ram/mem_i_9__9/CO[3]
                         net (fo=1, unplaced)         0.008    10.310    u_wb/defaultClockArea_cpu/ROBFIFOPlugin_robInfo/ram/mem_i_9__9_n_0
                         CARRY4 (Prop_carry4_CI_O[3])
                                                      0.277    10.587 r  u_wb/defaultClockArea_cpu/ROBFIFOPlugin_robInfo/ram/mem_i_8__9/O[3]
                         net (fo=1, unplaced)         0.646    11.232    u_wb/defaultClockArea_cpu/GlobalPredictorBTBPlugin_predictor/pht/rams_2/mem/xpm_memory_base_inst/addrb[7]
                         RAMB18E1                                     r  u_wb/defaultClockArea_cpu/GlobalPredictorBTBPlugin_predictor/pht/rams_2/mem/xpm_memory_base_inst/gen_wr_a.gen_word_narrow.mem_reg/ADDRBWRADDR[10]
  -------------------------------------------------------------------    -------------------

                         (clock core_clock rise edge)
                                                     10.000    10.000 r  
                                                      0.000    10.000 r  aclk (IN)
                         net (fo=0)                   0.000    10.000    aclk
                         IBUF (Prop_ibuf_I_O)         0.751    10.751 r  aclk_IBUF_inst/O
                         net (fo=1, unplaced)         0.613    11.365    aclk_IBUF
                         BUFG (Prop_bufg_I_O)         0.077    11.442 r  aclk_IBUF_BUFG_inst/O
                         net (fo=17683, unplaced)     0.439    11.881    u_wb/defaultClockArea_cpu/GlobalPredictorBTBPlugin_predictor/pht/rams_2/mem/xpm_memory_base_inst/clka
                         RAMB18E1                                     r  u_wb/defaultClockArea_cpu/GlobalPredictorBTBPlugin_predictor/pht/rams_2/mem/xpm_memory_base_inst/gen_wr_a.gen_word_narrow.mem_reg/CLKBWRCLK
                         clock pessimism              0.167    12.048    
                         clock uncertainty           -0.035    12.012    
                         RAMB18E1 (Setup_ramb18e1_CLKBWRCLK_ADDRBWRADDR[10])
                                                     -0.642    11.370    u_wb/defaultClockArea_cpu/GlobalPredictorBTBPlugin_predictor/pht/rams_2/mem/xpm_memory_base_inst/gen_wr_a.gen_word_narrow.mem_reg
  -------------------------------------------------------------------
                         required time                         11.370    
                         arrival time                         -11.232    
  -------------------------------------------------------------------
                         slack                                  0.138    

Slack (MET) :             0.153ns  (required time - arrival time)
  Source:                 u_wb/defaultClockArea_cpu/IF1_to_IF2_TRANSLATE_SAVED_CSR_CRMD_PG_reg/C
                            (rising edge-triggered cell FDRE clocked by core_clock  {rise@0.000ns fall@5.000ns period=10.000ns})
  Destination:            u_wb/defaultClockArea_cpu/GlobalPredictorBTBPlugin_predictor/pht/rams_0/mem/xpm_memory_base_inst/gen_wr_a.gen_word_narrow.mem_reg/ADDRBWRADDR[8]
                            (rising edge-triggered cell RAMB18E1 clocked by core_clock  {rise@0.000ns fall@5.000ns period=10.000ns})
  Path Group:             core_clock
  Path Type:              Setup (Max at Slow Process Corner)
  Requirement:            10.000ns  (core_clock rise@10.000ns - core_clock rise@0.000ns)
  Data Path Delay:        9.032ns  (logic 3.155ns (34.933%)  route 5.877ns (65.067%))
  Logic Levels:           15  (CARRY4=4 LUT2=1 LUT3=5 LUT5=4 LUT6=1)
  Clock Path Skew:        -0.145ns (DCD - SCD + CPR)
    Destination Clock Delay (DCD):    1.881ns = ( 11.881 - 10.000 ) 
    Source Clock Delay      (SCD):    2.193ns
    Clock Pessimism Removal (CPR):    0.167ns
  Clock Uncertainty:      0.035ns  ((TSJ^2 + TIJ^2)^1/2 + DJ) / 2 + PE
    Total System Jitter     (TSJ):    0.071ns
    Total Input Jitter      (TIJ):    0.000ns
    Discrete Jitter          (DJ):    0.000ns
    Phase Error              (PE):    0.000ns

    Location             Delay type                Incr(ns)  Path(ns)    Netlist Resource(s)
  -------------------------------------------------------------------    -------------------
                         (clock core_clock rise edge)
                                                      0.000     0.000 r  
                                                      0.000     0.000 r  aclk (IN)
                         net (fo=0)                   0.000     0.000    aclk
                         IBUF (Prop_ibuf_I_O)         0.882     0.882 r  aclk_IBUF_inst/O
                         net (fo=1, unplaced)         0.646     1.528    aclk_IBUF
                         BUFG (Prop_bufg_I_O)         0.081     1.609 r  aclk_IBUF_BUFG_inst/O
                         net (fo=17683, unplaced)     0.584     2.193    u_wb/defaultClockArea_cpu/aclk_IBUF_BUFG
                         FDRE                                         r  u_wb/defaultClockArea_cpu/IF1_to_IF2_TRANSLATE_SAVED_CSR_CRMD_PG_reg/C
  -------------------------------------------------------------------    -------------------
                         FDRE (Prop_fdre_C_Q)         0.379     2.572 r  u_wb/defaultClockArea_cpu/IF1_to_IF2_TRANSLATE_SAVED_CSR_CRMD_PG_reg/Q
                         net (fo=30, unplaced)        0.669     3.241    u_wb/defaultClockArea_cpu/ICachePlugin_infoRAM/IF1_to_IF2_TRANSLATE_SAVED_CSR_CRMD_PG
                         LUT5 (Prop_lut5_I2_O)        0.232     3.473 r  u_wb/defaultClockArea_cpu/ICachePlugin_infoRAM/araddr_OBUF[17]_inst_i_2/O
                         net (fo=5, unplaced)         0.610     4.083    u_wb/defaultClockArea_cpu/FetchBufferPlugin_bufferFIFO/defaultClockArea_cpu_io_iBus_ar_payload_addr[5]
                         LUT6 (Prop_lut6_I0_O)        0.105     4.188 r  u_wb/defaultClockArea_cpu/FetchBufferPlugin_bufferFIFO/mem_i_70/O
                         net (fo=1, unplaced)         0.000     4.188    u_wb/defaultClockArea_cpu/FetchBufferPlugin_bufferFIFO/mem_i_70_n_0
                         CARRY4 (Prop_carry4_S[1]_CO[3])
                                                      0.444     4.632 r  u_wb/defaultClockArea_cpu/FetchBufferPlugin_bufferFIFO/mem_i_64/CO[3]
                         net (fo=1, unplaced)         0.008     4.640    u_wb/defaultClockArea_cpu/FetchBufferPlugin_bufferFIFO/mem_i_64_n_0
                         CARRY4 (Prop_carry4_CI_CO[2])
                                                      0.211     4.851 f  u_wb/defaultClockArea_cpu/FetchBufferPlugin_bufferFIFO/mem_i_61/CO[2]
                         net (fo=1, unplaced)         0.349     5.200    u_wb/defaultClockArea_cpu/FetchBufferPlugin_bufferFIFO/IF2_ICachePlugin_hits_00
                         LUT2 (Prop_lut2_I1_O)        0.252     5.452 r  u_wb/defaultClockArea_cpu/FetchBufferPlugin_bufferFIFO/mem_i_53/O
                         net (fo=131, unplaced)       0.453     5.905    u_wb/defaultClockArea_cpu/FetchBufferPlugin_bufferFIFO/IF1_to_IF2_ICACHE_VALIDS_0_reg
                         LUT3 (Prop_lut3_I2_O)        0.105     6.010 f  u_wb/defaultClockArea_cpu/FetchBufferPlugin_bufferFIFO/FSM_onehot_IF2_ICachePlugin_cacheRefillFSM_stateReg[4]_i_5/O
                         net (fo=132, unplaced)       0.454     6.464    u_wb/defaultClockArea_cpu/FetchBufferPlugin_bufferFIFO/FSM_onehot_IF2_ICachePlugin_cacheRefillFSM_stateReg[4]_i_5_n_0
                         LUT5 (Prop_lut5_I1_O)        0.105     6.569 f  u_wb/defaultClockArea_cpu/FetchBufferPlugin_bufferFIFO/IF1_to_IF2_ICACHE_INFO_tags_0[19]_i_1/O
                         net (fo=426, unplaced)       0.483     7.052    u_wb/defaultClockArea_cpu/FetchBufferPlugin_bufferFIFO/FSM_onehot_IF2_ICachePlugin_cacheRefillFSM_stateReg_reg[4][0]
                         LUT3 (Prop_lut3_I2_O)        0.105     7.157 f  u_wb/defaultClockArea_cpu/FetchBufferPlugin_bufferFIFO/ReturnAddressStackPlugin_ras_0[29]_i_3/O
                         net (fo=10, unplaced)        0.390     7.547    u_wb/defaultClockArea_cpu/FetchBufferPlugin_bufferFIFO/when_ReturnAddressStackPlugin_l31
                         LUT3 (Prop_lut3_I2_O)        0.105     7.652 r  u_wb/defaultClockArea_cpu/FetchBufferPlugin_bufferFIFO/dataVec_7_predInfo_predictAddr[31]_i_2/O
                         net (fo=30, unplaced)        0.417     8.069    u_wb/defaultClockArea_cpu/FetchBufferPlugin_bufferFIFO/dataVec_7_predInfo_predictAddr[31]_i_2_n_0
                         LUT5 (Prop_lut5_I1_O)        0.105     8.174 r  u_wb/defaultClockArea_cpu/FetchBufferPlugin_bufferFIFO/dataVec_7_predInfo_predictAddr[4]_i_1/O
                         net (fo=9, unplaced)         0.388     8.562    u_wb/defaultClockArea_cpu/FetchBufferPlugin_bufferFIFO/IF2_GlobalPredictorBTBPlugin_payloadTarget[4]
                         LUT3 (Prop_lut3_I0_O)        0.105     8.667 r  u_wb/defaultClockArea_cpu/FetchBufferPlugin_bufferFIFO/mem_i_27__7/O
                         net (fo=1, unplaced)         0.347     9.014    u_wb/defaultClockArea_cpu/ROBFIFOPlugin_robInfo/ram/rams_1/gen_wr_a.gen_word_narrow.mem_reg_11
                         LUT5 (Prop_lut5_I4_O)        0.105     9.119 r  u_wb/defaultClockArea_cpu/ROBFIFOPlugin_robInfo/ram/rams_1/mem_i_14__9/O
                         net (fo=34, unplaced)        0.655     9.774    u_wb/defaultClockArea_cpu/ROBFIFOPlugin_robInfo/ram/addrb[0]
                         LUT3 (Prop_lut3_I0_O)        0.105     9.879 r  u_wb/defaultClockArea_cpu/ROBFIFOPlugin_robInfo/ram/mem_i_27__12/O
                         net (fo=1, unplaced)         0.000     9.879    u_wb/defaultClockArea_cpu/ROBFIFOPlugin_robInfo/ram/mem_i_27__12_n_0
                         CARRY4 (Prop_carry4_S[0]_CO[3])
                                                      0.423    10.302 r  u_wb/defaultClockArea_cpu/ROBFIFOPlugin_robInfo/ram/mem_i_10__9/CO[3]
                         net (fo=1, unplaced)         0.008    10.310    u_wb/defaultClockArea_cpu/ROBFIFOPlugin_robInfo/ram/mem_i_10__9_n_0
                         CARRY4 (Prop_carry4_CI_O[1])
                                                      0.269    10.579 r  u_wb/defaultClockArea_cpu/ROBFIFOPlugin_robInfo/ram/mem_i_9__11/O[1]
                         net (fo=1, unplaced)         0.646    11.224    u_wb/defaultClockArea_cpu/GlobalPredictorBTBPlugin_predictor/pht/rams_0/mem/xpm_memory_base_inst/addrb[5]
                         RAMB18E1                                     r  u_wb/defaultClockArea_cpu/GlobalPredictorBTBPlugin_predictor/pht/rams_0/mem/xpm_memory_base_inst/gen_wr_a.gen_word_narrow.mem_reg/ADDRBWRADDR[8]
  -------------------------------------------------------------------    -------------------

                         (clock core_clock rise edge)
                                                     10.000    10.000 r  
                                                      0.000    10.000 r  aclk (IN)
                         net (fo=0)                   0.000    10.000    aclk
                         IBUF (Prop_ibuf_I_O)         0.751    10.751 r  aclk_IBUF_inst/O
                         net (fo=1, unplaced)         0.613    11.365    aclk_IBUF
                         BUFG (Prop_bufg_I_O)         0.077    11.442 r  aclk_IBUF_BUFG_inst/O
                         net (fo=17683, unplaced)     0.439    11.881    u_wb/defaultClockArea_cpu/GlobalPredictorBTBPlugin_predictor/pht/rams_0/mem/xpm_memory_base_inst/clka
                         RAMB18E1                                     r  u_wb/defaultClockArea_cpu/GlobalPredictorBTBPlugin_predictor/pht/rams_0/mem/xpm_memory_base_inst/gen_wr_a.gen_word_narrow.mem_reg/CLKBWRCLK
                         clock pessimism              0.167    12.048    
                         clock uncertainty           -0.035    12.012    
                         RAMB18E1 (Setup_ramb18e1_CLKBWRCLK_ADDRBWRADDR[8])
                                                     -0.635    11.377    u_wb/defaultClockArea_cpu/GlobalPredictorBTBPlugin_predictor/pht/rams_0/mem/xpm_memory_base_inst/gen_wr_a.gen_word_narrow.mem_reg
  -------------------------------------------------------------------
                         required time                         11.377    
                         arrival time                         -11.224    
  -------------------------------------------------------------------
                         slack                                  0.153    

Slack (MET) :             0.153ns  (required time - arrival time)
  Source:                 u_wb/defaultClockArea_cpu/IF1_to_IF2_TRANSLATE_SAVED_CSR_CRMD_PG_reg/C
                            (rising edge-triggered cell FDRE clocked by core_clock  {rise@0.000ns fall@5.000ns period=10.000ns})
  Destination:            u_wb/defaultClockArea_cpu/GlobalPredictorBTBPlugin_predictor/pht/rams_2/mem/xpm_memory_base_inst/gen_wr_a.gen_word_narrow.mem_reg/ADDRBWRADDR[8]
                            (rising edge-triggered cell RAMB18E1 clocked by core_clock  {rise@0.000ns fall@5.000ns period=10.000ns})
  Path Group:             core_clock
  Path Type:              Setup (Max at Slow Process Corner)
  Requirement:            10.000ns  (core_clock rise@10.000ns - core_clock rise@0.000ns)
  Data Path Delay:        9.032ns  (logic 3.155ns (34.933%)  route 5.877ns (65.067%))
  Logic Levels:           15  (CARRY4=4 LUT2=1 LUT3=5 LUT5=4 LUT6=1)
  Clock Path Skew:        -0.145ns (DCD - SCD + CPR)
    Destination Clock Delay (DCD):    1.881ns = ( 11.881 - 10.000 ) 
    Source Clock Delay      (SCD):    2.193ns
    Clock Pessimism Removal (CPR):    0.167ns
  Clock Uncertainty:      0.035ns  ((TSJ^2 + TIJ^2)^1/2 + DJ) / 2 + PE
    Total System Jitter     (TSJ):    0.071ns
    Total Input Jitter      (TIJ):    0.000ns
    Discrete Jitter          (DJ):    0.000ns
    Phase Error              (PE):    0.000ns

    Location             Delay type                Incr(ns)  Path(ns)    Netlist Resource(s)
  -------------------------------------------------------------------    -------------------
                         (clock core_clock rise edge)
                                                      0.000     0.000 r  
                                                      0.000     0.000 r  aclk (IN)
                         net (fo=0)                   0.000     0.000    aclk
                         IBUF (Prop_ibuf_I_O)         0.882     0.882 r  aclk_IBUF_inst/O
                         net (fo=1, unplaced)         0.646     1.528    aclk_IBUF
                         BUFG (Prop_bufg_I_O)         0.081     1.609 r  aclk_IBUF_BUFG_inst/O
                         net (fo=17683, unplaced)     0.584     2.193    u_wb/defaultClockArea_cpu/aclk_IBUF_BUFG
                         FDRE                                         r  u_wb/defaultClockArea_cpu/IF1_to_IF2_TRANSLATE_SAVED_CSR_CRMD_PG_reg/C
  -------------------------------------------------------------------    -------------------
                         FDRE (Prop_fdre_C_Q)         0.379     2.572 r  u_wb/defaultClockArea_cpu/IF1_to_IF2_TRANSLATE_SAVED_CSR_CRMD_PG_reg/Q
                         net (fo=30, unplaced)        0.669     3.241    u_wb/defaultClockArea_cpu/ICachePlugin_infoRAM/IF1_to_IF2_TRANSLATE_SAVED_CSR_CRMD_PG
                         LUT5 (Prop_lut5_I2_O)        0.232     3.473 r  u_wb/defaultClockArea_cpu/ICachePlugin_infoRAM/araddr_OBUF[17]_inst_i_2/O
                         net (fo=5, unplaced)         0.610     4.083    u_wb/defaultClockArea_cpu/FetchBufferPlugin_bufferFIFO/defaultClockArea_cpu_io_iBus_ar_payload_addr[5]
                         LUT6 (Prop_lut6_I0_O)        0.105     4.188 r  u_wb/defaultClockArea_cpu/FetchBufferPlugin_bufferFIFO/mem_i_70/O
                         net (fo=1, unplaced)         0.000     4.188    u_wb/defaultClockArea_cpu/FetchBufferPlugin_bufferFIFO/mem_i_70_n_0
                         CARRY4 (Prop_carry4_S[1]_CO[3])
                                                      0.444     4.632 r  u_wb/defaultClockArea_cpu/FetchBufferPlugin_bufferFIFO/mem_i_64/CO[3]
                         net (fo=1, unplaced)         0.008     4.640    u_wb/defaultClockArea_cpu/FetchBufferPlugin_bufferFIFO/mem_i_64_n_0
                         CARRY4 (Prop_carry4_CI_CO[2])
                                                      0.211     4.851 f  u_wb/defaultClockArea_cpu/FetchBufferPlugin_bufferFIFO/mem_i_61/CO[2]
                         net (fo=1, unplaced)         0.349     5.200    u_wb/defaultClockArea_cpu/FetchBufferPlugin_bufferFIFO/IF2_ICachePlugin_hits_00
                         LUT2 (Prop_lut2_I1_O)        0.252     5.452 r  u_wb/defaultClockArea_cpu/FetchBufferPlugin_bufferFIFO/mem_i_53/O
                         net (fo=131, unplaced)       0.453     5.905    u_wb/defaultClockArea_cpu/FetchBufferPlugin_bufferFIFO/IF1_to_IF2_ICACHE_VALIDS_0_reg
                         LUT3 (Prop_lut3_I2_O)        0.105     6.010 f  u_wb/defaultClockArea_cpu/FetchBufferPlugin_bufferFIFO/FSM_onehot_IF2_ICachePlugin_cacheRefillFSM_stateReg[4]_i_5/O
                         net (fo=132, unplaced)       0.454     6.464    u_wb/defaultClockArea_cpu/FetchBufferPlugin_bufferFIFO/FSM_onehot_IF2_ICachePlugin_cacheRefillFSM_stateReg[4]_i_5_n_0
                         LUT5 (Prop_lut5_I1_O)        0.105     6.569 f  u_wb/defaultClockArea_cpu/FetchBufferPlugin_bufferFIFO/IF1_to_IF2_ICACHE_INFO_tags_0[19]_i_1/O
                         net (fo=426, unplaced)       0.483     7.052    u_wb/defaultClockArea_cpu/FetchBufferPlugin_bufferFIFO/FSM_onehot_IF2_ICachePlugin_cacheRefillFSM_stateReg_reg[4][0]
                         LUT3 (Prop_lut3_I2_O)        0.105     7.157 f  u_wb/defaultClockArea_cpu/FetchBufferPlugin_bufferFIFO/ReturnAddressStackPlugin_ras_0[29]_i_3/O
                         net (fo=10, unplaced)        0.390     7.547    u_wb/defaultClockArea_cpu/FetchBufferPlugin_bufferFIFO/when_ReturnAddressStackPlugin_l31
                         LUT3 (Prop_lut3_I2_O)        0.105     7.652 r  u_wb/defaultClockArea_cpu/FetchBufferPlugin_bufferFIFO/dataVec_7_predInfo_predictAddr[31]_i_2/O
                         net (fo=30, unplaced)        0.417     8.069    u_wb/defaultClockArea_cpu/FetchBufferPlugin_bufferFIFO/dataVec_7_predInfo_predictAddr[31]_i_2_n_0
                         LUT5 (Prop_lut5_I1_O)        0.105     8.174 r  u_wb/defaultClockArea_cpu/FetchBufferPlugin_bufferFIFO/dataVec_7_predInfo_predictAddr[4]_i_1/O
                         net (fo=9, unplaced)         0.388     8.562    u_wb/defaultClockArea_cpu/FetchBufferPlugin_bufferFIFO/IF2_GlobalPredictorBTBPlugin_payloadTarget[4]
                         LUT3 (Prop_lut3_I0_O)        0.105     8.667 r  u_wb/defaultClockArea_cpu/FetchBufferPlugin_bufferFIFO/mem_i_27__7/O
                         net (fo=1, unplaced)         0.347     9.014    u_wb/defaultClockArea_cpu/ROBFIFOPlugin_robInfo/ram/rams_1/gen_wr_a.gen_word_narrow.mem_reg_11
                         LUT5 (Prop_lut5_I4_O)        0.105     9.119 r  u_wb/defaultClockArea_cpu/ROBFIFOPlugin_robInfo/ram/rams_1/mem_i_14__9/O
                         net (fo=34, unplaced)        0.655     9.774    u_wb/defaultClockArea_cpu/ROBFIFOPlugin_robInfo/ram/addrb[0]
                         LUT3 (Prop_lut3_I0_O)        0.105     9.879 r  u_wb/defaultClockArea_cpu/ROBFIFOPlugin_robInfo/ram/mem_i_21__12/O
                         net (fo=1, unplaced)         0.000     9.879    u_wb/defaultClockArea_cpu/ROBFIFOPlugin_robInfo/ram/mem_i_21__12_n_0
                         CARRY4 (Prop_carry4_S[0]_CO[3])
                                                      0.423    10.302 r  u_wb/defaultClockArea_cpu/ROBFIFOPlugin_robInfo/ram/mem_i_9__9/CO[3]
                         net (fo=1, unplaced)         0.008    10.310    u_wb/defaultClockArea_cpu/ROBFIFOPlugin_robInfo/ram/mem_i_9__9_n_0
                         CARRY4 (Prop_carry4_CI_O[1])
                                                      0.269    10.579 r  u_wb/defaultClockArea_cpu/ROBFIFOPlugin_robInfo/ram/mem_i_8__9/O[1]
                         net (fo=1, unplaced)         0.646    11.224    u_wb/defaultClockArea_cpu/GlobalPredictorBTBPlugin_predictor/pht/rams_2/mem/xpm_memory_base_inst/addrb[5]
                         RAMB18E1                                     r  u_wb/defaultClockArea_cpu/GlobalPredictorBTBPlugin_predictor/pht/rams_2/mem/xpm_memory_base_inst/gen_wr_a.gen_word_narrow.mem_reg/ADDRBWRADDR[8]
  -------------------------------------------------------------------    -------------------

                         (clock core_clock rise edge)
                                                     10.000    10.000 r  
                                                      0.000    10.000 r  aclk (IN)
                         net (fo=0)                   0.000    10.000    aclk
                         IBUF (Prop_ibuf_I_O)         0.751    10.751 r  aclk_IBUF_inst/O
                         net (fo=1, unplaced)         0.613    11.365    aclk_IBUF
                         BUFG (Prop_bufg_I_O)         0.077    11.442 r  aclk_IBUF_BUFG_inst/O
                         net (fo=17683, unplaced)     0.439    11.881    u_wb/defaultClockArea_cpu/GlobalPredictorBTBPlugin_predictor/pht/rams_2/mem/xpm_memory_base_inst/clka
                         RAMB18E1                                     r  u_wb/defaultClockArea_cpu/GlobalPredictorBTBPlugin_predictor/pht/rams_2/mem/xpm_memory_base_inst/gen_wr_a.gen_word_narrow.mem_reg/CLKBWRCLK
                         clock pessimism              0.167    12.048    
                         clock uncertainty           -0.035    12.012    
                         RAMB18E1 (Setup_ramb18e1_CLKBWRCLK_ADDRBWRADDR[8])
                                                     -0.635    11.377    u_wb/defaultClockArea_cpu/GlobalPredictorBTBPlugin_predictor/pht/rams_2/mem/xpm_memory_base_inst/gen_wr_a.gen_word_narrow.mem_reg
  -------------------------------------------------------------------
                         required time                         11.377    
                         arrival time                         -11.224    
  -------------------------------------------------------------------
                         slack                                  0.153    

Slack (MET) :             0.161ns  (required time - arrival time)
  Source:                 u_wb/defaultClockArea_cpu/IF1_to_IF2_TRANSLATE_SAVED_CSR_CRMD_PG_reg/C
                            (rising edge-triggered cell FDRE clocked by core_clock  {rise@0.000ns fall@5.000ns period=10.000ns})
  Destination:            u_wb/defaultClockArea_cpu/GlobalPredictorBTBPlugin_btb/rams_0/mem/xpm_memory_base_inst/gen_wr_a.gen_word_narrow.mem_reg/ADDRARDADDR[10]
                            (rising edge-triggered cell RAMB36E1 clocked by core_clock  {rise@0.000ns fall@5.000ns period=10.000ns})
  Path Group:             core_clock
  Path Type:              Setup (Max at Slow Process Corner)
  Requirement:            10.000ns  (core_clock rise@10.000ns - core_clock rise@0.000ns)
  Data Path Delay:        9.169ns  (logic 2.568ns (28.009%)  route 6.601ns (71.991%))
  Logic Levels:           14  (CARRY4=2 LUT2=2 LUT3=4 LUT5=4 LUT6=2)
  Clock Path Skew:        -0.145ns (DCD - SCD + CPR)
    Destination Clock Delay (DCD):    1.881ns = ( 11.881 - 10.000 ) 
    Source Clock Delay      (SCD):    2.193ns
    Clock Pessimism Removal (CPR):    0.167ns
  Clock Uncertainty:      0.035ns  ((TSJ^2 + TIJ^2)^1/2 + DJ) / 2 + PE
    Total System Jitter     (TSJ):    0.071ns
    Total Input Jitter      (TIJ):    0.000ns
    Discrete Jitter          (DJ):    0.000ns
    Phase Error              (PE):    0.000ns

    Location             Delay type                Incr(ns)  Path(ns)    Netlist Resource(s)
  -------------------------------------------------------------------    -------------------
                         (clock core_clock rise edge)
                                                      0.000     0.000 r  
                                                      0.000     0.000 r  aclk (IN)
                         net (fo=0)                   0.000     0.000    aclk
                         IBUF (Prop_ibuf_I_O)         0.882     0.882 r  aclk_IBUF_inst/O
                         net (fo=1, unplaced)         0.646     1.528    aclk_IBUF
                         BUFG (Prop_bufg_I_O)         0.081     1.609 r  aclk_IBUF_BUFG_inst/O
                         net (fo=17683, unplaced)     0.584     2.193    u_wb/defaultClockArea_cpu/aclk_IBUF_BUFG
                         FDRE                                         r  u_wb/defaultClockArea_cpu/IF1_to_IF2_TRANSLATE_SAVED_CSR_CRMD_PG_reg/C
  -------------------------------------------------------------------    -------------------
                         FDRE (Prop_fdre_C_Q)         0.379     2.572 r  u_wb/defaultClockArea_cpu/IF1_to_IF2_TRANSLATE_SAVED_CSR_CRMD_PG_reg/Q
                         net (fo=30, unplaced)        0.669     3.241    u_wb/defaultClockArea_cpu/ICachePlugin_infoRAM/IF1_to_IF2_TRANSLATE_SAVED_CSR_CRMD_PG
                         LUT5 (Prop_lut5_I2_O)        0.232     3.473 r  u_wb/defaultClockArea_cpu/ICachePlugin_infoRAM/araddr_OBUF[17]_inst_i_2/O
                         net (fo=5, unplaced)         0.610     4.083    u_wb/defaultClockArea_cpu/FetchBufferPlugin_bufferFIFO/defaultClockArea_cpu_io_iBus_ar_payload_addr[5]
                         LUT6 (Prop_lut6_I0_O)        0.105     4.188 r  u_wb/defaultClockArea_cpu/FetchBufferPlugin_bufferFIFO/mem_i_70/O
                         net (fo=1, unplaced)         0.000     4.188    u_wb/defaultClockArea_cpu/FetchBufferPlugin_bufferFIFO/mem_i_70_n_0
                         CARRY4 (Prop_carry4_S[1]_CO[3])
                                                      0.444     4.632 r  u_wb/defaultClockArea_cpu/FetchBufferPlugin_bufferFIFO/mem_i_64/CO[3]
                         net (fo=1, unplaced)         0.008     4.640    u_wb/defaultClockArea_cpu/FetchBufferPlugin_bufferFIFO/mem_i_64_n_0
                         CARRY4 (Prop_carry4_CI_CO[2])
                                                      0.211     4.851 f  u_wb/defaultClockArea_cpu/FetchBufferPlugin_bufferFIFO/mem_i_61/CO[2]
                         net (fo=1, unplaced)         0.349     5.200    u_wb/defaultClockArea_cpu/FetchBufferPlugin_bufferFIFO/IF2_ICachePlugin_hits_00
                         LUT2 (Prop_lut2_I1_O)        0.252     5.452 r  u_wb/defaultClockArea_cpu/FetchBufferPlugin_bufferFIFO/mem_i_53/O
                         net (fo=131, unplaced)       0.453     5.905    u_wb/defaultClockArea_cpu/FetchBufferPlugin_bufferFIFO/IF1_to_IF2_ICACHE_VALIDS_0_reg
                         LUT3 (Prop_lut3_I2_O)        0.105     6.010 f  u_wb/defaultClockArea_cpu/FetchBufferPlugin_bufferFIFO/FSM_onehot_IF2_ICachePlugin_cacheRefillFSM_stateReg[4]_i_5/O
                         net (fo=132, unplaced)       0.454     6.464    u_wb/defaultClockArea_cpu/FetchBufferPlugin_bufferFIFO/FSM_onehot_IF2_ICachePlugin_cacheRefillFSM_stateReg[4]_i_5_n_0
                         LUT5 (Prop_lut5_I1_O)        0.105     6.569 f  u_wb/defaultClockArea_cpu/FetchBufferPlugin_bufferFIFO/IF1_to_IF2_ICACHE_INFO_tags_0[19]_i_1/O
                         net (fo=426, unplaced)       0.483     7.052    u_wb/defaultClockArea_cpu/FetchBufferPlugin_bufferFIFO/FSM_onehot_IF2_ICachePlugin_cacheRefillFSM_stateReg_reg[4][0]
                         LUT3 (Prop_lut3_I2_O)        0.105     7.157 f  u_wb/defaultClockArea_cpu/FetchBufferPlugin_bufferFIFO/ReturnAddressStackPlugin_ras_0[29]_i_3/O
                         net (fo=10, unplaced)        0.390     7.547    u_wb/defaultClockArea_cpu/FetchBufferPlugin_bufferFIFO/when_ReturnAddressStackPlugin_l31
                         LUT3 (Prop_lut3_I2_O)        0.105     7.652 r  u_wb/defaultClockArea_cpu/FetchBufferPlugin_bufferFIFO/dataVec_7_predInfo_predictAddr[31]_i_2/O
                         net (fo=30, unplaced)        0.417     8.069    u_wb/defaultClockArea_cpu/FetchBufferPlugin_bufferFIFO/dataVec_7_predInfo_predictAddr[31]_i_2_n_0
                         LUT5 (Prop_lut5_I1_O)        0.105     8.174 r  u_wb/defaultClockArea_cpu/FetchBufferPlugin_bufferFIFO/dataVec_7_predInfo_predictAddr[5]_i_1/O
                         net (fo=9, unplaced)         0.388     8.562    u_wb/defaultClockArea_cpu/FetchBufferPlugin_bufferFIFO/IF2_GlobalPredictorBTBPlugin_payloadTarget[5]
                         LUT3 (Prop_lut3_I0_O)        0.105     8.667 r  u_wb/defaultClockArea_cpu/FetchBufferPlugin_bufferFIFO/mem_i_26__7/O
                         net (fo=4, unplaced)         0.371     9.038    u_wb/defaultClockArea_cpu/ROBFIFOPlugin_robInfo/ram/rams_1/gen_wr_a.gen_word_narrow.mem_reg_10
                         LUT5 (Prop_lut5_I4_O)        0.105     9.143 r  u_wb/defaultClockArea_cpu/ROBFIFOPlugin_robInfo/ram/rams_1/mem_i_13__10/O
                         net (fo=16, unplaced)        0.992    10.135    u_wb/defaultClockArea_cpu/ROBFIFOPlugin_robInfo/ram/rams_0/gen_wr_a.gen_word_narrow.mem_reg_15
                         LUT6 (Prop_lut6_I1_O)        0.105    10.240 r  u_wb/defaultClockArea_cpu/ROBFIFOPlugin_robInfo/ram/rams_0/mem_i_74__3/O
                         net (fo=4, unplaced)         0.371    10.611    u_wb/defaultClockArea_cpu/ROBFIFOPlugin_robInfo/ram/rams_0/mem_i_74__3_n_0
                         LUT2 (Prop_lut2_I0_O)        0.105    10.716 r  u_wb/defaultClockArea_cpu/ROBFIFOPlugin_robInfo/ram/rams_0/mem_i_65__6/O
                         net (fo=1, unplaced)         0.646    11.361    u_wb/defaultClockArea_cpu/GlobalPredictorBTBPlugin_btb/rams_0/mem/xpm_memory_base_inst/addrb[4]
                         RAMB36E1                                     r  u_wb/defaultClockArea_cpu/GlobalPredictorBTBPlugin_btb/rams_0/mem/xpm_memory_base_inst/gen_wr_a.gen_word_narrow.mem_reg/ADDRARDADDR[10]
  -------------------------------------------------------------------    -------------------

                         (clock core_clock rise edge)
                                                     10.000    10.000 r  
                                                      0.000    10.000 r  aclk (IN)
                         net (fo=0)                   0.000    10.000    aclk
                         IBUF (Prop_ibuf_I_O)         0.751    10.751 r  aclk_IBUF_inst/O
                         net (fo=1, unplaced)         0.613    11.365    aclk_IBUF
                         BUFG (Prop_bufg_I_O)         0.077    11.442 r  aclk_IBUF_BUFG_inst/O
                         net (fo=17683, unplaced)     0.439    11.881    u_wb/defaultClockArea_cpu/GlobalPredictorBTBPlugin_btb/rams_0/mem/xpm_memory_base_inst/clka
                         RAMB36E1                                     r  u_wb/defaultClockArea_cpu/GlobalPredictorBTBPlugin_btb/rams_0/mem/xpm_memory_base_inst/gen_wr_a.gen_word_narrow.mem_reg/CLKARDCLK
                         clock pessimism              0.167    12.048    
                         clock uncertainty           -0.035    12.012    
                         RAMB36E1 (Setup_ramb36e1_CLKARDCLK_ADDRARDADDR[10])
                                                     -0.490    11.522    u_wb/defaultClockArea_cpu/GlobalPredictorBTBPlugin_btb/rams_0/mem/xpm_memory_base_inst/gen_wr_a.gen_word_narrow.mem_reg
  -------------------------------------------------------------------
                         required time                         11.522    
                         arrival time                         -11.361    
  -------------------------------------------------------------------
                         slack                                  0.161    

Slack (MET) :             0.161ns  (required time - arrival time)
  Source:                 u_wb/defaultClockArea_cpu/IF1_to_IF2_TRANSLATE_SAVED_CSR_CRMD_PG_reg/C
                            (rising edge-triggered cell FDRE clocked by core_clock  {rise@0.000ns fall@5.000ns period=10.000ns})
  Destination:            u_wb/defaultClockArea_cpu/GlobalPredictorBTBPlugin_btb/rams_0/mem/xpm_memory_base_inst/gen_wr_a.gen_word_narrow.mem_reg/ADDRARDADDR[11]
                            (rising edge-triggered cell RAMB36E1 clocked by core_clock  {rise@0.000ns fall@5.000ns period=10.000ns})
  Path Group:             core_clock
  Path Type:              Setup (Max at Slow Process Corner)
  Requirement:            10.000ns  (core_clock rise@10.000ns - core_clock rise@0.000ns)
  Data Path Delay:        9.169ns  (logic 2.568ns (28.009%)  route 6.601ns (71.991%))
  Logic Levels:           14  (CARRY4=2 LUT2=1 LUT3=5 LUT5=4 LUT6=2)
  Clock Path Skew:        -0.145ns (DCD - SCD + CPR)
    Destination Clock Delay (DCD):    1.881ns = ( 11.881 - 10.000 ) 
    Source Clock Delay      (SCD):    2.193ns
    Clock Pessimism Removal (CPR):    0.167ns
  Clock Uncertainty:      0.035ns  ((TSJ^2 + TIJ^2)^1/2 + DJ) / 2 + PE
    Total System Jitter     (TSJ):    0.071ns
    Total Input Jitter      (TIJ):    0.000ns
    Discrete Jitter          (DJ):    0.000ns
    Phase Error              (PE):    0.000ns

    Location             Delay type                Incr(ns)  Path(ns)    Netlist Resource(s)
  -------------------------------------------------------------------    -------------------
                         (clock core_clock rise edge)
                                                      0.000     0.000 r  
                                                      0.000     0.000 r  aclk (IN)
                         net (fo=0)                   0.000     0.000    aclk
                         IBUF (Prop_ibuf_I_O)         0.882     0.882 r  aclk_IBUF_inst/O
                         net (fo=1, unplaced)         0.646     1.528    aclk_IBUF
                         BUFG (Prop_bufg_I_O)         0.081     1.609 r  aclk_IBUF_BUFG_inst/O
                         net (fo=17683, unplaced)     0.584     2.193    u_wb/defaultClockArea_cpu/aclk_IBUF_BUFG
                         FDRE                                         r  u_wb/defaultClockArea_cpu/IF1_to_IF2_TRANSLATE_SAVED_CSR_CRMD_PG_reg/C
  -------------------------------------------------------------------    -------------------
                         FDRE (Prop_fdre_C_Q)         0.379     2.572 r  u_wb/defaultClockArea_cpu/IF1_to_IF2_TRANSLATE_SAVED_CSR_CRMD_PG_reg/Q
                         net (fo=30, unplaced)        0.669     3.241    u_wb/defaultClockArea_cpu/ICachePlugin_infoRAM/IF1_to_IF2_TRANSLATE_SAVED_CSR_CRMD_PG
                         LUT5 (Prop_lut5_I2_O)        0.232     3.473 r  u_wb/defaultClockArea_cpu/ICachePlugin_infoRAM/araddr_OBUF[17]_inst_i_2/O
                         net (fo=5, unplaced)         0.610     4.083    u_wb/defaultClockArea_cpu/FetchBufferPlugin_bufferFIFO/defaultClockArea_cpu_io_iBus_ar_payload_addr[5]
                         LUT6 (Prop_lut6_I0_O)        0.105     4.188 r  u_wb/defaultClockArea_cpu/FetchBufferPlugin_bufferFIFO/mem_i_70/O
                         net (fo=1, unplaced)         0.000     4.188    u_wb/defaultClockArea_cpu/FetchBufferPlugin_bufferFIFO/mem_i_70_n_0
                         CARRY4 (Prop_carry4_S[1]_CO[3])
                                                      0.444     4.632 r  u_wb/defaultClockArea_cpu/FetchBufferPlugin_bufferFIFO/mem_i_64/CO[3]
                         net (fo=1, unplaced)         0.008     4.640    u_wb/defaultClockArea_cpu/FetchBufferPlugin_bufferFIFO/mem_i_64_n_0
                         CARRY4 (Prop_carry4_CI_CO[2])
                                                      0.211     4.851 f  u_wb/defaultClockArea_cpu/FetchBufferPlugin_bufferFIFO/mem_i_61/CO[2]
                         net (fo=1, unplaced)         0.349     5.200    u_wb/defaultClockArea_cpu/FetchBufferPlugin_bufferFIFO/IF2_ICachePlugin_hits_00
                         LUT2 (Prop_lut2_I1_O)        0.252     5.452 r  u_wb/defaultClockArea_cpu/FetchBufferPlugin_bufferFIFO/mem_i_53/O
                         net (fo=131, unplaced)       0.453     5.905    u_wb/defaultClockArea_cpu/FetchBufferPlugin_bufferFIFO/IF1_to_IF2_ICACHE_VALIDS_0_reg
                         LUT3 (Prop_lut3_I2_O)        0.105     6.010 f  u_wb/defaultClockArea_cpu/FetchBufferPlugin_bufferFIFO/FSM_onehot_IF2_ICachePlugin_cacheRefillFSM_stateReg[4]_i_5/O
                         net (fo=132, unplaced)       0.454     6.464    u_wb/defaultClockArea_cpu/FetchBufferPlugin_bufferFIFO/FSM_onehot_IF2_ICachePlugin_cacheRefillFSM_stateReg[4]_i_5_n_0
                         LUT5 (Prop_lut5_I1_O)        0.105     6.569 f  u_wb/defaultClockArea_cpu/FetchBufferPlugin_bufferFIFO/IF1_to_IF2_ICACHE_INFO_tags_0[19]_i_1/O
                         net (fo=426, unplaced)       0.483     7.052    u_wb/defaultClockArea_cpu/FetchBufferPlugin_bufferFIFO/FSM_onehot_IF2_ICachePlugin_cacheRefillFSM_stateReg_reg[4][0]
                         LUT3 (Prop_lut3_I2_O)        0.105     7.157 f  u_wb/defaultClockArea_cpu/FetchBufferPlugin_bufferFIFO/ReturnAddressStackPlugin_ras_0[29]_i_3/O
                         net (fo=10, unplaced)        0.390     7.547    u_wb/defaultClockArea_cpu/FetchBufferPlugin_bufferFIFO/when_ReturnAddressStackPlugin_l31
                         LUT3 (Prop_lut3_I2_O)        0.105     7.652 r  u_wb/defaultClockArea_cpu/FetchBufferPlugin_bufferFIFO/dataVec_7_predInfo_predictAddr[31]_i_2/O
                         net (fo=30, unplaced)        0.417     8.069    u_wb/defaultClockArea_cpu/FetchBufferPlugin_bufferFIFO/dataVec_7_predInfo_predictAddr[31]_i_2_n_0
                         LUT5 (Prop_lut5_I1_O)        0.105     8.174 r  u_wb/defaultClockArea_cpu/FetchBufferPlugin_bufferFIFO/dataVec_7_predInfo_predictAddr[5]_i_1/O
                         net (fo=9, unplaced)         0.388     8.562    u_wb/defaultClockArea_cpu/FetchBufferPlugin_bufferFIFO/IF2_GlobalPredictorBTBPlugin_payloadTarget[5]
                         LUT3 (Prop_lut3_I0_O)        0.105     8.667 r  u_wb/defaultClockArea_cpu/FetchBufferPlugin_bufferFIFO/mem_i_26__7/O
                         net (fo=4, unplaced)         0.371     9.038    u_wb/defaultClockArea_cpu/ROBFIFOPlugin_robInfo/ram/rams_1/gen_wr_a.gen_word_narrow.mem_reg_10
                         LUT5 (Prop_lut5_I4_O)        0.105     9.143 r  u_wb/defaultClockArea_cpu/ROBFIFOPlugin_robInfo/ram/rams_1/mem_i_13__10/O
                         net (fo=16, unplaced)        0.992    10.135    u_wb/defaultClockArea_cpu/ROBFIFOPlugin_robInfo/ram/rams_0/gen_wr_a.gen_word_narrow.mem_reg_15
                         LUT6 (Prop_lut6_I1_O)        0.105    10.240 r  u_wb/defaultClockArea_cpu/ROBFIFOPlugin_robInfo/ram/rams_0/mem_i_74__3/O
                         net (fo=4, unplaced)         0.371    10.611    u_wb/defaultClockArea_cpu/ROBFIFOPlugin_robInfo/ram/rams_0/mem_i_74__3_n_0
                         LUT3 (Prop_lut3_I0_O)        0.105    10.716 r  u_wb/defaultClockArea_cpu/ROBFIFOPlugin_robInfo/ram/rams_0/mem_i_64__7/O
                         net (fo=1, unplaced)         0.646    11.361    u_wb/defaultClockArea_cpu/GlobalPredictorBTBPlugin_btb/rams_0/mem/xpm_memory_base_inst/addrb[5]
                         RAMB36E1                                     r  u_wb/defaultClockArea_cpu/GlobalPredictorBTBPlugin_btb/rams_0/mem/xpm_memory_base_inst/gen_wr_a.gen_word_narrow.mem_reg/ADDRARDADDR[11]
  -------------------------------------------------------------------    -------------------

                         (clock core_clock rise edge)
                                                     10.000    10.000 r  
                                                      0.000    10.000 r  aclk (IN)
                         net (fo=0)                   0.000    10.000    aclk
                         IBUF (Prop_ibuf_I_O)         0.751    10.751 r  aclk_IBUF_inst/O
                         net (fo=1, unplaced)         0.613    11.365    aclk_IBUF
                         BUFG (Prop_bufg_I_O)         0.077    11.442 r  aclk_IBUF_BUFG_inst/O
                         net (fo=17683, unplaced)     0.439    11.881    u_wb/defaultClockArea_cpu/GlobalPredictorBTBPlugin_btb/rams_0/mem/xpm_memory_base_inst/clka
                         RAMB36E1                                     r  u_wb/defaultClockArea_cpu/GlobalPredictorBTBPlugin_btb/rams_0/mem/xpm_memory_base_inst/gen_wr_a.gen_word_narrow.mem_reg/CLKARDCLK
                         clock pessimism              0.167    12.048    
                         clock uncertainty           -0.035    12.012    
                         RAMB36E1 (Setup_ramb36e1_CLKARDCLK_ADDRARDADDR[11])
                                                     -0.490    11.522    u_wb/defaultClockArea_cpu/GlobalPredictorBTBPlugin_btb/rams_0/mem/xpm_memory_base_inst/gen_wr_a.gen_word_narrow.mem_reg
  -------------------------------------------------------------------
                         required time                         11.522    
                         arrival time                         -11.361    
  -------------------------------------------------------------------
                         slack                                  0.161    





Pulse Width Checks
--------------------------------------------------------------------------------------
Clock Name:         core_clock
Waveform(ns):       { 0.000 5.000 }
Period(ns):         10.000
Sources:            { aclk }

Check Type        Corner  Lib Pin             Reference Pin  Required(ns)  Actual(ns)  Slack(ns)  Location  Pin
Min Period        n/a     DSP48E1/CLK         n/a            3.109         10.000      6.891                core_top/wb_raw_top/MyCPUCore/multiplier/<hidden>/<hidden>/<hidden>
Min Period        n/a     RAMB36E1/CLKARDCLK  n/a            2.472         10.000      7.528                u_wb/defaultClockArea_axiBuffer/fifo/xpm_fifo_base_inst/gen_sdpram.xpm_memory_base_inst/gen_wr_a.gen_word_narrow.mem_reg_0/CLKARDCLK
Min Period        n/a     RAMB36E1/CLKARDCLK  n/a            2.472         10.000      7.528                u_wb/defaultClockArea_axiBuffer/fifo/xpm_fifo_base_inst/gen_sdpram.xpm_memory_base_inst/gen_wr_a.gen_word_narrow.mem_reg_1/CLKARDCLK
Min Period        n/a     RAMB18E1/CLKARDCLK  n/a            2.472         10.000      7.528                u_wb/defaultClockArea_axiBuffer/fifo/xpm_fifo_base_inst/gen_sdpram.xpm_memory_base_inst/gen_wr_a.gen_word_narrow.mem_reg_2/CLKARDCLK
Min Period        n/a     RAMB36E1/CLKARDCLK  n/a            2.472         10.000      7.528                u_wb/defaultClockArea_cpu/DCachePlugin_dataRAMs_0/mem/xpm_memory_base_inst/gen_wr_a.gen_byte_narrow.for_mem_cols[1].mem_reg/CLKARDCLK
Min Period        n/a     RAMB36E1/CLKARDCLK  n/a            2.472         10.000      7.528                u_wb/defaultClockArea_cpu/DCachePlugin_dataRAMs_1/mem/xpm_memory_base_inst/gen_wr_a.gen_byte_narrow.for_mem_cols[1].mem_reg/CLKARDCLK
Min Period        n/a     RAMB36E1/CLKARDCLK  n/a            2.472         10.000      7.528                u_wb/defaultClockArea_cpu/DCachePlugin_infoRAM/mem/xpm_memory_base_inst/gen_wr_a.gen_word_narrow.mem_reg/CLKARDCLK
Min Period        n/a     RAMB36E1/CLKBWRCLK  n/a            2.472         10.000      7.528                u_wb/defaultClockArea_cpu/DCachePlugin_infoRAM/mem/xpm_memory_base_inst/gen_wr_a.gen_word_narrow.mem_reg/CLKBWRCLK
Min Period        n/a     RAMB36E1/CLKARDCLK  n/a            2.472         10.000      7.528                u_wb/defaultClockArea_cpu/GlobalPredictorBTBPlugin_btb/rams_0/mem/xpm_memory_base_inst/gen_wr_a.gen_word_narrow.mem_reg/CLKARDCLK
Min Period        n/a     RAMB36E1/CLKBWRCLK  n/a            2.472         10.000      7.528                u_wb/defaultClockArea_cpu/GlobalPredictorBTBPlugin_btb/rams_0/mem/xpm_memory_base_inst/gen_wr_a.gen_word_narrow.mem_reg/CLKBWRCLK
Min Period        n/a     RAMB36E1/CLKARDCLK  n/a            2.472         10.000      7.528                u_wb/defaultClockArea_cpu/GlobalPredictorBTBPlugin_btb/rams_1/mem/xpm_memory_base_inst/gen_wr_a.gen_word_narrow.mem_reg/CLKARDCLK
Min Period        n/a     RAMB36E1/CLKBWRCLK  n/a            2.472         10.000      7.528                u_wb/defaultClockArea_cpu/GlobalPredictorBTBPlugin_btb/rams_1/mem/xpm_memory_base_inst/gen_wr_a.gen_word_narrow.mem_reg/CLKBWRCLK
Min Period        n/a     RAMB36E1/CLKARDCLK  n/a            2.472         10.000      7.528                u_wb/defaultClockArea_cpu/GlobalPredictorBTBPlugin_btb/rams_2/mem/xpm_memory_base_inst/gen_wr_a.gen_word_narrow.mem_reg/CLKARDCLK
Min Period        n/a     RAMB36E1/CLKBWRCLK  n/a            2.472         10.000      7.528                u_wb/defaultClockArea_cpu/GlobalPredictorBTBPlugin_btb/rams_2/mem/xpm_memory_base_inst/gen_wr_a.gen_word_narrow.mem_reg/CLKBWRCLK
Min Period        n/a     RAMB36E1/CLKARDCLK  n/a            2.472         10.000      7.528                u_wb/defaultClockArea_cpu/GlobalPredictorBTBPlugin_btb/rams_3/mem/xpm_memory_base_inst/gen_wr_a.gen_word_narrow.mem_reg/CLKARDCLK
Min Period        n/a     RAMB36E1/CLKBWRCLK  n/a            2.472         10.000      7.528                u_wb/defaultClockArea_cpu/GlobalPredictorBTBPlugin_btb/rams_3/mem/xpm_memory_base_inst/gen_wr_a.gen_word_narrow.mem_reg/CLKBWRCLK
Min Period        n/a     RAMB18E1/CLKARDCLK  n/a            2.472         10.000      7.528                u_wb/defaultClockArea_cpu/GlobalPredictorBTBPlugin_predictor/pht/rams_0/mem/xpm_memory_base_inst/gen_wr_a.gen_word_narrow.mem_reg/CLKARDCLK
Min Period        n/a     RAMB18E1/CLKARDCLK  n/a            2.472         10.000      7.528                u_wb/defaultClockArea_cpu/GlobalPredictorBTBPlugin_predictor/pht/rams_1/mem/xpm_memory_base_inst/gen_wr_a.gen_word_narrow.mem_reg/CLKARDCLK
Min Period        n/a     RAMB18E1/CLKARDCLK  n/a            2.472         10.000      7.528                u_wb/defaultClockArea_cpu/GlobalPredictorBTBPlugin_predictor/pht/rams_2/mem/xpm_memory_base_inst/gen_wr_a.gen_word_narrow.mem_reg/CLKARDCLK
Min Period        n/a     RAMB18E1/CLKARDCLK  n/a            2.472         10.000      7.528                u_wb/defaultClockArea_cpu/GlobalPredictorBTBPlugin_predictor/pht/rams_3/mem/xpm_memory_base_inst/gen_wr_a.gen_word_narrow.mem_reg/CLKARDCLK
Low Pulse Width   Slow    RAMD32/CLK          n/a            1.130         5.000       3.870                u_wb/defaultClockArea_cpu/ROBFIFOPlugin_robInfo/ram/rams_0/mem/xpm_memory_base_inst/gen_wr_a.gen_word_narrow.mem_reg_0_7_0_5/RAMA/CLK
Low Pulse Width   Fast    RAMD32/CLK          n/a            1.130         5.000       3.870                u_wb/defaultClockArea_cpu/ROBFIFOPlugin_robInfo/ram/rams_0/mem/xpm_memory_base_inst/gen_wr_a.gen_word_narrow.mem_reg_0_7_0_5/RAMA/CLK
Low Pulse Width   Slow    RAMD32/CLK          n/a            1.130         5.000       3.870                u_wb/defaultClockArea_cpu/ROBFIFOPlugin_robInfo/ram/rams_0/mem/xpm_memory_base_inst/gen_wr_a.gen_word_narrow.mem_reg_0_7_0_5/RAMA_D1/CLK
Low Pulse Width   Fast    RAMD32/CLK          n/a            1.130         5.000       3.870                u_wb/defaultClockArea_cpu/ROBFIFOPlugin_robInfo/ram/rams_0/mem/xpm_memory_base_inst/gen_wr_a.gen_word_narrow.mem_reg_0_7_0_5/RAMA_D1/CLK
Low Pulse Width   Slow    RAMD32/CLK          n/a            1.130         5.000       3.870                u_wb/defaultClockArea_cpu/ROBFIFOPlugin_robInfo/ram/rams_0/mem/xpm_memory_base_inst/gen_wr_a.gen_word_narrow.mem_reg_0_7_0_5/RAMB/CLK
Low Pulse Width   Fast    RAMD32/CLK          n/a            1.130         5.000       3.870                u_wb/defaultClockArea_cpu/ROBFIFOPlugin_robInfo/ram/rams_0/mem/xpm_memory_base_inst/gen_wr_a.gen_word_narrow.mem_reg_0_7_0_5/RAMB/CLK
Low Pulse Width   Slow    RAMD32/CLK          n/a            1.130         5.000       3.870                u_wb/defaultClockArea_cpu/ROBFIFOPlugin_robInfo/ram/rams_0/mem/xpm_memory_base_inst/gen_wr_a.gen_word_narrow.mem_reg_0_7_0_5/RAMB_D1/CLK
Low Pulse Width   Fast    RAMD32/CLK          n/a            1.130         5.000       3.870                u_wb/defaultClockArea_cpu/ROBFIFOPlugin_robInfo/ram/rams_0/mem/xpm_memory_base_inst/gen_wr_a.gen_word_narrow.mem_reg_0_7_0_5/RAMB_D1/CLK
Low Pulse Width   Slow    RAMD32/CLK          n/a            1.130         5.000       3.870                u_wb/defaultClockArea_cpu/ROBFIFOPlugin_robInfo/ram/rams_0/mem/xpm_memory_base_inst/gen_wr_a.gen_word_narrow.mem_reg_0_7_0_5/RAMC/CLK
Low Pulse Width   Fast    RAMD32/CLK          n/a            1.130         5.000       3.870                u_wb/defaultClockArea_cpu/ROBFIFOPlugin_robInfo/ram/rams_0/mem/xpm_memory_base_inst/gen_wr_a.gen_word_narrow.mem_reg_0_7_0_5/RAMC/CLK
Low Pulse Width   Slow    RAMD32/CLK          n/a            1.130         5.000       3.870                u_wb/defaultClockArea_cpu/ROBFIFOPlugin_robInfo/ram/rams_0/mem/xpm_memory_base_inst/gen_wr_a.gen_word_narrow.mem_reg_0_7_0_5/RAMC_D1/CLK
Low Pulse Width   Fast    RAMD32/CLK          n/a            1.130         5.000       3.870                u_wb/defaultClockArea_cpu/ROBFIFOPlugin_robInfo/ram/rams_0/mem/xpm_memory_base_inst/gen_wr_a.gen_word_narrow.mem_reg_0_7_0_5/RAMC_D1/CLK
Low Pulse Width   Slow    RAMS32/CLK          n/a            1.130         5.000       3.870                u_wb/defaultClockArea_cpu/ROBFIFOPlugin_robInfo/ram/rams_0/mem/xpm_memory_base_inst/gen_wr_a.gen_word_narrow.mem_reg_0_7_0_5/RAMD/CLK
Low Pulse Width   Fast    RAMS32/CLK          n/a            1.130         5.000       3.870                u_wb/defaultClockArea_cpu/ROBFIFOPlugin_robInfo/ram/rams_0/mem/xpm_memory_base_inst/gen_wr_a.gen_word_narrow.mem_reg_0_7_0_5/RAMD/CLK
Low Pulse Width   Slow    RAMS32/CLK          n/a            1.130         5.000       3.870                u_wb/defaultClockArea_cpu/ROBFIFOPlugin_robInfo/ram/rams_0/mem/xpm_memory_base_inst/gen_wr_a.gen_word_narrow.mem_reg_0_7_0_5/RAMD_D1/CLK
Low Pulse Width   Fast    RAMS32/CLK          n/a            1.130         5.000       3.870                u_wb/defaultClockArea_cpu/ROBFIFOPlugin_robInfo/ram/rams_0/mem/xpm_memory_base_inst/gen_wr_a.gen_word_narrow.mem_reg_0_7_0_5/RAMD_D1/CLK
Low Pulse Width   Slow    RAMD32/CLK          n/a            1.130         5.000       3.870                u_wb/defaultClockArea_cpu/ROBFIFOPlugin_robInfo/ram/rams_0/mem/xpm_memory_base_inst/gen_wr_a.gen_word_narrow.mem_reg_0_7_102_107/RAMA/CLK
Low Pulse Width   Fast    RAMD32/CLK          n/a            1.130         5.000       3.870                u_wb/defaultClockArea_cpu/ROBFIFOPlugin_robInfo/ram/rams_0/mem/xpm_memory_base_inst/gen_wr_a.gen_word_narrow.mem_reg_0_7_102_107/RAMA/CLK
Low Pulse Width   Slow    RAMD32/CLK          n/a            1.130         5.000       3.870                u_wb/defaultClockArea_cpu/ROBFIFOPlugin_robInfo/ram/rams_0/mem/xpm_memory_base_inst/gen_wr_a.gen_word_narrow.mem_reg_0_7_102_107/RAMA_D1/CLK
Low Pulse Width   Fast    RAMD32/CLK          n/a            1.130         5.000       3.870                u_wb/defaultClockArea_cpu/ROBFIFOPlugin_robInfo/ram/rams_0/mem/xpm_memory_base_inst/gen_wr_a.gen_word_narrow.mem_reg_0_7_102_107/RAMA_D1/CLK
High Pulse Width  Slow    RAMD32/CLK          n/a            1.130         5.000       3.870                u_wb/defaultClockArea_cpu/ROBFIFOPlugin_robInfo/ram/rams_0/mem/xpm_memory_base_inst/gen_wr_a.gen_word_narrow.mem_reg_0_7_0_5/RAMA/CLK
High Pulse Width  Fast    RAMD32/CLK          n/a            1.130         5.000       3.870                u_wb/defaultClockArea_cpu/ROBFIFOPlugin_robInfo/ram/rams_0/mem/xpm_memory_base_inst/gen_wr_a.gen_word_narrow.mem_reg_0_7_0_5/RAMA/CLK
High Pulse Width  Slow    RAMD32/CLK          n/a            1.130         5.000       3.870                u_wb/defaultClockArea_cpu/ROBFIFOPlugin_robInfo/ram/rams_0/mem/xpm_memory_base_inst/gen_wr_a.gen_word_narrow.mem_reg_0_7_0_5/RAMA_D1/CLK
High Pulse Width  Fast    RAMD32/CLK          n/a            1.130         5.000       3.870                u_wb/defaultClockArea_cpu/ROBFIFOPlugin_robInfo/ram/rams_0/mem/xpm_memory_base_inst/gen_wr_a.gen_word_narrow.mem_reg_0_7_0_5/RAMA_D1/CLK
High Pulse Width  Slow    RAMD32/CLK          n/a            1.130         5.000       3.870                u_wb/defaultClockArea_cpu/ROBFIFOPlugin_robInfo/ram/rams_0/mem/xpm_memory_base_inst/gen_wr_a.gen_word_narrow.mem_reg_0_7_0_5/RAMB/CLK
High Pulse Width  Fast    RAMD32/CLK          n/a            1.130         5.000       3.870                u_wb/defaultClockArea_cpu/ROBFIFOPlugin_robInfo/ram/rams_0/mem/xpm_memory_base_inst/gen_wr_a.gen_word_narrow.mem_reg_0_7_0_5/RAMB/CLK
High Pulse Width  Slow    RAMD32/CLK          n/a            1.130         5.000       3.870                u_wb/defaultClockArea_cpu/ROBFIFOPlugin_robInfo/ram/rams_0/mem/xpm_memory_base_inst/gen_wr_a.gen_word_narrow.mem_reg_0_7_0_5/RAMB_D1/CLK
High Pulse Width  Fast    RAMD32/CLK          n/a            1.130         5.000       3.870                u_wb/defaultClockArea_cpu/ROBFIFOPlugin_robInfo/ram/rams_0/mem/xpm_memory_base_inst/gen_wr_a.gen_word_narrow.mem_reg_0_7_0_5/RAMB_D1/CLK
High Pulse Width  Slow    RAMD32/CLK          n/a            1.130         5.000       3.870                u_wb/defaultClockArea_cpu/ROBFIFOPlugin_robInfo/ram/rams_0/mem/xpm_memory_base_inst/gen_wr_a.gen_word_narrow.mem_reg_0_7_0_5/RAMC/CLK
High Pulse Width  Fast    RAMD32/CLK          n/a            1.130         5.000       3.870                u_wb/defaultClockArea_cpu/ROBFIFOPlugin_robInfo/ram/rams_0/mem/xpm_memory_base_inst/gen_wr_a.gen_word_narrow.mem_reg_0_7_0_5/RAMC/CLK
High Pulse Width  Slow    RAMD32/CLK          n/a            1.130         5.000       3.870                u_wb/defaultClockArea_cpu/ROBFIFOPlugin_robInfo/ram/rams_0/mem/xpm_memory_base_inst/gen_wr_a.gen_word_narrow.mem_reg_0_7_0_5/RAMC_D1/CLK
High Pulse Width  Fast    RAMD32/CLK          n/a            1.130         5.000       3.870                u_wb/defaultClockArea_cpu/ROBFIFOPlugin_robInfo/ram/rams_0/mem/xpm_memory_base_inst/gen_wr_a.gen_word_narrow.mem_reg_0_7_0_5/RAMC_D1/CLK
High Pulse Width  Slow    RAMS32/CLK          n/a            1.130         5.000       3.870                u_wb/defaultClockArea_cpu/ROBFIFOPlugin_robInfo/ram/rams_0/mem/xpm_memory_base_inst/gen_wr_a.gen_word_narrow.mem_reg_0_7_0_5/RAMD/CLK
High Pulse Width  Fast    RAMS32/CLK          n/a            1.130         5.000       3.870                u_wb/defaultClockArea_cpu/ROBFIFOPlugin_robInfo/ram/rams_0/mem/xpm_memory_base_inst/gen_wr_a.gen_word_narrow.mem_reg_0_7_0_5/RAMD/CLK
High Pulse Width  Slow    RAMS32/CLK          n/a            1.130         5.000       3.870                u_wb/defaultClockArea_cpu/ROBFIFOPlugin_robInfo/ram/rams_0/mem/xpm_memory_base_inst/gen_wr_a.gen_word_narrow.mem_reg_0_7_0_5/RAMD_D1/CLK
High Pulse Width  Fast    RAMS32/CLK          n/a            1.130         5.000       3.870                u_wb/defaultClockArea_cpu/ROBFIFOPlugin_robInfo/ram/rams_0/mem/xpm_memory_base_inst/gen_wr_a.gen_word_narrow.mem_reg_0_7_0_5/RAMD_D1/CLK
High Pulse Width  Slow    RAMD32/CLK          n/a            1.130         5.000       3.870                u_wb/defaultClockArea_cpu/ROBFIFOPlugin_robInfo/ram/rams_0/mem/xpm_memory_base_inst/gen_wr_a.gen_word_narrow.mem_reg_0_7_102_107/RAMA/CLK
High Pulse Width  Fast    RAMD32/CLK          n/a            1.130         5.000       3.870                u_wb/defaultClockArea_cpu/ROBFIFOPlugin_robInfo/ram/rams_0/mem/xpm_memory_base_inst/gen_wr_a.gen_word_narrow.mem_reg_0_7_102_107/RAMA/CLK
High Pulse Width  Slow    RAMD32/CLK          n/a            1.130         5.000       3.870                u_wb/defaultClockArea_cpu/ROBFIFOPlugin_robInfo/ram/rams_0/mem/xpm_memory_base_inst/gen_wr_a.gen_word_narrow.mem_reg_0_7_102_107/RAMA_D1/CLK
High Pulse Width  Fast    RAMD32/CLK          n/a            1.130         5.000       3.870                u_wb/defaultClockArea_cpu/ROBFIFOPlugin_robInfo/ram/rams_0/mem/xpm_memory_base_inst/gen_wr_a.gen_word_narrow.mem_reg_0_7_102_107/RAMA_D1/CLK



