Copyright 1986-2022 Xilinx, Inc. All Rights Reserved. Copyright 2022-2025 Advanced Micro Devices, Inc. All Rights Reserved.
-----------------------------------------------------------------------------------------------------------------------------------------------------------------------------------------
| Tool Version : Vivado v.2025.2 (win64) Build 6299465 Fri Nov 14 19:35:11 GMT 2025
| Date         : Fri Jul 31 23:07:35 2026
| Host         : MM的ThinkBook16p running 64-bit major release  (build 9200)
| Command      : report_timing_summary -delay_type max -max_paths 20 -file D:/NSCSCC2026/WeBattle-Core/reports/WB-N14-DEV/implementation_post_physopt/timing_route_post_physopt_10ns.rpt
| Design       : core_top
| Device       : 7a200t-fbg676
| Speed File   : -2  PRODUCTION 1.23 2018-06-13
| Design State : Routed
-----------------------------------------------------------------------------------------------------------------------------------------------------------------------------------------

Timing Summary Report

------------------------------------------------------------------------------------------------
| Timer Settings
| --------------
------------------------------------------------------------------------------------------------

  Enable Multi Corner Analysis               :  Yes
  Enable Pessimism Removal                   :  Yes
  Pessimism Removal Resolution               :  Nearest Common Node
  Enable Input Delay Default Clock           :  No
  Enable Preset / Clear Arcs                 :  No
  Disable Flight Delays                      :  No
  Ignore I/O Paths                           :  No
  Timing Early Launch at Borrowing Latches   :  No
  Borrow Time for Max Delay Exceptions       :  Yes
  Merge Timing Exceptions                    :  Yes
  Inter-SLR Compensation                     :  Conservative

  Corner  Analyze    Analyze    
  Name    Max Paths  Min Paths  
  ------  ---------  ---------  
  Slow    Yes        Yes        
  Fast    Yes        Yes        


------------------------------------------------------------------------------------------------
| Report Methodology
| ------------------
------------------------------------------------------------------------------------------------

No report available as report_methodology has not been run prior. Run report_methodology on the current design for the summary of methodology violations.



check_timing report

Table of Contents
-----------------
1. checking no_clock (0)
2. checking constant_clock (0)
3. checking pulse_width_clock (0)
4. checking unconstrained_internal_endpoints (0)
5. checking no_input_delay (47)
6. checking no_output_delay (234)
7. checking multiple_clock (0)
8. checking generated_clocks (0)
9. checking loops (0)
10. checking partial_input_delay (0)
11. checking partial_output_delay (0)
12. checking latch_loops (0)

1. checking no_clock (0)
------------------------
 There are 0 register/latch pins with no clock.


2. checking constant_clock (0)
------------------------------
 There are 0 register/latch pins with constant_clock.


3. checking pulse_width_clock (0)
---------------------------------
 There are 0 register/latch pins which need pulse_width check


4. checking unconstrained_internal_endpoints (0)
------------------------------------------------
 There are 0 pins that are not constrained for maximum delay.

 There are 0 pins that are not constrained for maximum delay due to constant clock.


5. checking no_input_delay (47)
-------------------------------
 There are 47 input ports with no input delay specified. (HIGH)

 There are 0 input ports with no input delay but user has a false path constraint.


6. checking no_output_delay (234)
---------------------------------
 There are 234 ports with no output delay specified. (HIGH)

 There are 0 ports with no output delay but user has a false path constraint

 There are 0 ports with no output delay but with a timing clock defined on it or propagating through it


7. checking multiple_clock (0)
------------------------------
 There are 0 register/latch pins with multiple clocks.


8. checking generated_clocks (0)
--------------------------------
 There are 0 generated clocks that are not connected to a clock source.


9. checking loops (0)
---------------------
 There are 0 combinational loops in the design.


10. checking partial_input_delay (0)
------------------------------------
 There are 0 input ports with partial input delay specified.


11. checking partial_output_delay (0)
-------------------------------------
 There are 0 ports with partial output delay specified.


12. checking latch_loops (0)
----------------------------
 There are 0 combinational latch loops in the design through latch input



------------------------------------------------------------------------------------------------
| Design Timing Summary
| ---------------------
------------------------------------------------------------------------------------------------

    WNS(ns)      TNS(ns)  TNS Failing Endpoints  TNS Total Endpoints     WPWS(ns)     TPWS(ns)  TPWS Failing Endpoints  TPWS Total Endpoints  
    -------      -------  ---------------------  -------------------     --------     --------  ----------------------  --------------------  
      0.006        0.000                      0                40159        4.500        0.000                       0                 20592  


All user specified timing constraints are met.


------------------------------------------------------------------------------------------------
| Clock Summary
| -------------
------------------------------------------------------------------------------------------------

Clock  Waveform(ns)       Period(ns)      Frequency(MHz)
-----  ------------       ----------      --------------
aclk   {0.000 5.000}      10.000          100.000         


------------------------------------------------------------------------------------------------
| Intra Clock Table
| -----------------
------------------------------------------------------------------------------------------------

Clock             WNS(ns)      TNS(ns)  TNS Failing Endpoints  TNS Total Endpoints     WPWS(ns)     TPWS(ns)  TPWS Failing Endpoints  TPWS Total Endpoints  
-----             -------      -------  ---------------------  -------------------     --------     --------  ----------------------  --------------------  
aclk                0.006        0.000                      0                40159        4.500        0.000                       0                 20592  


------------------------------------------------------------------------------------------------
| Inter Clock Table
| -----------------
------------------------------------------------------------------------------------------------

From Clock    To Clock          WNS(ns)      TNS(ns)  TNS Failing Endpoints  TNS Total Endpoints  
----------    --------          -------      -------  ---------------------  -------------------  


------------------------------------------------------------------------------------------------
| Other Path Groups Table
| -----------------------
------------------------------------------------------------------------------------------------

Path Group    From Clock    To Clock          WNS(ns)      TNS(ns)  TNS Failing Endpoints  TNS Total Endpoints  
----------    ----------    --------          -------      -------  ---------------------  -------------------  


------------------------------------------------------------------------------------------------
| Timing Details
| --------------
------------------------------------------------------------------------------------------------


---------------------------------------------------------------------------------------------------
From Clock:  aclk
  To Clock:  aclk

Setup :            0  Failing Endpoints,  Worst Slack        0.006ns,  Total Violation        0.000ns
Hold  :           NA  Failing Endpoints,  Worst Slack           NA  ,  Total Violation           NA
PW    :            0  Failing Endpoints,  Worst Slack        4.500ns,  Total Violation        0.000ns
---------------------------------------------------------------------------------------------------


Max Delay Paths
--------------------------------------------------------------------------------------
Slack (MET) :             0.006ns  (required time - arrival time)
  Source:                 u_wb/defaultClockArea_cpu/RENAME_to_DISPATCH_DECODE_PACKET_1_payload_fuType_reg[1]/C
                            (rising edge-triggered cell FDRE clocked by aclk  {rise@0.000ns fall@5.000ns period=10.000ns})
  Destination:            u_wb/defaultClockArea_cpu/IntIssueQueuePlugin_queue_0_payload_rRegs_0_valid_reg/D
                            (rising edge-triggered cell FDRE clocked by aclk  {rise@0.000ns fall@5.000ns period=10.000ns})
  Path Group:             aclk
  Path Type:              Setup (Max at Slow Process Corner)
  Requirement:            10.000ns  (aclk rise@10.000ns - aclk rise@0.000ns)
  Data Path Delay:        9.948ns  (logic 1.588ns (15.964%)  route 8.360ns (84.036%))
  Logic Levels:           11  (LUT4=1 LUT5=2 LUT6=8)
  Clock Path Skew:        -0.043ns (DCD - SCD + CPR)
    Destination Clock Delay (DCD):    4.390ns = ( 14.390 - 10.000 ) 
    Source Clock Delay      (SCD):    4.754ns
    Clock Pessimism Removal (CPR):    0.321ns
  Clock Uncertainty:      0.035ns  ((TSJ^2 + TIJ^2)^1/2 + DJ) / 2 + PE
    Total System Jitter     (TSJ):    0.071ns
    Total Input Jitter      (TIJ):    0.000ns
    Discrete Jitter          (DJ):    0.000ns
    Phase Error              (PE):    0.000ns

    Location             Delay type                Incr(ns)  Path(ns)    Netlist Resource(s)
  -------------------------------------------------------------------    -------------------
                         (clock aclk rise edge)       0.000     0.000 r  
    L22                                               0.000     0.000 r  aclk (IN)
                         net (fo=0)                   0.000     0.000    aclk
    L22                  IBUF (Prop_ibuf_I_O)         0.893     0.893 r  aclk_IBUF_inst/O
                         net (fo=1, routed)           1.827     2.720    aclk_IBUF
    BUFGCTRL_X0Y2        BUFG (Prop_bufg_I_O)         0.081     2.801 r  aclk_IBUF_BUFG_inst_replica_1/O
                         net (fo=4, routed)           0.118     2.919    aclk_IBUF_BUFG_repN_1
    BUFGCTRL_X0Y1        BUFG (Prop_bufg_I_O)         0.081     3.000 r  aclk_IBUF_BUFG_inst_replica/O
                         net (fo=10, routed)          0.118     3.118    aclk_IBUF_BUFG_repN
    BUFGCTRL_X0Y0        BUFG (Prop_bufg_I_O)         0.081     3.199 r  aclk_IBUF_BUFG_inst/O
                         net (fo=20580, routed)       1.555     4.754    u_wb/defaultClockArea_cpu/aclk_IBUF_BUFG
    SLICE_X44Y90         FDRE                                         r  u_wb/defaultClockArea_cpu/RENAME_to_DISPATCH_DECODE_PACKET_1_payload_fuType_reg[1]/C
  -------------------------------------------------------------------    -------------------
    SLICE_X44Y90         FDRE (Prop_fdre_C_Q)         0.433     5.187 f  u_wb/defaultClockArea_cpu/RENAME_to_DISPATCH_DECODE_PACKET_1_payload_fuType_reg[1]/Q
                         net (fo=7, routed)           0.770     5.957    u_wb/defaultClockArea_cpu/weBattleFetchQueue_1/MulDivIssueQueuePlugin_queue_0_payload_uop_fuType[3]_i_10[1]
    SLICE_X47Y91         LUT6 (Prop_lut6_I1_O)        0.105     6.062 r  u_wb/defaultClockArea_cpu/weBattleFetchQueue_1/MemIssueQueuePlugin_queue_4_payload_rRegs_0_payload[1]_i_6/O
                         net (fo=13, routed)          0.676     6.738    u_wb/defaultClockArea_cpu/weBattleFetchQueue_1/RENAME_to_DISPATCH_DECODE_PACKET_1_payload_fuType_reg[0]
    SLICE_X50Y90         LUT4 (Prop_lut4_I2_O)        0.105     6.843 f  u_wb/defaultClockArea_cpu/weBattleFetchQueue_1/RENAME_to_DISPATCH_DECODE_PACKET_0_payload_pc[31]_i_8/O
                         net (fo=1, routed)           0.455     7.299    u_wb/defaultClockArea_cpu/weBattleFetchQueue_1/RENAME_to_DISPATCH_DECODE_PACKET_0_payload_pc[31]_i_8_n_0
    SLICE_X50Y91         LUT6 (Prop_lut6_I3_O)        0.105     7.404 f  u_wb/defaultClockArea_cpu/weBattleFetchQueue_1/RENAME_to_DISPATCH_DECODE_PACKET_0_payload_pc[31]_i_5/O
                         net (fo=2, routed)           0.694     8.097    u_wb/defaultClockArea_cpu/weBattleFetchQueue_1_n_259
    SLICE_X57Y92         LUT6 (Prop_lut6_I5_O)        0.105     8.202 r  u_wb/defaultClockArea_cpu/IntIssueQueuePlugin_queue_0_payload_uop_inst[25]_i_15/O
                         net (fo=9, routed)           0.927     9.129    u_wb/defaultClockArea_cpu/IntIssueQueuePlugin_queue_0_payload_uop_inst[25]_i_15_n_0
    SLICE_X63Y94         LUT6 (Prop_lut6_I0_O)        0.105     9.234 r  u_wb/defaultClockArea_cpu/IntIssueQueuePlugin_queue_0_payload_uop_immExtendType[0]_i_9/O
                         net (fo=145, routed)         1.045    10.279    u_wb/defaultClockArea_cpu/when_WeBattleDenseIssueQueueState_l80_13
    SLICE_X74Y109        LUT5 (Prop_lut5_I1_O)        0.105    10.384 r  u_wb/defaultClockArea_cpu/IntIssueQueuePlugin_queue_1_payload_rRegs_0_payload[1]_i_6/O
                         net (fo=2, routed)           0.500    10.884    u_wb/defaultClockArea_cpu/IntIssueQueuePlugin_queue_1_payload_rRegs_0_payload[1]_i_6_n_0
    SLICE_X74Y107        LUT6 (Prop_lut6_I4_O)        0.105    10.989 r  u_wb/defaultClockArea_cpu/IntIssueQueuePlugin_queue_0_payload_rRegs_0_payload[1]_i_2/O
                         net (fo=1, routed)           0.557    11.547    u_wb/defaultClockArea_cpu/IntIssueQueuePlugin_queue_0_payload_rRegs_0_payload[1]_i_2_n_0
    SLICE_X74Y108        LUT6 (Prop_lut6_I0_O)        0.105    11.652 r  u_wb/defaultClockArea_cpu/IntIssueQueuePlugin_queue_0_payload_rRegs_0_payload[1]_i_1/O
                         net (fo=9, routed)           1.254    12.906    u_wb/defaultClockArea_cpu/_zz_IntIssueQueuePlugin_queue_0_payload_rRegs_0_payload_7[1]
    SLICE_X54Y103        LUT6 (Prop_lut6_I5_O)        0.105    13.011 f  u_wb/defaultClockArea_cpu/IntIssueQueuePlugin_queue_0_payload_rRegs_0_valid_i_31/O
                         net (fo=1, routed)           0.660    13.671    u_wb/defaultClockArea_cpu/weBattleMulDivUnit_1/divider/IntIssueQueuePlugin_queue_0_payload_rRegs_0_valid_reg_7
    SLICE_X54Y102        LUT6 (Prop_lut6_I4_O)        0.105    13.776 r  u_wb/defaultClockArea_cpu/weBattleMulDivUnit_1/divider/IntIssueQueuePlugin_queue_0_payload_rRegs_0_valid_i_6/O
                         net (fo=1, routed)           0.820    14.596    u_wb/defaultClockArea_cpu/weBattleMulDivUnit_1/divider/IntIssueQueuePlugin_queue_0_payload_rRegs_0_valid_i_6_n_0
    SLICE_X53Y95         LUT5 (Prop_lut5_I4_O)        0.105    14.701 r  u_wb/defaultClockArea_cpu/weBattleMulDivUnit_1/divider/IntIssueQueuePlugin_queue_0_payload_rRegs_0_valid_i_1/O
                         net (fo=1, routed)           0.000    14.701    u_wb/defaultClockArea_cpu/weBattleMulDivUnit_1_n_77
    SLICE_X53Y95         FDRE                                         r  u_wb/defaultClockArea_cpu/IntIssueQueuePlugin_queue_0_payload_rRegs_0_valid_reg/D
  -------------------------------------------------------------------    -------------------

                         (clock aclk rise edge)      10.000    10.000 r  
    L22                                               0.000    10.000 r  aclk (IN)
                         net (fo=0)                   0.000    10.000    aclk
    L22                  IBUF (Prop_ibuf_I_O)         0.762    10.762 r  aclk_IBUF_inst/O
                         net (fo=1, routed)           1.734    12.496    aclk_IBUF
    BUFGCTRL_X0Y2        BUFG (Prop_bufg_I_O)         0.077    12.573 r  aclk_IBUF_BUFG_inst_replica_1/O
                         net (fo=4, routed)           0.112    12.685    aclk_IBUF_BUFG_repN_1
    BUFGCTRL_X0Y1        BUFG (Prop_bufg_I_O)         0.077    12.762 r  aclk_IBUF_BUFG_inst_replica/O
                         net (fo=10, routed)          0.112    12.874    aclk_IBUF_BUFG_repN
    BUFGCTRL_X0Y0        BUFG (Prop_bufg_I_O)         0.077    12.951 r  aclk_IBUF_BUFG_inst/O
                         net (fo=20580, routed)       1.439    14.390    u_wb/defaultClockArea_cpu/aclk_IBUF_BUFG
    SLICE_X53Y95         FDRE                                         r  u_wb/defaultClockArea_cpu/IntIssueQueuePlugin_queue_0_payload_rRegs_0_valid_reg/C
                         clock pessimism              0.321    14.711    
                         clock uncertainty           -0.035    14.675    
    SLICE_X53Y95         FDRE (Setup_fdre_C_D)        0.032    14.707    u_wb/defaultClockArea_cpu/IntIssueQueuePlugin_queue_0_payload_rRegs_0_valid_reg
  -------------------------------------------------------------------
                         required time                         14.707    
                         arrival time                         -14.701    
  -------------------------------------------------------------------
                         slack                                  0.006    

Slack (MET) :             0.041ns  (required time - arrival time)
  Source:                 u_wb/defaultClockArea_cpu/RENAME_to_DISPATCH_DECODE_PACKET_0_payload_except_valid_reg/C
                            (rising edge-triggered cell FDRE clocked by aclk  {rise@0.000ns fall@5.000ns period=10.000ns})
  Destination:            u_wb/defaultClockArea_cpu/IntIssueQueuePlugin_queue_0_payload_rRegs_1_valid_reg/D
                            (rising edge-triggered cell FDRE clocked by aclk  {rise@0.000ns fall@5.000ns period=10.000ns})
  Path Group:             aclk
  Path Type:              Setup (Max at Slow Process Corner)
  Requirement:            10.000ns  (aclk rise@10.000ns - aclk rise@0.000ns)
  Data Path Delay:        9.957ns  (logic 1.588ns (15.948%)  route 8.369ns (84.052%))
  Logic Levels:           11  (LUT4=1 LUT5=4 LUT6=6)
  Clock Path Skew:        -0.042ns (DCD - SCD + CPR)
    Destination Clock Delay (DCD):    4.390ns = ( 14.390 - 10.000 ) 
    Source Clock Delay      (SCD):    4.753ns
    Clock Pessimism Removal (CPR):    0.321ns
  Clock Uncertainty:      0.035ns  ((TSJ^2 + TIJ^2)^1/2 + DJ) / 2 + PE
    Total System Jitter     (TSJ):    0.071ns
    Total Input Jitter      (TIJ):    0.000ns
    Discrete Jitter          (DJ):    0.000ns
    Phase Error              (PE):    0.000ns

    Location             Delay type                Incr(ns)  Path(ns)    Netlist Resource(s)
  -------------------------------------------------------------------    -------------------
                         (clock aclk rise edge)       0.000     0.000 r  
    L22                                               0.000     0.000 r  aclk (IN)
                         net (fo=0)                   0.000     0.000    aclk
    L22                  IBUF (Prop_ibuf_I_O)         0.893     0.893 r  aclk_IBUF_inst/O
                         net (fo=1, routed)           1.827     2.720    aclk_IBUF
    BUFGCTRL_X0Y2        BUFG (Prop_bufg_I_O)         0.081     2.801 r  aclk_IBUF_BUFG_inst_replica_1/O
                         net (fo=4, routed)           0.118     2.919    aclk_IBUF_BUFG_repN_1
    BUFGCTRL_X0Y1        BUFG (Prop_bufg_I_O)         0.081     3.000 r  aclk_IBUF_BUFG_inst_replica/O
                         net (fo=10, routed)          0.118     3.118    aclk_IBUF_BUFG_repN
    BUFGCTRL_X0Y0        BUFG (Prop_bufg_I_O)         0.081     3.199 r  aclk_IBUF_BUFG_inst/O
                         net (fo=20580, routed)       1.554     4.753    u_wb/defaultClockArea_cpu/aclk_IBUF_BUFG
    SLICE_X48Y91         FDRE                                         r  u_wb/defaultClockArea_cpu/RENAME_to_DISPATCH_DECODE_PACKET_0_payload_except_valid_reg/C
  -------------------------------------------------------------------    -------------------
    SLICE_X48Y91         FDRE (Prop_fdre_C_Q)         0.433     5.186 f  u_wb/defaultClockArea_cpu/RENAME_to_DISPATCH_DECODE_PACKET_0_payload_except_valid_reg/Q
                         net (fo=2, routed)           0.661     5.846    u_wb/defaultClockArea_cpu/weBattleFetchQueue_1/RENAME_to_DISPATCH_DECODE_PACKET_0_payload_except_valid
    SLICE_X47Y91         LUT5 (Prop_lut5_I0_O)        0.105     5.951 f  u_wb/defaultClockArea_cpu/weBattleFetchQueue_1/MulDivIssueQueuePlugin_queue_2_payload_robIdx[4]_i_9/O
                         net (fo=11, routed)          0.514     6.466    u_wb/defaultClockArea_cpu/weBattleFetchQueue_1/RENAME_to_DISPATCH_DECODE_PACKET_0_payload_except_valid_reg
    SLICE_X51Y91         LUT6 (Prop_lut6_I3_O)        0.105     6.571 r  u_wb/defaultClockArea_cpu/weBattleFetchQueue_1/IntIssueQueuePlugin_queue_0_payload_uop_inst[25]_i_39/O
                         net (fo=3, routed)           0.523     7.093    u_wb/defaultClockArea_cpu/weBattleFetchQueue_1/MulDivIssueQueuePlugin_queue_1_valid_reg
    SLICE_X55Y91         LUT5 (Prop_lut5_I4_O)        0.105     7.198 r  u_wb/defaultClockArea_cpu/weBattleFetchQueue_1/RENAME_to_DISPATCH_DECODE_PACKET_0_payload_pc[31]_i_3/O
                         net (fo=6, routed)           0.631     7.829    u_wb/defaultClockArea_cpu/weBattleFetchQueue_1_n_257
    SLICE_X59Y91         LUT6 (Prop_lut6_I1_O)        0.105     7.934 r  u_wb/defaultClockArea_cpu/IntIssueQueuePlugin_queue_0_payload_uop_inst[25]_i_19/O
                         net (fo=26, routed)          0.445     8.379    u_wb/defaultClockArea_cpu/IntIssueQueuePlugin_queue_0_payload_uop_inst[25]_i_19_n_0
    SLICE_X60Y93         LUT5 (Prop_lut5_I0_O)        0.105     8.484 r  u_wb/defaultClockArea_cpu/IntIssueQueuePlugin_queue_6_payload_uop_inst[25]_i_7/O
                         net (fo=8, routed)           1.139     9.624    u_wb/defaultClockArea_cpu/IntIssueQueuePlugin_queue_6_payload_uop_inst[25]_i_7_n_0
    SLICE_X77Y92         LUT6 (Prop_lut6_I3_O)        0.105     9.729 r  u_wb/defaultClockArea_cpu/IntIssueQueuePlugin_queue_0_payload_uop_useRd_i_8/O
                         net (fo=157, routed)         1.278    11.007    u_wb/defaultClockArea_cpu/when_WeBattleDenseIssueQueueState_l80_17
    SLICE_X71Y106        LUT6 (Prop_lut6_I1_O)        0.105    11.112 r  u_wb/defaultClockArea_cpu/IntIssueQueuePlugin_queue_0_payload_rRegs_1_payload[2]_i_2/O
                         net (fo=1, routed)           0.343    11.455    u_wb/defaultClockArea_cpu/IntIssueQueuePlugin_queue_0_payload_rRegs_1_payload[2]_i_2_n_0
    SLICE_X71Y106        LUT6 (Prop_lut6_I0_O)        0.105    11.560 r  u_wb/defaultClockArea_cpu/IntIssueQueuePlugin_queue_0_payload_rRegs_1_payload[2]_i_1/O
                         net (fo=9, routed)           1.260    12.819    u_wb/defaultClockArea_cpu/_zz_IntIssueQueuePlugin_queue_0_payload_rRegs_1_payload_7[2]
    SLICE_X53Y102        LUT4 (Prop_lut4_I0_O)        0.105    12.924 f  u_wb/defaultClockArea_cpu/IntIssueQueuePlugin_queue_0_payload_rRegs_1_valid_i_11/O
                         net (fo=1, routed)           0.907    13.831    u_wb/defaultClockArea_cpu/IntIssueQueuePlugin_queue_0_payload_rRegs_1_valid_i_11_n_0
    SLICE_X48Y100        LUT6 (Prop_lut6_I3_O)        0.105    13.936 r  u_wb/defaultClockArea_cpu/IntIssueQueuePlugin_queue_0_payload_rRegs_1_valid_i_3/O
                         net (fo=1, routed)           0.669    14.605    u_wb/defaultClockArea_cpu/weBattleMulDivUnit_1/divider/IntIssueQueuePlugin_queue_0_payload_rRegs_1_valid_reg_2
    SLICE_X42Y94         LUT5 (Prop_lut5_I1_O)        0.105    14.710 r  u_wb/defaultClockArea_cpu/weBattleMulDivUnit_1/divider/IntIssueQueuePlugin_queue_0_payload_rRegs_1_valid_i_1/O
                         net (fo=1, routed)           0.000    14.710    u_wb/defaultClockArea_cpu/weBattleMulDivUnit_1_n_78
    SLICE_X42Y94         FDRE                                         r  u_wb/defaultClockArea_cpu/IntIssueQueuePlugin_queue_0_payload_rRegs_1_valid_reg/D
  -------------------------------------------------------------------    -------------------

                         (clock aclk rise edge)      10.000    10.000 r  
    L22                                               0.000    10.000 r  aclk (IN)
                         net (fo=0)                   0.000    10.000    aclk
    L22                  IBUF (Prop_ibuf_I_O)         0.762    10.762 r  aclk_IBUF_inst/O
                         net (fo=1, routed)           1.734    12.496    aclk_IBUF
    BUFGCTRL_X0Y2        BUFG (Prop_bufg_I_O)         0.077    12.573 r  aclk_IBUF_BUFG_inst_replica_1/O
                         net (fo=4, routed)           0.112    12.685    aclk_IBUF_BUFG_repN_1
    BUFGCTRL_X0Y1        BUFG (Prop_bufg_I_O)         0.077    12.762 r  aclk_IBUF_BUFG_inst_replica/O
                         net (fo=10, routed)          0.112    12.874    aclk_IBUF_BUFG_repN
    BUFGCTRL_X0Y0        BUFG (Prop_bufg_I_O)         0.077    12.951 r  aclk_IBUF_BUFG_inst/O
                         net (fo=20580, routed)       1.439    14.390    u_wb/defaultClockArea_cpu/aclk_IBUF_BUFG
    SLICE_X42Y94         FDRE                                         r  u_wb/defaultClockArea_cpu/IntIssueQueuePlugin_queue_0_payload_rRegs_1_valid_reg/C
                         clock pessimism              0.321    14.711    
                         clock uncertainty           -0.035    14.675    
    SLICE_X42Y94         FDRE (Setup_fdre_C_D)        0.076    14.751    u_wb/defaultClockArea_cpu/IntIssueQueuePlugin_queue_0_payload_rRegs_1_valid_reg
  -------------------------------------------------------------------
                         required time                         14.751    
                         arrival time                         -14.710    
  -------------------------------------------------------------------
                         slack                                  0.041    

Slack (MET) :             0.049ns  (required time - arrival time)
  Source:                 u_wb/defaultClockArea_cpu/_zz_ROBFIFOPlugin_popPtr_reg[0]_rep__13/C
                            (rising edge-triggered cell FDCE clocked by aclk  {rise@0.000ns fall@5.000ns period=10.000ns})
  Destination:            u_wb/defaultClockArea_cpu/MMUPlugin_TLBTable_7_MAT1_reg[1]/CE
                            (rising edge-triggered cell FDCE clocked by aclk  {rise@0.000ns fall@5.000ns period=10.000ns})
  Path Group:             aclk
  Path Type:              Setup (Max at Slow Process Corner)
  Requirement:            10.000ns  (aclk rise@10.000ns - aclk rise@0.000ns)
  Data Path Delay:        9.800ns  (logic 1.394ns (14.225%)  route 8.406ns (85.775%))
  Logic Levels:           6  (LUT5=2 LUT6=3 MUXF7=1)
  Clock Path Skew:        0.052ns (DCD - SCD + CPR)
    Destination Clock Delay (DCD):    4.466ns = ( 14.466 - 10.000 ) 
    Source Clock Delay      (SCD):    4.735ns
    Clock Pessimism Removal (CPR):    0.321ns
  Clock Uncertainty:      0.035ns  ((TSJ^2 + TIJ^2)^1/2 + DJ) / 2 + PE
    Total System Jitter     (TSJ):    0.071ns
    Total Input Jitter      (TIJ):    0.000ns
    Discrete Jitter          (DJ):    0.000ns
    Phase Error              (PE):    0.000ns

    Location             Delay type                Incr(ns)  Path(ns)    Netlist Resource(s)
  -------------------------------------------------------------------    -------------------
                         (clock aclk rise edge)       0.000     0.000 r  
    L22                                               0.000     0.000 r  aclk (IN)
                         net (fo=0)                   0.000     0.000    aclk
    L22                  IBUF (Prop_ibuf_I_O)         0.893     0.893 r  aclk_IBUF_inst/O
                         net (fo=1, routed)           1.827     2.720    aclk_IBUF
    BUFGCTRL_X0Y2        BUFG (Prop_bufg_I_O)         0.081     2.801 r  aclk_IBUF_BUFG_inst_replica_1/O
                         net (fo=4, routed)           0.118     2.919    aclk_IBUF_BUFG_repN_1
    BUFGCTRL_X0Y1        BUFG (Prop_bufg_I_O)         0.081     3.000 r  aclk_IBUF_BUFG_inst_replica/O
                         net (fo=10, routed)          0.118     3.118    aclk_IBUF_BUFG_repN
    BUFGCTRL_X0Y0        BUFG (Prop_bufg_I_O)         0.081     3.199 r  aclk_IBUF_BUFG_inst/O
                         net (fo=20580, routed)       1.536     4.735    u_wb/defaultClockArea_cpu/aclk_IBUF_BUFG
    SLICE_X61Y76         FDCE                                         r  u_wb/defaultClockArea_cpu/_zz_ROBFIFOPlugin_popPtr_reg[0]_rep__13/C
  -------------------------------------------------------------------    -------------------
    SLICE_X61Y76         FDCE (Prop_fdce_C_Q)         0.379     5.114 r  u_wb/defaultClockArea_cpu/_zz_ROBFIFOPlugin_popPtr_reg[0]_rep__13/Q
                         net (fo=123, routed)         2.441     7.554    u_wb/defaultClockArea_cpu/_zz_ROBFIFOPlugin_popPtr_reg[0]_rep__13_n_0
    SLICE_X104Y89        LUT6 (Prop_lut6_I4_O)        0.105     7.659 f  u_wb/defaultClockArea_cpu/MMUPlugin_TLBIDX_INDEX[3]_i_54/O
                         net (fo=1, routed)           0.000     7.659    u_wb/defaultClockArea_cpu/MMUPlugin_TLBIDX_INDEX[3]_i_54_n_0
    SLICE_X104Y89        MUXF7 (Prop_muxf7_I1_O)      0.178     7.837 f  u_wb/defaultClockArea_cpu/MMUPlugin_TLBIDX_INDEX_reg[3]_i_19/O
                         net (fo=1, routed)           0.806     8.644    u_wb/defaultClockArea_cpu/MMUPlugin_TLBIDX_INDEX_reg[3]_i_19_n_0
    SLICE_X105Y87        LUT6 (Prop_lut6_I3_O)        0.241     8.885 f  u_wb/defaultClockArea_cpu/MMUPlugin_TLBIDX_INDEX[3]_i_6/O
                         net (fo=34, routed)          2.975    11.859    u_wb/defaultClockArea_cpu/MMUPlugin_TLBIDX_INDEX[3]_i_6_n_0
    SLICE_X37Y65         LUT5 (Prop_lut5_I0_O)        0.118    11.977 r  u_wb/defaultClockArea_cpu/MMUPlugin_TLBTable_0_ASID[9]_i_3/O
                         net (fo=29, routed)          0.741    12.718    u_wb/defaultClockArea_cpu/MMUPlugin_TLBTable_0_ASID[9]_i_3_n_0
    SLICE_X33Y59         LUT5 (Prop_lut5_I0_O)        0.268    12.986 r  u_wb/defaultClockArea_cpu/MMUPlugin_TLBTable_7_ASID[9]_i_2/O
                         net (fo=2, routed)           0.560    13.546    u_wb/defaultClockArea_cpu/MMUPlugin_TLBTable_7_ASID[9]_i_2_n_0
    SLICE_X39Y59         LUT6 (Prop_lut6_I0_O)        0.105    13.651 r  u_wb/defaultClockArea_cpu/MMUPlugin_TLBTable_7_ASID[9]_i_1/O
                         net (fo=88, routed)          0.884    14.534    u_wb/defaultClockArea_cpu/MMUPlugin_TLBTable_7_ASID[9]_i_1_n_0
    SLICE_X37Y52         FDCE                                         r  u_wb/defaultClockArea_cpu/MMUPlugin_TLBTable_7_MAT1_reg[1]/CE
  -------------------------------------------------------------------    -------------------

                         (clock aclk rise edge)      10.000    10.000 r  
    L22                                               0.000    10.000 r  aclk (IN)
                         net (fo=0)                   0.000    10.000    aclk
    L22                  IBUF (Prop_ibuf_I_O)         0.762    10.762 r  aclk_IBUF_inst/O
                         net (fo=1, routed)           1.734    12.496    aclk_IBUF
    BUFGCTRL_X0Y2        BUFG (Prop_bufg_I_O)         0.077    12.573 r  aclk_IBUF_BUFG_inst_replica_1/O
                         net (fo=4, routed)           0.112    12.685    aclk_IBUF_BUFG_repN_1
    BUFGCTRL_X0Y1        BUFG (Prop_bufg_I_O)         0.077    12.762 r  aclk_IBUF_BUFG_inst_replica/O
                         net (fo=10, routed)          0.112    12.874    aclk_IBUF_BUFG_repN
    BUFGCTRL_X0Y0        BUFG (Prop_bufg_I_O)         0.077    12.951 r  aclk_IBUF_BUFG_inst/O
                         net (fo=20580, routed)       1.515    14.466    u_wb/defaultClockArea_cpu/aclk_IBUF_BUFG
    SLICE_X37Y52         FDCE                                         r  u_wb/defaultClockArea_cpu/MMUPlugin_TLBTable_7_MAT1_reg[1]/C
                         clock pessimism              0.321    14.787    
                         clock uncertainty           -0.035    14.751    
    SLICE_X37Y52         FDCE (Setup_fdce_C_CE)      -0.168    14.583    u_wb/defaultClockArea_cpu/MMUPlugin_TLBTable_7_MAT1_reg[1]
  -------------------------------------------------------------------
                         required time                         14.583    
                         arrival time                         -14.534    
  -------------------------------------------------------------------
                         slack                                  0.049    

Slack (MET) :             0.049ns  (required time - arrival time)
  Source:                 u_wb/defaultClockArea_cpu/_zz_ROBFIFOPlugin_popPtr_reg[0]_rep__13/C
                            (rising edge-triggered cell FDCE clocked by aclk  {rise@0.000ns fall@5.000ns period=10.000ns})
  Destination:            u_wb/defaultClockArea_cpu/MMUPlugin_TLBTable_7_PLV0_reg[1]/CE
                            (rising edge-triggered cell FDCE clocked by aclk  {rise@0.000ns fall@5.000ns period=10.000ns})
  Path Group:             aclk
  Path Type:              Setup (Max at Slow Process Corner)
  Requirement:            10.000ns  (aclk rise@10.000ns - aclk rise@0.000ns)
  Data Path Delay:        9.800ns  (logic 1.394ns (14.225%)  route 8.406ns (85.775%))
  Logic Levels:           6  (LUT5=2 LUT6=3 MUXF7=1)
  Clock Path Skew:        0.052ns (DCD - SCD + CPR)
    Destination Clock Delay (DCD):    4.466ns = ( 14.466 - 10.000 ) 
    Source Clock Delay      (SCD):    4.735ns
    Clock Pessimism Removal (CPR):    0.321ns
  Clock Uncertainty:      0.035ns  ((TSJ^2 + TIJ^2)^1/2 + DJ) / 2 + PE
    Total System Jitter     (TSJ):    0.071ns
    Total Input Jitter      (TIJ):    0.000ns
    Discrete Jitter          (DJ):    0.000ns
    Phase Error              (PE):    0.000ns

    Location             Delay type                Incr(ns)  Path(ns)    Netlist Resource(s)
  -------------------------------------------------------------------    -------------------
                         (clock aclk rise edge)       0.000     0.000 r  
    L22                                               0.000     0.000 r  aclk (IN)
                         net (fo=0)                   0.000     0.000    aclk
    L22                  IBUF (Prop_ibuf_I_O)         0.893     0.893 r  aclk_IBUF_inst/O
                         net (fo=1, routed)           1.827     2.720    aclk_IBUF
    BUFGCTRL_X0Y2        BUFG (Prop_bufg_I_O)         0.081     2.801 r  aclk_IBUF_BUFG_inst_replica_1/O
                         net (fo=4, routed)           0.118     2.919    aclk_IBUF_BUFG_repN_1
    BUFGCTRL_X0Y1        BUFG (Prop_bufg_I_O)         0.081     3.000 r  aclk_IBUF_BUFG_inst_replica/O
                         net (fo=10, routed)          0.118     3.118    aclk_IBUF_BUFG_repN
    BUFGCTRL_X0Y0        BUFG (Prop_bufg_I_O)         0.081     3.199 r  aclk_IBUF_BUFG_inst/O
                         net (fo=20580, routed)       1.536     4.735    u_wb/defaultClockArea_cpu/aclk_IBUF_BUFG
    SLICE_X61Y76         FDCE                                         r  u_wb/defaultClockArea_cpu/_zz_ROBFIFOPlugin_popPtr_reg[0]_rep__13/C
  -------------------------------------------------------------------    -------------------
    SLICE_X61Y76         FDCE (Prop_fdce_C_Q)         0.379     5.114 r  u_wb/defaultClockArea_cpu/_zz_ROBFIFOPlugin_popPtr_reg[0]_rep__13/Q
                         net (fo=123, routed)         2.441     7.554    u_wb/defaultClockArea_cpu/_zz_ROBFIFOPlugin_popPtr_reg[0]_rep__13_n_0
    SLICE_X104Y89        LUT6 (Prop_lut6_I4_O)        0.105     7.659 f  u_wb/defaultClockArea_cpu/MMUPlugin_TLBIDX_INDEX[3]_i_54/O
                         net (fo=1, routed)           0.000     7.659    u_wb/defaultClockArea_cpu/MMUPlugin_TLBIDX_INDEX[3]_i_54_n_0
    SLICE_X104Y89        MUXF7 (Prop_muxf7_I1_O)      0.178     7.837 f  u_wb/defaultClockArea_cpu/MMUPlugin_TLBIDX_INDEX_reg[3]_i_19/O
                         net (fo=1, routed)           0.806     8.644    u_wb/defaultClockArea_cpu/MMUPlugin_TLBIDX_INDEX_reg[3]_i_19_n_0
    SLICE_X105Y87        LUT6 (Prop_lut6_I3_O)        0.241     8.885 f  u_wb/defaultClockArea_cpu/MMUPlugin_TLBIDX_INDEX[3]_i_6/O
                         net (fo=34, routed)          2.975    11.859    u_wb/defaultClockArea_cpu/MMUPlugin_TLBIDX_INDEX[3]_i_6_n_0
    SLICE_X37Y65         LUT5 (Prop_lut5_I0_O)        0.118    11.977 r  u_wb/defaultClockArea_cpu/MMUPlugin_TLBTable_0_ASID[9]_i_3/O
                         net (fo=29, routed)          0.741    12.718    u_wb/defaultClockArea_cpu/MMUPlugin_TLBTable_0_ASID[9]_i_3_n_0
    SLICE_X33Y59         LUT5 (Prop_lut5_I0_O)        0.268    12.986 r  u_wb/defaultClockArea_cpu/MMUPlugin_TLBTable_7_ASID[9]_i_2/O
                         net (fo=2, routed)           0.560    13.546    u_wb/defaultClockArea_cpu/MMUPlugin_TLBTable_7_ASID[9]_i_2_n_0
    SLICE_X39Y59         LUT6 (Prop_lut6_I0_O)        0.105    13.651 r  u_wb/defaultClockArea_cpu/MMUPlugin_TLBTable_7_ASID[9]_i_1/O
                         net (fo=88, routed)          0.884    14.534    u_wb/defaultClockArea_cpu/MMUPlugin_TLBTable_7_ASID[9]_i_1_n_0
    SLICE_X37Y52         FDCE                                         r  u_wb/defaultClockArea_cpu/MMUPlugin_TLBTable_7_PLV0_reg[1]/CE
  -------------------------------------------------------------------    -------------------

                         (clock aclk rise edge)      10.000    10.000 r  
    L22                                               0.000    10.000 r  aclk (IN)
                         net (fo=0)                   0.000    10.000    aclk
    L22                  IBUF (Prop_ibuf_I_O)         0.762    10.762 r  aclk_IBUF_inst/O
                         net (fo=1, routed)           1.734    12.496    aclk_IBUF
    BUFGCTRL_X0Y2        BUFG (Prop_bufg_I_O)         0.077    12.573 r  aclk_IBUF_BUFG_inst_replica_1/O
                         net (fo=4, routed)           0.112    12.685    aclk_IBUF_BUFG_repN_1
    BUFGCTRL_X0Y1        BUFG (Prop_bufg_I_O)         0.077    12.762 r  aclk_IBUF_BUFG_inst_replica/O
                         net (fo=10, routed)          0.112    12.874    aclk_IBUF_BUFG_repN
    BUFGCTRL_X0Y0        BUFG (Prop_bufg_I_O)         0.077    12.951 r  aclk_IBUF_BUFG_inst/O
                         net (fo=20580, routed)       1.515    14.466    u_wb/defaultClockArea_cpu/aclk_IBUF_BUFG
    SLICE_X37Y52         FDCE                                         r  u_wb/defaultClockArea_cpu/MMUPlugin_TLBTable_7_PLV0_reg[1]/C
                         clock pessimism              0.321    14.787    
                         clock uncertainty           -0.035    14.751    
    SLICE_X37Y52         FDCE (Setup_fdce_C_CE)      -0.168    14.583    u_wb/defaultClockArea_cpu/MMUPlugin_TLBTable_7_PLV0_reg[1]
  -------------------------------------------------------------------
                         required time                         14.583    
                         arrival time                         -14.534    
  -------------------------------------------------------------------
                         slack                                  0.049    

Slack (MET) :             0.049ns  (required time - arrival time)
  Source:                 u_wb/defaultClockArea_cpu/_zz_ROBFIFOPlugin_popPtr_reg[0]_rep__13/C
                            (rising edge-triggered cell FDCE clocked by aclk  {rise@0.000ns fall@5.000ns period=10.000ns})
  Destination:            u_wb/defaultClockArea_cpu/MMUPlugin_TLBTable_7_PPN1_reg[15]/CE
                            (rising edge-triggered cell FDCE clocked by aclk  {rise@0.000ns fall@5.000ns period=10.000ns})
  Path Group:             aclk
  Path Type:              Setup (Max at Slow Process Corner)
  Requirement:            10.000ns  (aclk rise@10.000ns - aclk rise@0.000ns)
  Data Path Delay:        9.800ns  (logic 1.394ns (14.225%)  route 8.406ns (85.775%))
  Logic Levels:           6  (LUT5=2 LUT6=3 MUXF7=1)
  Clock Path Skew:        0.052ns (DCD - SCD + CPR)
    Destination Clock Delay (DCD):    4.466ns = ( 14.466 - 10.000 ) 
    Source Clock Delay      (SCD):    4.735ns
    Clock Pessimism Removal (CPR):    0.321ns
  Clock Uncertainty:      0.035ns  ((TSJ^2 + TIJ^2)^1/2 + DJ) / 2 + PE
    Total System Jitter     (TSJ):    0.071ns
    Total Input Jitter      (TIJ):    0.000ns
    Discrete Jitter          (DJ):    0.000ns
    Phase Error              (PE):    0.000ns

    Location             Delay type                Incr(ns)  Path(ns)    Netlist Resource(s)
  -------------------------------------------------------------------    -------------------
                         (clock aclk rise edge)       0.000     0.000 r  
    L22                                               0.000     0.000 r  aclk (IN)
                         net (fo=0)                   0.000     0.000    aclk
    L22                  IBUF (Prop_ibuf_I_O)         0.893     0.893 r  aclk_IBUF_inst/O
                         net (fo=1, routed)           1.827     2.720    aclk_IBUF
    BUFGCTRL_X0Y2        BUFG (Prop_bufg_I_O)         0.081     2.801 r  aclk_IBUF_BUFG_inst_replica_1/O
                         net (fo=4, routed)           0.118     2.919    aclk_IBUF_BUFG_repN_1
    BUFGCTRL_X0Y1        BUFG (Prop_bufg_I_O)         0.081     3.000 r  aclk_IBUF_BUFG_inst_replica/O
                         net (fo=10, routed)          0.118     3.118    aclk_IBUF_BUFG_repN
    BUFGCTRL_X0Y0        BUFG (Prop_bufg_I_O)         0.081     3.199 r  aclk_IBUF_BUFG_inst/O
                         net (fo=20580, routed)       1.536     4.735    u_wb/defaultClockArea_cpu/aclk_IBUF_BUFG
    SLICE_X61Y76         FDCE                                         r  u_wb/defaultClockArea_cpu/_zz_ROBFIFOPlugin_popPtr_reg[0]_rep__13/C
  -------------------------------------------------------------------    -------------------
    SLICE_X61Y76         FDCE (Prop_fdce_C_Q)         0.379     5.114 r  u_wb/defaultClockArea_cpu/_zz_ROBFIFOPlugin_popPtr_reg[0]_rep__13/Q
                         net (fo=123, routed)         2.441     7.554    u_wb/defaultClockArea_cpu/_zz_ROBFIFOPlugin_popPtr_reg[0]_rep__13_n_0
    SLICE_X104Y89        LUT6 (Prop_lut6_I4_O)        0.105     7.659 f  u_wb/defaultClockArea_cpu/MMUPlugin_TLBIDX_INDEX[3]_i_54/O
                         net (fo=1, routed)           0.000     7.659    u_wb/defaultClockArea_cpu/MMUPlugin_TLBIDX_INDEX[3]_i_54_n_0
    SLICE_X104Y89        MUXF7 (Prop_muxf7_I1_O)      0.178     7.837 f  u_wb/defaultClockArea_cpu/MMUPlugin_TLBIDX_INDEX_reg[3]_i_19/O
                         net (fo=1, routed)           0.806     8.644    u_wb/defaultClockArea_cpu/MMUPlugin_TLBIDX_INDEX_reg[3]_i_19_n_0
    SLICE_X105Y87        LUT6 (Prop_lut6_I3_O)        0.241     8.885 f  u_wb/defaultClockArea_cpu/MMUPlugin_TLBIDX_INDEX[3]_i_6/O
                         net (fo=34, routed)          2.975    11.859    u_wb/defaultClockArea_cpu/MMUPlugin_TLBIDX_INDEX[3]_i_6_n_0
    SLICE_X37Y65         LUT5 (Prop_lut5_I0_O)        0.118    11.977 r  u_wb/defaultClockArea_cpu/MMUPlugin_TLBTable_0_ASID[9]_i_3/O
                         net (fo=29, routed)          0.741    12.718    u_wb/defaultClockArea_cpu/MMUPlugin_TLBTable_0_ASID[9]_i_3_n_0
    SLICE_X33Y59         LUT5 (Prop_lut5_I0_O)        0.268    12.986 r  u_wb/defaultClockArea_cpu/MMUPlugin_TLBTable_7_ASID[9]_i_2/O
                         net (fo=2, routed)           0.560    13.546    u_wb/defaultClockArea_cpu/MMUPlugin_TLBTable_7_ASID[9]_i_2_n_0
    SLICE_X39Y59         LUT6 (Prop_lut6_I0_O)        0.105    13.651 r  u_wb/defaultClockArea_cpu/MMUPlugin_TLBTable_7_ASID[9]_i_1/O
                         net (fo=88, routed)          0.884    14.534    u_wb/defaultClockArea_cpu/MMUPlugin_TLBTable_7_ASID[9]_i_1_n_0
    SLICE_X37Y52         FDCE                                         r  u_wb/defaultClockArea_cpu/MMUPlugin_TLBTable_7_PPN1_reg[15]/CE
  -------------------------------------------------------------------    -------------------

                         (clock aclk rise edge)      10.000    10.000 r  
    L22                                               0.000    10.000 r  aclk (IN)
                         net (fo=0)                   0.000    10.000    aclk
    L22                  IBUF (Prop_ibuf_I_O)         0.762    10.762 r  aclk_IBUF_inst/O
                         net (fo=1, routed)           1.734    12.496    aclk_IBUF
    BUFGCTRL_X0Y2        BUFG (Prop_bufg_I_O)         0.077    12.573 r  aclk_IBUF_BUFG_inst_replica_1/O
                         net (fo=4, routed)           0.112    12.685    aclk_IBUF_BUFG_repN_1
    BUFGCTRL_X0Y1        BUFG (Prop_bufg_I_O)         0.077    12.762 r  aclk_IBUF_BUFG_inst_replica/O
                         net (fo=10, routed)          0.112    12.874    aclk_IBUF_BUFG_repN
    BUFGCTRL_X0Y0        BUFG (Prop_bufg_I_O)         0.077    12.951 r  aclk_IBUF_BUFG_inst/O
                         net (fo=20580, routed)       1.515    14.466    u_wb/defaultClockArea_cpu/aclk_IBUF_BUFG
    SLICE_X37Y52         FDCE                                         r  u_wb/defaultClockArea_cpu/MMUPlugin_TLBTable_7_PPN1_reg[15]/C
                         clock pessimism              0.321    14.787    
                         clock uncertainty           -0.035    14.751    
    SLICE_X37Y52         FDCE (Setup_fdce_C_CE)      -0.168    14.583    u_wb/defaultClockArea_cpu/MMUPlugin_TLBTable_7_PPN1_reg[15]
  -------------------------------------------------------------------
                         required time                         14.583    
                         arrival time                         -14.534    
  -------------------------------------------------------------------
                         slack                                  0.049    

Slack (MET) :             0.049ns  (required time - arrival time)
  Source:                 u_wb/defaultClockArea_cpu/_zz_ROBFIFOPlugin_popPtr_reg[0]_rep__13/C
                            (rising edge-triggered cell FDCE clocked by aclk  {rise@0.000ns fall@5.000ns period=10.000ns})
  Destination:            u_wb/defaultClockArea_cpu/MMUPlugin_TLBTable_7_PPN1_reg[18]/CE
                            (rising edge-triggered cell FDCE clocked by aclk  {rise@0.000ns fall@5.000ns period=10.000ns})
  Path Group:             aclk
  Path Type:              Setup (Max at Slow Process Corner)
  Requirement:            10.000ns  (aclk rise@10.000ns - aclk rise@0.000ns)
  Data Path Delay:        9.800ns  (logic 1.394ns (14.225%)  route 8.406ns (85.775%))
  Logic Levels:           6  (LUT5=2 LUT6=3 MUXF7=1)
  Clock Path Skew:        0.052ns (DCD - SCD + CPR)
    Destination Clock Delay (DCD):    4.466ns = ( 14.466 - 10.000 ) 
    Source Clock Delay      (SCD):    4.735ns
    Clock Pessimism Removal (CPR):    0.321ns
  Clock Uncertainty:      0.035ns  ((TSJ^2 + TIJ^2)^1/2 + DJ) / 2 + PE
    Total System Jitter     (TSJ):    0.071ns
    Total Input Jitter      (TIJ):    0.000ns
    Discrete Jitter          (DJ):    0.000ns
    Phase Error              (PE):    0.000ns

    Location             Delay type                Incr(ns)  Path(ns)    Netlist Resource(s)
  -------------------------------------------------------------------    -------------------
                         (clock aclk rise edge)       0.000     0.000 r  
    L22                                               0.000     0.000 r  aclk (IN)
                         net (fo=0)                   0.000     0.000    aclk
    L22                  IBUF (Prop_ibuf_I_O)         0.893     0.893 r  aclk_IBUF_inst/O
                         net (fo=1, routed)           1.827     2.720    aclk_IBUF
    BUFGCTRL_X0Y2        BUFG (Prop_bufg_I_O)         0.081     2.801 r  aclk_IBUF_BUFG_inst_replica_1/O
                         net (fo=4, routed)           0.118     2.919    aclk_IBUF_BUFG_repN_1
    BUFGCTRL_X0Y1        BUFG (Prop_bufg_I_O)         0.081     3.000 r  aclk_IBUF_BUFG_inst_replica/O
                         net (fo=10, routed)          0.118     3.118    aclk_IBUF_BUFG_repN
    BUFGCTRL_X0Y0        BUFG (Prop_bufg_I_O)         0.081     3.199 r  aclk_IBUF_BUFG_inst/O
                         net (fo=20580, routed)       1.536     4.735    u_wb/defaultClockArea_cpu/aclk_IBUF_BUFG
    SLICE_X61Y76         FDCE                                         r  u_wb/defaultClockArea_cpu/_zz_ROBFIFOPlugin_popPtr_reg[0]_rep__13/C
  -------------------------------------------------------------------    -------------------
    SLICE_X61Y76         FDCE (Prop_fdce_C_Q)         0.379     5.114 r  u_wb/defaultClockArea_cpu/_zz_ROBFIFOPlugin_popPtr_reg[0]_rep__13/Q
                         net (fo=123, routed)         2.441     7.554    u_wb/defaultClockArea_cpu/_zz_ROBFIFOPlugin_popPtr_reg[0]_rep__13_n_0
    SLICE_X104Y89        LUT6 (Prop_lut6_I4_O)        0.105     7.659 f  u_wb/defaultClockArea_cpu/MMUPlugin_TLBIDX_INDEX[3]_i_54/O
                         net (fo=1, routed)           0.000     7.659    u_wb/defaultClockArea_cpu/MMUPlugin_TLBIDX_INDEX[3]_i_54_n_0
    SLICE_X104Y89        MUXF7 (Prop_muxf7_I1_O)      0.178     7.837 f  u_wb/defaultClockArea_cpu/MMUPlugin_TLBIDX_INDEX_reg[3]_i_19/O
                         net (fo=1, routed)           0.806     8.644    u_wb/defaultClockArea_cpu/MMUPlugin_TLBIDX_INDEX_reg[3]_i_19_n_0
    SLICE_X105Y87        LUT6 (Prop_lut6_I3_O)        0.241     8.885 f  u_wb/defaultClockArea_cpu/MMUPlugin_TLBIDX_INDEX[3]_i_6/O
                         net (fo=34, routed)          2.975    11.859    u_wb/defaultClockArea_cpu/MMUPlugin_TLBIDX_INDEX[3]_i_6_n_0
    SLICE_X37Y65         LUT5 (Prop_lut5_I0_O)        0.118    11.977 r  u_wb/defaultClockArea_cpu/MMUPlugin_TLBTable_0_ASID[9]_i_3/O
                         net (fo=29, routed)          0.741    12.718    u_wb/defaultClockArea_cpu/MMUPlugin_TLBTable_0_ASID[9]_i_3_n_0
    SLICE_X33Y59         LUT5 (Prop_lut5_I0_O)        0.268    12.986 r  u_wb/defaultClockArea_cpu/MMUPlugin_TLBTable_7_ASID[9]_i_2/O
                         net (fo=2, routed)           0.560    13.546    u_wb/defaultClockArea_cpu/MMUPlugin_TLBTable_7_ASID[9]_i_2_n_0
    SLICE_X39Y59         LUT6 (Prop_lut6_I0_O)        0.105    13.651 r  u_wb/defaultClockArea_cpu/MMUPlugin_TLBTable_7_ASID[9]_i_1/O
                         net (fo=88, routed)          0.884    14.534    u_wb/defaultClockArea_cpu/MMUPlugin_TLBTable_7_ASID[9]_i_1_n_0
    SLICE_X37Y52         FDCE                                         r  u_wb/defaultClockArea_cpu/MMUPlugin_TLBTable_7_PPN1_reg[18]/CE
  -------------------------------------------------------------------    -------------------

                         (clock aclk rise edge)      10.000    10.000 r  
    L22                                               0.000    10.000 r  aclk (IN)
                         net (fo=0)                   0.000    10.000    aclk
    L22                  IBUF (Prop_ibuf_I_O)         0.762    10.762 r  aclk_IBUF_inst/O
                         net (fo=1, routed)           1.734    12.496    aclk_IBUF
    BUFGCTRL_X0Y2        BUFG (Prop_bufg_I_O)         0.077    12.573 r  aclk_IBUF_BUFG_inst_replica_1/O
                         net (fo=4, routed)           0.112    12.685    aclk_IBUF_BUFG_repN_1
    BUFGCTRL_X0Y1        BUFG (Prop_bufg_I_O)         0.077    12.762 r  aclk_IBUF_BUFG_inst_replica/O
                         net (fo=10, routed)          0.112    12.874    aclk_IBUF_BUFG_repN
    BUFGCTRL_X0Y0        BUFG (Prop_bufg_I_O)         0.077    12.951 r  aclk_IBUF_BUFG_inst/O
                         net (fo=20580, routed)       1.515    14.466    u_wb/defaultClockArea_cpu/aclk_IBUF_BUFG
    SLICE_X37Y52         FDCE                                         r  u_wb/defaultClockArea_cpu/MMUPlugin_TLBTable_7_PPN1_reg[18]/C
                         clock pessimism              0.321    14.787    
                         clock uncertainty           -0.035    14.751    
    SLICE_X37Y52         FDCE (Setup_fdce_C_CE)      -0.168    14.583    u_wb/defaultClockArea_cpu/MMUPlugin_TLBTable_7_PPN1_reg[18]
  -------------------------------------------------------------------
                         required time                         14.583    
                         arrival time                         -14.534    
  -------------------------------------------------------------------
                         slack                                  0.049    

Slack (MET) :             0.049ns  (required time - arrival time)
  Source:                 u_wb/defaultClockArea_cpu/_zz_ROBFIFOPlugin_popPtr_reg[0]_rep__13/C
                            (rising edge-triggered cell FDCE clocked by aclk  {rise@0.000ns fall@5.000ns period=10.000ns})
  Destination:            u_wb/defaultClockArea_cpu/MMUPlugin_TLBTable_7_PS_reg[3]/CE
                            (rising edge-triggered cell FDCE clocked by aclk  {rise@0.000ns fall@5.000ns period=10.000ns})
  Path Group:             aclk
  Path Type:              Setup (Max at Slow Process Corner)
  Requirement:            10.000ns  (aclk rise@10.000ns - aclk rise@0.000ns)
  Data Path Delay:        9.800ns  (logic 1.394ns (14.225%)  route 8.406ns (85.775%))
  Logic Levels:           6  (LUT5=2 LUT6=3 MUXF7=1)
  Clock Path Skew:        0.052ns (DCD - SCD + CPR)
    Destination Clock Delay (DCD):    4.466ns = ( 14.466 - 10.000 ) 
    Source Clock Delay      (SCD):    4.735ns
    Clock Pessimism Removal (CPR):    0.321ns
  Clock Uncertainty:      0.035ns  ((TSJ^2 + TIJ^2)^1/2 + DJ) / 2 + PE
    Total System Jitter     (TSJ):    0.071ns
    Total Input Jitter      (TIJ):    0.000ns
    Discrete Jitter          (DJ):    0.000ns
    Phase Error              (PE):    0.000ns

    Location             Delay type                Incr(ns)  Path(ns)    Netlist Resource(s)
  -------------------------------------------------------------------    -------------------
                         (clock aclk rise edge)       0.000     0.000 r  
    L22                                               0.000     0.000 r  aclk (IN)
                         net (fo=0)                   0.000     0.000    aclk
    L22                  IBUF (Prop_ibuf_I_O)         0.893     0.893 r  aclk_IBUF_inst/O
                         net (fo=1, routed)           1.827     2.720    aclk_IBUF
    BUFGCTRL_X0Y2        BUFG (Prop_bufg_I_O)         0.081     2.801 r  aclk_IBUF_BUFG_inst_replica_1/O
                         net (fo=4, routed)           0.118     2.919    aclk_IBUF_BUFG_repN_1
    BUFGCTRL_X0Y1        BUFG (Prop_bufg_I_O)         0.081     3.000 r  aclk_IBUF_BUFG_inst_replica/O
                         net (fo=10, routed)          0.118     3.118    aclk_IBUF_BUFG_repN
    BUFGCTRL_X0Y0        BUFG (Prop_bufg_I_O)         0.081     3.199 r  aclk_IBUF_BUFG_inst/O
                         net (fo=20580, routed)       1.536     4.735    u_wb/defaultClockArea_cpu/aclk_IBUF_BUFG
    SLICE_X61Y76         FDCE                                         r  u_wb/defaultClockArea_cpu/_zz_ROBFIFOPlugin_popPtr_reg[0]_rep__13/C
  -------------------------------------------------------------------    -------------------
    SLICE_X61Y76         FDCE (Prop_fdce_C_Q)         0.379     5.114 r  u_wb/defaultClockArea_cpu/_zz_ROBFIFOPlugin_popPtr_reg[0]_rep__13/Q
                         net (fo=123, routed)         2.441     7.554    u_wb/defaultClockArea_cpu/_zz_ROBFIFOPlugin_popPtr_reg[0]_rep__13_n_0
    SLICE_X104Y89        LUT6 (Prop_lut6_I4_O)        0.105     7.659 f  u_wb/defaultClockArea_cpu/MMUPlugin_TLBIDX_INDEX[3]_i_54/O
                         net (fo=1, routed)           0.000     7.659    u_wb/defaultClockArea_cpu/MMUPlugin_TLBIDX_INDEX[3]_i_54_n_0
    SLICE_X104Y89        MUXF7 (Prop_muxf7_I1_O)      0.178     7.837 f  u_wb/defaultClockArea_cpu/MMUPlugin_TLBIDX_INDEX_reg[3]_i_19/O
                         net (fo=1, routed)           0.806     8.644    u_wb/defaultClockArea_cpu/MMUPlugin_TLBIDX_INDEX_reg[3]_i_19_n_0
    SLICE_X105Y87        LUT6 (Prop_lut6_I3_O)        0.241     8.885 f  u_wb/defaultClockArea_cpu/MMUPlugin_TLBIDX_INDEX[3]_i_6/O
                         net (fo=34, routed)          2.975    11.859    u_wb/defaultClockArea_cpu/MMUPlugin_TLBIDX_INDEX[3]_i_6_n_0
    SLICE_X37Y65         LUT5 (Prop_lut5_I0_O)        0.118    11.977 r  u_wb/defaultClockArea_cpu/MMUPlugin_TLBTable_0_ASID[9]_i_3/O
                         net (fo=29, routed)          0.741    12.718    u_wb/defaultClockArea_cpu/MMUPlugin_TLBTable_0_ASID[9]_i_3_n_0
    SLICE_X33Y59         LUT5 (Prop_lut5_I0_O)        0.268    12.986 r  u_wb/defaultClockArea_cpu/MMUPlugin_TLBTable_7_ASID[9]_i_2/O
                         net (fo=2, routed)           0.560    13.546    u_wb/defaultClockArea_cpu/MMUPlugin_TLBTable_7_ASID[9]_i_2_n_0
    SLICE_X39Y59         LUT6 (Prop_lut6_I0_O)        0.105    13.651 r  u_wb/defaultClockArea_cpu/MMUPlugin_TLBTable_7_ASID[9]_i_1/O
                         net (fo=88, routed)          0.884    14.534    u_wb/defaultClockArea_cpu/MMUPlugin_TLBTable_7_ASID[9]_i_1_n_0
    SLICE_X37Y52         FDCE                                         r  u_wb/defaultClockArea_cpu/MMUPlugin_TLBTable_7_PS_reg[3]/CE
  -------------------------------------------------------------------    -------------------

                         (clock aclk rise edge)      10.000    10.000 r  
    L22                                               0.000    10.000 r  aclk (IN)
                         net (fo=0)                   0.000    10.000    aclk
    L22                  IBUF (Prop_ibuf_I_O)         0.762    10.762 r  aclk_IBUF_inst/O
                         net (fo=1, routed)           1.734    12.496    aclk_IBUF
    BUFGCTRL_X0Y2        BUFG (Prop_bufg_I_O)         0.077    12.573 r  aclk_IBUF_BUFG_inst_replica_1/O
                         net (fo=4, routed)           0.112    12.685    aclk_IBUF_BUFG_repN_1
    BUFGCTRL_X0Y1        BUFG (Prop_bufg_I_O)         0.077    12.762 r  aclk_IBUF_BUFG_inst_replica/O
                         net (fo=10, routed)          0.112    12.874    aclk_IBUF_BUFG_repN
    BUFGCTRL_X0Y0        BUFG (Prop_bufg_I_O)         0.077    12.951 r  aclk_IBUF_BUFG_inst/O
                         net (fo=20580, routed)       1.515    14.466    u_wb/defaultClockArea_cpu/aclk_IBUF_BUFG
    SLICE_X37Y52         FDCE                                         r  u_wb/defaultClockArea_cpu/MMUPlugin_TLBTable_7_PS_reg[3]/C
                         clock pessimism              0.321    14.787    
                         clock uncertainty           -0.035    14.751    
    SLICE_X37Y52         FDCE (Setup_fdce_C_CE)      -0.168    14.583    u_wb/defaultClockArea_cpu/MMUPlugin_TLBTable_7_PS_reg[3]
  -------------------------------------------------------------------
                         required time                         14.583    
                         arrival time                         -14.534    
  -------------------------------------------------------------------
                         slack                                  0.049    

Slack (MET) :             0.049ns  (required time - arrival time)
  Source:                 u_wb/defaultClockArea_cpu/_zz_ROBFIFOPlugin_popPtr_reg[0]_rep__13/C
                            (rising edge-triggered cell FDCE clocked by aclk  {rise@0.000ns fall@5.000ns period=10.000ns})
  Destination:            u_wb/defaultClockArea_cpu/MMUPlugin_TLBTable_7_PS_reg[5]/CE
                            (rising edge-triggered cell FDCE clocked by aclk  {rise@0.000ns fall@5.000ns period=10.000ns})
  Path Group:             aclk
  Path Type:              Setup (Max at Slow Process Corner)
  Requirement:            10.000ns  (aclk rise@10.000ns - aclk rise@0.000ns)
  Data Path Delay:        9.800ns  (logic 1.394ns (14.225%)  route 8.406ns (85.775%))
  Logic Levels:           6  (LUT5=2 LUT6=3 MUXF7=1)
  Clock Path Skew:        0.052ns (DCD - SCD + CPR)
    Destination Clock Delay (DCD):    4.466ns = ( 14.466 - 10.000 ) 
    Source Clock Delay      (SCD):    4.735ns
    Clock Pessimism Removal (CPR):    0.321ns
  Clock Uncertainty:      0.035ns  ((TSJ^2 + TIJ^2)^1/2 + DJ) / 2 + PE
    Total System Jitter     (TSJ):    0.071ns
    Total Input Jitter      (TIJ):    0.000ns
    Discrete Jitter          (DJ):    0.000ns
    Phase Error              (PE):    0.000ns

    Location             Delay type                Incr(ns)  Path(ns)    Netlist Resource(s)
  -------------------------------------------------------------------    -------------------
                         (clock aclk rise edge)       0.000     0.000 r  
    L22                                               0.000     0.000 r  aclk (IN)
                         net (fo=0)                   0.000     0.000    aclk
    L22                  IBUF (Prop_ibuf_I_O)         0.893     0.893 r  aclk_IBUF_inst/O
                         net (fo=1, routed)           1.827     2.720    aclk_IBUF
    BUFGCTRL_X0Y2        BUFG (Prop_bufg_I_O)         0.081     2.801 r  aclk_IBUF_BUFG_inst_replica_1/O
                         net (fo=4, routed)           0.118     2.919    aclk_IBUF_BUFG_repN_1
    BUFGCTRL_X0Y1        BUFG (Prop_bufg_I_O)         0.081     3.000 r  aclk_IBUF_BUFG_inst_replica/O
                         net (fo=10, routed)          0.118     3.118    aclk_IBUF_BUFG_repN
    BUFGCTRL_X0Y0        BUFG (Prop_bufg_I_O)         0.081     3.199 r  aclk_IBUF_BUFG_inst/O
                         net (fo=20580, routed)       1.536     4.735    u_wb/defaultClockArea_cpu/aclk_IBUF_BUFG
    SLICE_X61Y76         FDCE                                         r  u_wb/defaultClockArea_cpu/_zz_ROBFIFOPlugin_popPtr_reg[0]_rep__13/C
  -------------------------------------------------------------------    -------------------
    SLICE_X61Y76         FDCE (Prop_fdce_C_Q)         0.379     5.114 r  u_wb/defaultClockArea_cpu/_zz_ROBFIFOPlugin_popPtr_reg[0]_rep__13/Q
                         net (fo=123, routed)         2.441     7.554    u_wb/defaultClockArea_cpu/_zz_ROBFIFOPlugin_popPtr_reg[0]_rep__13_n_0
    SLICE_X104Y89        LUT6 (Prop_lut6_I4_O)        0.105     7.659 f  u_wb/defaultClockArea_cpu/MMUPlugin_TLBIDX_INDEX[3]_i_54/O
                         net (fo=1, routed)           0.000     7.659    u_wb/defaultClockArea_cpu/MMUPlugin_TLBIDX_INDEX[3]_i_54_n_0
    SLICE_X104Y89        MUXF7 (Prop_muxf7_I1_O)      0.178     7.837 f  u_wb/defaultClockArea_cpu/MMUPlugin_TLBIDX_INDEX_reg[3]_i_19/O
                         net (fo=1, routed)           0.806     8.644    u_wb/defaultClockArea_cpu/MMUPlugin_TLBIDX_INDEX_reg[3]_i_19_n_0
    SLICE_X105Y87        LUT6 (Prop_lut6_I3_O)        0.241     8.885 f  u_wb/defaultClockArea_cpu/MMUPlugin_TLBIDX_INDEX[3]_i_6/O
                         net (fo=34, routed)          2.975    11.859    u_wb/defaultClockArea_cpu/MMUPlugin_TLBIDX_INDEX[3]_i_6_n_0
    SLICE_X37Y65         LUT5 (Prop_lut5_I0_O)        0.118    11.977 r  u_wb/defaultClockArea_cpu/MMUPlugin_TLBTable_0_ASID[9]_i_3/O
                         net (fo=29, routed)          0.741    12.718    u_wb/defaultClockArea_cpu/MMUPlugin_TLBTable_0_ASID[9]_i_3_n_0
    SLICE_X33Y59         LUT5 (Prop_lut5_I0_O)        0.268    12.986 r  u_wb/defaultClockArea_cpu/MMUPlugin_TLBTable_7_ASID[9]_i_2/O
                         net (fo=2, routed)           0.560    13.546    u_wb/defaultClockArea_cpu/MMUPlugin_TLBTable_7_ASID[9]_i_2_n_0
    SLICE_X39Y59         LUT6 (Prop_lut6_I0_O)        0.105    13.651 r  u_wb/defaultClockArea_cpu/MMUPlugin_TLBTable_7_ASID[9]_i_1/O
                         net (fo=88, routed)          0.884    14.534    u_wb/defaultClockArea_cpu/MMUPlugin_TLBTable_7_ASID[9]_i_1_n_0
    SLICE_X37Y52         FDCE                                         r  u_wb/defaultClockArea_cpu/MMUPlugin_TLBTable_7_PS_reg[5]/CE
  -------------------------------------------------------------------    -------------------

                         (clock aclk rise edge)      10.000    10.000 r  
    L22                                               0.000    10.000 r  aclk (IN)
                         net (fo=0)                   0.000    10.000    aclk
    L22                  IBUF (Prop_ibuf_I_O)         0.762    10.762 r  aclk_IBUF_inst/O
                         net (fo=1, routed)           1.734    12.496    aclk_IBUF
    BUFGCTRL_X0Y2        BUFG (Prop_bufg_I_O)         0.077    12.573 r  aclk_IBUF_BUFG_inst_replica_1/O
                         net (fo=4, routed)           0.112    12.685    aclk_IBUF_BUFG_repN_1
    BUFGCTRL_X0Y1        BUFG (Prop_bufg_I_O)         0.077    12.762 r  aclk_IBUF_BUFG_inst_replica/O
                         net (fo=10, routed)          0.112    12.874    aclk_IBUF_BUFG_repN
    BUFGCTRL_X0Y0        BUFG (Prop_bufg_I_O)         0.077    12.951 r  aclk_IBUF_BUFG_inst/O
                         net (fo=20580, routed)       1.515    14.466    u_wb/defaultClockArea_cpu/aclk_IBUF_BUFG
    SLICE_X37Y52         FDCE                                         r  u_wb/defaultClockArea_cpu/MMUPlugin_TLBTable_7_PS_reg[5]/C
                         clock pessimism              0.321    14.787    
                         clock uncertainty           -0.035    14.751    
    SLICE_X37Y52         FDCE (Setup_fdce_C_CE)      -0.168    14.583    u_wb/defaultClockArea_cpu/MMUPlugin_TLBTable_7_PS_reg[5]
  -------------------------------------------------------------------
                         required time                         14.583    
                         arrival time                         -14.534    
  -------------------------------------------------------------------
                         slack                                  0.049    

Slack (MET) :             0.049ns  (required time - arrival time)
  Source:                 u_wb/defaultClockArea_cpu/_zz_ROBFIFOPlugin_popPtr_reg[0]_rep__13/C
                            (rising edge-triggered cell FDCE clocked by aclk  {rise@0.000ns fall@5.000ns period=10.000ns})
  Destination:            u_wb/defaultClockArea_cpu/MMUPlugin_TLBTable_7_VPPN_reg[3]/CE
                            (rising edge-triggered cell FDCE clocked by aclk  {rise@0.000ns fall@5.000ns period=10.000ns})
  Path Group:             aclk
  Path Type:              Setup (Max at Slow Process Corner)
  Requirement:            10.000ns  (aclk rise@10.000ns - aclk rise@0.000ns)
  Data Path Delay:        9.800ns  (logic 1.394ns (14.225%)  route 8.406ns (85.775%))
  Logic Levels:           6  (LUT5=2 LUT6=3 MUXF7=1)
  Clock Path Skew:        0.052ns (DCD - SCD + CPR)
    Destination Clock Delay (DCD):    4.466ns = ( 14.466 - 10.000 ) 
    Source Clock Delay      (SCD):    4.735ns
    Clock Pessimism Removal (CPR):    0.321ns
  Clock Uncertainty:      0.035ns  ((TSJ^2 + TIJ^2)^1/2 + DJ) / 2 + PE
    Total System Jitter     (TSJ):    0.071ns
    Total Input Jitter      (TIJ):    0.000ns
    Discrete Jitter          (DJ):    0.000ns
    Phase Error              (PE):    0.000ns

    Location             Delay type                Incr(ns)  Path(ns)    Netlist Resource(s)
  -------------------------------------------------------------------    -------------------
                         (clock aclk rise edge)       0.000     0.000 r  
    L22                                               0.000     0.000 r  aclk (IN)
                         net (fo=0)                   0.000     0.000    aclk
    L22                  IBUF (Prop_ibuf_I_O)         0.893     0.893 r  aclk_IBUF_inst/O
                         net (fo=1, routed)           1.827     2.720    aclk_IBUF
    BUFGCTRL_X0Y2        BUFG (Prop_bufg_I_O)         0.081     2.801 r  aclk_IBUF_BUFG_inst_replica_1/O
                         net (fo=4, routed)           0.118     2.919    aclk_IBUF_BUFG_repN_1
    BUFGCTRL_X0Y1        BUFG (Prop_bufg_I_O)         0.081     3.000 r  aclk_IBUF_BUFG_inst_replica/O
                         net (fo=10, routed)          0.118     3.118    aclk_IBUF_BUFG_repN
    BUFGCTRL_X0Y0        BUFG (Prop_bufg_I_O)         0.081     3.199 r  aclk_IBUF_BUFG_inst/O
                         net (fo=20580, routed)       1.536     4.735    u_wb/defaultClockArea_cpu/aclk_IBUF_BUFG
    SLICE_X61Y76         FDCE                                         r  u_wb/defaultClockArea_cpu/_zz_ROBFIFOPlugin_popPtr_reg[0]_rep__13/C
  -------------------------------------------------------------------    -------------------
    SLICE_X61Y76         FDCE (Prop_fdce_C_Q)         0.379     5.114 r  u_wb/defaultClockArea_cpu/_zz_ROBFIFOPlugin_popPtr_reg[0]_rep__13/Q
                         net (fo=123, routed)         2.441     7.554    u_wb/defaultClockArea_cpu/_zz_ROBFIFOPlugin_popPtr_reg[0]_rep__13_n_0
    SLICE_X104Y89        LUT6 (Prop_lut6_I4_O)        0.105     7.659 f  u_wb/defaultClockArea_cpu/MMUPlugin_TLBIDX_INDEX[3]_i_54/O
                         net (fo=1, routed)           0.000     7.659    u_wb/defaultClockArea_cpu/MMUPlugin_TLBIDX_INDEX[3]_i_54_n_0
    SLICE_X104Y89        MUXF7 (Prop_muxf7_I1_O)      0.178     7.837 f  u_wb/defaultClockArea_cpu/MMUPlugin_TLBIDX_INDEX_reg[3]_i_19/O
                         net (fo=1, routed)           0.806     8.644    u_wb/defaultClockArea_cpu/MMUPlugin_TLBIDX_INDEX_reg[3]_i_19_n_0
    SLICE_X105Y87        LUT6 (Prop_lut6_I3_O)        0.241     8.885 f  u_wb/defaultClockArea_cpu/MMUPlugin_TLBIDX_INDEX[3]_i_6/O
                         net (fo=34, routed)          2.975    11.859    u_wb/defaultClockArea_cpu/MMUPlugin_TLBIDX_INDEX[3]_i_6_n_0
    SLICE_X37Y65         LUT5 (Prop_lut5_I0_O)        0.118    11.977 r  u_wb/defaultClockArea_cpu/MMUPlugin_TLBTable_0_ASID[9]_i_3/O
                         net (fo=29, routed)          0.741    12.718    u_wb/defaultClockArea_cpu/MMUPlugin_TLBTable_0_ASID[9]_i_3_n_0
    SLICE_X33Y59         LUT5 (Prop_lut5_I0_O)        0.268    12.986 r  u_wb/defaultClockArea_cpu/MMUPlugin_TLBTable_7_ASID[9]_i_2/O
                         net (fo=2, routed)           0.560    13.546    u_wb/defaultClockArea_cpu/MMUPlugin_TLBTable_7_ASID[9]_i_2_n_0
    SLICE_X39Y59         LUT6 (Prop_lut6_I0_O)        0.105    13.651 r  u_wb/defaultClockArea_cpu/MMUPlugin_TLBTable_7_ASID[9]_i_1/O
                         net (fo=88, routed)          0.884    14.534    u_wb/defaultClockArea_cpu/MMUPlugin_TLBTable_7_ASID[9]_i_1_n_0
    SLICE_X37Y52         FDCE                                         r  u_wb/defaultClockArea_cpu/MMUPlugin_TLBTable_7_VPPN_reg[3]/CE
  -------------------------------------------------------------------    -------------------

                         (clock aclk rise edge)      10.000    10.000 r  
    L22                                               0.000    10.000 r  aclk (IN)
                         net (fo=0)                   0.000    10.000    aclk
    L22                  IBUF (Prop_ibuf_I_O)         0.762    10.762 r  aclk_IBUF_inst/O
                         net (fo=1, routed)           1.734    12.496    aclk_IBUF
    BUFGCTRL_X0Y2        BUFG (Prop_bufg_I_O)         0.077    12.573 r  aclk_IBUF_BUFG_inst_replica_1/O
                         net (fo=4, routed)           0.112    12.685    aclk_IBUF_BUFG_repN_1
    BUFGCTRL_X0Y1        BUFG (Prop_bufg_I_O)         0.077    12.762 r  aclk_IBUF_BUFG_inst_replica/O
                         net (fo=10, routed)          0.112    12.874    aclk_IBUF_BUFG_repN
    BUFGCTRL_X0Y0        BUFG (Prop_bufg_I_O)         0.077    12.951 r  aclk_IBUF_BUFG_inst/O
                         net (fo=20580, routed)       1.515    14.466    u_wb/defaultClockArea_cpu/aclk_IBUF_BUFG
    SLICE_X37Y52         FDCE                                         r  u_wb/defaultClockArea_cpu/MMUPlugin_TLBTable_7_VPPN_reg[3]/C
                         clock pessimism              0.321    14.787    
                         clock uncertainty           -0.035    14.751    
    SLICE_X37Y52         FDCE (Setup_fdce_C_CE)      -0.168    14.583    u_wb/defaultClockArea_cpu/MMUPlugin_TLBTable_7_VPPN_reg[3]
  -------------------------------------------------------------------
                         required time                         14.583    
                         arrival time                         -14.534    
  -------------------------------------------------------------------
                         slack                                  0.049    

Slack (MET) :             0.049ns  (required time - arrival time)
  Source:                 u_wb/defaultClockArea_cpu/_zz_ROBFIFOPlugin_popPtr_reg[0]_rep__13/C
                            (rising edge-triggered cell FDCE clocked by aclk  {rise@0.000ns fall@5.000ns period=10.000ns})
  Destination:            u_wb/defaultClockArea_cpu/MMUPlugin_TLBTable_7_VPPN_reg[5]/CE
                            (rising edge-triggered cell FDCE clocked by aclk  {rise@0.000ns fall@5.000ns period=10.000ns})
  Path Group:             aclk
  Path Type:              Setup (Max at Slow Process Corner)
  Requirement:            10.000ns  (aclk rise@10.000ns - aclk rise@0.000ns)
  Data Path Delay:        9.800ns  (logic 1.394ns (14.225%)  route 8.406ns (85.775%))
  Logic Levels:           6  (LUT5=2 LUT6=3 MUXF7=1)
  Clock Path Skew:        0.052ns (DCD - SCD + CPR)
    Destination Clock Delay (DCD):    4.466ns = ( 14.466 - 10.000 ) 
    Source Clock Delay      (SCD):    4.735ns
    Clock Pessimism Removal (CPR):    0.321ns
  Clock Uncertainty:      0.035ns  ((TSJ^2 + TIJ^2)^1/2 + DJ) / 2 + PE
    Total System Jitter     (TSJ):    0.071ns
    Total Input Jitter      (TIJ):    0.000ns
    Discrete Jitter          (DJ):    0.000ns
    Phase Error              (PE):    0.000ns

    Location             Delay type                Incr(ns)  Path(ns)    Netlist Resource(s)
  -------------------------------------------------------------------    -------------------
                         (clock aclk rise edge)       0.000     0.000 r  
    L22                                               0.000     0.000 r  aclk (IN)
                         net (fo=0)                   0.000     0.000    aclk
    L22                  IBUF (Prop_ibuf_I_O)         0.893     0.893 r  aclk_IBUF_inst/O
                         net (fo=1, routed)           1.827     2.720    aclk_IBUF
    BUFGCTRL_X0Y2        BUFG (Prop_bufg_I_O)         0.081     2.801 r  aclk_IBUF_BUFG_inst_replica_1/O
                         net (fo=4, routed)           0.118     2.919    aclk_IBUF_BUFG_repN_1
    BUFGCTRL_X0Y1        BUFG (Prop_bufg_I_O)         0.081     3.000 r  aclk_IBUF_BUFG_inst_replica/O
                         net (fo=10, routed)          0.118     3.118    aclk_IBUF_BUFG_repN
    BUFGCTRL_X0Y0        BUFG (Prop_bufg_I_O)         0.081     3.199 r  aclk_IBUF_BUFG_inst/O
                         net (fo=20580, routed)       1.536     4.735    u_wb/defaultClockArea_cpu/aclk_IBUF_BUFG
    SLICE_X61Y76         FDCE                                         r  u_wb/defaultClockArea_cpu/_zz_ROBFIFOPlugin_popPtr_reg[0]_rep__13/C
  -------------------------------------------------------------------    -------------------
    SLICE_X61Y76         FDCE (Prop_fdce_C_Q)         0.379     5.114 r  u_wb/defaultClockArea_cpu/_zz_ROBFIFOPlugin_popPtr_reg[0]_rep__13/Q
                         net (fo=123, routed)         2.441     7.554    u_wb/defaultClockArea_cpu/_zz_ROBFIFOPlugin_popPtr_reg[0]_rep__13_n_0
    SLICE_X104Y89        LUT6 (Prop_lut6_I4_O)        0.105     7.659 f  u_wb/defaultClockArea_cpu/MMUPlugin_TLBIDX_INDEX[3]_i_54/O
                         net (fo=1, routed)           0.000     7.659    u_wb/defaultClockArea_cpu/MMUPlugin_TLBIDX_INDEX[3]_i_54_n_0
    SLICE_X104Y89        MUXF7 (Prop_muxf7_I1_O)      0.178     7.837 f  u_wb/defaultClockArea_cpu/MMUPlugin_TLBIDX_INDEX_reg[3]_i_19/O
                         net (fo=1, routed)           0.806     8.644    u_wb/defaultClockArea_cpu/MMUPlugin_TLBIDX_INDEX_reg[3]_i_19_n_0
    SLICE_X105Y87        LUT6 (Prop_lut6_I3_O)        0.241     8.885 f  u_wb/defaultClockArea_cpu/MMUPlugin_TLBIDX_INDEX[3]_i_6/O
                         net (fo=34, routed)          2.975    11.859    u_wb/defaultClockArea_cpu/MMUPlugin_TLBIDX_INDEX[3]_i_6_n_0
    SLICE_X37Y65         LUT5 (Prop_lut5_I0_O)        0.118    11.977 r  u_wb/defaultClockArea_cpu/MMUPlugin_TLBTable_0_ASID[9]_i_3/O
                         net (fo=29, routed)          0.741    12.718    u_wb/defaultClockArea_cpu/MMUPlugin_TLBTable_0_ASID[9]_i_3_n_0
    SLICE_X33Y59         LUT5 (Prop_lut5_I0_O)        0.268    12.986 r  u_wb/defaultClockArea_cpu/MMUPlugin_TLBTable_7_ASID[9]_i_2/O
                         net (fo=2, routed)           0.560    13.546    u_wb/defaultClockArea_cpu/MMUPlugin_TLBTable_7_ASID[9]_i_2_n_0
    SLICE_X39Y59         LUT6 (Prop_lut6_I0_O)        0.105    13.651 r  u_wb/defaultClockArea_cpu/MMUPlugin_TLBTable_7_ASID[9]_i_1/O
                         net (fo=88, routed)          0.884    14.534    u_wb/defaultClockArea_cpu/MMUPlugin_TLBTable_7_ASID[9]_i_1_n_0
    SLICE_X37Y52         FDCE                                         r  u_wb/defaultClockArea_cpu/MMUPlugin_TLBTable_7_VPPN_reg[5]/CE
  -------------------------------------------------------------------    -------------------

                         (clock aclk rise edge)      10.000    10.000 r  
    L22                                               0.000    10.000 r  aclk (IN)
                         net (fo=0)                   0.000    10.000    aclk
    L22                  IBUF (Prop_ibuf_I_O)         0.762    10.762 r  aclk_IBUF_inst/O
                         net (fo=1, routed)           1.734    12.496    aclk_IBUF
    BUFGCTRL_X0Y2        BUFG (Prop_bufg_I_O)         0.077    12.573 r  aclk_IBUF_BUFG_inst_replica_1/O
                         net (fo=4, routed)           0.112    12.685    aclk_IBUF_BUFG_repN_1
    BUFGCTRL_X0Y1        BUFG (Prop_bufg_I_O)         0.077    12.762 r  aclk_IBUF_BUFG_inst_replica/O
                         net (fo=10, routed)          0.112    12.874    aclk_IBUF_BUFG_repN
    BUFGCTRL_X0Y0        BUFG (Prop_bufg_I_O)         0.077    12.951 r  aclk_IBUF_BUFG_inst/O
                         net (fo=20580, routed)       1.515    14.466    u_wb/defaultClockArea_cpu/aclk_IBUF_BUFG
    SLICE_X37Y52         FDCE                                         r  u_wb/defaultClockArea_cpu/MMUPlugin_TLBTable_7_VPPN_reg[5]/C
                         clock pessimism              0.321    14.787    
                         clock uncertainty           -0.035    14.751    
    SLICE_X37Y52         FDCE (Setup_fdce_C_CE)      -0.168    14.583    u_wb/defaultClockArea_cpu/MMUPlugin_TLBTable_7_VPPN_reg[5]
  -------------------------------------------------------------------
                         required time                         14.583    
                         arrival time                         -14.534    
  -------------------------------------------------------------------
                         slack                                  0.049    

Slack (MET) :             0.049ns  (required time - arrival time)
  Source:                 u_wb/defaultClockArea_cpu/_zz_ROBFIFOPlugin_popPtr_reg[0]_rep__16/C
                            (rising edge-triggered cell FDCE clocked by aclk  {rise@0.000ns fall@5.000ns period=10.000ns})
  Destination:            u_wb/defaultClockArea_cpu/WeBattlePredictorBTBPlugin_direction/globalTable/rams_2/mem/xpm_memory_base_inst/gen_wr_a.gen_word_narrow.mem_reg/ADDRBWRADDR[12]
                            (rising edge-triggered cell RAMB18E1 clocked by aclk  {rise@0.000ns fall@5.000ns period=10.000ns})
  Path Group:             aclk
  Path Type:              Setup (Max at Slow Process Corner)
  Requirement:            10.000ns  (aclk rise@10.000ns - aclk rise@0.000ns)
  Data Path Delay:        9.282ns  (logic 2.652ns (28.571%)  route 6.630ns (71.429%))
  Logic Levels:           17  (CARRY4=3 LUT2=3 LUT3=1 LUT4=2 LUT5=4 LUT6=4)
  Clock Path Skew:        0.002ns (DCD - SCD + CPR)
    Destination Clock Delay (DCD):    4.417ns = ( 14.417 - 10.000 ) 
    Source Clock Delay      (SCD):    4.736ns
    Clock Pessimism Removal (CPR):    0.321ns
  Clock Uncertainty:      0.035ns  ((TSJ^2 + TIJ^2)^1/2 + DJ) / 2 + PE
    Total System Jitter     (TSJ):    0.071ns
    Total Input Jitter      (TIJ):    0.000ns
    Discrete Jitter          (DJ):    0.000ns
    Phase Error              (PE):    0.000ns

    Location             Delay type                Incr(ns)  Path(ns)    Netlist Resource(s)
  -------------------------------------------------------------------    -------------------
                         (clock aclk rise edge)       0.000     0.000 r  
    L22                                               0.000     0.000 r  aclk (IN)
                         net (fo=0)                   0.000     0.000    aclk
    L22                  IBUF (Prop_ibuf_I_O)         0.893     0.893 r  aclk_IBUF_inst/O
                         net (fo=1, routed)           1.827     2.720    aclk_IBUF
    BUFGCTRL_X0Y2        BUFG (Prop_bufg_I_O)         0.081     2.801 r  aclk_IBUF_BUFG_inst_replica_1/O
                         net (fo=4, routed)           0.118     2.919    aclk_IBUF_BUFG_repN_1
    BUFGCTRL_X0Y1        BUFG (Prop_bufg_I_O)         0.081     3.000 r  aclk_IBUF_BUFG_inst_replica/O
                         net (fo=10, routed)          0.118     3.118    aclk_IBUF_BUFG_repN
    BUFGCTRL_X0Y0        BUFG (Prop_bufg_I_O)         0.081     3.199 r  aclk_IBUF_BUFG_inst/O
                         net (fo=20580, routed)       1.537     4.736    u_wb/defaultClockArea_cpu/aclk_IBUF_BUFG
    SLICE_X50Y74         FDCE                                         r  u_wb/defaultClockArea_cpu/_zz_ROBFIFOPlugin_popPtr_reg[0]_rep__16/C
  -------------------------------------------------------------------    -------------------
    SLICE_X50Y74         FDCE (Prop_fdce_C_Q)         0.379     5.115 r  u_wb/defaultClockArea_cpu/_zz_ROBFIFOPlugin_popPtr_reg[0]_rep__16/Q
                         net (fo=123, routed)         0.674     5.789    u_wb/defaultClockArea_cpu/WeBattlePredictorBTBPlugin_targetTable/rams_0/debug0_wb_pc_OBUF[31]_inst_i_113
    SLICE_X53Y81         LUT3 (Prop_lut3_I1_O)        0.105     5.894 r  u_wb/defaultClockArea_cpu/WeBattlePredictorBTBPlugin_targetTable/rams_0/ExceptionHandlerPlugin_EENTRY_VA[25]_i_11/O
                         net (fo=2, routed)           0.717     6.610    u_wb/defaultClockArea_cpu/WeBattlePredictorBTBPlugin_targetTable/rams_0/INT0_EXE_to_INT0_WB_ROB_IDX_reg[0]
    SLICE_X52Y73         LUT6 (Prop_lut6_I0_O)        0.105     6.715 f  u_wb/defaultClockArea_cpu/WeBattlePredictorBTBPlugin_targetTable/rams_0/ExceptionHandlerPlugin_EENTRY_VA[25]_i_6/O
                         net (fo=36, routed)          0.450     7.165    u_wb/defaultClockArea_cpu/WeBattlePredictorBTBPlugin_direction/globalTable/rams_0/when_WeBattleROBStorage_l166
    SLICE_X50Y72         LUT4 (Prop_lut4_I3_O)        0.105     7.270 f  u_wb/defaultClockArea_cpu/WeBattlePredictorBTBPlugin_direction/globalTable/rams_0/WeBattleCommitPlugin_regFlush_i_16/O
                         net (fo=5, routed)           0.485     7.755    u_wb/defaultClockArea_cpu/WeBattlePredictorBTBPlugin_direction/globalTable/rams_0/INT1_WB_arbitration_isValid_reg
    SLICE_X51Y72         LUT5 (Prop_lut5_I1_O)        0.105     7.860 f  u_wb/defaultClockArea_cpu/WeBattlePredictorBTBPlugin_direction/globalTable/rams_0/debug0_wb_pc_OBUF[31]_inst_i_12/O
                         net (fo=5, routed)           0.498     8.357    u_wb/defaultClockArea_cpu/WeBattlePredictorBTBPlugin_direction/globalTable/rams_0/_zz_ROBFIFOPlugin_popPtr_reg[4]_rep__0_0
    SLICE_X48Y72         LUT6 (Prop_lut6_I2_O)        0.105     8.462 r  u_wb/defaultClockArea_cpu/WeBattlePredictorBTBPlugin_direction/globalTable/rams_0/WeBattleCommitPlugin_uncachedExecuting_i_7/O
                         net (fo=1, routed)           0.234     8.696    u_wb/defaultClockArea_cpu/WeBattlePredictorBTBPlugin_direction/globalTable/rams_0/WeBattleCommitPlugin_uncachedExecuting_i_7_n_0
    SLICE_X47Y71         LUT6 (Prop_lut6_I5_O)        0.105     8.801 f  u_wb/defaultClockArea_cpu/WeBattlePredictorBTBPlugin_direction/globalTable/rams_0/WeBattleCommitPlugin_uncachedExecuting_i_2/O
                         net (fo=6, routed)           0.148     8.949    u_wb/defaultClockArea_cpu/WeBattlePredictorBTBPlugin_direction/globalTable/rams_0/WeBattleCommitPlugin_commitStore6817_out
    SLICE_X47Y71         LUT5 (Prop_lut5_I3_O)        0.105     9.054 f  u_wb/defaultClockArea_cpu/WeBattlePredictorBTBPlugin_direction/globalTable/rams_0/WeBattleCommitPlugin_regFlush_i_2/O
                         net (fo=4, routed)           0.259     9.313    u_wb/defaultClockArea_cpu/WeBattlePredictorBTBPlugin_direction/globalTable/rams_0/WeBattleCommitPlugin_uncachedExecuting_reg_1
    SLICE_X48Y71         LUT4 (Prop_lut4_I3_O)        0.105     9.418 r  u_wb/defaultClockArea_cpu/WeBattlePredictorBTBPlugin_direction/globalTable/rams_0/MMUPlugin_TLBIDX_INDEX[3]_i_5/O
                         net (fo=136, routed)         0.167     9.585    u_wb/defaultClockArea_cpu/WeBattlePredictorBTBPlugin_direction/globalTable/rams_0/WeBattleCommitPlugin_uncachedExecuting_reg_0
    SLICE_X48Y71         LUT6 (Prop_lut6_I5_O)        0.105     9.690 r  u_wb/defaultClockArea_cpu/WeBattlePredictorBTBPlugin_direction/globalTable/rams_0/ProgramCounterPlugin_backendJumpInterface_rData[11]_i_2/O
                         net (fo=39, routed)          0.334    10.025    u_wb/defaultClockArea_cpu/WeBattlePredictorBTBPlugin_direction/globalTable/rams_0/_zz_ROBFIFOPlugin_popPtr_reg[4]_rep__2
    SLICE_X48Y69         LUT2 (Prop_lut2_I1_O)        0.105    10.130 r  u_wb/defaultClockArea_cpu/WeBattlePredictorBTBPlugin_direction/globalTable/rams_0/ProgramCounterPlugin_backendJumpInterface_rData[9]_i_2/O
                         net (fo=9, routed)           0.266    10.395    u_wb/defaultClockArea_cpu/WeBattlePredictorBTBPlugin_direction/globalTable/rams_0/WeBattleCommitPlugin_uncachedExecuting_reg
    SLICE_X48Y69         LUT5 (Prop_lut5_I3_O)        0.105    10.500 r  u_wb/defaultClockArea_cpu/WeBattlePredictorBTBPlugin_direction/globalTable/rams_0/mem_i_104__1/O
                         net (fo=45, routed)          0.546    11.046    u_wb/defaultClockArea_cpu/weBattleCheckpointRAS_1/IF1_ProgramCounterPlugin_regPC_reg[31]_0
    SLICE_X46Y69         LUT5 (Prop_lut5_I3_O)        0.105    11.151 f  u_wb/defaultClockArea_cpu/weBattleCheckpointRAS_1/IF1_ProgramCounterPlugin_regPC[3]_i_1/O
                         net (fo=44, routed)          0.551    11.702    u_wb/defaultClockArea_cpu/weBattleCheckpointRAS_1/D[1]
    SLICE_X56Y69         LUT2 (Prop_lut2_I1_O)        0.105    11.807 r  u_wb/defaultClockArea_cpu/weBattleCheckpointRAS_1/mem_i_26__8/O
                         net (fo=11, routed)          0.624    12.431    u_wb/defaultClockArea_cpu/weBattleCheckpointRAS_1/mem_i_26__8_n_0
    SLICE_X57Y62         LUT2 (Prop_lut2_I1_O)        0.105    12.536 r  u_wb/defaultClockArea_cpu/weBattleCheckpointRAS_1/mem_i_31__11/O
                         net (fo=1, routed)           0.000    12.536    u_wb/defaultClockArea_cpu/weBattleCheckpointRAS_1/mem_i_31__11_n_0
    SLICE_X57Y62         CARRY4 (Prop_carry4_S[0]_CO[3])
                                                      0.440    12.976 r  u_wb/defaultClockArea_cpu/weBattleCheckpointRAS_1/mem_i_9__10/CO[3]
                         net (fo=1, routed)           0.000    12.976    u_wb/defaultClockArea_cpu/weBattleCheckpointRAS_1/mem_i_9__10_n_0
    SLICE_X57Y63         CARRY4 (Prop_carry4_CI_CO[3])
                                                      0.098    13.074 r  u_wb/defaultClockArea_cpu/weBattleCheckpointRAS_1/mem_i_8__9/CO[3]
                         net (fo=1, routed)           0.000    13.074    u_wb/defaultClockArea_cpu/weBattleFetchQueue_1/gen_wr_a.gen_word_narrow.mem_reg_14[0]
    SLICE_X57Y64         CARRY4 (Prop_carry4_CI_O[1])
                                                      0.265    13.339 r  u_wb/defaultClockArea_cpu/weBattleFetchQueue_1/mem_i_7__8/O[1]
                         net (fo=1, routed)           0.679    14.018    u_wb/defaultClockArea_cpu/WeBattlePredictorBTBPlugin_direction/globalTable/rams_2/mem/xpm_memory_base_inst/addrb[9]
    RAMB18_X3Y27         RAMB18E1                                     r  u_wb/defaultClockArea_cpu/WeBattlePredictorBTBPlugin_direction/globalTable/rams_2/mem/xpm_memory_base_inst/gen_wr_a.gen_word_narrow.mem_reg/ADDRBWRADDR[12]
  -------------------------------------------------------------------    -------------------

                         (clock aclk rise edge)      10.000    10.000 r  
    L22                                               0.000    10.000 r  aclk (IN)
                         net (fo=0)                   0.000    10.000    aclk
    L22                  IBUF (Prop_ibuf_I_O)         0.762    10.762 r  aclk_IBUF_inst/O
                         net (fo=1, routed)           1.734    12.496    aclk_IBUF
    BUFGCTRL_X0Y2        BUFG (Prop_bufg_I_O)         0.077    12.573 r  aclk_IBUF_BUFG_inst_replica_1/O
                         net (fo=4, routed)           0.112    12.685    aclk_IBUF_BUFG_repN_1
    BUFGCTRL_X0Y1        BUFG (Prop_bufg_I_O)         0.077    12.762 r  aclk_IBUF_BUFG_inst_replica/O
                         net (fo=10, routed)          0.112    12.874    aclk_IBUF_BUFG_repN
    BUFGCTRL_X0Y0        BUFG (Prop_bufg_I_O)         0.077    12.951 r  aclk_IBUF_BUFG_inst/O
                         net (fo=20580, routed)       1.466    14.417    u_wb/defaultClockArea_cpu/WeBattlePredictorBTBPlugin_direction/globalTable/rams_2/mem/xpm_memory_base_inst/clka
    RAMB18_X3Y27         RAMB18E1                                     r  u_wb/defaultClockArea_cpu/WeBattlePredictorBTBPlugin_direction/globalTable/rams_2/mem/xpm_memory_base_inst/gen_wr_a.gen_word_narrow.mem_reg/CLKBWRCLK
                         clock pessimism              0.321    14.737    
                         clock uncertainty           -0.035    14.702    
    RAMB18_X3Y27         RAMB18E1 (Setup_ramb18e1_CLKBWRCLK_ADDRBWRADDR[12])
                                                     -0.635    14.067    u_wb/defaultClockArea_cpu/WeBattlePredictorBTBPlugin_direction/globalTable/rams_2/mem/xpm_memory_base_inst/gen_wr_a.gen_word_narrow.mem_reg
  -------------------------------------------------------------------
                         required time                         14.067    
                         arrival time                         -14.018    
  -------------------------------------------------------------------
                         slack                                  0.049    

Slack (MET) :             0.067ns  (required time - arrival time)
  Source:                 u_wb/defaultClockArea_cpu/SpeculativeWakeupHandler_regWakeupFailed_reg_inv/C
                            (rising edge-triggered cell FDPE clocked by aclk  {rise@0.000ns fall@5.000ns period=10.000ns})
  Destination:            u_wb/defaultClockArea_cpu/INT1_ISS_to_INT1_RRD_ISSUE_SLOT_uop_pc_reg[13]/CE
                            (rising edge-triggered cell FDRE clocked by aclk  {rise@0.000ns fall@5.000ns period=10.000ns})
  Path Group:             aclk
  Path Type:              Setup (Max at Slow Process Corner)
  Requirement:            10.000ns  (aclk rise@10.000ns - aclk rise@0.000ns)
  Data Path Delay:        9.495ns  (logic 0.433ns (4.560%)  route 9.062ns (95.440%))
  Logic Levels:           0  
  Clock Path Skew:        -0.235ns (DCD - SCD + CPR)
    Destination Clock Delay (DCD):    4.267ns = ( 14.267 - 10.000 ) 
    Source Clock Delay      (SCD):    4.756ns
    Clock Pessimism Removal (CPR):    0.254ns
  Clock Uncertainty:      0.035ns  ((TSJ^2 + TIJ^2)^1/2 + DJ) / 2 + PE
    Total System Jitter     (TSJ):    0.071ns
    Total Input Jitter      (TIJ):    0.000ns
    Discrete Jitter          (DJ):    0.000ns
    Phase Error              (PE):    0.000ns

    Location             Delay type                Incr(ns)  Path(ns)    Netlist Resource(s)
  -------------------------------------------------------------------    -------------------
                         (clock aclk rise edge)       0.000     0.000 r  
    L22                                               0.000     0.000 r  aclk (IN)
                         net (fo=0)                   0.000     0.000    aclk
    L22                  IBUF (Prop_ibuf_I_O)         0.893     0.893 r  aclk_IBUF_inst/O
                         net (fo=1, routed)           1.827     2.720    aclk_IBUF
    BUFGCTRL_X0Y2        BUFG (Prop_bufg_I_O)         0.081     2.801 r  aclk_IBUF_BUFG_inst_replica_1/O
                         net (fo=4, routed)           0.118     2.919    aclk_IBUF_BUFG_repN_1
    BUFGCTRL_X0Y1        BUFG (Prop_bufg_I_O)         0.081     3.000 r  aclk_IBUF_BUFG_inst_replica/O
                         net (fo=10, routed)          0.118     3.118    aclk_IBUF_BUFG_repN
    BUFGCTRL_X0Y0        BUFG (Prop_bufg_I_O)         0.081     3.199 r  aclk_IBUF_BUFG_inst/O
                         net (fo=20580, routed)       1.557     4.756    u_wb/defaultClockArea_cpu/aclk_IBUF_BUFG
    SLICE_X44Y94         FDPE                                         r  u_wb/defaultClockArea_cpu/SpeculativeWakeupHandler_regWakeupFailed_reg_inv/C
  -------------------------------------------------------------------    -------------------
    SLICE_X44Y94         FDPE (Prop_fdpe_C_Q)         0.433     5.189 r  u_wb/defaultClockArea_cpu/SpeculativeWakeupHandler_regWakeupFailed_reg_inv/Q
                         net (fo=445, routed)         9.062    14.250    u_wb/defaultClockArea_cpu/INT2_ISS_arbitration_notStuck
    SLICE_X118Y102       FDRE                                         r  u_wb/defaultClockArea_cpu/INT1_ISS_to_INT1_RRD_ISSUE_SLOT_uop_pc_reg[13]/CE
  -------------------------------------------------------------------    -------------------

                         (clock aclk rise edge)      10.000    10.000 r  
    L22                                               0.000    10.000 r  aclk (IN)
                         net (fo=0)                   0.000    10.000    aclk
    L22                  IBUF (Prop_ibuf_I_O)         0.762    10.762 r  aclk_IBUF_inst/O
                         net (fo=1, routed)           1.734    12.496    aclk_IBUF
    BUFGCTRL_X0Y2        BUFG (Prop_bufg_I_O)         0.077    12.573 r  aclk_IBUF_BUFG_inst_replica_1/O
                         net (fo=4, routed)           0.112    12.685    aclk_IBUF_BUFG_repN_1
    BUFGCTRL_X0Y1        BUFG (Prop_bufg_I_O)         0.077    12.762 r  aclk_IBUF_BUFG_inst_replica/O
                         net (fo=10, routed)          0.112    12.874    aclk_IBUF_BUFG_repN
    BUFGCTRL_X0Y0        BUFG (Prop_bufg_I_O)         0.077    12.951 r  aclk_IBUF_BUFG_inst/O
                         net (fo=20580, routed)       1.316    14.267    u_wb/defaultClockArea_cpu/aclk_IBUF_BUFG
    SLICE_X118Y102       FDRE                                         r  u_wb/defaultClockArea_cpu/INT1_ISS_to_INT1_RRD_ISSUE_SLOT_uop_pc_reg[13]/C
                         clock pessimism              0.254    14.520    
                         clock uncertainty           -0.035    14.485    
    SLICE_X118Y102       FDRE (Setup_fdre_C_CE)      -0.168    14.317    u_wb/defaultClockArea_cpu/INT1_ISS_to_INT1_RRD_ISSUE_SLOT_uop_pc_reg[13]
  -------------------------------------------------------------------
                         required time                         14.317    
                         arrival time                         -14.250    
  -------------------------------------------------------------------
                         slack                                  0.067    

Slack (MET) :             0.074ns  (required time - arrival time)
  Source:                 u_wb/defaultClockArea_cpu/RENAME_to_DISPATCH_DECODE_PACKET_0_payload_except_valid_reg/C
                            (rising edge-triggered cell FDRE clocked by aclk  {rise@0.000ns fall@5.000ns period=10.000ns})
  Destination:            u_wb/defaultClockArea_cpu/IntIssueQueuePlugin_queue_1_payload_rRegs_1_valid_reg/D
                            (rising edge-triggered cell FDRE clocked by aclk  {rise@0.000ns fall@5.000ns period=10.000ns})
  Path Group:             aclk
  Path Type:              Setup (Max at Slow Process Corner)
  Requirement:            10.000ns  (aclk rise@10.000ns - aclk rise@0.000ns)
  Data Path Delay:        9.882ns  (logic 1.588ns (16.070%)  route 8.294ns (83.930%))
  Logic Levels:           11  (LUT5=5 LUT6=6)
  Clock Path Skew:        -0.041ns (DCD - SCD + CPR)
    Destination Clock Delay (DCD):    4.391ns = ( 14.391 - 10.000 ) 
    Source Clock Delay      (SCD):    4.753ns
    Clock Pessimism Removal (CPR):    0.321ns
  Clock Uncertainty:      0.035ns  ((TSJ^2 + TIJ^2)^1/2 + DJ) / 2 + PE
    Total System Jitter     (TSJ):    0.071ns
    Total Input Jitter      (TIJ):    0.000ns
    Discrete Jitter          (DJ):    0.000ns
    Phase Error              (PE):    0.000ns

    Location             Delay type                Incr(ns)  Path(ns)    Netlist Resource(s)
  -------------------------------------------------------------------    -------------------
                         (clock aclk rise edge)       0.000     0.000 r  
    L22                                               0.000     0.000 r  aclk (IN)
                         net (fo=0)                   0.000     0.000    aclk
    L22                  IBUF (Prop_ibuf_I_O)         0.893     0.893 r  aclk_IBUF_inst/O
                         net (fo=1, routed)           1.827     2.720    aclk_IBUF
    BUFGCTRL_X0Y2        BUFG (Prop_bufg_I_O)         0.081     2.801 r  aclk_IBUF_BUFG_inst_replica_1/O
                         net (fo=4, routed)           0.118     2.919    aclk_IBUF_BUFG_repN_1
    BUFGCTRL_X0Y1        BUFG (Prop_bufg_I_O)         0.081     3.000 r  aclk_IBUF_BUFG_inst_replica/O
                         net (fo=10, routed)          0.118     3.118    aclk_IBUF_BUFG_repN
    BUFGCTRL_X0Y0        BUFG (Prop_bufg_I_O)         0.081     3.199 r  aclk_IBUF_BUFG_inst/O
                         net (fo=20580, routed)       1.554     4.753    u_wb/defaultClockArea_cpu/aclk_IBUF_BUFG
    SLICE_X48Y91         FDRE                                         r  u_wb/defaultClockArea_cpu/RENAME_to_DISPATCH_DECODE_PACKET_0_payload_except_valid_reg/C
  -------------------------------------------------------------------    -------------------
    SLICE_X48Y91         FDRE (Prop_fdre_C_Q)         0.433     5.186 f  u_wb/defaultClockArea_cpu/RENAME_to_DISPATCH_DECODE_PACKET_0_payload_except_valid_reg/Q
                         net (fo=2, routed)           0.661     5.846    u_wb/defaultClockArea_cpu/weBattleFetchQueue_1/RENAME_to_DISPATCH_DECODE_PACKET_0_payload_except_valid
    SLICE_X47Y91         LUT5 (Prop_lut5_I0_O)        0.105     5.951 f  u_wb/defaultClockArea_cpu/weBattleFetchQueue_1/MulDivIssueQueuePlugin_queue_2_payload_robIdx[4]_i_9/O
                         net (fo=11, routed)          0.514     6.466    u_wb/defaultClockArea_cpu/weBattleFetchQueue_1/RENAME_to_DISPATCH_DECODE_PACKET_0_payload_except_valid_reg
    SLICE_X51Y91         LUT6 (Prop_lut6_I3_O)        0.105     6.571 r  u_wb/defaultClockArea_cpu/weBattleFetchQueue_1/IntIssueQueuePlugin_queue_0_payload_uop_inst[25]_i_39/O
                         net (fo=3, routed)           0.523     7.093    u_wb/defaultClockArea_cpu/weBattleFetchQueue_1/MulDivIssueQueuePlugin_queue_1_valid_reg
    SLICE_X55Y91         LUT5 (Prop_lut5_I4_O)        0.105     7.198 r  u_wb/defaultClockArea_cpu/weBattleFetchQueue_1/RENAME_to_DISPATCH_DECODE_PACKET_0_payload_pc[31]_i_3/O
                         net (fo=6, routed)           0.631     7.829    u_wb/defaultClockArea_cpu/weBattleFetchQueue_1_n_257
    SLICE_X59Y91         LUT6 (Prop_lut6_I1_O)        0.105     7.934 r  u_wb/defaultClockArea_cpu/IntIssueQueuePlugin_queue_0_payload_uop_inst[25]_i_19/O
                         net (fo=26, routed)          0.445     8.379    u_wb/defaultClockArea_cpu/IntIssueQueuePlugin_queue_0_payload_uop_inst[25]_i_19_n_0
    SLICE_X60Y93         LUT5 (Prop_lut5_I0_O)        0.105     8.484 r  u_wb/defaultClockArea_cpu/IntIssueQueuePlugin_queue_6_payload_uop_inst[25]_i_7/O
                         net (fo=8, routed)           1.139     9.624    u_wb/defaultClockArea_cpu/IntIssueQueuePlugin_queue_6_payload_uop_inst[25]_i_7_n_0
    SLICE_X77Y92         LUT6 (Prop_lut6_I3_O)        0.105     9.729 r  u_wb/defaultClockArea_cpu/IntIssueQueuePlugin_queue_0_payload_uop_useRd_i_8/O
                         net (fo=157, routed)         1.148    10.877    u_wb/defaultClockArea_cpu/when_WeBattleDenseIssueQueueState_l80_17
    SLICE_X72Y101        LUT6 (Prop_lut6_I0_O)        0.105    10.982 r  u_wb/defaultClockArea_cpu/IntIssueQueuePlugin_queue_1_payload_rRegs_1_payload[3]_i_4/O
                         net (fo=1, routed)           0.375    11.356    u_wb/defaultClockArea_cpu/IntIssueQueuePlugin_queue_1_payload_rRegs_1_payload[3]_i_4_n_0
    SLICE_X72Y101        LUT5 (Prop_lut5_I4_O)        0.105    11.461 r  u_wb/defaultClockArea_cpu/IntIssueQueuePlugin_queue_1_payload_rRegs_1_payload[3]_i_1/O
                         net (fo=9, routed)           1.359    12.820    u_wb/defaultClockArea_cpu/_zz_IntIssueQueuePlugin_queue_1_payload_rRegs_1_payload_1[3]
    SLICE_X47Y102        LUT6 (Prop_lut6_I0_O)        0.105    12.925 f  u_wb/defaultClockArea_cpu/IntIssueQueuePlugin_queue_1_payload_rRegs_1_valid_i_12/O
                         net (fo=1, routed)           0.675    13.601    u_wb/defaultClockArea_cpu/IntIssueQueuePlugin_queue_1_payload_rRegs_1_valid_i_12_n_0
    SLICE_X45Y102        LUT6 (Prop_lut6_I4_O)        0.105    13.706 r  u_wb/defaultClockArea_cpu/IntIssueQueuePlugin_queue_1_payload_rRegs_1_valid_i_3/O
                         net (fo=1, routed)           0.824    14.529    u_wb/defaultClockArea_cpu/weBattleMulDivUnit_1/divider/IntIssueQueuePlugin_queue_1_payload_rRegs_1_valid_reg
    SLICE_X45Y97         LUT5 (Prop_lut5_I1_O)        0.105    14.634 r  u_wb/defaultClockArea_cpu/weBattleMulDivUnit_1/divider/IntIssueQueuePlugin_queue_1_payload_rRegs_1_valid_i_1/O
                         net (fo=1, routed)           0.000    14.634    u_wb/defaultClockArea_cpu/weBattleMulDivUnit_1_n_138
    SLICE_X45Y97         FDRE                                         r  u_wb/defaultClockArea_cpu/IntIssueQueuePlugin_queue_1_payload_rRegs_1_valid_reg/D
  -------------------------------------------------------------------    -------------------

                         (clock aclk rise edge)      10.000    10.000 r  
    L22                                               0.000    10.000 r  aclk (IN)
                         net (fo=0)                   0.000    10.000    aclk
    L22                  IBUF (Prop_ibuf_I_O)         0.762    10.762 r  aclk_IBUF_inst/O
                         net (fo=1, routed)           1.734    12.496    aclk_IBUF
    BUFGCTRL_X0Y2        BUFG (Prop_bufg_I_O)         0.077    12.573 r  aclk_IBUF_BUFG_inst_replica_1/O
                         net (fo=4, routed)           0.112    12.685    aclk_IBUF_BUFG_repN_1
    BUFGCTRL_X0Y1        BUFG (Prop_bufg_I_O)         0.077    12.762 r  aclk_IBUF_BUFG_inst_replica/O
                         net (fo=10, routed)          0.112    12.874    aclk_IBUF_BUFG_repN
    BUFGCTRL_X0Y0        BUFG (Prop_bufg_I_O)         0.077    12.951 r  aclk_IBUF_BUFG_inst/O
                         net (fo=20580, routed)       1.440    14.391    u_wb/defaultClockArea_cpu/aclk_IBUF_BUFG
    SLICE_X45Y97         FDRE                                         r  u_wb/defaultClockArea_cpu/IntIssueQueuePlugin_queue_1_payload_rRegs_1_valid_reg/C
                         clock pessimism              0.321    14.712    
                         clock uncertainty           -0.035    14.676    
    SLICE_X45Y97         FDRE (Setup_fdre_C_D)        0.032    14.708    u_wb/defaultClockArea_cpu/IntIssueQueuePlugin_queue_1_payload_rRegs_1_valid_reg
  -------------------------------------------------------------------
                         required time                         14.708    
                         arrival time                         -14.634    
  -------------------------------------------------------------------
                         slack                                  0.074    

Slack (MET) :             0.080ns  (required time - arrival time)
  Source:                 u_wb/defaultClockArea_cpu/_zz_ROBFIFOPlugin_popPtr_reg[2]_rep__9/C
                            (rising edge-triggered cell FDCE clocked by aclk  {rise@0.000ns fall@5.000ns period=10.000ns})
  Destination:            u_wb/defaultClockArea_cpu/_zz_ROBFIFOPlugin_popPtr_reg[2]_rep__0/D
                            (rising edge-triggered cell FDCE clocked by aclk  {rise@0.000ns fall@5.000ns period=10.000ns})
  Path Group:             aclk
  Path Type:              Setup (Max at Slow Process Corner)
  Requirement:            10.000ns  (aclk rise@10.000ns - aclk rise@0.000ns)
  Data Path Delay:        9.759ns  (logic 1.764ns (18.076%)  route 7.995ns (81.924%))
  Logic Levels:           11  (LUT3=1 LUT4=2 LUT5=2 LUT6=6)
  Clock Path Skew:        -0.087ns (DCD - SCD + CPR)
    Destination Clock Delay (DCD):    4.395ns = ( 14.395 - 10.000 ) 
    Source Clock Delay      (SCD):    4.743ns
    Clock Pessimism Removal (CPR):    0.261ns
  Clock Uncertainty:      0.035ns  ((TSJ^2 + TIJ^2)^1/2 + DJ) / 2 + PE
    Total System Jitter     (TSJ):    0.071ns
    Total Input Jitter      (TIJ):    0.000ns
    Discrete Jitter          (DJ):    0.000ns
    Phase Error              (PE):    0.000ns

    Location             Delay type                Incr(ns)  Path(ns)    Netlist Resource(s)
  -------------------------------------------------------------------    -------------------
                         (clock aclk rise edge)       0.000     0.000 r  
    L22                                               0.000     0.000 r  aclk (IN)
                         net (fo=0)                   0.000     0.000    aclk
    L22                  IBUF (Prop_ibuf_I_O)         0.893     0.893 r  aclk_IBUF_inst/O
                         net (fo=1, routed)           1.827     2.720    aclk_IBUF
    BUFGCTRL_X0Y2        BUFG (Prop_bufg_I_O)         0.081     2.801 r  aclk_IBUF_BUFG_inst_replica_1/O
                         net (fo=4, routed)           0.118     2.919    aclk_IBUF_BUFG_repN_1
    BUFGCTRL_X0Y1        BUFG (Prop_bufg_I_O)         0.081     3.000 r  aclk_IBUF_BUFG_inst_replica/O
                         net (fo=10, routed)          0.118     3.118    aclk_IBUF_BUFG_repN
    BUFGCTRL_X0Y0        BUFG (Prop_bufg_I_O)         0.081     3.199 r  aclk_IBUF_BUFG_inst/O
                         net (fo=20580, routed)       1.544     4.743    u_wb/defaultClockArea_cpu/aclk_IBUF_BUFG
    SLICE_X48Y80         FDCE                                         r  u_wb/defaultClockArea_cpu/_zz_ROBFIFOPlugin_popPtr_reg[2]_rep__9/C
  -------------------------------------------------------------------    -------------------
    SLICE_X48Y80         FDCE (Prop_fdce_C_Q)         0.433     5.176 r  u_wb/defaultClockArea_cpu/_zz_ROBFIFOPlugin_popPtr_reg[2]_rep__9/Q
                         net (fo=126, routed)         1.062     6.238    u_wb/defaultClockArea_cpu/weBattleCheckpointRAS_1/nextFree[2]_i_7_0
    SLICE_X55Y84         LUT5 (Prop_lut5_I4_O)        0.118     6.356 f  u_wb/defaultClockArea_cpu/weBattleCheckpointRAS_1/WeBattleCommitPlugin_regFlush_i_54/O
                         net (fo=1, routed)           0.318     6.674    u_wb/defaultClockArea_cpu/weBattleCheckpointRAS_1/WeBattleCommitPlugin_regFlush_i_54_n_0
    SLICE_X55Y83         LUT6 (Prop_lut6_I5_O)        0.268     6.942 f  u_wb/defaultClockArea_cpu/weBattleCheckpointRAS_1/WeBattleCommitPlugin_regFlush_i_47/O
                         net (fo=1, routed)           0.112     7.053    u_wb/defaultClockArea_cpu/weBattleCheckpointRAS_1/WeBattleCommitPlugin_regFlush_i_47_n_0
    SLICE_X55Y83         LUT6 (Prop_lut6_I5_O)        0.105     7.158 r  u_wb/defaultClockArea_cpu/weBattleCheckpointRAS_1/WeBattleCommitPlugin_regFlush_i_33/O
                         net (fo=1, routed)           0.547     7.705    u_wb/defaultClockArea_cpu/weBattleCheckpointRAS_1/WeBattleCommitPlugin_regFlush_i_33_n_0
    SLICE_X54Y83         LUT6 (Prop_lut6_I3_O)        0.105     7.810 r  u_wb/defaultClockArea_cpu/weBattleCheckpointRAS_1/WeBattleCommitPlugin_regFlush_i_17/O
                         net (fo=1, routed)           0.621     8.431    u_wb/defaultClockArea_cpu/weBattleCheckpointRAS_1/WeBattleCommitPlugin_regFlush_i_17_n_0
    SLICE_X52Y71         LUT6 (Prop_lut6_I2_O)        0.105     8.536 f  u_wb/defaultClockArea_cpu/weBattleCheckpointRAS_1/WeBattleCommitPlugin_regFlush_i_6/O
                         net (fo=15, routed)          0.839     9.375    u_wb/defaultClockArea_cpu/weBattleCheckpointRAS_1_n_4
    SLICE_X49Y72         LUT6 (Prop_lut6_I4_O)        0.105     9.480 f  u_wb/defaultClockArea_cpu/debug0_wb_pc_OBUF[31]_inst_i_44/O
                         net (fo=1, routed)           0.232     9.712    u_wb/defaultClockArea_cpu/debug0_wb_pc_OBUF[31]_inst_i_44_n_0
    SLICE_X46Y72         LUT5 (Prop_lut5_I4_O)        0.105     9.817 r  u_wb/defaultClockArea_cpu/debug0_wb_pc_OBUF[31]_inst_i_19/O
                         net (fo=4, routed)           0.281    10.098    u_wb/defaultClockArea_cpu/defaultClockArea_cpu_ROBFIFOPlugin_debug_fifoIO_pop_1_ready
    SLICE_X47Y72         LUT6 (Prop_lut6_I0_O)        0.105    10.203 r  u_wb/defaultClockArea_cpu/_zz_ROBFIFOPlugin_popPtr[1]_i_3/O
                         net (fo=30, routed)          0.396    10.599    u_wb/defaultClockArea_cpu/ROBFIFOPlugin_fifoIO_pop_1_fire
    SLICE_X50Y72         LUT4 (Prop_lut4_I3_O)        0.105    10.704 r  u_wb/defaultClockArea_cpu/_zz_ROBFIFOPlugin_popPtr[1]_i_2/O
                         net (fo=51, routed)          0.732    11.435    u_wb/defaultClockArea_cpu/_zz_ROBFIFOPlugin_popPtr[1]_i_2_n_0
    SLICE_X62Y72         LUT4 (Prop_lut4_I1_O)        0.105    11.540 r  u_wb/defaultClockArea_cpu/_zz_ROBFIFOPlugin_popPtr[4]_i_2/O
                         net (fo=24, routed)          0.841    12.382    u_wb/defaultClockArea_cpu/_zz_ROBFIFOPlugin_popPtr[4]_i_2_n_0
    SLICE_X57Y72         LUT3 (Prop_lut3_I1_O)        0.105    12.487 r  u_wb/defaultClockArea_cpu/_zz_ROBFIFOPlugin_popPtr[2]_rep__0_i_1/O
                         net (fo=1, routed)           2.015    14.501    u_wb/defaultClockArea_cpu/_zz_ROBFIFOPlugin_popPtr[2]_rep__0_i_1_n_0
    SLICE_X127Y72        FDCE                                         r  u_wb/defaultClockArea_cpu/_zz_ROBFIFOPlugin_popPtr_reg[2]_rep__0/D
  -------------------------------------------------------------------    -------------------

                         (clock aclk rise edge)      10.000    10.000 r  
    L22                                               0.000    10.000 r  aclk (IN)
                         net (fo=0)                   0.000    10.000    aclk
    L22                  IBUF (Prop_ibuf_I_O)         0.762    10.762 r  aclk_IBUF_inst/O
                         net (fo=1, routed)           1.734    12.496    aclk_IBUF
    BUFGCTRL_X0Y2        BUFG (Prop_bufg_I_O)         0.077    12.573 r  aclk_IBUF_BUFG_inst_replica_1/O
                         net (fo=4, routed)           0.112    12.685    aclk_IBUF_BUFG_repN_1
    BUFGCTRL_X0Y1        BUFG (Prop_bufg_I_O)         0.077    12.762 r  aclk_IBUF_BUFG_inst_replica/O
                         net (fo=10, routed)          0.112    12.874    aclk_IBUF_BUFG_repN
    BUFGCTRL_X0Y0        BUFG (Prop_bufg_I_O)         0.077    12.951 r  aclk_IBUF_BUFG_inst/O
                         net (fo=20580, routed)       1.444    14.395    u_wb/defaultClockArea_cpu/aclk_IBUF_BUFG
    SLICE_X127Y72        FDCE                                         r  u_wb/defaultClockArea_cpu/_zz_ROBFIFOPlugin_popPtr_reg[2]_rep__0/C
                         clock pessimism              0.261    14.656    
                         clock uncertainty           -0.035    14.620    
    SLICE_X127Y72        FDCE (Setup_fdce_C_D)       -0.039    14.581    u_wb/defaultClockArea_cpu/_zz_ROBFIFOPlugin_popPtr_reg[2]_rep__0
  -------------------------------------------------------------------
                         required time                         14.581    
                         arrival time                         -14.501    
  -------------------------------------------------------------------
                         slack                                  0.080    

Slack (MET) :             0.085ns  (required time - arrival time)
  Source:                 u_wb/defaultClockArea_cpu/_zz_ROBFIFOPlugin_popPtr_reg[0]_rep__16/C
                            (rising edge-triggered cell FDCE clocked by aclk  {rise@0.000ns fall@5.000ns period=10.000ns})
  Destination:            u_wb/defaultClockArea_cpu/WeBattlePredictorBTBPlugin_direction/globalTable/rams_2/mem/xpm_memory_base_inst/gen_wr_a.gen_word_narrow.mem_reg/ADDRBWRADDR[13]
                            (rising edge-triggered cell RAMB18E1 clocked by aclk  {rise@0.000ns fall@5.000ns period=10.000ns})
  Path Group:             aclk
  Path Type:              Setup (Max at Slow Process Corner)
  Requirement:            10.000ns  (aclk rise@10.000ns - aclk rise@0.000ns)
  Data Path Delay:        9.243ns  (logic 2.587ns (27.989%)  route 6.656ns (72.011%))
  Logic Levels:           17  (CARRY4=3 LUT2=3 LUT3=1 LUT4=2 LUT5=4 LUT6=4)
  Clock Path Skew:        0.002ns (DCD - SCD + CPR)
    Destination Clock Delay (DCD):    4.417ns = ( 14.417 - 10.000 ) 
    Source Clock Delay      (SCD):    4.736ns
    Clock Pessimism Removal (CPR):    0.321ns
  Clock Uncertainty:      0.035ns  ((TSJ^2 + TIJ^2)^1/2 + DJ) / 2 + PE
    Total System Jitter     (TSJ):    0.071ns
    Total Input Jitter      (TIJ):    0.000ns
    Discrete Jitter          (DJ):    0.000ns
    Phase Error              (PE):    0.000ns

    Location             Delay type                Incr(ns)  Path(ns)    Netlist Resource(s)
  -------------------------------------------------------------------    -------------------
                         (clock aclk rise edge)       0.000     0.000 r  
    L22                                               0.000     0.000 r  aclk (IN)
                         net (fo=0)                   0.000     0.000    aclk
    L22                  IBUF (Prop_ibuf_I_O)         0.893     0.893 r  aclk_IBUF_inst/O
                         net (fo=1, routed)           1.827     2.720    aclk_IBUF
    BUFGCTRL_X0Y2        BUFG (Prop_bufg_I_O)         0.081     2.801 r  aclk_IBUF_BUFG_inst_replica_1/O
                         net (fo=4, routed)           0.118     2.919    aclk_IBUF_BUFG_repN_1
    BUFGCTRL_X0Y1        BUFG (Prop_bufg_I_O)         0.081     3.000 r  aclk_IBUF_BUFG_inst_replica/O
                         net (fo=10, routed)          0.118     3.118    aclk_IBUF_BUFG_repN
    BUFGCTRL_X0Y0        BUFG (Prop_bufg_I_O)         0.081     3.199 r  aclk_IBUF_BUFG_inst/O
                         net (fo=20580, routed)       1.537     4.736    u_wb/defaultClockArea_cpu/aclk_IBUF_BUFG
    SLICE_X50Y74         FDCE                                         r  u_wb/defaultClockArea_cpu/_zz_ROBFIFOPlugin_popPtr_reg[0]_rep__16/C
  -------------------------------------------------------------------    -------------------
    SLICE_X50Y74         FDCE (Prop_fdce_C_Q)         0.379     5.115 r  u_wb/defaultClockArea_cpu/_zz_ROBFIFOPlugin_popPtr_reg[0]_rep__16/Q
                         net (fo=123, routed)         0.674     5.789    u_wb/defaultClockArea_cpu/WeBattlePredictorBTBPlugin_targetTable/rams_0/debug0_wb_pc_OBUF[31]_inst_i_113
    SLICE_X53Y81         LUT3 (Prop_lut3_I1_O)        0.105     5.894 r  u_wb/defaultClockArea_cpu/WeBattlePredictorBTBPlugin_targetTable/rams_0/ExceptionHandlerPlugin_EENTRY_VA[25]_i_11/O
                         net (fo=2, routed)           0.717     6.610    u_wb/defaultClockArea_cpu/WeBattlePredictorBTBPlugin_targetTable/rams_0/INT0_EXE_to_INT0_WB_ROB_IDX_reg[0]
    SLICE_X52Y73         LUT6 (Prop_lut6_I0_O)        0.105     6.715 f  u_wb/defaultClockArea_cpu/WeBattlePredictorBTBPlugin_targetTable/rams_0/ExceptionHandlerPlugin_EENTRY_VA[25]_i_6/O
                         net (fo=36, routed)          0.450     7.165    u_wb/defaultClockArea_cpu/WeBattlePredictorBTBPlugin_direction/globalTable/rams_0/when_WeBattleROBStorage_l166
    SLICE_X50Y72         LUT4 (Prop_lut4_I3_O)        0.105     7.270 f  u_wb/defaultClockArea_cpu/WeBattlePredictorBTBPlugin_direction/globalTable/rams_0/WeBattleCommitPlugin_regFlush_i_16/O
                         net (fo=5, routed)           0.485     7.755    u_wb/defaultClockArea_cpu/WeBattlePredictorBTBPlugin_direction/globalTable/rams_0/INT1_WB_arbitration_isValid_reg
    SLICE_X51Y72         LUT5 (Prop_lut5_I1_O)        0.105     7.860 f  u_wb/defaultClockArea_cpu/WeBattlePredictorBTBPlugin_direction/globalTable/rams_0/debug0_wb_pc_OBUF[31]_inst_i_12/O
                         net (fo=5, routed)           0.498     8.357    u_wb/defaultClockArea_cpu/WeBattlePredictorBTBPlugin_direction/globalTable/rams_0/_zz_ROBFIFOPlugin_popPtr_reg[4]_rep__0_0
    SLICE_X48Y72         LUT6 (Prop_lut6_I2_O)        0.105     8.462 r  u_wb/defaultClockArea_cpu/WeBattlePredictorBTBPlugin_direction/globalTable/rams_0/WeBattleCommitPlugin_uncachedExecuting_i_7/O
                         net (fo=1, routed)           0.234     8.696    u_wb/defaultClockArea_cpu/WeBattlePredictorBTBPlugin_direction/globalTable/rams_0/WeBattleCommitPlugin_uncachedExecuting_i_7_n_0
    SLICE_X47Y71         LUT6 (Prop_lut6_I5_O)        0.105     8.801 f  u_wb/defaultClockArea_cpu/WeBattlePredictorBTBPlugin_direction/globalTable/rams_0/WeBattleCommitPlugin_uncachedExecuting_i_2/O
                         net (fo=6, routed)           0.148     8.949    u_wb/defaultClockArea_cpu/WeBattlePredictorBTBPlugin_direction/globalTable/rams_0/WeBattleCommitPlugin_commitStore6817_out
    SLICE_X47Y71         LUT5 (Prop_lut5_I3_O)        0.105     9.054 f  u_wb/defaultClockArea_cpu/WeBattlePredictorBTBPlugin_direction/globalTable/rams_0/WeBattleCommitPlugin_regFlush_i_2/O
                         net (fo=4, routed)           0.259     9.313    u_wb/defaultClockArea_cpu/WeBattlePredictorBTBPlugin_direction/globalTable/rams_0/WeBattleCommitPlugin_uncachedExecuting_reg_1
    SLICE_X48Y71         LUT4 (Prop_lut4_I3_O)        0.105     9.418 r  u_wb/defaultClockArea_cpu/WeBattlePredictorBTBPlugin_direction/globalTable/rams_0/MMUPlugin_TLBIDX_INDEX[3]_i_5/O
                         net (fo=136, routed)         0.167     9.585    u_wb/defaultClockArea_cpu/WeBattlePredictorBTBPlugin_direction/globalTable/rams_0/WeBattleCommitPlugin_uncachedExecuting_reg_0
    SLICE_X48Y71         LUT6 (Prop_lut6_I5_O)        0.105     9.690 r  u_wb/defaultClockArea_cpu/WeBattlePredictorBTBPlugin_direction/globalTable/rams_0/ProgramCounterPlugin_backendJumpInterface_rData[11]_i_2/O
                         net (fo=39, routed)          0.334    10.025    u_wb/defaultClockArea_cpu/WeBattlePredictorBTBPlugin_direction/globalTable/rams_0/_zz_ROBFIFOPlugin_popPtr_reg[4]_rep__2
    SLICE_X48Y69         LUT2 (Prop_lut2_I1_O)        0.105    10.130 r  u_wb/defaultClockArea_cpu/WeBattlePredictorBTBPlugin_direction/globalTable/rams_0/ProgramCounterPlugin_backendJumpInterface_rData[9]_i_2/O
                         net (fo=9, routed)           0.266    10.395    u_wb/defaultClockArea_cpu/WeBattlePredictorBTBPlugin_direction/globalTable/rams_0/WeBattleCommitPlugin_uncachedExecuting_reg
    SLICE_X48Y69         LUT5 (Prop_lut5_I3_O)        0.105    10.500 r  u_wb/defaultClockArea_cpu/WeBattlePredictorBTBPlugin_direction/globalTable/rams_0/mem_i_104__1/O
                         net (fo=45, routed)          0.546    11.046    u_wb/defaultClockArea_cpu/weBattleCheckpointRAS_1/IF1_ProgramCounterPlugin_regPC_reg[31]_0
    SLICE_X46Y69         LUT5 (Prop_lut5_I3_O)        0.105    11.151 f  u_wb/defaultClockArea_cpu/weBattleCheckpointRAS_1/IF1_ProgramCounterPlugin_regPC[3]_i_1/O
                         net (fo=44, routed)          0.551    11.702    u_wb/defaultClockArea_cpu/weBattleCheckpointRAS_1/D[1]
    SLICE_X56Y69         LUT2 (Prop_lut2_I1_O)        0.105    11.807 r  u_wb/defaultClockArea_cpu/weBattleCheckpointRAS_1/mem_i_26__8/O
                         net (fo=11, routed)          0.624    12.431    u_wb/defaultClockArea_cpu/weBattleCheckpointRAS_1/mem_i_26__8_n_0
    SLICE_X57Y62         LUT2 (Prop_lut2_I1_O)        0.105    12.536 r  u_wb/defaultClockArea_cpu/weBattleCheckpointRAS_1/mem_i_31__11/O
                         net (fo=1, routed)           0.000    12.536    u_wb/defaultClockArea_cpu/weBattleCheckpointRAS_1/mem_i_31__11_n_0
    SLICE_X57Y62         CARRY4 (Prop_carry4_S[0]_CO[3])
                                                      0.440    12.976 r  u_wb/defaultClockArea_cpu/weBattleCheckpointRAS_1/mem_i_9__10/CO[3]
                         net (fo=1, routed)           0.000    12.976    u_wb/defaultClockArea_cpu/weBattleCheckpointRAS_1/mem_i_9__10_n_0
    SLICE_X57Y63         CARRY4 (Prop_carry4_CI_CO[3])
                                                      0.098    13.074 r  u_wb/defaultClockArea_cpu/weBattleCheckpointRAS_1/mem_i_8__9/CO[3]
                         net (fo=1, routed)           0.000    13.074    u_wb/defaultClockArea_cpu/weBattleFetchQueue_1/gen_wr_a.gen_word_narrow.mem_reg_14[0]
    SLICE_X57Y64         CARRY4 (Prop_carry4_CI_O[2])
                                                      0.200    13.274 r  u_wb/defaultClockArea_cpu/weBattleFetchQueue_1/mem_i_7__8/O[2]
                         net (fo=1, routed)           0.705    13.978    u_wb/defaultClockArea_cpu/WeBattlePredictorBTBPlugin_direction/globalTable/rams_2/mem/xpm_memory_base_inst/addrb[10]
    RAMB18_X3Y27         RAMB18E1                                     r  u_wb/defaultClockArea_cpu/WeBattlePredictorBTBPlugin_direction/globalTable/rams_2/mem/xpm_memory_base_inst/gen_wr_a.gen_word_narrow.mem_reg/ADDRBWRADDR[13]
  -------------------------------------------------------------------    -------------------

                         (clock aclk rise edge)      10.000    10.000 r  
    L22                                               0.000    10.000 r  aclk (IN)
                         net (fo=0)                   0.000    10.000    aclk
    L22                  IBUF (Prop_ibuf_I_O)         0.762    10.762 r  aclk_IBUF_inst/O
                         net (fo=1, routed)           1.734    12.496    aclk_IBUF
    BUFGCTRL_X0Y2        BUFG (Prop_bufg_I_O)         0.077    12.573 r  aclk_IBUF_BUFG_inst_replica_1/O
                         net (fo=4, routed)           0.112    12.685    aclk_IBUF_BUFG_repN_1
    BUFGCTRL_X0Y1        BUFG (Prop_bufg_I_O)         0.077    12.762 r  aclk_IBUF_BUFG_inst_replica/O
                         net (fo=10, routed)          0.112    12.874    aclk_IBUF_BUFG_repN
    BUFGCTRL_X0Y0        BUFG (Prop_bufg_I_O)         0.077    12.951 r  aclk_IBUF_BUFG_inst/O
                         net (fo=20580, routed)       1.466    14.417    u_wb/defaultClockArea_cpu/WeBattlePredictorBTBPlugin_direction/globalTable/rams_2/mem/xpm_memory_base_inst/clka
    RAMB18_X3Y27         RAMB18E1                                     r  u_wb/defaultClockArea_cpu/WeBattlePredictorBTBPlugin_direction/globalTable/rams_2/mem/xpm_memory_base_inst/gen_wr_a.gen_word_narrow.mem_reg/CLKBWRCLK
                         clock pessimism              0.321    14.737    
                         clock uncertainty           -0.035    14.702    
    RAMB18_X3Y27         RAMB18E1 (Setup_ramb18e1_CLKBWRCLK_ADDRBWRADDR[13])
                                                     -0.638    14.064    u_wb/defaultClockArea_cpu/WeBattlePredictorBTBPlugin_direction/globalTable/rams_2/mem/xpm_memory_base_inst/gen_wr_a.gen_word_narrow.mem_reg
  -------------------------------------------------------------------
                         required time                         14.064    
                         arrival time                         -13.978    
  -------------------------------------------------------------------
                         slack                                  0.085    

Slack (MET) :             0.086ns  (required time - arrival time)
  Source:                 u_wb/defaultClockArea_cpu/_zz_ROBFIFOPlugin_popPtr_reg[0]_rep__13/C
                            (rising edge-triggered cell FDCE clocked by aclk  {rise@0.000ns fall@5.000ns period=10.000ns})
  Destination:            u_wb/defaultClockArea_cpu/MMUPlugin_TLBTable_8_PPN1_reg[3]/CE
                            (rising edge-triggered cell FDCE clocked by aclk  {rise@0.000ns fall@5.000ns period=10.000ns})
  Path Group:             aclk
  Path Type:              Setup (Max at Slow Process Corner)
  Requirement:            10.000ns  (aclk rise@10.000ns - aclk rise@0.000ns)
  Data Path Delay:        9.759ns  (logic 1.233ns (12.634%)  route 8.526ns (87.366%))
  Logic Levels:           6  (LUT3=1 LUT5=1 LUT6=3 MUXF7=1)
  Clock Path Skew:        0.049ns (DCD - SCD + CPR)
    Destination Clock Delay (DCD):    4.463ns = ( 14.463 - 10.000 ) 
    Source Clock Delay      (SCD):    4.735ns
    Clock Pessimism Removal (CPR):    0.321ns
  Clock Uncertainty:      0.035ns  ((TSJ^2 + TIJ^2)^1/2 + DJ) / 2 + PE
    Total System Jitter     (TSJ):    0.071ns
    Total Input Jitter      (TIJ):    0.000ns
    Discrete Jitter          (DJ):    0.000ns
    Phase Error              (PE):    0.000ns

    Location             Delay type                Incr(ns)  Path(ns)    Netlist Resource(s)
  -------------------------------------------------------------------    -------------------
                         (clock aclk rise edge)       0.000     0.000 r  
    L22                                               0.000     0.000 r  aclk (IN)
                         net (fo=0)                   0.000     0.000    aclk
    L22                  IBUF (Prop_ibuf_I_O)         0.893     0.893 r  aclk_IBUF_inst/O
                         net (fo=1, routed)           1.827     2.720    aclk_IBUF
    BUFGCTRL_X0Y2        BUFG (Prop_bufg_I_O)         0.081     2.801 r  aclk_IBUF_BUFG_inst_replica_1/O
                         net (fo=4, routed)           0.118     2.919    aclk_IBUF_BUFG_repN_1
    BUFGCTRL_X0Y1        BUFG (Prop_bufg_I_O)         0.081     3.000 r  aclk_IBUF_BUFG_inst_replica/O
                         net (fo=10, routed)          0.118     3.118    aclk_IBUF_BUFG_repN
    BUFGCTRL_X0Y0        BUFG (Prop_bufg_I_O)         0.081     3.199 r  aclk_IBUF_BUFG_inst/O
                         net (fo=20580, routed)       1.536     4.735    u_wb/defaultClockArea_cpu/aclk_IBUF_BUFG
    SLICE_X61Y76         FDCE                                         r  u_wb/defaultClockArea_cpu/_zz_ROBFIFOPlugin_popPtr_reg[0]_rep__13/C
  -------------------------------------------------------------------    -------------------
    SLICE_X61Y76         FDCE (Prop_fdce_C_Q)         0.379     5.114 r  u_wb/defaultClockArea_cpu/_zz_ROBFIFOPlugin_popPtr_reg[0]_rep__13/Q
                         net (fo=123, routed)         2.517     7.630    u_wb/defaultClockArea_cpu/_zz_ROBFIFOPlugin_popPtr_reg[0]_rep__13_n_0
    SLICE_X122Y90        LUT6 (Prop_lut6_I4_O)        0.105     7.735 f  u_wb/defaultClockArea_cpu/MMUPlugin_ASID_ASID[9]_i_23/O
                         net (fo=1, routed)           0.000     7.735    u_wb/defaultClockArea_cpu/MMUPlugin_ASID_ASID[9]_i_23_n_0
    SLICE_X122Y90        MUXF7 (Prop_muxf7_I1_O)      0.182     7.917 f  u_wb/defaultClockArea_cpu/MMUPlugin_ASID_ASID_reg[9]_i_9/O
                         net (fo=1, routed)           0.932     8.849    u_wb/defaultClockArea_cpu/MMUPlugin_ASID_ASID_reg[9]_i_9_n_0
    SLICE_X108Y90        LUT6 (Prop_lut6_I1_O)        0.252     9.101 f  u_wb/defaultClockArea_cpu/MMUPlugin_ASID_ASID[9]_i_3/O
                         net (fo=46, routed)          2.761    11.862    u_wb/defaultClockArea_cpu/MMUPlugin_ASID_ASID[9]_i_3_n_0
    SLICE_X35Y67         LUT3 (Prop_lut3_I1_O)        0.105    11.967 r  u_wb/defaultClockArea_cpu/MMUPlugin_TLBTable_15_ASID[9]_i_4/O
                         net (fo=25, routed)          1.035    13.002    u_wb/defaultClockArea_cpu/MMUPlugin_TLBTable_15_ASID[9]_i_4_n_0
    SLICE_X23Y60         LUT5 (Prop_lut5_I0_O)        0.105    13.107 f  u_wb/defaultClockArea_cpu/MMUPlugin_TLBTable_8_ASID[9]_i_3/O
                         net (fo=3, routed)           0.432    13.538    u_wb/defaultClockArea_cpu/MMUPlugin_TLBTable_8_ASID[9]_i_3_n_0
    SLICE_X22Y60         LUT6 (Prop_lut6_I4_O)        0.105    13.643 r  u_wb/defaultClockArea_cpu/MMUPlugin_TLBTable_8_ASID[9]_i_1/O
                         net (fo=88, routed)          0.850    14.494    u_wb/defaultClockArea_cpu/MMUPlugin_TLBTable_8_ASID[9]_i_1_n_0
    SLICE_X26Y69         FDCE                                         r  u_wb/defaultClockArea_cpu/MMUPlugin_TLBTable_8_PPN1_reg[3]/CE
  -------------------------------------------------------------------    -------------------

                         (clock aclk rise edge)      10.000    10.000 r  
    L22                                               0.000    10.000 r  aclk (IN)
                         net (fo=0)                   0.000    10.000    aclk
    L22                  IBUF (Prop_ibuf_I_O)         0.762    10.762 r  aclk_IBUF_inst/O
                         net (fo=1, routed)           1.734    12.496    aclk_IBUF
    BUFGCTRL_X0Y2        BUFG (Prop_bufg_I_O)         0.077    12.573 r  aclk_IBUF_BUFG_inst_replica_1/O
                         net (fo=4, routed)           0.112    12.685    aclk_IBUF_BUFG_repN_1
    BUFGCTRL_X0Y1        BUFG (Prop_bufg_I_O)         0.077    12.762 r  aclk_IBUF_BUFG_inst_replica/O
                         net (fo=10, routed)          0.112    12.874    aclk_IBUF_BUFG_repN
    BUFGCTRL_X0Y0        BUFG (Prop_bufg_I_O)         0.077    12.951 r  aclk_IBUF_BUFG_inst/O
                         net (fo=20580, routed)       1.512    14.463    u_wb/defaultClockArea_cpu/aclk_IBUF_BUFG
    SLICE_X26Y69         FDCE                                         r  u_wb/defaultClockArea_cpu/MMUPlugin_TLBTable_8_PPN1_reg[3]/C
                         clock pessimism              0.321    14.784    
                         clock uncertainty           -0.035    14.748    
    SLICE_X26Y69         FDCE (Setup_fdce_C_CE)      -0.168    14.580    u_wb/defaultClockArea_cpu/MMUPlugin_TLBTable_8_PPN1_reg[3]
  -------------------------------------------------------------------
                         required time                         14.580    
                         arrival time                         -14.494    
  -------------------------------------------------------------------
                         slack                                  0.086    

Slack (MET) :             0.088ns  (required time - arrival time)
  Source:                 u_wb/defaultClockArea_cpu/ID_to_RENAME_DECODE_PACKET_0_payload_wbAddr_reg[1]/C
                            (rising edge-triggered cell FDRE clocked by aclk  {rise@0.000ns fall@5.000ns period=10.000ns})
  Destination:            u_wb/defaultClockArea_cpu/PhysRegFilePlugin_busys_33_reg/D
                            (rising edge-triggered cell FDCE clocked by aclk  {rise@0.000ns fall@5.000ns period=10.000ns})
  Path Group:             aclk
  Path Type:              Setup (Max at Slow Process Corner)
  Requirement:            10.000ns  (aclk rise@10.000ns - aclk rise@0.000ns)
  Data Path Delay:        10.052ns  (logic 1.915ns (19.051%)  route 8.137ns (80.949%))
  Logic Levels:           11  (LUT2=1 LUT3=2 LUT5=2 LUT6=5 MUXF7=1)
  Clock Path Skew:        0.143ns (DCD - SCD + CPR)
    Destination Clock Delay (DCD):    4.342ns = ( 14.342 - 10.000 ) 
    Source Clock Delay      (SCD):    4.427ns
    Clock Pessimism Removal (CPR):    0.228ns
  Clock Uncertainty:      0.035ns  ((TSJ^2 + TIJ^2)^1/2 + DJ) / 2 + PE
    Total System Jitter     (TSJ):    0.071ns
    Total Input Jitter      (TIJ):    0.000ns
    Discrete Jitter          (DJ):    0.000ns
    Phase Error              (PE):    0.000ns

    Location             Delay type                Incr(ns)  Path(ns)    Netlist Resource(s)
  -------------------------------------------------------------------    -------------------
                         (clock aclk rise edge)       0.000     0.000 r  
    L22                                               0.000     0.000 r  aclk (IN)
                         net (fo=0)                   0.000     0.000    aclk
    L22                  IBUF (Prop_ibuf_I_O)         0.893     0.893 r  aclk_IBUF_inst/O
                         net (fo=1, routed)           1.827     2.720    aclk_IBUF
    BUFGCTRL_X0Y2        BUFG (Prop_bufg_I_O)         0.081     2.801 r  aclk_IBUF_BUFG_inst_replica_1/O
                         net (fo=4, routed)           1.626     4.427    u_wb/defaultClockArea_cpu/aclk_IBUF_BUFG_repN_1_alias
    SLICE_X33Y83         FDRE                                         r  u_wb/defaultClockArea_cpu/ID_to_RENAME_DECODE_PACKET_0_payload_wbAddr_reg[1]/C
  -------------------------------------------------------------------    -------------------
    SLICE_X33Y83         FDRE (Prop_fdre_C_Q)         0.379     4.806 r  u_wb/defaultClockArea_cpu/ID_to_RENAME_DECODE_PACKET_0_payload_wbAddr_reg[1]/Q
                         net (fo=100, routed)         1.210     6.016    u_wb/defaultClockArea_cpu/weBattleFetchQueue_1/ID_to_RENAME_DECODE_PACKET_1_payload_inst[31]_i_4_0[1]
    SLICE_X47Y82         LUT5 (Prop_lut5_I2_O)        0.105     6.121 f  u_wb/defaultClockArea_cpu/weBattleFetchQueue_1/ID_to_RENAME_DECODE_PACKET_1_payload_inst[31]_i_11/O
                         net (fo=1, routed)           0.116     6.236    u_wb/defaultClockArea_cpu/weBattleFetchQueue_1/ID_to_RENAME_DECODE_PACKET_1_payload_inst[31]_i_11_n_0
    SLICE_X47Y82         LUT3 (Prop_lut3_I0_O)        0.105     6.341 r  u_wb/defaultClockArea_cpu/weBattleFetchQueue_1/ID_to_RENAME_DECODE_PACKET_1_payload_inst[31]_i_4/O
                         net (fo=56, routed)          0.891     7.232    u_wb/defaultClockArea_cpu/_zz__zz_when_WeBattleRenameState_l144_1_2[0]
    SLICE_X48Y79         LUT2 (Prop_lut2_I0_O)        0.118     7.350 r  u_wb/defaultClockArea_cpu/RENAME_to_DISPATCH_RENAME_RECORDS_1_wReg[5]_i_18/O
                         net (fo=48, routed)          0.751     8.100    u_wb/defaultClockArea_cpu/RENAME_to_DISPATCH_RENAME_RECORDS_1_wReg[5]_i_18_n_0
    SLICE_X47Y78         LUT6 (Prop_lut6_I4_O)        0.264     8.364 f  u_wb/defaultClockArea_cpu/RENAME_to_DISPATCH_RENAME_RECORDS_1_wReg[4]_i_9/O
                         net (fo=1, routed)           0.679     9.043    u_wb/defaultClockArea_cpu/RENAME_to_DISPATCH_RENAME_RECORDS_1_wReg[4]_i_9_n_0
    SLICE_X48Y77         LUT6 (Prop_lut6_I0_O)        0.105     9.148 f  u_wb/defaultClockArea_cpu/RENAME_to_DISPATCH_RENAME_RECORDS_1_wReg[4]_i_4/O
                         net (fo=1, routed)           0.000     9.148    u_wb/defaultClockArea_cpu/RENAME_to_DISPATCH_RENAME_RECORDS_1_wReg[4]_i_4_n_0
    SLICE_X48Y77         MUXF7 (Prop_muxf7_I1_O)      0.178     9.326 f  u_wb/defaultClockArea_cpu/RENAME_to_DISPATCH_RENAME_RECORDS_1_wReg_reg[4]_i_2/O
                         net (fo=65, routed)          0.783    10.109    u_wb/defaultClockArea_cpu/_zz__zz_RENAME_RENAME_RECORDS_1_wReg[4]
    SLICE_X45Y86         LUT5 (Prop_lut5_I0_O)        0.241    10.350 f  u_wb/defaultClockArea_cpu/_zz_ROBFIFOPlugin_fifoIO_pop_0_payload_info_rename_wPrevReg[4]_i_4/O
                         net (fo=65, routed)          0.928    11.278    u_wb/defaultClockArea_cpu/_zz_ROBFIFOPlugin_fifoIO_pop_0_payload_info_rename_wPrevReg[4]_i_4_n_0
    SLICE_X59Y91         LUT3 (Prop_lut3_I2_O)        0.105    11.383 f  u_wb/defaultClockArea_cpu/RENAME_to_DISPATCH_RENAME_RECORDS_2_wReg[4]_i_1/O
                         net (fo=17, routed)          1.945    13.328    u_wb/defaultClockArea_cpu/RENAME_to_DISPATCH_RENAME_RECORDS_2_wReg[4]_i_1_n_0
    SLICE_X21Y102        LUT6 (Prop_lut6_I1_O)        0.105    13.433 f  u_wb/defaultClockArea_cpu/PhysRegFilePlugin_busys_31_i_7/O
                         net (fo=4, routed)           0.487    13.920    u_wb/defaultClockArea_cpu/PhysRegFilePlugin_busys_31_i_7_n_0
    SLICE_X15Y102        LUT6 (Prop_lut6_I0_O)        0.105    14.025 r  u_wb/defaultClockArea_cpu/PhysRegFilePlugin_busys_33_i_2/O
                         net (fo=1, routed)           0.348    14.373    u_wb/defaultClockArea_cpu/weBattleMulDivUnit_1/divider/PhysRegFilePlugin_busys_33_reg_0
    SLICE_X15Y103        LUT6 (Prop_lut6_I0_O)        0.105    14.478 r  u_wb/defaultClockArea_cpu/weBattleMulDivUnit_1/divider/PhysRegFilePlugin_busys_33_i_1/O
                         net (fo=1, routed)           0.000    14.478    u_wb/defaultClockArea_cpu/weBattleMulDivUnit_1_n_45
    SLICE_X15Y103        FDCE                                         r  u_wb/defaultClockArea_cpu/PhysRegFilePlugin_busys_33_reg/D
  -------------------------------------------------------------------    -------------------

                         (clock aclk rise edge)      10.000    10.000 r  
    L22                                               0.000    10.000 r  aclk (IN)
                         net (fo=0)                   0.000    10.000    aclk
    L22                  IBUF (Prop_ibuf_I_O)         0.762    10.762 r  aclk_IBUF_inst/O
                         net (fo=1, routed)           1.734    12.496    aclk_IBUF
    BUFGCTRL_X0Y2        BUFG (Prop_bufg_I_O)         0.077    12.573 r  aclk_IBUF_BUFG_inst_replica_1/O
                         net (fo=4, routed)           0.112    12.685    aclk_IBUF_BUFG_repN_1
    BUFGCTRL_X0Y1        BUFG (Prop_bufg_I_O)         0.077    12.762 r  aclk_IBUF_BUFG_inst_replica/O
                         net (fo=10, routed)          0.112    12.874    aclk_IBUF_BUFG_repN
    BUFGCTRL_X0Y0        BUFG (Prop_bufg_I_O)         0.077    12.951 r  aclk_IBUF_BUFG_inst/O
                         net (fo=20580, routed)       1.391    14.342    u_wb/defaultClockArea_cpu/aclk_IBUF_BUFG
    SLICE_X15Y103        FDCE                                         r  u_wb/defaultClockArea_cpu/PhysRegFilePlugin_busys_33_reg/C
                         clock pessimism              0.228    14.569    
                         clock uncertainty           -0.035    14.534    
    SLICE_X15Y103        FDCE (Setup_fdce_C_D)        0.032    14.566    u_wb/defaultClockArea_cpu/PhysRegFilePlugin_busys_33_reg
  -------------------------------------------------------------------
                         required time                         14.566    
                         arrival time                         -14.478    
  -------------------------------------------------------------------
                         slack                                  0.088    

Slack (MET) :             0.088ns  (required time - arrival time)
  Source:                 u_wb/defaultClockArea_cpu/_zz_ROBFIFOPlugin_popPtr_reg[0]_rep__16/C
                            (rising edge-triggered cell FDCE clocked by aclk  {rise@0.000ns fall@5.000ns period=10.000ns})
  Destination:            u_wb/defaultClockArea_cpu/WeBattlePredictorBTBPlugin_direction/globalTable/rams_2/mem/xpm_memory_base_inst/gen_wr_a.gen_word_narrow.mem_reg/ADDRBWRADDR[10]
                            (rising edge-triggered cell RAMB18E1 clocked by aclk  {rise@0.000ns fall@5.000ns period=10.000ns})
  Path Group:             aclk
  Path Type:              Setup (Max at Slow Process Corner)
  Requirement:            10.000ns  (aclk rise@10.000ns - aclk rise@0.000ns)
  Data Path Delay:        9.237ns  (logic 2.549ns (27.597%)  route 6.688ns (72.403%))
  Logic Levels:           16  (CARRY4=2 LUT2=3 LUT3=1 LUT4=2 LUT5=4 LUT6=4)
  Clock Path Skew:        0.002ns (DCD - SCD + CPR)
    Destination Clock Delay (DCD):    4.417ns = ( 14.417 - 10.000 ) 
    Source Clock Delay      (SCD):    4.736ns
    Clock Pessimism Removal (CPR):    0.321ns
  Clock Uncertainty:      0.035ns  ((TSJ^2 + TIJ^2)^1/2 + DJ) / 2 + PE
    Total System Jitter     (TSJ):    0.071ns
    Total Input Jitter      (TIJ):    0.000ns
    Discrete Jitter          (DJ):    0.000ns
    Phase Error              (PE):    0.000ns

    Location             Delay type                Incr(ns)  Path(ns)    Netlist Resource(s)
  -------------------------------------------------------------------    -------------------
                         (clock aclk rise edge)       0.000     0.000 r  
    L22                                               0.000     0.000 r  aclk (IN)
                         net (fo=0)                   0.000     0.000    aclk
    L22                  IBUF (Prop_ibuf_I_O)         0.893     0.893 r  aclk_IBUF_inst/O
                         net (fo=1, routed)           1.827     2.720    aclk_IBUF
    BUFGCTRL_X0Y2        BUFG (Prop_bufg_I_O)         0.081     2.801 r  aclk_IBUF_BUFG_inst_replica_1/O
                         net (fo=4, routed)           0.118     2.919    aclk_IBUF_BUFG_repN_1
    BUFGCTRL_X0Y1        BUFG (Prop_bufg_I_O)         0.081     3.000 r  aclk_IBUF_BUFG_inst_replica/O
                         net (fo=10, routed)          0.118     3.118    aclk_IBUF_BUFG_repN
    BUFGCTRL_X0Y0        BUFG (Prop_bufg_I_O)         0.081     3.199 r  aclk_IBUF_BUFG_inst/O
                         net (fo=20580, routed)       1.537     4.736    u_wb/defaultClockArea_cpu/aclk_IBUF_BUFG
    SLICE_X50Y74         FDCE                                         r  u_wb/defaultClockArea_cpu/_zz_ROBFIFOPlugin_popPtr_reg[0]_rep__16/C
  -------------------------------------------------------------------    -------------------
    SLICE_X50Y74         FDCE (Prop_fdce_C_Q)         0.379     5.115 r  u_wb/defaultClockArea_cpu/_zz_ROBFIFOPlugin_popPtr_reg[0]_rep__16/Q
                         net (fo=123, routed)         0.674     5.789    u_wb/defaultClockArea_cpu/WeBattlePredictorBTBPlugin_targetTable/rams_0/debug0_wb_pc_OBUF[31]_inst_i_113
    SLICE_X53Y81         LUT3 (Prop_lut3_I1_O)        0.105     5.894 r  u_wb/defaultClockArea_cpu/WeBattlePredictorBTBPlugin_targetTable/rams_0/ExceptionHandlerPlugin_EENTRY_VA[25]_i_11/O
                         net (fo=2, routed)           0.717     6.610    u_wb/defaultClockArea_cpu/WeBattlePredictorBTBPlugin_targetTable/rams_0/INT0_EXE_to_INT0_WB_ROB_IDX_reg[0]
    SLICE_X52Y73         LUT6 (Prop_lut6_I0_O)        0.105     6.715 f  u_wb/defaultClockArea_cpu/WeBattlePredictorBTBPlugin_targetTable/rams_0/ExceptionHandlerPlugin_EENTRY_VA[25]_i_6/O
                         net (fo=36, routed)          0.450     7.165    u_wb/defaultClockArea_cpu/WeBattlePredictorBTBPlugin_direction/globalTable/rams_0/when_WeBattleROBStorage_l166
    SLICE_X50Y72         LUT4 (Prop_lut4_I3_O)        0.105     7.270 f  u_wb/defaultClockArea_cpu/WeBattlePredictorBTBPlugin_direction/globalTable/rams_0/WeBattleCommitPlugin_regFlush_i_16/O
                         net (fo=5, routed)           0.485     7.755    u_wb/defaultClockArea_cpu/WeBattlePredictorBTBPlugin_direction/globalTable/rams_0/INT1_WB_arbitration_isValid_reg
    SLICE_X51Y72         LUT5 (Prop_lut5_I1_O)        0.105     7.860 f  u_wb/defaultClockArea_cpu/WeBattlePredictorBTBPlugin_direction/globalTable/rams_0/debug0_wb_pc_OBUF[31]_inst_i_12/O
                         net (fo=5, routed)           0.498     8.357    u_wb/defaultClockArea_cpu/WeBattlePredictorBTBPlugin_direction/globalTable/rams_0/_zz_ROBFIFOPlugin_popPtr_reg[4]_rep__0_0
    SLICE_X48Y72         LUT6 (Prop_lut6_I2_O)        0.105     8.462 r  u_wb/defaultClockArea_cpu/WeBattlePredictorBTBPlugin_direction/globalTable/rams_0/WeBattleCommitPlugin_uncachedExecuting_i_7/O
                         net (fo=1, routed)           0.234     8.696    u_wb/defaultClockArea_cpu/WeBattlePredictorBTBPlugin_direction/globalTable/rams_0/WeBattleCommitPlugin_uncachedExecuting_i_7_n_0
    SLICE_X47Y71         LUT6 (Prop_lut6_I5_O)        0.105     8.801 f  u_wb/defaultClockArea_cpu/WeBattlePredictorBTBPlugin_direction/globalTable/rams_0/WeBattleCommitPlugin_uncachedExecuting_i_2/O
                         net (fo=6, routed)           0.148     8.949    u_wb/defaultClockArea_cpu/WeBattlePredictorBTBPlugin_direction/globalTable/rams_0/WeBattleCommitPlugin_commitStore6817_out
    SLICE_X47Y71         LUT5 (Prop_lut5_I3_O)        0.105     9.054 f  u_wb/defaultClockArea_cpu/WeBattlePredictorBTBPlugin_direction/globalTable/rams_0/WeBattleCommitPlugin_regFlush_i_2/O
                         net (fo=4, routed)           0.259     9.313    u_wb/defaultClockArea_cpu/WeBattlePredictorBTBPlugin_direction/globalTable/rams_0/WeBattleCommitPlugin_uncachedExecuting_reg_1
    SLICE_X48Y71         LUT4 (Prop_lut4_I3_O)        0.105     9.418 r  u_wb/defaultClockArea_cpu/WeBattlePredictorBTBPlugin_direction/globalTable/rams_0/MMUPlugin_TLBIDX_INDEX[3]_i_5/O
                         net (fo=136, routed)         0.167     9.585    u_wb/defaultClockArea_cpu/WeBattlePredictorBTBPlugin_direction/globalTable/rams_0/WeBattleCommitPlugin_uncachedExecuting_reg_0
    SLICE_X48Y71         LUT6 (Prop_lut6_I5_O)        0.105     9.690 r  u_wb/defaultClockArea_cpu/WeBattlePredictorBTBPlugin_direction/globalTable/rams_0/ProgramCounterPlugin_backendJumpInterface_rData[11]_i_2/O
                         net (fo=39, routed)          0.334    10.025    u_wb/defaultClockArea_cpu/WeBattlePredictorBTBPlugin_direction/globalTable/rams_0/_zz_ROBFIFOPlugin_popPtr_reg[4]_rep__2
    SLICE_X48Y69         LUT2 (Prop_lut2_I1_O)        0.105    10.130 r  u_wb/defaultClockArea_cpu/WeBattlePredictorBTBPlugin_direction/globalTable/rams_0/ProgramCounterPlugin_backendJumpInterface_rData[9]_i_2/O
                         net (fo=9, routed)           0.266    10.395    u_wb/defaultClockArea_cpu/WeBattlePredictorBTBPlugin_direction/globalTable/rams_0/WeBattleCommitPlugin_uncachedExecuting_reg
    SLICE_X48Y69         LUT5 (Prop_lut5_I3_O)        0.105    10.500 r  u_wb/defaultClockArea_cpu/WeBattlePredictorBTBPlugin_direction/globalTable/rams_0/mem_i_104__1/O
                         net (fo=45, routed)          0.546    11.046    u_wb/defaultClockArea_cpu/weBattleCheckpointRAS_1/IF1_ProgramCounterPlugin_regPC_reg[31]_0
    SLICE_X46Y69         LUT5 (Prop_lut5_I3_O)        0.105    11.151 f  u_wb/defaultClockArea_cpu/weBattleCheckpointRAS_1/IF1_ProgramCounterPlugin_regPC[3]_i_1/O
                         net (fo=44, routed)          0.551    11.702    u_wb/defaultClockArea_cpu/weBattleCheckpointRAS_1/D[1]
    SLICE_X56Y69         LUT2 (Prop_lut2_I1_O)        0.105    11.807 r  u_wb/defaultClockArea_cpu/weBattleCheckpointRAS_1/mem_i_26__8/O
                         net (fo=11, routed)          0.624    12.431    u_wb/defaultClockArea_cpu/weBattleCheckpointRAS_1/mem_i_26__8_n_0
    SLICE_X57Y62         LUT2 (Prop_lut2_I1_O)        0.105    12.536 r  u_wb/defaultClockArea_cpu/weBattleCheckpointRAS_1/mem_i_31__11/O
                         net (fo=1, routed)           0.000    12.536    u_wb/defaultClockArea_cpu/weBattleCheckpointRAS_1/mem_i_31__11_n_0
    SLICE_X57Y62         CARRY4 (Prop_carry4_S[0]_CO[3])
                                                      0.440    12.976 r  u_wb/defaultClockArea_cpu/weBattleCheckpointRAS_1/mem_i_9__10/CO[3]
                         net (fo=1, routed)           0.000    12.976    u_wb/defaultClockArea_cpu/weBattleCheckpointRAS_1/mem_i_9__10_n_0
    SLICE_X57Y63         CARRY4 (Prop_carry4_CI_O[3])
                                                      0.260    13.236 r  u_wb/defaultClockArea_cpu/weBattleCheckpointRAS_1/mem_i_8__9/O[3]
                         net (fo=1, routed)           0.736    13.972    u_wb/defaultClockArea_cpu/WeBattlePredictorBTBPlugin_direction/globalTable/rams_2/mem/xpm_memory_base_inst/addrb[7]
    RAMB18_X3Y27         RAMB18E1                                     r  u_wb/defaultClockArea_cpu/WeBattlePredictorBTBPlugin_direction/globalTable/rams_2/mem/xpm_memory_base_inst/gen_wr_a.gen_word_narrow.mem_reg/ADDRBWRADDR[10]
  -------------------------------------------------------------------    -------------------

                         (clock aclk rise edge)      10.000    10.000 r  
    L22                                               0.000    10.000 r  aclk (IN)
                         net (fo=0)                   0.000    10.000    aclk
    L22                  IBUF (Prop_ibuf_I_O)         0.762    10.762 r  aclk_IBUF_inst/O
                         net (fo=1, routed)           1.734    12.496    aclk_IBUF
    BUFGCTRL_X0Y2        BUFG (Prop_bufg_I_O)         0.077    12.573 r  aclk_IBUF_BUFG_inst_replica_1/O
                         net (fo=4, routed)           0.112    12.685    aclk_IBUF_BUFG_repN_1
    BUFGCTRL_X0Y1        BUFG (Prop_bufg_I_O)         0.077    12.762 r  aclk_IBUF_BUFG_inst_replica/O
                         net (fo=10, routed)          0.112    12.874    aclk_IBUF_BUFG_repN
    BUFGCTRL_X0Y0        BUFG (Prop_bufg_I_O)         0.077    12.951 r  aclk_IBUF_BUFG_inst/O
                         net (fo=20580, routed)       1.466    14.417    u_wb/defaultClockArea_cpu/WeBattlePredictorBTBPlugin_direction/globalTable/rams_2/mem/xpm_memory_base_inst/clka
    RAMB18_X3Y27         RAMB18E1                                     r  u_wb/defaultClockArea_cpu/WeBattlePredictorBTBPlugin_direction/globalTable/rams_2/mem/xpm_memory_base_inst/gen_wr_a.gen_word_narrow.mem_reg/CLKBWRCLK
                         clock pessimism              0.321    14.737    
                         clock uncertainty           -0.035    14.702    
    RAMB18_X3Y27         RAMB18E1 (Setup_ramb18e1_CLKBWRCLK_ADDRBWRADDR[10])
                                                     -0.642    14.060    u_wb/defaultClockArea_cpu/WeBattlePredictorBTBPlugin_direction/globalTable/rams_2/mem/xpm_memory_base_inst/gen_wr_a.gen_word_narrow.mem_reg
  -------------------------------------------------------------------
                         required time                         14.060    
                         arrival time                         -13.972    
  -------------------------------------------------------------------
                         slack                                  0.088    

Slack (MET) :             0.088ns  (required time - arrival time)
  Source:                 u_wb/defaultClockArea_cpu/RENAME_to_DISPATCH_DECODE_PACKET_1_payload_fuType_reg[1]/C
                            (rising edge-triggered cell FDRE clocked by aclk  {rise@0.000ns fall@5.000ns period=10.000ns})
  Destination:            u_wb/defaultClockArea_cpu/IntIssueQueuePlugin_queue_4_payload_rRegs_0_valid_reg/D
                            (rising edge-triggered cell FDRE clocked by aclk  {rise@0.000ns fall@5.000ns period=10.000ns})
  Path Group:             aclk
  Path Type:              Setup (Max at Slow Process Corner)
  Requirement:            10.000ns  (aclk rise@10.000ns - aclk rise@0.000ns)
  Data Path Delay:        9.863ns  (logic 1.588ns (16.101%)  route 8.275ns (83.899%))
  Logic Levels:           11  (LUT3=1 LUT4=1 LUT5=3 LUT6=6)
  Clock Path Skew:        -0.044ns (DCD - SCD + CPR)
    Destination Clock Delay (DCD):    4.389ns = ( 14.389 - 10.000 ) 
    Source Clock Delay      (SCD):    4.754ns
    Clock Pessimism Removal (CPR):    0.321ns
  Clock Uncertainty:      0.035ns  ((TSJ^2 + TIJ^2)^1/2 + DJ) / 2 + PE
    Total System Jitter     (TSJ):    0.071ns
    Total Input Jitter      (TIJ):    0.000ns
    Discrete Jitter          (DJ):    0.000ns
    Phase Error              (PE):    0.000ns

    Location             Delay type                Incr(ns)  Path(ns)    Netlist Resource(s)
  -------------------------------------------------------------------    -------------------
                         (clock aclk rise edge)       0.000     0.000 r  
    L22                                               0.000     0.000 r  aclk (IN)
                         net (fo=0)                   0.000     0.000    aclk
    L22                  IBUF (Prop_ibuf_I_O)         0.893     0.893 r  aclk_IBUF_inst/O
                         net (fo=1, routed)           1.827     2.720    aclk_IBUF
    BUFGCTRL_X0Y2        BUFG (Prop_bufg_I_O)         0.081     2.801 r  aclk_IBUF_BUFG_inst_replica_1/O
                         net (fo=4, routed)           0.118     2.919    aclk_IBUF_BUFG_repN_1
    BUFGCTRL_X0Y1        BUFG (Prop_bufg_I_O)         0.081     3.000 r  aclk_IBUF_BUFG_inst_replica/O
                         net (fo=10, routed)          0.118     3.118    aclk_IBUF_BUFG_repN
    BUFGCTRL_X0Y0        BUFG (Prop_bufg_I_O)         0.081     3.199 r  aclk_IBUF_BUFG_inst/O
                         net (fo=20580, routed)       1.555     4.754    u_wb/defaultClockArea_cpu/aclk_IBUF_BUFG
    SLICE_X44Y90         FDRE                                         r  u_wb/defaultClockArea_cpu/RENAME_to_DISPATCH_DECODE_PACKET_1_payload_fuType_reg[1]/C
  -------------------------------------------------------------------    -------------------
    SLICE_X44Y90         FDRE (Prop_fdre_C_Q)         0.433     5.187 f  u_wb/defaultClockArea_cpu/RENAME_to_DISPATCH_DECODE_PACKET_1_payload_fuType_reg[1]/Q
                         net (fo=7, routed)           0.770     5.957    u_wb/defaultClockArea_cpu/weBattleFetchQueue_1/MulDivIssueQueuePlugin_queue_0_payload_uop_fuType[3]_i_10[1]
    SLICE_X47Y91         LUT6 (Prop_lut6_I1_O)        0.105     6.062 r  u_wb/defaultClockArea_cpu/weBattleFetchQueue_1/MemIssueQueuePlugin_queue_4_payload_rRegs_0_payload[1]_i_6/O
                         net (fo=13, routed)          0.676     6.738    u_wb/defaultClockArea_cpu/weBattleFetchQueue_1/RENAME_to_DISPATCH_DECODE_PACKET_1_payload_fuType_reg[0]
    SLICE_X50Y90         LUT4 (Prop_lut4_I2_O)        0.105     6.843 f  u_wb/defaultClockArea_cpu/weBattleFetchQueue_1/RENAME_to_DISPATCH_DECODE_PACKET_0_payload_pc[31]_i_8/O
                         net (fo=1, routed)           0.455     7.299    u_wb/defaultClockArea_cpu/weBattleFetchQueue_1/RENAME_to_DISPATCH_DECODE_PACKET_0_payload_pc[31]_i_8_n_0
    SLICE_X50Y91         LUT6 (Prop_lut6_I3_O)        0.105     7.404 f  u_wb/defaultClockArea_cpu/weBattleFetchQueue_1/RENAME_to_DISPATCH_DECODE_PACKET_0_payload_pc[31]_i_5/O
                         net (fo=2, routed)           0.694     8.097    u_wb/defaultClockArea_cpu/weBattleFetchQueue_1_n_259
    SLICE_X57Y92         LUT6 (Prop_lut6_I5_O)        0.105     8.202 r  u_wb/defaultClockArea_cpu/IntIssueQueuePlugin_queue_0_payload_uop_inst[25]_i_15/O
                         net (fo=9, routed)           1.073     9.275    u_wb/defaultClockArea_cpu/IntIssueQueuePlugin_queue_0_payload_uop_inst[25]_i_15_n_0
    SLICE_X66Y95         LUT6 (Prop_lut6_I0_O)        0.105     9.380 r  u_wb/defaultClockArea_cpu/IntIssueQueuePlugin_queue_6_payload_uop_inst[25]_i_11/O
                         net (fo=146, routed)         1.054    10.435    u_wb/defaultClockArea_cpu/when_WeBattleDenseIssueQueueState_l80_28
    SLICE_X74Y109        LUT5 (Prop_lut5_I1_O)        0.105    10.540 r  u_wb/defaultClockArea_cpu/IntIssueQueuePlugin_queue_6_payload_rRegs_0_payload[1]_i_2/O
                         net (fo=1, routed)           0.121    10.661    u_wb/defaultClockArea_cpu/IntIssueQueuePlugin_queue_6_payload_rRegs_0_payload[1]_i_2_n_0
    SLICE_X74Y109        LUT5 (Prop_lut5_I4_O)        0.105    10.766 r  u_wb/defaultClockArea_cpu/IntIssueQueuePlugin_queue_6_payload_rRegs_0_payload[1]_i_1/O
                         net (fo=9, routed)           0.968    11.734    u_wb/defaultClockArea_cpu/_zz_IntIssueQueuePlugin_queue_6_payload_rRegs_0_payload[1]
    SLICE_X66Y106        LUT5 (Prop_lut5_I0_O)        0.105    11.839 r  u_wb/defaultClockArea_cpu/IntIssueQueuePlugin_queue_4_payload_rRegs_0_payload[1]_i_1/O
                         net (fo=9, routed)           0.837    12.676    u_wb/defaultClockArea_cpu/_zz_IntIssueQueuePlugin_queue_4_payload_rRegs_0_payload[1]
    SLICE_X65Y98         LUT6 (Prop_lut6_I3_O)        0.105    12.781 f  u_wb/defaultClockArea_cpu/IntIssueQueuePlugin_queue_4_payload_rRegs_0_valid_i_24/O
                         net (fo=1, routed)           0.690    13.471    u_wb/defaultClockArea_cpu/IntIssueQueuePlugin_queue_4_payload_rRegs_0_valid_i_24_n_0
    SLICE_X60Y99         LUT3 (Prop_lut3_I1_O)        0.105    13.576 r  u_wb/defaultClockArea_cpu/IntIssueQueuePlugin_queue_4_payload_rRegs_0_valid_i_6/O
                         net (fo=1, routed)           0.935    14.511    u_wb/defaultClockArea_cpu/weBattleMulDivUnit_1/divider/IntIssueQueuePlugin_queue_4_payload_rRegs_0_valid_reg_2
    SLICE_X55Y97         LUT6 (Prop_lut6_I4_O)        0.105    14.616 r  u_wb/defaultClockArea_cpu/weBattleMulDivUnit_1/divider/IntIssueQueuePlugin_queue_4_payload_rRegs_0_valid_i_1/O
                         net (fo=1, routed)           0.000    14.616    u_wb/defaultClockArea_cpu/weBattleMulDivUnit_1_n_143
    SLICE_X55Y97         FDRE                                         r  u_wb/defaultClockArea_cpu/IntIssueQueuePlugin_queue_4_payload_rRegs_0_valid_reg/D
  -------------------------------------------------------------------    -------------------

                         (clock aclk rise edge)      10.000    10.000 r  
    L22                                               0.000    10.000 r  aclk (IN)
                         net (fo=0)                   0.000    10.000    aclk
    L22                  IBUF (Prop_ibuf_I_O)         0.762    10.762 r  aclk_IBUF_inst/O
                         net (fo=1, routed)           1.734    12.496    aclk_IBUF
    BUFGCTRL_X0Y2        BUFG (Prop_bufg_I_O)         0.077    12.573 r  aclk_IBUF_BUFG_inst_replica_1/O
                         net (fo=4, routed)           0.112    12.685    aclk_IBUF_BUFG_repN_1
    BUFGCTRL_X0Y1        BUFG (Prop_bufg_I_O)         0.077    12.762 r  aclk_IBUF_BUFG_inst_replica/O
                         net (fo=10, routed)          0.112    12.874    aclk_IBUF_BUFG_repN
    BUFGCTRL_X0Y0        BUFG (Prop_bufg_I_O)         0.077    12.951 r  aclk_IBUF_BUFG_inst/O
                         net (fo=20580, routed)       1.438    14.389    u_wb/defaultClockArea_cpu/aclk_IBUF_BUFG
    SLICE_X55Y97         FDRE                                         r  u_wb/defaultClockArea_cpu/IntIssueQueuePlugin_queue_4_payload_rRegs_0_valid_reg/C
                         clock pessimism              0.321    14.710    
                         clock uncertainty           -0.035    14.674    
    SLICE_X55Y97         FDRE (Setup_fdre_C_D)        0.030    14.704    u_wb/defaultClockArea_cpu/IntIssueQueuePlugin_queue_4_payload_rRegs_0_valid_reg
  -------------------------------------------------------------------
                         required time                         14.704    
                         arrival time                         -14.616    
  -------------------------------------------------------------------
                         slack                                  0.088    

Slack (MET) :             0.089ns  (required time - arrival time)
  Source:                 u_wb/defaultClockArea_cpu/_zz_ROBFIFOPlugin_popPtr_reg[0]_rep__13/C
                            (rising edge-triggered cell FDCE clocked by aclk  {rise@0.000ns fall@5.000ns period=10.000ns})
  Destination:            u_wb/defaultClockArea_cpu/MMUPlugin_TLBTable_7_PPN0_reg[19]/CE
                            (rising edge-triggered cell FDCE clocked by aclk  {rise@0.000ns fall@5.000ns period=10.000ns})
  Path Group:             aclk
  Path Type:              Setup (Max at Slow Process Corner)
  Requirement:            10.000ns  (aclk rise@10.000ns - aclk rise@0.000ns)
  Data Path Delay:        9.880ns  (logic 1.394ns (14.109%)  route 8.486ns (85.891%))
  Logic Levels:           6  (LUT5=2 LUT6=3 MUXF7=1)
  Clock Path Skew:        0.140ns (DCD - SCD + CPR)
    Destination Clock Delay (DCD):    4.614ns = ( 14.614 - 10.000 ) 
    Source Clock Delay      (SCD):    4.735ns
    Clock Pessimism Removal (CPR):    0.261ns
  Clock Uncertainty:      0.035ns  ((TSJ^2 + TIJ^2)^1/2 + DJ) / 2 + PE
    Total System Jitter     (TSJ):    0.071ns
    Total Input Jitter      (TIJ):    0.000ns
    Discrete Jitter          (DJ):    0.000ns
    Phase Error              (PE):    0.000ns

    Location             Delay type                Incr(ns)  Path(ns)    Netlist Resource(s)
  -------------------------------------------------------------------    -------------------
                         (clock aclk rise edge)       0.000     0.000 r  
    L22                                               0.000     0.000 r  aclk (IN)
                         net (fo=0)                   0.000     0.000    aclk
    L22                  IBUF (Prop_ibuf_I_O)         0.893     0.893 r  aclk_IBUF_inst/O
                         net (fo=1, routed)           1.827     2.720    aclk_IBUF
    BUFGCTRL_X0Y2        BUFG (Prop_bufg_I_O)         0.081     2.801 r  aclk_IBUF_BUFG_inst_replica_1/O
                         net (fo=4, routed)           0.118     2.919    aclk_IBUF_BUFG_repN_1
    BUFGCTRL_X0Y1        BUFG (Prop_bufg_I_O)         0.081     3.000 r  aclk_IBUF_BUFG_inst_replica/O
                         net (fo=10, routed)          0.118     3.118    aclk_IBUF_BUFG_repN
    BUFGCTRL_X0Y0        BUFG (Prop_bufg_I_O)         0.081     3.199 r  aclk_IBUF_BUFG_inst/O
                         net (fo=20580, routed)       1.536     4.735    u_wb/defaultClockArea_cpu/aclk_IBUF_BUFG
    SLICE_X61Y76         FDCE                                         r  u_wb/defaultClockArea_cpu/_zz_ROBFIFOPlugin_popPtr_reg[0]_rep__13/C
  -------------------------------------------------------------------    -------------------
    SLICE_X61Y76         FDCE (Prop_fdce_C_Q)         0.379     5.114 r  u_wb/defaultClockArea_cpu/_zz_ROBFIFOPlugin_popPtr_reg[0]_rep__13/Q
                         net (fo=123, routed)         2.441     7.554    u_wb/defaultClockArea_cpu/_zz_ROBFIFOPlugin_popPtr_reg[0]_rep__13_n_0
    SLICE_X104Y89        LUT6 (Prop_lut6_I4_O)        0.105     7.659 f  u_wb/defaultClockArea_cpu/MMUPlugin_TLBIDX_INDEX[3]_i_54/O
                         net (fo=1, routed)           0.000     7.659    u_wb/defaultClockArea_cpu/MMUPlugin_TLBIDX_INDEX[3]_i_54_n_0
    SLICE_X104Y89        MUXF7 (Prop_muxf7_I1_O)      0.178     7.837 f  u_wb/defaultClockArea_cpu/MMUPlugin_TLBIDX_INDEX_reg[3]_i_19/O
                         net (fo=1, routed)           0.806     8.644    u_wb/defaultClockArea_cpu/MMUPlugin_TLBIDX_INDEX_reg[3]_i_19_n_0
    SLICE_X105Y87        LUT6 (Prop_lut6_I3_O)        0.241     8.885 f  u_wb/defaultClockArea_cpu/MMUPlugin_TLBIDX_INDEX[3]_i_6/O
                         net (fo=34, routed)          2.975    11.859    u_wb/defaultClockArea_cpu/MMUPlugin_TLBIDX_INDEX[3]_i_6_n_0
    SLICE_X37Y65         LUT5 (Prop_lut5_I0_O)        0.118    11.977 r  u_wb/defaultClockArea_cpu/MMUPlugin_TLBTable_0_ASID[9]_i_3/O
                         net (fo=29, routed)          0.741    12.718    u_wb/defaultClockArea_cpu/MMUPlugin_TLBTable_0_ASID[9]_i_3_n_0
    SLICE_X33Y59         LUT5 (Prop_lut5_I0_O)        0.268    12.986 r  u_wb/defaultClockArea_cpu/MMUPlugin_TLBTable_7_ASID[9]_i_2/O
                         net (fo=2, routed)           0.560    13.546    u_wb/defaultClockArea_cpu/MMUPlugin_TLBTable_7_ASID[9]_i_2_n_0
    SLICE_X39Y59         LUT6 (Prop_lut6_I0_O)        0.105    13.651 r  u_wb/defaultClockArea_cpu/MMUPlugin_TLBTable_7_ASID[9]_i_1/O
                         net (fo=88, routed)          0.964    14.615    u_wb/defaultClockArea_cpu/MMUPlugin_TLBTable_7_ASID[9]_i_1_n_0
    SLICE_X36Y45         FDCE                                         r  u_wb/defaultClockArea_cpu/MMUPlugin_TLBTable_7_PPN0_reg[19]/CE
  -------------------------------------------------------------------    -------------------

                         (clock aclk rise edge)      10.000    10.000 r  
    L22                                               0.000    10.000 r  aclk (IN)
                         net (fo=0)                   0.000    10.000    aclk
    L22                  IBUF (Prop_ibuf_I_O)         0.762    10.762 r  aclk_IBUF_inst/O
                         net (fo=1, routed)           1.734    12.496    aclk_IBUF
    BUFGCTRL_X0Y2        BUFG (Prop_bufg_I_O)         0.077    12.573 r  aclk_IBUF_BUFG_inst_replica_1/O
                         net (fo=4, routed)           0.112    12.685    aclk_IBUF_BUFG_repN_1
    BUFGCTRL_X0Y1        BUFG (Prop_bufg_I_O)         0.077    12.762 r  aclk_IBUF_BUFG_inst_replica/O
                         net (fo=10, routed)          0.112    12.874    aclk_IBUF_BUFG_repN
    BUFGCTRL_X0Y0        BUFG (Prop_bufg_I_O)         0.077    12.951 r  aclk_IBUF_BUFG_inst/O
                         net (fo=20580, routed)       1.663    14.614    u_wb/defaultClockArea_cpu/aclk_IBUF_BUFG
    SLICE_X36Y45         FDCE                                         r  u_wb/defaultClockArea_cpu/MMUPlugin_TLBTable_7_PPN0_reg[19]/C
                         clock pessimism              0.261    14.875    
                         clock uncertainty           -0.035    14.839    
    SLICE_X36Y45         FDCE (Setup_fdce_C_CE)      -0.136    14.703    u_wb/defaultClockArea_cpu/MMUPlugin_TLBTable_7_PPN0_reg[19]
  -------------------------------------------------------------------
                         required time                         14.703    
                         arrival time                         -14.615    
  -------------------------------------------------------------------
                         slack                                  0.089    





Pulse Width Checks
--------------------------------------------------------------------------------------
Clock Name:         aclk
Waveform(ns):       { 0.000 5.000 }
Period(ns):         10.000
Sources:            { aclk }

Check Type        Corner  Lib Pin             Reference Pin  Required(ns)  Actual(ns)  Slack(ns)  Location      Pin
Min Period        n/a     DSP48E1/CLK         n/a            3.109         10.000      6.891      DSP48_X7Y45   core_top/wb_raw_top/MyCPUCore/WeBattleMulDivUnit/multiplier/<hidden>/<hidden>/<hidden>
Min Period        n/a     RAMB36E1/CLKARDCLK  n/a            2.472         10.000      7.528      RAMB36_X0Y5   u_wb/defaultClockArea_axiBuffer/fifo/xpm_fifo_base_inst/gen_sdpram.xpm_memory_base_inst/gen_wr_a.gen_word_narrow.mem_reg_0/CLKARDCLK
Min Period        n/a     RAMB36E1/CLKARDCLK  n/a            2.472         10.000      7.528      RAMB36_X0Y4   u_wb/defaultClockArea_axiBuffer/fifo/xpm_fifo_base_inst/gen_sdpram.xpm_memory_base_inst/gen_wr_a.gen_word_narrow.mem_reg_1/CLKARDCLK
Min Period        n/a     RAMB18E1/CLKARDCLK  n/a            2.472         10.000      7.528      RAMB18_X0Y6   u_wb/defaultClockArea_axiBuffer/fifo/xpm_fifo_base_inst/gen_sdpram.xpm_memory_base_inst/gen_wr_a.gen_word_narrow.mem_reg_2/CLKARDCLK
Min Period        n/a     RAMB36E1/CLKARDCLK  n/a            2.472         10.000      7.528      RAMB36_X0Y6   u_wb/defaultClockArea_cpu/DCachePlugin_dataRAMs_0/mem/xpm_memory_base_inst/gen_wr_a.gen_byte_narrow.for_mem_cols[1].mem_reg/CLKARDCLK
Min Period        n/a     RAMB36E1/CLKARDCLK  n/a            2.472         10.000      7.528      RAMB36_X0Y7   u_wb/defaultClockArea_cpu/DCachePlugin_dataRAMs_1/mem/xpm_memory_base_inst/gen_wr_a.gen_byte_narrow.for_mem_cols[1].mem_reg/CLKARDCLK
Min Period        n/a     RAMB36E1/CLKARDCLK  n/a            2.472         10.000      7.528      RAMB36_X0Y8   u_wb/defaultClockArea_cpu/DCachePlugin_infoRAM/mem/xpm_memory_base_inst/gen_wr_a.gen_word_narrow.mem_reg/CLKARDCLK
Min Period        n/a     RAMB36E1/CLKBWRCLK  n/a            2.472         10.000      7.528      RAMB36_X0Y8   u_wb/defaultClockArea_cpu/DCachePlugin_infoRAM/mem/xpm_memory_base_inst/gen_wr_a.gen_word_narrow.mem_reg/CLKBWRCLK
Min Period        n/a     RAMB36E1/CLKARDCLK  n/a            2.472         10.000      7.528      RAMB36_X2Y10  u_wb/defaultClockArea_cpu/WeBattleICachePlugin_dataRAMs_0/mem/xpm_memory_base_inst/gen_wr_a.gen_byte_narrow.for_mem_cols[1].mem_reg_0/CLKARDCLK
Min Period        n/a     RAMB36E1/CLKBWRCLK  n/a            2.472         10.000      7.528      RAMB36_X2Y10  u_wb/defaultClockArea_cpu/WeBattleICachePlugin_dataRAMs_0/mem/xpm_memory_base_inst/gen_wr_a.gen_byte_narrow.for_mem_cols[1].mem_reg_0/CLKBWRCLK
Min Period        n/a     RAMB36E1/CLKARDCLK  n/a            2.472         10.000      7.528      RAMB36_X1Y15  u_wb/defaultClockArea_cpu/WeBattleICachePlugin_dataRAMs_0/mem/xpm_memory_base_inst/gen_wr_a.gen_byte_narrow.for_mem_cols[1].mem_reg_1/CLKARDCLK
Min Period        n/a     RAMB36E1/CLKBWRCLK  n/a            2.472         10.000      7.528      RAMB36_X1Y15  u_wb/defaultClockArea_cpu/WeBattleICachePlugin_dataRAMs_0/mem/xpm_memory_base_inst/gen_wr_a.gen_byte_narrow.for_mem_cols[1].mem_reg_1/CLKBWRCLK
Min Period        n/a     RAMB36E1/CLKARDCLK  n/a            2.472         10.000      7.528      RAMB36_X1Y17  u_wb/defaultClockArea_cpu/WeBattleICachePlugin_dataRAMs_0/mem/xpm_memory_base_inst/gen_wr_a.gen_byte_narrow.for_mem_cols[1].mem_reg_2/CLKARDCLK
Min Period        n/a     RAMB36E1/CLKBWRCLK  n/a            2.472         10.000      7.528      RAMB36_X1Y17  u_wb/defaultClockArea_cpu/WeBattleICachePlugin_dataRAMs_0/mem/xpm_memory_base_inst/gen_wr_a.gen_byte_narrow.for_mem_cols[1].mem_reg_2/CLKBWRCLK
Min Period        n/a     RAMB36E1/CLKARDCLK  n/a            2.472         10.000      7.528      RAMB36_X2Y15  u_wb/defaultClockArea_cpu/WeBattleICachePlugin_dataRAMs_0/mem/xpm_memory_base_inst/gen_wr_a.gen_byte_narrow.for_mem_cols[1].mem_reg_3/CLKARDCLK
Min Period        n/a     RAMB36E1/CLKBWRCLK  n/a            2.472         10.000      7.528      RAMB36_X2Y15  u_wb/defaultClockArea_cpu/WeBattleICachePlugin_dataRAMs_0/mem/xpm_memory_base_inst/gen_wr_a.gen_byte_narrow.for_mem_cols[1].mem_reg_3/CLKBWRCLK
Min Period        n/a     RAMB36E1/CLKARDCLK  n/a            2.472         10.000      7.528      RAMB36_X2Y11  u_wb/defaultClockArea_cpu/WeBattleICachePlugin_dataRAMs_0/mem/xpm_memory_base_inst/gen_wr_a.gen_byte_narrow.for_mem_cols[1].mem_reg_4/CLKARDCLK
Min Period        n/a     RAMB36E1/CLKBWRCLK  n/a            2.472         10.000      7.528      RAMB36_X2Y11  u_wb/defaultClockArea_cpu/WeBattleICachePlugin_dataRAMs_0/mem/xpm_memory_base_inst/gen_wr_a.gen_byte_narrow.for_mem_cols[1].mem_reg_4/CLKBWRCLK
Min Period        n/a     RAMB36E1/CLKARDCLK  n/a            2.472         10.000      7.528      RAMB36_X1Y14  u_wb/defaultClockArea_cpu/WeBattleICachePlugin_dataRAMs_0/mem/xpm_memory_base_inst/gen_wr_a.gen_byte_narrow.for_mem_cols[1].mem_reg_5/CLKARDCLK
Min Period        n/a     RAMB36E1/CLKBWRCLK  n/a            2.472         10.000      7.528      RAMB36_X1Y14  u_wb/defaultClockArea_cpu/WeBattleICachePlugin_dataRAMs_0/mem/xpm_memory_base_inst/gen_wr_a.gen_byte_narrow.for_mem_cols[1].mem_reg_5/CLKBWRCLK
Low Pulse Width   Slow    FDCE/C              n/a            0.500         5.000       4.500      SLICE_X0Y104  u_wb/awid_regNextWhen_reg[0]/C
Low Pulse Width   Fast    FDCE/C              n/a            0.500         5.000       4.500      SLICE_X0Y104  u_wb/awid_regNextWhen_reg[0]/C
Low Pulse Width   Slow    FDCE/C              n/a            0.500         5.000       4.500      SLICE_X0Y104  u_wb/awid_regNextWhen_reg[1]/C
Low Pulse Width   Fast    FDCE/C              n/a            0.500         5.000       4.500      SLICE_X0Y104  u_wb/awid_regNextWhen_reg[1]/C
Low Pulse Width   Slow    FDCE/C              n/a            0.500         5.000       4.500      SLICE_X0Y104  u_wb/awid_regNextWhen_reg[2]/C
Low Pulse Width   Fast    FDCE/C              n/a            0.500         5.000       4.500      SLICE_X0Y104  u_wb/awid_regNextWhen_reg[2]/C
Low Pulse Width   Slow    FDCE/C              n/a            0.500         5.000       4.500      SLICE_X0Y104  u_wb/awid_regNextWhen_reg[3]/C
Low Pulse Width   Fast    FDCE/C              n/a            0.500         5.000       4.500      SLICE_X0Y104  u_wb/awid_regNextWhen_reg[3]/C
Low Pulse Width   Slow    FDCE/C              n/a            0.500         5.000       4.500      SLICE_X6Y80   u_wb/defaultClockArea_axiBuffer/FSM_sequential_writeOutputFSM_stateReg_reg[0]/C
Low Pulse Width   Fast    FDCE/C              n/a            0.500         5.000       4.500      SLICE_X6Y80   u_wb/defaultClockArea_axiBuffer/FSM_sequential_writeOutputFSM_stateReg_reg[0]/C
Low Pulse Width   Slow    FDCE/C              n/a            0.500         5.000       4.500      SLICE_X6Y80   u_wb/defaultClockArea_axiBuffer/FSM_sequential_writeOutputFSM_stateReg_reg[1]/C
Low Pulse Width   Fast    FDCE/C              n/a            0.500         5.000       4.500      SLICE_X6Y80   u_wb/defaultClockArea_axiBuffer/FSM_sequential_writeOutputFSM_stateReg_reg[1]/C
Low Pulse Width   Slow    FDCE/C              n/a            0.500         5.000       4.500      SLICE_X7Y79   u_wb/defaultClockArea_axiBuffer/FSM_sequential_writeOutputFSM_stateReg_reg[2]/C
Low Pulse Width   Fast    FDCE/C              n/a            0.500         5.000       4.500      SLICE_X7Y79   u_wb/defaultClockArea_axiBuffer/FSM_sequential_writeOutputFSM_stateReg_reg[2]/C
Low Pulse Width   Slow    FDCE/C              n/a            0.500         5.000       4.500      SLICE_X1Y51   u_wb/defaultClockArea_axiBuffer/readOutputFSM_stateReg_reg[0]/C
Low Pulse Width   Fast    FDCE/C              n/a            0.500         5.000       4.500      SLICE_X1Y51   u_wb/defaultClockArea_axiBuffer/readOutputFSM_stateReg_reg[0]/C
Low Pulse Width   Slow    FDRE/C              n/a            0.500         5.000       4.500      SLICE_X3Y42   u_wb/defaultClockArea_axiBuffer/writeOutputFSM_regEntry_addr_reg[0]/C
Low Pulse Width   Fast    FDRE/C              n/a            0.500         5.000       4.500      SLICE_X3Y42   u_wb/defaultClockArea_axiBuffer/writeOutputFSM_regEntry_addr_reg[0]/C
Low Pulse Width   Slow    FDRE/C              n/a            0.500         5.000       4.500      SLICE_X7Y33   u_wb/defaultClockArea_axiBuffer/writeOutputFSM_regEntry_addr_reg[10]/C
Low Pulse Width   Fast    FDRE/C              n/a            0.500         5.000       4.500      SLICE_X7Y33   u_wb/defaultClockArea_axiBuffer/writeOutputFSM_regEntry_addr_reg[10]/C
High Pulse Width  Slow    FDCE/C              n/a            0.500         5.000       4.500      SLICE_X0Y104  u_wb/awid_regNextWhen_reg[0]/C
High Pulse Width  Fast    FDCE/C              n/a            0.500         5.000       4.500      SLICE_X0Y104  u_wb/awid_regNextWhen_reg[0]/C
High Pulse Width  Slow    FDCE/C              n/a            0.500         5.000       4.500      SLICE_X0Y104  u_wb/awid_regNextWhen_reg[1]/C
High Pulse Width  Fast    FDCE/C              n/a            0.500         5.000       4.500      SLICE_X0Y104  u_wb/awid_regNextWhen_reg[1]/C
High Pulse Width  Slow    FDCE/C              n/a            0.500         5.000       4.500      SLICE_X0Y104  u_wb/awid_regNextWhen_reg[2]/C
High Pulse Width  Fast    FDCE/C              n/a            0.500         5.000       4.500      SLICE_X0Y104  u_wb/awid_regNextWhen_reg[2]/C
High Pulse Width  Slow    FDCE/C              n/a            0.500         5.000       4.500      SLICE_X0Y104  u_wb/awid_regNextWhen_reg[3]/C
High Pulse Width  Fast    FDCE/C              n/a            0.500         5.000       4.500      SLICE_X0Y104  u_wb/awid_regNextWhen_reg[3]/C
High Pulse Width  Slow    FDCE/C              n/a            0.500         5.000       4.500      SLICE_X6Y80   u_wb/defaultClockArea_axiBuffer/FSM_sequential_writeOutputFSM_stateReg_reg[0]/C
High Pulse Width  Fast    FDCE/C              n/a            0.500         5.000       4.500      SLICE_X6Y80   u_wb/defaultClockArea_axiBuffer/FSM_sequential_writeOutputFSM_stateReg_reg[0]/C
High Pulse Width  Slow    FDCE/C              n/a            0.500         5.000       4.500      SLICE_X6Y80   u_wb/defaultClockArea_axiBuffer/FSM_sequential_writeOutputFSM_stateReg_reg[1]/C
High Pulse Width  Fast    FDCE/C              n/a            0.500         5.000       4.500      SLICE_X6Y80   u_wb/defaultClockArea_axiBuffer/FSM_sequential_writeOutputFSM_stateReg_reg[1]/C
High Pulse Width  Slow    FDCE/C              n/a            0.500         5.000       4.500      SLICE_X7Y79   u_wb/defaultClockArea_axiBuffer/FSM_sequential_writeOutputFSM_stateReg_reg[2]/C
High Pulse Width  Fast    FDCE/C              n/a            0.500         5.000       4.500      SLICE_X7Y79   u_wb/defaultClockArea_axiBuffer/FSM_sequential_writeOutputFSM_stateReg_reg[2]/C
High Pulse Width  Slow    FDCE/C              n/a            0.500         5.000       4.500      SLICE_X1Y51   u_wb/defaultClockArea_axiBuffer/readOutputFSM_stateReg_reg[0]/C
High Pulse Width  Fast    FDCE/C              n/a            0.500         5.000       4.500      SLICE_X1Y51   u_wb/defaultClockArea_axiBuffer/readOutputFSM_stateReg_reg[0]/C
High Pulse Width  Slow    FDRE/C              n/a            0.500         5.000       4.500      SLICE_X3Y42   u_wb/defaultClockArea_axiBuffer/writeOutputFSM_regEntry_addr_reg[0]/C
High Pulse Width  Fast    FDRE/C              n/a            0.500         5.000       4.500      SLICE_X3Y42   u_wb/defaultClockArea_axiBuffer/writeOutputFSM_regEntry_addr_reg[0]/C
High Pulse Width  Slow    FDRE/C              n/a            0.500         5.000       4.500      SLICE_X7Y33   u_wb/defaultClockArea_axiBuffer/writeOutputFSM_regEntry_addr_reg[10]/C
High Pulse Width  Fast    FDRE/C              n/a            0.500         5.000       4.500      SLICE_X7Y33   u_wb/defaultClockArea_axiBuffer/writeOutputFSM_regEntry_addr_reg[10]/C



