Copyright 1986-2022 Xilinx, Inc. All Rights Reserved. Copyright 2022-2025 Advanced Micro Devices, Inc. All Rights Reserved.
------------------------------------------------------------------------------------------------------------------------------------------------------------------------------
| Tool Version : Vivado v.2025.2 (win64) Build 6299465 Fri Nov 14 19:35:11 GMT 2025
| Date         : Thu Jul 30 13:50:16 2026
| Host         : MM的ThinkBook16p running 64-bit major release  (build 9200)
| Command      : report_timing_summary -delay_type max -max_paths 20 -file D:/NSCSCC2026/WeBattle-Core/reports/WB-N9/implementation_refine/timing_route_post_physopt_10ns.rpt
| Design       : core_top
| Device       : 7a200t-fbg676
| Speed File   : -2  PRODUCTION 1.23 2018-06-13
| Design State : Routed
------------------------------------------------------------------------------------------------------------------------------------------------------------------------------

Timing Summary Report

------------------------------------------------------------------------------------------------
| Timer Settings
| --------------
------------------------------------------------------------------------------------------------

  Enable Multi Corner Analysis               :  Yes
  Enable Pessimism Removal                   :  Yes
  Pessimism Removal Resolution               :  Nearest Common Node
  Enable Input Delay Default Clock           :  No
  Enable Preset / Clear Arcs                 :  No
  Disable Flight Delays                      :  No
  Ignore I/O Paths                           :  No
  Timing Early Launch at Borrowing Latches   :  No
  Borrow Time for Max Delay Exceptions       :  Yes
  Merge Timing Exceptions                    :  Yes
  Inter-SLR Compensation                     :  Conservative

  Corner  Analyze    Analyze    
  Name    Max Paths  Min Paths  
  ------  ---------  ---------  
  Slow    Yes        Yes        
  Fast    Yes        Yes        


------------------------------------------------------------------------------------------------
| Report Methodology
| ------------------
------------------------------------------------------------------------------------------------

No report available as report_methodology has not been run prior. Run report_methodology on the current design for the summary of methodology violations.



check_timing report

Table of Contents
-----------------
1. checking no_clock (0)
2. checking constant_clock (0)
3. checking pulse_width_clock (0)
4. checking unconstrained_internal_endpoints (0)
5. checking no_input_delay (47)
6. checking no_output_delay (234)
7. checking multiple_clock (0)
8. checking generated_clocks (0)
9. checking loops (0)
10. checking partial_input_delay (0)
11. checking partial_output_delay (0)
12. checking latch_loops (0)

1. checking no_clock (0)
------------------------
 There are 0 register/latch pins with no clock.


2. checking constant_clock (0)
------------------------------
 There are 0 register/latch pins with constant_clock.


3. checking pulse_width_clock (0)
---------------------------------
 There are 0 register/latch pins which need pulse_width check


4. checking unconstrained_internal_endpoints (0)
------------------------------------------------
 There are 0 pins that are not constrained for maximum delay.

 There are 0 pins that are not constrained for maximum delay due to constant clock.


5. checking no_input_delay (47)
-------------------------------
 There are 47 input ports with no input delay specified. (HIGH)

 There are 0 input ports with no input delay but user has a false path constraint.


6. checking no_output_delay (234)
---------------------------------
 There are 234 ports with no output delay specified. (HIGH)

 There are 0 ports with no output delay but user has a false path constraint

 There are 0 ports with no output delay but with a timing clock defined on it or propagating through it


7. checking multiple_clock (0)
------------------------------
 There are 0 register/latch pins with multiple clocks.


8. checking generated_clocks (0)
--------------------------------
 There are 0 generated clocks that are not connected to a clock source.


9. checking loops (0)
---------------------
 There are 0 combinational loops in the design.


10. checking partial_input_delay (0)
------------------------------------
 There are 0 input ports with partial input delay specified.


11. checking partial_output_delay (0)
-------------------------------------
 There are 0 ports with partial output delay specified.


12. checking latch_loops (0)
----------------------------
 There are 0 combinational latch loops in the design through latch input



------------------------------------------------------------------------------------------------
| Design Timing Summary
| ---------------------
------------------------------------------------------------------------------------------------

    WNS(ns)      TNS(ns)  TNS Failing Endpoints  TNS Total Endpoints     WPWS(ns)     TPWS(ns)  TPWS Failing Endpoints  TPWS Total Endpoints  
    -------      -------  ---------------------  -------------------     --------     --------  ----------------------  --------------------  
      0.002        0.000                      0                39768        4.146        0.000                       0                 20456  


All user specified timing constraints are met.


------------------------------------------------------------------------------------------------
| Clock Summary
| -------------
------------------------------------------------------------------------------------------------

Clock  Waveform(ns)       Period(ns)      Frequency(MHz)
-----  ------------       ----------      --------------
aclk   {0.000 5.000}      10.000          100.000         


------------------------------------------------------------------------------------------------
| Intra Clock Table
| -----------------
------------------------------------------------------------------------------------------------

Clock             WNS(ns)      TNS(ns)  TNS Failing Endpoints  TNS Total Endpoints     WPWS(ns)     TPWS(ns)  TPWS Failing Endpoints  TPWS Total Endpoints  
-----             -------      -------  ---------------------  -------------------     --------     --------  ----------------------  --------------------  
aclk                0.002        0.000                      0                39768        4.146        0.000                       0                 20456  


------------------------------------------------------------------------------------------------
| Inter Clock Table
| -----------------
------------------------------------------------------------------------------------------------

From Clock    To Clock          WNS(ns)      TNS(ns)  TNS Failing Endpoints  TNS Total Endpoints  
----------    --------          -------      -------  ---------------------  -------------------  


------------------------------------------------------------------------------------------------
| Other Path Groups Table
| -----------------------
------------------------------------------------------------------------------------------------

Path Group    From Clock    To Clock          WNS(ns)      TNS(ns)  TNS Failing Endpoints  TNS Total Endpoints  
----------    ----------    --------          -------      -------  ---------------------  -------------------  


------------------------------------------------------------------------------------------------
| Timing Details
| --------------
------------------------------------------------------------------------------------------------


---------------------------------------------------------------------------------------------------
From Clock:  aclk
  To Clock:  aclk

Setup :            0  Failing Endpoints,  Worst Slack        0.002ns,  Total Violation        0.000ns
Hold  :           NA  Failing Endpoints,  Worst Slack           NA  ,  Total Violation           NA
PW    :            0  Failing Endpoints,  Worst Slack        4.146ns,  Total Violation        0.000ns
---------------------------------------------------------------------------------------------------


Max Delay Paths
--------------------------------------------------------------------------------------
Slack (MET) :             0.002ns  (required time - arrival time)
  Source:                 u_wb/defaultClockArea_cpu/MULDIV_RRD_to_MULDIV_EXE_REG_READ_RSP_1_reg[4]/C
                            (rising edge-triggered cell FDRE clocked by aclk  {rise@0.000ns fall@5.000ns period=10.000ns})
  Destination:            u_wb/defaultClockArea_cpu/IntIssueQueuePlugin_queue_3_payload_rRegs_1_valid_reg/D
                            (rising edge-triggered cell FDRE clocked by aclk  {rise@0.000ns fall@5.000ns period=10.000ns})
  Path Group:             aclk
  Path Type:              Setup (Max at Slow Process Corner)
  Requirement:            10.000ns  (aclk rise@10.000ns - aclk rise@0.000ns)
  Data Path Delay:        10.166ns  (logic 3.143ns (30.917%)  route 7.023ns (69.083%))
  Logic Levels:           20  (CARRY4=6 LUT3=2 LUT4=2 LUT5=4 LUT6=6)
  Clock Path Skew:        0.097ns (DCD - SCD + CPR)
    Destination Clock Delay (DCD):    4.252ns = ( 14.252 - 10.000 ) 
    Source Clock Delay      (SCD):    4.392ns
    Clock Pessimism Removal (CPR):    0.238ns
  Clock Uncertainty:      0.035ns  ((TSJ^2 + TIJ^2)^1/2 + DJ) / 2 + PE
    Total System Jitter     (TSJ):    0.071ns
    Total Input Jitter      (TIJ):    0.000ns
    Discrete Jitter          (DJ):    0.000ns
    Phase Error              (PE):    0.000ns

    Location             Delay type                Incr(ns)  Path(ns)    Netlist Resource(s)
  -------------------------------------------------------------------    -------------------
                         (clock aclk rise edge)       0.000     0.000 r  
    L22                                               0.000     0.000 r  aclk (IN)
                         net (fo=0)                   0.000     0.000    aclk
    L22                  IBUF (Prop_ibuf_I_O)         0.893     0.893 r  aclk_IBUF_inst/O
                         net (fo=1, routed)           1.827     2.720    aclk_IBUF
    BUFGCTRL_X0Y2        BUFG (Prop_bufg_I_O)         0.081     2.801 r  aclk_IBUF_BUFG_inst_replica_1/O
                         net (fo=2, routed)           0.118     2.919    aclk_IBUF_BUFG_repN_1
    BUFGCTRL_X0Y1        BUFG (Prop_bufg_I_O)         0.081     3.000 r  aclk_IBUF_BUFG_inst_replica/O
                         net (fo=29, routed)          1.393     4.392    u_wb/defaultClockArea_cpu/aclk_IBUF_BUFG_repN_alias
    SLICE_X66Y133        FDRE                                         r  u_wb/defaultClockArea_cpu/MULDIV_RRD_to_MULDIV_EXE_REG_READ_RSP_1_reg[4]/C
  -------------------------------------------------------------------    -------------------
    SLICE_X66Y133        FDRE (Prop_fdre_C_Q)         0.433     4.825 r  u_wb/defaultClockArea_cpu/MULDIV_RRD_to_MULDIV_EXE_REG_READ_RSP_1_reg[4]/Q
                         net (fo=1, routed)           0.713     5.538    u_wb/defaultClockArea_cpu/unsignedDivider_2/MULDIV_EXE_MulDivExecutePlugin_multiplier_i_9_0[4]
    SLICE_X68Y129        LUT3 (Prop_lut3_I2_O)        0.105     5.643 r  u_wb/defaultClockArea_cpu/unsignedDivider_2/MULDIV_EXE_MulDivExecutePlugin_multiplier_i_76/O
                         net (fo=1, routed)           0.000     5.643    u_wb/defaultClockArea_cpu/unsignedDivider_2/_zz_MULDIV_EXE_MulDivExecutePlugin_absRk[4]
    SLICE_X68Y129        CARRY4 (Prop_carry4_S[0]_CO[3])
                                                      0.423     6.066 r  u_wb/defaultClockArea_cpu/unsignedDivider_2/MULDIV_EXE_MulDivExecutePlugin_multiplier_i_15/CO[3]
                         net (fo=1, routed)           0.000     6.066    u_wb/defaultClockArea_cpu/unsignedDivider_2/MULDIV_EXE_MulDivExecutePlugin_multiplier_i_15_n_0
    SLICE_X68Y130        CARRY4 (Prop_carry4_CI_CO[3])
                                                      0.100     6.166 r  u_wb/defaultClockArea_cpu/unsignedDivider_2/MULDIV_EXE_MulDivExecutePlugin_multiplier_i_14/CO[3]
                         net (fo=1, routed)           0.000     6.166    u_wb/defaultClockArea_cpu/unsignedDivider_2/MULDIV_EXE_MulDivExecutePlugin_multiplier_i_14_n_0
    SLICE_X68Y131        CARRY4 (Prop_carry4_CI_CO[3])
                                                      0.100     6.266 r  u_wb/defaultClockArea_cpu/unsignedDivider_2/MULDIV_EXE_MulDivExecutePlugin_multiplier_i_13/CO[3]
                         net (fo=1, routed)           0.000     6.266    u_wb/defaultClockArea_cpu/unsignedDivider_2/MULDIV_EXE_MulDivExecutePlugin_multiplier_i_13_n_0
    SLICE_X68Y132        CARRY4 (Prop_carry4_CI_CO[3])
                                                      0.100     6.366 r  u_wb/defaultClockArea_cpu/unsignedDivider_2/MULDIV_EXE_MulDivExecutePlugin_multiplier_i_12/CO[3]
                         net (fo=1, routed)           0.000     6.366    u_wb/defaultClockArea_cpu/unsignedDivider_2/MULDIV_EXE_MulDivExecutePlugin_multiplier_i_12_n_0
    SLICE_X68Y133        CARRY4 (Prop_carry4_CI_CO[3])
                                                      0.100     6.466 r  u_wb/defaultClockArea_cpu/unsignedDivider_2/MULDIV_EXE_MulDivExecutePlugin_multiplier_i_11/CO[3]
                         net (fo=1, routed)           0.000     6.466    u_wb/defaultClockArea_cpu/unsignedDivider_2/MULDIV_EXE_MulDivExecutePlugin_multiplier_i_11_n_0
    SLICE_X68Y134        CARRY4 (Prop_carry4_CI_O[3])
                                                      0.262     6.728 f  u_wb/defaultClockArea_cpu/unsignedDivider_2/MULDIV_EXE_MulDivExecutePlugin_multiplier_i_10/O[3]
                         net (fo=4, routed)           0.725     7.454    u_wb/defaultClockArea_cpu/unsignedDivider_2/B[27]
    SLICE_X67Y132        LUT4 (Prop_lut4_I0_O)        0.250     7.704 f  u_wb/defaultClockArea_cpu/unsignedDivider_2/MULDIV_RRD_to_MULDIV_EXE_ISSUE_SLOT_uop_fuType[3]_i_11/O
                         net (fo=1, routed)           0.113     7.816    u_wb/defaultClockArea_cpu/unsignedDivider_2/MULDIV_RRD_to_MULDIV_EXE_ISSUE_SLOT_uop_fuType[3]_i_11_n_0
    SLICE_X67Y132        LUT5 (Prop_lut5_I4_O)        0.105     7.921 f  u_wb/defaultClockArea_cpu/unsignedDivider_2/MULDIV_RRD_to_MULDIV_EXE_ISSUE_SLOT_uop_fuType[3]_i_7/O
                         net (fo=1, routed)           0.771     8.692    u_wb/defaultClockArea_cpu/unsignedDivider_2/MULDIV_RRD_to_MULDIV_EXE_ISSUE_SLOT_uop_fuType[3]_i_7_n_0
    SLICE_X67Y123        LUT4 (Prop_lut4_I2_O)        0.105     8.797 r  u_wb/defaultClockArea_cpu/unsignedDivider_2/MULDIV_RRD_to_MULDIV_EXE_ISSUE_SLOT_uop_fuType[3]_i_4/O
                         net (fo=66, routed)          0.281     9.079    u_wb/defaultClockArea_cpu/unsignedDivider_3/MULDIV_RRD_to_MULDIV_EXE_ISSUE_SLOT_wReg_reg[5]
    SLICE_X65Y123        LUT5 (Prop_lut5_I2_O)        0.105     9.184 r  u_wb/defaultClockArea_cpu/unsignedDivider_3/MULDIV_RRD_to_MULDIV_EXE_ISSUE_SLOT_uop_fuType[3]_i_1/O
                         net (fo=104, routed)         0.278     9.462    u_wb/defaultClockArea_cpu/unsignedDivider_3/MULDIV_EXE_arbitration_notStuck
    SLICE_X64Y122        LUT6 (Prop_lut6_I4_O)        0.105     9.567 r  u_wb/defaultClockArea_cpu/unsignedDivider_3/MemIssueQueuePlugin_queue_0_payload_rRegs_0_valid_i_7/O
                         net (fo=60, routed)          0.587    10.154    u_wb/defaultClockArea_cpu/unsignedDivider_3/p_6_in
    SLICE_X58Y118        LUT5 (Prop_lut5_I4_O)        0.105    10.259 f  u_wb/defaultClockArea_cpu/unsignedDivider_3/IntIssueQueuePlugin_queue_6_payload_rRegs_1_valid_i_115/O
                         net (fo=1, routed)           0.383    10.642    u_wb/defaultClockArea_cpu/unsignedDivider_3/IntIssueQueuePlugin_queue_6_payload_rRegs_1_valid_i_115_n_0
    SLICE_X50Y116        LUT6 (Prop_lut6_I5_O)        0.105    10.747 r  u_wb/defaultClockArea_cpu/unsignedDivider_3/IntIssueQueuePlugin_queue_6_payload_rRegs_1_valid_i_69/O
                         net (fo=1, routed)           0.395    11.142    u_wb/defaultClockArea_cpu/unsignedDivider_3/IntIssueQueuePlugin_queue_6_payload_rRegs_1_valid_i_69_n_0
    SLICE_X46Y111        LUT6 (Prop_lut6_I3_O)        0.105    11.247 r  u_wb/defaultClockArea_cpu/unsignedDivider_3/IntIssueQueuePlugin_queue_6_payload_rRegs_1_valid_i_35/O
                         net (fo=2, routed)           0.513    11.760    u_wb/defaultClockArea_cpu/unsignedDivider_3/IntIssueQueuePlugin_queue_6_payload_rRegs_1_valid_i_35_n_0
    SLICE_X46Y107        LUT6 (Prop_lut6_I0_O)        0.105    11.865 r  u_wb/defaultClockArea_cpu/unsignedDivider_3/IntIssueQueuePlugin_queue_6_payload_rRegs_1_valid_i_14/O
                         net (fo=8, routed)           0.537    12.402    u_wb/defaultClockArea_cpu/unsignedDivider_3/IntIssueQueuePlugin_queue_6_payload_rRegs_1_valid_i_14_n_0
    SLICE_X48Y107        LUT5 (Prop_lut5_I2_O)        0.105    12.507 f  u_wb/defaultClockArea_cpu/unsignedDivider_3/IntIssueQueuePlugin_queue_6_payload_rRegs_1_valid_i_5/O
                         net (fo=7, routed)           0.564    13.070    u_wb/defaultClockArea_cpu/unsignedDivider_3/IntIssueQueuePlugin_queue_6_payload_rRegs_1_valid_i_5_n_0
    SLICE_X48Y107        LUT6 (Prop_lut6_I2_O)        0.105    13.175 r  u_wb/defaultClockArea_cpu/unsignedDivider_3/IntIssueQueuePlugin_queue_5_payload_rRegs_1_valid_i_2/O
                         net (fo=4, routed)           0.497    13.672    u_wb/defaultClockArea_cpu/unsignedDivider_3/IntIssueQueuePlugin_queue_5_payload_rRegs_1_valid_i_2_n_0
    SLICE_X46Y107        LUT6 (Prop_lut6_I3_O)        0.105    13.777 r  u_wb/defaultClockArea_cpu/unsignedDivider_3/IntIssueQueuePlugin_queue_3_payload_rRegs_1_valid_i_2/O
                         net (fo=1, routed)           0.666    14.443    u_wb/defaultClockArea_cpu/unsignedDivider_3/IntIssueQueuePlugin_queue_3_payload_rRegs_1_valid_i_2_n_0
    SLICE_X46Y109        LUT3 (Prop_lut3_I0_O)        0.115    14.558 r  u_wb/defaultClockArea_cpu/unsignedDivider_3/IntIssueQueuePlugin_queue_3_payload_rRegs_1_valid_i_1/O
                         net (fo=1, routed)           0.000    14.558    u_wb/defaultClockArea_cpu/unsignedDivider_3_n_60
    SLICE_X46Y109        FDRE                                         r  u_wb/defaultClockArea_cpu/IntIssueQueuePlugin_queue_3_payload_rRegs_1_valid_reg/D
  -------------------------------------------------------------------    -------------------

                         (clock aclk rise edge)      10.000    10.000 r  
    L22                                               0.000    10.000 r  aclk (IN)
                         net (fo=0)                   0.000    10.000    aclk
    L22                  IBUF (Prop_ibuf_I_O)         0.762    10.762 r  aclk_IBUF_inst/O
                         net (fo=1, routed)           1.734    12.496    aclk_IBUF
    BUFGCTRL_X0Y2        BUFG (Prop_bufg_I_O)         0.077    12.573 r  aclk_IBUF_BUFG_inst_replica_1/O
                         net (fo=2, routed)           0.112    12.685    aclk_IBUF_BUFG_repN_1
    BUFGCTRL_X0Y1        BUFG (Prop_bufg_I_O)         0.077    12.762 r  aclk_IBUF_BUFG_inst_replica/O
                         net (fo=29, routed)          0.112    12.874    aclk_IBUF_BUFG_repN
    BUFGCTRL_X0Y0        BUFG (Prop_bufg_I_O)         0.077    12.951 r  aclk_IBUF_BUFG_inst/O
                         net (fo=20427, routed)       1.301    14.252    u_wb/defaultClockArea_cpu/aclk_IBUF_BUFG
    SLICE_X46Y109        FDRE                                         r  u_wb/defaultClockArea_cpu/IntIssueQueuePlugin_queue_3_payload_rRegs_1_valid_reg/C
                         clock pessimism              0.238    14.489    
                         clock uncertainty           -0.035    14.454    
    SLICE_X46Y109        FDRE (Setup_fdre_C_D)        0.106    14.560    u_wb/defaultClockArea_cpu/IntIssueQueuePlugin_queue_3_payload_rRegs_1_valid_reg
  -------------------------------------------------------------------
                         required time                         14.560    
                         arrival time                         -14.558    
  -------------------------------------------------------------------
                         slack                                  0.002    

Slack (MET) :             0.014ns  (required time - arrival time)
  Source:                 u_wb/defaultClockArea_cpu/MULDIV_RRD_to_MULDIV_EXE_REG_READ_RSP_0_reg[31]/C
                            (rising edge-triggered cell FDRE clocked by aclk  {rise@0.000ns fall@5.000ns period=10.000ns})
  Destination:            u_wb/defaultClockArea_cpu/IntIssueQueuePlugin_queue_0_payload_rRegs_1_valid_reg/D
                            (rising edge-triggered cell FDRE clocked by aclk  {rise@0.000ns fall@5.000ns period=10.000ns})
  Path Group:             aclk
  Path Type:              Setup (Max at Slow Process Corner)
  Requirement:            10.000ns  (aclk rise@10.000ns - aclk rise@0.000ns)
  Data Path Delay:        9.738ns  (logic 3.065ns (31.473%)  route 6.673ns (68.527%))
  Logic Levels:           20  (CARRY4=7 LUT2=1 LUT4=1 LUT5=4 LUT6=7)
  Clock Path Skew:        -0.284ns (DCD - SCD + CPR)
    Destination Clock Delay (DCD):    4.063ns = ( 14.063 - 10.000 ) 
    Source Clock Delay      (SCD):    4.584ns
    Clock Pessimism Removal (CPR):    0.238ns
  Clock Uncertainty:      0.035ns  ((TSJ^2 + TIJ^2)^1/2 + DJ) / 2 + PE
    Total System Jitter     (TSJ):    0.071ns
    Total Input Jitter      (TIJ):    0.000ns
    Discrete Jitter          (DJ):    0.000ns
    Phase Error              (PE):    0.000ns

    Location             Delay type                Incr(ns)  Path(ns)    Netlist Resource(s)
  -------------------------------------------------------------------    -------------------
                         (clock aclk rise edge)       0.000     0.000 r  
    L22                                               0.000     0.000 r  aclk (IN)
                         net (fo=0)                   0.000     0.000    aclk
    L22                  IBUF (Prop_ibuf_I_O)         0.893     0.893 r  aclk_IBUF_inst/O
                         net (fo=1, routed)           1.827     2.720    aclk_IBUF
    BUFGCTRL_X0Y2        BUFG (Prop_bufg_I_O)         0.081     2.801 r  aclk_IBUF_BUFG_inst_replica_1/O
                         net (fo=2, routed)           0.118     2.919    aclk_IBUF_BUFG_repN_1
    BUFGCTRL_X0Y1        BUFG (Prop_bufg_I_O)         0.081     3.000 r  aclk_IBUF_BUFG_inst_replica/O
                         net (fo=29, routed)          0.118     3.118    aclk_IBUF_BUFG_repN
    BUFGCTRL_X0Y0        BUFG (Prop_bufg_I_O)         0.081     3.199 r  aclk_IBUF_BUFG_inst/O
                         net (fo=20427, routed)       1.386     4.584    u_wb/defaultClockArea_cpu/aclk_IBUF_BUFG
    SLICE_X69Y127        FDRE                                         r  u_wb/defaultClockArea_cpu/MULDIV_RRD_to_MULDIV_EXE_REG_READ_RSP_0_reg[31]/C
  -------------------------------------------------------------------    -------------------
    SLICE_X69Y127        FDRE (Prop_fdre_C_Q)         0.379     4.963 r  u_wb/defaultClockArea_cpu/MULDIV_RRD_to_MULDIV_EXE_REG_READ_RSP_0_reg[31]/Q
                         net (fo=160, routed)         0.601     5.565    u_wb/defaultClockArea_cpu/unsignedDivider_2/Q[31]
    SLICE_X69Y126        LUT2 (Prop_lut2_I1_O)        0.124     5.689 r  u_wb/defaultClockArea_cpu/unsignedDivider_2/MULDIV_EXE_MulDivExecutePlugin_multiplier_i_45/O
                         net (fo=1, routed)           0.000     5.689    u_wb/defaultClockArea_cpu/unsignedDivider_2/MULDIV_EXE_MulDivExecutePlugin_multiplier_i_45_n_0
    SLICE_X69Y126        CARRY4 (Prop_carry4_DI[0]_CO[3])
                                                      0.400     6.089 r  u_wb/defaultClockArea_cpu/unsignedDivider_2/MULDIV_EXE_MulDivExecutePlugin_multiplier_i_8/CO[3]
                         net (fo=1, routed)           0.000     6.089    u_wb/defaultClockArea_cpu/unsignedDivider_2/MULDIV_EXE_MulDivExecutePlugin_multiplier_i_8_n_0
    SLICE_X69Y127        CARRY4 (Prop_carry4_CI_CO[3])
                                                      0.098     6.187 r  u_wb/defaultClockArea_cpu/unsignedDivider_2/MULDIV_EXE_MulDivExecutePlugin_multiplier_i_7/CO[3]
                         net (fo=1, routed)           0.000     6.187    u_wb/defaultClockArea_cpu/unsignedDivider_2/MULDIV_EXE_MulDivExecutePlugin_multiplier_i_7_n_0
    SLICE_X69Y128        CARRY4 (Prop_carry4_CI_CO[3])
                                                      0.098     6.285 r  u_wb/defaultClockArea_cpu/unsignedDivider_2/MULDIV_EXE_MulDivExecutePlugin_multiplier_i_6/CO[3]
                         net (fo=1, routed)           0.000     6.285    u_wb/defaultClockArea_cpu/unsignedDivider_2/MULDIV_EXE_MulDivExecutePlugin_multiplier_i_6_n_0
    SLICE_X69Y129        CARRY4 (Prop_carry4_CI_CO[3])
                                                      0.098     6.383 r  u_wb/defaultClockArea_cpu/unsignedDivider_2/MULDIV_EXE_MulDivExecutePlugin_multiplier_i_5/CO[3]
                         net (fo=1, routed)           0.000     6.383    u_wb/defaultClockArea_cpu/unsignedDivider_2/MULDIV_EXE_MulDivExecutePlugin_multiplier_i_5_n_0
    SLICE_X69Y130        CARRY4 (Prop_carry4_CI_CO[3])
                                                      0.098     6.481 r  u_wb/defaultClockArea_cpu/unsignedDivider_2/MULDIV_EXE_MulDivExecutePlugin_multiplier_i_4/CO[3]
                         net (fo=1, routed)           0.000     6.481    u_wb/defaultClockArea_cpu/unsignedDivider_2/MULDIV_EXE_MulDivExecutePlugin_multiplier_i_4_n_0
    SLICE_X69Y131        CARRY4 (Prop_carry4_CI_CO[3])
                                                      0.098     6.579 r  u_wb/defaultClockArea_cpu/unsignedDivider_2/MULDIV_EXE_MulDivExecutePlugin_multiplier_i_3/CO[3]
                         net (fo=1, routed)           0.000     6.579    u_wb/defaultClockArea_cpu/unsignedDivider_2/MULDIV_EXE_MulDivExecutePlugin_multiplier_i_3_n_0
    SLICE_X69Y132        CARRY4 (Prop_carry4_CI_O[3])
                                                      0.260     6.839 f  u_wb/defaultClockArea_cpu/unsignedDivider_2/MULDIV_EXE_MulDivExecutePlugin_multiplier_i_2/O[3]
                         net (fo=3, routed)           0.818     7.657    u_wb/defaultClockArea_cpu/unsignedDivider_2/A[27]
    SLICE_X67Y132        LUT5 (Prop_lut5_I1_O)        0.257     7.914 f  u_wb/defaultClockArea_cpu/unsignedDivider_2/MULDIV_RRD_to_MULDIV_EXE_ISSUE_SLOT_uop_fuType[3]_i_7/O
                         net (fo=1, routed)           0.771     8.685    u_wb/defaultClockArea_cpu/unsignedDivider_2/MULDIV_RRD_to_MULDIV_EXE_ISSUE_SLOT_uop_fuType[3]_i_7_n_0
    SLICE_X67Y123        LUT4 (Prop_lut4_I2_O)        0.105     8.790 r  u_wb/defaultClockArea_cpu/unsignedDivider_2/MULDIV_RRD_to_MULDIV_EXE_ISSUE_SLOT_uop_fuType[3]_i_4/O
                         net (fo=66, routed)          0.281     9.071    u_wb/defaultClockArea_cpu/unsignedDivider_3/MULDIV_RRD_to_MULDIV_EXE_ISSUE_SLOT_wReg_reg[5]
    SLICE_X65Y123        LUT5 (Prop_lut5_I2_O)        0.105     9.176 r  u_wb/defaultClockArea_cpu/unsignedDivider_3/MULDIV_RRD_to_MULDIV_EXE_ISSUE_SLOT_uop_fuType[3]_i_1/O
                         net (fo=104, routed)         0.278     9.454    u_wb/defaultClockArea_cpu/unsignedDivider_3/MULDIV_EXE_arbitration_notStuck
    SLICE_X64Y122        LUT6 (Prop_lut6_I4_O)        0.105     9.559 r  u_wb/defaultClockArea_cpu/unsignedDivider_3/MemIssueQueuePlugin_queue_0_payload_rRegs_0_valid_i_7/O
                         net (fo=60, routed)          0.587    10.146    u_wb/defaultClockArea_cpu/unsignedDivider_3/p_6_in
    SLICE_X58Y118        LUT5 (Prop_lut5_I4_O)        0.105    10.251 f  u_wb/defaultClockArea_cpu/unsignedDivider_3/IntIssueQueuePlugin_queue_6_payload_rRegs_1_valid_i_115/O
                         net (fo=1, routed)           0.383    10.634    u_wb/defaultClockArea_cpu/unsignedDivider_3/IntIssueQueuePlugin_queue_6_payload_rRegs_1_valid_i_115_n_0
    SLICE_X50Y116        LUT6 (Prop_lut6_I5_O)        0.105    10.739 r  u_wb/defaultClockArea_cpu/unsignedDivider_3/IntIssueQueuePlugin_queue_6_payload_rRegs_1_valid_i_69/O
                         net (fo=1, routed)           0.395    11.134    u_wb/defaultClockArea_cpu/unsignedDivider_3/IntIssueQueuePlugin_queue_6_payload_rRegs_1_valid_i_69_n_0
    SLICE_X46Y111        LUT6 (Prop_lut6_I3_O)        0.105    11.239 r  u_wb/defaultClockArea_cpu/unsignedDivider_3/IntIssueQueuePlugin_queue_6_payload_rRegs_1_valid_i_35/O
                         net (fo=2, routed)           0.513    11.752    u_wb/defaultClockArea_cpu/unsignedDivider_3/IntIssueQueuePlugin_queue_6_payload_rRegs_1_valid_i_35_n_0
    SLICE_X46Y107        LUT6 (Prop_lut6_I0_O)        0.105    11.857 r  u_wb/defaultClockArea_cpu/unsignedDivider_3/IntIssueQueuePlugin_queue_6_payload_rRegs_1_valid_i_14/O
                         net (fo=8, routed)           0.537    12.394    u_wb/defaultClockArea_cpu/unsignedDivider_3/IntIssueQueuePlugin_queue_6_payload_rRegs_1_valid_i_14_n_0
    SLICE_X48Y107        LUT5 (Prop_lut5_I2_O)        0.105    12.499 f  u_wb/defaultClockArea_cpu/unsignedDivider_3/IntIssueQueuePlugin_queue_6_payload_rRegs_1_valid_i_5/O
                         net (fo=7, routed)           0.414    12.914    u_wb/defaultClockArea_cpu/unsignedDivider_3/IntIssueQueuePlugin_queue_6_payload_rRegs_1_valid_i_5_n_0
    SLICE_X46Y107        LUT6 (Prop_lut6_I5_O)        0.105    13.019 r  u_wb/defaultClockArea_cpu/unsignedDivider_3/IntIssueQueuePlugin_queue_3_payload_rRegs_1_valid_i_3_comp/O
                         net (fo=1, routed)           0.622    13.640    u_wb/defaultClockArea_cpu/unsignedDivider_3/IntIssueQueuePlugin_queue_3_payload_rRegs_1_valid_i_3_n_0_repN
    SLICE_X48Y108        LUT6 (Prop_lut6_I5_O)        0.105    13.745 r  u_wb/defaultClockArea_cpu/unsignedDivider_3/IntIssueQueuePlugin_queue_0_payload_rRegs_1_valid_i_3_comp/O
                         net (fo=1, routed)           0.473    14.218    u_wb/defaultClockArea_cpu/unsignedDivider_3/IntIssueQueuePlugin_queue_0_payload_rRegs_1_valid_i_3_n_0
    SLICE_X48Y109        LUT6 (Prop_lut6_I1_O)        0.105    14.323 r  u_wb/defaultClockArea_cpu/unsignedDivider_3/IntIssueQueuePlugin_queue_0_payload_rRegs_1_valid_i_1/O
                         net (fo=1, routed)           0.000    14.323    u_wb/defaultClockArea_cpu/unsignedDivider_3_n_116
    SLICE_X48Y109        FDRE                                         r  u_wb/defaultClockArea_cpu/IntIssueQueuePlugin_queue_0_payload_rRegs_1_valid_reg/D
  -------------------------------------------------------------------    -------------------

                         (clock aclk rise edge)      10.000    10.000 r  
    L22                                               0.000    10.000 r  aclk (IN)
                         net (fo=0)                   0.000    10.000    aclk
    L22                  IBUF (Prop_ibuf_I_O)         0.762    10.762 r  aclk_IBUF_inst/O
                         net (fo=1, routed)           1.734    12.496    aclk_IBUF
    BUFGCTRL_X0Y2        BUFG (Prop_bufg_I_O)         0.077    12.573 r  aclk_IBUF_BUFG_inst_replica_1/O
                         net (fo=2, routed)           0.112    12.685    aclk_IBUF_BUFG_repN_1
    BUFGCTRL_X0Y1        BUFG (Prop_bufg_I_O)         0.077    12.762 r  aclk_IBUF_BUFG_inst_replica/O
                         net (fo=29, routed)          1.301    14.063    u_wb/defaultClockArea_cpu/aclk_IBUF_BUFG_repN_alias
    SLICE_X48Y109        FDRE                                         r  u_wb/defaultClockArea_cpu/IntIssueQueuePlugin_queue_0_payload_rRegs_1_valid_reg/C
                         clock pessimism              0.238    14.300    
                         clock uncertainty           -0.035    14.265    
    SLICE_X48Y109        FDRE (Setup_fdre_C_D)        0.072    14.337    u_wb/defaultClockArea_cpu/IntIssueQueuePlugin_queue_0_payload_rRegs_1_valid_reg
  -------------------------------------------------------------------
                         required time                         14.337    
                         arrival time                         -14.323    
  -------------------------------------------------------------------
                         slack                                  0.014    

Slack (MET) :             0.016ns  (required time - arrival time)
  Source:                 u_wb/defaultClockArea_cpu/_zz_ROBFIFOPlugin_fifoIO_pop_0_payload_state_lsuUncached_17_reg/C
                            (rising edge-triggered cell FDRE clocked by aclk  {rise@0.000ns fall@5.000ns period=10.000ns})
  Destination:            u_wb/defaultClockArea_cpu/GlobalPredictorBTBPlugin_predictor/tournamentPht/rams_2/mem/xpm_memory_base_inst/gen_wr_a.gen_word_narrow.mem_reg/ADDRBWRADDR[13]
                            (rising edge-triggered cell RAMB18E1 clocked by aclk  {rise@0.000ns fall@5.000ns period=10.000ns})
  Path Group:             aclk
  Path Type:              Setup (Max at Slow Process Corner)
  Requirement:            10.000ns  (aclk rise@10.000ns - aclk rise@0.000ns)
  Data Path Delay:        9.406ns  (logic 1.859ns (19.764%)  route 7.547ns (80.236%))
  Logic Levels:           12  (LUT2=1 LUT4=1 LUT5=2 LUT6=7 MUXF7=1)
  Clock Path Skew:        -0.052ns (DCD - SCD + CPR)
    Destination Clock Delay (DCD):    4.411ns = ( 14.411 - 10.000 ) 
    Source Clock Delay      (SCD):    4.724ns
    Clock Pessimism Removal (CPR):    0.261ns
  Clock Uncertainty:      0.035ns  ((TSJ^2 + TIJ^2)^1/2 + DJ) / 2 + PE
    Total System Jitter     (TSJ):    0.071ns
    Total Input Jitter      (TIJ):    0.000ns
    Discrete Jitter          (DJ):    0.000ns
    Phase Error              (PE):    0.000ns

    Location             Delay type                Incr(ns)  Path(ns)    Netlist Resource(s)
  -------------------------------------------------------------------    -------------------
                         (clock aclk rise edge)       0.000     0.000 r  
    L22                                               0.000     0.000 r  aclk (IN)
                         net (fo=0)                   0.000     0.000    aclk
    L22                  IBUF (Prop_ibuf_I_O)         0.893     0.893 r  aclk_IBUF_inst/O
                         net (fo=1, routed)           1.827     2.720    aclk_IBUF
    BUFGCTRL_X0Y2        BUFG (Prop_bufg_I_O)         0.081     2.801 r  aclk_IBUF_BUFG_inst_replica_1/O
                         net (fo=2, routed)           0.118     2.919    aclk_IBUF_BUFG_repN_1
    BUFGCTRL_X0Y1        BUFG (Prop_bufg_I_O)         0.081     3.000 r  aclk_IBUF_BUFG_inst_replica/O
                         net (fo=29, routed)          0.118     3.118    aclk_IBUF_BUFG_repN
    BUFGCTRL_X0Y0        BUFG (Prop_bufg_I_O)         0.081     3.199 r  aclk_IBUF_BUFG_inst/O
                         net (fo=20427, routed)       1.525     4.724    u_wb/defaultClockArea_cpu/aclk_IBUF_BUFG
    SLICE_X86Y85         FDRE                                         r  u_wb/defaultClockArea_cpu/_zz_ROBFIFOPlugin_fifoIO_pop_0_payload_state_lsuUncached_17_reg/C
  -------------------------------------------------------------------    -------------------
    SLICE_X86Y85         FDRE (Prop_fdre_C_Q)         0.379     5.103 f  u_wb/defaultClockArea_cpu/_zz_ROBFIFOPlugin_fifoIO_pop_0_payload_state_lsuUncached_17_reg/Q
                         net (fo=1, routed)           1.006     6.109    u_wb/defaultClockArea_cpu/GlobalPredictorBTBPlugin_predictor/pht/rams_0/WeBattleCommitPlugin_uncachedExecuting_reg_i_13_6
    SLICE_X85Y83         LUT6 (Prop_lut6_I3_O)        0.105     6.214 f  u_wb/defaultClockArea_cpu/GlobalPredictorBTBPlugin_predictor/pht/rams_0/WeBattleCommitPlugin_uncachedExecuting_i_26/O
                         net (fo=1, routed)           0.000     6.214    u_wb/defaultClockArea_cpu/GlobalPredictorBTBPlugin_predictor/pht/rams_0/WeBattleCommitPlugin_uncachedExecuting_i_26_n_0
    SLICE_X85Y83         MUXF7 (Prop_muxf7_I0_O)      0.178     6.392 f  u_wb/defaultClockArea_cpu/GlobalPredictorBTBPlugin_predictor/pht/rams_0/WeBattleCommitPlugin_uncachedExecuting_reg_i_13/O
                         net (fo=1, routed)           0.505     6.897    u_wb/defaultClockArea_cpu/GlobalPredictorBTBPlugin_predictor/pht/rams_0/WeBattleCommitPlugin_uncachedExecuting_reg_i_13_n_0
    SLICE_X82Y79         LUT6 (Prop_lut6_I1_O)        0.252     7.149 f  u_wb/defaultClockArea_cpu/GlobalPredictorBTBPlugin_predictor/pht/rams_0/WeBattleCommitPlugin_uncachedExecuting_i_7/O
                         net (fo=2, routed)           0.484     7.633    u_wb/defaultClockArea_cpu/GlobalPredictorBTBPlugin_predictor/pht/rams_0/_zz_ROBFIFOPlugin_popPtr_reg[4]_rep__0
    SLICE_X78Y79         LUT6 (Prop_lut6_I5_O)        0.105     7.738 r  u_wb/defaultClockArea_cpu/GlobalPredictorBTBPlugin_predictor/pht/rams_0/WeBattleCommitPlugin_uncachedExecuting_i_5/O
                         net (fo=1, routed)           0.681     8.419    u_wb/defaultClockArea_cpu/GlobalPredictorBTBPlugin_predictor/pht/rams_0/WeBattleCommitPlugin_uncachedExecuting_i_5_n_0
    SLICE_X77Y77         LUT6 (Prop_lut6_I5_O)        0.105     8.524 f  u_wb/defaultClockArea_cpu/GlobalPredictorBTBPlugin_predictor/pht/rams_0/WeBattleCommitPlugin_uncachedExecuting_i_2/O
                         net (fo=6, routed)           0.137     8.661    u_wb/defaultClockArea_cpu/GlobalPredictorBTBPlugin_predictor/pht/rams_0/when_WeBattleCommitPlugin_l101
    SLICE_X77Y77         LUT5 (Prop_lut5_I2_O)        0.105     8.766 f  u_wb/defaultClockArea_cpu/GlobalPredictorBTBPlugin_predictor/pht/rams_0/WeBattleCommitPlugin_regFlush_i_2/O
                         net (fo=6, routed)           0.380     9.145    u_wb/defaultClockArea_cpu/GlobalPredictorBTBPlugin_predictor/pht/rams_0/WeBattleCommitPlugin_uncachedExecuting_reg_0
    SLICE_X76Y75         LUT2 (Prop_lut2_I1_O)        0.105     9.250 r  u_wb/defaultClockArea_cpu/GlobalPredictorBTBPlugin_predictor/pht/rams_0/mem_i_13__11/O
                         net (fo=106, routed)         1.302    10.552    u_wb/defaultClockArea_cpu/GlobalPredictorBTBPlugin_predictor/tournamentPht/rams_1/ProgramCounterPlugin_backendJumpInterface_rData_reg[10]_1
    SLICE_X77Y60         LUT6 (Prop_lut6_I1_O)        0.105    10.657 f  u_wb/defaultClockArea_cpu/GlobalPredictorBTBPlugin_predictor/tournamentPht/rams_1/ProgramCounterPlugin_backendJumpInterface_rData[12]_i_2/O
                         net (fo=1, routed)           0.332    10.989    u_wb/defaultClockArea_cpu/GlobalPredictorBTBPlugin_predictor/tournamentPht/rams_1/ProgramCounterPlugin_backendJumpInterface_rData[12]_i_2_n_0
    SLICE_X76Y60         LUT6 (Prop_lut6_I5_O)        0.105    11.094 f  u_wb/defaultClockArea_cpu/GlobalPredictorBTBPlugin_predictor/tournamentPht/rams_1/ProgramCounterPlugin_backendJumpInterface_rData[12]_i_1/O
                         net (fo=2, routed)           0.627    11.721    u_wb/defaultClockArea_cpu/weBattleCheckpointRAS_1/D[10]
    SLICE_X66Y58         LUT5 (Prop_lut5_I4_O)        0.105    11.826 f  u_wb/defaultClockArea_cpu/weBattleCheckpointRAS_1/mem_i_10__9/O
                         net (fo=8, routed)           0.832    12.658    u_wb/defaultClockArea_cpu/weBattleCheckpointRAS_1/ProgramCounterPlugin_backendJumpInterface_rValid_reg_inv_4
    SLICE_X64Y58         LUT4 (Prop_lut4_I0_O)        0.105    12.763 r  u_wb/defaultClockArea_cpu/weBattleCheckpointRAS_1/mem_i_32__0_comp/O
                         net (fo=1, routed)           0.357    13.120    u_wb/defaultClockArea_cpu/weBattleCheckpointRAS_1/mem_i_32__0_n_0_repN
    SLICE_X64Y59         LUT6 (Prop_lut6_I5_O)        0.105    13.225 r  u_wb/defaultClockArea_cpu/weBattleCheckpointRAS_1/mem_i_15__4_comp/O
                         net (fo=1, routed)           0.904    14.130    u_wb/defaultClockArea_cpu/GlobalPredictorBTBPlugin_predictor/tournamentPht/rams_2/mem/xpm_memory_base_inst/addrb[9]
    RAMB18_X3Y29         RAMB18E1                                     r  u_wb/defaultClockArea_cpu/GlobalPredictorBTBPlugin_predictor/tournamentPht/rams_2/mem/xpm_memory_base_inst/gen_wr_a.gen_word_narrow.mem_reg/ADDRBWRADDR[13]
  -------------------------------------------------------------------    -------------------

                         (clock aclk rise edge)      10.000    10.000 r  
    L22                                               0.000    10.000 r  aclk (IN)
                         net (fo=0)                   0.000    10.000    aclk
    L22                  IBUF (Prop_ibuf_I_O)         0.762    10.762 r  aclk_IBUF_inst/O
                         net (fo=1, routed)           1.734    12.496    aclk_IBUF
    BUFGCTRL_X0Y2        BUFG (Prop_bufg_I_O)         0.077    12.573 r  aclk_IBUF_BUFG_inst_replica_1/O
                         net (fo=2, routed)           0.112    12.685    aclk_IBUF_BUFG_repN_1
    BUFGCTRL_X0Y1        BUFG (Prop_bufg_I_O)         0.077    12.762 r  aclk_IBUF_BUFG_inst_replica/O
                         net (fo=29, routed)          0.112    12.874    aclk_IBUF_BUFG_repN
    BUFGCTRL_X0Y0        BUFG (Prop_bufg_I_O)         0.077    12.951 r  aclk_IBUF_BUFG_inst/O
                         net (fo=20427, routed)       1.460    14.411    u_wb/defaultClockArea_cpu/GlobalPredictorBTBPlugin_predictor/tournamentPht/rams_2/mem/xpm_memory_base_inst/clka
    RAMB18_X3Y29         RAMB18E1                                     r  u_wb/defaultClockArea_cpu/GlobalPredictorBTBPlugin_predictor/tournamentPht/rams_2/mem/xpm_memory_base_inst/gen_wr_a.gen_word_narrow.mem_reg/CLKBWRCLK
                         clock pessimism              0.261    14.671    
                         clock uncertainty           -0.035    14.636    
    RAMB18_X3Y29         RAMB18E1 (Setup_ramb18e1_CLKBWRCLK_ADDRBWRADDR[13])
                                                     -0.490    14.146    u_wb/defaultClockArea_cpu/GlobalPredictorBTBPlugin_predictor/tournamentPht/rams_2/mem/xpm_memory_base_inst/gen_wr_a.gen_word_narrow.mem_reg
  -------------------------------------------------------------------
                         required time                         14.146    
                         arrival time                         -14.130    
  -------------------------------------------------------------------
                         slack                                  0.016    

Slack (MET) :             0.024ns  (required time - arrival time)
  Source:                 u_wb/defaultClockArea_cpu/_zz_ROBFIFOPlugin_popPtr_reg[0]_rep__1/C
                            (rising edge-triggered cell FDCE clocked by aclk  {rise@0.000ns fall@5.000ns period=10.000ns})
  Destination:            u_wb/defaultClockArea_cpu/GlobalPredictorBTBPlugin_predictor/tournamentPht/rams_2/mem/xpm_memory_base_inst/gen_wr_a.gen_word_narrow.mem_reg/ADDRBWRADDR[12]
                            (rising edge-triggered cell RAMB18E1 clocked by aclk  {rise@0.000ns fall@5.000ns period=10.000ns})
  Path Group:             aclk
  Path Type:              Setup (Max at Slow Process Corner)
  Requirement:            10.000ns  (aclk rise@10.000ns - aclk rise@0.000ns)
  Data Path Delay:        9.451ns  (logic 1.613ns (17.067%)  route 7.838ns (82.933%))
  Logic Levels:           10  (LUT2=1 LUT4=2 LUT5=2 LUT6=5)
  Clock Path Skew:        0.001ns (DCD - SCD + CPR)
    Destination Clock Delay (DCD):    4.411ns = ( 14.411 - 10.000 ) 
    Source Clock Delay      (SCD):    4.731ns
    Clock Pessimism Removal (CPR):    0.321ns
  Clock Uncertainty:      0.035ns  ((TSJ^2 + TIJ^2)^1/2 + DJ) / 2 + PE
    Total System Jitter     (TSJ):    0.071ns
    Total Input Jitter      (TIJ):    0.000ns
    Discrete Jitter          (DJ):    0.000ns
    Phase Error              (PE):    0.000ns

    Location             Delay type                Incr(ns)  Path(ns)    Netlist Resource(s)
  -------------------------------------------------------------------    -------------------
                         (clock aclk rise edge)       0.000     0.000 r  
    L22                                               0.000     0.000 r  aclk (IN)
                         net (fo=0)                   0.000     0.000    aclk
    L22                  IBUF (Prop_ibuf_I_O)         0.893     0.893 r  aclk_IBUF_inst/O
                         net (fo=1, routed)           1.827     2.720    aclk_IBUF
    BUFGCTRL_X0Y2        BUFG (Prop_bufg_I_O)         0.081     2.801 r  aclk_IBUF_BUFG_inst_replica_1/O
                         net (fo=2, routed)           0.118     2.919    aclk_IBUF_BUFG_repN_1
    BUFGCTRL_X0Y1        BUFG (Prop_bufg_I_O)         0.081     3.000 r  aclk_IBUF_BUFG_inst_replica/O
                         net (fo=29, routed)          0.118     3.118    aclk_IBUF_BUFG_repN
    BUFGCTRL_X0Y0        BUFG (Prop_bufg_I_O)         0.081     3.199 r  aclk_IBUF_BUFG_inst/O
                         net (fo=20427, routed)       1.532     4.731    u_wb/defaultClockArea_cpu/aclk_IBUF_BUFG
    SLICE_X73Y79         FDCE                                         r  u_wb/defaultClockArea_cpu/_zz_ROBFIFOPlugin_popPtr_reg[0]_rep__1/C
  -------------------------------------------------------------------    -------------------
    SLICE_X73Y79         FDCE (Prop_fdce_C_Q)         0.379     5.110 r  u_wb/defaultClockArea_cpu/_zz_ROBFIFOPlugin_popPtr_reg[0]_rep__1/Q
                         net (fo=124, routed)         0.934     6.044    u_wb/defaultClockArea_cpu/GlobalPredictorBTBPlugin_btb/rams_0/InterruptHandlerPlugin_TCFG_INITVAL[29]_i_13_0
    SLICE_X79Y79         LUT4 (Prop_lut4_I1_O)        0.105     6.149 r  u_wb/defaultClockArea_cpu/GlobalPredictorBTBPlugin_btb/rams_0/ExceptionHandlerPlugin_ESTAT_ESUBCODE[5]_i_4/O
                         net (fo=1, routed)           0.525     6.674    u_wb/defaultClockArea_cpu/GlobalPredictorBTBPlugin_btb/rams_0/ExceptionHandlerPlugin_ESTAT_ESUBCODE[5]_i_4_n_0
    SLICE_X79Y80         LUT6 (Prop_lut6_I3_O)        0.105     6.779 f  u_wb/defaultClockArea_cpu/GlobalPredictorBTBPlugin_btb/rams_0/ExceptionHandlerPlugin_ESTAT_ESUBCODE[5]_i_3/O
                         net (fo=90, routed)          0.874     7.653    u_wb/defaultClockArea_cpu/weBattleCheckpointRAS_1/when_WeBattleROBStorage_l174
    SLICE_X79Y82         LUT2 (Prop_lut2_I1_O)        0.119     7.772 r  u_wb/defaultClockArea_cpu/weBattleCheckpointRAS_1/WeBattleCommitPlugin_regFlush_i_12/O
                         net (fo=2, routed)           0.681     8.453    u_wb/defaultClockArea_cpu/weBattleCheckpointRAS_1/MULDIV_EXE_to_MULDIV_WB_ISSUE_SLOT_robIdx_reg[3]
    SLICE_X79Y82         LUT6 (Prop_lut6_I5_O)        0.275     8.728 f  u_wb/defaultClockArea_cpu/weBattleCheckpointRAS_1/WeBattleCommitPlugin_regFlush_i_4/O
                         net (fo=17, routed)          0.826     9.553    u_wb/defaultClockArea_cpu/GlobalPredictorBTBPlugin_predictor/pht/rams_0/ProgramCounterPlugin_backendJumpInterface_rData_reg[5]
    SLICE_X77Y70         LUT4 (Prop_lut4_I1_O)        0.105     9.658 r  u_wb/defaultClockArea_cpu/GlobalPredictorBTBPlugin_predictor/pht/rams_0/ProgramCounterPlugin_backendJumpInterface_rData[5]_i_3/O
                         net (fo=32, routed)          1.064    10.722    u_wb/defaultClockArea_cpu/GlobalPredictorBTBPlugin_predictor/pht/rams_0/_zz_ROBFIFOPlugin_popPtr_reg[4]_rep__2
    SLICE_X71Y62         LUT6 (Prop_lut6_I4_O)        0.105    10.827 f  u_wb/defaultClockArea_cpu/GlobalPredictorBTBPlugin_predictor/pht/rams_0/ProgramCounterPlugin_backendJumpInterface_rData[9]_i_2/O
                         net (fo=1, routed)           0.535    11.361    u_wb/defaultClockArea_cpu/GlobalPredictorBTBPlugin_predictor/pht/rams_0/ProgramCounterPlugin_backendJumpInterface_rData[9]_i_2_n_0
    SLICE_X66Y56         LUT6 (Prop_lut6_I5_O)        0.105    11.466 f  u_wb/defaultClockArea_cpu/GlobalPredictorBTBPlugin_predictor/pht/rams_0/ProgramCounterPlugin_backendJumpInterface_rData[9]_i_1/O
                         net (fo=6, routed)           0.551    12.018    u_wb/defaultClockArea_cpu/weBattleCheckpointRAS_1/D[7]
    SLICE_X62Y57         LUT5 (Prop_lut5_I4_O)        0.105    12.123 f  u_wb/defaultClockArea_cpu/weBattleCheckpointRAS_1/mem_i_20__5/O
                         net (fo=22, routed)          0.676    12.798    u_wb/defaultClockArea_cpu/weBattleCheckpointRAS_1/GlobalPredictorBTBPlugin_index[7]
    SLICE_X64Y58         LUT6 (Prop_lut6_I4_O)        0.105    12.903 r  u_wb/defaultClockArea_cpu/weBattleCheckpointRAS_1/mem_i_32__0_comp_3/O
                         net (fo=7, routed)           0.364    13.268    u_wb/defaultClockArea_cpu/weBattleCheckpointRAS_1/mem_i_32__0_n_0
    SLICE_X64Y59         LUT5 (Prop_lut5_I2_O)        0.105    13.373 r  u_wb/defaultClockArea_cpu/weBattleCheckpointRAS_1/mem_i_16__5/O
                         net (fo=1, routed)           0.809    14.182    u_wb/defaultClockArea_cpu/GlobalPredictorBTBPlugin_predictor/tournamentPht/rams_2/mem/xpm_memory_base_inst/addrb[8]
    RAMB18_X3Y29         RAMB18E1                                     r  u_wb/defaultClockArea_cpu/GlobalPredictorBTBPlugin_predictor/tournamentPht/rams_2/mem/xpm_memory_base_inst/gen_wr_a.gen_word_narrow.mem_reg/ADDRBWRADDR[12]
  -------------------------------------------------------------------    -------------------

                         (clock aclk rise edge)      10.000    10.000 r  
    L22                                               0.000    10.000 r  aclk (IN)
                         net (fo=0)                   0.000    10.000    aclk
    L22                  IBUF (Prop_ibuf_I_O)         0.762    10.762 r  aclk_IBUF_inst/O
                         net (fo=1, routed)           1.734    12.496    aclk_IBUF
    BUFGCTRL_X0Y2        BUFG (Prop_bufg_I_O)         0.077    12.573 r  aclk_IBUF_BUFG_inst_replica_1/O
                         net (fo=2, routed)           0.112    12.685    aclk_IBUF_BUFG_repN_1
    BUFGCTRL_X0Y1        BUFG (Prop_bufg_I_O)         0.077    12.762 r  aclk_IBUF_BUFG_inst_replica/O
                         net (fo=29, routed)          0.112    12.874    aclk_IBUF_BUFG_repN
    BUFGCTRL_X0Y0        BUFG (Prop_bufg_I_O)         0.077    12.951 r  aclk_IBUF_BUFG_inst/O
                         net (fo=20427, routed)       1.460    14.411    u_wb/defaultClockArea_cpu/GlobalPredictorBTBPlugin_predictor/tournamentPht/rams_2/mem/xpm_memory_base_inst/clka
    RAMB18_X3Y29         RAMB18E1                                     r  u_wb/defaultClockArea_cpu/GlobalPredictorBTBPlugin_predictor/tournamentPht/rams_2/mem/xpm_memory_base_inst/gen_wr_a.gen_word_narrow.mem_reg/CLKBWRCLK
                         clock pessimism              0.321    14.731    
                         clock uncertainty           -0.035    14.696    
    RAMB18_X3Y29         RAMB18E1 (Setup_ramb18e1_CLKBWRCLK_ADDRBWRADDR[12])
                                                     -0.490    14.206    u_wb/defaultClockArea_cpu/GlobalPredictorBTBPlugin_predictor/tournamentPht/rams_2/mem/xpm_memory_base_inst/gen_wr_a.gen_word_narrow.mem_reg
  -------------------------------------------------------------------
                         required time                         14.206    
                         arrival time                         -14.182    
  -------------------------------------------------------------------
                         slack                                  0.024    

Slack (MET) :             0.031ns  (required time - arrival time)
  Source:                 u_wb/defaultClockArea_cpu/_zz_ROBFIFOPlugin_fifoIO_pop_0_payload_state_lsuUncached_17_reg/C
                            (rising edge-triggered cell FDRE clocked by aclk  {rise@0.000ns fall@5.000ns period=10.000ns})
  Destination:            u_wb/defaultClockArea_cpu/ICachePlugin_dataRAMs_0/mem/xpm_memory_base_inst/gen_wr_a.gen_byte_narrow.for_mem_cols[1].mem_reg_3/ADDRARDADDR[9]
                            (rising edge-triggered cell RAMB36E1 clocked by aclk  {rise@0.000ns fall@5.000ns period=10.000ns})
  Path Group:             aclk
  Path Type:              Setup (Max at Slow Process Corner)
  Requirement:            10.000ns  (aclk rise@10.000ns - aclk rise@0.000ns)
  Data Path Delay:        9.409ns  (logic 1.754ns (18.642%)  route 7.655ns (81.358%))
  Logic Levels:           11  (LUT2=3 LUT3=1 LUT5=1 LUT6=5 MUXF7=1)
  Clock Path Skew:        -0.034ns (DCD - SCD + CPR)
    Destination Clock Delay (DCD):    4.429ns = ( 14.429 - 10.000 ) 
    Source Clock Delay      (SCD):    4.724ns
    Clock Pessimism Removal (CPR):    0.261ns
  Clock Uncertainty:      0.035ns  ((TSJ^2 + TIJ^2)^1/2 + DJ) / 2 + PE
    Total System Jitter     (TSJ):    0.071ns
    Total Input Jitter      (TIJ):    0.000ns
    Discrete Jitter          (DJ):    0.000ns
    Phase Error              (PE):    0.000ns

    Location             Delay type                Incr(ns)  Path(ns)    Netlist Resource(s)
  -------------------------------------------------------------------    -------------------
                         (clock aclk rise edge)       0.000     0.000 r  
    L22                                               0.000     0.000 r  aclk (IN)
                         net (fo=0)                   0.000     0.000    aclk
    L22                  IBUF (Prop_ibuf_I_O)         0.893     0.893 r  aclk_IBUF_inst/O
                         net (fo=1, routed)           1.827     2.720    aclk_IBUF
    BUFGCTRL_X0Y2        BUFG (Prop_bufg_I_O)         0.081     2.801 r  aclk_IBUF_BUFG_inst_replica_1/O
                         net (fo=2, routed)           0.118     2.919    aclk_IBUF_BUFG_repN_1
    BUFGCTRL_X0Y1        BUFG (Prop_bufg_I_O)         0.081     3.000 r  aclk_IBUF_BUFG_inst_replica/O
                         net (fo=29, routed)          0.118     3.118    aclk_IBUF_BUFG_repN
    BUFGCTRL_X0Y0        BUFG (Prop_bufg_I_O)         0.081     3.199 r  aclk_IBUF_BUFG_inst/O
                         net (fo=20427, routed)       1.525     4.724    u_wb/defaultClockArea_cpu/aclk_IBUF_BUFG
    SLICE_X86Y85         FDRE                                         r  u_wb/defaultClockArea_cpu/_zz_ROBFIFOPlugin_fifoIO_pop_0_payload_state_lsuUncached_17_reg/C
  -------------------------------------------------------------------    -------------------
    SLICE_X86Y85         FDRE (Prop_fdre_C_Q)         0.379     5.103 f  u_wb/defaultClockArea_cpu/_zz_ROBFIFOPlugin_fifoIO_pop_0_payload_state_lsuUncached_17_reg/Q
                         net (fo=1, routed)           1.006     6.109    u_wb/defaultClockArea_cpu/GlobalPredictorBTBPlugin_predictor/pht/rams_0/WeBattleCommitPlugin_uncachedExecuting_reg_i_13_6
    SLICE_X85Y83         LUT6 (Prop_lut6_I3_O)        0.105     6.214 f  u_wb/defaultClockArea_cpu/GlobalPredictorBTBPlugin_predictor/pht/rams_0/WeBattleCommitPlugin_uncachedExecuting_i_26/O
                         net (fo=1, routed)           0.000     6.214    u_wb/defaultClockArea_cpu/GlobalPredictorBTBPlugin_predictor/pht/rams_0/WeBattleCommitPlugin_uncachedExecuting_i_26_n_0
    SLICE_X85Y83         MUXF7 (Prop_muxf7_I0_O)      0.178     6.392 f  u_wb/defaultClockArea_cpu/GlobalPredictorBTBPlugin_predictor/pht/rams_0/WeBattleCommitPlugin_uncachedExecuting_reg_i_13/O
                         net (fo=1, routed)           0.505     6.897    u_wb/defaultClockArea_cpu/GlobalPredictorBTBPlugin_predictor/pht/rams_0/WeBattleCommitPlugin_uncachedExecuting_reg_i_13_n_0
    SLICE_X82Y79         LUT6 (Prop_lut6_I1_O)        0.252     7.149 f  u_wb/defaultClockArea_cpu/GlobalPredictorBTBPlugin_predictor/pht/rams_0/WeBattleCommitPlugin_uncachedExecuting_i_7/O
                         net (fo=2, routed)           0.484     7.633    u_wb/defaultClockArea_cpu/GlobalPredictorBTBPlugin_predictor/pht/rams_0/_zz_ROBFIFOPlugin_popPtr_reg[4]_rep__0
    SLICE_X78Y79         LUT6 (Prop_lut6_I5_O)        0.105     7.738 r  u_wb/defaultClockArea_cpu/GlobalPredictorBTBPlugin_predictor/pht/rams_0/WeBattleCommitPlugin_uncachedExecuting_i_5/O
                         net (fo=1, routed)           0.681     8.419    u_wb/defaultClockArea_cpu/GlobalPredictorBTBPlugin_predictor/pht/rams_0/WeBattleCommitPlugin_uncachedExecuting_i_5_n_0
    SLICE_X77Y77         LUT6 (Prop_lut6_I5_O)        0.105     8.524 f  u_wb/defaultClockArea_cpu/GlobalPredictorBTBPlugin_predictor/pht/rams_0/WeBattleCommitPlugin_uncachedExecuting_i_2/O
                         net (fo=6, routed)           0.137     8.661    u_wb/defaultClockArea_cpu/GlobalPredictorBTBPlugin_predictor/pht/rams_0/when_WeBattleCommitPlugin_l101
    SLICE_X77Y77         LUT5 (Prop_lut5_I2_O)        0.105     8.766 f  u_wb/defaultClockArea_cpu/GlobalPredictorBTBPlugin_predictor/pht/rams_0/WeBattleCommitPlugin_regFlush_i_2/O
                         net (fo=6, routed)           0.380     9.145    u_wb/defaultClockArea_cpu/GlobalPredictorBTBPlugin_predictor/pht/rams_0/WeBattleCommitPlugin_uncachedExecuting_reg_0
    SLICE_X76Y75         LUT2 (Prop_lut2_I1_O)        0.105     9.250 r  u_wb/defaultClockArea_cpu/GlobalPredictorBTBPlugin_predictor/pht/rams_0/mem_i_13__11/O
                         net (fo=106, routed)         0.333     9.583    u_wb/defaultClockArea_cpu/GlobalPredictorBTBPlugin_btb/rams_1/when_WeBattleCommitPlugin_l169
    SLICE_X75Y75         LUT2 (Prop_lut2_I0_O)        0.105     9.688 r  u_wb/defaultClockArea_cpu/GlobalPredictorBTBPlugin_btb/rams_1/ProgramCounterPlugin_backendJumpInterface_rData[5]_i_4/O
                         net (fo=12, routed)          0.949    10.637    u_wb/defaultClockArea_cpu/GlobalPredictorBTBPlugin_predictor/pht/rams_0/ProgramCounterPlugin_backendJumpInterface_rData_reg[5]_0
    SLICE_X69Y57         LUT3 (Prop_lut3_I0_O)        0.105    10.742 r  u_wb/defaultClockArea_cpu/GlobalPredictorBTBPlugin_predictor/pht/rams_0/mem_i_81/O
                         net (fo=50, routed)          0.589    11.330    u_wb/defaultClockArea_cpu/weBattleCheckpointRAS_1/ProgramCounterPlugin_backendJumpInterface_valid
    SLICE_X65Y58         LUT2 (Prop_lut2_I1_O)        0.105    11.435 r  u_wb/defaultClockArea_cpu/weBattleCheckpointRAS_1/mem_i_20__5_comp/O
                         net (fo=1, routed)           0.964    12.399    u_wb/defaultClockArea_cpu/weBattleFetchQueue_1/GlobalPredictorBTBPlugin_index[7]_repN_alias
    SLICE_X63Y58         LUT6 (Prop_lut6_I4_O)        0.105    12.504 r  u_wb/defaultClockArea_cpu/weBattleFetchQueue_1/mem_i_22__10_comp/O
                         net (fo=17, routed)          1.628    14.133    u_wb/defaultClockArea_cpu/ICachePlugin_dataRAMs_0/mem/xpm_memory_base_inst/addrb[3]
    RAMB36_X2Y19         RAMB36E1                                     r  u_wb/defaultClockArea_cpu/ICachePlugin_dataRAMs_0/mem/xpm_memory_base_inst/gen_wr_a.gen_byte_narrow.for_mem_cols[1].mem_reg_3/ADDRARDADDR[9]
  -------------------------------------------------------------------    -------------------

                         (clock aclk rise edge)      10.000    10.000 r  
    L22                                               0.000    10.000 r  aclk (IN)
                         net (fo=0)                   0.000    10.000    aclk
    L22                  IBUF (Prop_ibuf_I_O)         0.762    10.762 r  aclk_IBUF_inst/O
                         net (fo=1, routed)           1.734    12.496    aclk_IBUF
    BUFGCTRL_X0Y2        BUFG (Prop_bufg_I_O)         0.077    12.573 r  aclk_IBUF_BUFG_inst_replica_1/O
                         net (fo=2, routed)           0.112    12.685    aclk_IBUF_BUFG_repN_1
    BUFGCTRL_X0Y1        BUFG (Prop_bufg_I_O)         0.077    12.762 r  aclk_IBUF_BUFG_inst_replica/O
                         net (fo=29, routed)          0.112    12.874    aclk_IBUF_BUFG_repN
    BUFGCTRL_X0Y0        BUFG (Prop_bufg_I_O)         0.077    12.951 r  aclk_IBUF_BUFG_inst/O
                         net (fo=20427, routed)       1.478    14.429    u_wb/defaultClockArea_cpu/ICachePlugin_dataRAMs_0/mem/xpm_memory_base_inst/clka
    RAMB36_X2Y19         RAMB36E1                                     r  u_wb/defaultClockArea_cpu/ICachePlugin_dataRAMs_0/mem/xpm_memory_base_inst/gen_wr_a.gen_byte_narrow.for_mem_cols[1].mem_reg_3/CLKARDCLK
                         clock pessimism              0.261    14.689    
                         clock uncertainty           -0.035    14.654    
    RAMB36_X2Y19         RAMB36E1 (Setup_ramb36e1_CLKARDCLK_ADDRARDADDR[9])
                                                     -0.490    14.164    u_wb/defaultClockArea_cpu/ICachePlugin_dataRAMs_0/mem/xpm_memory_base_inst/gen_wr_a.gen_byte_narrow.for_mem_cols[1].mem_reg_3
  -------------------------------------------------------------------
                         required time                         14.164    
                         arrival time                         -14.133    
  -------------------------------------------------------------------
                         slack                                  0.031    

Slack (MET) :             0.041ns  (required time - arrival time)
  Source:                 u_wb/defaultClockArea_cpu/RENAME_to_DISPATCH_DECODE_PACKET_2_payload_fuType_reg[3]/C
                            (rising edge-triggered cell FDRE clocked by aclk  {rise@0.000ns fall@5.000ns period=10.000ns})
  Destination:            u_wb/defaultClockArea_cpu/IntIssueQueuePlugin_queue_4_payload_rRegs_1_valid_reg/D
                            (rising edge-triggered cell FDRE clocked by aclk  {rise@0.000ns fall@5.000ns period=10.000ns})
  Path Group:             aclk
  Path Type:              Setup (Max at Slow Process Corner)
  Requirement:            10.000ns  (aclk rise@10.000ns - aclk rise@0.000ns)
  Data Path Delay:        9.695ns  (logic 2.068ns (21.330%)  route 7.627ns (78.670%))
  Logic Levels:           13  (LUT3=2 LUT5=4 LUT6=7)
  Clock Path Skew:        -0.304ns (DCD - SCD + CPR)
    Destination Clock Delay (DCD):    4.063ns = ( 14.063 - 10.000 ) 
    Source Clock Delay      (SCD):    4.604ns
    Clock Pessimism Removal (CPR):    0.238ns
  Clock Uncertainty:      0.035ns  ((TSJ^2 + TIJ^2)^1/2 + DJ) / 2 + PE
    Total System Jitter     (TSJ):    0.071ns
    Total Input Jitter      (TIJ):    0.000ns
    Discrete Jitter          (DJ):    0.000ns
    Phase Error              (PE):    0.000ns

    Location             Delay type                Incr(ns)  Path(ns)    Netlist Resource(s)
  -------------------------------------------------------------------    -------------------
                         (clock aclk rise edge)       0.000     0.000 r  
    L22                                               0.000     0.000 r  aclk (IN)
                         net (fo=0)                   0.000     0.000    aclk
    L22                  IBUF (Prop_ibuf_I_O)         0.893     0.893 r  aclk_IBUF_inst/O
                         net (fo=1, routed)           1.827     2.720    aclk_IBUF
    BUFGCTRL_X0Y2        BUFG (Prop_bufg_I_O)         0.081     2.801 r  aclk_IBUF_BUFG_inst_replica_1/O
                         net (fo=2, routed)           0.118     2.919    aclk_IBUF_BUFG_repN_1
    BUFGCTRL_X0Y1        BUFG (Prop_bufg_I_O)         0.081     3.000 r  aclk_IBUF_BUFG_inst_replica/O
                         net (fo=29, routed)          0.118     3.118    aclk_IBUF_BUFG_repN
    BUFGCTRL_X0Y0        BUFG (Prop_bufg_I_O)         0.081     3.199 r  aclk_IBUF_BUFG_inst/O
                         net (fo=20427, routed)       1.406     4.604    u_wb/defaultClockArea_cpu/aclk_IBUF_BUFG
    SLICE_X63Y104        FDRE                                         r  u_wb/defaultClockArea_cpu/RENAME_to_DISPATCH_DECODE_PACKET_2_payload_fuType_reg[3]/C
  -------------------------------------------------------------------    -------------------
    SLICE_X63Y104        FDRE (Prop_fdre_C_Q)         0.379     4.983 r  u_wb/defaultClockArea_cpu/RENAME_to_DISPATCH_DECODE_PACKET_2_payload_fuType_reg[3]/Q
                         net (fo=15, routed)          0.921     5.904    u_wb/defaultClockArea_cpu/weBattleFetchQueue_1/MemIssueQueuePlugin_queue_0_payload_uop_isStore_reg_1[3]
    SLICE_X61Y106        LUT6 (Prop_lut6_I0_O)        0.105     6.009 r  u_wb/defaultClockArea_cpu/weBattleFetchQueue_1/MemIssueQueuePlugin_queue_0_payload_uop_isLoad_i_6/O
                         net (fo=20, routed)          0.561     6.570    u_wb/defaultClockArea_cpu/weBattleFetchQueue_1/p_0_in8156_in
    SLICE_X60Y106        LUT6 (Prop_lut6_I4_O)        0.105     6.675 r  u_wb/defaultClockArea_cpu/weBattleFetchQueue_1/RENAME_to_DISPATCH_DECODE_PACKET_0_payload_pc[31]_i_11/O
                         net (fo=1, routed)           0.235     6.910    u_wb/defaultClockArea_cpu/weBattleFetchQueue_1/_zz_when_MemIssueQueuePlugin_l110_2
    SLICE_X58Y106        LUT3 (Prop_lut3_I2_O)        0.105     7.015 f  u_wb/defaultClockArea_cpu/weBattleFetchQueue_1/RENAME_to_DISPATCH_DECODE_PACKET_0_payload_pc[31]_i_3/O
                         net (fo=5, routed)           0.467     7.483    u_wb/defaultClockArea_cpu/weBattleFetchQueue_1_n_325
    SLICE_X61Y108        LUT6 (Prop_lut6_I2_O)        0.105     7.588 f  u_wb/defaultClockArea_cpu/IntIssueQueuePlugin_queue_6_payload_uop_pc[31]_i_4/O
                         net (fo=106, routed)         0.784     8.372    u_wb/defaultClockArea_cpu/IntIssueQueuePlugin_queue_6_payload_uop_pc[31]_i_4_n_0
    SLICE_X62Y111        LUT3 (Prop_lut3_I0_O)        0.105     8.477 r  u_wb/defaultClockArea_cpu/IntIssueQueuePlugin_queue_6_payload_uop_pc[31]_i_7/O
                         net (fo=86, routed)          0.937     9.414    u_wb/defaultClockArea_cpu/when_CompressedQueue_l67_6
    SLICE_X53Y125        LUT5 (Prop_lut5_I3_O)        0.264     9.678 r  u_wb/defaultClockArea_cpu/IntIssueQueuePlugin_queue_6_payload_rRegs_1_payload[4]_i_2/O
                         net (fo=1, routed)           0.441    10.119    u_wb/defaultClockArea_cpu/IntIssueQueuePlugin_queue_6_payload_rRegs_1_payload[4]_i_2_n_0
    SLICE_X49Y125        LUT5 (Prop_lut5_I4_O)        0.108    10.227 r  u_wb/defaultClockArea_cpu/IntIssueQueuePlugin_queue_6_payload_rRegs_1_payload[4]_i_1/O
                         net (fo=7, routed)           0.902    11.129    u_wb/defaultClockArea_cpu/IntIssueQueuePlugin_queueNext_6_payload_rRegs_1_payload[4]
    SLICE_X51Y121        LUT6 (Prop_lut6_I0_O)        0.267    11.396 f  u_wb/defaultClockArea_cpu/IntIssueQueuePlugin_queue_6_payload_rRegs_1_valid_i_59/O
                         net (fo=1, routed)           0.455    11.851    u_wb/defaultClockArea_cpu/IntIssueQueuePlugin_queue_6_payload_rRegs_1_valid_i_59_n_0
    SLICE_X51Y120        LUT5 (Prop_lut5_I0_O)        0.105    11.956 f  u_wb/defaultClockArea_cpu/IntIssueQueuePlugin_queue_6_payload_rRegs_1_valid_i_24/O
                         net (fo=1, routed)           0.507    12.463    u_wb/defaultClockArea_cpu/IntIssueQueuePlugin_queue_6_payload_rRegs_1_valid_i_24_n_0
    SLICE_X51Y119        LUT6 (Prop_lut6_I0_O)        0.105    12.568 r  u_wb/defaultClockArea_cpu/IntIssueQueuePlugin_queue_6_payload_rRegs_1_valid_i_9/O
                         net (fo=1, routed)           0.545    13.114    u_wb/defaultClockArea_cpu/unsignedDivider_3/IntIssueQueuePlugin_queue_6_payload_rRegs_1_valid_reg_2
    SLICE_X49Y110        LUT6 (Prop_lut6_I1_O)        0.105    13.219 f  u_wb/defaultClockArea_cpu/unsignedDivider_3/IntIssueQueuePlugin_queue_6_payload_rRegs_1_valid_i_3/O
                         net (fo=1, routed)           0.360    13.578    u_wb/defaultClockArea_cpu/unsignedDivider_3/IntIssueQueuePlugin_queue_6_payload_rRegs_1_valid_i_3_n_0
    SLICE_X48Y107        LUT6 (Prop_lut6_I2_O)        0.105    13.683 r  u_wb/defaultClockArea_cpu/unsignedDivider_3/IntIssueQueuePlugin_queue_6_payload_rRegs_1_valid_i_1/O
                         net (fo=4, routed)           0.511    14.195    u_wb/defaultClockArea_cpu/unsignedDivider_3/RENAME_to_DISPATCH_PUSH_INDEXES_2_payload_reg[1]
    SLICE_X48Y109        LUT5 (Prop_lut5_I1_O)        0.105    14.300 r  u_wb/defaultClockArea_cpu/unsignedDivider_3/IntIssueQueuePlugin_queue_4_payload_rRegs_1_valid_i_1/O
                         net (fo=1, routed)           0.000    14.300    u_wb/defaultClockArea_cpu/unsignedDivider_3_n_2
    SLICE_X48Y109        FDRE                                         r  u_wb/defaultClockArea_cpu/IntIssueQueuePlugin_queue_4_payload_rRegs_1_valid_reg/D
  -------------------------------------------------------------------    -------------------

                         (clock aclk rise edge)      10.000    10.000 r  
    L22                                               0.000    10.000 r  aclk (IN)
                         net (fo=0)                   0.000    10.000    aclk
    L22                  IBUF (Prop_ibuf_I_O)         0.762    10.762 r  aclk_IBUF_inst/O
                         net (fo=1, routed)           1.734    12.496    aclk_IBUF
    BUFGCTRL_X0Y2        BUFG (Prop_bufg_I_O)         0.077    12.573 r  aclk_IBUF_BUFG_inst_replica_1/O
                         net (fo=2, routed)           0.112    12.685    aclk_IBUF_BUFG_repN_1
    BUFGCTRL_X0Y1        BUFG (Prop_bufg_I_O)         0.077    12.762 r  aclk_IBUF_BUFG_inst_replica/O
                         net (fo=29, routed)          1.301    14.063    u_wb/defaultClockArea_cpu/aclk_IBUF_BUFG_repN_alias
    SLICE_X48Y109        FDRE                                         r  u_wb/defaultClockArea_cpu/IntIssueQueuePlugin_queue_4_payload_rRegs_1_valid_reg/C
                         clock pessimism              0.238    14.300    
                         clock uncertainty           -0.035    14.265    
    SLICE_X48Y109        FDRE (Setup_fdre_C_D)        0.076    14.341    u_wb/defaultClockArea_cpu/IntIssueQueuePlugin_queue_4_payload_rRegs_1_valid_reg
  -------------------------------------------------------------------
                         required time                         14.341    
                         arrival time                         -14.300    
  -------------------------------------------------------------------
                         slack                                  0.041    

Slack (MET) :             0.054ns  (required time - arrival time)
  Source:                 u_wb/defaultClockArea_cpu/_zz_ROBFIFOPlugin_popPtr_reg[0]_rep__1/C
                            (rising edge-triggered cell FDCE clocked by aclk  {rise@0.000ns fall@5.000ns period=10.000ns})
  Destination:            u_wb/defaultClockArea_cpu/GlobalPredictorBTBPlugin_predictor/tournamentPht/rams_1/mem/xpm_memory_base_inst/gen_wr_a.gen_word_narrow.mem_reg/ADDRBWRADDR[11]
                            (rising edge-triggered cell RAMB18E1 clocked by aclk  {rise@0.000ns fall@5.000ns period=10.000ns})
  Path Group:             aclk
  Path Type:              Setup (Max at Slow Process Corner)
  Requirement:            10.000ns  (aclk rise@10.000ns - aclk rise@0.000ns)
  Data Path Delay:        9.422ns  (logic 1.613ns (17.120%)  route 7.809ns (82.880%))
  Logic Levels:           10  (LUT2=2 LUT4=2 LUT5=1 LUT6=5)
  Clock Path Skew:        0.001ns (DCD - SCD + CPR)
    Destination Clock Delay (DCD):    4.411ns = ( 14.411 - 10.000 ) 
    Source Clock Delay      (SCD):    4.731ns
    Clock Pessimism Removal (CPR):    0.321ns
  Clock Uncertainty:      0.035ns  ((TSJ^2 + TIJ^2)^1/2 + DJ) / 2 + PE
    Total System Jitter     (TSJ):    0.071ns
    Total Input Jitter      (TIJ):    0.000ns
    Discrete Jitter          (DJ):    0.000ns
    Phase Error              (PE):    0.000ns

    Location             Delay type                Incr(ns)  Path(ns)    Netlist Resource(s)
  -------------------------------------------------------------------    -------------------
                         (clock aclk rise edge)       0.000     0.000 r  
    L22                                               0.000     0.000 r  aclk (IN)
                         net (fo=0)                   0.000     0.000    aclk
    L22                  IBUF (Prop_ibuf_I_O)         0.893     0.893 r  aclk_IBUF_inst/O
                         net (fo=1, routed)           1.827     2.720    aclk_IBUF
    BUFGCTRL_X0Y2        BUFG (Prop_bufg_I_O)         0.081     2.801 r  aclk_IBUF_BUFG_inst_replica_1/O
                         net (fo=2, routed)           0.118     2.919    aclk_IBUF_BUFG_repN_1
    BUFGCTRL_X0Y1        BUFG (Prop_bufg_I_O)         0.081     3.000 r  aclk_IBUF_BUFG_inst_replica/O
                         net (fo=29, routed)          0.118     3.118    aclk_IBUF_BUFG_repN
    BUFGCTRL_X0Y0        BUFG (Prop_bufg_I_O)         0.081     3.199 r  aclk_IBUF_BUFG_inst/O
                         net (fo=20427, routed)       1.532     4.731    u_wb/defaultClockArea_cpu/aclk_IBUF_BUFG
    SLICE_X73Y79         FDCE                                         r  u_wb/defaultClockArea_cpu/_zz_ROBFIFOPlugin_popPtr_reg[0]_rep__1/C
  -------------------------------------------------------------------    -------------------
    SLICE_X73Y79         FDCE (Prop_fdce_C_Q)         0.379     5.110 r  u_wb/defaultClockArea_cpu/_zz_ROBFIFOPlugin_popPtr_reg[0]_rep__1/Q
                         net (fo=124, routed)         0.934     6.044    u_wb/defaultClockArea_cpu/GlobalPredictorBTBPlugin_btb/rams_0/InterruptHandlerPlugin_TCFG_INITVAL[29]_i_13_0
    SLICE_X79Y79         LUT4 (Prop_lut4_I1_O)        0.105     6.149 r  u_wb/defaultClockArea_cpu/GlobalPredictorBTBPlugin_btb/rams_0/ExceptionHandlerPlugin_ESTAT_ESUBCODE[5]_i_4/O
                         net (fo=1, routed)           0.525     6.674    u_wb/defaultClockArea_cpu/GlobalPredictorBTBPlugin_btb/rams_0/ExceptionHandlerPlugin_ESTAT_ESUBCODE[5]_i_4_n_0
    SLICE_X79Y80         LUT6 (Prop_lut6_I3_O)        0.105     6.779 f  u_wb/defaultClockArea_cpu/GlobalPredictorBTBPlugin_btb/rams_0/ExceptionHandlerPlugin_ESTAT_ESUBCODE[5]_i_3/O
                         net (fo=90, routed)          0.874     7.653    u_wb/defaultClockArea_cpu/weBattleCheckpointRAS_1/when_WeBattleROBStorage_l174
    SLICE_X79Y82         LUT2 (Prop_lut2_I1_O)        0.119     7.772 r  u_wb/defaultClockArea_cpu/weBattleCheckpointRAS_1/WeBattleCommitPlugin_regFlush_i_12/O
                         net (fo=2, routed)           0.681     8.453    u_wb/defaultClockArea_cpu/weBattleCheckpointRAS_1/MULDIV_EXE_to_MULDIV_WB_ISSUE_SLOT_robIdx_reg[3]
    SLICE_X79Y82         LUT6 (Prop_lut6_I5_O)        0.275     8.728 f  u_wb/defaultClockArea_cpu/weBattleCheckpointRAS_1/WeBattleCommitPlugin_regFlush_i_4/O
                         net (fo=17, routed)          0.826     9.553    u_wb/defaultClockArea_cpu/GlobalPredictorBTBPlugin_predictor/pht/rams_0/ProgramCounterPlugin_backendJumpInterface_rData_reg[5]
    SLICE_X77Y70         LUT4 (Prop_lut4_I1_O)        0.105     9.658 r  u_wb/defaultClockArea_cpu/GlobalPredictorBTBPlugin_predictor/pht/rams_0/ProgramCounterPlugin_backendJumpInterface_rData[5]_i_3/O
                         net (fo=32, routed)          0.892    10.550    u_wb/defaultClockArea_cpu/GlobalPredictorBTBPlugin_predictor/tournamentPht/rams_1/ProgramCounterPlugin_backendJumpInterface_rData_reg[13]_5
    SLICE_X75Y61         LUT6 (Prop_lut6_I4_O)        0.105    10.655 f  u_wb/defaultClockArea_cpu/GlobalPredictorBTBPlugin_predictor/tournamentPht/rams_1/ProgramCounterPlugin_backendJumpInterface_rData[10]_i_2/O
                         net (fo=1, routed)           0.332    10.987    u_wb/defaultClockArea_cpu/GlobalPredictorBTBPlugin_predictor/tournamentPht/rams_1/ProgramCounterPlugin_backendJumpInterface_rData[10]_i_2_n_0
    SLICE_X74Y60         LUT6 (Prop_lut6_I5_O)        0.105    11.092 f  u_wb/defaultClockArea_cpu/GlobalPredictorBTBPlugin_predictor/tournamentPht/rams_1/ProgramCounterPlugin_backendJumpInterface_rData[10]_i_1/O
                         net (fo=2, routed)           0.649    11.742    u_wb/defaultClockArea_cpu/weBattleCheckpointRAS_1/D[8]
    SLICE_X65Y58         LUT5 (Prop_lut5_I4_O)        0.105    11.847 f  u_wb/defaultClockArea_cpu/weBattleCheckpointRAS_1/mem_i_12__9/O
                         net (fo=22, routed)          0.457    12.304    u_wb/defaultClockArea_cpu/weBattleCheckpointRAS_1/GlobalPredictorBTBPlugin_index[8]
    SLICE_X62Y58         LUT2 (Prop_lut2_I1_O)        0.105    12.409 r  u_wb/defaultClockArea_cpu/weBattleCheckpointRAS_1/mem_i_32__0_comp_1/O
                         net (fo=1, routed)           0.836    13.244    u_wb/defaultClockArea_cpu/weBattleCheckpointRAS_1/mem_i_32__0_n_0_repN_1
    SLICE_X63Y59         LUT6 (Prop_lut6_I5_O)        0.105    13.349 r  u_wb/defaultClockArea_cpu/weBattleCheckpointRAS_1/mem_i_17__6_comp/O
                         net (fo=1, routed)           0.803    14.152    u_wb/defaultClockArea_cpu/GlobalPredictorBTBPlugin_predictor/tournamentPht/rams_1/mem/xpm_memory_base_inst/addrb[7]
    RAMB18_X3Y28         RAMB18E1                                     r  u_wb/defaultClockArea_cpu/GlobalPredictorBTBPlugin_predictor/tournamentPht/rams_1/mem/xpm_memory_base_inst/gen_wr_a.gen_word_narrow.mem_reg/ADDRBWRADDR[11]
  -------------------------------------------------------------------    -------------------

                         (clock aclk rise edge)      10.000    10.000 r  
    L22                                               0.000    10.000 r  aclk (IN)
                         net (fo=0)                   0.000    10.000    aclk
    L22                  IBUF (Prop_ibuf_I_O)         0.762    10.762 r  aclk_IBUF_inst/O
                         net (fo=1, routed)           1.734    12.496    aclk_IBUF
    BUFGCTRL_X0Y2        BUFG (Prop_bufg_I_O)         0.077    12.573 r  aclk_IBUF_BUFG_inst_replica_1/O
                         net (fo=2, routed)           0.112    12.685    aclk_IBUF_BUFG_repN_1
    BUFGCTRL_X0Y1        BUFG (Prop_bufg_I_O)         0.077    12.762 r  aclk_IBUF_BUFG_inst_replica/O
                         net (fo=29, routed)          0.112    12.874    aclk_IBUF_BUFG_repN
    BUFGCTRL_X0Y0        BUFG (Prop_bufg_I_O)         0.077    12.951 r  aclk_IBUF_BUFG_inst/O
                         net (fo=20427, routed)       1.460    14.411    u_wb/defaultClockArea_cpu/GlobalPredictorBTBPlugin_predictor/tournamentPht/rams_1/mem/xpm_memory_base_inst/clka
    RAMB18_X3Y28         RAMB18E1                                     r  u_wb/defaultClockArea_cpu/GlobalPredictorBTBPlugin_predictor/tournamentPht/rams_1/mem/xpm_memory_base_inst/gen_wr_a.gen_word_narrow.mem_reg/CLKBWRCLK
                         clock pessimism              0.321    14.731    
                         clock uncertainty           -0.035    14.696    
    RAMB18_X3Y28         RAMB18E1 (Setup_ramb18e1_CLKBWRCLK_ADDRBWRADDR[11])
                                                     -0.490    14.206    u_wb/defaultClockArea_cpu/GlobalPredictorBTBPlugin_predictor/tournamentPht/rams_1/mem/xpm_memory_base_inst/gen_wr_a.gen_word_narrow.mem_reg
  -------------------------------------------------------------------
                         required time                         14.206    
                         arrival time                         -14.152    
  -------------------------------------------------------------------
                         slack                                  0.054    

Slack (MET) :             0.069ns  (required time - arrival time)
  Source:                 u_wb/defaultClockArea_cpu/_zz_ROBFIFOPlugin_popPtr_reg[3]_rep__0/C
                            (rising edge-triggered cell FDCE clocked by aclk  {rise@0.000ns fall@5.000ns period=10.000ns})
  Destination:            u_wb/defaultClockArea_cpu/ICachePlugin_dataRAMs_0/mem/xpm_memory_base_inst/gen_wr_a.gen_byte_narrow.for_mem_cols[1].mem_reg_1/ADDRARDADDR[9]
                            (rising edge-triggered cell RAMB36E1 clocked by aclk  {rise@0.000ns fall@5.000ns period=10.000ns})
  Path Group:             aclk
  Path Type:              Setup (Max at Slow Process Corner)
  Requirement:            10.000ns  (aclk rise@10.000ns - aclk rise@0.000ns)
  Data Path Delay:        9.512ns  (logic 1.619ns (17.021%)  route 7.893ns (82.979%))
  Logic Levels:           10  (LUT2=4 LUT3=1 LUT5=1 LUT6=4)
  Clock Path Skew:        0.106ns (DCD - SCD + CPR)
    Destination Clock Delay (DCD):    4.562ns = ( 14.562 - 10.000 ) 
    Source Clock Delay      (SCD):    4.717ns
    Clock Pessimism Removal (CPR):    0.261ns
  Clock Uncertainty:      0.035ns  ((TSJ^2 + TIJ^2)^1/2 + DJ) / 2 + PE
    Total System Jitter     (TSJ):    0.071ns
    Total Input Jitter      (TIJ):    0.000ns
    Discrete Jitter          (DJ):    0.000ns
    Phase Error              (PE):    0.000ns

    Location             Delay type                Incr(ns)  Path(ns)    Netlist Resource(s)
  -------------------------------------------------------------------    -------------------
                         (clock aclk rise edge)       0.000     0.000 r  
    L22                                               0.000     0.000 r  aclk (IN)
                         net (fo=0)                   0.000     0.000    aclk
    L22                  IBUF (Prop_ibuf_I_O)         0.893     0.893 r  aclk_IBUF_inst/O
                         net (fo=1, routed)           1.827     2.720    aclk_IBUF
    BUFGCTRL_X0Y2        BUFG (Prop_bufg_I_O)         0.081     2.801 r  aclk_IBUF_BUFG_inst_replica_1/O
                         net (fo=2, routed)           0.118     2.919    aclk_IBUF_BUFG_repN_1
    BUFGCTRL_X0Y1        BUFG (Prop_bufg_I_O)         0.081     3.000 r  aclk_IBUF_BUFG_inst_replica/O
                         net (fo=29, routed)          0.118     3.118    aclk_IBUF_BUFG_repN
    BUFGCTRL_X0Y0        BUFG (Prop_bufg_I_O)         0.081     3.199 r  aclk_IBUF_BUFG_inst/O
                         net (fo=20427, routed)       1.518     4.717    u_wb/defaultClockArea_cpu/aclk_IBUF_BUFG
    SLICE_X78Y80         FDCE                                         r  u_wb/defaultClockArea_cpu/_zz_ROBFIFOPlugin_popPtr_reg[3]_rep__0/C
  -------------------------------------------------------------------    -------------------
    SLICE_X78Y80         FDCE (Prop_fdce_C_Q)         0.379     5.096 r  u_wb/defaultClockArea_cpu/_zz_ROBFIFOPlugin_popPtr_reg[3]_rep__0/Q
                         net (fo=114, routed)         0.704     5.800    u_wb/defaultClockArea_cpu/GlobalPredictorBTBPlugin_btb/rams_0/gen_wr_a.gen_word_narrow.mem_reg_87
    SLICE_X79Y81         LUT2 (Prop_lut2_I0_O)        0.125     5.925 r  u_wb/defaultClockArea_cpu/GlobalPredictorBTBPlugin_btb/rams_0/InterruptHandlerPlugin_TCFG_INITVAL[29]_i_26/O
                         net (fo=1, routed)           0.650     6.574    u_wb/defaultClockArea_cpu/GlobalPredictorBTBPlugin_btb/rams_0/InterruptHandlerPlugin_TCFG_INITVAL[29]_i_26_n_0
    SLICE_X79Y81         LUT6 (Prop_lut6_I3_O)        0.275     6.849 f  u_wb/defaultClockArea_cpu/GlobalPredictorBTBPlugin_btb/rams_0/InterruptHandlerPlugin_TCFG_INITVAL[29]_i_13/O
                         net (fo=36, routed)          0.621     7.470    u_wb/defaultClockArea_cpu/GlobalPredictorBTBPlugin_predictor/pht/rams_0/when_WeBattleROBStorage_l158
    SLICE_X78Y79         LUT6 (Prop_lut6_I1_O)        0.105     7.575 r  u_wb/defaultClockArea_cpu/GlobalPredictorBTBPlugin_predictor/pht/rams_0/debug0_wb_pc_OBUF[31]_inst_i_12/O
                         net (fo=5, routed)           0.893     8.468    u_wb/defaultClockArea_cpu/GlobalPredictorBTBPlugin_predictor/pht/rams_0/_zz_ROBFIFOPlugin_popPtr_reg[1]_rep__1
    SLICE_X77Y77         LUT6 (Prop_lut6_I3_O)        0.105     8.573 f  u_wb/defaultClockArea_cpu/GlobalPredictorBTBPlugin_predictor/pht/rams_0/WeBattleCommitPlugin_uncachedExecuting_i_2/O
                         net (fo=6, routed)           0.137     8.710    u_wb/defaultClockArea_cpu/GlobalPredictorBTBPlugin_predictor/pht/rams_0/when_WeBattleCommitPlugin_l101
    SLICE_X77Y77         LUT5 (Prop_lut5_I2_O)        0.105     8.815 f  u_wb/defaultClockArea_cpu/GlobalPredictorBTBPlugin_predictor/pht/rams_0/WeBattleCommitPlugin_regFlush_i_2/O
                         net (fo=6, routed)           0.380     9.195    u_wb/defaultClockArea_cpu/GlobalPredictorBTBPlugin_predictor/pht/rams_0/WeBattleCommitPlugin_uncachedExecuting_reg_0
    SLICE_X76Y75         LUT2 (Prop_lut2_I1_O)        0.105     9.300 r  u_wb/defaultClockArea_cpu/GlobalPredictorBTBPlugin_predictor/pht/rams_0/mem_i_13__11/O
                         net (fo=106, routed)         0.333     9.632    u_wb/defaultClockArea_cpu/GlobalPredictorBTBPlugin_btb/rams_1/when_WeBattleCommitPlugin_l169
    SLICE_X75Y75         LUT2 (Prop_lut2_I0_O)        0.105     9.737 r  u_wb/defaultClockArea_cpu/GlobalPredictorBTBPlugin_btb/rams_1/ProgramCounterPlugin_backendJumpInterface_rData[5]_i_4/O
                         net (fo=12, routed)          0.949    10.686    u_wb/defaultClockArea_cpu/GlobalPredictorBTBPlugin_predictor/pht/rams_0/ProgramCounterPlugin_backendJumpInterface_rData_reg[5]_0
    SLICE_X69Y57         LUT3 (Prop_lut3_I0_O)        0.105    10.791 r  u_wb/defaultClockArea_cpu/GlobalPredictorBTBPlugin_predictor/pht/rams_0/mem_i_81/O
                         net (fo=50, routed)          0.589    11.380    u_wb/defaultClockArea_cpu/weBattleCheckpointRAS_1/ProgramCounterPlugin_backendJumpInterface_valid
    SLICE_X65Y58         LUT2 (Prop_lut2_I1_O)        0.105    11.485 r  u_wb/defaultClockArea_cpu/weBattleCheckpointRAS_1/mem_i_20__5_comp/O
                         net (fo=1, routed)           0.964    12.449    u_wb/defaultClockArea_cpu/weBattleFetchQueue_1/GlobalPredictorBTBPlugin_index[7]_repN_alias
    SLICE_X63Y58         LUT6 (Prop_lut6_I4_O)        0.105    12.554 r  u_wb/defaultClockArea_cpu/weBattleFetchQueue_1/mem_i_22__10_comp/O
                         net (fo=17, routed)          1.675    14.229    u_wb/defaultClockArea_cpu/ICachePlugin_dataRAMs_0/mem/xpm_memory_base_inst/addrb[3]
    RAMB36_X2Y4          RAMB36E1                                     r  u_wb/defaultClockArea_cpu/ICachePlugin_dataRAMs_0/mem/xpm_memory_base_inst/gen_wr_a.gen_byte_narrow.for_mem_cols[1].mem_reg_1/ADDRARDADDR[9]
  -------------------------------------------------------------------    -------------------

                         (clock aclk rise edge)      10.000    10.000 r  
    L22                                               0.000    10.000 r  aclk (IN)
                         net (fo=0)                   0.000    10.000    aclk
    L22                  IBUF (Prop_ibuf_I_O)         0.762    10.762 r  aclk_IBUF_inst/O
                         net (fo=1, routed)           1.734    12.496    aclk_IBUF
    BUFGCTRL_X0Y2        BUFG (Prop_bufg_I_O)         0.077    12.573 r  aclk_IBUF_BUFG_inst_replica_1/O
                         net (fo=2, routed)           0.112    12.685    aclk_IBUF_BUFG_repN_1
    BUFGCTRL_X0Y1        BUFG (Prop_bufg_I_O)         0.077    12.762 r  aclk_IBUF_BUFG_inst_replica/O
                         net (fo=29, routed)          0.112    12.874    aclk_IBUF_BUFG_repN
    BUFGCTRL_X0Y0        BUFG (Prop_bufg_I_O)         0.077    12.951 r  aclk_IBUF_BUFG_inst/O
                         net (fo=20427, routed)       1.611    14.562    u_wb/defaultClockArea_cpu/ICachePlugin_dataRAMs_0/mem/xpm_memory_base_inst/clka
    RAMB36_X2Y4          RAMB36E1                                     r  u_wb/defaultClockArea_cpu/ICachePlugin_dataRAMs_0/mem/xpm_memory_base_inst/gen_wr_a.gen_byte_narrow.for_mem_cols[1].mem_reg_1/CLKARDCLK
                         clock pessimism              0.261    14.822    
                         clock uncertainty           -0.035    14.787    
    RAMB36_X2Y4          RAMB36E1 (Setup_ramb36e1_CLKARDCLK_ADDRARDADDR[9])
                                                     -0.490    14.297    u_wb/defaultClockArea_cpu/ICachePlugin_dataRAMs_0/mem/xpm_memory_base_inst/gen_wr_a.gen_byte_narrow.for_mem_cols[1].mem_reg_1
  -------------------------------------------------------------------
                         required time                         14.297    
                         arrival time                         -14.229    
  -------------------------------------------------------------------
                         slack                                  0.069    

Slack (MET) :             0.081ns  (required time - arrival time)
  Source:                 u_wb/defaultClockArea_cpu/_zz_ROBFIFOPlugin_popPtr_reg[0]_rep__1/C
                            (rising edge-triggered cell FDCE clocked by aclk  {rise@0.000ns fall@5.000ns period=10.000ns})
  Destination:            u_wb/defaultClockArea_cpu/ICachePlugin_dataRAMs_0/mem/xpm_memory_base_inst/gen_wr_a.gen_byte_narrow.for_mem_cols[1].mem_reg_1/ADDRARDADDR[8]
                            (rising edge-triggered cell RAMB36E1 clocked by aclk  {rise@0.000ns fall@5.000ns period=10.000ns})
  Path Group:             aclk
  Path Type:              Setup (Max at Slow Process Corner)
  Requirement:            10.000ns  (aclk rise@10.000ns - aclk rise@0.000ns)
  Data Path Delay:        9.486ns  (logic 1.508ns (15.898%)  route 7.978ns (84.102%))
  Logic Levels:           9  (LUT2=1 LUT4=3 LUT5=1 LUT6=4)
  Clock Path Skew:        0.092ns (DCD - SCD + CPR)
    Destination Clock Delay (DCD):    4.562ns = ( 14.562 - 10.000 ) 
    Source Clock Delay      (SCD):    4.731ns
    Clock Pessimism Removal (CPR):    0.261ns
  Clock Uncertainty:      0.035ns  ((TSJ^2 + TIJ^2)^1/2 + DJ) / 2 + PE
    Total System Jitter     (TSJ):    0.071ns
    Total Input Jitter      (TIJ):    0.000ns
    Discrete Jitter          (DJ):    0.000ns
    Phase Error              (PE):    0.000ns

    Location             Delay type                Incr(ns)  Path(ns)    Netlist Resource(s)
  -------------------------------------------------------------------    -------------------
                         (clock aclk rise edge)       0.000     0.000 r  
    L22                                               0.000     0.000 r  aclk (IN)
                         net (fo=0)                   0.000     0.000    aclk
    L22                  IBUF (Prop_ibuf_I_O)         0.893     0.893 r  aclk_IBUF_inst/O
                         net (fo=1, routed)           1.827     2.720    aclk_IBUF
    BUFGCTRL_X0Y2        BUFG (Prop_bufg_I_O)         0.081     2.801 r  aclk_IBUF_BUFG_inst_replica_1/O
                         net (fo=2, routed)           0.118     2.919    aclk_IBUF_BUFG_repN_1
    BUFGCTRL_X0Y1        BUFG (Prop_bufg_I_O)         0.081     3.000 r  aclk_IBUF_BUFG_inst_replica/O
                         net (fo=29, routed)          0.118     3.118    aclk_IBUF_BUFG_repN
    BUFGCTRL_X0Y0        BUFG (Prop_bufg_I_O)         0.081     3.199 r  aclk_IBUF_BUFG_inst/O
                         net (fo=20427, routed)       1.532     4.731    u_wb/defaultClockArea_cpu/aclk_IBUF_BUFG
    SLICE_X73Y79         FDCE                                         r  u_wb/defaultClockArea_cpu/_zz_ROBFIFOPlugin_popPtr_reg[0]_rep__1/C
  -------------------------------------------------------------------    -------------------
    SLICE_X73Y79         FDCE (Prop_fdce_C_Q)         0.379     5.110 r  u_wb/defaultClockArea_cpu/_zz_ROBFIFOPlugin_popPtr_reg[0]_rep__1/Q
                         net (fo=124, routed)         0.934     6.044    u_wb/defaultClockArea_cpu/GlobalPredictorBTBPlugin_btb/rams_0/InterruptHandlerPlugin_TCFG_INITVAL[29]_i_13_0
    SLICE_X79Y79         LUT4 (Prop_lut4_I1_O)        0.105     6.149 r  u_wb/defaultClockArea_cpu/GlobalPredictorBTBPlugin_btb/rams_0/ExceptionHandlerPlugin_ESTAT_ESUBCODE[5]_i_4/O
                         net (fo=1, routed)           0.525     6.674    u_wb/defaultClockArea_cpu/GlobalPredictorBTBPlugin_btb/rams_0/ExceptionHandlerPlugin_ESTAT_ESUBCODE[5]_i_4_n_0
    SLICE_X79Y80         LUT6 (Prop_lut6_I3_O)        0.105     6.779 f  u_wb/defaultClockArea_cpu/GlobalPredictorBTBPlugin_btb/rams_0/ExceptionHandlerPlugin_ESTAT_ESUBCODE[5]_i_3/O
                         net (fo=90, routed)          0.874     7.653    u_wb/defaultClockArea_cpu/weBattleCheckpointRAS_1/when_WeBattleROBStorage_l174
    SLICE_X79Y82         LUT2 (Prop_lut2_I1_O)        0.119     7.772 r  u_wb/defaultClockArea_cpu/weBattleCheckpointRAS_1/WeBattleCommitPlugin_regFlush_i_12/O
                         net (fo=2, routed)           0.681     8.453    u_wb/defaultClockArea_cpu/weBattleCheckpointRAS_1/MULDIV_EXE_to_MULDIV_WB_ISSUE_SLOT_robIdx_reg[3]
    SLICE_X79Y82         LUT6 (Prop_lut6_I5_O)        0.275     8.728 f  u_wb/defaultClockArea_cpu/weBattleCheckpointRAS_1/WeBattleCommitPlugin_regFlush_i_4/O
                         net (fo=17, routed)          0.826     9.553    u_wb/defaultClockArea_cpu/GlobalPredictorBTBPlugin_predictor/pht/rams_0/ProgramCounterPlugin_backendJumpInterface_rData_reg[5]
    SLICE_X77Y70         LUT4 (Prop_lut4_I1_O)        0.105     9.658 r  u_wb/defaultClockArea_cpu/GlobalPredictorBTBPlugin_predictor/pht/rams_0/ProgramCounterPlugin_backendJumpInterface_rData[5]_i_3/O
                         net (fo=32, routed)          1.031    10.689    u_wb/defaultClockArea_cpu/GlobalPredictorBTBPlugin_predictor/pht/rams_0/_zz_ROBFIFOPlugin_popPtr_reg[4]_rep__2
    SLICE_X71Y64         LUT6 (Prop_lut6_I4_O)        0.105    10.794 r  u_wb/defaultClockArea_cpu/GlobalPredictorBTBPlugin_predictor/pht/rams_0/ProgramCounterPlugin_backendJumpInterface_rData[8]_i_2/O
                         net (fo=1, routed)           0.339    11.133    u_wb/defaultClockArea_cpu/GlobalPredictorBTBPlugin_predictor/pht/rams_0/ProgramCounterPlugin_backendJumpInterface_rData[8]_i_2_n_0
    SLICE_X73Y64         LUT6 (Prop_lut6_I5_O)        0.105    11.238 r  u_wb/defaultClockArea_cpu/GlobalPredictorBTBPlugin_predictor/pht/rams_0/ProgramCounterPlugin_backendJumpInterface_rData[8]_i_1/O
                         net (fo=5, routed)           0.508    11.746    u_wb/defaultClockArea_cpu/weBattleCheckpointRAS_1/D[6]
    SLICE_X69Y58         LUT5 (Prop_lut5_I4_O)        0.105    11.851 r  u_wb/defaultClockArea_cpu/weBattleCheckpointRAS_1/mem_i_21__9/O
                         net (fo=27, routed)          0.604    12.455    u_wb/defaultClockArea_cpu/weBattleFetchQueue_1/GlobalPredictorBTBPlugin_index[2]
    SLICE_X63Y60         LUT4 (Prop_lut4_I3_O)        0.105    12.560 r  u_wb/defaultClockArea_cpu/weBattleFetchQueue_1/mem_i_23__9/O
                         net (fo=17, routed)          1.656    14.216    u_wb/defaultClockArea_cpu/ICachePlugin_dataRAMs_0/mem/xpm_memory_base_inst/addrb[2]
    RAMB36_X2Y4          RAMB36E1                                     r  u_wb/defaultClockArea_cpu/ICachePlugin_dataRAMs_0/mem/xpm_memory_base_inst/gen_wr_a.gen_byte_narrow.for_mem_cols[1].mem_reg_1/ADDRARDADDR[8]
  -------------------------------------------------------------------    -------------------

                         (clock aclk rise edge)      10.000    10.000 r  
    L22                                               0.000    10.000 r  aclk (IN)
                         net (fo=0)                   0.000    10.000    aclk
    L22                  IBUF (Prop_ibuf_I_O)         0.762    10.762 r  aclk_IBUF_inst/O
                         net (fo=1, routed)           1.734    12.496    aclk_IBUF
    BUFGCTRL_X0Y2        BUFG (Prop_bufg_I_O)         0.077    12.573 r  aclk_IBUF_BUFG_inst_replica_1/O
                         net (fo=2, routed)           0.112    12.685    aclk_IBUF_BUFG_repN_1
    BUFGCTRL_X0Y1        BUFG (Prop_bufg_I_O)         0.077    12.762 r  aclk_IBUF_BUFG_inst_replica/O
                         net (fo=29, routed)          0.112    12.874    aclk_IBUF_BUFG_repN
    BUFGCTRL_X0Y0        BUFG (Prop_bufg_I_O)         0.077    12.951 r  aclk_IBUF_BUFG_inst/O
                         net (fo=20427, routed)       1.611    14.562    u_wb/defaultClockArea_cpu/ICachePlugin_dataRAMs_0/mem/xpm_memory_base_inst/clka
    RAMB36_X2Y4          RAMB36E1                                     r  u_wb/defaultClockArea_cpu/ICachePlugin_dataRAMs_0/mem/xpm_memory_base_inst/gen_wr_a.gen_byte_narrow.for_mem_cols[1].mem_reg_1/CLKARDCLK
                         clock pessimism              0.261    14.822    
                         clock uncertainty           -0.035    14.787    
    RAMB36_X2Y4          RAMB36E1 (Setup_ramb36e1_CLKARDCLK_ADDRARDADDR[8])
                                                     -0.490    14.297    u_wb/defaultClockArea_cpu/ICachePlugin_dataRAMs_0/mem/xpm_memory_base_inst/gen_wr_a.gen_byte_narrow.for_mem_cols[1].mem_reg_1
  -------------------------------------------------------------------
                         required time                         14.297    
                         arrival time                         -14.216    
  -------------------------------------------------------------------
                         slack                                  0.081    

Slack (MET) :             0.086ns  (required time - arrival time)
  Source:                 u_wb/defaultClockArea_cpu/_zz_ROBFIFOPlugin_popPtr_reg[0]_rep__1/C
                            (rising edge-triggered cell FDCE clocked by aclk  {rise@0.000ns fall@5.000ns period=10.000ns})
  Destination:            u_wb/defaultClockArea_cpu/GlobalPredictorBTBPlugin_predictor/tournamentPht/rams_0/mem/xpm_memory_base_inst/gen_wr_a.gen_word_narrow.mem_reg/ADDRBWRADDR[13]
                            (rising edge-triggered cell RAMB18E1 clocked by aclk  {rise@0.000ns fall@5.000ns period=10.000ns})
  Path Group:             aclk
  Path Type:              Setup (Max at Slow Process Corner)
  Requirement:            10.000ns  (aclk rise@10.000ns - aclk rise@0.000ns)
  Data Path Delay:        9.398ns  (logic 1.613ns (17.163%)  route 7.785ns (82.837%))
  Logic Levels:           10  (LUT2=1 LUT4=2 LUT5=1 LUT6=6)
  Clock Path Skew:        0.010ns (DCD - SCD + CPR)
    Destination Clock Delay (DCD):    4.420ns = ( 14.420 - 10.000 ) 
    Source Clock Delay      (SCD):    4.731ns
    Clock Pessimism Removal (CPR):    0.321ns
  Clock Uncertainty:      0.035ns  ((TSJ^2 + TIJ^2)^1/2 + DJ) / 2 + PE
    Total System Jitter     (TSJ):    0.071ns
    Total Input Jitter      (TIJ):    0.000ns
    Discrete Jitter          (DJ):    0.000ns
    Phase Error              (PE):    0.000ns

    Location             Delay type                Incr(ns)  Path(ns)    Netlist Resource(s)
  -------------------------------------------------------------------    -------------------
                         (clock aclk rise edge)       0.000     0.000 r  
    L22                                               0.000     0.000 r  aclk (IN)
                         net (fo=0)                   0.000     0.000    aclk
    L22                  IBUF (Prop_ibuf_I_O)         0.893     0.893 r  aclk_IBUF_inst/O
                         net (fo=1, routed)           1.827     2.720    aclk_IBUF
    BUFGCTRL_X0Y2        BUFG (Prop_bufg_I_O)         0.081     2.801 r  aclk_IBUF_BUFG_inst_replica_1/O
                         net (fo=2, routed)           0.118     2.919    aclk_IBUF_BUFG_repN_1
    BUFGCTRL_X0Y1        BUFG (Prop_bufg_I_O)         0.081     3.000 r  aclk_IBUF_BUFG_inst_replica/O
                         net (fo=29, routed)          0.118     3.118    aclk_IBUF_BUFG_repN
    BUFGCTRL_X0Y0        BUFG (Prop_bufg_I_O)         0.081     3.199 r  aclk_IBUF_BUFG_inst/O
                         net (fo=20427, routed)       1.532     4.731    u_wb/defaultClockArea_cpu/aclk_IBUF_BUFG
    SLICE_X73Y79         FDCE                                         r  u_wb/defaultClockArea_cpu/_zz_ROBFIFOPlugin_popPtr_reg[0]_rep__1/C
  -------------------------------------------------------------------    -------------------
    SLICE_X73Y79         FDCE (Prop_fdce_C_Q)         0.379     5.110 r  u_wb/defaultClockArea_cpu/_zz_ROBFIFOPlugin_popPtr_reg[0]_rep__1/Q
                         net (fo=124, routed)         0.934     6.044    u_wb/defaultClockArea_cpu/GlobalPredictorBTBPlugin_btb/rams_0/InterruptHandlerPlugin_TCFG_INITVAL[29]_i_13_0
    SLICE_X79Y79         LUT4 (Prop_lut4_I1_O)        0.105     6.149 r  u_wb/defaultClockArea_cpu/GlobalPredictorBTBPlugin_btb/rams_0/ExceptionHandlerPlugin_ESTAT_ESUBCODE[5]_i_4/O
                         net (fo=1, routed)           0.525     6.674    u_wb/defaultClockArea_cpu/GlobalPredictorBTBPlugin_btb/rams_0/ExceptionHandlerPlugin_ESTAT_ESUBCODE[5]_i_4_n_0
    SLICE_X79Y80         LUT6 (Prop_lut6_I3_O)        0.105     6.779 f  u_wb/defaultClockArea_cpu/GlobalPredictorBTBPlugin_btb/rams_0/ExceptionHandlerPlugin_ESTAT_ESUBCODE[5]_i_3/O
                         net (fo=90, routed)          0.874     7.653    u_wb/defaultClockArea_cpu/weBattleCheckpointRAS_1/when_WeBattleROBStorage_l174
    SLICE_X79Y82         LUT2 (Prop_lut2_I1_O)        0.119     7.772 r  u_wb/defaultClockArea_cpu/weBattleCheckpointRAS_1/WeBattleCommitPlugin_regFlush_i_12/O
                         net (fo=2, routed)           0.681     8.453    u_wb/defaultClockArea_cpu/weBattleCheckpointRAS_1/MULDIV_EXE_to_MULDIV_WB_ISSUE_SLOT_robIdx_reg[3]
    SLICE_X79Y82         LUT6 (Prop_lut6_I5_O)        0.275     8.728 f  u_wb/defaultClockArea_cpu/weBattleCheckpointRAS_1/WeBattleCommitPlugin_regFlush_i_4/O
                         net (fo=17, routed)          0.826     9.553    u_wb/defaultClockArea_cpu/GlobalPredictorBTBPlugin_predictor/pht/rams_0/ProgramCounterPlugin_backendJumpInterface_rData_reg[5]
    SLICE_X77Y70         LUT4 (Prop_lut4_I1_O)        0.105     9.658 r  u_wb/defaultClockArea_cpu/GlobalPredictorBTBPlugin_predictor/pht/rams_0/ProgramCounterPlugin_backendJumpInterface_rData[5]_i_3/O
                         net (fo=32, routed)          1.064    10.722    u_wb/defaultClockArea_cpu/GlobalPredictorBTBPlugin_predictor/pht/rams_0/_zz_ROBFIFOPlugin_popPtr_reg[4]_rep__2
    SLICE_X71Y62         LUT6 (Prop_lut6_I4_O)        0.105    10.827 f  u_wb/defaultClockArea_cpu/GlobalPredictorBTBPlugin_predictor/pht/rams_0/ProgramCounterPlugin_backendJumpInterface_rData[9]_i_2/O
                         net (fo=1, routed)           0.535    11.361    u_wb/defaultClockArea_cpu/GlobalPredictorBTBPlugin_predictor/pht/rams_0/ProgramCounterPlugin_backendJumpInterface_rData[9]_i_2_n_0
    SLICE_X66Y56         LUT6 (Prop_lut6_I5_O)        0.105    11.466 f  u_wb/defaultClockArea_cpu/GlobalPredictorBTBPlugin_predictor/pht/rams_0/ProgramCounterPlugin_backendJumpInterface_rData[9]_i_1/O
                         net (fo=6, routed)           0.551    12.018    u_wb/defaultClockArea_cpu/weBattleCheckpointRAS_1/D[7]
    SLICE_X62Y57         LUT5 (Prop_lut5_I4_O)        0.105    12.123 f  u_wb/defaultClockArea_cpu/weBattleCheckpointRAS_1/mem_i_20__5/O
                         net (fo=22, routed)          0.676    12.798    u_wb/defaultClockArea_cpu/weBattleCheckpointRAS_1/GlobalPredictorBTBPlugin_index[7]
    SLICE_X64Y58         LUT6 (Prop_lut6_I4_O)        0.105    12.903 r  u_wb/defaultClockArea_cpu/weBattleCheckpointRAS_1/mem_i_32__0_comp_3/O
                         net (fo=7, routed)           0.498    13.401    u_wb/defaultClockArea_cpu/weBattleCheckpointRAS_1/mem_i_32__0_n_0
    SLICE_X63Y58         LUT6 (Prop_lut6_I2_O)        0.105    13.506 r  u_wb/defaultClockArea_cpu/weBattleCheckpointRAS_1/mem_i_15__5/O
                         net (fo=1, routed)           0.623    14.129    u_wb/defaultClockArea_cpu/GlobalPredictorBTBPlugin_predictor/tournamentPht/rams_0/mem/xpm_memory_base_inst/addrb[9]
    RAMB18_X3Y24         RAMB18E1                                     r  u_wb/defaultClockArea_cpu/GlobalPredictorBTBPlugin_predictor/tournamentPht/rams_0/mem/xpm_memory_base_inst/gen_wr_a.gen_word_narrow.mem_reg/ADDRBWRADDR[13]
  -------------------------------------------------------------------    -------------------

                         (clock aclk rise edge)      10.000    10.000 r  
    L22                                               0.000    10.000 r  aclk (IN)
                         net (fo=0)                   0.000    10.000    aclk
    L22                  IBUF (Prop_ibuf_I_O)         0.762    10.762 r  aclk_IBUF_inst/O
                         net (fo=1, routed)           1.734    12.496    aclk_IBUF
    BUFGCTRL_X0Y2        BUFG (Prop_bufg_I_O)         0.077    12.573 r  aclk_IBUF_BUFG_inst_replica_1/O
                         net (fo=2, routed)           0.112    12.685    aclk_IBUF_BUFG_repN_1
    BUFGCTRL_X0Y1        BUFG (Prop_bufg_I_O)         0.077    12.762 r  aclk_IBUF_BUFG_inst_replica/O
                         net (fo=29, routed)          0.112    12.874    aclk_IBUF_BUFG_repN
    BUFGCTRL_X0Y0        BUFG (Prop_bufg_I_O)         0.077    12.951 r  aclk_IBUF_BUFG_inst/O
                         net (fo=20427, routed)       1.469    14.420    u_wb/defaultClockArea_cpu/GlobalPredictorBTBPlugin_predictor/tournamentPht/rams_0/mem/xpm_memory_base_inst/clka
    RAMB18_X3Y24         RAMB18E1                                     r  u_wb/defaultClockArea_cpu/GlobalPredictorBTBPlugin_predictor/tournamentPht/rams_0/mem/xpm_memory_base_inst/gen_wr_a.gen_word_narrow.mem_reg/CLKBWRCLK
                         clock pessimism              0.321    14.740    
                         clock uncertainty           -0.035    14.705    
    RAMB18_X3Y24         RAMB18E1 (Setup_ramb18e1_CLKBWRCLK_ADDRBWRADDR[13])
                                                     -0.490    14.215    u_wb/defaultClockArea_cpu/GlobalPredictorBTBPlugin_predictor/tournamentPht/rams_0/mem/xpm_memory_base_inst/gen_wr_a.gen_word_narrow.mem_reg
  -------------------------------------------------------------------
                         required time                         14.215    
                         arrival time                         -14.129    
  -------------------------------------------------------------------
                         slack                                  0.086    

Slack (MET) :             0.089ns  (required time - arrival time)
  Source:                 u_wb/defaultClockArea_cpu/MULDIV_RRD_to_MULDIV_EXE_REG_READ_RSP_1_reg[4]/C
                            (rising edge-triggered cell FDRE clocked by aclk  {rise@0.000ns fall@5.000ns period=10.000ns})
  Destination:            u_wb/defaultClockArea_cpu/IntIssueQueuePlugin_queue_1_payload_rRegs_1_valid_reg/D
                            (rising edge-triggered cell FDRE clocked by aclk  {rise@0.000ns fall@5.000ns period=10.000ns})
  Path Group:             aclk
  Path Type:              Setup (Max at Slow Process Corner)
  Requirement:            10.000ns  (aclk rise@10.000ns - aclk rise@0.000ns)
  Data Path Delay:        10.041ns  (logic 3.049ns (30.366%)  route 6.992ns (69.634%))
  Logic Levels:           19  (CARRY4=6 LUT3=3 LUT4=2 LUT5=3 LUT6=5)
  Clock Path Skew:        0.096ns (DCD - SCD + CPR)
    Destination Clock Delay (DCD):    4.251ns = ( 14.251 - 10.000 ) 
    Source Clock Delay      (SCD):    4.392ns
    Clock Pessimism Removal (CPR):    0.238ns
  Clock Uncertainty:      0.035ns  ((TSJ^2 + TIJ^2)^1/2 + DJ) / 2 + PE
    Total System Jitter     (TSJ):    0.071ns
    Total Input Jitter      (TIJ):    0.000ns
    Discrete Jitter          (DJ):    0.000ns
    Phase Error              (PE):    0.000ns

    Location             Delay type                Incr(ns)  Path(ns)    Netlist Resource(s)
  -------------------------------------------------------------------    -------------------
                         (clock aclk rise edge)       0.000     0.000 r  
    L22                                               0.000     0.000 r  aclk (IN)
                         net (fo=0)                   0.000     0.000    aclk
    L22                  IBUF (Prop_ibuf_I_O)         0.893     0.893 r  aclk_IBUF_inst/O
                         net (fo=1, routed)           1.827     2.720    aclk_IBUF
    BUFGCTRL_X0Y2        BUFG (Prop_bufg_I_O)         0.081     2.801 r  aclk_IBUF_BUFG_inst_replica_1/O
                         net (fo=2, routed)           0.118     2.919    aclk_IBUF_BUFG_repN_1
    BUFGCTRL_X0Y1        BUFG (Prop_bufg_I_O)         0.081     3.000 r  aclk_IBUF_BUFG_inst_replica/O
                         net (fo=29, routed)          1.393     4.392    u_wb/defaultClockArea_cpu/aclk_IBUF_BUFG_repN_alias
    SLICE_X66Y133        FDRE                                         r  u_wb/defaultClockArea_cpu/MULDIV_RRD_to_MULDIV_EXE_REG_READ_RSP_1_reg[4]/C
  -------------------------------------------------------------------    -------------------
    SLICE_X66Y133        FDRE (Prop_fdre_C_Q)         0.433     4.825 r  u_wb/defaultClockArea_cpu/MULDIV_RRD_to_MULDIV_EXE_REG_READ_RSP_1_reg[4]/Q
                         net (fo=1, routed)           0.713     5.538    u_wb/defaultClockArea_cpu/unsignedDivider_2/MULDIV_EXE_MulDivExecutePlugin_multiplier_i_9_0[4]
    SLICE_X68Y129        LUT3 (Prop_lut3_I2_O)        0.105     5.643 r  u_wb/defaultClockArea_cpu/unsignedDivider_2/MULDIV_EXE_MulDivExecutePlugin_multiplier_i_76/O
                         net (fo=1, routed)           0.000     5.643    u_wb/defaultClockArea_cpu/unsignedDivider_2/_zz_MULDIV_EXE_MulDivExecutePlugin_absRk[4]
    SLICE_X68Y129        CARRY4 (Prop_carry4_S[0]_CO[3])
                                                      0.423     6.066 r  u_wb/defaultClockArea_cpu/unsignedDivider_2/MULDIV_EXE_MulDivExecutePlugin_multiplier_i_15/CO[3]
                         net (fo=1, routed)           0.000     6.066    u_wb/defaultClockArea_cpu/unsignedDivider_2/MULDIV_EXE_MulDivExecutePlugin_multiplier_i_15_n_0
    SLICE_X68Y130        CARRY4 (Prop_carry4_CI_CO[3])
                                                      0.100     6.166 r  u_wb/defaultClockArea_cpu/unsignedDivider_2/MULDIV_EXE_MulDivExecutePlugin_multiplier_i_14/CO[3]
                         net (fo=1, routed)           0.000     6.166    u_wb/defaultClockArea_cpu/unsignedDivider_2/MULDIV_EXE_MulDivExecutePlugin_multiplier_i_14_n_0
    SLICE_X68Y131        CARRY4 (Prop_carry4_CI_CO[3])
                                                      0.100     6.266 r  u_wb/defaultClockArea_cpu/unsignedDivider_2/MULDIV_EXE_MulDivExecutePlugin_multiplier_i_13/CO[3]
                         net (fo=1, routed)           0.000     6.266    u_wb/defaultClockArea_cpu/unsignedDivider_2/MULDIV_EXE_MulDivExecutePlugin_multiplier_i_13_n_0
    SLICE_X68Y132        CARRY4 (Prop_carry4_CI_CO[3])
                                                      0.100     6.366 r  u_wb/defaultClockArea_cpu/unsignedDivider_2/MULDIV_EXE_MulDivExecutePlugin_multiplier_i_12/CO[3]
                         net (fo=1, routed)           0.000     6.366    u_wb/defaultClockArea_cpu/unsignedDivider_2/MULDIV_EXE_MulDivExecutePlugin_multiplier_i_12_n_0
    SLICE_X68Y133        CARRY4 (Prop_carry4_CI_CO[3])
                                                      0.100     6.466 r  u_wb/defaultClockArea_cpu/unsignedDivider_2/MULDIV_EXE_MulDivExecutePlugin_multiplier_i_11/CO[3]
                         net (fo=1, routed)           0.000     6.466    u_wb/defaultClockArea_cpu/unsignedDivider_2/MULDIV_EXE_MulDivExecutePlugin_multiplier_i_11_n_0
    SLICE_X68Y134        CARRY4 (Prop_carry4_CI_O[3])
                                                      0.262     6.728 f  u_wb/defaultClockArea_cpu/unsignedDivider_2/MULDIV_EXE_MulDivExecutePlugin_multiplier_i_10/O[3]
                         net (fo=4, routed)           0.725     7.454    u_wb/defaultClockArea_cpu/unsignedDivider_2/B[27]
    SLICE_X67Y132        LUT4 (Prop_lut4_I0_O)        0.250     7.704 f  u_wb/defaultClockArea_cpu/unsignedDivider_2/MULDIV_RRD_to_MULDIV_EXE_ISSUE_SLOT_uop_fuType[3]_i_11/O
                         net (fo=1, routed)           0.113     7.816    u_wb/defaultClockArea_cpu/unsignedDivider_2/MULDIV_RRD_to_MULDIV_EXE_ISSUE_SLOT_uop_fuType[3]_i_11_n_0
    SLICE_X67Y132        LUT5 (Prop_lut5_I4_O)        0.105     7.921 f  u_wb/defaultClockArea_cpu/unsignedDivider_2/MULDIV_RRD_to_MULDIV_EXE_ISSUE_SLOT_uop_fuType[3]_i_7/O
                         net (fo=1, routed)           0.771     8.692    u_wb/defaultClockArea_cpu/unsignedDivider_2/MULDIV_RRD_to_MULDIV_EXE_ISSUE_SLOT_uop_fuType[3]_i_7_n_0
    SLICE_X67Y123        LUT4 (Prop_lut4_I2_O)        0.105     8.797 r  u_wb/defaultClockArea_cpu/unsignedDivider_2/MULDIV_RRD_to_MULDIV_EXE_ISSUE_SLOT_uop_fuType[3]_i_4/O
                         net (fo=66, routed)          0.281     9.079    u_wb/defaultClockArea_cpu/unsignedDivider_3/MULDIV_RRD_to_MULDIV_EXE_ISSUE_SLOT_wReg_reg[5]
    SLICE_X65Y123        LUT5 (Prop_lut5_I2_O)        0.105     9.184 r  u_wb/defaultClockArea_cpu/unsignedDivider_3/MULDIV_RRD_to_MULDIV_EXE_ISSUE_SLOT_uop_fuType[3]_i_1/O
                         net (fo=104, routed)         0.278     9.462    u_wb/defaultClockArea_cpu/unsignedDivider_3/MULDIV_EXE_arbitration_notStuck
    SLICE_X64Y122        LUT6 (Prop_lut6_I4_O)        0.105     9.567 r  u_wb/defaultClockArea_cpu/unsignedDivider_3/MemIssueQueuePlugin_queue_0_payload_rRegs_0_valid_i_7/O
                         net (fo=60, routed)          0.458    10.025    u_wb/defaultClockArea_cpu/unsignedDivider_3/p_6_in
    SLICE_X65Y118        LUT6 (Prop_lut6_I2_O)        0.105    10.130 r  u_wb/defaultClockArea_cpu/unsignedDivider_3/IntIssueQueuePlugin_queue_6_payload_rRegs_1_valid_i_42/O
                         net (fo=2, routed)           0.886    11.016    u_wb/defaultClockArea_cpu/unsignedDivider_3/IntIssueQueuePlugin_queue_6_payload_rRegs_1_valid_i_42_n_0
    SLICE_X59Y102        LUT5 (Prop_lut5_I4_O)        0.105    11.121 r  u_wb/defaultClockArea_cpu/unsignedDivider_3/IntIssueQueuePlugin_queue_6_payload_rRegs_1_valid_i_15/O
                         net (fo=1, routed)           0.388    11.509    u_wb/defaultClockArea_cpu/unsignedDivider_3/IntIssueQueuePlugin_queue_6_payload_rRegs_1_valid_i_15_n_0
    SLICE_X49Y102        LUT6 (Prop_lut6_I0_O)        0.105    11.614 r  u_wb/defaultClockArea_cpu/unsignedDivider_3/IntIssueQueuePlugin_queue_6_payload_rRegs_1_valid_i_6/O
                         net (fo=12, routed)          0.509    12.123    u_wb/defaultClockArea_cpu/unsignedDivider_3/IntIssueQueuePlugin_queue_6_payload_rRegs_1_valid_i_6_n_0
    SLICE_X49Y106        LUT3 (Prop_lut3_I0_O)        0.105    12.228 r  u_wb/defaultClockArea_cpu/unsignedDivider_3/IntIssueQueuePlugin_queue_6_payload_rRegs_1_valid_i_2/O
                         net (fo=6, routed)           0.933    13.161    u_wb/defaultClockArea_cpu/unsignedDivider_3/IntIssueQueuePlugin_queue_6_payload_rRegs_1_valid_i_2_n_0
    SLICE_X48Y108        LUT6 (Prop_lut6_I0_O)        0.105    13.266 f  u_wb/defaultClockArea_cpu/unsignedDivider_3/IntIssueQueuePlugin_queue_3_payload_rRegs_1_valid_i_3_comp_1/O
                         net (fo=3, routed)           0.474    13.739    u_wb/defaultClockArea_cpu/unsignedDivider_3/IntIssueQueuePlugin_queue_3_payload_rRegs_1_valid_i_3_n_0
    SLICE_X47Y108        LUT6 (Prop_lut6_I4_O)        0.105    13.844 r  u_wb/defaultClockArea_cpu/unsignedDivider_3/IntIssueQueuePlugin_queue_1_payload_rRegs_1_valid_i_2/O
                         net (fo=1, routed)           0.463    14.307    u_wb/defaultClockArea_cpu/unsignedDivider_3/IntIssueQueuePlugin_queue_1_payload_rRegs_1_valid_i_2_n_0
    SLICE_X47Y110        LUT3 (Prop_lut3_I0_O)        0.126    14.433 r  u_wb/defaultClockArea_cpu/unsignedDivider_3/IntIssueQueuePlugin_queue_1_payload_rRegs_1_valid_i_1/O
                         net (fo=1, routed)           0.000    14.433    u_wb/defaultClockArea_cpu/unsignedDivider_3_n_58
    SLICE_X47Y110        FDRE                                         r  u_wb/defaultClockArea_cpu/IntIssueQueuePlugin_queue_1_payload_rRegs_1_valid_reg/D
  -------------------------------------------------------------------    -------------------

                         (clock aclk rise edge)      10.000    10.000 r  
    L22                                               0.000    10.000 r  aclk (IN)
                         net (fo=0)                   0.000    10.000    aclk
    L22                  IBUF (Prop_ibuf_I_O)         0.762    10.762 r  aclk_IBUF_inst/O
                         net (fo=1, routed)           1.734    12.496    aclk_IBUF
    BUFGCTRL_X0Y2        BUFG (Prop_bufg_I_O)         0.077    12.573 r  aclk_IBUF_BUFG_inst_replica_1/O
                         net (fo=2, routed)           0.112    12.685    aclk_IBUF_BUFG_repN_1
    BUFGCTRL_X0Y1        BUFG (Prop_bufg_I_O)         0.077    12.762 r  aclk_IBUF_BUFG_inst_replica/O
                         net (fo=29, routed)          0.112    12.874    aclk_IBUF_BUFG_repN
    BUFGCTRL_X0Y0        BUFG (Prop_bufg_I_O)         0.077    12.951 r  aclk_IBUF_BUFG_inst/O
                         net (fo=20427, routed)       1.300    14.251    u_wb/defaultClockArea_cpu/aclk_IBUF_BUFG
    SLICE_X47Y110        FDRE                                         r  u_wb/defaultClockArea_cpu/IntIssueQueuePlugin_queue_1_payload_rRegs_1_valid_reg/C
                         clock pessimism              0.238    14.488    
                         clock uncertainty           -0.035    14.453    
    SLICE_X47Y110        FDRE (Setup_fdre_C_D)        0.069    14.522    u_wb/defaultClockArea_cpu/IntIssueQueuePlugin_queue_1_payload_rRegs_1_valid_reg
  -------------------------------------------------------------------
                         required time                         14.522    
                         arrival time                         -14.433    
  -------------------------------------------------------------------
                         slack                                  0.089    

Slack (MET) :             0.096ns  (required time - arrival time)
  Source:                 u_wb/defaultClockArea_cpu/_zz_ROBFIFOPlugin_popPtr_reg[0]_rep__1/C
                            (rising edge-triggered cell FDCE clocked by aclk  {rise@0.000ns fall@5.000ns period=10.000ns})
  Destination:            u_wb/defaultClockArea_cpu/ICachePlugin_dataRAMs_0/mem/xpm_memory_base_inst/gen_wr_a.gen_byte_narrow.for_mem_cols[1].mem_reg_4/ADDRARDADDR[8]
                            (rising edge-triggered cell RAMB36E1 clocked by aclk  {rise@0.000ns fall@5.000ns period=10.000ns})
  Path Group:             aclk
  Path Type:              Setup (Max at Slow Process Corner)
  Requirement:            10.000ns  (aclk rise@10.000ns - aclk rise@0.000ns)
  Data Path Delay:        9.473ns  (logic 1.508ns (15.919%)  route 7.965ns (84.081%))
  Logic Levels:           9  (LUT2=1 LUT4=3 LUT5=1 LUT6=4)
  Clock Path Skew:        0.094ns (DCD - SCD + CPR)
    Destination Clock Delay (DCD):    4.564ns = ( 14.564 - 10.000 ) 
    Source Clock Delay      (SCD):    4.731ns
    Clock Pessimism Removal (CPR):    0.261ns
  Clock Uncertainty:      0.035ns  ((TSJ^2 + TIJ^2)^1/2 + DJ) / 2 + PE
    Total System Jitter     (TSJ):    0.071ns
    Total Input Jitter      (TIJ):    0.000ns
    Discrete Jitter          (DJ):    0.000ns
    Phase Error              (PE):    0.000ns

    Location             Delay type                Incr(ns)  Path(ns)    Netlist Resource(s)
  -------------------------------------------------------------------    -------------------
                         (clock aclk rise edge)       0.000     0.000 r  
    L22                                               0.000     0.000 r  aclk (IN)
                         net (fo=0)                   0.000     0.000    aclk
    L22                  IBUF (Prop_ibuf_I_O)         0.893     0.893 r  aclk_IBUF_inst/O
                         net (fo=1, routed)           1.827     2.720    aclk_IBUF
    BUFGCTRL_X0Y2        BUFG (Prop_bufg_I_O)         0.081     2.801 r  aclk_IBUF_BUFG_inst_replica_1/O
                         net (fo=2, routed)           0.118     2.919    aclk_IBUF_BUFG_repN_1
    BUFGCTRL_X0Y1        BUFG (Prop_bufg_I_O)         0.081     3.000 r  aclk_IBUF_BUFG_inst_replica/O
                         net (fo=29, routed)          0.118     3.118    aclk_IBUF_BUFG_repN
    BUFGCTRL_X0Y0        BUFG (Prop_bufg_I_O)         0.081     3.199 r  aclk_IBUF_BUFG_inst/O
                         net (fo=20427, routed)       1.532     4.731    u_wb/defaultClockArea_cpu/aclk_IBUF_BUFG
    SLICE_X73Y79         FDCE                                         r  u_wb/defaultClockArea_cpu/_zz_ROBFIFOPlugin_popPtr_reg[0]_rep__1/C
  -------------------------------------------------------------------    -------------------
    SLICE_X73Y79         FDCE (Prop_fdce_C_Q)         0.379     5.110 r  u_wb/defaultClockArea_cpu/_zz_ROBFIFOPlugin_popPtr_reg[0]_rep__1/Q
                         net (fo=124, routed)         0.934     6.044    u_wb/defaultClockArea_cpu/GlobalPredictorBTBPlugin_btb/rams_0/InterruptHandlerPlugin_TCFG_INITVAL[29]_i_13_0
    SLICE_X79Y79         LUT4 (Prop_lut4_I1_O)        0.105     6.149 r  u_wb/defaultClockArea_cpu/GlobalPredictorBTBPlugin_btb/rams_0/ExceptionHandlerPlugin_ESTAT_ESUBCODE[5]_i_4/O
                         net (fo=1, routed)           0.525     6.674    u_wb/defaultClockArea_cpu/GlobalPredictorBTBPlugin_btb/rams_0/ExceptionHandlerPlugin_ESTAT_ESUBCODE[5]_i_4_n_0
    SLICE_X79Y80         LUT6 (Prop_lut6_I3_O)        0.105     6.779 f  u_wb/defaultClockArea_cpu/GlobalPredictorBTBPlugin_btb/rams_0/ExceptionHandlerPlugin_ESTAT_ESUBCODE[5]_i_3/O
                         net (fo=90, routed)          0.874     7.653    u_wb/defaultClockArea_cpu/weBattleCheckpointRAS_1/when_WeBattleROBStorage_l174
    SLICE_X79Y82         LUT2 (Prop_lut2_I1_O)        0.119     7.772 r  u_wb/defaultClockArea_cpu/weBattleCheckpointRAS_1/WeBattleCommitPlugin_regFlush_i_12/O
                         net (fo=2, routed)           0.681     8.453    u_wb/defaultClockArea_cpu/weBattleCheckpointRAS_1/MULDIV_EXE_to_MULDIV_WB_ISSUE_SLOT_robIdx_reg[3]
    SLICE_X79Y82         LUT6 (Prop_lut6_I5_O)        0.275     8.728 f  u_wb/defaultClockArea_cpu/weBattleCheckpointRAS_1/WeBattleCommitPlugin_regFlush_i_4/O
                         net (fo=17, routed)          0.826     9.553    u_wb/defaultClockArea_cpu/GlobalPredictorBTBPlugin_predictor/pht/rams_0/ProgramCounterPlugin_backendJumpInterface_rData_reg[5]
    SLICE_X77Y70         LUT4 (Prop_lut4_I1_O)        0.105     9.658 r  u_wb/defaultClockArea_cpu/GlobalPredictorBTBPlugin_predictor/pht/rams_0/ProgramCounterPlugin_backendJumpInterface_rData[5]_i_3/O
                         net (fo=32, routed)          1.031    10.689    u_wb/defaultClockArea_cpu/GlobalPredictorBTBPlugin_predictor/pht/rams_0/_zz_ROBFIFOPlugin_popPtr_reg[4]_rep__2
    SLICE_X71Y64         LUT6 (Prop_lut6_I4_O)        0.105    10.794 r  u_wb/defaultClockArea_cpu/GlobalPredictorBTBPlugin_predictor/pht/rams_0/ProgramCounterPlugin_backendJumpInterface_rData[8]_i_2/O
                         net (fo=1, routed)           0.339    11.133    u_wb/defaultClockArea_cpu/GlobalPredictorBTBPlugin_predictor/pht/rams_0/ProgramCounterPlugin_backendJumpInterface_rData[8]_i_2_n_0
    SLICE_X73Y64         LUT6 (Prop_lut6_I5_O)        0.105    11.238 r  u_wb/defaultClockArea_cpu/GlobalPredictorBTBPlugin_predictor/pht/rams_0/ProgramCounterPlugin_backendJumpInterface_rData[8]_i_1/O
                         net (fo=5, routed)           0.508    11.746    u_wb/defaultClockArea_cpu/weBattleCheckpointRAS_1/D[6]
    SLICE_X69Y58         LUT5 (Prop_lut5_I4_O)        0.105    11.851 r  u_wb/defaultClockArea_cpu/weBattleCheckpointRAS_1/mem_i_21__9/O
                         net (fo=27, routed)          0.604    12.455    u_wb/defaultClockArea_cpu/weBattleFetchQueue_1/GlobalPredictorBTBPlugin_index[2]
    SLICE_X63Y60         LUT4 (Prop_lut4_I3_O)        0.105    12.560 r  u_wb/defaultClockArea_cpu/weBattleFetchQueue_1/mem_i_23__9/O
                         net (fo=17, routed)          1.643    14.203    u_wb/defaultClockArea_cpu/ICachePlugin_dataRAMs_0/mem/xpm_memory_base_inst/addrb[2]
    RAMB36_X2Y5          RAMB36E1                                     r  u_wb/defaultClockArea_cpu/ICachePlugin_dataRAMs_0/mem/xpm_memory_base_inst/gen_wr_a.gen_byte_narrow.for_mem_cols[1].mem_reg_4/ADDRARDADDR[8]
  -------------------------------------------------------------------    -------------------

                         (clock aclk rise edge)      10.000    10.000 r  
    L22                                               0.000    10.000 r  aclk (IN)
                         net (fo=0)                   0.000    10.000    aclk
    L22                  IBUF (Prop_ibuf_I_O)         0.762    10.762 r  aclk_IBUF_inst/O
                         net (fo=1, routed)           1.734    12.496    aclk_IBUF
    BUFGCTRL_X0Y2        BUFG (Prop_bufg_I_O)         0.077    12.573 r  aclk_IBUF_BUFG_inst_replica_1/O
                         net (fo=2, routed)           0.112    12.685    aclk_IBUF_BUFG_repN_1
    BUFGCTRL_X0Y1        BUFG (Prop_bufg_I_O)         0.077    12.762 r  aclk_IBUF_BUFG_inst_replica/O
                         net (fo=29, routed)          0.112    12.874    aclk_IBUF_BUFG_repN
    BUFGCTRL_X0Y0        BUFG (Prop_bufg_I_O)         0.077    12.951 r  aclk_IBUF_BUFG_inst/O
                         net (fo=20427, routed)       1.613    14.564    u_wb/defaultClockArea_cpu/ICachePlugin_dataRAMs_0/mem/xpm_memory_base_inst/clka
    RAMB36_X2Y5          RAMB36E1                                     r  u_wb/defaultClockArea_cpu/ICachePlugin_dataRAMs_0/mem/xpm_memory_base_inst/gen_wr_a.gen_byte_narrow.for_mem_cols[1].mem_reg_4/CLKARDCLK
                         clock pessimism              0.261    14.824    
                         clock uncertainty           -0.035    14.789    
    RAMB36_X2Y5          RAMB36E1 (Setup_ramb36e1_CLKARDCLK_ADDRARDADDR[8])
                                                     -0.490    14.299    u_wb/defaultClockArea_cpu/ICachePlugin_dataRAMs_0/mem/xpm_memory_base_inst/gen_wr_a.gen_byte_narrow.for_mem_cols[1].mem_reg_4
  -------------------------------------------------------------------
                         required time                         14.299    
                         arrival time                         -14.203    
  -------------------------------------------------------------------
                         slack                                  0.096    

Slack (MET) :             0.102ns  (required time - arrival time)
  Source:                 u_wb/defaultClockArea_cpu/MULDIV_RRD_to_MULDIV_EXE_REG_READ_RSP_1_reg[4]/C
                            (rising edge-triggered cell FDRE clocked by aclk  {rise@0.000ns fall@5.000ns period=10.000ns})
  Destination:            u_wb/defaultClockArea_cpu/IntIssueQueuePlugin_queue_2_payload_rRegs_1_valid_reg/D
                            (rising edge-triggered cell FDRE clocked by aclk  {rise@0.000ns fall@5.000ns period=10.000ns})
  Path Group:             aclk
  Path Type:              Setup (Max at Slow Process Corner)
  Requirement:            10.000ns  (aclk rise@10.000ns - aclk rise@0.000ns)
  Data Path Delay:        10.029ns  (logic 3.031ns (30.222%)  route 6.998ns (69.778%))
  Logic Levels:           19  (CARRY4=6 LUT3=3 LUT4=2 LUT5=3 LUT6=5)
  Clock Path Skew:        0.097ns (DCD - SCD + CPR)
    Destination Clock Delay (DCD):    4.252ns = ( 14.252 - 10.000 ) 
    Source Clock Delay      (SCD):    4.392ns
    Clock Pessimism Removal (CPR):    0.238ns
  Clock Uncertainty:      0.035ns  ((TSJ^2 + TIJ^2)^1/2 + DJ) / 2 + PE
    Total System Jitter     (TSJ):    0.071ns
    Total Input Jitter      (TIJ):    0.000ns
    Discrete Jitter          (DJ):    0.000ns
    Phase Error              (PE):    0.000ns

    Location             Delay type                Incr(ns)  Path(ns)    Netlist Resource(s)
  -------------------------------------------------------------------    -------------------
                         (clock aclk rise edge)       0.000     0.000 r  
    L22                                               0.000     0.000 r  aclk (IN)
                         net (fo=0)                   0.000     0.000    aclk
    L22                  IBUF (Prop_ibuf_I_O)         0.893     0.893 r  aclk_IBUF_inst/O
                         net (fo=1, routed)           1.827     2.720    aclk_IBUF
    BUFGCTRL_X0Y2        BUFG (Prop_bufg_I_O)         0.081     2.801 r  aclk_IBUF_BUFG_inst_replica_1/O
                         net (fo=2, routed)           0.118     2.919    aclk_IBUF_BUFG_repN_1
    BUFGCTRL_X0Y1        BUFG (Prop_bufg_I_O)         0.081     3.000 r  aclk_IBUF_BUFG_inst_replica/O
                         net (fo=29, routed)          1.393     4.392    u_wb/defaultClockArea_cpu/aclk_IBUF_BUFG_repN_alias
    SLICE_X66Y133        FDRE                                         r  u_wb/defaultClockArea_cpu/MULDIV_RRD_to_MULDIV_EXE_REG_READ_RSP_1_reg[4]/C
  -------------------------------------------------------------------    -------------------
    SLICE_X66Y133        FDRE (Prop_fdre_C_Q)         0.433     4.825 r  u_wb/defaultClockArea_cpu/MULDIV_RRD_to_MULDIV_EXE_REG_READ_RSP_1_reg[4]/Q
                         net (fo=1, routed)           0.713     5.538    u_wb/defaultClockArea_cpu/unsignedDivider_2/MULDIV_EXE_MulDivExecutePlugin_multiplier_i_9_0[4]
    SLICE_X68Y129        LUT3 (Prop_lut3_I2_O)        0.105     5.643 r  u_wb/defaultClockArea_cpu/unsignedDivider_2/MULDIV_EXE_MulDivExecutePlugin_multiplier_i_76/O
                         net (fo=1, routed)           0.000     5.643    u_wb/defaultClockArea_cpu/unsignedDivider_2/_zz_MULDIV_EXE_MulDivExecutePlugin_absRk[4]
    SLICE_X68Y129        CARRY4 (Prop_carry4_S[0]_CO[3])
                                                      0.423     6.066 r  u_wb/defaultClockArea_cpu/unsignedDivider_2/MULDIV_EXE_MulDivExecutePlugin_multiplier_i_15/CO[3]
                         net (fo=1, routed)           0.000     6.066    u_wb/defaultClockArea_cpu/unsignedDivider_2/MULDIV_EXE_MulDivExecutePlugin_multiplier_i_15_n_0
    SLICE_X68Y130        CARRY4 (Prop_carry4_CI_CO[3])
                                                      0.100     6.166 r  u_wb/defaultClockArea_cpu/unsignedDivider_2/MULDIV_EXE_MulDivExecutePlugin_multiplier_i_14/CO[3]
                         net (fo=1, routed)           0.000     6.166    u_wb/defaultClockArea_cpu/unsignedDivider_2/MULDIV_EXE_MulDivExecutePlugin_multiplier_i_14_n_0
    SLICE_X68Y131        CARRY4 (Prop_carry4_CI_CO[3])
                                                      0.100     6.266 r  u_wb/defaultClockArea_cpu/unsignedDivider_2/MULDIV_EXE_MulDivExecutePlugin_multiplier_i_13/CO[3]
                         net (fo=1, routed)           0.000     6.266    u_wb/defaultClockArea_cpu/unsignedDivider_2/MULDIV_EXE_MulDivExecutePlugin_multiplier_i_13_n_0
    SLICE_X68Y132        CARRY4 (Prop_carry4_CI_CO[3])
                                                      0.100     6.366 r  u_wb/defaultClockArea_cpu/unsignedDivider_2/MULDIV_EXE_MulDivExecutePlugin_multiplier_i_12/CO[3]
                         net (fo=1, routed)           0.000     6.366    u_wb/defaultClockArea_cpu/unsignedDivider_2/MULDIV_EXE_MulDivExecutePlugin_multiplier_i_12_n_0
    SLICE_X68Y133        CARRY4 (Prop_carry4_CI_CO[3])
                                                      0.100     6.466 r  u_wb/defaultClockArea_cpu/unsignedDivider_2/MULDIV_EXE_MulDivExecutePlugin_multiplier_i_11/CO[3]
                         net (fo=1, routed)           0.000     6.466    u_wb/defaultClockArea_cpu/unsignedDivider_2/MULDIV_EXE_MulDivExecutePlugin_multiplier_i_11_n_0
    SLICE_X68Y134        CARRY4 (Prop_carry4_CI_O[3])
                                                      0.262     6.728 f  u_wb/defaultClockArea_cpu/unsignedDivider_2/MULDIV_EXE_MulDivExecutePlugin_multiplier_i_10/O[3]
                         net (fo=4, routed)           0.725     7.454    u_wb/defaultClockArea_cpu/unsignedDivider_2/B[27]
    SLICE_X67Y132        LUT4 (Prop_lut4_I0_O)        0.250     7.704 f  u_wb/defaultClockArea_cpu/unsignedDivider_2/MULDIV_RRD_to_MULDIV_EXE_ISSUE_SLOT_uop_fuType[3]_i_11/O
                         net (fo=1, routed)           0.113     7.816    u_wb/defaultClockArea_cpu/unsignedDivider_2/MULDIV_RRD_to_MULDIV_EXE_ISSUE_SLOT_uop_fuType[3]_i_11_n_0
    SLICE_X67Y132        LUT5 (Prop_lut5_I4_O)        0.105     7.921 f  u_wb/defaultClockArea_cpu/unsignedDivider_2/MULDIV_RRD_to_MULDIV_EXE_ISSUE_SLOT_uop_fuType[3]_i_7/O
                         net (fo=1, routed)           0.771     8.692    u_wb/defaultClockArea_cpu/unsignedDivider_2/MULDIV_RRD_to_MULDIV_EXE_ISSUE_SLOT_uop_fuType[3]_i_7_n_0
    SLICE_X67Y123        LUT4 (Prop_lut4_I2_O)        0.105     8.797 r  u_wb/defaultClockArea_cpu/unsignedDivider_2/MULDIV_RRD_to_MULDIV_EXE_ISSUE_SLOT_uop_fuType[3]_i_4/O
                         net (fo=66, routed)          0.281     9.079    u_wb/defaultClockArea_cpu/unsignedDivider_3/MULDIV_RRD_to_MULDIV_EXE_ISSUE_SLOT_wReg_reg[5]
    SLICE_X65Y123        LUT5 (Prop_lut5_I2_O)        0.105     9.184 r  u_wb/defaultClockArea_cpu/unsignedDivider_3/MULDIV_RRD_to_MULDIV_EXE_ISSUE_SLOT_uop_fuType[3]_i_1/O
                         net (fo=104, routed)         0.278     9.462    u_wb/defaultClockArea_cpu/unsignedDivider_3/MULDIV_EXE_arbitration_notStuck
    SLICE_X64Y122        LUT6 (Prop_lut6_I4_O)        0.105     9.567 r  u_wb/defaultClockArea_cpu/unsignedDivider_3/MemIssueQueuePlugin_queue_0_payload_rRegs_0_valid_i_7/O
                         net (fo=60, routed)          0.458    10.025    u_wb/defaultClockArea_cpu/unsignedDivider_3/p_6_in
    SLICE_X65Y118        LUT6 (Prop_lut6_I2_O)        0.105    10.130 r  u_wb/defaultClockArea_cpu/unsignedDivider_3/IntIssueQueuePlugin_queue_6_payload_rRegs_1_valid_i_42/O
                         net (fo=2, routed)           0.886    11.016    u_wb/defaultClockArea_cpu/unsignedDivider_3/IntIssueQueuePlugin_queue_6_payload_rRegs_1_valid_i_42_n_0
    SLICE_X59Y102        LUT5 (Prop_lut5_I4_O)        0.105    11.121 r  u_wb/defaultClockArea_cpu/unsignedDivider_3/IntIssueQueuePlugin_queue_6_payload_rRegs_1_valid_i_15/O
                         net (fo=1, routed)           0.388    11.509    u_wb/defaultClockArea_cpu/unsignedDivider_3/IntIssueQueuePlugin_queue_6_payload_rRegs_1_valid_i_15_n_0
    SLICE_X49Y102        LUT6 (Prop_lut6_I0_O)        0.105    11.614 r  u_wb/defaultClockArea_cpu/unsignedDivider_3/IntIssueQueuePlugin_queue_6_payload_rRegs_1_valid_i_6/O
                         net (fo=12, routed)          0.509    12.123    u_wb/defaultClockArea_cpu/unsignedDivider_3/IntIssueQueuePlugin_queue_6_payload_rRegs_1_valid_i_6_n_0
    SLICE_X49Y106        LUT3 (Prop_lut3_I0_O)        0.105    12.228 r  u_wb/defaultClockArea_cpu/unsignedDivider_3/IntIssueQueuePlugin_queue_6_payload_rRegs_1_valid_i_2/O
                         net (fo=6, routed)           0.933    13.161    u_wb/defaultClockArea_cpu/unsignedDivider_3/IntIssueQueuePlugin_queue_6_payload_rRegs_1_valid_i_2_n_0
    SLICE_X48Y108        LUT6 (Prop_lut6_I0_O)        0.105    13.266 f  u_wb/defaultClockArea_cpu/unsignedDivider_3/IntIssueQueuePlugin_queue_3_payload_rRegs_1_valid_i_3_comp_1/O
                         net (fo=3, routed)           0.489    13.754    u_wb/defaultClockArea_cpu/unsignedDivider_3/IntIssueQueuePlugin_queue_3_payload_rRegs_1_valid_i_3_n_0
    SLICE_X48Y109        LUT6 (Prop_lut6_I0_O)        0.105    13.859 r  u_wb/defaultClockArea_cpu/unsignedDivider_3/IntIssueQueuePlugin_queue_2_payload_rRegs_1_valid_i_2/O
                         net (fo=1, routed)           0.454    14.313    u_wb/defaultClockArea_cpu/unsignedDivider_3/IntIssueQueuePlugin_queue_2_payload_rRegs_1_valid_i_2_n_0
    SLICE_X47Y109        LUT3 (Prop_lut3_I0_O)        0.108    14.421 r  u_wb/defaultClockArea_cpu/unsignedDivider_3/IntIssueQueuePlugin_queue_2_payload_rRegs_1_valid_i_1/O
                         net (fo=1, routed)           0.000    14.421    u_wb/defaultClockArea_cpu/unsignedDivider_3_n_59
    SLICE_X47Y109        FDRE                                         r  u_wb/defaultClockArea_cpu/IntIssueQueuePlugin_queue_2_payload_rRegs_1_valid_reg/D
  -------------------------------------------------------------------    -------------------

                         (clock aclk rise edge)      10.000    10.000 r  
    L22                                               0.000    10.000 r  aclk (IN)
                         net (fo=0)                   0.000    10.000    aclk
    L22                  IBUF (Prop_ibuf_I_O)         0.762    10.762 r  aclk_IBUF_inst/O
                         net (fo=1, routed)           1.734    12.496    aclk_IBUF
    BUFGCTRL_X0Y2        BUFG (Prop_bufg_I_O)         0.077    12.573 r  aclk_IBUF_BUFG_inst_replica_1/O
                         net (fo=2, routed)           0.112    12.685    aclk_IBUF_BUFG_repN_1
    BUFGCTRL_X0Y1        BUFG (Prop_bufg_I_O)         0.077    12.762 r  aclk_IBUF_BUFG_inst_replica/O
                         net (fo=29, routed)          0.112    12.874    aclk_IBUF_BUFG_repN
    BUFGCTRL_X0Y0        BUFG (Prop_bufg_I_O)         0.077    12.951 r  aclk_IBUF_BUFG_inst/O
                         net (fo=20427, routed)       1.301    14.252    u_wb/defaultClockArea_cpu/aclk_IBUF_BUFG
    SLICE_X47Y109        FDRE                                         r  u_wb/defaultClockArea_cpu/IntIssueQueuePlugin_queue_2_payload_rRegs_1_valid_reg/C
                         clock pessimism              0.238    14.489    
                         clock uncertainty           -0.035    14.454    
    SLICE_X47Y109        FDRE (Setup_fdre_C_D)        0.069    14.523    u_wb/defaultClockArea_cpu/IntIssueQueuePlugin_queue_2_payload_rRegs_1_valid_reg
  -------------------------------------------------------------------
                         required time                         14.523    
                         arrival time                         -14.421    
  -------------------------------------------------------------------
                         slack                                  0.102    

Slack (MET) :             0.104ns  (required time - arrival time)
  Source:                 u_wb/defaultClockArea_cpu/_zz_ROBFIFOPlugin_popPtr_reg[0]_rep__1/C
                            (rising edge-triggered cell FDCE clocked by aclk  {rise@0.000ns fall@5.000ns period=10.000ns})
  Destination:            u_wb/defaultClockArea_cpu/GlobalPredictorBTBPlugin_predictor/tournamentPht/rams_2/mem/xpm_memory_base_inst/gen_wr_a.gen_word_narrow.mem_reg/ADDRBWRADDR[11]
                            (rising edge-triggered cell RAMB18E1 clocked by aclk  {rise@0.000ns fall@5.000ns period=10.000ns})
  Path Group:             aclk
  Path Type:              Setup (Max at Slow Process Corner)
  Requirement:            10.000ns  (aclk rise@10.000ns - aclk rise@0.000ns)
  Data Path Delay:        9.372ns  (logic 1.613ns (17.212%)  route 7.759ns (82.788%))
  Logic Levels:           10  (LUT2=1 LUT4=3 LUT5=1 LUT6=5)
  Clock Path Skew:        0.001ns (DCD - SCD + CPR)
    Destination Clock Delay (DCD):    4.411ns = ( 14.411 - 10.000 ) 
    Source Clock Delay      (SCD):    4.731ns
    Clock Pessimism Removal (CPR):    0.321ns
  Clock Uncertainty:      0.035ns  ((TSJ^2 + TIJ^2)^1/2 + DJ) / 2 + PE
    Total System Jitter     (TSJ):    0.071ns
    Total Input Jitter      (TIJ):    0.000ns
    Discrete Jitter          (DJ):    0.000ns
    Phase Error              (PE):    0.000ns

    Location             Delay type                Incr(ns)  Path(ns)    Netlist Resource(s)
  -------------------------------------------------------------------    -------------------
                         (clock aclk rise edge)       0.000     0.000 r  
    L22                                               0.000     0.000 r  aclk (IN)
                         net (fo=0)                   0.000     0.000    aclk
    L22                  IBUF (Prop_ibuf_I_O)         0.893     0.893 r  aclk_IBUF_inst/O
                         net (fo=1, routed)           1.827     2.720    aclk_IBUF
    BUFGCTRL_X0Y2        BUFG (Prop_bufg_I_O)         0.081     2.801 r  aclk_IBUF_BUFG_inst_replica_1/O
                         net (fo=2, routed)           0.118     2.919    aclk_IBUF_BUFG_repN_1
    BUFGCTRL_X0Y1        BUFG (Prop_bufg_I_O)         0.081     3.000 r  aclk_IBUF_BUFG_inst_replica/O
                         net (fo=29, routed)          0.118     3.118    aclk_IBUF_BUFG_repN
    BUFGCTRL_X0Y0        BUFG (Prop_bufg_I_O)         0.081     3.199 r  aclk_IBUF_BUFG_inst/O
                         net (fo=20427, routed)       1.532     4.731    u_wb/defaultClockArea_cpu/aclk_IBUF_BUFG
    SLICE_X73Y79         FDCE                                         r  u_wb/defaultClockArea_cpu/_zz_ROBFIFOPlugin_popPtr_reg[0]_rep__1/C
  -------------------------------------------------------------------    -------------------
    SLICE_X73Y79         FDCE (Prop_fdce_C_Q)         0.379     5.110 r  u_wb/defaultClockArea_cpu/_zz_ROBFIFOPlugin_popPtr_reg[0]_rep__1/Q
                         net (fo=124, routed)         0.934     6.044    u_wb/defaultClockArea_cpu/GlobalPredictorBTBPlugin_btb/rams_0/InterruptHandlerPlugin_TCFG_INITVAL[29]_i_13_0
    SLICE_X79Y79         LUT4 (Prop_lut4_I1_O)        0.105     6.149 r  u_wb/defaultClockArea_cpu/GlobalPredictorBTBPlugin_btb/rams_0/ExceptionHandlerPlugin_ESTAT_ESUBCODE[5]_i_4/O
                         net (fo=1, routed)           0.525     6.674    u_wb/defaultClockArea_cpu/GlobalPredictorBTBPlugin_btb/rams_0/ExceptionHandlerPlugin_ESTAT_ESUBCODE[5]_i_4_n_0
    SLICE_X79Y80         LUT6 (Prop_lut6_I3_O)        0.105     6.779 f  u_wb/defaultClockArea_cpu/GlobalPredictorBTBPlugin_btb/rams_0/ExceptionHandlerPlugin_ESTAT_ESUBCODE[5]_i_3/O
                         net (fo=90, routed)          0.874     7.653    u_wb/defaultClockArea_cpu/weBattleCheckpointRAS_1/when_WeBattleROBStorage_l174
    SLICE_X79Y82         LUT2 (Prop_lut2_I1_O)        0.119     7.772 r  u_wb/defaultClockArea_cpu/weBattleCheckpointRAS_1/WeBattleCommitPlugin_regFlush_i_12/O
                         net (fo=2, routed)           0.681     8.453    u_wb/defaultClockArea_cpu/weBattleCheckpointRAS_1/MULDIV_EXE_to_MULDIV_WB_ISSUE_SLOT_robIdx_reg[3]
    SLICE_X79Y82         LUT6 (Prop_lut6_I5_O)        0.275     8.728 f  u_wb/defaultClockArea_cpu/weBattleCheckpointRAS_1/WeBattleCommitPlugin_regFlush_i_4/O
                         net (fo=17, routed)          0.826     9.553    u_wb/defaultClockArea_cpu/GlobalPredictorBTBPlugin_predictor/pht/rams_0/ProgramCounterPlugin_backendJumpInterface_rData_reg[5]
    SLICE_X77Y70         LUT4 (Prop_lut4_I1_O)        0.105     9.658 r  u_wb/defaultClockArea_cpu/GlobalPredictorBTBPlugin_predictor/pht/rams_0/ProgramCounterPlugin_backendJumpInterface_rData[5]_i_3/O
                         net (fo=32, routed)          1.064    10.722    u_wb/defaultClockArea_cpu/GlobalPredictorBTBPlugin_predictor/pht/rams_0/_zz_ROBFIFOPlugin_popPtr_reg[4]_rep__2
    SLICE_X71Y62         LUT6 (Prop_lut6_I4_O)        0.105    10.827 f  u_wb/defaultClockArea_cpu/GlobalPredictorBTBPlugin_predictor/pht/rams_0/ProgramCounterPlugin_backendJumpInterface_rData[9]_i_2/O
                         net (fo=1, routed)           0.535    11.361    u_wb/defaultClockArea_cpu/GlobalPredictorBTBPlugin_predictor/pht/rams_0/ProgramCounterPlugin_backendJumpInterface_rData[9]_i_2_n_0
    SLICE_X66Y56         LUT6 (Prop_lut6_I5_O)        0.105    11.466 f  u_wb/defaultClockArea_cpu/GlobalPredictorBTBPlugin_predictor/pht/rams_0/ProgramCounterPlugin_backendJumpInterface_rData[9]_i_1/O
                         net (fo=6, routed)           0.551    12.018    u_wb/defaultClockArea_cpu/weBattleCheckpointRAS_1/D[7]
    SLICE_X62Y57         LUT5 (Prop_lut5_I4_O)        0.105    12.123 f  u_wb/defaultClockArea_cpu/weBattleCheckpointRAS_1/mem_i_20__5/O
                         net (fo=22, routed)          0.676    12.798    u_wb/defaultClockArea_cpu/weBattleCheckpointRAS_1/GlobalPredictorBTBPlugin_index[7]
    SLICE_X64Y58         LUT6 (Prop_lut6_I4_O)        0.105    12.903 r  u_wb/defaultClockArea_cpu/weBattleCheckpointRAS_1/mem_i_32__0_comp_3/O
                         net (fo=7, routed)           0.282    13.185    u_wb/defaultClockArea_cpu/weBattleCheckpointRAS_1/mem_i_32__0_n_0
    SLICE_X64Y59         LUT4 (Prop_lut4_I1_O)        0.105    13.290 r  u_wb/defaultClockArea_cpu/weBattleCheckpointRAS_1/mem_i_17__4/O
                         net (fo=1, routed)           0.812    14.102    u_wb/defaultClockArea_cpu/GlobalPredictorBTBPlugin_predictor/tournamentPht/rams_2/mem/xpm_memory_base_inst/addrb[7]
    RAMB18_X3Y29         RAMB18E1                                     r  u_wb/defaultClockArea_cpu/GlobalPredictorBTBPlugin_predictor/tournamentPht/rams_2/mem/xpm_memory_base_inst/gen_wr_a.gen_word_narrow.mem_reg/ADDRBWRADDR[11]
  -------------------------------------------------------------------    -------------------

                         (clock aclk rise edge)      10.000    10.000 r  
    L22                                               0.000    10.000 r  aclk (IN)
                         net (fo=0)                   0.000    10.000    aclk
    L22                  IBUF (Prop_ibuf_I_O)         0.762    10.762 r  aclk_IBUF_inst/O
                         net (fo=1, routed)           1.734    12.496    aclk_IBUF
    BUFGCTRL_X0Y2        BUFG (Prop_bufg_I_O)         0.077    12.573 r  aclk_IBUF_BUFG_inst_replica_1/O
                         net (fo=2, routed)           0.112    12.685    aclk_IBUF_BUFG_repN_1
    BUFGCTRL_X0Y1        BUFG (Prop_bufg_I_O)         0.077    12.762 r  aclk_IBUF_BUFG_inst_replica/O
                         net (fo=29, routed)          0.112    12.874    aclk_IBUF_BUFG_repN
    BUFGCTRL_X0Y0        BUFG (Prop_bufg_I_O)         0.077    12.951 r  aclk_IBUF_BUFG_inst/O
                         net (fo=20427, routed)       1.460    14.411    u_wb/defaultClockArea_cpu/GlobalPredictorBTBPlugin_predictor/tournamentPht/rams_2/mem/xpm_memory_base_inst/clka
    RAMB18_X3Y29         RAMB18E1                                     r  u_wb/defaultClockArea_cpu/GlobalPredictorBTBPlugin_predictor/tournamentPht/rams_2/mem/xpm_memory_base_inst/gen_wr_a.gen_word_narrow.mem_reg/CLKBWRCLK
                         clock pessimism              0.321    14.731    
                         clock uncertainty           -0.035    14.696    
    RAMB18_X3Y29         RAMB18E1 (Setup_ramb18e1_CLKBWRCLK_ADDRBWRADDR[11])
                                                     -0.490    14.206    u_wb/defaultClockArea_cpu/GlobalPredictorBTBPlugin_predictor/tournamentPht/rams_2/mem/xpm_memory_base_inst/gen_wr_a.gen_word_narrow.mem_reg
  -------------------------------------------------------------------
                         required time                         14.206    
                         arrival time                         -14.102    
  -------------------------------------------------------------------
                         slack                                  0.104    

Slack (MET) :             0.105ns  (required time - arrival time)
  Source:                 u_wb/defaultClockArea_cpu/_zz_ROBFIFOPlugin_popPtr_reg[0]_rep__1/C
                            (rising edge-triggered cell FDCE clocked by aclk  {rise@0.000ns fall@5.000ns period=10.000ns})
  Destination:            u_wb/defaultClockArea_cpu/GlobalPredictorBTBPlugin_predictor/tournamentPht/rams_1/mem/xpm_memory_base_inst/gen_wr_a.gen_word_narrow.mem_reg/ADDRBWRADDR[9]
                            (rising edge-triggered cell RAMB18E1 clocked by aclk  {rise@0.000ns fall@5.000ns period=10.000ns})
  Path Group:             aclk
  Path Type:              Setup (Max at Slow Process Corner)
  Requirement:            10.000ns  (aclk rise@10.000ns - aclk rise@0.000ns)
  Data Path Delay:        9.370ns  (logic 1.508ns (16.094%)  route 7.862ns (83.906%))
  Logic Levels:           9  (LUT2=1 LUT4=2 LUT5=2 LUT6=4)
  Clock Path Skew:        0.001ns (DCD - SCD + CPR)
    Destination Clock Delay (DCD):    4.411ns = ( 14.411 - 10.000 ) 
    Source Clock Delay      (SCD):    4.731ns
    Clock Pessimism Removal (CPR):    0.321ns
  Clock Uncertainty:      0.035ns  ((TSJ^2 + TIJ^2)^1/2 + DJ) / 2 + PE
    Total System Jitter     (TSJ):    0.071ns
    Total Input Jitter      (TIJ):    0.000ns
    Discrete Jitter          (DJ):    0.000ns
    Phase Error              (PE):    0.000ns

    Location             Delay type                Incr(ns)  Path(ns)    Netlist Resource(s)
  -------------------------------------------------------------------    -------------------
                         (clock aclk rise edge)       0.000     0.000 r  
    L22                                               0.000     0.000 r  aclk (IN)
                         net (fo=0)                   0.000     0.000    aclk
    L22                  IBUF (Prop_ibuf_I_O)         0.893     0.893 r  aclk_IBUF_inst/O
                         net (fo=1, routed)           1.827     2.720    aclk_IBUF
    BUFGCTRL_X0Y2        BUFG (Prop_bufg_I_O)         0.081     2.801 r  aclk_IBUF_BUFG_inst_replica_1/O
                         net (fo=2, routed)           0.118     2.919    aclk_IBUF_BUFG_repN_1
    BUFGCTRL_X0Y1        BUFG (Prop_bufg_I_O)         0.081     3.000 r  aclk_IBUF_BUFG_inst_replica/O
                         net (fo=29, routed)          0.118     3.118    aclk_IBUF_BUFG_repN
    BUFGCTRL_X0Y0        BUFG (Prop_bufg_I_O)         0.081     3.199 r  aclk_IBUF_BUFG_inst/O
                         net (fo=20427, routed)       1.532     4.731    u_wb/defaultClockArea_cpu/aclk_IBUF_BUFG
    SLICE_X73Y79         FDCE                                         r  u_wb/defaultClockArea_cpu/_zz_ROBFIFOPlugin_popPtr_reg[0]_rep__1/C
  -------------------------------------------------------------------    -------------------
    SLICE_X73Y79         FDCE (Prop_fdce_C_Q)         0.379     5.110 r  u_wb/defaultClockArea_cpu/_zz_ROBFIFOPlugin_popPtr_reg[0]_rep__1/Q
                         net (fo=124, routed)         0.934     6.044    u_wb/defaultClockArea_cpu/GlobalPredictorBTBPlugin_btb/rams_0/InterruptHandlerPlugin_TCFG_INITVAL[29]_i_13_0
    SLICE_X79Y79         LUT4 (Prop_lut4_I1_O)        0.105     6.149 r  u_wb/defaultClockArea_cpu/GlobalPredictorBTBPlugin_btb/rams_0/ExceptionHandlerPlugin_ESTAT_ESUBCODE[5]_i_4/O
                         net (fo=1, routed)           0.525     6.674    u_wb/defaultClockArea_cpu/GlobalPredictorBTBPlugin_btb/rams_0/ExceptionHandlerPlugin_ESTAT_ESUBCODE[5]_i_4_n_0
    SLICE_X79Y80         LUT6 (Prop_lut6_I3_O)        0.105     6.779 f  u_wb/defaultClockArea_cpu/GlobalPredictorBTBPlugin_btb/rams_0/ExceptionHandlerPlugin_ESTAT_ESUBCODE[5]_i_3/O
                         net (fo=90, routed)          0.874     7.653    u_wb/defaultClockArea_cpu/weBattleCheckpointRAS_1/when_WeBattleROBStorage_l174
    SLICE_X79Y82         LUT2 (Prop_lut2_I1_O)        0.119     7.772 r  u_wb/defaultClockArea_cpu/weBattleCheckpointRAS_1/WeBattleCommitPlugin_regFlush_i_12/O
                         net (fo=2, routed)           0.681     8.453    u_wb/defaultClockArea_cpu/weBattleCheckpointRAS_1/MULDIV_EXE_to_MULDIV_WB_ISSUE_SLOT_robIdx_reg[3]
    SLICE_X79Y82         LUT6 (Prop_lut6_I5_O)        0.275     8.728 f  u_wb/defaultClockArea_cpu/weBattleCheckpointRAS_1/WeBattleCommitPlugin_regFlush_i_4/O
                         net (fo=17, routed)          0.826     9.553    u_wb/defaultClockArea_cpu/GlobalPredictorBTBPlugin_predictor/pht/rams_0/ProgramCounterPlugin_backendJumpInterface_rData_reg[5]
    SLICE_X77Y70         LUT4 (Prop_lut4_I1_O)        0.105     9.658 r  u_wb/defaultClockArea_cpu/GlobalPredictorBTBPlugin_predictor/pht/rams_0/ProgramCounterPlugin_backendJumpInterface_rData[5]_i_3/O
                         net (fo=32, routed)          1.064    10.722    u_wb/defaultClockArea_cpu/GlobalPredictorBTBPlugin_predictor/pht/rams_0/_zz_ROBFIFOPlugin_popPtr_reg[4]_rep__2
    SLICE_X71Y62         LUT6 (Prop_lut6_I4_O)        0.105    10.827 r  u_wb/defaultClockArea_cpu/GlobalPredictorBTBPlugin_predictor/pht/rams_0/ProgramCounterPlugin_backendJumpInterface_rData[9]_i_2/O
                         net (fo=1, routed)           0.535    11.361    u_wb/defaultClockArea_cpu/GlobalPredictorBTBPlugin_predictor/pht/rams_0/ProgramCounterPlugin_backendJumpInterface_rData[9]_i_2_n_0
    SLICE_X66Y56         LUT6 (Prop_lut6_I5_O)        0.105    11.466 r  u_wb/defaultClockArea_cpu/GlobalPredictorBTBPlugin_predictor/pht/rams_0/ProgramCounterPlugin_backendJumpInterface_rData[9]_i_1/O
                         net (fo=6, routed)           0.551    12.018    u_wb/defaultClockArea_cpu/weBattleCheckpointRAS_1/D[7]
    SLICE_X62Y57         LUT5 (Prop_lut5_I4_O)        0.105    12.123 r  u_wb/defaultClockArea_cpu/weBattleCheckpointRAS_1/mem_i_20__5/O
                         net (fo=22, routed)          1.085    13.207    u_wb/defaultClockArea_cpu/weBattleCheckpointRAS_1/GlobalPredictorBTBPlugin_index[7]
    SLICE_X67Y63         LUT5 (Prop_lut5_I4_O)        0.105    13.312 r  u_wb/defaultClockArea_cpu/weBattleCheckpointRAS_1/mem_i_19__9/O
                         net (fo=1, routed)           0.788    14.101    u_wb/defaultClockArea_cpu/GlobalPredictorBTBPlugin_predictor/tournamentPht/rams_1/mem/xpm_memory_base_inst/addrb[5]
    RAMB18_X3Y28         RAMB18E1                                     r  u_wb/defaultClockArea_cpu/GlobalPredictorBTBPlugin_predictor/tournamentPht/rams_1/mem/xpm_memory_base_inst/gen_wr_a.gen_word_narrow.mem_reg/ADDRBWRADDR[9]
  -------------------------------------------------------------------    -------------------

                         (clock aclk rise edge)      10.000    10.000 r  
    L22                                               0.000    10.000 r  aclk (IN)
                         net (fo=0)                   0.000    10.000    aclk
    L22                  IBUF (Prop_ibuf_I_O)         0.762    10.762 r  aclk_IBUF_inst/O
                         net (fo=1, routed)           1.734    12.496    aclk_IBUF
    BUFGCTRL_X0Y2        BUFG (Prop_bufg_I_O)         0.077    12.573 r  aclk_IBUF_BUFG_inst_replica_1/O
                         net (fo=2, routed)           0.112    12.685    aclk_IBUF_BUFG_repN_1
    BUFGCTRL_X0Y1        BUFG (Prop_bufg_I_O)         0.077    12.762 r  aclk_IBUF_BUFG_inst_replica/O
                         net (fo=29, routed)          0.112    12.874    aclk_IBUF_BUFG_repN
    BUFGCTRL_X0Y0        BUFG (Prop_bufg_I_O)         0.077    12.951 r  aclk_IBUF_BUFG_inst/O
                         net (fo=20427, routed)       1.460    14.411    u_wb/defaultClockArea_cpu/GlobalPredictorBTBPlugin_predictor/tournamentPht/rams_1/mem/xpm_memory_base_inst/clka
    RAMB18_X3Y28         RAMB18E1                                     r  u_wb/defaultClockArea_cpu/GlobalPredictorBTBPlugin_predictor/tournamentPht/rams_1/mem/xpm_memory_base_inst/gen_wr_a.gen_word_narrow.mem_reg/CLKBWRCLK
                         clock pessimism              0.321    14.731    
                         clock uncertainty           -0.035    14.696    
    RAMB18_X3Y28         RAMB18E1 (Setup_ramb18e1_CLKBWRCLK_ADDRBWRADDR[9])
                                                     -0.490    14.206    u_wb/defaultClockArea_cpu/GlobalPredictorBTBPlugin_predictor/tournamentPht/rams_1/mem/xpm_memory_base_inst/gen_wr_a.gen_word_narrow.mem_reg
  -------------------------------------------------------------------
                         required time                         14.206    
                         arrival time                         -14.101    
  -------------------------------------------------------------------
                         slack                                  0.105    

Slack (MET) :             0.107ns  (required time - arrival time)
  Source:                 u_wb/defaultClockArea_cpu/IntIssueQueuePlugin_queue_0_payload_rRegs_0_valid_reg/C
                            (rising edge-triggered cell FDRE clocked by aclk  {rise@0.000ns fall@5.000ns period=10.000ns})
  Destination:            u_wb/defaultClockArea_cpu/IntIssueQueuePlugin_queue_2_payload_rRegs_0_valid_reg/D
                            (rising edge-triggered cell FDRE clocked by aclk  {rise@0.000ns fall@5.000ns period=10.000ns})
  Path Group:             aclk
  Path Type:              Setup (Max at Slow Process Corner)
  Requirement:            10.000ns  (aclk rise@10.000ns - aclk rise@0.000ns)
  Data Path Delay:        9.970ns  (logic 1.954ns (19.600%)  route 8.016ns (80.400%))
  Logic Levels:           15  (LUT2=2 LUT3=2 LUT4=3 LUT5=2 LUT6=6)
  Clock Path Skew:        0.082ns (DCD - SCD + CPR)
    Destination Clock Delay (DCD):    4.252ns = ( 14.252 - 10.000 ) 
    Source Clock Delay      (SCD):    4.407ns
    Clock Pessimism Removal (CPR):    0.238ns
  Clock Uncertainty:      0.035ns  ((TSJ^2 + TIJ^2)^1/2 + DJ) / 2 + PE
    Total System Jitter     (TSJ):    0.071ns
    Total Input Jitter      (TIJ):    0.000ns
    Discrete Jitter          (DJ):    0.000ns
    Phase Error              (PE):    0.000ns

    Location             Delay type                Incr(ns)  Path(ns)    Netlist Resource(s)
  -------------------------------------------------------------------    -------------------
                         (clock aclk rise edge)       0.000     0.000 r  
    L22                                               0.000     0.000 r  aclk (IN)
                         net (fo=0)                   0.000     0.000    aclk
    L22                  IBUF (Prop_ibuf_I_O)         0.893     0.893 r  aclk_IBUF_inst/O
                         net (fo=1, routed)           1.827     2.720    aclk_IBUF
    BUFGCTRL_X0Y2        BUFG (Prop_bufg_I_O)         0.081     2.801 r  aclk_IBUF_BUFG_inst_replica_1/O
                         net (fo=2, routed)           0.118     2.919    aclk_IBUF_BUFG_repN_1
    BUFGCTRL_X0Y1        BUFG (Prop_bufg_I_O)         0.081     3.000 r  aclk_IBUF_BUFG_inst_replica/O
                         net (fo=29, routed)          1.408     4.407    u_wb/defaultClockArea_cpu/aclk_IBUF_BUFG_repN_alias
    SLICE_X47Y111        FDRE                                         r  u_wb/defaultClockArea_cpu/IntIssueQueuePlugin_queue_0_payload_rRegs_0_valid_reg/C
  -------------------------------------------------------------------    -------------------
    SLICE_X47Y111        FDRE (Prop_fdre_C_Q)         0.379     4.786 f  u_wb/defaultClockArea_cpu/IntIssueQueuePlugin_queue_0_payload_rRegs_0_valid_reg/Q
                         net (fo=2, routed)           0.606     5.392    u_wb/defaultClockArea_cpu/IntIssueQueuePlugin_queue_0_payload_rRegs_0_valid_reg_n_0
    SLICE_X57Y114        LUT2 (Prop_lut2_I0_O)        0.105     5.497 f  u_wb/defaultClockArea_cpu/IntIssueQueuePlugin_queue_0_payload_uop_pc[31]_i_4/O
                         net (fo=30, routed)          0.584     6.081    u_wb/defaultClockArea_cpu/p_7754_in
    SLICE_X56Y114        LUT5 (Prop_lut5_I4_O)        0.105     6.186 f  u_wb/defaultClockArea_cpu/INT0_ISS_to_INT0_RRD_ISSUE_SLOT_uop_doRegWrite_i_30/O
                         net (fo=12, routed)          0.515     6.701    u_wb/defaultClockArea_cpu/INT0_ISS_to_INT0_RRD_ISSUE_SLOT_uop_doRegWrite_i_30_n_0
    SLICE_X61Y114        LUT4 (Prop_lut4_I1_O)        0.105     6.806 r  u_wb/defaultClockArea_cpu/INT2_ISS_to_INT2_RRD_ISSUE_SLOT_uop_doRegWrite_i_6/O
                         net (fo=3, routed)           0.716     7.521    u_wb/defaultClockArea_cpu/INT2_ISS_to_INT2_RRD_ISSUE_SLOT_uop_doRegWrite_i_6_n_0
    SLICE_X62Y115        LUT4 (Prop_lut4_I1_O)        0.105     7.626 r  u_wb/defaultClockArea_cpu/INT2_ISS_to_INT2_RRD_ISSUE_SLOT_uop_inst[24]_i_7/O
                         net (fo=14, routed)          0.613     8.239    u_wb/defaultClockArea_cpu/INT2_ISS_to_INT2_RRD_ISSUE_SLOT_uop_inst[24]_i_7_n_0
    SLICE_X62Y117        LUT4 (Prop_lut4_I1_O)        0.105     8.344 f  u_wb/defaultClockArea_cpu/INT1_ISS_to_INT1_RRD_ISSUE_SLOT_uop_inst[24]_i_7/O
                         net (fo=12, routed)          0.707     9.052    u_wb/defaultClockArea_cpu/INT1_ISS_to_INT1_RRD_ISSUE_SLOT_uop_inst[24]_i_7_n_0
    SLICE_X61Y117        LUT5 (Prop_lut5_I4_O)        0.105     9.157 r  u_wb/defaultClockArea_cpu/IntIssueQueuePlugin_queue_4_valid_i_8/O
                         net (fo=7, routed)           0.364     9.520    u_wb/defaultClockArea_cpu/IntIssueQueuePlugin_queue_4_valid_i_8_n_0
    SLICE_X60Y118        LUT3 (Prop_lut3_I1_O)        0.105     9.625 r  u_wb/defaultClockArea_cpu/INT0_ISS_to_INT0_RRD_ISSUE_SLOT_wReg[5]_i_2/O
                         net (fo=42, routed)          0.562    10.187    u_wb/defaultClockArea_cpu/INT0_ISS_to_INT0_RRD_ISSUE_SLOT_wReg[5]_i_2_n_0
    SLICE_X57Y118        LUT6 (Prop_lut6_I2_O)        0.105    10.292 r  u_wb/defaultClockArea_cpu/INT0_ISS_to_INT0_RRD_ISSUE_SLOT_wReg[1]_i_1/O
                         net (fo=16, routed)          0.649    10.941    u_wb/defaultClockArea_cpu/_zz_INT0_ISS_IntExecutePlugin_issSlot_wReg[1]
    SLICE_X52Y119        LUT2 (Prop_lut2_I1_O)        0.105    11.046 f  u_wb/defaultClockArea_cpu/IntIssueQueuePlugin_queue_4_payload_rRegs_0_valid_i_21/O
                         net (fo=1, routed)           0.560    11.606    u_wb/defaultClockArea_cpu/IntIssueQueuePlugin_queue_4_payload_rRegs_0_valid_i_21_n_0
    SLICE_X52Y119        LUT6 (Prop_lut6_I0_O)        0.105    11.711 f  u_wb/defaultClockArea_cpu/IntIssueQueuePlugin_queue_4_payload_rRegs_0_valid_i_11/O
                         net (fo=1, routed)           0.607    12.318    u_wb/defaultClockArea_cpu/IntIssueQueuePlugin_queue_4_payload_rRegs_0_valid_i_11_n_0
    SLICE_X51Y110        LUT6 (Prop_lut6_I4_O)        0.105    12.423 f  u_wb/defaultClockArea_cpu/IntIssueQueuePlugin_queue_4_payload_rRegs_0_valid_i_5/O
                         net (fo=1, routed)           0.372    12.794    u_wb/defaultClockArea_cpu/unsignedDivider_3/IntIssueQueuePlugin_queue_4_payload_rRegs_0_valid_i_2_0
    SLICE_X45Y110        LUT6 (Prop_lut6_I1_O)        0.105    12.899 f  u_wb/defaultClockArea_cpu/unsignedDivider_3/IntIssueQueuePlugin_queue_4_payload_rRegs_0_valid_i_3/O
                         net (fo=1, routed)           0.228    13.127    u_wb/defaultClockArea_cpu/unsignedDivider_3/IntIssueQueuePlugin_queue_4_payload_rRegs_0_valid_i_3_n_0
    SLICE_X45Y111        LUT6 (Prop_lut6_I4_O)        0.105    13.232 r  u_wb/defaultClockArea_cpu/unsignedDivider_3/IntIssueQueuePlugin_queue_4_payload_rRegs_0_valid_i_2/O
                         net (fo=4, routed)           0.408    13.640    u_wb/defaultClockArea_cpu/unsignedDivider_3/IntIssueQueuePlugin_queue_4_payload_rRegs_0_valid_i_2_n_0
    SLICE_X44Y109        LUT6 (Prop_lut6_I4_O)        0.105    13.745 r  u_wb/defaultClockArea_cpu/unsignedDivider_3/IntIssueQueuePlugin_queue_2_payload_rRegs_0_valid_i_2/O
                         net (fo=1, routed)           0.527    14.272    u_wb/defaultClockArea_cpu/unsignedDivider_3/IntIssueQueuePlugin_queue_2_payload_rRegs_0_valid_i_2_n_0
    SLICE_X47Y109        LUT3 (Prop_lut3_I2_O)        0.105    14.377 r  u_wb/defaultClockArea_cpu/unsignedDivider_3/IntIssueQueuePlugin_queue_2_payload_rRegs_0_valid_i_1/O
                         net (fo=1, routed)           0.000    14.377    u_wb/defaultClockArea_cpu/unsignedDivider_3_n_66
    SLICE_X47Y109        FDRE                                         r  u_wb/defaultClockArea_cpu/IntIssueQueuePlugin_queue_2_payload_rRegs_0_valid_reg/D
  -------------------------------------------------------------------    -------------------

                         (clock aclk rise edge)      10.000    10.000 r  
    L22                                               0.000    10.000 r  aclk (IN)
                         net (fo=0)                   0.000    10.000    aclk
    L22                  IBUF (Prop_ibuf_I_O)         0.762    10.762 r  aclk_IBUF_inst/O
                         net (fo=1, routed)           1.734    12.496    aclk_IBUF
    BUFGCTRL_X0Y2        BUFG (Prop_bufg_I_O)         0.077    12.573 r  aclk_IBUF_BUFG_inst_replica_1/O
                         net (fo=2, routed)           0.112    12.685    aclk_IBUF_BUFG_repN_1
    BUFGCTRL_X0Y1        BUFG (Prop_bufg_I_O)         0.077    12.762 r  aclk_IBUF_BUFG_inst_replica/O
                         net (fo=29, routed)          0.112    12.874    aclk_IBUF_BUFG_repN
    BUFGCTRL_X0Y0        BUFG (Prop_bufg_I_O)         0.077    12.951 r  aclk_IBUF_BUFG_inst/O
                         net (fo=20427, routed)       1.301    14.252    u_wb/defaultClockArea_cpu/aclk_IBUF_BUFG
    SLICE_X47Y109        FDRE                                         r  u_wb/defaultClockArea_cpu/IntIssueQueuePlugin_queue_2_payload_rRegs_0_valid_reg/C
                         clock pessimism              0.238    14.489    
                         clock uncertainty           -0.035    14.454    
    SLICE_X47Y109        FDRE (Setup_fdre_C_D)        0.030    14.484    u_wb/defaultClockArea_cpu/IntIssueQueuePlugin_queue_2_payload_rRegs_0_valid_reg
  -------------------------------------------------------------------
                         required time                         14.484    
                         arrival time                         -14.377    
  -------------------------------------------------------------------
                         slack                                  0.107    

Slack (MET) :             0.123ns  (required time - arrival time)
  Source:                 u_wb/defaultClockArea_cpu/_zz_ROBFIFOPlugin_popPtr_reg[0]_rep__1/C
                            (rising edge-triggered cell FDCE clocked by aclk  {rise@0.000ns fall@5.000ns period=10.000ns})
  Destination:            u_wb/defaultClockArea_cpu/ICachePlugin_dataRAMs_0/mem/xpm_memory_base_inst/gen_wr_a.gen_byte_narrow.for_mem_cols[1].mem_reg_6/ADDRARDADDR[8]
                            (rising edge-triggered cell RAMB36E1 clocked by aclk  {rise@0.000ns fall@5.000ns period=10.000ns})
  Path Group:             aclk
  Path Type:              Setup (Max at Slow Process Corner)
  Requirement:            10.000ns  (aclk rise@10.000ns - aclk rise@0.000ns)
  Data Path Delay:        9.454ns  (logic 1.508ns (15.951%)  route 7.946ns (84.049%))
  Logic Levels:           9  (LUT2=1 LUT4=3 LUT5=1 LUT6=4)
  Clock Path Skew:        0.103ns (DCD - SCD + CPR)
    Destination Clock Delay (DCD):    4.573ns = ( 14.573 - 10.000 ) 
    Source Clock Delay      (SCD):    4.731ns
    Clock Pessimism Removal (CPR):    0.261ns
  Clock Uncertainty:      0.035ns  ((TSJ^2 + TIJ^2)^1/2 + DJ) / 2 + PE
    Total System Jitter     (TSJ):    0.071ns
    Total Input Jitter      (TIJ):    0.000ns
    Discrete Jitter          (DJ):    0.000ns
    Phase Error              (PE):    0.000ns

    Location             Delay type                Incr(ns)  Path(ns)    Netlist Resource(s)
  -------------------------------------------------------------------    -------------------
                         (clock aclk rise edge)       0.000     0.000 r  
    L22                                               0.000     0.000 r  aclk (IN)
                         net (fo=0)                   0.000     0.000    aclk
    L22                  IBUF (Prop_ibuf_I_O)         0.893     0.893 r  aclk_IBUF_inst/O
                         net (fo=1, routed)           1.827     2.720    aclk_IBUF
    BUFGCTRL_X0Y2        BUFG (Prop_bufg_I_O)         0.081     2.801 r  aclk_IBUF_BUFG_inst_replica_1/O
                         net (fo=2, routed)           0.118     2.919    aclk_IBUF_BUFG_repN_1
    BUFGCTRL_X0Y1        BUFG (Prop_bufg_I_O)         0.081     3.000 r  aclk_IBUF_BUFG_inst_replica/O
                         net (fo=29, routed)          0.118     3.118    aclk_IBUF_BUFG_repN
    BUFGCTRL_X0Y0        BUFG (Prop_bufg_I_O)         0.081     3.199 r  aclk_IBUF_BUFG_inst/O
                         net (fo=20427, routed)       1.532     4.731    u_wb/defaultClockArea_cpu/aclk_IBUF_BUFG
    SLICE_X73Y79         FDCE                                         r  u_wb/defaultClockArea_cpu/_zz_ROBFIFOPlugin_popPtr_reg[0]_rep__1/C
  -------------------------------------------------------------------    -------------------
    SLICE_X73Y79         FDCE (Prop_fdce_C_Q)         0.379     5.110 r  u_wb/defaultClockArea_cpu/_zz_ROBFIFOPlugin_popPtr_reg[0]_rep__1/Q
                         net (fo=124, routed)         0.934     6.044    u_wb/defaultClockArea_cpu/GlobalPredictorBTBPlugin_btb/rams_0/InterruptHandlerPlugin_TCFG_INITVAL[29]_i_13_0
    SLICE_X79Y79         LUT4 (Prop_lut4_I1_O)        0.105     6.149 r  u_wb/defaultClockArea_cpu/GlobalPredictorBTBPlugin_btb/rams_0/ExceptionHandlerPlugin_ESTAT_ESUBCODE[5]_i_4/O
                         net (fo=1, routed)           0.525     6.674    u_wb/defaultClockArea_cpu/GlobalPredictorBTBPlugin_btb/rams_0/ExceptionHandlerPlugin_ESTAT_ESUBCODE[5]_i_4_n_0
    SLICE_X79Y80         LUT6 (Prop_lut6_I3_O)        0.105     6.779 f  u_wb/defaultClockArea_cpu/GlobalPredictorBTBPlugin_btb/rams_0/ExceptionHandlerPlugin_ESTAT_ESUBCODE[5]_i_3/O
                         net (fo=90, routed)          0.874     7.653    u_wb/defaultClockArea_cpu/weBattleCheckpointRAS_1/when_WeBattleROBStorage_l174
    SLICE_X79Y82         LUT2 (Prop_lut2_I1_O)        0.119     7.772 r  u_wb/defaultClockArea_cpu/weBattleCheckpointRAS_1/WeBattleCommitPlugin_regFlush_i_12/O
                         net (fo=2, routed)           0.681     8.453    u_wb/defaultClockArea_cpu/weBattleCheckpointRAS_1/MULDIV_EXE_to_MULDIV_WB_ISSUE_SLOT_robIdx_reg[3]
    SLICE_X79Y82         LUT6 (Prop_lut6_I5_O)        0.275     8.728 f  u_wb/defaultClockArea_cpu/weBattleCheckpointRAS_1/WeBattleCommitPlugin_regFlush_i_4/O
                         net (fo=17, routed)          0.826     9.553    u_wb/defaultClockArea_cpu/GlobalPredictorBTBPlugin_predictor/pht/rams_0/ProgramCounterPlugin_backendJumpInterface_rData_reg[5]
    SLICE_X77Y70         LUT4 (Prop_lut4_I1_O)        0.105     9.658 r  u_wb/defaultClockArea_cpu/GlobalPredictorBTBPlugin_predictor/pht/rams_0/ProgramCounterPlugin_backendJumpInterface_rData[5]_i_3/O
                         net (fo=32, routed)          1.031    10.689    u_wb/defaultClockArea_cpu/GlobalPredictorBTBPlugin_predictor/pht/rams_0/_zz_ROBFIFOPlugin_popPtr_reg[4]_rep__2
    SLICE_X71Y64         LUT6 (Prop_lut6_I4_O)        0.105    10.794 r  u_wb/defaultClockArea_cpu/GlobalPredictorBTBPlugin_predictor/pht/rams_0/ProgramCounterPlugin_backendJumpInterface_rData[8]_i_2/O
                         net (fo=1, routed)           0.339    11.133    u_wb/defaultClockArea_cpu/GlobalPredictorBTBPlugin_predictor/pht/rams_0/ProgramCounterPlugin_backendJumpInterface_rData[8]_i_2_n_0
    SLICE_X73Y64         LUT6 (Prop_lut6_I5_O)        0.105    11.238 r  u_wb/defaultClockArea_cpu/GlobalPredictorBTBPlugin_predictor/pht/rams_0/ProgramCounterPlugin_backendJumpInterface_rData[8]_i_1/O
                         net (fo=5, routed)           0.508    11.746    u_wb/defaultClockArea_cpu/weBattleCheckpointRAS_1/D[6]
    SLICE_X69Y58         LUT5 (Prop_lut5_I4_O)        0.105    11.851 r  u_wb/defaultClockArea_cpu/weBattleCheckpointRAS_1/mem_i_21__9/O
                         net (fo=27, routed)          0.604    12.455    u_wb/defaultClockArea_cpu/weBattleFetchQueue_1/GlobalPredictorBTBPlugin_index[2]
    SLICE_X63Y60         LUT4 (Prop_lut4_I3_O)        0.105    12.560 r  u_wb/defaultClockArea_cpu/weBattleFetchQueue_1/mem_i_23__9/O
                         net (fo=17, routed)          1.625    14.185    u_wb/defaultClockArea_cpu/ICachePlugin_dataRAMs_0/mem/xpm_memory_base_inst/addrb[2]
    RAMB36_X2Y7          RAMB36E1                                     r  u_wb/defaultClockArea_cpu/ICachePlugin_dataRAMs_0/mem/xpm_memory_base_inst/gen_wr_a.gen_byte_narrow.for_mem_cols[1].mem_reg_6/ADDRARDADDR[8]
  -------------------------------------------------------------------    -------------------

                         (clock aclk rise edge)      10.000    10.000 r  
    L22                                               0.000    10.000 r  aclk (IN)
                         net (fo=0)                   0.000    10.000    aclk
    L22                  IBUF (Prop_ibuf_I_O)         0.762    10.762 r  aclk_IBUF_inst/O
                         net (fo=1, routed)           1.734    12.496    aclk_IBUF
    BUFGCTRL_X0Y2        BUFG (Prop_bufg_I_O)         0.077    12.573 r  aclk_IBUF_BUFG_inst_replica_1/O
                         net (fo=2, routed)           0.112    12.685    aclk_IBUF_BUFG_repN_1
    BUFGCTRL_X0Y1        BUFG (Prop_bufg_I_O)         0.077    12.762 r  aclk_IBUF_BUFG_inst_replica/O
                         net (fo=29, routed)          0.112    12.874    aclk_IBUF_BUFG_repN
    BUFGCTRL_X0Y0        BUFG (Prop_bufg_I_O)         0.077    12.951 r  aclk_IBUF_BUFG_inst/O
                         net (fo=20427, routed)       1.622    14.573    u_wb/defaultClockArea_cpu/ICachePlugin_dataRAMs_0/mem/xpm_memory_base_inst/clka
    RAMB36_X2Y7          RAMB36E1                                     r  u_wb/defaultClockArea_cpu/ICachePlugin_dataRAMs_0/mem/xpm_memory_base_inst/gen_wr_a.gen_byte_narrow.for_mem_cols[1].mem_reg_6/CLKARDCLK
                         clock pessimism              0.261    14.833    
                         clock uncertainty           -0.035    14.798    
    RAMB36_X2Y7          RAMB36E1 (Setup_ramb36e1_CLKARDCLK_ADDRARDADDR[8])
                                                     -0.490    14.308    u_wb/defaultClockArea_cpu/ICachePlugin_dataRAMs_0/mem/xpm_memory_base_inst/gen_wr_a.gen_byte_narrow.for_mem_cols[1].mem_reg_6
  -------------------------------------------------------------------
                         required time                         14.308    
                         arrival time                         -14.185    
  -------------------------------------------------------------------
                         slack                                  0.123    

Slack (MET) :             0.141ns  (required time - arrival time)
  Source:                 u_wb/defaultClockArea_cpu/_zz_ROBFIFOPlugin_popPtr_reg[0]_rep__1/C
                            (rising edge-triggered cell FDCE clocked by aclk  {rise@0.000ns fall@5.000ns period=10.000ns})
  Destination:            u_wb/defaultClockArea_cpu/ICachePlugin_dataRAMs_0/mem/xpm_memory_base_inst/gen_wr_a.gen_byte_narrow.for_mem_cols[1].mem_reg_2/ADDRARDADDR[8]
                            (rising edge-triggered cell RAMB36E1 clocked by aclk  {rise@0.000ns fall@5.000ns period=10.000ns})
  Path Group:             aclk
  Path Type:              Setup (Max at Slow Process Corner)
  Requirement:            10.000ns  (aclk rise@10.000ns - aclk rise@0.000ns)
  Data Path Delay:        9.350ns  (logic 1.508ns (16.129%)  route 7.842ns (83.871%))
  Logic Levels:           9  (LUT2=1 LUT4=3 LUT5=1 LUT6=4)
  Clock Path Skew:        0.016ns (DCD - SCD + CPR)
    Destination Clock Delay (DCD):    4.426ns = ( 14.426 - 10.000 ) 
    Source Clock Delay      (SCD):    4.731ns
    Clock Pessimism Removal (CPR):    0.321ns
  Clock Uncertainty:      0.035ns  ((TSJ^2 + TIJ^2)^1/2 + DJ) / 2 + PE
    Total System Jitter     (TSJ):    0.071ns
    Total Input Jitter      (TIJ):    0.000ns
    Discrete Jitter          (DJ):    0.000ns
    Phase Error              (PE):    0.000ns

    Location             Delay type                Incr(ns)  Path(ns)    Netlist Resource(s)
  -------------------------------------------------------------------    -------------------
                         (clock aclk rise edge)       0.000     0.000 r  
    L22                                               0.000     0.000 r  aclk (IN)
                         net (fo=0)                   0.000     0.000    aclk
    L22                  IBUF (Prop_ibuf_I_O)         0.893     0.893 r  aclk_IBUF_inst/O
                         net (fo=1, routed)           1.827     2.720    aclk_IBUF
    BUFGCTRL_X0Y2        BUFG (Prop_bufg_I_O)         0.081     2.801 r  aclk_IBUF_BUFG_inst_replica_1/O
                         net (fo=2, routed)           0.118     2.919    aclk_IBUF_BUFG_repN_1
    BUFGCTRL_X0Y1        BUFG (Prop_bufg_I_O)         0.081     3.000 r  aclk_IBUF_BUFG_inst_replica/O
                         net (fo=29, routed)          0.118     3.118    aclk_IBUF_BUFG_repN
    BUFGCTRL_X0Y0        BUFG (Prop_bufg_I_O)         0.081     3.199 r  aclk_IBUF_BUFG_inst/O
                         net (fo=20427, routed)       1.532     4.731    u_wb/defaultClockArea_cpu/aclk_IBUF_BUFG
    SLICE_X73Y79         FDCE                                         r  u_wb/defaultClockArea_cpu/_zz_ROBFIFOPlugin_popPtr_reg[0]_rep__1/C
  -------------------------------------------------------------------    -------------------
    SLICE_X73Y79         FDCE (Prop_fdce_C_Q)         0.379     5.110 r  u_wb/defaultClockArea_cpu/_zz_ROBFIFOPlugin_popPtr_reg[0]_rep__1/Q
                         net (fo=124, routed)         0.934     6.044    u_wb/defaultClockArea_cpu/GlobalPredictorBTBPlugin_btb/rams_0/InterruptHandlerPlugin_TCFG_INITVAL[29]_i_13_0
    SLICE_X79Y79         LUT4 (Prop_lut4_I1_O)        0.105     6.149 r  u_wb/defaultClockArea_cpu/GlobalPredictorBTBPlugin_btb/rams_0/ExceptionHandlerPlugin_ESTAT_ESUBCODE[5]_i_4/O
                         net (fo=1, routed)           0.525     6.674    u_wb/defaultClockArea_cpu/GlobalPredictorBTBPlugin_btb/rams_0/ExceptionHandlerPlugin_ESTAT_ESUBCODE[5]_i_4_n_0
    SLICE_X79Y80         LUT6 (Prop_lut6_I3_O)        0.105     6.779 f  u_wb/defaultClockArea_cpu/GlobalPredictorBTBPlugin_btb/rams_0/ExceptionHandlerPlugin_ESTAT_ESUBCODE[5]_i_3/O
                         net (fo=90, routed)          0.874     7.653    u_wb/defaultClockArea_cpu/weBattleCheckpointRAS_1/when_WeBattleROBStorage_l174
    SLICE_X79Y82         LUT2 (Prop_lut2_I1_O)        0.119     7.772 r  u_wb/defaultClockArea_cpu/weBattleCheckpointRAS_1/WeBattleCommitPlugin_regFlush_i_12/O
                         net (fo=2, routed)           0.681     8.453    u_wb/defaultClockArea_cpu/weBattleCheckpointRAS_1/MULDIV_EXE_to_MULDIV_WB_ISSUE_SLOT_robIdx_reg[3]
    SLICE_X79Y82         LUT6 (Prop_lut6_I5_O)        0.275     8.728 f  u_wb/defaultClockArea_cpu/weBattleCheckpointRAS_1/WeBattleCommitPlugin_regFlush_i_4/O
                         net (fo=17, routed)          0.826     9.553    u_wb/defaultClockArea_cpu/GlobalPredictorBTBPlugin_predictor/pht/rams_0/ProgramCounterPlugin_backendJumpInterface_rData_reg[5]
    SLICE_X77Y70         LUT4 (Prop_lut4_I1_O)        0.105     9.658 r  u_wb/defaultClockArea_cpu/GlobalPredictorBTBPlugin_predictor/pht/rams_0/ProgramCounterPlugin_backendJumpInterface_rData[5]_i_3/O
                         net (fo=32, routed)          1.031    10.689    u_wb/defaultClockArea_cpu/GlobalPredictorBTBPlugin_predictor/pht/rams_0/_zz_ROBFIFOPlugin_popPtr_reg[4]_rep__2
    SLICE_X71Y64         LUT6 (Prop_lut6_I4_O)        0.105    10.794 r  u_wb/defaultClockArea_cpu/GlobalPredictorBTBPlugin_predictor/pht/rams_0/ProgramCounterPlugin_backendJumpInterface_rData[8]_i_2/O
                         net (fo=1, routed)           0.339    11.133    u_wb/defaultClockArea_cpu/GlobalPredictorBTBPlugin_predictor/pht/rams_0/ProgramCounterPlugin_backendJumpInterface_rData[8]_i_2_n_0
    SLICE_X73Y64         LUT6 (Prop_lut6_I5_O)        0.105    11.238 r  u_wb/defaultClockArea_cpu/GlobalPredictorBTBPlugin_predictor/pht/rams_0/ProgramCounterPlugin_backendJumpInterface_rData[8]_i_1/O
                         net (fo=5, routed)           0.508    11.746    u_wb/defaultClockArea_cpu/weBattleCheckpointRAS_1/D[6]
    SLICE_X69Y58         LUT5 (Prop_lut5_I4_O)        0.105    11.851 r  u_wb/defaultClockArea_cpu/weBattleCheckpointRAS_1/mem_i_21__9/O
                         net (fo=27, routed)          0.604    12.455    u_wb/defaultClockArea_cpu/weBattleFetchQueue_1/GlobalPredictorBTBPlugin_index[2]
    SLICE_X63Y60         LUT4 (Prop_lut4_I3_O)        0.105    12.560 r  u_wb/defaultClockArea_cpu/weBattleFetchQueue_1/mem_i_23__9/O
                         net (fo=17, routed)          1.520    14.080    u_wb/defaultClockArea_cpu/ICachePlugin_dataRAMs_0/mem/xpm_memory_base_inst/addrb[2]
    RAMB36_X2Y17         RAMB36E1                                     r  u_wb/defaultClockArea_cpu/ICachePlugin_dataRAMs_0/mem/xpm_memory_base_inst/gen_wr_a.gen_byte_narrow.for_mem_cols[1].mem_reg_2/ADDRARDADDR[8]
  -------------------------------------------------------------------    -------------------

                         (clock aclk rise edge)      10.000    10.000 r  
    L22                                               0.000    10.000 r  aclk (IN)
                         net (fo=0)                   0.000    10.000    aclk
    L22                  IBUF (Prop_ibuf_I_O)         0.762    10.762 r  aclk_IBUF_inst/O
                         net (fo=1, routed)           1.734    12.496    aclk_IBUF
    BUFGCTRL_X0Y2        BUFG (Prop_bufg_I_O)         0.077    12.573 r  aclk_IBUF_BUFG_inst_replica_1/O
                         net (fo=2, routed)           0.112    12.685    aclk_IBUF_BUFG_repN_1
    BUFGCTRL_X0Y1        BUFG (Prop_bufg_I_O)         0.077    12.762 r  aclk_IBUF_BUFG_inst_replica/O
                         net (fo=29, routed)          0.112    12.874    aclk_IBUF_BUFG_repN
    BUFGCTRL_X0Y0        BUFG (Prop_bufg_I_O)         0.077    12.951 r  aclk_IBUF_BUFG_inst/O
                         net (fo=20427, routed)       1.475    14.426    u_wb/defaultClockArea_cpu/ICachePlugin_dataRAMs_0/mem/xpm_memory_base_inst/clka
    RAMB36_X2Y17         RAMB36E1                                     r  u_wb/defaultClockArea_cpu/ICachePlugin_dataRAMs_0/mem/xpm_memory_base_inst/gen_wr_a.gen_byte_narrow.for_mem_cols[1].mem_reg_2/CLKARDCLK
                         clock pessimism              0.321    14.746    
                         clock uncertainty           -0.035    14.711    
    RAMB36_X2Y17         RAMB36E1 (Setup_ramb36e1_CLKARDCLK_ADDRARDADDR[8])
                                                     -0.490    14.221    u_wb/defaultClockArea_cpu/ICachePlugin_dataRAMs_0/mem/xpm_memory_base_inst/gen_wr_a.gen_byte_narrow.for_mem_cols[1].mem_reg_2
  -------------------------------------------------------------------
                         required time                         14.221    
                         arrival time                         -14.080    
  -------------------------------------------------------------------
                         slack                                  0.141    

Slack (MET) :             0.142ns  (required time - arrival time)
  Source:                 u_wb/defaultClockArea_cpu/_zz_ROBFIFOPlugin_popPtr_reg[0]_rep__1/C
                            (rising edge-triggered cell FDCE clocked by aclk  {rise@0.000ns fall@5.000ns period=10.000ns})
  Destination:            u_wb/defaultClockArea_cpu/GlobalPredictorBTBPlugin_predictor/tournamentPht/rams_1/mem/xpm_memory_base_inst/gen_wr_a.gen_word_narrow.mem_reg/ADDRBWRADDR[12]
                            (rising edge-triggered cell RAMB18E1 clocked by aclk  {rise@0.000ns fall@5.000ns period=10.000ns})
  Path Group:             aclk
  Path Type:              Setup (Max at Slow Process Corner)
  Requirement:            10.000ns  (aclk rise@10.000ns - aclk rise@0.000ns)
  Data Path Delay:        9.333ns  (logic 1.613ns (17.283%)  route 7.720ns (82.717%))
  Logic Levels:           10  (LUT2=1 LUT4=2 LUT5=2 LUT6=5)
  Clock Path Skew:        0.001ns (DCD - SCD + CPR)
    Destination Clock Delay (DCD):    4.411ns = ( 14.411 - 10.000 ) 
    Source Clock Delay      (SCD):    4.731ns
    Clock Pessimism Removal (CPR):    0.321ns
  Clock Uncertainty:      0.035ns  ((TSJ^2 + TIJ^2)^1/2 + DJ) / 2 + PE
    Total System Jitter     (TSJ):    0.071ns
    Total Input Jitter      (TIJ):    0.000ns
    Discrete Jitter          (DJ):    0.000ns
    Phase Error              (PE):    0.000ns

    Location             Delay type                Incr(ns)  Path(ns)    Netlist Resource(s)
  -------------------------------------------------------------------    -------------------
                         (clock aclk rise edge)       0.000     0.000 r  
    L22                                               0.000     0.000 r  aclk (IN)
                         net (fo=0)                   0.000     0.000    aclk
    L22                  IBUF (Prop_ibuf_I_O)         0.893     0.893 r  aclk_IBUF_inst/O
                         net (fo=1, routed)           1.827     2.720    aclk_IBUF
    BUFGCTRL_X0Y2        BUFG (Prop_bufg_I_O)         0.081     2.801 r  aclk_IBUF_BUFG_inst_replica_1/O
                         net (fo=2, routed)           0.118     2.919    aclk_IBUF_BUFG_repN_1
    BUFGCTRL_X0Y1        BUFG (Prop_bufg_I_O)         0.081     3.000 r  aclk_IBUF_BUFG_inst_replica/O
                         net (fo=29, routed)          0.118     3.118    aclk_IBUF_BUFG_repN
    BUFGCTRL_X0Y0        BUFG (Prop_bufg_I_O)         0.081     3.199 r  aclk_IBUF_BUFG_inst/O
                         net (fo=20427, routed)       1.532     4.731    u_wb/defaultClockArea_cpu/aclk_IBUF_BUFG
    SLICE_X73Y79         FDCE                                         r  u_wb/defaultClockArea_cpu/_zz_ROBFIFOPlugin_popPtr_reg[0]_rep__1/C
  -------------------------------------------------------------------    -------------------
    SLICE_X73Y79         FDCE (Prop_fdce_C_Q)         0.379     5.110 r  u_wb/defaultClockArea_cpu/_zz_ROBFIFOPlugin_popPtr_reg[0]_rep__1/Q
                         net (fo=124, routed)         0.934     6.044    u_wb/defaultClockArea_cpu/GlobalPredictorBTBPlugin_btb/rams_0/InterruptHandlerPlugin_TCFG_INITVAL[29]_i_13_0
    SLICE_X79Y79         LUT4 (Prop_lut4_I1_O)        0.105     6.149 r  u_wb/defaultClockArea_cpu/GlobalPredictorBTBPlugin_btb/rams_0/ExceptionHandlerPlugin_ESTAT_ESUBCODE[5]_i_4/O
                         net (fo=1, routed)           0.525     6.674    u_wb/defaultClockArea_cpu/GlobalPredictorBTBPlugin_btb/rams_0/ExceptionHandlerPlugin_ESTAT_ESUBCODE[5]_i_4_n_0
    SLICE_X79Y80         LUT6 (Prop_lut6_I3_O)        0.105     6.779 f  u_wb/defaultClockArea_cpu/GlobalPredictorBTBPlugin_btb/rams_0/ExceptionHandlerPlugin_ESTAT_ESUBCODE[5]_i_3/O
                         net (fo=90, routed)          0.874     7.653    u_wb/defaultClockArea_cpu/weBattleCheckpointRAS_1/when_WeBattleROBStorage_l174
    SLICE_X79Y82         LUT2 (Prop_lut2_I1_O)        0.119     7.772 r  u_wb/defaultClockArea_cpu/weBattleCheckpointRAS_1/WeBattleCommitPlugin_regFlush_i_12/O
                         net (fo=2, routed)           0.681     8.453    u_wb/defaultClockArea_cpu/weBattleCheckpointRAS_1/MULDIV_EXE_to_MULDIV_WB_ISSUE_SLOT_robIdx_reg[3]
    SLICE_X79Y82         LUT6 (Prop_lut6_I5_O)        0.275     8.728 f  u_wb/defaultClockArea_cpu/weBattleCheckpointRAS_1/WeBattleCommitPlugin_regFlush_i_4/O
                         net (fo=17, routed)          0.826     9.553    u_wb/defaultClockArea_cpu/GlobalPredictorBTBPlugin_predictor/pht/rams_0/ProgramCounterPlugin_backendJumpInterface_rData_reg[5]
    SLICE_X77Y70         LUT4 (Prop_lut4_I1_O)        0.105     9.658 r  u_wb/defaultClockArea_cpu/GlobalPredictorBTBPlugin_predictor/pht/rams_0/ProgramCounterPlugin_backendJumpInterface_rData[5]_i_3/O
                         net (fo=32, routed)          1.064    10.722    u_wb/defaultClockArea_cpu/GlobalPredictorBTBPlugin_predictor/pht/rams_0/_zz_ROBFIFOPlugin_popPtr_reg[4]_rep__2
    SLICE_X71Y62         LUT6 (Prop_lut6_I4_O)        0.105    10.827 f  u_wb/defaultClockArea_cpu/GlobalPredictorBTBPlugin_predictor/pht/rams_0/ProgramCounterPlugin_backendJumpInterface_rData[9]_i_2/O
                         net (fo=1, routed)           0.535    11.361    u_wb/defaultClockArea_cpu/GlobalPredictorBTBPlugin_predictor/pht/rams_0/ProgramCounterPlugin_backendJumpInterface_rData[9]_i_2_n_0
    SLICE_X66Y56         LUT6 (Prop_lut6_I5_O)        0.105    11.466 f  u_wb/defaultClockArea_cpu/GlobalPredictorBTBPlugin_predictor/pht/rams_0/ProgramCounterPlugin_backendJumpInterface_rData[9]_i_1/O
                         net (fo=6, routed)           0.551    12.018    u_wb/defaultClockArea_cpu/weBattleCheckpointRAS_1/D[7]
    SLICE_X62Y57         LUT5 (Prop_lut5_I4_O)        0.105    12.123 f  u_wb/defaultClockArea_cpu/weBattleCheckpointRAS_1/mem_i_20__5/O
                         net (fo=22, routed)          0.676    12.798    u_wb/defaultClockArea_cpu/weBattleCheckpointRAS_1/GlobalPredictorBTBPlugin_index[7]
    SLICE_X64Y58         LUT6 (Prop_lut6_I4_O)        0.105    12.903 r  u_wb/defaultClockArea_cpu/weBattleCheckpointRAS_1/mem_i_32__0_comp_3/O
                         net (fo=7, routed)           0.375    13.278    u_wb/defaultClockArea_cpu/weBattleCheckpointRAS_1/mem_i_32__0_n_0
    SLICE_X63Y59         LUT5 (Prop_lut5_I2_O)        0.105    13.383 r  u_wb/defaultClockArea_cpu/weBattleCheckpointRAS_1/mem_i_16__7/O
                         net (fo=1, routed)           0.681    14.063    u_wb/defaultClockArea_cpu/GlobalPredictorBTBPlugin_predictor/tournamentPht/rams_1/mem/xpm_memory_base_inst/addrb[8]
    RAMB18_X3Y28         RAMB18E1                                     r  u_wb/defaultClockArea_cpu/GlobalPredictorBTBPlugin_predictor/tournamentPht/rams_1/mem/xpm_memory_base_inst/gen_wr_a.gen_word_narrow.mem_reg/ADDRBWRADDR[12]
  -------------------------------------------------------------------    -------------------

                         (clock aclk rise edge)      10.000    10.000 r  
    L22                                               0.000    10.000 r  aclk (IN)
                         net (fo=0)                   0.000    10.000    aclk
    L22                  IBUF (Prop_ibuf_I_O)         0.762    10.762 r  aclk_IBUF_inst/O
                         net (fo=1, routed)           1.734    12.496    aclk_IBUF
    BUFGCTRL_X0Y2        BUFG (Prop_bufg_I_O)         0.077    12.573 r  aclk_IBUF_BUFG_inst_replica_1/O
                         net (fo=2, routed)           0.112    12.685    aclk_IBUF_BUFG_repN_1
    BUFGCTRL_X0Y1        BUFG (Prop_bufg_I_O)         0.077    12.762 r  aclk_IBUF_BUFG_inst_replica/O
                         net (fo=29, routed)          0.112    12.874    aclk_IBUF_BUFG_repN
    BUFGCTRL_X0Y0        BUFG (Prop_bufg_I_O)         0.077    12.951 r  aclk_IBUF_BUFG_inst/O
                         net (fo=20427, routed)       1.460    14.411    u_wb/defaultClockArea_cpu/GlobalPredictorBTBPlugin_predictor/tournamentPht/rams_1/mem/xpm_memory_base_inst/clka
    RAMB18_X3Y28         RAMB18E1                                     r  u_wb/defaultClockArea_cpu/GlobalPredictorBTBPlugin_predictor/tournamentPht/rams_1/mem/xpm_memory_base_inst/gen_wr_a.gen_word_narrow.mem_reg/CLKBWRCLK
                         clock pessimism              0.321    14.731    
                         clock uncertainty           -0.035    14.696    
    RAMB18_X3Y28         RAMB18E1 (Setup_ramb18e1_CLKBWRCLK_ADDRBWRADDR[12])
                                                     -0.490    14.206    u_wb/defaultClockArea_cpu/GlobalPredictorBTBPlugin_predictor/tournamentPht/rams_1/mem/xpm_memory_base_inst/gen_wr_a.gen_word_narrow.mem_reg
  -------------------------------------------------------------------
                         required time                         14.206    
                         arrival time                         -14.063    
  -------------------------------------------------------------------
                         slack                                  0.142    

Slack (MET) :             0.143ns  (required time - arrival time)
  Source:                 u_wb/defaultClockArea_cpu/_zz_ROBFIFOPlugin_popPtr_reg[0]_rep__1/C
                            (rising edge-triggered cell FDCE clocked by aclk  {rise@0.000ns fall@5.000ns period=10.000ns})
  Destination:            u_wb/defaultClockArea_cpu/ICachePlugin_dataRAMs_0/mem/xpm_memory_base_inst/gen_wr_a.gen_byte_narrow.for_mem_cols[1].mem_reg_3/ADDRARDADDR[8]
                            (rising edge-triggered cell RAMB36E1 clocked by aclk  {rise@0.000ns fall@5.000ns period=10.000ns})
  Path Group:             aclk
  Path Type:              Setup (Max at Slow Process Corner)
  Requirement:            10.000ns  (aclk rise@10.000ns - aclk rise@0.000ns)
  Data Path Delay:        9.350ns  (logic 1.508ns (16.129%)  route 7.842ns (83.871%))
  Logic Levels:           9  (LUT2=1 LUT4=3 LUT5=1 LUT6=4)
  Clock Path Skew:        0.019ns (DCD - SCD + CPR)
    Destination Clock Delay (DCD):    4.429ns = ( 14.429 - 10.000 ) 
    Source Clock Delay      (SCD):    4.731ns
    Clock Pessimism Removal (CPR):    0.321ns
  Clock Uncertainty:      0.035ns  ((TSJ^2 + TIJ^2)^1/2 + DJ) / 2 + PE
    Total System Jitter     (TSJ):    0.071ns
    Total Input Jitter      (TIJ):    0.000ns
    Discrete Jitter          (DJ):    0.000ns
    Phase Error              (PE):    0.000ns

    Location             Delay type                Incr(ns)  Path(ns)    Netlist Resource(s)
  -------------------------------------------------------------------    -------------------
                         (clock aclk rise edge)       0.000     0.000 r  
    L22                                               0.000     0.000 r  aclk (IN)
                         net (fo=0)                   0.000     0.000    aclk
    L22                  IBUF (Prop_ibuf_I_O)         0.893     0.893 r  aclk_IBUF_inst/O
                         net (fo=1, routed)           1.827     2.720    aclk_IBUF
    BUFGCTRL_X0Y2        BUFG (Prop_bufg_I_O)         0.081     2.801 r  aclk_IBUF_BUFG_inst_replica_1/O
                         net (fo=2, routed)           0.118     2.919    aclk_IBUF_BUFG_repN_1
    BUFGCTRL_X0Y1        BUFG (Prop_bufg_I_O)         0.081     3.000 r  aclk_IBUF_BUFG_inst_replica/O
                         net (fo=29, routed)          0.118     3.118    aclk_IBUF_BUFG_repN
    BUFGCTRL_X0Y0        BUFG (Prop_bufg_I_O)         0.081     3.199 r  aclk_IBUF_BUFG_inst/O
                         net (fo=20427, routed)       1.532     4.731    u_wb/defaultClockArea_cpu/aclk_IBUF_BUFG
    SLICE_X73Y79         FDCE                                         r  u_wb/defaultClockArea_cpu/_zz_ROBFIFOPlugin_popPtr_reg[0]_rep__1/C
  -------------------------------------------------------------------    -------------------
    SLICE_X73Y79         FDCE (Prop_fdce_C_Q)         0.379     5.110 r  u_wb/defaultClockArea_cpu/_zz_ROBFIFOPlugin_popPtr_reg[0]_rep__1/Q
                         net (fo=124, routed)         0.934     6.044    u_wb/defaultClockArea_cpu/GlobalPredictorBTBPlugin_btb/rams_0/InterruptHandlerPlugin_TCFG_INITVAL[29]_i_13_0
    SLICE_X79Y79         LUT4 (Prop_lut4_I1_O)        0.105     6.149 r  u_wb/defaultClockArea_cpu/GlobalPredictorBTBPlugin_btb/rams_0/ExceptionHandlerPlugin_ESTAT_ESUBCODE[5]_i_4/O
                         net (fo=1, routed)           0.525     6.674    u_wb/defaultClockArea_cpu/GlobalPredictorBTBPlugin_btb/rams_0/ExceptionHandlerPlugin_ESTAT_ESUBCODE[5]_i_4_n_0
    SLICE_X79Y80         LUT6 (Prop_lut6_I3_O)        0.105     6.779 f  u_wb/defaultClockArea_cpu/GlobalPredictorBTBPlugin_btb/rams_0/ExceptionHandlerPlugin_ESTAT_ESUBCODE[5]_i_3/O
                         net (fo=90, routed)          0.874     7.653    u_wb/defaultClockArea_cpu/weBattleCheckpointRAS_1/when_WeBattleROBStorage_l174
    SLICE_X79Y82         LUT2 (Prop_lut2_I1_O)        0.119     7.772 r  u_wb/defaultClockArea_cpu/weBattleCheckpointRAS_1/WeBattleCommitPlugin_regFlush_i_12/O
                         net (fo=2, routed)           0.681     8.453    u_wb/defaultClockArea_cpu/weBattleCheckpointRAS_1/MULDIV_EXE_to_MULDIV_WB_ISSUE_SLOT_robIdx_reg[3]
    SLICE_X79Y82         LUT6 (Prop_lut6_I5_O)        0.275     8.728 f  u_wb/defaultClockArea_cpu/weBattleCheckpointRAS_1/WeBattleCommitPlugin_regFlush_i_4/O
                         net (fo=17, routed)          0.826     9.553    u_wb/defaultClockArea_cpu/GlobalPredictorBTBPlugin_predictor/pht/rams_0/ProgramCounterPlugin_backendJumpInterface_rData_reg[5]
    SLICE_X77Y70         LUT4 (Prop_lut4_I1_O)        0.105     9.658 r  u_wb/defaultClockArea_cpu/GlobalPredictorBTBPlugin_predictor/pht/rams_0/ProgramCounterPlugin_backendJumpInterface_rData[5]_i_3/O
                         net (fo=32, routed)          1.031    10.689    u_wb/defaultClockArea_cpu/GlobalPredictorBTBPlugin_predictor/pht/rams_0/_zz_ROBFIFOPlugin_popPtr_reg[4]_rep__2
    SLICE_X71Y64         LUT6 (Prop_lut6_I4_O)        0.105    10.794 r  u_wb/defaultClockArea_cpu/GlobalPredictorBTBPlugin_predictor/pht/rams_0/ProgramCounterPlugin_backendJumpInterface_rData[8]_i_2/O
                         net (fo=1, routed)           0.339    11.133    u_wb/defaultClockArea_cpu/GlobalPredictorBTBPlugin_predictor/pht/rams_0/ProgramCounterPlugin_backendJumpInterface_rData[8]_i_2_n_0
    SLICE_X73Y64         LUT6 (Prop_lut6_I5_O)        0.105    11.238 r  u_wb/defaultClockArea_cpu/GlobalPredictorBTBPlugin_predictor/pht/rams_0/ProgramCounterPlugin_backendJumpInterface_rData[8]_i_1/O
                         net (fo=5, routed)           0.508    11.746    u_wb/defaultClockArea_cpu/weBattleCheckpointRAS_1/D[6]
    SLICE_X69Y58         LUT5 (Prop_lut5_I4_O)        0.105    11.851 r  u_wb/defaultClockArea_cpu/weBattleCheckpointRAS_1/mem_i_21__9/O
                         net (fo=27, routed)          0.604    12.455    u_wb/defaultClockArea_cpu/weBattleFetchQueue_1/GlobalPredictorBTBPlugin_index[2]
    SLICE_X63Y60         LUT4 (Prop_lut4_I3_O)        0.105    12.560 r  u_wb/defaultClockArea_cpu/weBattleFetchQueue_1/mem_i_23__9/O
                         net (fo=17, routed)          1.520    14.080    u_wb/defaultClockArea_cpu/ICachePlugin_dataRAMs_0/mem/xpm_memory_base_inst/addrb[2]
    RAMB36_X2Y19         RAMB36E1                                     r  u_wb/defaultClockArea_cpu/ICachePlugin_dataRAMs_0/mem/xpm_memory_base_inst/gen_wr_a.gen_byte_narrow.for_mem_cols[1].mem_reg_3/ADDRARDADDR[8]
  -------------------------------------------------------------------    -------------------

                         (clock aclk rise edge)      10.000    10.000 r  
    L22                                               0.000    10.000 r  aclk (IN)
                         net (fo=0)                   0.000    10.000    aclk
    L22                  IBUF (Prop_ibuf_I_O)         0.762    10.762 r  aclk_IBUF_inst/O
                         net (fo=1, routed)           1.734    12.496    aclk_IBUF
    BUFGCTRL_X0Y2        BUFG (Prop_bufg_I_O)         0.077    12.573 r  aclk_IBUF_BUFG_inst_replica_1/O
                         net (fo=2, routed)           0.112    12.685    aclk_IBUF_BUFG_repN_1
    BUFGCTRL_X0Y1        BUFG (Prop_bufg_I_O)         0.077    12.762 r  aclk_IBUF_BUFG_inst_replica/O
                         net (fo=29, routed)          0.112    12.874    aclk_IBUF_BUFG_repN
    BUFGCTRL_X0Y0        BUFG (Prop_bufg_I_O)         0.077    12.951 r  aclk_IBUF_BUFG_inst/O
                         net (fo=20427, routed)       1.478    14.429    u_wb/defaultClockArea_cpu/ICachePlugin_dataRAMs_0/mem/xpm_memory_base_inst/clka
    RAMB36_X2Y19         RAMB36E1                                     r  u_wb/defaultClockArea_cpu/ICachePlugin_dataRAMs_0/mem/xpm_memory_base_inst/gen_wr_a.gen_byte_narrow.for_mem_cols[1].mem_reg_3/CLKARDCLK
                         clock pessimism              0.321    14.749    
                         clock uncertainty           -0.035    14.714    
    RAMB36_X2Y19         RAMB36E1 (Setup_ramb36e1_CLKARDCLK_ADDRARDADDR[8])
                                                     -0.490    14.224    u_wb/defaultClockArea_cpu/ICachePlugin_dataRAMs_0/mem/xpm_memory_base_inst/gen_wr_a.gen_byte_narrow.for_mem_cols[1].mem_reg_3
  -------------------------------------------------------------------
                         required time                         14.224    
                         arrival time                         -14.080    
  -------------------------------------------------------------------
                         slack                                  0.143    





Pulse Width Checks
--------------------------------------------------------------------------------------
Clock Name:         aclk
Waveform(ns):       { 0.000 5.000 }
Period(ns):         10.000
Sources:            { aclk }

Check Type        Corner  Lib Pin             Reference Pin  Required(ns)  Actual(ns)  Slack(ns)  Location      Pin
Min Period        n/a     DSP48E1/CLK         n/a            3.109         10.000      6.891      DSP48_X3Y53   core_top/wb_raw_top/MyCPUCore/multiplier/<hidden>/<hidden>/<hidden>
Min Period        n/a     RAMB36E1/CLKARDCLK  n/a            2.472         10.000      7.528      RAMB36_X0Y12  u_wb/defaultClockArea_axiBuffer/fifo/xpm_fifo_base_inst/gen_sdpram.xpm_memory_base_inst/gen_wr_a.gen_word_narrow.mem_reg_0/CLKARDCLK
Min Period        n/a     RAMB36E1/CLKARDCLK  n/a            2.472         10.000      7.528      RAMB36_X0Y10  u_wb/defaultClockArea_axiBuffer/fifo/xpm_fifo_base_inst/gen_sdpram.xpm_memory_base_inst/gen_wr_a.gen_word_narrow.mem_reg_1/CLKARDCLK
Min Period        n/a     RAMB18E1/CLKARDCLK  n/a            2.472         10.000      7.528      RAMB18_X0Y26  u_wb/defaultClockArea_axiBuffer/fifo/xpm_fifo_base_inst/gen_sdpram.xpm_memory_base_inst/gen_wr_a.gen_word_narrow.mem_reg_2/CLKARDCLK
Min Period        n/a     RAMB36E1/CLKARDCLK  n/a            2.472         10.000      7.528      RAMB36_X0Y11  u_wb/defaultClockArea_cpu/DCachePlugin_dataRAMs_0/mem/xpm_memory_base_inst/gen_wr_a.gen_byte_narrow.for_mem_cols[1].mem_reg/CLKARDCLK
Min Period        n/a     RAMB36E1/CLKARDCLK  n/a            2.472         10.000      7.528      RAMB36_X1Y12  u_wb/defaultClockArea_cpu/DCachePlugin_dataRAMs_1/mem/xpm_memory_base_inst/gen_wr_a.gen_byte_narrow.for_mem_cols[1].mem_reg/CLKARDCLK
Min Period        n/a     RAMB36E1/CLKARDCLK  n/a            2.472         10.000      7.528      RAMB36_X1Y13  u_wb/defaultClockArea_cpu/DCachePlugin_infoRAM/mem/xpm_memory_base_inst/gen_wr_a.gen_word_narrow.mem_reg/CLKARDCLK
Min Period        n/a     RAMB36E1/CLKBWRCLK  n/a            2.472         10.000      7.528      RAMB36_X1Y13  u_wb/defaultClockArea_cpu/DCachePlugin_infoRAM/mem/xpm_memory_base_inst/gen_wr_a.gen_word_narrow.mem_reg/CLKBWRCLK
Min Period        n/a     RAMB36E1/CLKARDCLK  n/a            2.472         10.000      7.528      RAMB36_X3Y13  u_wb/defaultClockArea_cpu/GlobalPredictorBTBPlugin_btb/rams_0/mem/xpm_memory_base_inst/gen_wr_a.gen_word_narrow.mem_reg/CLKARDCLK
Min Period        n/a     RAMB36E1/CLKBWRCLK  n/a            2.472         10.000      7.528      RAMB36_X3Y13  u_wb/defaultClockArea_cpu/GlobalPredictorBTBPlugin_btb/rams_0/mem/xpm_memory_base_inst/gen_wr_a.gen_word_narrow.mem_reg/CLKBWRCLK
Min Period        n/a     RAMB36E1/CLKARDCLK  n/a            2.472         10.000      7.528      RAMB36_X3Y10  u_wb/defaultClockArea_cpu/GlobalPredictorBTBPlugin_btb/rams_1/mem/xpm_memory_base_inst/gen_wr_a.gen_word_narrow.mem_reg/CLKARDCLK
Min Period        n/a     RAMB36E1/CLKBWRCLK  n/a            2.472         10.000      7.528      RAMB36_X3Y10  u_wb/defaultClockArea_cpu/GlobalPredictorBTBPlugin_btb/rams_1/mem/xpm_memory_base_inst/gen_wr_a.gen_word_narrow.mem_reg/CLKBWRCLK
Min Period        n/a     RAMB36E1/CLKARDCLK  n/a            2.472         10.000      7.528      RAMB36_X4Y10  u_wb/defaultClockArea_cpu/GlobalPredictorBTBPlugin_btb/rams_2/mem/xpm_memory_base_inst/gen_wr_a.gen_word_narrow.mem_reg/CLKARDCLK
Min Period        n/a     RAMB36E1/CLKBWRCLK  n/a            2.472         10.000      7.528      RAMB36_X4Y10  u_wb/defaultClockArea_cpu/GlobalPredictorBTBPlugin_btb/rams_2/mem/xpm_memory_base_inst/gen_wr_a.gen_word_narrow.mem_reg/CLKBWRCLK
Min Period        n/a     RAMB36E1/CLKARDCLK  n/a            2.472         10.000      7.528      RAMB36_X3Y15  u_wb/defaultClockArea_cpu/GlobalPredictorBTBPlugin_btb/rams_3/mem/xpm_memory_base_inst/gen_wr_a.gen_word_narrow.mem_reg/CLKARDCLK
Min Period        n/a     RAMB36E1/CLKBWRCLK  n/a            2.472         10.000      7.528      RAMB36_X3Y15  u_wb/defaultClockArea_cpu/GlobalPredictorBTBPlugin_btb/rams_3/mem/xpm_memory_base_inst/gen_wr_a.gen_word_narrow.mem_reg/CLKBWRCLK
Min Period        n/a     RAMB18E1/CLKARDCLK  n/a            2.472         10.000      7.528      RAMB18_X4Y24  u_wb/defaultClockArea_cpu/GlobalPredictorBTBPlugin_predictor/pht/rams_0/mem/xpm_memory_base_inst/gen_wr_a.gen_word_narrow.mem_reg/CLKARDCLK
Min Period        n/a     RAMB18E1/CLKARDCLK  n/a            2.472         10.000      7.528      RAMB18_X4Y26  u_wb/defaultClockArea_cpu/GlobalPredictorBTBPlugin_predictor/pht/rams_1/mem/xpm_memory_base_inst/gen_wr_a.gen_word_narrow.mem_reg/CLKARDCLK
Min Period        n/a     RAMB18E1/CLKARDCLK  n/a            2.472         10.000      7.528      RAMB18_X4Y22  u_wb/defaultClockArea_cpu/GlobalPredictorBTBPlugin_predictor/pht/rams_2/mem/xpm_memory_base_inst/gen_wr_a.gen_word_narrow.mem_reg/CLKARDCLK
Min Period        n/a     RAMB18E1/CLKARDCLK  n/a            2.472         10.000      7.528      RAMB18_X3Y32  u_wb/defaultClockArea_cpu/GlobalPredictorBTBPlugin_predictor/pht/rams_3/mem/xpm_memory_base_inst/gen_wr_a.gen_word_narrow.mem_reg/CLKARDCLK
Low Pulse Width   Slow    SRL16E/CLK          n/a            0.854         5.000       4.146      SLICE_X44Y90  u_wb/defaultClockArea_cpu/MEM_ADDR_to_MEM_MEM1_ISSUE_SLOT_robIdx_reg[0]_srl3/CLK
Low Pulse Width   Fast    SRL16E/CLK          n/a            0.854         5.000       4.146      SLICE_X44Y90  u_wb/defaultClockArea_cpu/MEM_ADDR_to_MEM_MEM1_ISSUE_SLOT_robIdx_reg[0]_srl3/CLK
Low Pulse Width   Slow    SRL16E/CLK          n/a            0.854         5.000       4.146      SLICE_X44Y90  u_wb/defaultClockArea_cpu/MEM_ADDR_to_MEM_MEM1_ISSUE_SLOT_robIdx_reg[1]_srl3/CLK
Low Pulse Width   Fast    SRL16E/CLK          n/a            0.854         5.000       4.146      SLICE_X44Y90  u_wb/defaultClockArea_cpu/MEM_ADDR_to_MEM_MEM1_ISSUE_SLOT_robIdx_reg[1]_srl3/CLK
Low Pulse Width   Slow    SRL16E/CLK          n/a            0.854         5.000       4.146      SLICE_X44Y90  u_wb/defaultClockArea_cpu/MEM_ADDR_to_MEM_MEM1_ISSUE_SLOT_robIdx_reg[2]_srl3/CLK
Low Pulse Width   Fast    SRL16E/CLK          n/a            0.854         5.000       4.146      SLICE_X44Y90  u_wb/defaultClockArea_cpu/MEM_ADDR_to_MEM_MEM1_ISSUE_SLOT_robIdx_reg[2]_srl3/CLK
Low Pulse Width   Slow    SRL16E/CLK          n/a            0.854         5.000       4.146      SLICE_X44Y90  u_wb/defaultClockArea_cpu/MEM_ADDR_to_MEM_MEM1_ISSUE_SLOT_robIdx_reg[3]_srl3/CLK
Low Pulse Width   Fast    SRL16E/CLK          n/a            0.854         5.000       4.146      SLICE_X44Y90  u_wb/defaultClockArea_cpu/MEM_ADDR_to_MEM_MEM1_ISSUE_SLOT_robIdx_reg[3]_srl3/CLK
Low Pulse Width   Slow    SRL16E/CLK          n/a            0.854         5.000       4.146      SLICE_X44Y90  u_wb/defaultClockArea_cpu/MEM_ADDR_to_MEM_MEM1_ISSUE_SLOT_robIdx_reg[4]_srl3/CLK
Low Pulse Width   Fast    SRL16E/CLK          n/a            0.854         5.000       4.146      SLICE_X44Y90  u_wb/defaultClockArea_cpu/MEM_ADDR_to_MEM_MEM1_ISSUE_SLOT_robIdx_reg[4]_srl3/CLK
Low Pulse Width   Slow    SRL16E/CLK          n/a            0.854         5.000       4.146      SLICE_X18Y85  u_wb/defaultClockArea_cpu/MEM_ADDR_to_MEM_MEM1_ISSUE_SLOT_uop_cacheOp_reg[0]_srl3/CLK
Low Pulse Width   Fast    SRL16E/CLK          n/a            0.854         5.000       4.146      SLICE_X18Y85  u_wb/defaultClockArea_cpu/MEM_ADDR_to_MEM_MEM1_ISSUE_SLOT_uop_cacheOp_reg[0]_srl3/CLK
Low Pulse Width   Slow    SRL16E/CLK          n/a            0.854         5.000       4.146      SLICE_X18Y85  u_wb/defaultClockArea_cpu/MEM_ADDR_to_MEM_MEM1_ISSUE_SLOT_uop_cacheOp_reg[1]_srl3/CLK
Low Pulse Width   Fast    SRL16E/CLK          n/a            0.854         5.000       4.146      SLICE_X18Y85  u_wb/defaultClockArea_cpu/MEM_ADDR_to_MEM_MEM1_ISSUE_SLOT_uop_cacheOp_reg[1]_srl3/CLK
Low Pulse Width   Slow    SRL16E/CLK          n/a            0.854         5.000       4.146      SLICE_X42Y86  u_wb/defaultClockArea_cpu/MEM_ADDR_to_MEM_MEM1_ISSUE_SLOT_uop_cacheSel_reg[0]_srl3/CLK
Low Pulse Width   Fast    SRL16E/CLK          n/a            0.854         5.000       4.146      SLICE_X42Y86  u_wb/defaultClockArea_cpu/MEM_ADDR_to_MEM_MEM1_ISSUE_SLOT_uop_cacheSel_reg[0]_srl3/CLK
Low Pulse Width   Slow    SRL16E/CLK          n/a            0.854         5.000       4.146      SLICE_X42Y86  u_wb/defaultClockArea_cpu/MEM_ADDR_to_MEM_MEM1_ISSUE_SLOT_uop_cacheSel_reg[1]_srl3/CLK
Low Pulse Width   Fast    SRL16E/CLK          n/a            0.854         5.000       4.146      SLICE_X42Y86  u_wb/defaultClockArea_cpu/MEM_ADDR_to_MEM_MEM1_ISSUE_SLOT_uop_cacheSel_reg[1]_srl3/CLK
Low Pulse Width   Slow    SRL16E/CLK          n/a            0.854         5.000       4.146      SLICE_X20Y91  u_wb/defaultClockArea_cpu/MEM_ADDR_to_MEM_MEM1_ISSUE_SLOT_uop_isStore_reg_srl3/CLK
Low Pulse Width   Fast    SRL16E/CLK          n/a            0.854         5.000       4.146      SLICE_X20Y91  u_wb/defaultClockArea_cpu/MEM_ADDR_to_MEM_MEM1_ISSUE_SLOT_uop_isStore_reg_srl3/CLK
High Pulse Width  Slow    SRL16E/CLK          n/a            0.854         5.000       4.146      SLICE_X44Y90  u_wb/defaultClockArea_cpu/MEM_ADDR_to_MEM_MEM1_ISSUE_SLOT_robIdx_reg[0]_srl3/CLK
High Pulse Width  Fast    SRL16E/CLK          n/a            0.854         5.000       4.146      SLICE_X44Y90  u_wb/defaultClockArea_cpu/MEM_ADDR_to_MEM_MEM1_ISSUE_SLOT_robIdx_reg[0]_srl3/CLK
High Pulse Width  Slow    SRL16E/CLK          n/a            0.854         5.000       4.146      SLICE_X44Y90  u_wb/defaultClockArea_cpu/MEM_ADDR_to_MEM_MEM1_ISSUE_SLOT_robIdx_reg[1]_srl3/CLK
High Pulse Width  Fast    SRL16E/CLK          n/a            0.854         5.000       4.146      SLICE_X44Y90  u_wb/defaultClockArea_cpu/MEM_ADDR_to_MEM_MEM1_ISSUE_SLOT_robIdx_reg[1]_srl3/CLK
High Pulse Width  Slow    SRL16E/CLK          n/a            0.854         5.000       4.146      SLICE_X44Y90  u_wb/defaultClockArea_cpu/MEM_ADDR_to_MEM_MEM1_ISSUE_SLOT_robIdx_reg[2]_srl3/CLK
High Pulse Width  Fast    SRL16E/CLK          n/a            0.854         5.000       4.146      SLICE_X44Y90  u_wb/defaultClockArea_cpu/MEM_ADDR_to_MEM_MEM1_ISSUE_SLOT_robIdx_reg[2]_srl3/CLK
High Pulse Width  Slow    SRL16E/CLK          n/a            0.854         5.000       4.146      SLICE_X44Y90  u_wb/defaultClockArea_cpu/MEM_ADDR_to_MEM_MEM1_ISSUE_SLOT_robIdx_reg[3]_srl3/CLK
High Pulse Width  Fast    SRL16E/CLK          n/a            0.854         5.000       4.146      SLICE_X44Y90  u_wb/defaultClockArea_cpu/MEM_ADDR_to_MEM_MEM1_ISSUE_SLOT_robIdx_reg[3]_srl3/CLK
High Pulse Width  Slow    SRL16E/CLK          n/a            0.854         5.000       4.146      SLICE_X44Y90  u_wb/defaultClockArea_cpu/MEM_ADDR_to_MEM_MEM1_ISSUE_SLOT_robIdx_reg[4]_srl3/CLK
High Pulse Width  Fast    SRL16E/CLK          n/a            0.854         5.000       4.146      SLICE_X44Y90  u_wb/defaultClockArea_cpu/MEM_ADDR_to_MEM_MEM1_ISSUE_SLOT_robIdx_reg[4]_srl3/CLK
High Pulse Width  Slow    SRL16E/CLK          n/a            0.854         5.000       4.146      SLICE_X18Y85  u_wb/defaultClockArea_cpu/MEM_ADDR_to_MEM_MEM1_ISSUE_SLOT_uop_cacheOp_reg[0]_srl3/CLK
High Pulse Width  Fast    SRL16E/CLK          n/a            0.854         5.000       4.146      SLICE_X18Y85  u_wb/defaultClockArea_cpu/MEM_ADDR_to_MEM_MEM1_ISSUE_SLOT_uop_cacheOp_reg[0]_srl3/CLK
High Pulse Width  Slow    SRL16E/CLK          n/a            0.854         5.000       4.146      SLICE_X18Y85  u_wb/defaultClockArea_cpu/MEM_ADDR_to_MEM_MEM1_ISSUE_SLOT_uop_cacheOp_reg[1]_srl3/CLK
High Pulse Width  Fast    SRL16E/CLK          n/a            0.854         5.000       4.146      SLICE_X18Y85  u_wb/defaultClockArea_cpu/MEM_ADDR_to_MEM_MEM1_ISSUE_SLOT_uop_cacheOp_reg[1]_srl3/CLK
High Pulse Width  Slow    SRL16E/CLK          n/a            0.854         5.000       4.146      SLICE_X42Y86  u_wb/defaultClockArea_cpu/MEM_ADDR_to_MEM_MEM1_ISSUE_SLOT_uop_cacheSel_reg[0]_srl3/CLK
High Pulse Width  Fast    SRL16E/CLK          n/a            0.854         5.000       4.146      SLICE_X42Y86  u_wb/defaultClockArea_cpu/MEM_ADDR_to_MEM_MEM1_ISSUE_SLOT_uop_cacheSel_reg[0]_srl3/CLK
High Pulse Width  Slow    SRL16E/CLK          n/a            0.854         5.000       4.146      SLICE_X42Y86  u_wb/defaultClockArea_cpu/MEM_ADDR_to_MEM_MEM1_ISSUE_SLOT_uop_cacheSel_reg[1]_srl3/CLK
High Pulse Width  Fast    SRL16E/CLK          n/a            0.854         5.000       4.146      SLICE_X42Y86  u_wb/defaultClockArea_cpu/MEM_ADDR_to_MEM_MEM1_ISSUE_SLOT_uop_cacheSel_reg[1]_srl3/CLK
High Pulse Width  Slow    SRL16E/CLK          n/a            0.854         5.000       4.146      SLICE_X20Y91  u_wb/defaultClockArea_cpu/MEM_ADDR_to_MEM_MEM1_ISSUE_SLOT_uop_isStore_reg_srl3/CLK
High Pulse Width  Fast    SRL16E/CLK          n/a            0.854         5.000       4.146      SLICE_X20Y91  u_wb/defaultClockArea_cpu/MEM_ADDR_to_MEM_MEM1_ISSUE_SLOT_uop_isStore_reg_srl3/CLK



